drop_probability,replicate_id,seed,n_deleted,n_response_events,fit_valid,invalid_reason,gain_bits_per_event,LR_statistic,beta_history,beta_pre_phase_sin,beta_pre_phase_cos,phase_amplitude,pre_phase_preferred_deg,pre_phase_rate_ratio_max_vs_min,phase_offset_deg
0.1,1,20260913,8,61,True,,0.118739595332,10.0410899185,-1.08688094508,-0.273553172331,0.558014232494,0.621458946157,333.884697929,3.46571129776,-0.349313627042
0.1,2,20260913,5,64,True,,0.0698348973577,6.19595036265,-0.784635152566,-0.185914549749,0.428569921987,0.467157786878,336.548696809,2.54547067447,2.31468525288
0.1,3,20260913,7,62,True,,0.0771167158186,6.62820103382,-0.927251996528,-0.105563737468,0.475308997996,0.486890486911,347.478140408,2.6479373378,13.2441288512
0.1,4,20260913,10,59,True,,0.117033565783,9.57233536606,-1.04020785755,-0.300970828266,0.536840077658,0.615451629657,330.723525437,3.4243211898,-3.51048611983
0.1,5,20260913,10,59,True,,0.112633970283,9.21248643457,-0.902570705464,-0.244748307057,0.554042442256,0.605693620263,336.166550321,3.35813997064,1.932538764
0.1,6,20260913,6,63,True,,0.093156489071,8.13596587656,-1.02904352277,-0.205532267806,0.508125854521,0.548119874792,337.977117546,2.99289081949,3.74310598914
0.1,7,20260913,3,66,True,,0.111315406739,10.1848507641,-1.50111980691,-0.346113321885,0.500012438901,0.608117480954,325.308652801,3.37445882024,-8.9253587558
0.1,8,20260913,6,63,True,,0.121887766502,10.6452563737,-0.908602246424,-0.356397107823,0.527660545778,0.636745278769,325.963776694,3.57330364107,-8.27023486223
0.1,9,20260913,8,61,True,,0.0985033626013,8.32983402365,-1.39593463905,-0.239431867776,0.506102118599,0.559881213971,334.681635525,3.06412616606,0.447623968957
0.1,10,20260913,6,63,True,,0.120772137081,10.5478211548,-1.30179006117,-0.252931253133,0.570939147331,0.624456346566,336.106220263,3.48654994605,1.8722087067
0.1,11,20260913,6,63,True,,0.116496380052,10.1743913097,-1.15711587484,-0.224761279207,0.573654981631,0.616114981624,338.604472034,3.42886726518,4.37046047724
0.1,12,20260913,10,59,True,,0.125971281451,10.3033633511,-1.45185356676,-0.314101611321,0.567482570082,0.648611046453,331.035471368,3.65911784683,-3.19854018827
0.1,13,20260913,6,63,True,,0.0606755249616,5.29919070107,-1.06141056703,-0.0863360737039,0.422057193276,0.430797158787,348.439062214,2.36693132732,14.2050506578
0.1,14,20260913,8,61,True,,0.156113545051,13.2015789591,-1.19723461422,-0.299667657319,0.657757450305,0.722803962548,335.506468938,4.24443165519,1.27245738164
0.1,15,20260913,6,63,True,,0.105603343324,9.22303112006,-0.916224296789,-0.240753241822,0.525830163593,0.578324722273,335.399153555,3.17926311325,1.16514199819
0.1,16,20260913,3,66,True,,0.131186249922,12.0029420625,-1.0428024773,-0.283860037382,0.592593232782,0.657071731519,334.404959517,3.72156196431,0.170947960443
0.1,17,20260913,7,62,True,,0.137213793896,11.7935599422,-2.05227030534,-0.332978481533,0.57663188291,0.66586710202,329.995535676,3.78760617725,-4.23847588031
0.1,18,20260913,9,60,True,,0.165123908813,13.7346206204,-1.53472130175,-0.175910917555,0.711264597784,0.732695010885,346.108294928,4.32923140556,11.8742833718
0.1,19,20260913,4,65,True,,0.0916033747094,8.25430071825,-1.10485060425,-0.250711424433,0.479706837609,0.541271529262,332.40687143,2.95217757341,-1.82714012626
0.1,20,20260913,9,60,True,,0.120333352515,10.0090468828,-1.5348873778,-0.385620736075,0.504722978809,0.635176068054,322.619285047,3.56210668792,-11.6147265096
0.1,21,20260913,7,62,True,,0.112675249336,9.68446589308,-0.996724673196,-0.325181128864,0.514484900721,0.608635752843,327.70499104,3.37795840796,-6.52902051622
0.1,22,20260913,9,60,True,,0.19074982752,15.8661246165,-1.05416091478,-0.289127794799,0.747750312865,0.801701572978,338.86033025,4.96991703075,4.62631869338
0.1,23,20260913,9,60,True,,0.084510772315,7.02940842685,-1.21220862717,-0.170328842717,0.487432125308,0.516335154182,340.738484105,2.80855553968,6.50447254823
0.1,24,20260913,7,62,True,,0.12794618021,10.9970062254,-1.32217094751,-0.183556237998,0.614042592101,0.640890940349,343.356975174,3.60305422171,9.12296361751
0.1,25,20260913,5,64,True,,0.144833450201,12.8500349002,-1.13767513282,-0.34723289269,0.605757222576,0.698220949606,330.177750158,4.04079679581,-4.05626139811
0.1,26,20260913,12,57,True,,0.117191821534,9.26035459763,-0.78141983497,-0.160841148338,0.598453466381,0.619690589264,344.956593933,3.45347571846,10.722582376
0.1,27,20260913,7,62,True,,0.11199322236,9.6258455038,-1.22827452337,-0.256069862807,0.548301493836,0.605149818459,334.966304554,3.35448963091,0.732292997733
0.1,28,20260913,8,61,True,,0.0727225273571,6.1497046057,-0.938751317296,-0.0724608318244,0.47074333875,0.476287584476,351.249226917,2.59237687947,17.0152153604
0.1,29,20260913,10,59,True,,0.0847289313716,6.93009514726,-1.1811196467,-0.250664415729,0.453317226217,0.518004977677,331.059343093,2.81795080344,-3.174668464
0.1,30,20260913,8,61,True,,0.125591413956,10.6205068073,-1.48475620281,-0.338920662529,0.53895573002,0.636663564538,327.836391149,3.57271970927,-6.39762040736
0.1,31,20260913,5,64,True,,0.129297059134,11.4716021751,-0.947436001133,-0.238693505237,0.604080690519,0.649529114128,338.439282723,3.6658426544,4.20527116677
0.1,32,20260913,9,60,True,,0.118676293164,9.8712165607,-0.914889083309,-0.290103044953,0.556082414218,0.627206049152,332.449367894,3.5057767163,-1.78464366223
0.1,33,20260913,4,65,True,,0.0964155248637,8.6879193988,-1.25698124434,-0.197655450803,0.518361845752,0.554767230795,339.127757383,3.03294611281,4.89374582676
0.1,34,20260913,10,59,True,,0.140096546152,11.4586880646,-1.34276976204,-0.252584885509,0.62825719267,0.677130876957,338.097871346,3.8739000092,3.86385978945
0.1,35,20260913,5,64,True,,0.108863758517,9.65870173202,-1.10585788844,-0.347382360141,0.491857601355,0.602161443591,324.767733902,3.33450048047,-9.46627765447
0.1,36,20260913,8,61,True,,0.150323238987,12.7119277718,-1.8058636897,-0.40142544028,0.592917219958,0.716025986837,325.900642526,4.18728257609,-8.3333690307
0.1,37,20260913,2,67,True,,0.0998194032858,9.27139808566,-1.31461237458,-0.277626615383,0.495881550027,0.56830893819,330.757071903,3.11621111108,-3.47693965354
0.1,38,20260913,3,66,True,,0.107085394543,9.79782398852,-1.00671757874,-0.232550187234,0.542172573046,0.589941258555,336.784402683,3.25399189206,2.55039112641
0.1,39,20260913,9,60,True,,0.0843079101288,7.01253482456,-1.36841806117,-0.115388013191,0.497593826756,0.510797425614,346.944322534,2.7776211258,12.7103109776
0.1,40,20260913,3,66,True,,0.111817693286,10.2308076866,-1.1452321633,-0.232736572605,0.558156281186,0.60473526973,337.365140051,3.35170958471,3.13112849397
0.1,41,20260913,6,63,True,,0.129900600573,11.3450696151,-0.918792670618,-0.414011336105,0.518558444303,0.663557266994,321.396520078,3.77014904058,-12.8374914785
0.1,42,20260913,8,61,True,,0.13320494937,11.2643374813,-1.06366237118,-0.404638148223,0.529749636929,0.666608362402,322.626358617,3.79322554644,-11.6076529399
0.1,43,20260913,13,56,True,,0.10774894388,8.36481818579,-1.40945669174,-0.187540318588,0.551771230008,0.58277170604,341.227728573,3.20766549386,6.99371701684
0.1,44,20260913,5,64,True,,0.104201575046,9.24505957801,-1.30951794598,-0.242244456787,0.528347378352,0.581234315105,335.368796533,3.19781776971,1.13478497599
0.1,45,20260913,4,65,True,,0.118810156823,10.7058802791,-1.61741931773,-0.323914146733,0.538743356026,0.628621331261,328.98402464,3.5157141,-5.24998691698
0.1,46,20260913,3,66,True,,0.116599796476,10.6683482639,-1.03107675399,-0.213547449932,0.574427338079,0.612837074682,339.60702453,3.40646177292,5.37301297371
0.1,47,20260913,9,60,True,,0.159866362335,13.2973101983,-0.864397474806,-0.311647219457,0.668577112782,0.737644457127,335.008124344,4.37229880992,0.774112787538
0.1,48,20260913,9,60,True,,0.0712204982243,5.92395450507,-1.08309676907,-0.119325671503,0.45109948656,0.466614790437,345.183374212,2.54270781193,10.9493626558
0.1,49,20260913,6,63,True,,0.0896740883874,7.83182503341,-1.25334695468,-0.235776985598,0.476961010472,0.532055065241,333.695349475,2.89825876407,-0.53866208154
0.1,50,20260913,7,62,True,,0.084719179386,7.28163468102,-0.851733261874,-0.150624417914,0.492133911037,0.514668341424,342.982542282,2.79920845577,8.74853072529
0.1,51,20260913,11,58,True,,0.0898354461266,7.22322559885,-1.00120194646,-0.145398976283,0.509240512748,0.529591127312,344.064831218,2.88401163755,9.83081966164
0.1,52,20260913,6,63,True,,0.140445337218,12.2660104789,-1.34816663097,-0.314039753113,0.60624840262,0.682757711208,332.61561382,3.91774182364,-1.6183977367
0.1,53,20260913,6,63,True,,0.108890271911,9.51010010569,-0.937452332345,-0.256703426088,0.539404922019,0.597372847444,334.55016916,3.30271776569,0.316157603859
0.1,54,20260913,13,56,True,,0.149857987573,11.6338478559,-0.851002202618,-0.489802854726,0.526590824073,0.719169474113,317.072893317,4.21369084215,-17.1611182393
0.1,55,20260913,9,60,True,,0.0420745579892,3.49966334922,-0.950409499302,-0.242269972723,0.272590995812,0.364692460412,318.370351446,2.07380466125,-15.8636601107
0.1,56,20260913,6,63,True,,0.130168108487,11.368432832,-1.62363996454,-0.340819503179,0.56305525999,0.658171071644,328.813320005,3.72975349108,-5.42069155122
0.1,57,20260913,3,66,True,,0.10683887578,9.77526864878,-1.40046428327,-0.305228674407,0.501496644306,0.587080427139,328.673820801,3.23542680982,-5.5601907554
0.1,58,20260913,11,58,True,,0.114866705321,9.23586582032,-1.31396553092,-0.228681315904,0.561827256055,0.606584709575,337.852135077,3.36413011208,3.61812352077
0.1,59,20260913,8,61,True,,0.129873133557,10.9825859553,-1.52956056377,-0.254809450387,0.601753555444,0.653479301506,337.050021201,3.69491889051,2.81600964459
0.1,60,20260913,15,54,True,,0.079293366045,5.93589309601,-1.02467836074,-0.181300808412,0.463628363435,0.497816474729,338.642130722,2.70643683699,4.4081191655
0.1,61,20260913,9,60,True,,0.179067085336,14.8943814398,-1.09195221708,-0.288988482064,0.717033733144,0.773079373177,338.048923163,4.69340694552,3.81491160606
0.1,62,20260913,6,63,True,,0.133421083191,11.6525364027,-0.803208075541,-0.248509270835,0.618474833586,0.666534303296,338.109253316,3.79266374226,3.87524175978
0.1,63,20260913,7,62,True,,0.102281201834,8.79109490778,-1.46305750433,-0.257697149939,0.518624409111,0.579119244035,333.577866942,3.18431911675,-0.656144614197
0.1,64,20260913,9,60,True,,0.139164988083,11.5754182947,-1.63101830344,-0.338241522997,0.589934808641,0.680022357225,330.172021203,3.89636752183,-4.0619903537
0.1,65,20260913,4,65,True,,0.117664684522,10.6026627626,-1.51738360523,-0.324402682288,0.534070945941,0.624875087977,328.724878411,3.48947109477,-5.50913314579
0.1,66,20260913,4,65,True,,0.13274888822,11.961887287,-1.06483393356,-0.31225799761,0.587122192972,0.664994380842,331.993945219,3.78100089525,-2.24006633788
0.1,67,20260913,5,64,True,,0.0941251941084,8.35105445323,-1.61077145475,-0.216217703462,0.501091359818,0.545749618574,336.660112492,2.97873655907,2.42610093547
0.1,68,20260913,6,63,True,,0.076363763415,6.66934724081,-0.998840989166,-0.229809316367,0.435452448939,0.492372985831,332.177221874,2.67713173071,-2.05678968239
0.1,69,20260913,6,63,True,,0.108308573376,9.4592965655,-1.14471664886,-0.350170906923,0.486363589364,0.599307271034,324.246956674,3.31552022541,-9.98705488211
0.1,70,20260913,5,64,True,,0.154283056964,13.6884308406,-1.80730837807,-0.410981731492,0.593370087523,0.721799171783,325.292638311,4.23591068839,-8.94137324515
0.1,71,20260913,9,60,True,,0.103675629161,8.62349640551,-1.34939154298,-0.199550345446,0.536152193395,0.572083485909,339.585249786,3.13982470465,5.35123822951
0.1,72,20260913,5,64,True,,0.117677738101,10.4407030246,-0.916902209112,-0.207109673152,0.581884423427,0.617643828545,340.407869458,3.43936773693,6.17385790142
0.1,73,20260913,4,65,True,,0.107945217482,9.72685000987,-0.909811639914,-0.219688384658,0.5476246317,0.590047221498,338.141021393,3.25468157026,3.90700983682
0.1,74,20260913,10,59,True,,0.0810237860076,6.62704624188,-1.6430268394,-0.0918551173346,0.489222432794,0.497770982812,349.366099987,2.70619060619,15.1320884308
0.1,75,20260913,5,64,True,,0.13892306194,12.3256484734,-1.08791181538,-0.343576573834,0.590287810538,0.68299675062,329.798487287,3.91961526084,-4.43552426906
0.1,76,20260913,3,66,True,,0.0967608231623,8.8531729128,-1.33902351369,-0.315093398237,0.468322227085,0.564455098298,326.06681149,3.09228468078,-8.1672000666
0.1,77,20260913,11,58,True,,0.0987823655985,7.94260331162,-1.07988812751,-0.0326468016,0.550298744553,0.551266289475,356.604873018,3.01178395401,22.3708614613
0.1,78,20260913,5,64,True,,0.0904934098654,8.02883224415,-1.10183381025,-0.249337798216,0.478537367678,0.539599249336,332.478618936,2.94232033208,-1.75539262092
0.1,79,20260913,3,66,True,,0.109964501265,10.0612490898,-0.955367311807,-0.267459907413,0.535690568786,0.598748016748,333.467933279,3.31181386081,-0.766078277205
0.1,80,20260913,8,61,True,,0.119479366128,10.1036478635,-1.23220350852,-0.214345225903,0.582024863743,0.62023932307,339.78250735,3.45726787672,5.54849579384
0.1,81,20260913,7,62,True,,0.102796483832,8.83538352447,-0.972629821024,-0.250351883432,0.517111961171,0.57452662769,334.166761734,3.15520432248,-0.0672498228338
0.1,82,20260913,12,57,True,,0.0974801984851,7.7027662204,-1.27941375573,-0.241110912399,0.501246740901,0.55622186881,334.311403087,3.04178263795,0.0773915301796
0.1,83,20260913,8,61,True,,0.138686509497,11.7278798908,-1.25027306202,-0.29616120194,0.614811670897,0.682425708928,334.279397529,3.91514128869,0.0453859725748
0.1,84,20260913,5,64,True,,0.127904341298,11.3480362947,-1.5137172416,-0.261973394455,0.588821364134,0.644469284189,336.015168813,3.62893264692,1.78115725661
0.1,85,20260913,5,64,True,,0.13066479773,11.5929518266,-1.00432516286,-0.296539004436,0.583994057599,0.654969037789,333.07956763,3.70594421665,-1.15444392644
0.1,86,20260913,11,58,True,,0.1332883218,10.717057237,-1.31622807231,-0.340423591742,0.575923464736,0.6690112548,329.413017952,3.8114988457,-4.8209936042
0.1,87,20260913,8,61,True,,0.12361806055,10.4536322367,-1.2702227778,-0.317879190416,0.557660766374,0.641897741118,330.315886328,3.61031664659,-3.91812522887
0.1,88,20260913,6,63,True,,0.155562944532,13.5863300666,-1.33920321457,-0.37302768681,0.620343573506,0.723861730109,328.980482825,4.25342040408,-5.25352873184
0.1,89,20260913,7,62,True,,0.0883642748688,7.59493155045,-0.932369540959,-0.303053484787,0.446106303995,0.539307193635,325.810548317,2.94060219107,-8.42346323956
0.1,90,20260913,11,58,True,,0.11438719545,9.19731079413,-0.621734254003,-0.11744030589,0.59193753051,0.603475157297,348.778251268,3.34327315818,14.5442397115
0.1,91,20260913,15,54,True,,0.155729968007,11.6579291313,-1.11602533383,-0.324287927973,0.651442438251,0.727694929612,333.535886411,4.28615413664,-0.698125145851
0.1,92,20260913,5,64,True,,0.120449573623,10.6866281416,-1.20175818707,-0.380488504924,0.508828471148,0.635356526236,323.211829641,3.56339254254,-11.0221819156
0.1,93,20260913,7,62,True,,0.105056955387,9.02967162064,-1.60295246605,-0.355452311947,0.476346444551,0.594350301846,323.269499546,3.28281276,-10.9645120109
0.1,94,20260913,6,63,True,,0.113698291872,9.93001595614,-1.13120644175,-0.240369768975,0.561493911763,0.610780679773,336.824730897,3.39248048239,2.59071934094
0.1,95,20260913,5,64,True,,0.105787600715,9.38577627828,-1.23373050487,-0.328012823468,0.490749509939,0.590277471927,326.24156735,3.25618069906,-7.9924442067
0.1,96,20260913,9,60,True,,0.150305705308,12.5020771028,-1.54587630312,-0.3576604013,0.60985587853,0.706997280925,329.609780089,4.11234967343,-4.62423146738
0.1,97,20260913,8,61,True,,0.128045011062,10.8279926851,-1.13599905605,-0.269054188362,0.592103285158,0.650366401784,335.562755535,3.67198652676,1.32874397822
0.1,98,20260913,4,65,True,,0.126816681943,11.4273413197,-1.379500677,-0.277922320778,0.580664923461,0.643748840562,334.422931665,3.62370752943,0.188920108941
0.1,99,20260913,7,62,True,,0.0825105188458,7.09179975456,-0.974063055322,-0.22270931084,0.463430622107,0.514166683713,334.332612007,2.79640137519,0.0986004500847
0.1,100,20260913,3,66,True,,0.0802172280244,7.33950959775,-1.18270548033,-0.211897982701,0.458154279955,0.504783220119,335.179290924,2.74441089091,0.94527936719
0.1,101,20260913,5,64,True,,0.135354616239,12.0090458396,-1.13811524092,-0.267225687873,0.608876944067,0.66493661448,336.304150468,3.78056409115,2.07013891111
0.1,102,20260913,7,62,True,,0.106795723418,9.17911916827,-1.53956180017,-0.228903326102,0.536058711735,0.582885644983,336.876952269,3.20839653318,2.64294071284
0.1,103,20260913,2,67,True,,0.111699560736,10.3748475696,-1.02484683336,-0.243673274837,0.552926326475,0.604238518616,336.217030201,3.34838130737,1.98301864417
0.1,104,20260913,4,65,True,,0.0873776949879,7.87352838021,-1.10869343244,-0.241560220057,0.466808913866,0.525606223307,332.63973179,2.86111796875,-1.59427976701
0.1,105,20260913,6,63,True,,0.121631360447,10.6228627547,-1.52791603378,-0.288608989767,0.561156500141,0.631024378787,332.78274038,3.53265162521,-1.45127117615
0.1,106,20260913,6,63,True,,0.0750629478065,6.55573850021,-0.977480934503,-0.154713528441,0.460410815988,0.485710196888,341.425918926,2.64169404156,7.1919073693
0.1,107,20260913,7,62,True,,0.100289156327,8.61987809769,-0.917343574304,-0.223547761942,0.523921374339,0.569620231697,336.892935269,3.12439437184,2.65892371262
0.1,108,20260913,6,63,True,,0.0919934654146,8.03439140894,-1.21881336534,-0.33968869411,0.432638001429,0.550058223451,321.862526052,3.00451587014,-12.3714855042
0.1,109,20260913,9,60,True,,0.157627794041,13.1111113221,-1.53686616895,-0.379786610205,0.622064525902,0.728836156949,328.594846598,4.29594826226,-5.6391649583
0.1,110,20260913,4,65,True,,0.129117702256,11.6346842663,-1.06800428094,-0.208628820815,0.612066904763,0.646646642905,341.177835391,3.64477008193,6.9438238348
0.1,111,20260913,6,63,True,,0.130564399703,11.4030435375,-1.26233803806,-0.346541103684,0.554131634523,0.653569127882,327.979092087,3.69558275249,-6.25491946982
0.1,112,20260913,9,60,True,,0.0756471351758,6.29215181575,-0.814677422423,-0.108362171946,0.471445177436,0.483738478557,347.055340845,2.63129720153,12.8213292888
0.1,113,20260913,9,60,True,,0.124457435811,10.3520784879,-1.28244764599,-0.277563192873,0.577941245134,0.641137589652,334.34679697,3.60483204179,0.112785412987
0.1,114,20260913,5,64,True,,0.0788738928797,6.99791570808,-1.0736834035,-0.227826349915,0.445499250955,0.500374288226,332.914998093,2.72031743203,-1.31901346356
0.1,115,20260913,6,63,True,,0.100707387053,8.79543521605,-1.00653861837,-0.173580627837,0.541446906715,0.568590350913,342.224845337,3.11796548765,7.9908337805
0.1,116,20260913,11,58,True,,0.0916025585463,7.36531040186,-0.8565676281,0.00396361655939,0.533681731428,0.533696449975,0.425523887546,2.90778871321,26.191512331
0.1,117,20260913,3,66,True,,0.129478043559,11.8466489905,-1.57752593574,-0.362234310472,0.548024612848,0.656920597919,326.536021069,3.72043722819,-7.69799048752
0.1,118,20260913,4,65,True,,0.130371394295,11.7476533696,-0.986294561981,-0.274654104967,0.597784539162,0.657861104365,335.323426188,3.72744200455,1.08941463154
0.1,119,20260913,6,63,True,,0.120999861475,10.5677098165,-1.01004041813,-0.236445887273,0.579514492508,0.625894323856,337.804203611,3.496591538,3.57019205452
0.1,120,20260913,8,61,True,,0.165784345353,14.0193800906,-1.05192075233,-0.409127341739,0.633324325743,0.753979365325,327.137550969,4.51749994202,-7.09646058754
0.1,121,20260913,5,64,True,,0.0705894909478,6.26290004833,-0.915382192175,-0.171839564358,0.44039728745,0.472735239507,338.684661086,2.57402411808,4.45064952945
0.1,122,20260913,7,62,True,,0.0988980338859,8.50031077552,-1.2279169152,-0.150657783718,0.538194414294,0.558883704694,344.361371907,3.05801927121,10.1273603506
0.1,123,20260913,4,65,True,,0.109931772399,9.90585675203,-0.964840907599,-0.273619368401,0.530381908014,0.596801916144,332.711188373,3.29894866809,-1.52282318325
0.1,124,20260913,6,63,True,,0.102819511872,8.9799008998,-0.961851266029,-0.261685231388,0.518272085301,0.580590315738,333.209939276,3.19370163583,-1.02407228088
0.1,125,20260913,8,61,True,,0.128432624978,10.8607708512,-1.13277765876,-0.277571664738,0.587331156214,0.649618284938,334.704664822,3.66649648501,0.470653265569
0.1,126,20260913,8,61,True,,0.12535541255,10.6005495948,-1.26852842723,-0.368889040838,0.534477146355,0.649418928293,325.387076531,3.66503489554,-8.84693502526
0.1,127,20260913,7,62,True,,0.142488193587,12.2468959163,-1.23871180854,-0.371517986517,0.58728636805,0.694932293395,327.682510814,4.01430642606,-6.55150074255
0.1,128,20260913,6,63,True,,0.123501568844,10.7862002941,-0.892885276962,-0.132086025508,0.618156472013,0.632110862133,347.938574488,3.54033630578,13.7045629317
0.1,129,20260913,6,63,True,,0.113427587748,9.90637359331,-1.25412074901,-0.285996594557,0.537368887637,0.60873588156,331.977354746,3.37863493698,-2.25665681048
0.1,130,20260913,7,62,True,,0.0650153443598,5.58808512688,-0.884093463323,-0.238866731777,0.385016147807,0.453094636497,328.184243855,2.47487347374,-6.04976770182
0.1,131,20260913,5,64,True,,0.130860594877,11.6103235053,-1.20459998905,-0.250386688123,0.604208853632,0.65403503912,337.490677373,3.69902798448,3.25666581596
0.1,132,20260913,1,68,True,,0.113375473505,10.6876810134,-1.28171009042,-0.302163896841,0.531608778013,0.611482553647,330.386306332,3.39724601325,-3.8477052244
0.1,133,20260913,5,64,True,,0.173392323352,15.383859208,-1.43068399568,-0.408969152091,0.652178861875,0.769800646426,327.908945435,4.66273083622,-6.32506612189
0.1,134,20260913,10,59,True,,0.123155516406,10.0730580781,-2.38743389893,-0.342300697635,0.536232641117,0.636172313922,327.448133237,3.56921123158,-6.78587831933
0.1,135,20260913,7,62,True,,0.14021877965,12.0518392202,-1.84533392392,-0.37360202057,0.571407649299,0.682704307479,326.822238053,3.91732340195,-7.41177350401
0.1,136,20260913,6,63,True,,0.128073704854,11.1855148553,-1.21465301635,-0.255564476519,0.591832200573,0.644653825935,336.64438849,3.63027227326,2.41037693366
0.1,137,20260913,12,57,True,,0.0887605477337,7.01375006835,-1.07996572617,-0.256108766783,0.463468968428,0.529523545387,331.075356579,2.88362184977,-3.15865497728
0.1,138,20260913,9,60,True,,0.122494012957,10.188765566,-1.62750466006,-0.236208532837,0.58086472917,0.627055264374,337.870891939,3.50471964017,3.63688038256
0.1,139,20260913,5,64,True,,0.0967936196201,8.58780474059,-1.0655525639,-0.210684263405,0.518644684154,0.559803686347,337.891987242,3.06365109405,3.65797568531
0.1,140,20260913,7,62,True,,0.0921679879908,7.9218616457,-1.58989556562,-0.0637940440877,0.528884655777,0.532718179883,353.122212518,2.90210506969,18.8882009611
0.1,141,20260913,9,60,True,,0.152606682566,12.6934670106,-0.830087401496,-0.11371813758,0.697218190779,0.706431185868,350.736475757,4.10769634651,16.5024642003
0.1,142,20260913,10,59,True,,0.123209599699,10.0774816246,-0.768060648088,-0.25264613415,0.5821349451,0.63459527528,336.539192267,3.55797139848,2.30518071013
0.1,143,20260913,9,60,True,,0.0818615959092,6.80905612808,-1.26804211652,-0.218592399994,0.456811015562,0.506417753711,334.428035185,2.75339723497,0.194023628559
0.1,144,20260913,4,65,True,,0.089719326554,8.08453077155,-0.878147334579,-0.158559009483,0.511791753602,0.535790778703,342.786413738,2.91999398809,8.55240218113
0.1,145,20260913,3,66,True,,0.114951361389,10.5175239904,-1.19059619612,-0.26504635052,0.550538007243,0.611016910848,334.292370046,3.39408367971,0.0583584896716
0.1,146,20260913,12,57,True,,0.129365590827,10.222310978,-1.88999169536,-0.365036668855,0.541320693791,0.65290111283,326.006456767,3.69064863948,-8.22755478965
0.1,147,20260913,8,61,True,,0.124849951754,10.5578058303,-0.909930478938,-0.351770196155,0.544383557543,0.648147921871,327.130232096,3.65573016115,-7.10377946033
0.1,148,20260913,7,62,True,,0.13936675431,11.9786074289,-0.961896300995,-0.173931323666,0.653689387597,0.676433234554,345.100161567,3.86849858452,10.86615001
0.1,149,20260913,5,64,True,,0.0724646099338,6.42926592844,-0.82943059184,-0.159796857702,0.4477902051,0.475448318448,340.360726911,2.58802914171,6.12671535438
0.1,150,20260913,6,63,True,,0.0890165802467,7.77440054426,-1.29660442248,-0.293673303993,0.449089332616,0.536586654836,326.818094855,2.92464559626,-7.41591670122
0.1,151,20260913,4,65,True,,0.0721530686029,6.50165048921,-0.9171628642,-0.111449607183,0.458708468843,0.472053465541,346.343803925,2.57051670463,12.1097923685
0.1,152,20260913,4,65,True,,0.162100978832,14.6067787376,-1.3275867999,-0.338207848948,0.655442291198,0.737556198659,332.706291728,4.37152709324,-1.52771982874
0.1,153,20260913,7,62,True,,0.0613908226927,5.27655658205,-1.30052441767,-0.104912778603,0.423221552229,0.436031161026,346.077546088,2.39183851187,11.8435345318
0.1,154,20260913,6,63,True,,0.097227266835,8.49149354091,-1.24972068372,-0.252523512901,0.496459501362,0.556992065528,333.039891561,3.0464717906,-1.19411999504
0.1,155,20260913,7,62,True,,0.108152609984,9.29574390843,-1.00805634575,-0.139692299821,0.562218027432,0.579312565891,346.046485371,3.18555055176,11.8124738143
0.1,156,20260913,5,64,True,,0.109828312552,9.74427970444,-1.38684786387,-0.282070966022,0.525503320771,0.596420799448,331.774723113,3.29643505736,-2.45928844306
0.1,157,20260913,5,64,True,,0.0905848661803,8.03694650807,-1.10153982974,-0.143962294832,0.516805449151,0.536482072958,344.434190147,2.92403393038,10.20017859
0.1,158,20260913,4,65,True,,0.0913067382655,8.22757106533,-1.31189088258,-0.245180565763,0.482539304869,0.541255661006,333.064655067,2.95208388308,-1.16935648972
0.1,159,20260913,15,54,True,,0.103166124473,7.72300529723,-0.591182219011,-0.174188799905,0.543998071555,0.57120542703,342.244875264,3.13431564143,8.01086370792
0.1,160,20260913,7,62,True,,0.104048887892,8.94302796704,-1.14144948781,-0.255033473166,0.519937218145,0.57911724482,333.8716702,3.1843063845,-0.362341356433
0.1,161,20260913,4,65,True,,0.0981078320206,8.84041173027,-0.976380046018,-0.229515758865,0.511823509324,0.560928505484,335.847221943,3.07055095899,1.61321038614
0.1,162,20260913,6,63,True,,0.126701733155,11.0656915877,-1.38077113232,-0.231453625016,0.597931409668,0.641165151268,338.839048098,3.60503075727,4.60503654153
0.1,163,20260913,5,64,True,,0.0877380094792,7.784365299,-1.24666385857,-0.252808916719,0.470007582229,0.533684809345,331.724963825,2.90772101701,-2.50904773202
0.1,164,20260913,4,65,True,,0.0892153240288,8.03911554073,-1.12677001518,-0.208413293977,0.488363574284,0.530975594349,336.8892232,2.8920083417,2.6552116436
0.1,165,20260913,8,61,True,,0.117062041939,9.89922936713,-1.38571233362,-0.171666320512,0.586799422622,0.611394216515,343.693329473,3.39664586033,9.45931791669
0.1,166,20260913,4,65,True,,0.149918371485,13.5090145461,-1.46367205473,-0.24126740049,0.655397850569,0.698395519079,339.790149185,4.04220784165,5.55613762854
0.1,167,20260913,7,62,True,,0.0738385554435,6.34644232876,-0.938855808937,-0.20982239513,0.428946859483,0.477515283272,333.93410381,2.59875001651,-0.299907746148
0.1,168,20260913,7,62,True,,0.0702558299653,6.03850617684,-1.24420020692,-0.133252873975,0.444265717679,0.463819314311,343.30393165,2.52853132093,9.06992009296
0.1,169,20260913,5,64,True,,0.114784583842,10.1840141648,-1.38242318818,-0.158565562267,0.584808329981,0.605923939412,344.829505609,3.35968721485,10.5954940529
0.1,170,20260913,6,63,True,,0.116834485625,10.2039202822,-0.987698451107,-0.28383135457,0.551488626776,0.620241842591,332.766749449,3.45728529808,-1.46726210715
0.1,171,20260913,7,62,True,,0.140874617252,12.1082086263,-0.944047403922,-0.3283396118,0.609221396993,0.692067634868,331.677571437,3.99137295111,-2.55644011923
0.1,172,20260913,8,61,True,,0.13123885722,11.0980769512,-1.3272143975,-0.311483195556,0.574908508287,0.653866633201,331.551337377,3.69778231786,-2.68267417962
0.1,173,20260913,10,59,True,,0.109943377874,8.9924192026,-0.665706914897,-0.0685415791639,0.587391390502,0.591376862677,353.344364,3.26334820595,19.1103524433
0.1,174,20260913,9,60,True,,0.0943390952813,7.8469053493,-1.01739973237,-0.250123033927,0.493337161225,0.55312122247,333.114890673,3.02297802028,-1.11912088334
0.1,175,20260913,4,65,True,,0.123772363936,11.1530204621,-1.82762186642,-0.327174958377,0.54927364265,0.639331672842,329.219848743,3.59183547309,-5.01416281378
0.1,176,20260913,6,63,True,,0.0906859317884,7.92019593988,-0.720275268061,-0.111652731592,0.523067046818,0.534850883835,347.950605039,2.91451016919,13.7165934822
0.1,177,20260913,10,59,True,,0.119630644114,9.78475395381,-0.608039276317,-0.33436885348,0.530371209285,0.626973803134,327.770902776,3.50414868906,-6.46310878038
0.1,178,20260913,5,64,True,,0.117858092179,10.4567045504,-1.36965636345,-0.257314397276,0.563844247039,0.619783053951,335.470072184,3.45411442662,1.23606062729
0.1,179,20260913,3,66,True,,0.0952531711508,8.71522964698,-1.08764523201,-0.131442635063,0.533676715661,0.549625329793,346.163650072,3.00191572416,11.9296385154
0.1,180,20260913,6,63,True,,0.0995208332173,8.69180570389,-1.38225906323,-0.252968532549,0.510764603963,0.569976805775,333.651972573,3.12662332261,-0.582038983143
0.1,181,20260913,9,60,True,,0.115226495651,9.58427047033,-1.16120322028,-0.328594159886,0.516709649036,0.612342210956,327.546259061,3.40309197206,-6.68775249584
0.1,182,20260913,9,60,True,,0.0745459743392,6.20055983224,-0.758704073254,-0.178687522466,0.451483591408,0.485558095386,338.407403124,2.64089055251,4.1733915674
0.1,183,20260913,8,61,True,,0.0751634367698,6.35611756193,-0.673814898601,-0.277773895755,0.402175468873,0.48877750043,325.368001574,2.65794960631,-8.86600998252
0.1,184,20260913,5,64,True,,0.154318484305,13.6915740549,-0.927915761199,-0.281023794871,0.662547155882,0.719682643289,337.015447288,4.21801773471,2.78143573133
0.1,185,20260913,9,60,True,,0.0843234037823,7.01382355043,-0.638131931403,-0.132602451354,0.495143691916,0.512592124159,345.007655032,2.78760902553,10.7736434759
0.1,186,20260913,6,63,True,,0.11279529154,9.85115102727,-1.27712957947,-0.351154130531,0.493233356475,0.605465413817,324.551293869,3.35660762198,-9.68271768777
0.1,187,20260913,9,60,True,,0.118361575869,9.84503911204,-1.13339042146,-0.283003335255,0.553410305694,0.6215736917,332.915675297,3.46650673888,-1.31833625926
0.1,188,20260913,9,60,True,,0.125287898077,10.4211543973,-0.986983792052,-0.27843455395,0.580763305268,0.64405886189,334.385607121,3.62595507938,0.151595564901
0.1,189,20260913,8,61,True,,0.0795779695785,6.72942792025,-0.67551046172,-0.240904323491,0.443022819402,0.504285743986,331.463798821,2.74168169101,-2.77021273587
0.1,190,20260913,6,63,True,,0.141102183441,12.3233771585,-0.986613906287,-0.124230788128,0.663552009329,0.675081149051,349.395795014,3.85805163434,15.161783457
0.1,191,20260913,9,60,True,,0.102188032583,8.4997616006,-1.3892746249,-0.351855642651,0.461834372261,0.580597434258,322.697477595,3.19374710501,-11.536533962
0.1,192,20260913,9,60,True,,0.0698936057005,5.81358668766,-0.828161594872,-0.097262843082,0.454973889877,0.465254017838,347.933126643,2.53579712583,13.6991150863
0.1,193,20260913,6,63,True,,0.104047920247,9.08718584286,-0.848054876314,-0.269146400366,0.517370752457,0.583191461124,332.515665658,3.21035949232,-1.7183458985
0.1,194,20260913,6,63,True,,0.0955113515945,8.34163143272,-0.95114424984,-0.14358447257,0.533454663966,0.552440385264,344.935311145,3.01886450973,10.7012995882
0.1,195,20260913,6,63,True,,0.100075867657,8.74028049406,-1.25709695374,-0.224651940814,0.519106816832,0.565632726946,336.598664878,3.09957639039,2.36465332116
0.1,196,20260913,6,63,True,,0.105806319362,9.24075834583,-1.24377429403,-0.154605876814,0.557661605132,0.578696330543,344.504519793,3.18162687246,10.2705082362
0.1,197,20260913,7,62,True,,0.10123769452,8.70140519285,-0.736598614673,-0.288536170514,0.495002560136,0.572957813662,329.762161974,3.14531997968,-4.47184958263
0.1,198,20260913,5,64,True,,0.0925743445856,8.21345868054,-0.75811315483,-0.255660153964,0.480214030035,0.544029069966,331.969701589,2.96850405261,-2.26430996725
0.1,199,20260913,5,64,True,,0.0876898935364,7.78009631595,-1.3985049631,-0.277255259383,0.454160367244,0.532101604988,328.596821126,2.89852854509,-5.63719043021
0.1,200,20260913,6,63,True,,0.0994745891254,8.68776690469,-1.22301675324,-0.236358017207,0.514101192029,0.565831377659,335.309393769,3.10080810117,1.07538221208
0.1,201,20260913,7,62,True,,0.0708311499532,6.08795507385,-0.90872482794,-0.0908924304588,0.458904500612,0.467819168694,348.796769095,2.54883995839,14.5627575382
0.1,202,20260913,10,59,True,,0.0879292333843,7.19185222468,-1.1462258693,-0.0962713825342,0.514371420772,0.523303102993,349.3989897,2.84796927719,15.1649781434
0.1,203,20260913,9,60,True,,0.153646026232,12.7799171864,-1.15755460012,-0.19781203691,0.675151542863,0.703533373606,343.669991116,4.08395853499,9.4359795593
0.1,204,20260913,7,62,True,,0.09732520712,8.36512592117,-0.722976830317,-0.110996395598,0.546565865952,0.557722552583,348.520504994,3.05092585986,14.286493437
0.1,205,20260913,7,62,True,,0.13063674152,11.2282606437,-0.886149965971,-0.174467084018,0.624555412852,0.648466057037,344.392504341,3.65805693394,10.1584927845
0.1,206,20260913,8,61,True,,0.143216194941,12.1109280115,-0.799888862874,-0.325015472256,0.611002275381,0.692068520977,331.989780854,3.9913800247,-2.24423070267
0.1,207,20260913,8,61,True,,0.0633217764536,5.35473991966,-1.16246275467,-0.119727121505,0.422953498522,0.439572798904,344.19456366,2.40884070815,9.96055210333
0.1,208,20260913,6,63,True,,0.0869041822234,7.58991099976,-0.852253407591,-0.239657671828,0.468161139801,0.525937878922,332.891512993,2.86301640999,-1.34249856313
0.1,209,20260913,7,62,True,,0.0908006976634,7.8043426997,-1.62817304136,-0.166315743315,0.509553869023,0.536009395357,341.923585597,2.92127098588,7.68957404083
0.1,210,20260913,8,61,True,,0.0868663824722,7.34576494772,-1.59194599831,-0.327366905213,0.423381238078,0.535182925162,322.288081848,2.91644628764,-11.9459297082
0.1,211,20260913,7,62,True,,0.068205611122,5.8622893539,-1.70478659654,-0.282181159895,0.377259030272,0.471116315703,323.204348402,2.56570329829,-11.0296631548
0.1,212,20260913,7,62,True,,0.0985996442421,8.47466411092,-1.21203849634,-0.255044770003,0.506783983139,0.567342789036,333.285656589,3.1101954755,-0.948354967081
0.1,213,20260913,2,67,True,,0.108669452062,10.0934058575,-1.57365962335,-0.30009275011,0.515053184496,0.596100194202,329.773031603,3.29432202614,-4.46097995339
0.1,214,20260913,10,59,True,,0.128549310586,10.5142238791,-1.51432456518,-0.242620894272,0.605425792962,0.652231009015,338.161840176,3.68570571702,3.92782861993
0.1,215,20260913,7,62,True,,0.0970649841588,8.34275969249,-1.24865917328,-0.369169648161,0.430071157743,0.56678693514,319.357471927,3.10673976817,-14.8765396294
0.1,216,20260913,3,66,True,,0.100136706025,9.16205075962,-0.936402097389,-0.180727383596,0.536567575409,0.566186497686,341.385379032,3.10301120156,7.1513674754
0.1,217,20260913,6,63,True,,0.106884188766,9.33489573526,-1.49979675495,-0.29457130892,0.510285706095,0.589206040264,330.003560655,3.24921061949,-4.23045090178
0.1,218,20260913,10,59,True,,0.0997550295519,8.15910026271,-1.8230858304,-0.207175966388,0.525702706484,0.565053286561,338.490927641,3.09598643148,4.25691608423
0.1,219,20260913,11,58,True,,0.12553651953,10.0937730101,-0.991782435078,-0.179027165148,0.611328821148,0.637003652601,343.677372144,3.57515061455,9.44336058793
0.1,220,20260913,5,64,True,,0.0745560546851,6.61482484462,-1.25149100079,-0.285361663637,0.397926637833,0.489670183052,324.354887258,2.66269925583,-9.87912429862
0.1,221,20260913,5,64,True,,0.097257344765,8.62894775201,-0.947033974104,-0.273573986595,0.491035121079,0.562101606718,330.876189036,3.07776355102,-3.35782252041
0.1,222,20260913,14,55,True,,0.153616315994,11.7126587951,-0.550740859354,-0.331889197141,0.64063853744,0.721504105901,332.61313322,4.23341168038,-1.62087833694
0.1,223,20260913,11,58,True,,0.0567855282694,4.56584454272,-0.468739777025,-0.213028425695,0.36226374695,0.420257221839,329.542433668,2.3175589237,-4.69157788838
0.1,224,20260913,7,62,True,,0.0953393030198,8.1944369665,-0.812367038039,-0.187177379059,0.516526494184,0.549395113215,340.080642801,3.00053386078,5.84663124419
0.1,225,20260913,8,61,True,,0.114185899439,9.65601137924,-1.03566602556,-0.219552230875,0.568361930726,0.609293415672,338.878978253,3.38240444668,4.64496669664
0.1,226,20260913,4,65,True,,0.0975908282981,8.79382497283,-1.06780273251,-0.248443569864,0.503375999246,0.561348023978,333.731142469,3.07312834593,-0.502869087181
0.1,227,20260913,8,61,True,,0.104646877934,8.8493539841,-0.969641444318,-0.149878856947,0.554701288378,0.574593065645,344.879882641,3.15562360098,10.645871084
0.1,228,20260913,3,66,True,,0.119803165705,10.9614419021,-1.03942764813,-0.34800344069,0.527089678216,0.63160899583,326.565781523,3.53678453761,-7.66823003322
0.1,229,20260913,4,65,True,,0.134255465287,12.097643641,-0.990056144308,-0.263623579276,0.612667676457,0.666977565834,336.718368044,3.79602752459,2.48435648776
0.1,230,20260913,9,60,True,,0.131313048864,10.9223123509,-0.859285430145,-0.361067633445,0.560014570232,0.666322860777,327.188227922,3.79106022059,-7.04578363427
0.1,231,20260913,8,61,True,,0.139006356139,11.7549273882,-1.99946143331,-0.339689614878,0.588766225413,0.679731345932,330.01713457,3.89410040775,-4.21687698693
0.1,232,20260913,3,66,True,,0.106793258966,9.77109491887,-1.11770149742,-0.315698048984,0.504938989332,0.595507045366,327.985545692,3.29041629673,-6.2484658641
0.1,233,20260913,7,62,True,,0.103563875819,8.90134105796,-1.12337737342,-0.197140573337,0.541094707567,0.575888781113,339.981469534,3.16381178658,5.74745797759
0.1,234,20260913,4,65,True,,0.0874530841223,7.88032162978,-1.12306508277,-0.196408663737,0.485850996043,0.524049190007,337.988634264,2.85222211517,3.75462270792
0.1,235,20260913,6,63,True,,0.138232701958,12.0727665605,-1.02128936301,-0.252856036833,0.624519721667,0.673766323078,337.957920663,3.84791962902,3.72390910635
0.1,236,20260913,4,65,True,,0.108855716623,9.80889429849,-1.08241991512,-0.311246594363,0.507640088708,0.595460243984,328.486516587,3.29010831908,-5.74749496969
0.1,237,20260913,3,66,True,,0.109945988825,10.0595552861,-0.992494777319,-0.262899422295,0.538533755396,0.59927849281,333.979465748,3.31532940133,-0.254545808387
0.1,238,20260913,6,63,True,,0.094689437055,8.26984825676,-1.01152997032,-0.248683651283,0.492258378399,0.551508721164,333.197584226,3.01324461184,-1.03642733075
0.1,239,20260913,4,65,True,,0.0935110047942,8.42619561217,-1.10325172817,-0.267614350474,0.482485836734,0.551733652434,330.984733526,3.01460046266,-3.24927803018
0.1,240,20260913,11,58,True,,0.0879728465776,7.07346314624,-1.46604009019,-0.289964510744,0.445375670597,0.531449814612,326.933618421,2.89475254076,-7.30039313565
0.1,241,20260913,8,61,True,,0.116538513689,9.85495774718,-0.736828815706,-0.182474133547,0.588025268876,0.615687035961,342.76000417,3.42593378298,8.52599261388
0.1,242,20260913,7,62,True,,0.0721726125067,6.20325411621,-0.707430097512,-0.198167353019,0.435618411139,0.478574654496,335.538717417,2.60426193559,1.30470586039
0.1,243,20260913,4,65,True,,0.0744303067672,6.70685044691,-1.2126576815,-0.175652117014,0.449517790549,0.482617768251,338.65659096,2.62540596259,4.42257940307
0.1,244,20260913,7,62,True,,0.103834114614,8.92456815007,-1.59668436481,-0.212341025502,0.53465253911,0.57527562845,338.339149582,3.15993436527,4.10513802519
0.1,245,20260913,10,59,True,,0.161276120169,13.1909943825,-1.54895278815,-0.224427990818,0.689662783818,0.725260421122,341.974231487,4.26533550364,7.74021993085
0.1,246,20260913,4,65,True,,0.117145042795,10.5558382969,-1.40683761235,-0.221154907564,0.568598961137,0.610093658176,338.746598267,3.3878222687,4.51258671084
0.1,247,20260913,10,59,True,,0.133854798341,10.9481669768,-1.40599231512,-0.232787707102,0.616817618574,0.659283012947,339.323433414,3.73805725487,5.08942185772
0.1,248,20260913,4,65,True,,0.13660574815,12.3094255932,-1.15452843298,-0.273614384361,0.61268156515,0.671001886438,335.93517867,3.82670367321,1.70116711324
0.1,249,20260913,9,60,True,,0.103365221368,8.59767741114,-0.887767025538,-0.155121690151,0.5526613461,0.574018555648,344.321563671,3.15199980868,10.0875521143
0.1,250,20260913,7,62,True,,0.115657191289,9.94076455061,-1.55131806719,-0.262775353029,0.546684362238,0.606559706933,334.327753149,3.363961892,0.0937415925144
0.1,251,20260913,3,66,True,,0.100501448759,9.19542305214,-1.11817348216,-0.302534004318,0.488110184552,0.574263333352,328.209084394,3.153543265,-6.02492716207
0.1,252,20260913,8,61,True,,0.0874811668117,7.39775354357,-0.73473851053,-0.273306432356,0.457104754825,0.532579724409,329.124473739,2.90130155628,-5.10953781714
0.1,253,20260913,11,58,True,,0.178885009708,14.3832622543,-1.30366441145,-0.34096724112,0.701603278542,0.780067830369,334.081037677,4.75946687414,-0.152973879954
0.1,254,20260913,7,62,True,,0.113098099505,9.72080997098,-1.36790221495,-0.441403965919,0.436781757831,0.620979681715,314.69843444,3.46239090498,-19.535577117
0.1,255,20260913,6,63,True,,0.0810637488102,7.07982772561,-1.32133299823,-0.156917978477,0.480921127613,0.505873880482,341.929204547,2.75040386519,7.69519299
0.1,256,20260913,8,61,True,,0.12197585124,10.3147605207,-0.904758015898,-0.119848178157,0.616788107472,0.628324084631,349.003874551,3.5136246528,14.7698629944
0.1,257,20260913,12,57,True,,0.161530798274,12.7639663832,-1.90427307087,-0.37760189685,0.626948953816,0.731879896702,328.940078777,4.32217951938,-5.29393277964
0.1,258,20260913,5,64,True,,0.0997189554886,8.8473488442,-0.886903048649,-0.291002608288,0.488510700508,0.568616938317,329.218021353,3.11813128927,-5.01599020382
0.1,259,20260913,5,64,True,,0.151139522615,13.4095275484,-1.17516209136,-0.354771650101,0.617351058602,0.712028969405,330.115413205,4.15394273068,-4.11859835136
0.1,260,20260913,6,63,True,,0.127524181801,11.1375214106,-1.21700563582,-0.394043153212,0.525201678614,0.656587244631,323.120196658,3.7179576149,-11.113814898
0.1,261,20260913,6,63,True,,0.0995630838481,8.69549572801,-1.23626082096,-0.219653010496,0.520640359207,0.565078603962,337.125600617,3.09614320011,2.89158906039
0.1,262,20260913,9,60,True,,0.0641656465957,5.33714844319,-1.21697012857,-0.164045688846,0.414035983821,0.445350181237,338.385975146,2.43683572208,4.15196358962
0.1,263,20260913,6,63,True,,0.103427520649,9.03300228559,-1.19586380078,-0.226816826919,0.531507317843,0.577880525623,336.889991509,3.17643993143,2.65597995244
0.1,264,20260913,4,65,True,,0.115220606456,10.382429006,-1.16416349837,-0.347865961322,0.513009332287,0.619830059017,325.85923784,3.45443916363,-8.37477371662
0.1,265,20260913,7,62,True,,0.13811176049,11.8707403958,-1.08992511143,-0.337415161026,0.585200102499,0.675505848128,330.033075214,3.86133004843,-4.2009363422
0.1,266,20260913,10,59,True,,0.0921862860443,7.54004238243,-1.13771780924,-0.115748424352,0.519127342247,0.5318748868,347.430517573,2.89721454474,13.1965060168
0.1,267,20260913,4,65,True,,0.146654309238,13.2148927255,-0.966580708819,-0.320578413973,0.623060324472,0.70069585944,332.7731707,4.06084759425,-1.46084085626
0.1,268,20260913,4,65,True,,0.11177370641,10.0718318296,-1.12249089569,-0.204484907029,0.565829726723,0.601645540868,340.130677745,3.3310616991,5.89666618839
0.1,269,20260913,10,59,True,,0.112666056287,9.21511079273,-1.29033313283,-0.215662794569,0.567823557064,0.60739940148,339.202922401,3.36961603934,4.96891084487
0.1,270,20260913,6,63,True,,0.143328743751,12.5178372427,-1.75195306723,-0.388613111298,0.577051064611,0.69570689334,326.041836117,4.02053020884,-8.1921754393
0.1,271,20260913,9,60,True,,0.0885007055098,7.36128174021,-1.00451592004,-0.196669409239,0.494647282636,0.532310802774,338.317466603,2.89974153033,4.08345504626
0.1,272,20260913,8,61,True,,0.119922335308,10.1411070898,-1.20902752047,-0.306970634948,0.548752931807,0.628777186996,330.777490356,3.51681015922,-3.45652120087
0.1,273,20260913,7,62,True,,0.119935567043,10.308492018,-1.00278776793,-0.248351369718,0.573468526797,0.62493563994,336.584065311,3.48989370901,2.35005375446
0.1,274,20260913,8,61,True,,0.0996384896711,8.42582485928,-0.717891056273,-0.126682636468,0.538929660751,0.553618704181,346.772006609,3.02598726963,12.5379950528
0.1,275,20260913,7,62,True,,0.131410585947,11.2947727659,-1.19282371411,-0.327276297652,0.576066244809,0.662542144632,330.398110863,3.7625024802,-3.83590069382
0.1,276,20260913,4,65,True,,0.0819834621168,7.38745873044,-0.905800851676,-0.200978953161,0.466830793886,0.508255378461,336.707263069,2.76353527528,2.47325151252
0.1,277,20260913,11,58,True,,0.173530195868,13.9527080569,-0.747326253998,-0.239326863133,0.72558771454,0.764038532345,341.745447902,4.60930489982,7.51143634554
0.1,278,20260913,12,57,True,,0.0918030107438,7.25416177929,-0.933713215416,-0.279119830325,0.46561841869,0.542870510807,329.058979396,2.96163364035,-5.17503216054
0.1,279,20260913,8,61,True,,0.123177917177,10.4164119718,-0.953472816358,-0.322876255939,0.552854754674,0.640232345649,329.714370018,3.59831144114,-4.51964153829
0.1,280,20260913,4,65,True,,0.100377407707,9.04492122873,-1.11699772545,-0.265176386474,0.502526266049,0.568199933133,332.179988862,3.11553181959,-2.0540226947
0.1,281,20260913,7,62,True,,0.103166502124,8.8671866894,-1.54508096744,-0.109235140164,0.557274776828,0.56787982244,348.909685262,3.11353782786,14.6756737051
0.1,282,20260913,3,66,True,,0.0992914464197,9.08471337042,-0.890946710259,-0.187086716509,0.53231027733,0.564230157688,340.635374266,3.09089383286,6.4013627096
0.1,283,20260913,5,64,True,,0.114939805966,10.1977859123,-0.957239265451,-0.261097798486,0.554084298764,0.612520587827,334.769063075,3.40430625444,0.535051518188
0.1,284,20260913,6,63,True,,0.12002733763,10.4827729442,-1.7961435501,-0.356116971508,0.523275749314,0.63295877213,325.762630525,3.54634517241,-8.47138103158
0.1,285,20260913,9,60,True,,0.112349178689,9.34494197358,-0.92329591112,-0.338177147961,0.512044956976,0.613639814034,326.557462087,3.41193516729,-7.67654946995
0.1,286,20260913,4,65,True,,0.109692803317,9.88432345513,-1.18109283782,-0.232759526523,0.548597424195,0.595932992056,337.009404563,3.29322057489,2.77539300629
0.1,287,20260913,4,65,True,,0.128711760657,11.5981052206,-1.21900887188,-0.252358410327,0.59736925405,0.648486540298,337.098391909,3.65820679488,2.86438035238
0.1,288,20260913,9,60,True,,0.112570421655,9.36334444619,-1.13023259063,-0.148126117728,0.583596996754,0.602101985857,345.758175229,3.33410398036,11.5241636722
0.1,289,20260913,7,62,True,,0.122539525771,10.5323029227,-1.24359248637,-0.217985323046,0.592636712126,0.631455361544,339.805324811,3.53569796181,5.57131325489
0.1,290,20260913,8,61,True,,0.17093573769,14.4550022057,-1.7803077606,-0.504805704336,0.580437044506,0.769243759653,318.98653809,4.65754050092,-15.247473467
0.1,291,20260913,5,64,True,,0.0928891291852,8.24138726392,-0.949012706122,-0.246583924907,0.482950083989,0.542258624319,332.952121045,2.95801148993,-1.28189051115
0.1,292,20260913,8,61,True,,0.169811812155,14.3599586162,-1.58960923992,-0.364583973816,0.652631648814,0.747562400737,330.810672908,4.45989311936,-3.42333864836
0.1,293,20260913,6,63,True,,0.172480522116,15.0638528384,-0.98087187312,-0.251995003721,0.713513425082,0.756705285876,340.548060084,4.54219589191,6.31404852741
0.1,294,20260913,7,62,True,,0.0794945804188,6.8325790916,-0.847017547526,-0.128899070711,0.478645804314,0.49569827155,344.92784064,2.69499552291,10.6938290833
0.1,295,20260913,4,65,True,,0.106256482714,9.57467958318,-0.950466296458,-0.279030653607,0.518604434139,0.588904631296,331.717909139,3.24725252729,-2.5161024171
0.1,296,20260913,10,59,True,,0.148797274958,12.1703325702,-1.31391723588,-0.135860274647,0.67719253291,0.6906864273,348.655759261,3.980362337,14.4217477041
0.1,297,20260913,9,60,True,,0.0862700595611,7.17574182618,-1.97600495788,-0.237999804471,0.463440779901,0.520981058584,332.817255001,2.8347737193,-1.41675655565
0.1,298,20260913,8,61,True,,0.152396023073,12.887210594,-0.805741752358,-0.301614418008,0.651121655221,0.717586696538,335.145350681,4.20037326129,0.911339124313
0.1,299,20260913,5,64,True,,0.1196265357,10.6136058804,-0.892882697263,-0.1488818594,0.596305148508,0.614610151393,345.98134049,3.41856305281,11.7473289336
0.1,300,20260913,5,64,True,,0.0904193769664,8.02226383517,-1.48376857735,-0.255656205981,0.471297538255,0.53617298069,331.522301844,2.92222689642,-2.71170971231
0.1,301,20260913,12,57,True,,0.110505535344,8.73201242963,-0.869092072103,-0.229858346054,0.551999621729,0.597945182805,337.392650441,3.30650045457,3.1586388842
0.1,302,20260913,6,63,True,,0.133990582261,11.7022744838,-1.50136179463,-0.298660381807,0.582676473853,0.654759419057,332.861847474,3.70439087163,-1.37216408293
0.1,303,20260913,11,58,True,,0.132086990531,10.6204641088,-0.605071814409,-0.203996737253,0.62341085218,0.655938838174,341.880516726,3.71313924439,7.64650516966
0.1,304,20260913,5,64,True,,0.128353794602,11.3879130678,-1.17024138424,-0.326174415185,0.567585596006,0.654632078281,330.115309701,3.70344755174,-4.11870185544
0.1,305,20260913,7,62,True,,0.0982651033559,8.44591023798,-1.57457069356,-0.321002973562,0.468667050747,0.568059603819,325.59168217,3.11465754139,-8.64232938619
0.1,306,20260913,3,66,True,,0.139096467365,12.7266907917,-1.51147015727,-0.327864844974,0.595584611966,0.679864976727,331.167547397,3.8951412903,-3.06646415968
0.1,307,20260913,9,60,True,,0.0602291732875,5.00972179821,-0.92704078243,-0.153377714582,0.40300659218,0.431206489597,339.163994155,2.36886983655,4.92998259855
0.1,308,20260913,9,60,True,,0.114620722416,9.5338836692,-0.969485372511,-0.315799200339,0.530210408617,0.617132248664,329.221502949,3.43585051391,-5.01250860728
0.1,309,20260913,2,67,True,,0.104678377972,9.72270802258,-1.05342274607,-0.191099652178,0.547556361652,0.579945726985,340.760781187,3.18958704031,6.52676963041
0.1,310,20260913,10,59,True,,0.127417682535,10.4216664735,-1.24142270802,-0.311159072197,0.558913841392,0.639691058488,330.894394971,3.59441810936,-3.33961658566
0.1,311,20260913,7,62,True,,0.120678819278,10.3723747336,-1.0833446279,-0.307993312572,0.550158212893,0.630502926086,330.75872869,3.52896932422,-3.47528286631
0.1,312,20260913,5,64,True,,0.126594687399,11.2318400825,-0.976590595381,-0.210908826658,0.603268548569,0.639073919711,340.729853717,3.58998433658,6.49584216065
0.1,313,20260913,6,63,True,,0.111824084392,9.76632915066,-1.18293377841,-0.275126752524,0.536548759312,0.602975373521,332.852555327,3.33993300045,-1.38145622945
0.1,314,20260913,12,57,True,,0.0613635116891,4.84886974328,-0.81866997435,-0.140981244494,0.410877047597,0.434391136582,341.061741512,2.38400601713,6.82772995559
0.1,315,20260913,7,62,True,,0.0842839858327,7.24422968614,-0.711306172847,-0.183551808321,0.483642364347,0.517301848952,339.217259285,2.81399082416,4.98324772798
0.1,316,20260913,8,61,True,,0.120595714258,10.1980506777,-0.953773203915,-0.195972610709,0.595970039789,0.627363971291,341.797602716,3.5068841707,7.56359115916
0.1,317,20260913,6,63,True,,0.155821038119,13.6088710688,-1.08515445318,-0.226365680784,0.68200913604,0.718594380078,341.638476232,4.20884709135,7.40446467509
0.1,318,20260913,8,61,True,,0.135441456107,11.4534653386,-1.07596286759,-0.286804295388,0.599921757271,0.664953245499,334.44895898,3.7806898425,0.214947423394
0.1,319,20260913,11,58,True,,0.0574454250632,4.61890359256,-0.611037520065,-0.13663538943,0.399593781474,0.422308441589,341.122609142,2.32708609793,6.88859758579
0.1,320,20260913,5,64,True,,0.14028791339,12.446741969,-1.12968308824,-0.333137224428,0.595107005208,0.682006420753,330.760167434,3.91185951999,-3.47384412232
0.1,321,20260913,6,63,True,,0.0866091056453,7.56414003099,-1.60408414474,-0.240708460939,0.465511042104,0.524062108426,332.657224104,2.85229580852,-1.57678745219
0.1,322,20260913,3,66,True,,0.135983968979,12.4419114203,-1.16345155291,-0.291659358364,0.601628769614,0.668597306118,334.13668435,3.80834462173,-0.097327206698
0.1,323,20260913,6,63,True,,0.167052175049,14.5897597619,-1.71759994809,-0.388456898093,0.639183749409,0.747966996053,328.711317727,4.46350348362,-5.52269382934
0.1,324,20260913,5,64,True,,0.124429605721,11.0397478891,-0.929554413341,-0.286709741486,0.574180110888,0.641782888213,333.465317214,3.60948743112,-0.768694342901
0.1,325,20260913,8,61,True,,0.142724294819,12.0693309913,-0.855751482056,-0.245953919073,0.643169423323,0.688592940281,339.072684927,3.96373150396,4.83867337093
0.1,326,20260913,9,60,True,,0.133422071261,11.0977359023,-0.807526904293,-0.258298072492,0.609703224148,0.662160037898,337.040270365,3.75962822355,2.80625880839
0.1,327,20260913,4,65,True,,0.110824519451,9.98630141528,-1.32697878857,-0.302191290495,0.525795086954,0.60644871961,330.112637049,3.36321526062,-4.12137450771
0.1,328,20260913,8,61,True,,0.0780396383955,6.59934054974,-0.862095003865,-0.158922511266,0.46339539329,0.489889431514,341.070477627,2.66386709729,6.83646607035
0.1,329,20260913,11,58,True,,0.148205626983,11.9164842484,-0.840305895153,-0.229807362264,0.662105480432,0.700853116543,340.858841988,4.06212498937,6.62483043107
0.1,330,20260913,7,62,True,,0.137675902716,11.833278311,-1.23167030717,-0.240672312718,0.621689963202,0.666649512454,338.837286783,3.79353774214,4.60327522652
0.1,331,20260913,5,64,True,,0.0865734551313,7.68104273096,-1.56560987981,-0.281257919857,0.449539175777,0.530274917416,327.967501588,2.88795845296,-6.26650996848
0.1,332,20260913,6,63,True,,0.130699314181,11.4148265019,-1.4006962705,-0.44599294238,0.496768023895,0.667598812325,318.082849197,3.8007469935,-16.1511623595
0.1,333,20260913,10,59,True,,0.105448626424,8.62478733575,-0.99879341204,-0.340938963693,0.482730522644,0.590989115345,324.767516128,3.26081847784,-9.46649542885
0.1,334,20260913,5,64,True,,0.101197681969,8.97854565583,-1.25407159101,-0.237312612934,0.517948604062,0.569726278758,335.383794443,3.1250571078,1.1497828867
0.1,335,20260913,7,62,True,,0.0575896703782,4.94984658885,-1.43866712434,-0.169136964547,0.388025474819,0.423286052079,336.448027302,2.33164051649,2.214015745
0.1,336,20260913,10,59,True,,0.0973579492348,7.96303978603,-1.35540676269,-0.102789095346,0.538655132618,0.548374826207,349.19639419,2.99441729213,14.9623826334
0.1,337,20260913,6,63,True,,0.169282847283,14.7845789673,-1.64849579723,-0.422854533549,0.634454527628,0.762455575212,326.31713239,4.59473531088,-7.91687916691
0.1,338,20260913,8,61,True,,0.119969822873,10.1451228262,-2.29093277224,-0.32041800762,0.545687464481,0.632805269019,329.579299288,3.54525658949,-4.65471226897
0.1,339,20260913,5,64,True,,0.102735134986,9.11495285248,-1.68105794454,-0.244773684349,0.520021697385,0.574749269074,334.793681614,3.15660959344,0.559670057276
0.1,340,20260913,3,66,True,,0.103237064573,9.44571939144,-1.02347939203,-0.259831776615,0.514441260119,0.576335286315,333.202768799,3.16663836532,-1.03124275795
0.1,341,20260913,10,59,True,,0.107357845851,8.78094500316,-1.02264159152,-0.211502589099,0.552825749925,0.591903416932,339.06392167,3.26678667593,4.82991011301
0.1,342,20260913,8,61,True,,0.0991045073946,8.38066920553,-0.983515086214,-0.19800988012,0.529234629418,0.565063895148,339.486973096,3.09605212026,5.25296153933
0.1,343,20260913,9,60,True,,0.0917945840627,7.63525885605,-1.30952431725,-0.144908899922,0.514786257197,0.534792931774,344.278442964,2.91417238503,10.0444314074
0.1,344,20260913,7,62,True,,0.126590921295,10.8805213823,-0.757962943976,-0.234429666797,0.600435988268,0.644577881006,338.672715349,3.62972091359,4.43870379265
0.1,345,20260913,7,62,True,,0.0952199932902,8.18418226537,-0.993255212187,-0.136486619719,0.532383284643,0.549600363109,345.620818434,3.00176583214,11.3868068774
0.1,346,20260913,9,60,True,,0.094847077706,7.88915813955,-1.45620660438,-0.297500930495,0.469413722575,0.55574818631,327.634651511,3.03890232411,-6.59936004599
0.1,347,20260913,3,66,True,,0.0932371014163,8.53076848408,-1.46680378978,-0.194162323311,0.504870469324,0.540918846584,338.964330436,2.95009594387,4.73031887936
0.1,348,20260913,8,61,True,,0.077906592277,6.58808964363,-0.793419508446,-0.3129317727,0.391820641107,0.501447613577,321.387010463,2.72616327561,-12.8470010932
0.1,349,20260913,6,63,True,,0.10776911085,9.41218177245,-1.00686766282,-0.161537931922,0.564589528653,0.587244275676,344.033342461,3.23648722345,9.79933090429
0.1,350,20260913,9,60,True,,0.061683020595,5.13064941766,-1.15053193276,-0.153434524596,0.408402294604,0.436273523809,339.409073151,2.39299817819,5.17506159442
0.1,351,20260913,6,63,True,,0.121179676503,10.5834142398,-1.33325445698,-0.208810334363,0.585197025184,0.621335106059,340.362554577,3.464853016,6.12854302052
0.1,352,20260913,10,59,True,,0.141143274401,11.5443013993,-1.09736424921,-0.203485403837,0.652201190777,0.683207657177,342.672187715,3.92126895471,8.43817615878
0.1,353,20260913,8,61,True,,0.0828382311171,7.00512853365,-0.827022321086,-0.150708995952,0.484360213153,0.507265233923,342.716436073,2.75806809165,8.48242451679
0.1,354,20260913,6,63,True,,0.114122219334,9.96704031593,-1.02454980633,-0.245900663486,0.552997705211,0.605205418243,336.0267917,3.35486266945,1.79278014344
0.1,355,20260913,6,63,True,,0.0911663174321,7.96215116215,-1.14880244429,-0.204424706235,0.500076640314,0.540246338911,337.765906411,2.94613068682,3.53189485496
0.1,356,20260913,4,65,True,,0.112500542364,10.1373263877,-1.10698886078,-0.190945171237,0.56728529739,0.598558825057,341.397044583,3.31056096253,7.16303302688
0.1,357,20260913,4,65,True,,0.0874463688561,7.87971652296,-0.825634333852,-0.230908038246,0.471959209578,0.52541794567,333.929612757,2.86004080251,-0.304398799375
0.1,358,20260913,6,63,True,,0.110586547891,9.65824698871,-1.01274814013,-0.187127479734,0.564183079039,0.594406628786,341.650419433,3.28318260243,7.4164078769
0.1,359,20260913,10,59,True,,0.0969987322182,7.93365893508,-1.81631408781,-0.20166697949,0.511335807306,0.549667061456,338.476098404,3.00216628449,4.24208684758
0.1,360,20260913,7,62,True,,0.0732373919834,6.29477217884,-0.712077254876,-0.255908887017,0.409644682164,0.483009445124,328.006591157,2.62746338993,-6.22742039967
0.1,361,20260913,8,61,True,,0.135915528265,11.4935547558,-1.33588134719,-0.293030572172,0.606548842094,0.673623347333,334.214288971,3.84681946798,-0.0197225858109
0.1,362,20260913,12,57,True,,0.110646347239,8.74313921357,-1.37032307047,-0.240857660191,0.541739928052,0.592869768261,336.030061124,3.27310650844,1.79604956723
0.1,363,20260913,6,63,True,,0.131655945057,11.4983753371,-1.28702022837,-0.284501701807,0.595300223516,0.659790553471,334.456259255,3.74185361242,0.22224769837
0.1,364,20260913,8,61,True,,0.0999807615936,8.45476872707,-0.758404797239,-0.247897820361,0.509508770685,0.566614963397,334.055095845,3.105671409,-0.178915711585
0.1,365,20260913,13,56,True,,0.087151722196,6.76580469836,-1.30763160574,-0.226787795966,0.472133292501,0.523777195272,334.342839135,2.85067095832,0.108827578462
0.1,366,20260913,6,63,True,,0.065435691077,5.71492716203,-1.38069893496,-0.140191309776,0.423250144816,0.445863531166,341.673804371,2.43933890576,7.43979281485
0.1,367,20260913,4,65,True,,0.117081079416,10.5500746122,-1.04059605374,-0.116469546164,0.599671587566,0.61087737568,349.008728398,3.39313662379,14.7747168414
0.1,368,20260913,7,62,True,,0.0842083464165,7.23772845937,-1.13088819432,-0.315166736656,0.419606505394,0.524785376381,323.089762062,2.85642474244,-11.1442494941
0.1,369,20260913,5,64,True,,0.0820940309841,7.28361550303,-1.21353481462,-0.193746085872,0.466060400019,0.504727493066,337.426843184,2.74410503209,3.19283162734
0.1,370,20260913,6,63,True,,0.133842326374,11.6893263269,-0.975214803089,-0.228262085323,0.620147910324,0.66082297953,339.792507252,3.74958796918,5.55849569511
0.1,371,20260913,6,63,True,,0.215499503925,18.8209820683,-1.12594427508,-0.430192637482,0.753335767524,0.867513967597,330.271458512,5.66908616861,-3.96255304429
0.1,372,20260913,12,57,True,,0.0734214465446,5.80167302781,-0.521994134335,-0.0558508660056,0.470990765656,0.474290649883,353.237351372,2.58204391333,19.0033398152
0.1,373,20260913,11,58,True,,0.112840795319,9.07297237878,-1.25666367464,-0.285846159914,0.541820436615,0.612598900318,332.185384986,3.40483949561,-2.0486265707
0.1,374,20260913,10,59,True,,0.119870047779,9.80433510685,-0.527746166456,-0.36966775893,0.510087282292,0.62995498851,324.068603669,3.5251041327,-10.1654078873
0.1,375,20260913,10,59,True,,0.0895449851109,7.32400676762,-0.909506550513,-0.273877042694,0.458731601287,0.534268955241,329.161483904,2.91112006876,-5.07252765298
0.1,376,20260913,8,61,True,,0.093437571176,7.90145066032,-0.821780000498,-0.305503628721,0.458972857001,0.551351567174,326.351286917,3.01229767383,-7.88272463957
0.1,377,20260913,6,63,True,,0.109874517,9.59606067091,-0.9889474714,-0.128458498361,0.576356063348,0.59049800809,347.43525843,3.25761722704,13.201246873
0.1,378,20260913,7,62,True,,0.100937954396,8.67564245412,-1.01474187765,-0.115823288206,0.554418436476,0.566387532344,348.200075025,3.104259078,13.9660634681
0.1,379,20260913,5,64,True,,0.112545458413,9.98535259952,-1.23986196549,-0.190059658123,0.564313168912,0.595459508492,341.386567397,3.29010347938,7.15255584038
0.1,380,20260913,6,63,True,,0.106200802488,9.27521113899,-1.19620151205,-0.235336531314,0.539036863695,0.588170063326,336.414540026,3.24248537456,2.18052846915
0.1,381,20260913,7,62,True,,0.108551446363,9.33002399507,-1.06860346709,-0.196517666997,0.552921359342,0.586805950088,340.433920667,3.2336511964,6.1999091109
0.1,382,20260913,13,56,True,,0.165874829151,12.877275057,-2.09200661988,-0.233314503651,0.694183326143,0.732342916883,341.422541285,4.32618388588,7.1885297281
0.1,383,20260913,10,59,True,,0.114384501226,9.3556647539,-0.848638569252,-0.345620508216,0.51940035238,0.623883211628,326.359325526,3.48255570855,-7.87468603081
0.1,384,20260913,8,61,True,,0.156799300909,13.2595691873,-1.0110300163,-0.277842332333,0.670770352887,0.726036657442,337.499988704,4.27196246306,3.26597714775
0.1,385,20260913,8,61,True,,0.13996804802,11.8362518582,-1.13396497569,-0.293525226831,0.614161423102,0.680699135017,334.455536794,3.90164504275,0.221525237627
0.1,386,20260913,10,59,True,,0.111217274751,9.09661296998,-1.03817557085,-0.355009503774,0.491447636856,0.606261105087,324.156593331,3.3619535213,-10.0774182254
0.1,387,20260913,8,61,True,,0.0888271239868,7.51157300694,-1.43918119151,-0.144192657155,0.508015255701,0.528082401148,344.154186806,2.87532238621,9.92017524988
0.1,388,20260913,7,62,True,,0.147537526116,12.6808873115,-0.946472831021,-0.294090637124,0.641203400707,0.705429729968,335.361243971,4.09947722686,1.12723241457
0.1,389,20260913,4,65,True,,0.126042042871,11.3575392643,-1.23552947932,-0.297279222204,0.570311424356,0.643140775185,332.468874508,3.61930330586,-1.76513704837
0.1,390,20260913,6,63,True,,0.121573229834,10.6177858279,-0.878988116318,-0.265047116566,0.575302540591,0.633421650412,335.264045851,3.54962974485,1.03003429407
0.1,391,20260913,5,64,True,,0.0897774778776,7.96531272559,-0.910942997565,-0.248666170225,0.474161092541,0.535409755135,332.325958155,2.91776966266,-1.90805340179
0.1,392,20260913,7,62,True,,0.154451757811,13.2751672569,-1.49650748898,-0.415673019958,0.59348961257,0.724578484189,324.993061433,4.2595220893,-9.24095012376
0.1,393,20260913,12,57,True,,0.0657450740261,5.19509544744,-1.07057403917,-0.179338987991,0.415407124734,0.452466078169,336.64924357,2.47176422383,2.41523201352
0.1,394,20260913,7,62,True,,0.0715882013836,6.15302383385,-1.92905123214,-0.271420139935,0.395889641009,0.479997396056,325.565641801,2.61168287204,-8.66836975569
0.1,395,20260913,4,65,True,,0.125628093898,11.3202386809,-0.914966199876,-0.124910178558,0.621511478338,0.633939327076,348.636193646,3.553306769,14.4021820898
0.1,396,20260913,7,62,True,,0.118112834245,10.1518276775,-1.39710371861,-0.324889853388,0.526987435841,0.619087372161,328.34600243,3.44931183945,-5.88800912628
0.1,397,20260913,12,57,True,,0.095021806966,7.50850712528,-0.805716978569,-0.258695409212,0.487716752552,0.552078749335,332.057563383,3.01668183941,-2.17644817397
0.1,398,20260913,3,66,True,,0.107861504391,9.86883449109,-1.24724912294,-0.259395480053,0.531947825096,0.591823034105,334.004595199,3.26626153105,-0.229416357236
0.1,399,20260913,7,62,True,,0.129031219069,11.090265587,-1.44921375111,-0.326730835162,0.565223146203,0.652863112489,329.969667208,3.69036815832,-4.26434434879
0.1,400,20260913,7,62,True,,0.114607561247,9.8505485857,-0.900011392767,-0.247709083795,0.55803237505,0.610540679889,336.063692781,3.3908524833,1.82968122454
0.1,401,20260913,8,61,True,,0.106198804942,8.98059107133,-1.27073967905,-0.316769037608,0.500965267071,0.592713102604,327.69412168,3.27208110232,-6.53988987636
0.1,402,20260913,4,65,True,,0.0831912262412,7.49628930913,-1.28984731808,-0.219371527439,0.46224895016,0.511661957717,334.612180275,2.78242796553,0.378168718365
0.1,403,20260913,10,59,True,,0.133233616279,10.8973596466,-1.07683534856,-0.304205168326,0.594136532226,0.667487081045,332.886998575,3.79989776373,-1.34701298165
0.1,404,20260913,9,60,True,,0.102428990147,8.51980388732,-0.67983428381,-0.127218804499,0.555570500438,0.569950177801,347.102334744,3.12645681576,12.868323187
0.1,405,20260913,5,64,True,,0.110643965775,9.81664677414,-0.950927603343,-0.236115033596,0.5557006103,0.603782640839,336.979549446,3.34532979344,2.74553788935
0.1,406,20260913,10,59,True,,0.0888641942081,7.26832394883,-0.977894403115,-0.236312579873,0.480000802306,0.535018135787,333.788190338,2.9154852473,-0.445821218056
0.1,407,20260913,8,61,True,,0.0692932866778,5.85971444768,-0.724635442534,-0.182669855025,0.430832635253,0.467958369445,337.02341422,2.54954965806,2.78940266369
0.1,408,20260913,7,62,True,,0.128742971016,11.0654905947,-1.12616520256,-0.218512715645,0.61226962296,0.650093761005,340.359041523,3.66998480602,6.12502996637
0.1,409,20260913,4,65,True,,0.07584785612,6.83458459075,-1.00340473931,-0.142223000154,0.465559547456,0.486798802382,343.012700567,2.64745183254,8.77868901009
0.1,410,20260913,4,65,True,,0.092679674544,8.3512851637,-0.899584575499,-0.193289138367,0.50989953547,0.545305627408,339.239635461,2.97609266767,5.00562390451
0.1,411,20260913,8,61,True,,0.10274066895,8.68815741143,-1.44151028541,-0.324450964724,0.483339501935,0.582138731438,326.127750981,3.20360732154,-8.1062605755
0.1,412,20260913,12,57,True,,0.133080605627,10.5158669099,-1.85660398006,-0.169695701894,0.631652973369,0.654050540866,344.962362762,3.69914266904,10.7283512053
0.1,413,20260913,4,65,True,,0.100436103016,9.05021021214,-1.3137307424,-0.219909820101,0.522707394248,0.567083194054,337.182874672,3.10858111233,2.94886311544
0.1,414,20260913,3,66,True,,0.0929992385938,8.50900512336,-1.00159143564,-0.221729714169,0.496576536807,0.543831153073,335.938440623,2.96732925094,1.70442906632
0.1,415,20260913,8,61,True,,0.142751531452,12.0716342287,-1.2289615305,-0.317811490082,0.610962357289,0.688679276044,332.517370338,3.96441598662,-1.716641219
0.1,416,20260913,5,64,True,,0.128485752549,11.3996207515,-0.908528184935,-0.364632036822,0.54538190304,0.656047210527,326.234060751,3.71394413489,-7.99995080586
0.1,417,20260913,6,63,True,,0.116099596203,10.1397375793,-0.929042582158,-0.227604584992,0.567370588903,0.611320891399,338.141474277,3.39614777795,3.9074627204
0.1,418,20260913,7,62,True,,0.076841179262,6.60451859778,-0.894522577543,-0.268428402965,0.41433976871,0.493691453697,327.062973149,2.68420047084,-7.1710384078
0.1,419,20260913,11,58,True,,0.118502494996,9.52820175432,-0.960646235509,-0.197069745933,0.592274903514,0.624200325292,341.595984007,3.48476514112,7.36197245069
0.1,420,20260913,10,59,True,,0.145622459831,11.9106601001,-1.42995474292,-0.378826374171,0.582329393482,0.694706372708,326.954538933,4.01249300606,-7.2794726238
0.1,421,20260913,9,60,True,,0.107161185672,8.91341684564,-0.993455456412,-0.213639492436,0.546602700689,0.586869955893,338.65197243,3.2340651678,4.41796087326
0.1,422,20260913,5,64,True,,0.156295694118,13.866997723,-1.4144543626,-0.296049188175,0.656542428153,0.720203500258,335.728356268,4.222413992,1.49434471128
0.1,423,20260913,11,58,True,,0.163798676035,13.1702444949,-1.0741557057,-0.273622755443,0.680936481059,0.733855505896,338.108110101,4.33929117826,3.87409854451
0.1,424,20260913,7,62,True,,0.129258390804,11.1097910546,-0.842514694503,-0.18100555483,0.62184440255,0.647652276968,343.770856023,3.65210806867,9.5368444668
0.1,425,20260913,10,59,True,,0.088245817219,7.21774604938,-1.58336466382,-0.241738354923,0.47840703829,0.536013737256,333.192598932,2.92129635371,-1.04141262483
0.1,426,20260913,7,62,True,,0.0912778043932,7.84535014259,-1.03347124566,-0.192024852503,0.503970630137,0.539314323952,339.141963869,2.94064412622,4.90795231282
0.1,427,20260913,7,62,True,,0.0821819083495,7.06355560012,-0.936950221813,-0.288954417774,0.423998263094,0.513097634625,325.725606704,2.79042878178,-8.508404853
0.1,428,20260913,5,64,True,,0.0845425385414,7.5008540451,-0.813391506376,-0.183515866574,0.4865816095,0.520038206278,339.335866338,2.82943321031,5.10185478156
0.1,429,20260913,4,65,True,,0.0987167123076,8.89527740532,-1.072880981,-0.276278491436,0.495328718684,0.567168708925,330.848621795,3.10911281762,-3.38538976198
0.1,430,20260913,15,54,True,,0.128364374512,9.60934366192,-0.822081883094,-0.284009631945,0.58830302047,0.653270169939,334.230571495,3.69337376531,-0.00344006182291
0.1,431,20260913,11,58,True,,0.149072964141,11.9862225559,-0.945468892356,-0.287270421093,0.64374946984,0.704938064481,335.951388588,4.09544806525,1.71737703155
0.1,432,20260913,4,65,True,,0.0844871909805,7.61306756881,-1.13867115733,-0.201090229796,0.478719546099,0.519239525014,337.214743565,2.82491718755,2.98073200813
0.1,433,20260913,7,62,True,,0.0928286599664,7.97864656743,-1.00924160826,-0.195826762373,0.50255925648,0.539364373253,338.711174336,2.94093849532,4.47716277974
0.1,434,20260913,2,67,True,,0.133599502062,12.4089518359,-1.1128330561,-0.335430234938,0.578032372568,0.668307463857,329.873551216,3.80613762303,-4.36046034075
0.1,435,20260913,6,63,True,,0.121353268176,10.5985751366,-0.938725254545,-0.193635649214,0.595477740358,0.626169708553,341.986667753,3.49851788403,7.75265619695
0.1,436,20260913,4,65,True,,0.125672945873,11.3242802536,-0.919058022603,-0.271923006705,0.584105906148,0.644299488726,335.036272028,3.62770050355,0.802260471597
0.1,437,20260913,7,62,True,,0.132872440468,11.4204195281,-0.949220599489,-0.368804261267,0.555003064874,0.666367004847,326.395623761,3.79139494102,-7.83838779583
0.1,438,20260913,8,61,True,,0.213722346744,18.0732071323,-1.34298854734,-0.427571601027,0.74579917076,0.859670795777,330.174067317,5.58085277375,-4.05994423956
0.1,439,20260913,7,62,True,,0.105403051312,9.05941865205,-1.62273431297,-0.323882680991,0.494663226706,0.591262800201,326.785069189,3.2626038397,-7.44894236749
0.1,440,20260913,11,58,True,,0.154901441601,12.4548617112,-0.700852025102,-0.135970518804,0.705661073948,0.71864144973,349.093610428,4.20924332794,14.8595988711
0.1,441,20260913,10,59,True,,0.138064453169,11.292480401,-0.89075732993,-0.387007289265,0.56966151878,0.688686349454,325.809239692,3.9644720709,-8.42477186491
0.1,442,20260913,8,61,True,,0.0711697575855,6.01839625101,-0.926694478677,-0.169288924876,0.441473171797,0.472818465695,339.019995625,2.57445260617,4.78598406799
0.1,443,20260913,8,61,True,,0.141212778182,11.9415111649,-1.41506156963,-0.429555789192,0.535807703814,0.686737265258,321.280930183,3.94904797358,-12.9530813739
0.1,444,20260913,6,63,True,,0.088576407508,7.73595737816,-0.740716049141,-0.138986178023,0.511422233445,0.529971563901,344.796261631,2.88620683967,10.5622500749
0.1,445,20260913,9,60,True,,0.136478642079,11.3519743156,-1.57409004552,-0.344285982175,0.582614569894,0.676736709937,329.419771884,3.87084728539,-4.81423967243
0.1,446,20260913,4,65,True,,0.117885485425,10.6225589406,-1.1412182815,-0.374666637499,0.500739658818,0.625392113132,323.195194025,3.49308124966,-11.0388175318
0.1,447,20260913,10,59,True,,0.0855965234674,7.00105669105,-0.631090140352,-0.171826214574,0.492302523866,0.521426910525,340.759701998,2.83730262538,6.52569044163
0.1,448,20260913,9,60,True,,0.0677554950599,5.63574364419,-1.3323715842,-0.290510064705,0.371266645989,0.471418094815,321.957402449,2.56725231703,-12.2766091076
0.1,449,20260913,10,59,True,,0.0678392852885,5.54866790081,-1.01447103741,-0.163050800697,0.433447343895,0.463100597644,339.385100292,2.52489933672,5.15108873528
0.1,450,20260913,5,64,True,,0.089091456229,7.90444693723,-0.843320720589,-0.166134989044,0.500914160654,0.527745990917,341.651196561,2.87338846113,7.41718500444
0.1,451,20260913,4,65,True,,0.0914761062334,8.24283266616,-1.02886369597,-0.218259938669,0.499586106788,0.545182243772,336.40037218,2.975358356,2.16636062371
0.1,452,20260913,10,59,True,,0.0554057494683,4.53171200563,-0.849145642188,-0.243657638787,0.342752760565,0.4205335894,324.591567354,2.318840274,-9.6424442022
0.1,453,20260913,6,63,True,,0.12925254766,11.2884709128,-0.812633594035,-0.320318540377,0.569854719601,0.653711227348,330.659414506,3.69663318242,-3.57459705038
0.1,454,20260913,6,63,True,,0.0588649238048,5.14105905212,-1.22398268556,-0.254140412217,0.348564475534,0.431375176298,323.903989568,2.36966916505,-10.3300219886
0.1,455,20260913,9,60,True,,0.0568102472511,4.72534352508,-0.768204491611,-0.160266233897,0.387903947811,0.41970792041,337.551563997,2.31501424489,3.31755244024
0.1,456,20260913,6,63,True,,0.110967124841,9.69148526447,-1.33326081565,-0.338305720279,0.494665643635,0.599286959116,325.631468912,3.315385539,-8.60254264419
0.1,457,20260913,8,61,True,,0.118212721774,9.99653540607,-1.37034170646,-0.29327471544,0.544159948315,0.618158643122,331.677576037,3.44291083395,-2.55643551956
0.1,458,20260913,6,63,True,,0.139395544748,12.1743252319,-1.09823247337,-0.220913206472,0.641615534165,0.678581710979,341.001017016,3.88515710534,6.76700545951
0.1,459,20260913,6,63,True,,0.0840043012811,7.33664541807,-0.946952909889,-0.260241483186,0.446793146817,0.517058744838,329.780686593,2.81262297122,-4.45332496367
0.1,460,20260913,8,61,True,,0.15788752231,13.351593494,-1.01477539584,-0.420303954182,0.597793008585,0.730761175087,324.889223793,4.31251969875,-9.3447877636
0.1,461,20260913,6,63,True,,0.102698885595,8.96936581757,-0.797412560058,-0.232944969297,0.527943047478,0.577050448489,336.191429402,3.17117092601,1.95741784507
0.1,462,20260913,8,61,True,,0.108097421307,9.1411455822,-0.621892794491,-0.20831979849,0.554841863912,0.59266063847,339.420953661,3.27173778654,5.18694210481
0.1,463,20260913,3,66,True,,0.107219869445,9.81012782716,-1.11037983872,-0.226678781016,0.539287889572,0.584991194465,337.201532546,3.22193589629,2.96752098942
0.1,464,20260913,5,64,True,,0.15389364693,13.6538812769,-1.10990475701,-0.29265804339,0.65394246842,0.716442239377,335.890112578,4.19076996153,1.65610102124
0.1,465,20260913,9,60,True,,0.0975013669337,8.1099357109,-1.01085956654,-0.345120864784,0.451643669424,0.568410428687,322.61495793,3.11684370691,-11.6190536269
0.1,466,20260913,9,60,True,,0.0745113402179,6.19767904701,-1.07731778678,-0.0475655786472,0.471471688938,0.47386499949,354.239067331,2.57984675267,20.0050557745
0.1,467,20260913,3,66,True,,0.127219799128,11.6400299502,-1.57529131346,-0.252965513487,0.59167364794,0.643482133925,336.85124297,3.62177511116,2.61723141319
0.1,468,20260913,7,62,True,,0.0710129929042,6.10358452102,-0.805455983416,-0.251577107396,0.401209211605,0.473560843444,327.91034731,2.57827787792,-6.3236642466
0.1,469,20260913,10,59,True,,0.0586521621264,4.79724053578,-0.656931796818,-0.191146455082,0.381764071177,0.426943524757,333.40321001,2.34875887305,-0.83080154696
0.1,470,20260913,7,62,True,,0.113994042762,9.7978165183,-1.05696714024,-0.104718118269,0.593151016218,0.602323843405,349.987860044,3.3355837009,15.7538484872
0.1,471,20260913,11,58,True,,0.115684852601,9.30164901199,-0.614206210083,-0.0610798266089,0.60660945237,0.609676777418,354.25023688,3.38499881008,20.0162253238
0.1,472,20260913,7,62,True,,0.105475495927,9.06564528485,-1.08579534598,-0.225556208311,0.534990695393,0.580595080296,337.139336213,3.19373206913,2.90532465639
0.1,473,20260913,11,58,True,,0.18438160042,14.8252160315,-2.13191272477,-0.440592575618,0.656625346858,0.79074563788,326.138571173,4.86220129032,-8.09544038307
0.1,474,20260913,10,59,True,,0.169663080318,13.8769753206,-2.06728684379,-0.316036393809,0.674463298727,0.744835380162,334.893403329,4.43563489158,0.659391772226
0.1,475,20260913,6,63,True,,0.103783267271,9.06407196633,-0.975233594044,-0.167722448192,0.550255397768,0.575249356714,343.048340047,3.15976833572,8.8143284908
0.1,476,20260913,8,61,True,,0.155452760822,13.1457004307,-1.55229011635,-0.317088618112,0.648229206268,0.721627532454,333.933910557,4.2344568402,-0.300100999661
0.1,477,20260913,8,61,True,,0.0846242734767,7.15616334121,-1.16697200921,-0.327516074132,0.416151582276,0.529574280197,321.796848118,2.88391446463,-12.4371634385
0.1,478,20260913,8,61,True,,0.100336642167,8.4848633962,-0.754634930604,-0.117747937738,0.550297563284,0.562753929349,347.922462508,3.08178156113,13.6884509514
0.1,479,20260913,7,62,True,,0.109411209699,9.40392086902,-1.0170362964,-0.179822523365,0.5589153593,0.587130751001,342.165209711,3.23575246455,7.93119815411
0.1,480,20260913,6,63,True,,0.121750534392,10.6332709953,-0.928442510931,-0.278990181017,0.562693268691,0.628059898206,333.627225328,3.5117686393,-0.606786228727
0.1,481,20260913,9,60,True,,0.160621589883,13.3601282598,-1.12112121702,-0.363157456825,0.643202858535,0.73864284717,330.550581224,4.38103805138,-3.68343033223
0.1,482,20260913,5,64,True,,0.0926603560441,8.22108986133,-1.1934743217,-0.204212910328,0.500829206242,0.540863020153,337.816840818,2.9497665756,3.58282926185
0.1,483,20260913,8,61,True,,0.146667144042,12.4027539195,-1.22806892779,-0.206356299363,0.659620438246,0.691145458524,342.628178912,3.98401823611,8.39416735531
0.1,484,20260913,6,63,True,,0.0957186313718,8.35973453227,-1.0346153426,-0.150239901624,0.531087870895,0.551929664588,344.204276969,3.015782491,9.97026541249
0.1,485,20260913,11,58,True,,0.132236851037,10.6325136536,-0.758101604263,-0.128953696106,0.64206646425,0.654888082235,348.64370609,3.70534423169,14.4096945334
0.1,486,20260913,8,61,True,,0.126499866516,10.6973291497,-1.73332157253,-0.270535922416,0.581955661679,0.641764814771,335.067519267,3.60935696176,0.833507710211
0.1,487,20260913,10,59,True,,0.137177661164,11.2199484704,-1.03138621372,-0.310333408507,0.600059391039,0.67555761946,332.653298605,3.86172988152,-1.58071295192
0.1,488,20260913,11,58,True,,0.108025822499,8.68582413795,-0.91879611116,-0.0302573904253,0.581104974144,0.581892172701,357.019373971,3.20202795623,22.7853624148
0.1,489,20260913,9,60,True,,0.134185657886,11.1612492522,-1.45846466852,-0.293557612529,0.599927051494,0.667898599331,333.9264714,3.80302650592,-0.307540156516
0.1,490,20260913,3,66,True,,0.0879231188983,8.04456338009,-0.837572939789,-0.261701865809,0.463943610572,0.532664566457,330.573472451,2.90179390278,-3.66053910534
0.1,491,20260913,4,65,True,,0.120410474389,10.8500835082,-1.03517948942,-0.307107824437,0.551187214726,0.630969540872,330.874534136,3.53226419996,-3.35947742022
0.1,492,20260913,9,60,True,,0.122731420943,10.2085126071,-1.20095337884,-0.243613987659,0.580222728864,0.629290227219,337.224272794,3.52042054132,2.99026123753
0.1,493,20260913,8,61,True,,0.0521036790122,4.4060932209,-0.9096403392,-0.187593309291,0.354430171288,0.401013710501,332.108561931,2.23005761398,-2.12544962604
0.1,494,20260913,7,62,True,,0.106500840723,9.15377392686,-0.941535430263,-0.259911357244,0.530248753153,0.590523203477,333.887350813,3.25778138502,-0.346660743104
0.1,495,20260913,6,63,True,,0.100427411491,8.77098311783,-0.74639067981,-0.0981095730391,0.55654539586,0.565126769827,350.002435853,3.09644147131,15.7684242967
0.1,496,20260913,7,62,True,,0.160398553475,13.7862958333,-1.05220257819,-0.355113197803,0.644481486428,0.735840858883,331.144969865,4.35655548072,-3.08904169172
0.1,497,20260913,8,61,True,,0.126632710645,10.7085629747,-0.825649875537,-0.324444260265,0.565950197457,0.652352438503,330.175494762,3.68660093244,-4.05851679438
0.1,498,20260913,9,60,True,,0.125747552037,10.4593873389,-0.921614312608,-0.264026386212,0.587122575725,0.643756826404,335.786764429,3.6237654066,1.55275287268
0.1,499,20260913,5,64,True,,0.0834077468817,7.40017210725,-0.742239698981,-0.11942107906,0.49706793605,0.511212213443,346.490668369,2.7799263287,12.2566568128
0.1,500,20260913,5,64,True,,0.104839607231,9.3016676049,-0.928210867759,-0.181874756269,0.547393840505,0.576817513249,341.620635514,3.16969391517,7.38662395706
0.2,1,20260913,13,56,True,,0.141494276779,10.9845522096,-0.954836852773,-0.129001954323,0.660750447735,0.673225562796,348.952791839,3.84376027443,14.7187802826
0.2,2,20260913,11,58,True,,0.0622689770778,5.00674164414,-0.87844650763,-0.203979793828,0.391229305707,0.441212109913,332.463288915,2.41675134725,-1.7707226414
0.2,3,20260913,10,59,True,,0.0627122938027,5.12932425702,-0.770175738791,-0.0862908335797,0.427497675274,0.436119674315,348.588128409,2.39226196835,14.3541168521
0.2,4,20260913,16,53,True,,0.104844705753,7.70331809204,-0.673905352025,-0.292737823296,0.502641694812,0.581673539498,329.783537844,3.20062812305,-4.45047371257
0.2,5,20260913,16,53,True,,0.107857748619,7.92469720179,-0.922209798218,-0.21061849147,0.555655759063,0.594233515992,339.241041503,3.28204607736,5.00702994686
0.2,6,20260913,12,57,True,,0.120150335636,9.49413276836,-0.975570502433,-0.264236634773,0.573740484483,0.631663789283,335.271528603,3.53717214412,1.03751704608
0.2,7,20260913,13,56,True,,0.136037547239,10.5609327397,-1.42323360164,-0.475448016594,0.492794623969,0.684760803417,316.026376071,3.93346850084,-18.207635486
0.2,8,20260913,13,56,True,,0.123315546216,9.57329219602,-1.34173248576,-0.272966018952,0.578424255517,0.639597581979,334.736758625,3.59374618486,0.50274706891
0.2,9,20260913,16,53,True,,0.049350432279,3.62595397732,-1.24023497186,-0.105616268067,0.371825725201,0.386534818615,344.142920861,2.16640613849,9.90890930477
0.2,10,20260913,9,60,True,,0.135218135571,11.2471283318,-1.59983218477,-0.245259787452,0.614258963983,0.661412456924,338.234285463,3.75401117074,4.00027390688
0.2,11,20260913,12,57,True,,0.151815890692,11.9963062521,-0.895869541222,-0.21634952433,0.679644704664,0.713248933582,342.342302273,4.16409042812,8.10829071627
0.2,12,20260913,17,52,True,,0.101426100641,7.31153443226,-1.67490979328,-0.360363680693,0.455754384152,0.581011222814,321.666679304,3.19639127099,-12.5673322526
0.2,13,20260913,14,55,True,,0.0768536186198,5.85979559684,-1.50585277498,-0.0540172015606,0.480082746675,0.483112100572,353.580283101,2.62800289217,19.3462715449
0.2,14,20260913,12,57,True,,0.156356505175,12.3551000626,-1.01487158691,-0.242514988934,0.674868149135,0.71711961246,340.234015715,4.19645123855,6.00000415821
0.2,15,20260913,15,54,True,,0.086692819615,6.48981541702,-0.728229576624,-0.283967415627,0.441301892628,0.524771239279,327.239669503,2.85634398045,-6.99434205339
0.2,16,20260913,9,60,True,,0.107301056506,8.92505097458,-0.864061697594,-0.290422367058,0.516315551201,0.592390833571,330.64267895,3.26997280101,-3.591332607
0.2,17,20260913,16,53,True,,0.21376581423,15.706144172,-2.44147114091,-0.424859096103,0.723972759725,0.839429454073,329.593712487,5.3594368708,-4.64029907002
0.2,18,20260913,17,52,True,,0.214319433614,15.4497107595,-1.52463776178,-0.246644347258,0.82114252064,0.857384670517,343.281451551,5.55539396314,9.04743999427
0.2,19,20260913,14,55,True,,0.100269516187,7.64516856849,-1.06658614374,-0.255432878579,0.50547736192,0.566350879644,333.191160553,3.10403152738,-1.04285100332
0.2,20,20260913,12,57,True,,0.112076549351,8.85615203763,-1.59620103811,-0.387432539994,0.47384239008,0.612070734216,320.729190186,3.40124475295,-13.5048213706
0.2,21,20260913,16,53,True,,0.0928431688152,6.82152195404,-0.935208853609,-0.408873624056,0.376100193968,0.555543874371,312.609233276,3.03766080974,-21.6247782809
0.2,22,20260913,13,56,True,,0.171974921107,13.3508403495,-1.02419342558,-0.254160196454,0.715644069678,0.759436527912,340.447562064,4.56707545487,6.21355050714
0.2,23,20260913,15,54,True,,0.117628918218,8.80568852564,-1.75443414963,-0.354691226635,0.514022295892,0.624519644948,325.393128145,3.48699135993,-8.84088341204
0.2,24,20260913,14,55,True,,0.181275724912,13.821583339,-1.01857120239,-0.230128399761,0.746758073123,0.781413271036,342.872274247,4.77229128145,8.63826269016
0.2,25,20260913,12,57,True,,0.136172977639,10.7602223692,-1.55033937589,-0.38894466754,0.55645633964,0.678912079973,325.047718189,3.8877250245,-9.18629336706
0.2,26,20260913,17,52,True,,0.12515444774,9.02204706886,-1.33397721547,-0.22056284919,0.598975850447,0.638294634054,339.784613342,3.58439344801,5.55060178572
0.2,27,20260913,14,55,True,,0.0880322504967,6.71212368531,-0.897222392986,-0.215813875689,0.487318888215,0.532968411588,336.113379647,2.90355783059,1.8793680909
0.2,28,20260913,12,57,True,,0.0928105466698,7.33377603754,-1.23608108889,-0.0304404752832,0.537903826145,0.538764464972,356.761033502,2.93741202459,22.5270219451
0.2,29,20260913,16,53,True,,0.0426249452794,3.13180822804,-0.937364496905,-0.103759618554,0.339723653452,0.355215736078,343.016092271,2.0348690586,8.78208071419
0.2,30,20260913,14,55,True,,0.138455843581,10.5567305371,-1.61044762148,-0.204802277592,0.623587416114,0.656357553809,341.818478735,3.71625004567,7.58446717809
0.2,31,20260913,15,54,True,,0.116959367297,8.75556601363,-0.384561178131,-0.231268276601,0.577699919556,0.622271815863,338.182492063,3.47135022368,3.94848050653
0.2,32,20260913,18,51,True,,0.147574746766,10.4336840035,-1.41612680115,-0.562545698256,0.456175141715,0.724260604027,309.039015962,4.2568149148,-25.1949955943
0.2,33,20260913,12,57,True,,0.105095458895,8.3045147966,-0.874460418815,-0.138647880438,0.562617756275,0.579449716908,346.156240729,3.18642447461,11.9222291723
0.2,34,20260913,13,56,True,,0.184406767697,14.3159554838,-1.68891653584,-0.279478536042,0.728620035932,0.780381579017,339.014564911,4.76245436395,4.78055335396
0.2,35,20260913,14,55,True,,0.0482723998271,3.68058656229,-0.585481556761,-0.211921565231,0.324453245268,0.38753149314,326.848828574,2.17072884901,-7.38518298214
0.2,36,20260913,17,52,True,,0.113483929673,8.18075085277,-1.40659558754,-0.300457184743,0.522049315611,0.602337121381,330.078105355,3.33567228167,-4.15590620113
0.2,37,20260913,7,62,True,,0.109387206312,9.4018577719,-1.05015396229,-0.18508204917,0.561683916053,0.591391736903,341.762286001,3.26344528695,7.52827444437
0.2,38,20260913,9,60,True,,0.0921908546856,7.66821971985,-1.10804351067,-0.269014490315,0.477959820925,0.548465483342,330.627488121,2.99496027194,-3.60652343518
0.2,39,20260913,19,50,True,,0.0719238982261,4.98538472703,-1.47918442949,-0.122471793571,0.453542676548,0.469787504805,344.888626809,2.55889368198,10.6546152525
0.2,40,20260913,10,59,True,,0.146304049383,11.9664082415,-1.00224829799,-0.29502875361,0.639145625032,0.703952480963,335.222016849,4.08738320423,0.988005292889
0.2,41,20260913,10,59,True,,0.130777337088,10.696457213,-0.667073478518,-0.424985187496,0.51103719463,0.664658877836,320.252648471,3.77846467192,-13.9813630855
0.2,42,20260913,15,54,True,,0.136834566918,10.2434213803,-1.45484500506,-0.443375467014,0.511383006982,0.67682670203,319.074302673,3.87154403939,-15.1597088836
0.2,43,20260913,20,49,True,,0.154598572414,10.5016373295,-1.20801848206,-0.114772946878,0.695870177288,0.705271673168,350.63427259,4.09818153116,16.4002610334
0.2,44,20260913,13,56,True,,0.114955110162,8.92425077594,-1.65144077996,-0.294926396863,0.539033234235,0.614441540894,331.315187148,3.41741043592,-2.91882440843
0.2,45,20260913,12,57,True,,0.095021199557,7.50845912856,-1.26828190481,-0.177547693705,0.518662607448,0.548209890375,341.102986937,2.99342968162,6.86897538016
0.2,46,20260913,10,59,True,,0.0924415806714,7.56092327905,-0.828398861286,-0.0420052576432,0.533912246055,0.535562067511,355.501551522,2.91865862292,21.267539965
0.2,47,20260913,17,52,True,,0.128882104652,9.29076381626,-1.38407890645,-0.259370814792,0.585199651479,0.640103000818,336.096233596,3.59738071556,1.862222039
0.2,48,20260913,15,54,True,,0.112570488433,8.42701500056,-1.30199084049,-0.179794905866,0.561048380638,0.589153200443,342.23129941,3.24886726221,7.99728785389
0.2,49,20260913,10,59,True,,0.101186822914,8.27620859947,-1.32126959867,-0.276140079755,0.49873211835,0.570076371657,331.027395094,3.12724599462,-3.20661646297
0.2,50,20260913,10,59,True,,0.0836142667635,6.83892520488,-0.928179261256,-0.17225007928,0.48209891563,0.511946729908,340.338598385,2.78401313311,6.10458682843
0.2,51,20260913,19,50,True,,0.105347774074,7.30215125778,-1.22401622849,-0.104236026266,0.564751657797,0.57429050502,349.542623936,3.15371464372,15.3086123794
0.2,52,20260913,14,55,True,,0.179882571571,13.7153607048,-1.43858092087,-0.355312452136,0.682290691378,0.769264275905,332.491120817,4.6577316154,-1.74289073981
0.2,53,20260913,11,58,True,,0.124256719072,9.99087056092,-0.674290631387,-0.191206336147,0.609269541037,0.638568114314,342.576639922,3.58635450598,8.34262836582
0.2,54,20260913,20,49,True,,0.190862637206,12.9649980876,-1.84786822012,-0.541641744162,0.587081150428,0.798774095854,317.305332097,4.9409034135,-16.9286794596
0.2,55,20260913,15,54,True,,0.0775704293879,5.80691423791,-0.700611410802,-0.328077896114,0.371811301965,0.495861624032,318.575545908,2.69587613516,-15.6584656484
0.2,56,20260913,15,54,True,,0.101767967636,7.61833942254,-1.51012375176,-0.203813485658,0.536219242128,0.573647115014,339.188524473,3.1496591166,4.95451291623
0.2,57,20260913,11,58,True,,0.117883718488,9.47844898404,-1.40470220026,-0.221254821594,0.567273467513,0.608894804563,338.69262354,3.37970899328,4.45861198394
0.2,58,20260913,13,56,True,,0.105082944207,8.15785000826,-1.54284401089,-0.229403322969,0.53271789679,0.580012277585,336.701927899,3.19001160643,2.46791634247
0.2,59,20260913,15,54,True,,0.153250444125,11.4723122326,-1.94280915839,-0.377178380018,0.606478536696,0.714198673918,328.121880431,4.17200755424,-6.11213112558
0.2,60,20260913,21,48,True,,0.105889947984,7.04614261392,-1.26061091111,-0.16678276317,0.552967983458,0.577572576237,343.215965298,3.17448416832,8.98195374188
0.2,61,20260913,15,54,True,,0.132492102786,9.91834496917,-0.791907766268,-0.206667025108,0.617097015115,0.65078413113,341.484199052,3.67505560168,7.25018749565
0.2,62,20260913,10,59,True,,0.104247310672,8.52653007787,-0.793052436393,-0.145701300898,0.55772610702,0.576443648187,345.359166112,3.16732472541,11.1251545559
0.2,63,20260913,16,53,True,,0.098466278873,7.23467209959,-1.51351194674,-0.159022460986,0.537556096103,0.560584248401,343.520472733,3.0684375688,9.2864611764
0.2,64,20260913,15,54,True,,0.172149696493,12.8871082899,-1.60034259882,-0.287322479293,0.705280176582,0.761560460231,337.83462188,4.58651703656,3.60061032369
0.2,65,20260913,10,59,True,,0.0641864172911,5.24989483272,-1.85169274176,-0.21861597903,0.387779186585,0.445157998733,330.587257566,2.43589926768,-3.64675399062
0.2,66,20260913,9,60,True,,0.145236033346,12.0803936436,-1.58461325358,-0.381248932292,0.588311588135,0.701042989487,327.055183419,4.06366785756,-7.17882813788
0.2,67,20260913,11,58,True,,0.0932505224615,7.49781506067,-1.40116000052,-0.287565868931,0.467659479948,0.548998650416,328.412459032,2.99815560369,-5.82155252445
0.2,68,20260913,14,55,True,,0.0552351746346,4.21147161223,-0.856362003776,-0.212658612019,0.352805089838,0.411940671313,328.919891978,2.27932954982,-5.31411957902
0.2,69,20260913,14,55,True,,0.106991611812,8.15770274781,-1.44817929845,-0.40113147043,0.428950895404,0.587286409886,316.919495392,3.23675996861,-17.3145161645
0.2,70,20260913,8,61,True,,0.178291782471,15.0770584531,-2.08936988932,-0.468570273784,0.623824643489,0.780202081065,323.088872343,4.76074496919,-11.1451392134
0.2,71,20260913,17,52,True,,0.0931402502494,6.71422979313,-1.2128404908,-0.167081975041,0.513859992623,0.54034107599,341.988025247,2.94668895533,7.75401369089
0.2,72,20260913,13,56,True,,0.0980777585168,7.61402004066,-1.36955348013,-0.239058444959,0.505856057251,0.559499142773,334.705427017,3.06178563171,0.471415460015
0.2,73,20260913,19,50,True,,0.0426996149495,2.95971177132,-1.3203944522,-0.207556303804,0.295490880122,0.361101757796,324.915339628,2.05896517755,-9.3186719286
0.2,74,20260913,13,56,True,,0.0948241273756,7.36143257242,-1.43242889995,-0.0530353938308,0.538143875982,0.540750944757,354.371536289,2.94910545718,20.1375247325
0.2,75,20260913,11,58,True,,0.10365194721,8.33414237628,-0.877188442038,-0.157560245252,0.550783029217,0.572876231098,344.035980048,3.14480681501,9.80196849173
0.2,76,20260913,9,60,True,,0.0833428530556,6.93226363383,-1.35886367852,-0.254152240025,0.452765789322,0.519220782606,330.693078104,2.82481129804,-3.54093345267
0.2,77,20260913,18,51,True,,0.0849744008285,6.00777616812,-1.15656635102,0.0889289781372,0.498790322675,0.506655848823,10.1090057176,2.75470868804,35.8749941611
0.2,78,20260913,13,56,True,,0.0340050573196,2.63989707585,-0.550801946014,-0.135021603902,0.293060734052,0.322669222832,335.263101351,1.90663221149,1.02908979488
0.2,79,20260913,11,58,True,,0.133453321084,10.7303240165,-1.17030080992,-0.246699979765,0.608398240488,0.656512984674,337.927891125,3.71740546516,3.69387956873
0.2,80,20260913,17,52,True,,0.129483479822,9.33411533265,-0.739592709854,-0.303697986504,0.566240618431,0.642542531641,331.793522077,3.61497544582,-2.44048947916
0.2,81,20260913,12,57,True,,0.125634792149,9.92750782322,-1.83378912774,-0.413986096608,0.493744452262,0.644335372554,320.021436269,3.62796086445,-14.2125752871
0.2,82,20260913,19,50,True,,0.121305517094,8.40825771598,-1.98844987225,-0.281533029249,0.555141202608,0.62244887452,333.108715992,3.47257970658,-1.12529556422
0.2,83,20260913,15,54,True,,0.245750732856,18.3968741808,-1.17821365751,-0.360313371946,0.865488125273,0.937494224511,337.397436312,6.52074379893,3.16342475581
0.2,84,20260913,11,58,True,,0.085037236433,6.83742519844,-1.6658954677,-0.189662485958,0.476752922795,0.513093761386,338.306281722,2.79040716587,4.07227016546
0.2,85,20260913,10,59,True,,0.144991892494,11.8590851354,-1.50517945374,-0.387597945127,0.577882322195,0.695830543575,326.149403519,4.0215246108,-8.084608038
0.2,86,20260913,19,50,True,,0.181102756028,12.5530864733,-1.23551545441,-0.226500501209,0.742528703734,0.776306223675,343.036229449,4.72379474201,8.80221789261
0.2,87,20260913,15,54,True,,0.158341494031,11.8534276965,-1.383027011,-0.432451844601,0.604571164469,0.74331748991,324.423728511,4.42218969631,-9.81028304585
0.2,88,20260913,11,58,True,,0.138797417869,11.1600165083,-1.2647070221,-0.446729881914,0.519573028881,0.685218008911,319.310993972,3.93706695264,-14.9230175846
0.2,89,20260913,15,54,True,,0.0687788481171,5.14877738269,-0.750719102948,-0.301175813372,0.366703392602,0.474529502461,320.60352206,2.58327766368,-13.6304894965
0.2,90,20260913,17,52,True,,0.0882697214534,6.36312648964,-0.587416909223,-0.147285184548,0.5051022289,0.526137992571,343.743590079,2.86416249664,9.5095785225
0.2,91,20260913,19,50,True,,0.186537909779,12.9298226231,-0.991828898605,-0.277536205692,0.749148738958,0.798905613044,339.671905944,4.94220321191,5.43789438704
0.2,92,20260913,10,59,True,,0.137727814885,11.2649462955,-2.15841043686,-0.393432971939,0.556683157074,0.681678546515,324.749436221,3.90929516495,-9.48457533514
0.2,93,20260913,16,53,True,,0.103986037688,7.64022865714,-1.75177423292,-0.392930283611,0.435217211119,0.58635162542,317.923102515,3.23071427591,-16.3109090416
0.2,94,20260913,13,56,True,,0.083591242649,6.48939582611,-1.37751236655,-0.125556096691,0.4952874217,0.510953973965,345.775093555,2.77849092597,11.5410819988
0.2,95,20260913,14,55,True,,0.097024160307,7.39772254793,-1.32925355136,-0.331650984495,0.453797108047,0.56207133959,323.839343751,3.07757724654,-10.3946678054
0.2,96,20260913,14,55,True,,0.0780287623674,5.94939583013,-1.23929653238,-0.241064777444,0.430187584182,0.493126337269,330.734980929,2.68116841307,-3.49903062715
0.2,97,20260913,18,51,True,,0.133394490317,9.43112551626,-1.39166314119,-0.153448962498,0.639597162077,0.657746998342,346.508870914,3.72659145444,12.2748593579
0.2,98,20260913,13,56,True,,0.115725783059,8.98408002745,-0.888305475523,-0.0916958797549,0.598766667275,0.605747188358,351.293295738,3.35849976823,17.0592841814
0.2,99,20260913,16,53,True,,0.0819996964887,6.02481299336,-0.573254704406,-0.124111612187,0.49020701527,0.505674411158,345.792292512,2.74930684162,11.5582809556
0.2,100,20260913,9,60,True,,0.0802870985464,6.67809311913,-0.97145329912,-0.145778363324,0.477850104422,0.499591886953,343.0345555,2.71606400115,8.80054394323
0.2,101,20260913,10,59,True,,0.207840577478,16.9995650136,-1.50462623532,-0.438568876955,0.721479572376,0.844319508948,328.705657998,5.41210990578,-5.52835355809
0.2,102,20260913,14,55,True,,0.0828166508312,6.31445408298,-1.20972399778,-0.160148607097,0.480925773435,0.506889707835,341.582206824,2.7559974163,7.34819526752
0.2,103,20260913,10,59,True,,0.0809916627754,6.6244188388,-0.854012421852,-0.175387834212,0.47411976887,0.505519977472,339.699404053,2.74845780157,5.4653924961
0.2,104,20260913,9,60,True,,0.0765652766804,6.36852067917,-1.89582066417,-0.216292392579,0.440070083922,0.490350974151,333.826098612,2.66632720905,-0.407912944511
0.2,105,20260913,17,52,True,,0.0753739811035,5.4335072989,-0.746290779495,-0.146629843799,0.464041820966,0.486657089436,342.464291379,2.64670158247,8.23027982274
0.2,106,20260913,12,57,True,,0.115092610809,9.09447753018,-1.29089739989,-0.15663105725,0.585187266156,0.605786616364,345.015475881,3.35876461658,10.7814643241
0.2,107,20260913,14,55,True,,0.126016659167,9.6082901206,-0.632112888029,-0.199571653517,0.608676726984,0.640559289106,341.846825493,3.60066509933,7.61281393663
0.2,108,20260913,14,55,True,,0.105950186156,8.07829800953,-1.43452649933,-0.370943212622,0.463613850784,0.593747984948,321.336263462,3.27886055376,-12.8977480948
0.2,109,20260913,17,52,True,,0.1765588375,12.7276510833,-1.85942649445,-0.511968568765,0.598876264287,0.787886156326,319.473461758,4.83447390204,-14.7605497982
0.2,110,20260913,9,60,True,,0.118740556543,9.87656183829,-1.1999106609,-0.292633078007,0.550794239495,0.62370538927,332.01860793,3.48131737623,-2.21540362676
0.2,111,20260913,12,57,True,,0.104032486717,8.22052003339,-1.09830685129,-0.329539395013,0.475030755681,0.57814395414,325.250094943,3.17811390208,-8.98391661318
0.2,112,20260913,14,55,True,,0.0593843940539,4.52783378385,-0.938533808018,-0.0929998410104,0.415818887438,0.426091912125,347.393004463,2.34476181251,13.1589929061
0.2,113,20260913,18,51,True,,0.0977370135341,6.91010580749,-1.41756040977,-0.326651284463,0.465441363904,0.568627052535,324.938447882,3.11819436482,-9.29556367433
0.2,114,20260913,10,59,True,,0.0884133574413,7.23144939324,-0.762684693547,-0.24283483733,0.470644928275,0.529599288833,332.707991293,2.88405871377,-1.52602026313
0.2,115,20260913,16,53,True,,0.122338637907,8.98866028549,-1.31016194481,-0.196729255171,0.595626927363,0.627274928911,341.72215879,3.50625970367,7.48814723303
0.2,116,20260913,21,48,True,,0.0731392748316,4.86684308522,-0.883846282923,0.0503068004414,0.465542742399,0.46825294358,6.16748115193,2.55105216338,31.9334695954
0.2,117,20260913,10,59,True,,0.154705723563,12.6535926603,-1.33630001804,-0.467559271546,0.560276254478,0.729740470126,320.154475283,4.30372505804,-14.079536273
0.2,118,20260913,13,56,True,,0.0900376764339,6.9898484952,-1.19543231313,-0.185275859896,0.497041699238,0.530450370008,339.556699143,2.88897203037,5.3226875867
0.2,119,20260913,13,56,True,,0.114475693093,8.88703243789,-0.789688203337,-0.12301088616,0.593524541444,0.606137822125,348.29094165,3.36112468031,14.0569300936
0.2,120,20260913,14,55,True,,0.178664740606,13.6225057338,-1.14855809752,-0.439344981232,0.650737341854,0.785164378087,325.974766443,4.80822866883,-8.25924511305
0.2,121,20260913,13,56,True,,0.0714527642933,5.54705559667,-0.88209803129,-0.140541931647,0.449624967457,0.471078173886,342.642013276,2.56550758458,8.40800171961
0.2,122,20260913,10,59,True,,0.0938658367007,7.67741512708,-1.4965854598,-0.214258205183,0.50402712712,0.547676842089,336.970013947,2.990240097,2.73600239051
0.2,123,20260913,10,59,True,,0.111632411211,9.13056754861,-1.09887102828,-0.266607259796,0.536665079015,0.599240217284,333.582494561,3.31507561909,-0.651516995842
0.2,124,20260913,10,59,True,,0.114942429916,9.40129850429,-0.877895016955,-0.268058696417,0.553100264691,0.614634336436,334.142964701,3.418728413,-0.0910468553906
0.2,125,20260913,18,51,True,,0.110644469664,7.82267602359,-2.39839633469,-0.389712828481,0.467088333796,0.608315378936,320.160236612,3.37579468177,-14.0737749441
0.2,126,20260913,15,54,True,,0.112920422671,8.45321104102,-1.17102067889,-0.339961926833,0.506411211383,0.609939691044,326.12590782,3.38677920275,-8.1081037365
0.2,127,20260913,15,54,True,,0.197239372877,14.7653188421,-0.962025741403,-0.280551151308,0.77660569631,0.825727168042,340.137593249,5.21455803512,5.90358169294
0.2,128,20260913,11,58,True,,0.174287618769,14.0136087005,-0.782129280366,-0.234184857032,0.73148691165,0.768059665116,342.247580813,4.64652361458,8.01356925676
0.2,129,20260913,12,57,True,,0.0903418300251,7.13870106361,-1.15617135647,-0.186499969685,0.503102704614,0.536558077082,339.660277097,2.92447844143,5.4262655407
0.2,130,20260913,16,53,True,,0.0573311384203,4.21232519716,-0.683637991498,-0.318742022802,0.286816754646,0.428789374688,311.982140603,2.35744581078,-22.251870954
0.2,131,20260913,10,59,True,,0.111555757812,9.12429796234,-1.08731222718,-0.112713449726,0.586989766274,0.597713399097,349.130400103,3.30496802392,14.8963885462
0.2,132,20260913,8,61,True,,0.13764468357,11.6397789689,-1.44829719739,-0.267240759053,0.619649514919,0.6748208241,336.670560886,3.85604346296,2.43654932993
0.2,133,20260913,11,58,True,,0.178224166999,14.3301271481,-1.27817181408,-0.346669158643,0.697101938569,0.778543909045,333.558817293,4.74498285173,-0.675194263701
0.2,134,20260913,15,54,True,,0.160944617221,12.0482972265,-3.11294935693,-0.373742371614,0.628396279157,0.731139688431,329.257686232,4.3157856273,-4.97632532414
0.2,135,20260913,13,56,True,,0.118131709805,9.17085809762,-1.67189297817,-0.253830234352,0.557655995273,0.612707105341,335.526229356,3.40557641681,1.2922177991
0.2,136,20260913,13,56,True,,0.112333671404,8.72074197294,-1.23782531344,-0.397632599646,0.463217895957,0.610477275118,319.356755783,3.39042251811,-14.877255774
0.2,137,20260913,17,52,True,,0.150526146736,10.8510245179,-0.860379721597,-0.299365494307,0.634087217671,0.701203464621,334.727049422,4.06497230217,0.493037864986
0.2,138,20260913,19,50,True,,0.0656086096199,4.54764227785,-1.52239235869,-0.191474210358,0.405714103132,0.448627135506,334.73532813,2.45285897062,0.501316573023
0.2,139,20260913,13,56,True,,0.115172963247,8.94116325216,-1.00697057831,-0.164062579294,0.588629382479,0.611065528272,344.425801242,3.39441371896,10.1917896855
0.2,140,20260913,16,53,True,,0.0931390068508,6.84325823987,-1.60874579498,-0.0691851762792,0.530835205551,0.535324765044,352.574344151,2.9172737418,18.3403325948
0.2,141,20260913,14,55,True,,0.237674335458,18.1217625066,-1.11755568084,-0.207678057925,0.877065081339,0.901317553722,346.678430631,6.06560995769,12.4444190742
0.2,142,20260913,15,54,True,,0.0721265842085,5.39938855665,-0.97658329544,-0.159203946716,0.442283923719,0.470064852792,340.203218442,2.56031348375,5.969206885
0.2,143,20260913,15,54,True,,0.0788086145502,5.89960464976,-1.06130125927,-0.164363786284,0.467199460657,0.495268402263,340.617798838,2.69267952702,6.38378728154
0.2,144,20260913,13,56,True,,0.112058105715,8.69934912398,-0.920816733457,-0.178910932358,0.573938209009,0.601177336131,342.686433942,3.32794392135,8.45242238553
0.2,145,20260913,12,57,True,,0.0616521070617,4.87167419714,-1.35139081114,-0.19169001175,0.392215884755,0.436552815658,333.953576459,2.39433524136,-0.280435097932
0.2,146,20260913,16,53,True,,0.0961855672721,7.06710000511,-1.52795120951,-0.345231598186,0.438429061643,0.558036646179,321.782091759,3.05284301452,-12.4519197977
0.2,147,20260913,12,57,True,,0.197315304706,15.5916143738,-1.43796192118,-0.425409709028,0.703298412315,0.821950167163,328.831180847,5.17531565966,-5.40283070944
0.2,148,20260913,10,59,True,,0.120948147976,9.89251439607,-1.11384614365,-0.13276664653,0.606732274621,0.62108858909,347.656950933,3.46314514693,13.4229393767
0.2,149,20260913,11,58,True,,0.091206190162,7.33344037301,-1.61352443389,-0.178630422591,0.500193714689,0.531133297854,340.347211124,2.89292064527,6.11319956701
0.2,150,20260913,14,55,True,,0.106046825227,8.08566637047,-1.74319555489,-0.331414973784,0.482496877795,0.585353843355,325.515806198,3.22427360691,-8.71820535808
0.2,151,20260913,11,58,True,,0.0917311931699,7.37565327816,-0.654111635802,-0.0513683183218,0.532698584307,0.535169586066,354.491977697,2.91636848316,20.2579661401
0.2,152,20260913,11,58,True,,0.208527688224,16.7666839827,-1.69523888827,-0.267841506943,0.794524124798,0.83845551923,341.370557692,5.34900754697,7.1365461356
0.2,153,20260913,11,58,True,,0.0840798359159,6.76044534002,-1.09961991915,-0.0996427604544,0.503108023203,0.512880456561,348.797294397,2.78921700513,14.5632828401
0.2,154,20260913,15,54,True,,0.131687542527,9.85811567229,-1.14148973553,-0.253746028984,0.59869989848,0.650252732148,337.031389034,3.6711518349,2.79737747755
0.2,155,20260913,13,56,True,,0.0624038562103,4.84456638268,-0.660464934509,-0.132973654896,0.414808911311,0.435601223368,342.225913425,2.38978271297,7.99190186866
0.2,156,20260913,13,56,True,,0.0845045672097,6.56029948065,-0.807746944567,-0.15932027414,0.488748529783,0.514060380809,341.94527633,2.79580690721,7.71126477353
0.2,157,20260913,10,59,True,,0.096865880131,7.92279278122,-1.2436431621,-0.210522422679,0.517810659936,0.558970097585,337.875182314,3.05854769912,3.64117075791
0.2,158,20260913,8,61,True,,0.12740724112,10.7740603357,-1.48328782331,-0.332055644053,0.555799999237,0.647436938936,329.14433069,3.6505355318,-5.08968086654
0.2,159,20260913,22,47,True,,0.136312642152,8.88156401674,-1.22093686815,-0.25164738172,0.615703391556,0.665144398683,337.76941547,3.78213550063,3.53540391296
0.2,160,20260913,19,50,True,,0.194191819891,13.4603512446,-1.51374008346,-0.401373706523,0.707061357233,0.813041582688,330.417956264,5.08392278504,-3.81605529216
0.2,161,20260913,9,60,True,,0.0945017446119,7.86043414029,-1.12739944371,-0.295258496227,0.46147194399,0.547844808941,327.388116505,2.99124478818,-6.84589505137
0.2,162,20260913,14,55,True,,0.138943892787,10.5939424295,-1.54300191655,-0.34407861564,0.581705867196,0.675848954775,329.395714836,3.86398065377,-4.83829672006
0.2,163,20260913,11,58,True,,0.0719132159072,5.78218737073,-1.54931181059,-0.258605124289,0.407483139687,0.482616948975,327.599151947,2.62540166073,-6.63485960975
0.2,164,20260913,9,60,True,,0.107040558763,8.90338338145,-1.33288223981,-0.223320749475,0.540294429987,0.584628282092,337.543146885,3.21959818397,3.30913532855
0.2,165,20260913,16,53,True,,0.126300300264,9.27973788535,-1.11113155247,-0.146928735512,0.618056815099,0.635281260553,346.627475497,3.56285618056,12.3934639401
0.2,166,20260913,8,61,True,,0.165761998787,14.0174903766,-1.26719186091,-0.265496594962,0.693029345997,0.742144269229,339.038376184,4.41182545179,4.80436462749
0.2,167,20260913,17,52,True,,0.126395055371,9.11147913177,-0.659671760825,0.00793674380962,0.62480743875,0.624857845769,0.727772172164,3.48935076448,26.4937606156
0.2,168,20260913,11,58,True,,0.116724007097,9.38520230505,-1.24838565973,-0.0723575325978,0.594625459575,0.599011727514,353.062022083,3.31356104345,18.828010526
0.2,169,20260913,11,58,True,,0.126688753413,10.1864184595,-1.46108881266,-0.240147215208,0.596091551229,0.64264751024,338.056988843,3.61573451562,3.82297728661
0.2,170,20260913,12,57,True,,0.137170172325,10.8390194752,-1.48852024569,-0.353346458859,0.575321636097,0.675165687035,328.442917387,3.85870399331,-5.79109416906
0.2,171,20260913,12,57,True,,0.127748942326,10.0945653879,-1.05201197128,-0.317787084771,0.567758174272,0.65064427739,330.7632743,3.67402780489,-3.47073725659
0.2,172,20260913,14,55,True,,0.146951239403,11.2044720999,-0.994373623908,-0.249649407678,0.647464358482,0.693927173599,338.914350637,4.00624481396,4.6803390802
0.2,173,20260913,15,54,True,,0.129394292016,9.68644317866,-0.805141844274,-0.171401969515,0.623933106844,0.64704803297,344.639085959,3.64769720568,10.4050744027
0.2,174,20260913,16,53,True,,0.135864108129,9.98242528983,-1.39229712996,-0.365096028209,0.569094651,0.676138914433,327.31827262,3.86622210066,-6.91573893604
0.2,175,20260913,12,57,True,,0.135416280907,10.7004291177,-1.62943187479,-0.474593756749,0.491184860998,0.683009371545,315.984186994,3.91971420042,-18.2498245628
0.2,176,20260913,12,57,True,,0.111168906859,8.78443123646,-0.841026292967,-0.175534835471,0.572691915609,0.598989573088,342.959262242,3.31341422662,8.72525068508
0.2,177,20260913,16,53,True,,0.118147326349,8.68070953188,-0.831422495066,-0.23295097267,0.572876245071,0.618428126652,337.871668173,3.44476694963,3.63765661626
0.2,178,20260913,11,58,True,,0.152567240732,12.2671801201,-1.18920745812,-0.265925293173,0.655533488229,0.707418133595,337.91945494,4.11581251725,3.68544338351
0.2,179,20260913,7,62,True,,0.0889348222484,7.64397024059,-1.07228884347,-0.0359904470229,0.524971333277,0.526203585164,356.078111314,2.86453825697,21.8440997577
0.2,180,20260913,13,56,True,,0.144905856481,11.249401617,-1.05402594804,-0.273386837709,0.639216462253,0.695225178376,336.844062255,4.01665857503,2.61005069837
0.2,181,20260913,13,56,True,,0.118185816991,9.17505857287,-0.853375303731,-0.428501782677,0.456992703746,0.626463174523,316.842864743,3.50057187865,-17.3911468135
0.2,182,20260913,17,52,True,,0.0931088683977,6.71196755996,-1.01265244953,-0.233392889114,0.492871806179,0.545339213715,334.660727289,2.97629258631,0.426715732651
0.2,183,20260913,18,51,True,,0.107432819797,7.59560912649,-1.01293034241,-0.374764926098,0.456976660219,0.590996123353,320.644943991,3.26086418185,-13.5890675658
0.2,184,20260913,16,53,True,,0.098235719602,7.21773207968,-0.625378438345,-0.19537116203,0.52456946174,0.559770498636,339.572607509,3.06344774966,5.33859595249
0.2,185,20260913,9,60,True,,0.0843234037823,7.01382355043,-0.638131931403,-0.132602451354,0.495143691916,0.512592124159,345.007655032,2.78760902553,10.7736434759
0.2,186,20260913,13,56,True,,0.0863678778874,6.70495291744,-1.59657476054,-0.349569945512,0.387449899434,0.521839603112,317.94219142,2.83964545964,-16.2918201366
0.2,187,20260913,15,54,True,,0.0955690384072,7.15428822825,-1.47441943271,-0.14180813825,0.527830784684,0.546548154635,344.961895272,2.98349761705,10.7278837152
0.2,188,20260913,12,57,True,,0.128970843922,10.1911185596,-0.916135833336,-0.244436683874,0.603710902689,0.651318774833,337.957452787,3.67898739408,3.72344123012
0.2,189,20260913,13,56,True,,0.100669219786,7.81520161676,-0.437973808284,-0.247300299006,0.515666663838,0.571899944118,334.378837241,3.13867233808,0.144825684573
0.2,190,20260913,13,56,True,,0.148812544508,11.5526875136,-0.998580393936,-0.224363221476,0.661222295375,0.698250513106,341.257109899,4.04103572306,7.02309834234
0.2,191,20260913,14,55,True,,0.12878778549,9.81957794432,-1.65610619585,-0.358731796579,0.537429047298,0.646156701394,326.277044252,3.64120038283,-7.95696730436
0.2,192,20260913,12,57,True,,0.0714747650496,5.64784863378,-1.00418504798,-0.120444116573,0.457540216328,0.473127715077,345.2518936,2.57604539445,11.0178820436
0.2,193,20260913,13,56,True,,0.141899685872,11.0160251247,-1.09198064889,-0.353441761679,0.583427713001,0.682135598834,328.792428916,3.91287030357,-5.44158264098
0.2,194,20260913,9,60,True,,0.0906800795036,7.5425569729,-0.92929012355,-0.052908131909,0.529379708054,0.532017053976,354.292604426,2.89803843948,20.0585928692
0.2,195,20260913,14,55,True,,0.0649573420521,4.95274983501,-0.767704534018,-0.049486460057,0.441393001887,0.444158408503,353.603037937,2.43103433003,19.3690263802
0.2,196,20260913,10,59,True,,0.0800748380138,6.54943048796,-1.26080787868,-0.0637641958621,0.493835925125,0.497935531588,352.642664232,2.70708135346,18.4086526755
0.2,197,20260913,13,56,True,,0.0801402492845,6.22148663818,-0.776101046308,-0.225826137216,0.448849697658,0.502457456247,333.292027738,2.73167483154,-0.941983818328
0.2,198,20260913,14,55,True,,0.0507469798071,3.86926385727,-0.586898948637,-0.253306809473,0.30996941013,0.400306601172,320.744327415,2.22690605391,-13.4896841418
0.2,199,20260913,12,57,True,,0.0706521378646,5.5828456384,-1.14842688077,-0.256314709011,0.401458425643,0.476304626868,327.443441179,2.59246524158,-6.79057037728
0.2,200,20260913,11,58,True,,0.0941526955621,7.57035435464,-1.35857297601,-0.228247270152,0.495173956926,0.545246791783,335.252963164,2.97574248773,1.01895160725
0.2,201,20260913,22,47,True,,0.0310743221818,2.02467340796,-1.38927502516,0.0312679344017,0.299797933042,0.301424093891,5.95423321373,1.82731593459,31.7202216572
0.2,202,20260913,15,54,True,,0.055823633403,4.17895136301,-0.947771739668,0.0195364129647,0.409697039592,0.410162572258,2.7300825698,2.27123819814,28.4960710133
0.2,203,20260913,13,56,True,,0.151613833359,11.7701585262,-1.23962681854,-0.17697838125,0.673845359819,0.696698583592,345.284221001,4.02851236328,11.0502094441
0.2,204,20260913,15,54,True,,0.100021149087,7.48757276852,-1.34794117196,-0.181447748539,0.540646339918,0.570282167279,341.447596175,3.12853340662,7.2135846182
0.2,205,20260913,12,57,True,,0.0969728972798,7.66267989879,-1.01709163018,-0.065286025947,0.545076087003,0.54897195357,353.169983388,2.99799552536,18.9359718313
0.2,206,20260913,14,55,True,,0.159409775963,12.1543880439,-1.18308543329,-0.332283629253,0.645250053949,0.72578236572,332.752946659,4.26979036608,-1.48106489755
0.2,207,20260913,15,54,True,,0.0406689721852,3.0444750079,-0.753119123132,0.000106246916965,0.347345983321,0.347345999571,0.0175257525085,2.00309202486,25.783514196
0.2,208,20260913,11,58,True,,0.0510846603954,4.10746584546,-0.610173949864,-0.143302614833,0.370967119443,0.397683596752,338.878719994,2.21525427446,4.64470843699
0.2,209,20260913,11,58,True,,0.0701999338758,5.64443080401,-1.60388379767,-0.0569221689177,0.459051405544,0.462567104587,352.931430128,2.52220674093,18.6974185712
0.2,210,20260913,12,57,True,,0.072805541177,5.75300493794,-1.45431104175,-0.118402868542,0.462653416246,0.477564051037,345.644894817,2.59900349934,11.4108832605
0.2,211,20260913,13,56,True,,0.0605599522288,4.70141953593,-1.42647000701,-0.297222959506,0.32722457433,0.442060414087,317.750663584,2.42085510801,-16.4833479723
0.2,212,20260913,13,56,True,,0.107207791519,8.32280718361,-1.35259715146,-0.294110604855,0.51898617548,0.596529712779,330.459676919,3.29715318702,-3.77433463763
0.2,213,20260913,8,61,True,,0.072860192259,6.16134609441,-1.24281069671,-0.244027640783,0.414120466903,0.480671666082,329.490546603,2.61520720681,-4.7434649534
0.2,214,20260913,14,55,True,,0.132616320584,10.111489158,-1.40250106124,-0.288786840846,0.604405790279,0.669853863741,334.461393619,3.81792746701,0.227382062046
0.2,215,20260913,16,53,True,,0.0920356055821,6.76218737516,-2.37263354772,-0.379591820841,0.390012949892,0.544242640311,315.775788101,2.96977229232,-18.4582234558
0.2,216,20260913,10,59,True,,0.125510035095,10.2656373811,-0.88353330693,-0.158121258667,0.618996578413,0.638873302408,345.670364998,3.58854419957,11.4363534417
0.2,217,20260913,17,52,True,,0.102863734292,7.41516957027,-1.16837181049,-0.26979193717,0.507526403591,0.574778861567,332.005689153,3.15679642287,-2.22832240353
0.2,218,20260913,15,54,True,,0.0991582655204,7.42297739487,-1.48605095421,-0.266340864737,0.504053215515,0.57009393989,332.148102979,3.12735587693,-2.08590857738
0.2,219,20260913,18,51,True,,0.0858406989177,6.06902432007,-0.894385828178,0.0262231982465,0.512758335858,0.51342844401,2.9276379289,2.79227559271,28.6936263724
0.2,220,20260913,8,61,True,,0.0549711740063,4.64857994149,-1.14563557239,-0.206715269743,0.354883318105,0.410698639167,329.779713978,2.27367457524,-4.45429757856
0.2,221,20260913,9,60,True,,0.072267294054,6.01102453442,-1.1449796805,-0.313057322332,0.367580683505,0.482825481879,319.579970416,2.62649685436,-14.6540411404
0.2,222,20260913,21,48,True,,0.143711076177,9.56284101765,-0.24913684829,-0.398854307365,0.573599918908,0.698642702299,325.187071684,4.04420666759,-9.04693987225
0.2,223,20260913,17,52,True,,0.0299651079619,2.16010393029,-0.396283158503,-0.0633827652839,0.291329966774,0.29814513995,347.72580611,1.81537177218,13.4917945534
0.2,224,20260913,9,60,True,,0.0939354047255,7.81332731283,-1.27077416559,-0.240514545176,0.489930380942,0.545782946428,333.85285087,2.97893511548,-0.381160686571
0.2,225,20260913,13,56,True,,0.12954195704,10.0566639361,-0.855521094954,-0.0502845820812,0.643231151539,0.645193655816,355.529994708,3.63419384875,21.2959831512
0.2,226,20260913,13,56,True,,0.127836906015,9.92429658925,-0.846059806912,-0.24059928244,0.602764632013,0.649009411578,338.240112915,3.66203433838,4.00610135831
0.2,227,20260913,15,54,True,,0.130732116967,9.78659261469,-1.00377146843,-0.260823525257,0.599709226914,0.653972528608,336.494975841,3.69856555712,2.26096428476
0.2,228,20260913,8,61,True,,0.118801416532,10.0463177637,-1.12271627215,-0.324566621245,0.533553773795,0.624518311306,328.687391373,3.48698205915,-5.54662018399
0.2,229,20260913,12,57,True,,0.182880133109,14.4509647455,-1.1723966439,-0.386738823277,0.699006229322,0.798859578437,331.045582774,4.94174820809,-3.18842878293
0.2,230,20260913,14,55,True,,0.131784010496,10.048028685,-0.713929157989,-0.320957147305,0.58480600918,0.667091866821,331.240844582,3.79689540318,-2.99316697423
0.2,231,20260913,17,52,True,,0.216051803204,15.5745926175,-2.27565916674,-0.563946963887,0.675293675696,0.879805504934,320.13428226,5.8101768533,-14.0997292965
0.2,232,20260913,9,60,True,,0.0844385497047,7.02340111901,-0.841657301931,-0.217266231077,0.474215238598,0.52161739588,335.384665174,2.8383837605,1.15065361775
0.2,233,20260913,13,56,True,,0.0710778380444,5.51794914057,-1.20668330738,-0.252714119758,0.407685760514,0.479658321778,328.206270049,2.60991236347,-6.02774150764
0.2,234,20260913,7,62,True,,0.096892342588,8.32792110626,-1.13249892184,-0.166814436653,0.526070864344,0.551885504963,342.406439379,3.01551615111,8.17242782224
0.2,235,20260913,14,55,True,,0.132674161768,10.1158993279,-1.30098372726,-0.201108217583,0.619027081599,0.650875597124,342.002166157,3.67572794841,7.76815460084
0.2,236,20260913,13,56,True,,0.137778080797,10.6960546837,-1.41836771728,-0.376413181412,0.560380001218,0.675064907179,326.110324132,3.85792631242,-8.12368742488
0.2,237,20260913,11,58,True,,0.0934618324363,7.51480545461,-0.722007297586,-0.0583620364836,0.534330382001,0.537508218014,353.766599698,2.93004105837,19.5325881415
0.2,238,20260913,17,52,True,,0.0763464139184,5.50360736155,-1.36025701591,-0.31148413453,0.378465855691,0.490161983418,320.545011701,2.66531957723,-13.6889998553
0.2,239,20260913,10,59,True,,0.102241599991,8.36248025882,-1.02249451985,-0.365823435086,0.454375717156,0.583338733498,321.162034339,3.21130522612,-13.0719772179
0.2,240,20260913,19,50,True,,0.0655511539773,4.54365975618,-1.31678312857,-0.0101712126019,0.444161870858,0.444278314899,358.688168082,2.43161739307,24.4541565257
0.2,241,20260913,16,53,True,,0.140065758594,10.2911356802,-0.700391721661,-0.191451002181,0.650701211794,0.678281323101,343.604925248,3.88282369814,9.3709136911
0.2,242,20260913,14,55,True,,0.120568337604,9.19287636022,-0.706262966827,-0.237176565863,0.579746801918,0.626385725993,337.750348196,3.50002969235,3.51633663948
0.2,243,20260913,13,56,True,,0.0591908807,4.59513511207,-1.00624015358,-0.156939964471,0.396999490577,0.426894305381,338.430355657,2.34852767554,4.19634410052
0.2,244,20260913,16,53,True,,0.0549964716331,4.04078882084,-1.3130809373,-0.0446733586592,0.403240500919,0.405707543133,353.678215343,2.25109122214,19.444203786
0.2,245,20260913,19,50,True,,0.198776481636,13.7781357808,-2.32983297847,-0.128729191958,0.792606934653,0.80299250166,350.775003988,4.9827652266,16.5409924317
0.2,246,20260913,12,57,True,,0.131493784539,10.3904782457,-1.82536508422,-0.279393524614,0.588338780221,0.65130888364,334.597637278,3.67891461566,0.363625721847
0.2,247,20260913,17,52,True,,0.0865922247859,6.24220027275,-1.1491114002,-0.123483892937,0.505808910182,0.520663927534,346.280651792,2.83297629984,12.0466402352
0.2,248,20260913,13,56,True,,0.109512659014,8.50173977311,-1.01100343389,-0.202422192417,0.553808365364,0.589642645617,339.922164197,3.2520491041,5.68815264069
0.2,249,20260913,16,53,True,,0.092186789689,6.77329541593,-0.868654498452,-0.085283510285,0.529317293442,0.536143706728,350.847174251,2.9220558111,16.6131626943
0.2,250,20260913,19,50,True,,0.133389178635,9.24583330878,-1.08186067678,-0.384105395053,0.532724062138,0.656758616913,324.207593407,3.71923214307,-10.0264181493
0.2,251,20260913,11,58,True,,0.215296172455,17.3109044511,-1.11936584533,-0.574217779084,0.666375790403,0.879649220912,319.248437621,5.80836106148,-14.9855739356
0.2,252,20260913,14,55,True,,0.0390474495004,2.97721924822,-0.586001844714,-0.135974529089,0.317373950346,0.345275682491,336.807949479,1.99481510128,2.57393792232
0.2,253,20260913,13,56,True,,0.153983485115,11.9541204788,-1.4378745989,-0.360227600844,0.618261329249,0.715549436205,329.772946926,4.18329357304,-4.46106463017
0.2,254,20260913,14,55,True,,0.114712816231,8.7464151659,-1.67938350751,-0.314512009985,0.524201646895,0.611314298076,329.036965033,3.39610299444,-5.19704652344
0.2,255,20260913,14,55,True,,0.0955976568907,7.28895709761,-0.965471206798,-0.080367099164,0.544127857554,0.550030904581,351.59821848,3.00435171467,17.3642069233
0.2,256,20260913,15,54,True,,0.138088088512,10.3372598759,-1.0903433936,-0.160725658378,0.644591023315,0.664326971151,345.999073957,3.77595730886,11.7650624008
0.2,257,20260913,20,49,True,,0.107330412009,7.29078570232,-1.85103804112,-0.274722340506,0.513590701895,0.58244980337,331.85744159,3.20560104631,-2.37656996694
0.2,258,20260913,14,55,True,,0.0862592384772,6.57693827425,-1.53678245088,-0.441424794368,0.306337248527,0.537306578145,304.759635395,2.92885967042,-29.4743761612
0.2,259,20260913,12,57,True,,0.155379136269,12.2778695654,-1.36054681115,-0.302068668703,0.650797604168,0.717483799261,335.10155886,4.19950893629,0.867547303677
0.2,260,20260913,14,55,True,,0.131949662623,10.0606590285,-1.49309907155,-0.264146510976,0.606012394653,0.661078211511,336.448748362,3.75150248731,2.21473680549
0.2,261,20260913,15,54,True,,0.153913487388,11.521947582,-1.61167178688,-0.43201922004,0.577559593292,0.721259793893,323.203215955,4.23134363906,-11.0307956016
0.2,262,20260913,17,52,True,,0.0455789214788,3.28566169527,-1.19922007108,-0.0515605223822,0.363455166899,0.367094192019,351.92577552,2.08379006872,17.691763963
0.2,263,20260913,12,57,True,,0.120755384442,9.54194298601,-0.808156116254,-0.240209962152,0.582392309446,0.629985418894,337.586111254,3.52531867977,3.35209969789
0.2,264,20260913,11,58,True,,0.151319572315,12.16686125,-1.90285217147,-0.400389378484,0.592402020292,0.715018746642,325.946244925,4.17885586801,-8.28776663129
0.2,265,20260913,17,52,True,,0.13994707629,10.0884078212,-0.578640070138,-0.323520780801,0.597953982219,0.679863707269,331.584560473,3.89513140088,-2.64945108395
0.2,266,20260913,17,52,True,,0.0750170540933,5.40777739202,-0.644561907435,-0.1806513634,0.448334043357,0.4833614895,338.053561871,2.62931400877,3.81955031494
0.2,267,20260913,6,63,True,,0.111441273016,9.73289572785,-0.809590894564,-0.227189194089,0.552263038084,0.59716780987,337.638782806,3.30136368086,3.40477124976
0.2,268,20260913,11,58,True,,0.117365405615,9.4367739997,-0.766122072785,-0.248086826441,0.568208408694,0.620006346067,336.413322543,3.45565732415,2.17931098664
0.2,269,20260913,18,51,True,,0.125096561253,8.84445353048,-1.15929730839,-0.327403435843,0.560487301196,0.649106327656,329.709061356,3.66274422719,-4.52495020027
0.2,270,20260913,13,56,True,,0.168835039482,13.1070835388,-2.07196210674,-0.447157675121,0.616765115996,0.761806533662,324.057707524,4.58877483206,-10.1763040325
0.2,271,20260913,17,52,True,,0.152954694051,11.0260919532,-0.766678242855,-0.129713098475,0.693807439136,0.705828768552,349.410327574,4.10275023192,15.1763160175
0.2,272,20260913,17,52,True,,0.108626332523,7.83057975681,-0.874747880822,-0.190340016877,0.559663739451,0.591145348693,341.2169798,3.26183753422,6.98296824358
0.2,273,20260913,16,53,True,,0.194240117114,14.2715208901,-1.74107355183,-0.556283811752,0.604420607535,0.821447472472,317.374812753,5.17011506699,-16.8591988038
0.2,274,20260913,13,56,True,,0.109121550937,8.47137708149,-0.510459036851,-0.0317383741705,0.579299161594,0.580167943805,356.86404057,3.19100491515,22.6300290132
0.2,275,20260913,15,54,True,,0.0878037650154,6.5729806736,-1.40771190095,-0.159613929757,0.498156475439,0.523102743822,342.234062024,2.84682827229,8.00005046713
0.2,276,20260913,8,61,True,,0.0499732774335,4.22593803548,-1.17202487463,-0.176542342304,0.348558339646,0.39071743596,333.138107451,2.18460464554,-1.09590410557
0.2,277,20260913,17,52,True,,0.131937718202,9.51103476762,-0.931861819171,-0.292833463981,0.588957282838,0.657740160424,333.563130625,3.72654049054,-0.670880931437
0.2,278,20260913,20,49,True,,0.0617090048378,4.19179542641,-1.3328153098,-0.298308703703,0.32792382319,0.443308150749,317.707553562,2.42690383143,-16.5264579941
0.2,279,20260913,16,53,True,,0.173288439157,12.7321256607,-1.26872243312,-0.338026329928,0.683465342823,0.762487163541,333.684053504,4.59502560007,-0.549958053012
0.2,280,20260913,10,59,True,,0.0943311297561,7.71547208228,-1.02366889845,-0.204944178351,0.509310507836,0.548998460501,338.080375176,2.9981544649,3.84636361933
0.2,281,20260913,16,53,True,,0.0472263281164,3.4698883953,-1.0886681217,-0.00369730062732,0.373063964364,0.373082285212,359.432181056,2.10889596333,25.1981694995
0.2,282,20260913,10,59,True,,0.0892795163549,7.30229371509,-1.37477611195,-0.0383261395758,0.522673912778,0.52407720049,355.80617492,2.85238190389,21.572163363
0.2,283,20260913,16,53,True,,0.0853267508317,6.26926365713,-1.32040602996,-0.141995194063,0.495587563849,0.515528533235,344.011992506,2.80402831296,9.77798094957
0.2,284,20260913,12,57,True,,0.116783494322,9.22808908006,-1.87246235035,-0.227436954779,0.567385493523,0.611272334283,338.156577112,3.39581797968,3.9225655552
0.2,285,20260913,17,52,True,,0.133893495747,9.6520215035,-1.08404764204,-0.507796948075,0.4584341524,0.684119589371,312.075416931,3.92842734349,-22.1585946253
0.2,286,20260913,10,59,True,,0.116788157283,9.5522630693,-1.24093121337,-0.322065405912,0.527357326093,0.617925460771,328.586931864,3.44130555622,-5.64707969265
0.2,287,20260913,12,57,True,,0.122209455294,9.65684188871,-1.70223686701,-0.152560475302,0.60397304103,0.622943121734,345.823914157,3.47601402939,11.5899026004
0.2,288,20260913,16,53,True,,0.124590151632,9.15408710687,-0.893492947583,-0.0873086793902,0.625603142107,0.631666127722,352.0551611,3.53718868708,17.8211495436
0.2,289,20260913,12,57,True,,0.129180374167,10.2076753837,-1.08944334677,-0.103361251381,0.634530874142,0.642894220324,350.748123197,3.61751903217,16.5141116407
0.2,290,20260913,10,59,True,,0.199405477888,16.3096466848,-2.00631670805,-0.568460441769,0.613880836393,0.836658206885,317.199972143,5.32981438913,-17.0340394132
0.2,291,20260913,13,56,True,,0.0551609480302,4.28228142766,-0.869201850812,-0.226373328535,0.347897221611,0.415063080358,326.948339347,2.29360808525,-7.28567220945
0.2,292,20260913,11,58,True,,0.172002303648,13.8298577716,-1.34656708176,-0.374152026269,0.65713548522,0.756185681362,330.344191122,4.53747805277,-3.88982043409
0.2,293,20260913,19,50,True,,0.121778922062,8.44107164787,-1.00752178273,-0.241401852488,0.57041134624,0.619389988863,337.061597409,3.45140011008,2.82758585238
0.2,294,20260913,15,54,True,,0.0387907027099,2.90386795125,-0.891799918579,-0.0934098057059,0.328252230873,0.341284220079,344.115387447,1.97895403537,9.88137589045
0.2,295,20260913,9,60,True,,0.116226380938,9.66743859043,-1.07508916847,-0.271442021748,0.551502077466,0.614683099344,333.794199343,3.41906184354,-0.439812213838
0.2,296,20260913,23,46,True,,0.127145402671,8.10800391921,-1.16966441519,-0.0600373140314,0.625835401647,0.628708540606,354.520299844,3.51632735972,20.2862882877
0.2,297,20260913,13,56,True,,0.0813728633229,6.31717752807,-2.02653138669,-0.304644695007,0.410291356197,0.511025818493,323.405810875,2.77889019339,-10.828200682
0.2,298,20260913,17,52,True,,0.172859103453,12.46094722,-0.902984314163,-0.06427986228,0.750330125857,0.753078480946,355.103496144,4.5093677801,20.8694845875
0.2,299,20260913,12,57,True,,0.122565141029,9.6849477411,-0.777415962401,-0.138041330026,0.607886801896,0.623363275077,347.206019797,3.4789361748,12.9720082409
0.2,300,20260913,14,55,True,,0.0929958814445,7.09058163296,-2.59063997748,-0.26079859014,0.471665284174,0.538965717754,331.060412184,2.93859458724,-3.17359937296
0.2,301,20260913,17,52,True,,0.158297804747,11.4112624131,-1.45697430513,-0.267495856753,0.666694621592,0.718356284749,338.138013001,4.20684335481,3.90400144463
0.2,302,20260913,13,56,True,,0.131960112737,10.2443913701,-1.62988427924,-0.277628650708,0.582793815945,0.645543414185,334.528017597,3.63673691754,0.29400604016
0.2,303,20260913,17,52,True,,0.149571574921,10.7822120067,-0.65016765163,-0.188689193924,0.676585964854,0.702404569847,344.417048969,4.07474895921,10.1830374125
0.2,304,20260913,10,59,True,,0.122528147284,10.0217446998,-1.0147403403,-0.259257062528,0.577123657831,0.632681547778,335.809300419,3.54437945092,1.57528886282
0.2,305,20260913,14,55,True,,0.0970421365846,7.3990931706,-1.36482601402,-0.324449155562,0.452912252846,0.557132626331,324.383624768,3.04732834004,-9.85038678895
0.2,306,20260913,8,61,True,,0.168068366604,14.2125259633,-1.25257702717,-0.281224135375,0.687106355689,0.742429901301,337.741321363,4.4143464895,3.50730980664
0.2,307,20260913,17,52,True,,0.020506571984,1.47826354558,-1.08863574254,-0.0231459069999,0.244185652629,0.245280178491,354.585217116,1.63323115607,20.351205559
0.2,308,20260913,17,52,True,,0.175949732441,12.68374234,-0.793054498404,-0.488581017698,0.616898845797,0.786940656466,321.620939785,4.82534055155,-12.6130717711
0.2,309,20260913,9,60,True,,0.122248016323,10.1683041412,-1.04069165839,-0.138208692927,0.613118196503,0.62850263777,347.296750436,3.51487961428,13.062738879
0.2,310,20260913,16,53,True,,0.170753430497,12.5458694455,-1.02585533745,-0.390140415966,0.645152259469,0.753943619953,328.837551098,4.51717699414,-5.39646045827
0.2,311,20260913,11,58,True,,0.104971289835,8.44022421629,-1.81063211734,-0.350902869646,0.47115226323,0.587466832317,323.322145819,3.23792814757,-10.9118657372
0.2,312,20260913,13,56,True,,0.142149816224,11.0354433653,-0.86142655678,-0.221227510643,0.647779941635,0.684514765546,341.14411952,3.93153341256,6.91010796384
0.2,313,20260913,9,60,True,,0.130941009196,10.8913669612,-1.10472339616,-0.276633582469,0.590708176158,0.65227470312,334.905913939,3.68602781832,0.671902382039
0.2,314,20260913,14,55,True,,0.075774631611,5.77752694851,-0.842137449552,-0.104744233258,0.470207447041,0.481732703533,347.441737767,2.62076276496,13.2077262102
0.2,315,20260913,13,56,True,,0.0591919125126,4.59521521424,-0.813593453832,-0.0230186153898,0.424832308115,0.425455457919,356.89858535,2.34177904427,22.664573793
0.2,316,20260913,14,55,True,,0.0809937321771,6.17546348118,-1.66635829613,-0.226854052558,0.454721848389,0.50816800427,333.486064999,2.76305239416,-0.747946557764
0.2,317,20260913,12,57,True,,0.150213556813,11.8696917861,-1.14111117351,-0.32218032233,0.628122736571,0.705930826848,332.845544629,4.10358775679,-1.38846692736
0.2,318,20260913,18,51,True,,0.116562661648,8.24109818853,-1.50758598006,-0.29975489981,0.534139769166,0.612501667725,330.699213523,3.40417743723,-3.53479803363
0.2,319,20260913,19,50,True,,0.0462171470821,3.20352851935,-0.399608089841,-0.145363013146,0.347904098675,0.377051279624,337.323610766,2.1257029746,3.08959920986
0.2,320,20260913,12,57,True,,0.157758144618,12.4658558994,-1.33751282236,-0.457587519073,0.571354022749,0.732005298425,321.309368652,4.32326367285,-12.9246429042
0.2,321,20260913,11,58,True,,0.0505036767216,4.06075181079,-1.64261394979,-0.210349340669,0.339499277795,0.399382779728,328.218182854,2.22279532553,-6.01582870236
0.2,322,20260913,9,60,True,,0.113494028561,9.44016790888,-0.883842557104,-0.32945996144,0.509080872729,0.606388655213,327.090418541,3.36281126589,-7.14359301583
0.2,323,20260913,14,55,True,,0.253514526356,19.3295167092,-1.76572247371,-0.623665444132,0.727041389358,0.957887137425,319.376583361,6.79219578793,-14.8574281959
0.2,324,20260913,11,58,True,,0.170667260558,13.7225135345,-1.21422881012,-0.410864758552,0.648526313977,0.767721453224,327.644270114,4.64338165826,-6.58974144216
0.2,325,20260913,14,55,True,,0.160766890379,12.2578628473,-0.758159264709,-0.36023246483,0.641760963793,0.735951468078,330.693685401,4.35751933751,-3.5403261557
0.2,326,20260913,12,57,True,,0.168430338944,13.3091596598,-0.857200181719,-0.277305624877,0.698013051795,0.751079642957,338.333136038,4.49137677391,4.09912448156
0.2,327,20260913,10,59,True,,0.163010644219,13.3328634761,-1.17023805244,-0.299177985789,0.676680678457,0.739867696131,336.148541848,4.39178342728,1.91453029127
0.2,328,20260913,13,56,True,,0.0705858309355,5.47975340645,-0.702132186675,-0.174574512604,0.433371451709,0.467212024254,338.059003052,2.54574680875,3.82499149562
0.2,329,20260913,15,54,True,,0.132060482072,9.88603388766,-0.587788770521,-0.291610989581,0.590654720605,0.658718428631,333.724075846,3.73383874002,-0.509935710084
0.2,330,20260913,15,54,True,,0.122519456161,9.17179368495,-1.13013402559,-0.37531464841,0.507456568291,0.631168166191,323.5133874,3.53366767291,-10.720624157
0.2,331,20260913,13,56,True,,0.08340830225,6.47519370847,-1.28487371652,-0.206238461385,0.472100971816,0.5151831039,336.401771414,2.8020917947,2.16775985754
0.2,332,20260913,16,53,True,,0.127858425021,9.39421892233,-1.14519777814,-0.473151565841,0.458650894109,0.658963615783,314.108437392,3.7356701676,-20.1255741649
0.2,333,20260913,17,52,True,,0.110641594363,7.9758545553,-0.863776907895,-0.427971509382,0.433777658441,0.609362510994,315.386032056,3.38287189562,-18.847979501
0.2,334,20260913,13,56,True,,0.0903869660165,7.01696471322,-1.75373584583,-0.117710965733,0.511603984536,0.524970959623,347.042762965,2.85748514835,12.8087514084
0.2,335,20260913,18,51,True,,0.0217604361971,1.53848486977,-1.44613937746,-0.106588687017,0.233065959834,0.256282831718,335.423831848,1.66956925736,1.18982029116
0.2,336,20260913,16,53,True,,0.101932437761,7.48934327519,-1.44859587707,-0.0388299132929,0.556840171071,0.558192384654,356.011073489,3.05379405285,21.7770619326
0.2,337,20260913,11,58,True,,0.171334046878,13.7761265372,-1.64807129893,-0.461676177685,0.617803566832,0.771249726244,323.22973937,4.67626377536,-11.004272187
0.2,338,20260913,15,54,True,,0.0766826479268,5.7404550105,-1.98377509111,-0.250814489067,0.436120408892,0.503099313236,330.096630321,2.73518377246,-4.13738123509
0.2,339,20260913,10,59,True,,0.0673011439072,5.50465258143,-2.25352342279,-0.276045208597,0.37500594353,0.465650528693,323.642885141,2.53780886558,-10.591126416
0.2,340,20260913,13,56,True,,0.0878125319761,6.81710500319,-0.477655283315,-0.283201305801,0.449484024861,0.531261581721,327.786666009,2.89366297059,-6.44734554804
0.2,341,20260913,16,53,True,,0.119582762159,8.78617617002,-0.815556211862,-0.121634890803,0.607142038715,0.619206348349,348.67133247,3.45013270906,14.4373209133
0.2,342,20260913,12,57,True,,0.0809973036878,6.400308006,-0.823081239702,-0.114369648939,0.491624656205,0.504752631679,346.903868696,2.74424300155,12.6698571392
0.2,343,20260913,17,52,True,,0.0628118393816,4.52793633481,-1.52986481042,-0.0995829078732,0.426031402522,0.437515155709,346.843585623,2.39894800838,12.609574066
0.2,344,20260913,10,59,True,,0.111100112728,9.08703012785,-1.42753961846,-0.234912676161,0.545747058469,0.594158074294,336.710906172,3.28155090846,2.47689461541
0.2,345,20260913,21,48,True,,0.115259518093,7.66961375989,-0.49758131735,-0.245231367785,0.566376157634,0.617187472071,336.588198442,3.43623001361,2.35418688503
0.2,346,20260913,14,55,True,,0.105651652817,8.05553597991,-2.27526249366,-0.43856160908,0.408955387322,0.599650559725,312.999306139,3.31779736824,-21.2347054176
0.2,347,20260913,11,58,True,,0.0642008227704,5.16207183798,-1.03102223836,-0.214081773336,0.392657132876,0.447225479677,331.400207561,2.44599247144,-2.83380399525
0.2,348,20260913,16,53,True,,0.0323811125878,2.37915695072,-0.395425876154,-0.140273625513,0.281954545263,0.31492071321,333.549453072,1.87731286344,-0.684558484799
0.2,349,20260913,16,53,True,,0.0533556386118,3.9202309099,-0.402773848838,0.00546246147446,0.399410896847,0.39944824822,0.78354516559,2.2230863907,26.549533609
0.2,350,20260913,14,55,True,,0.0416731807024,3.17742124797,-1.24391026751,-0.0496962900807,0.350329504878,0.353836803111,351.926127906,2.02926489386,17.6921163494
0.2,351,20260913,14,55,True,,0.103948555291,7.92568128256,-1.21151034579,-0.232981465363,0.523536106572,0.573036140298,336.010214515,3.14581274294,1.77620295866
0.2,352,20260913,15,54,True,,0.153313624023,11.4770418732,-2.17026488182,-0.237508626139,0.667664225426,0.708650735838,340.417968624,4.12597135339,6.18395706794
0.2,353,20260913,16,53,True,,0.0725003803812,5.32686403058,-0.861024368545,-0.00369684347016,0.46576393753,0.46577860852,359.545243709,2.53845903309,25.3112321528
0.2,354,20260913,15,54,True,,0.120301935984,9.00579035628,-0.55637054378,-0.3521514326,0.521984809708,0.629665604149,325.994852694,3.52306450298,-8.23915886277
0.2,355,20260913,10,59,True,,0.126997572011,10.3873050593,-1.78067642727,-0.356910600908,0.543204922471,0.649966741331,326.693246659,3.66905260389,-7.5407648976
0.2,356,20260913,15,54,True,,0.204687817634,15.3229086383,-1.01522620241,-0.253164558248,0.795979537951,0.835269847648,342.356520827,5.31503552293,8.12250927055
0.2,357,20260913,13,56,True,,0.0750401276692,5.82555152735,-0.753982137406,-0.252637125411,0.414589069206,0.485499344429,328.64322604,2.64058026105,-5.59078551681
0.2,358,20260913,13,56,True,,0.118926500631,9.23255968391,-0.739000302642,-0.166835317746,0.590918597551,0.614018576412,344.233920786,3.41452077185,9.99990922969
0.2,359,20260913,17,52,True,,0.134514519718,9.69678944903,-1.69603369115,-0.0619539786213,0.643489181176,0.646464710373,354.500615976,3.64344411867,20.2666044191
0.2,360,20260913,12,57,True,,0.083846447665,6.62544388308,-1.35810847255,-0.337881067188,0.400941456056,0.524325916534,319.878517247,2.85380112312,-14.3554943099
0.2,361,20260913,14,55,True,,0.152926463427,11.6600601653,-1.2934993147,-0.251849784725,0.668790194424,0.714638816622,339.36487171,4.17568172854,5.13086015317
0.2,362,20260913,17,52,True,,0.0600529886912,4.32905821873,-1.72205875393,-0.126758138179,0.409297293472,0.428476253762,342.792404434,2.35596994172,8.5583928773
0.2,363,20260913,12,57,True,,0.105444001591,8.33205621472,-1.76499721131,-0.277847794049,0.511615840253,0.58219426711,331.494546311,3.20396317027,-2.73946524547
0.2,364,20260913,13,56,True,,0.0951248340136,7.38477717575,-0.793917013596,-0.235759979205,0.498777268169,0.551689705394,334.701028635,3.01433550877,0.4670170785
0.2,365,20260913,16,53,True,,0.0839333103809,6.16688256923,-1.08565790675,-0.213258768294,0.468759686782,0.514990238942,335.537187862,2.8010111525,1.30317630529
0.2,366,20260913,12,57,True,,0.0872695460648,6.89593293761,-1.15858457526,-0.191661190675,0.483255581211,0.519874954948,338.366515379,2.82850954365,4.13250382287
0.2,367,20260913,13,56,True,,0.126954690288,9.85580799077,-1.66229466226,-0.126216533062,0.623716402372,0.636358989727,348.559996261,3.57054405113,14.3259847042
0.2,368,20260913,14,55,True,,0.0269734735363,2.05662458447,-0.6566096868,-0.104860997514,0.263418538862,0.283522759961,338.293610523,1.76305045162,4.0595989666
0.2,369,20260913,11,58,True,,0.0388378957017,3.12276383692,-0.946662611217,-0.138909455069,0.312288101993,0.341788963183,336.019933905,1.98095277085,1.78592234879
0.2,370,20260913,18,51,True,,0.127850798521,9.03918089377,-1.2556148398,-0.0419046782555,0.625327066602,0.626729560723,356.166203229,3.50243738363,21.9321916729
0.2,371,20260913,14,55,True,,0.202388863561,15.431379717,-0.841617049715,-0.429266898122,0.719034349167,0.837424901173,329.162599262,5.33799333479,-5.07141229437
0.2,372,20260913,15,54,True,,0.0661398668323,4.95122351948,-0.558065591852,-0.0605374811217,0.44504492717,0.449143377799,352.25385212,2.45539281756,18.0198405632
0.2,373,20260913,17,52,True,,0.0933619602177,6.73021226763,-0.897713474952,-0.260485086932,0.48607582895,0.551472748196,331.813412803,3.01302782893,-2.42059875371
0.2,374,20260913,16,53,True,,0.0848802697548,6.23645908457,-0.351948368445,-0.373938875444,0.369991306974,0.526045482638,314.695970274,2.8636326187,-19.5380412829
0.2,375,20260913,18,51,True,,0.0504990867438,3.57033655892,-1.40373116478,-0.16503210611,0.358896981116,0.395022327345,335.305542631,2.20349482044,1.07153107472
0.2,376,20260913,16,53,True,,0.0939580929934,6.90343944841,-0.578763122981,-0.244056304553,0.49216088716,0.549350360555,333.623773755,3.00026530906,-0.610237801772
0.2,377,20260913,12,57,True,,0.0563381889913,4.45177488172,-1.09144887623,-0.0438430357742,0.409255723338,0.4115974476,353.885298074,2.27776544681,19.6512865173
0.2,378,20260913,13,56,True,,0.0633453516856,4.91765701531,-0.521047485937,-0.047220137198,0.436614187512,0.439160210053,353.827411839,2.4068538064,19.5934002829
0.2,379,20260913,11,58,True,,0.0999981928058,8.04036198692,-1.05119012075,-0.0811196221711,0.54921691497,0.555175299154,351.598129177,3.03542242187,17.3641176202
0.2,380,20260913,14,55,True,,0.0849229414487,6.4750507173,-0.859798829824,-0.23950448401,0.463700385561,0.521900800373,332.683330945,2.83999303796,-1.55068061108
0.2,381,20260913,12,57,True,,0.107016969185,8.45635019274,-0.782939059039,-0.269819316506,0.521708501195,0.587351873904,332.652715621,3.23718377898,-1.58129593531
0.2,382,20260913,18,51,True,,0.148033931588,10.4661488353,-1.89682350762,-0.158299247009,0.668979302286,0.687453240949,346.68708402,3.95470686895,12.4530724636
0.2,383,20260913,14,55,True,,0.144198183799,10.9945620996,-0.892175176811,-0.384533979351,0.596488835915,0.709693816125,327.191642413,4.13458777666,-7.0423691432
0.2,384,20260913,17,52,True,,0.202283864004,14.5820989608,-1.56729096364,-0.515354254262,0.677762436901,0.851441089131,322.751514757,5.48974704167,-11.4824967996
0.2,385,20260913,17,52,True,,0.113193974771,8.15984878473,-0.793751164861,-0.183856128336,0.577644506692,0.606198195344,342.344458329,3.36153054865,8.11044677235
0.2,386,20260913,17,52,True,,0.107422859305,7.74382461373,-1.1909960197,-0.39933934834,0.438260394731,0.592911535326,317.660469707,3.27337993596,-16.5735418491
0.2,387,20260913,17,52,True,,0.124140138589,8.94892825397,-1.25112467128,-0.467392309957,0.457543519425,0.654065473462,314.389933023,3.6992531463,-19.8440785336
0.2,388,20260913,14,55,True,,0.197212888962,15.036731375,-1.29765494125,-0.285966548171,0.765471420059,0.817143415564,339.515203415,5.12580113139,5.28119185875
0.2,389,20260913,10,59,True,,0.14402348992,11.7798781647,-1.39272813113,-0.312725902272,0.615995393694,0.690831249296,333.084201229,3.98151539201,-1.14981032794
0.2,390,20260913,15,54,True,,0.0868353083511,6.50048210891,-1.69621185759,-0.336485507348,0.413018450334,0.532735147115,320.830347844,2.90220355274,-13.4036637126
0.2,391,20260913,11,58,True,,0.0820272452379,6.59540663683,-1.32739356199,-0.248634048368,0.445159711174,0.509888280372,330.815429985,2.77257519261,-3.41858157136
0.2,392,20260913,9,60,True,,0.162585497013,13.5234814625,-1.34641247728,-0.38758320761,0.633427493668,0.742597557602,328.538265196,4.4158269237,-5.69574636078
0.2,393,20260913,17,52,True,,0.0620407596734,4.47235127533,-0.779352839855,-0.133786259049,0.415661702689,0.436661670167,342.158536803,2.39485656648,7.92452524637
0.2,394,20260913,14,55,True,,0.0376435836236,2.87017982404,-1.52071597113,-0.00354939115495,0.333588276833,0.333607159123,359.390393868,1.94880101282,25.1563823112
0.2,395,20260913,11,58,True,,0.0926228200989,7.44734460642,-0.667946372544,-0.152963922015,0.516525402626,0.53869885186,343.503862248,2.93702658439,9.26985069184
0.2,396,20260913,16,53,True,,0.0895494635542,6.57952156742,-2.31376496099,-0.414179365688,0.358546940054,0.547814252447,310.882095648,2.99106198985,-23.3519159088
0.2,397,20260913,15,54,True,,0.103558394078,7.75237055889,-0.81315449701,-0.269080173368,0.512842757921,0.579147506299,332.314741389,3.18449911397,-1.91927016782
0.2,398,20260913,10,59,True,,0.106393917786,8.70210400874,-0.978807720214,-0.262038521941,0.526104907449,0.587750423754,333.523355198,3.23976516587,-0.710656358366
0.2,399,20260913,16,53,True,,0.121395626896,8.91937387063,-1.52445204396,-0.331872479055,0.540548583173,0.634296549829,328.451949484,3.55584632013,-5.78206207304
0.2,400,20260913,21,48,True,,0.168215470401,11.1934155874,-1.03012691161,-0.330986903051,0.67823437738,0.754688147947,333.987042306,4.52390833401,-0.246969250518
0.2,401,20260913,12,57,True,,0.102603707535,8.10761964762,-1.12602116662,-0.232060319243,0.524886136574,0.573896722533,336.149033406,3.15123186633,1.91502184954
0.2,402,20260913,15,54,True,,0.0907322554772,6.79220716355,-1.09996658037,-0.190734987499,0.499633211641,0.534802002269,339.105643161,2.91422525148,4.87163160492
0.2,403,20260913,18,51,True,,0.0907072524433,6.41309458132,-1.51270936344,-0.29795343751,0.452705801779,0.54195829534,326.648634772,2.95623527029,-7.5853767844
0.2,404,20260913,16,53,True,,0.134468575489,9.87989048127,-0.54425943592,-0.0278587499627,0.654821036364,0.655413380711,357.56387361,3.70923910065,23.3298620537
0.2,405,20260913,14,55,True,,0.127340149459,9.70920121267,-0.622637716591,-0.180103626523,0.621938269851,0.647490948039,343.849807811,3.65092987739,9.61579625445
0.2,406,20260913,18,51,True,,0.10576134817,7.47743439019,-0.434553982348,-0.267734490603,0.51883729123,0.583844064994,332.705005921,3.2145524141,-1.52900563508
0.2,407,20260913,16,53,True,,0.10479036465,7.69932545554,-2.19562482582,-0.364337267183,0.461804015921,0.58822155127,321.728556028,3.24281928956,-12.5054555283
0.2,408,20260913,16,53,True,,0.0710767592969,5.22226546286,-0.796346552423,-0.129513685009,0.450467346282,0.468715931744,343.959548829,2.55341547131,9.72553727255
0.2,409,20260913,11,58,True,,0.0906611632257,7.28961744243,-0.850816631695,-0.223691909831,0.490922672524,0.539484143346,335.5033285,2.94164305265,1.26931694372
0.2,410,20260913,9,60,True,,0.128055292819,10.6513398208,-1.19112077898,-0.331927533316,0.559418112669,0.650480216575,329.317467777,3.67282247466,-4.91654377936
0.2,411,20260913,15,54,True,,0.1272574863,9.52648212604,-1.4673000466,-0.384606201705,0.526615403702,0.652108667176,323.857998058,3.68480399531,-10.3760134981
0.2,412,20260913,23,46,True,,0.133098112193,8.48760547083,-1.77634426504,-0.130193159855,0.63862437857,0.651760198061,348.477295623,3.68223680923,14.2432840661
0.2,413,20260913,10,59,True,,0.0894860297291,7.31918472634,-0.948006606957,-0.235717875075,0.479430182801,0.534243593139,333.818381567,2.91097240826,-0.415629989799
0.2,414,20260913,9,60,True,,0.111119153133,9.24263132406,-0.936889720461,-0.242611745952,0.547742295499,0.599067676939,336.109988273,3.31393184787,1.87597671668
0.2,415,20260913,16,53,True,,0.0751112952737,5.51869735,-0.857738479721,-0.198963976352,0.444554750427,0.48704783134,335.888721752,2.6487707453,1.654710195
0.2,416,20260913,12,57,True,,0.136113586087,10.7555293213,-0.93445028695,-0.357955051427,0.568708350427,0.671982891663,327.812966028,3.83421907604,-6.42104552837
0.2,417,20260913,11,58,True,,0.10831608121,8.70916241077,-1.29368316708,-0.293157804444,0.517871870392,0.595090558193,330.486592439,3.28767660557,-3.74741911767
0.2,418,20260913,12,57,True,,0.0815818927487,6.44650151956,-1.67204644678,-0.330984793911,0.392190411442,0.51319026942,319.837674477,2.79094581127,-14.3963370793
0.2,419,20260913,16,53,True,,0.135752267637,9.97420796613,-0.69788343898,-0.226520092518,0.634443784203,0.673669256853,340.351540195,3.84717269546,6.11752863896
0.2,420,20260913,20,49,True,,0.0569609786061,3.86926948883,-0.995674491394,-0.289622640158,0.312232538155,0.425876075373,317.151419274,2.3437498594,-17.0825922824
0.2,421,20260913,16,53,True,,0.092531719992,6.79863868743,-1.38538139582,-0.169866488169,0.507202877427,0.534891935509,341.48387101,2.91474947006,7.24985945338
0.2,422,20260913,9,60,True,,0.112977988271,9.39724488425,-1.09443046998,-0.250738608877,0.550955374087,0.60532774116,335.529820028,3.35568352303,1.29580847098
0.2,423,20260913,19,50,True,,0.155958579265,10.8102249502,-0.764405421529,-0.23613514014,0.676266120928,0.716306966826,340.752081333,4.1896363226,6.51806977605
0.2,424,20260913,13,56,True,,0.102466353093,7.95471753983,-1.02835034167,-0.179152529806,0.544621590695,0.573330886999,341.791449955,3.1476677255,7.55743839835
0.2,425,20260913,16,53,True,,0.104800403823,7.70006306971,-1.1542500711,-0.282854668103,0.518601207293,0.590723264713,331.391134134,3.25908515738,-2.84287742277
0.2,426,20260913,16,53,True,,0.065685238436,4.82613100959,-1.48986165142,-0.0829342063782,0.442114015319,0.449825394046,349.375608907,2.45874433842,15.1415973505
0.2,427,20260913,17,52,True,,0.121153877986,8.73365676972,-0.733259546168,-0.180613846649,0.593882758713,0.620739955777,343.084238329,3.46073125306,8.85022677283
0.2,428,20260913,13,56,True,,0.035449151166,2.7520056686,-0.712413694253,-0.0630781367344,0.322318601547,0.328432842811,348.927092086,1.92873758068,14.6930805292
0.2,429,20260913,14,55,True,,0.0987410038803,7.52862532899,-1.42362559474,-0.285608791596,0.486783796056,0.564385370061,329.598736073,3.09185347173,-4.63527548368
0.2,430,20260913,19,50,True,,0.118551581422,8.21736944133,-0.541570499808,-0.218339935712,0.585301482368,0.624700050255,339.542552578,3.48824973043,5.30854102098
0.2,431,20260913,15,54,True,,0.119907536069,8.97626561986,-0.771822540968,-0.192151119665,0.590603879158,0.621075675634,341.977865041,3.46305570574,7.74385348424
0.2,432,20260913,12,57,True,,0.0635192751373,5.01921553788,-1.18803544389,-0.136478558767,0.421865429067,0.443392419021,342.072979637,2.42731288789,7.83896808067
0.2,433,20260913,18,51,True,,0.0755396163059,5.34072735043,-0.671955004569,-0.0519596551055,0.476678295834,0.479501828441,353.779114019,2.6090956235,19.5451024627
0.2,434,20260913,7,62,True,,0.117867065021,10.1307037512,-1.14152442718,-0.451108782984,0.447755709412,0.635597600213,314.786268036,3.56511103921,-19.4477435201
0.2,435,20260913,11,58,True,,0.0808844404221,6.50351933225,-1.36369005784,-0.186577248623,0.462774076768,0.498969854632,338.042119868,2.71268714291,3.80810831168
0.2,436,20260913,13,56,True,,0.100331652704,7.78899544558,-0.59707570911,-0.128644909634,0.550594862066,0.565423924952,346.848927949,3.09828226516,12.614916392
0.2,437,20260913,17,52,True,,0.154369204453,11.1280601985,-1.29782391311,-0.426997875927,0.58071975406,0.720806921999,323.673298492,4.22751286095,-10.5607130641
0.2,438,20260913,14,55,True,,0.150469355828,11.4727150728,-1.36379394962,-0.324696910185,0.62343156689,0.702918915721,332.488505664,4.07894277655,-1.74550589215
0.2,439,20260913,22,47,True,,0.0678778987286,4.42264116785,-1.51567709441,-0.143746938166,0.441309521849,0.464130667277,341.958111758,2.53010634272,7.72410020156
0.2,440,20260913,19,50,True,,0.100919719164,6.99522188012,-0.834169901346,-0.200577005891,0.525952264509,0.562900452864,339.125163936,3.0826848004,4.89115237918
0.2,441,20260913,18,51,True,,0.0948599302605,6.70669310724,-0.797395658501,-0.37645677942,0.415537974664,0.560706264598,317.824984312,3.06918645833,-16.4090272444
0.2,442,20260913,13,56,True,,0.105060564328,8.1561126026,-1.29313158022,-0.202526037956,0.540884589211,0.577557732955,339.472348814,3.17438993019,5.23833725722
0.2,443,20260913,14,55,True,,0.119381852927,9.10241142433,-1.27174253516,-0.338392888923,0.517866537153,0.618623874076,326.837934258,3.44611582216,-7.39607729847
0.2,444,20260913,11,58,True,,0.0686215143423,5.51751786629,-0.630149102172,-0.11590679303,0.446909410707,0.461695144061,345.460572825,2.51781204461,11.2265612684
0.2,445,20260913,20,49,True,,0.0884358696097,6.00730922067,-1.58654969067,-0.101818671657,0.508897114199,0.518982961896,348.685818597,2.82346802026,14.4518070408
0.2,446,20260913,14,55,True,,0.080152371687,6.1113129495,-0.745626586736,-0.288016765417,0.414298091778,0.504575629625,325.193278027,2.74327170018,-9.04073352953
0.2,447,20260913,16,53,True,,0.105334722516,7.73932138828,-0.971783464366,-0.158525463568,0.560406993981,0.582397047985,344.205086333,3.20526283872,9.9710747768
0.2,448,20260913,16,53,True,,0.0412484725869,3.03067382246,-1.22780022561,-0.109031051208,0.335805488853,0.353062454066,342.012156749,2.0261246075,7.77814519241
0.2,449,20260913,19,50,True,,0.0588878147746,4.08179227804,-0.608899239942,-0.203844092305,0.380006706456,0.431227910645,331.789896501,2.36897132607,-2.44411505589
0.2,450,20260913,14,55,True,,0.0814766367204,6.21228311267,-0.504159613868,0.0231737192395,0.497599257415,0.498138577349,2.66639796684,2.70818089949,28.4323864103
0.2,451,20260913,11,58,True,,0.152622814338,12.2716485199,-1.16827989993,-0.205913509378,0.6818074449,0.712223114808,343.195093867,4.15555598163,8.96108231058
0.2,452,20260913,19,50,True,,0.123444293129,8.55650637385,-1.09080120921,-0.280763740606,0.569807673163,0.635223631829,333.7689545,3.56244555852,-0.465057056853
0.2,453,20260913,10,59,True,,0.130689160228,10.6892451072,-0.648019025415,-0.268965703871,0.599065790195,0.656675240009,335.821100608,3.71861199865,1.5870890517
0.2,454,20260913,14,55,True,,0.0337494219831,2.57326483624,-1.35560496767,-0.259990213203,0.203502881357,0.33016410114,308.051453926,1.93542744187,-26.1825576306
0.2,455,20260913,18,51,True,,0.068968644464,4.87615298864,-0.316908546988,-0.241366487084,0.399993743485,0.467175316037,328.892141237,2.54555991596,-5.34187031945
0.2,456,20260913,9,60,True,,0.0981207018436,8.16145054049,-1.36690946217,-0.313939759982,0.458600895109,0.555763397402,325.60602479,3.03899477557,-8.62798676623
0.2,457,20260913,18,51,True,,0.076170796797,5.38535245017,-1.03738169617,-0.194504692735,0.450627397447,0.490812720725,336.653481556,2.66879068128,2.41946999994
0.2,458,20260913,11,58,True,,0.11196966097,9.0029287579,-0.708383621752,-0.245631087405,0.554241940604,0.606233255294,336.097851393,3.3617662671,1.86383983608
0.2,459,20260913,14,55,True,,0.129397896912,9.86609661561,-0.826573858554,-0.425762944016,0.49490820479,0.652846241979,319.295027648,3.69024364363,-14.9389839086
0.2,460,20260913,12,57,True,,0.179203372594,14.1604316205,-0.918983542348,-0.420779452692,0.662483857518,0.784818583674,327.578153925,4.80490450121,-6.65585763187
0.2,461,20260913,15,54,True,,0.118746818647,8.88937443496,-1.39944415625,-0.254683417446,0.56904505259,0.623438782078,335.888484622,3.47946158254,1.65447306497
0.2,462,20260913,12,57,True,,0.102807924088,8.12375659017,-0.598498284844,-0.263696988767,0.516724635631,0.580121065772,332.963687798,3.1907057531,-1.27032375842
0.2,463,20260913,10,59,True,,0.101150974881,8.27327653983,-1.83092952405,-0.274814754095,0.501283702283,0.571671670842,331.267477539,3.13723971509,-2.96653401802
0.2,464,20260913,12,57,True,,0.16636931708,13.1463002295,-0.716629423609,-0.154407612643,0.720675109331,0.737030748376,347.906973583,4.36693546604,13.672962026
0.2,465,20260913,17,52,True,,0.0512583366367,3.69507543807,-0.553426883303,-0.308442954143,0.265701796843,0.407105024295,310.74257334,2.25739173804,-23.4914382166
0.2,466,20260913,16,53,True,,0.076770273153,5.640588429,-0.817177185516,0.0560181841455,0.477017527218,0.480295490535,6.69780857081,2.61324039277,32.4637970143
0.2,467,20260913,10,59,True,,0.127979746942,10.4676384899,-1.61664521452,-0.284675681153,0.578984419106,0.64518462552,333.817527683,3.63412821365,-0.416483873648
0.2,468,20260913,16,53,True,,0.132144054044,9.70909951977,-1.21541283481,-0.414567931492,0.507585162131,0.655369564931,320.75992102,3.70891406849,-13.474090537
0.2,469,20260913,15,54,True,,0.0617132038861,4.61984399391,-0.34563820407,-0.111802568797,0.420829680119,0.435427874692,345.121814557,2.38895432524,10.8878030009
0.2,470,20260913,13,56,True,,0.0985304679921,7.64916500185,-1.1426041523,-0.207519133335,0.526885898051,0.566279913351,338.502517404,3.10359099543,4.26850584728
0.2,471,20260913,17,52,True,,0.113819362662,8.20493131355,-0.37074875901,0.00756551452644,0.602349403724,0.602396913319,0.719597724718,3.33607119815,26.4855861682
0.2,472,20260913,11,58,True,,0.102424172395,8.23542305275,-0.818365753469,-0.220156828772,0.529130180851,0.573103635953,337.409119668,3.14623742899,3.17510811114
0.2,473,20260913,16,53,True,,0.183536161841,13.4850627497,-1.68963061377,-0.470863777823,0.635435378351,0.790879774255,323.461195536,4.86350586141,-10.7728160202
0.2,474,20260913,15,54,True,,0.13933207146,10.4303843093,-1.55318254376,-0.255023969509,0.619617736187,0.670047284914,337.628779644,3.81940468874,3.39476808778
0.2,475,20260913,13,56,True,,0.0978911758009,7.5995351609,-1.11858542633,-0.120295369464,0.536275917092,0.549602433734,347.356913614,3.00177826323,13.1229020574
0.2,476,20260913,15,54,True,,0.136846883919,10.2443434298,-1.03757778063,-0.296140382324,0.598593229792,0.667842032816,333.677143262,3.80259628235,-0.556868294495
0.2,477,20260913,14,55,True,,0.0534522261406,4.07552858284,-0.953537018648,-0.272545044958,0.316500444557,0.417676110085,319.267581924,2.30562599327,-14.9664296328
0.2,478,20260913,18,51,True,,0.12312491499,8.7050561436,-0.234324461826,-0.149112895074,0.616162163661,0.633948316036,346.395820364,3.55337065065,12.1618088077
0.2,479,20260913,17,52,True,,0.112747075817,8.1276330428,-0.871269705829,-0.353547127551,0.496186512554,0.609259080064,324.5290374,3.38217218082,-9.70497415648
0.2,480,20260913,16,53,True,,0.154133799337,11.3247652946,-1.81228276692,-0.472772303047,0.540721887502,0.718257481793,318.835647763,4.20601213982,-15.3983637936
0.2,481,20260913,18,51,True,,0.186207765032,13.1650775077,-1.1279053882,-0.371520363846,0.70341736737,0.79550196321,332.158558213,4.90867440343,-2.07545334314
0.2,482,20260913,13,56,True,,0.041365398306,3.21129863136,-1.04092327565,-0.203409553296,0.289777832224,0.35404327196,324.93306354,2.03010302687,-9.30094801626
0.2,483,20260913,13,56,True,,0.142775671183,11.0840300405,-1.06712972681,-0.0809325399678,0.67012670393,0.674996203949,353.113626335,3.85739624484,18.8796147786
0.2,484,20260913,15,54,True,,0.0994205822174,7.44261439539,-0.533648105148,-0.263899120089,0.499722039942,0.565123758824,332.161832363,3.09642282458,-2.07217919385
0.2,485,20260913,17,52,True,,0.154547068003,11.1408819028,-0.632364373762,-0.217967924294,0.684992857683,0.718836025181,342.348686991,4.21088167754,8.1146754341
0.2,486,20260913,14,55,True,,0.206552097613,15.7488104509,-1.9481844246,-0.502330480835,0.682172504723,0.847168954917,323.633231688,5.44304098803,-10.6007798684
0.2,487,20260913,14,55,True,,0.121752781775,9.28318571536,-1.17963354458,-0.332433336121,0.544742473279,0.638166345993,328.606045586,3.58347389621,-5.62796597058
0.2,488,20260913,19,50,True,,0.0871286055622,6.03929472916,-1.58850630006,-0.0509398772925,0.515313492972,0.517825131813,354.35452667,2.81693739212,20.1205151135
0.2,489,20260913,12,57,True,,0.167793649846,13.258849265,-1.84483399913,-0.416836593837,0.634866124875,0.75947859909,326.712138094,4.56745975552,-7.5218734627
0.2,490,20260913,9,60,True,,0.0549510059238,4.570696179,-0.803331690596,-0.1565940337,0.383612863874,0.414343481571,337.794299614,2.29030950428,3.56028805772
0.2,491,20260913,9,60,True,,0.10825759754,9.00461382108,-0.933426405542,-0.246242904582,0.541948988568,0.59526823724,335.564592543,3.28884511567,1.33058098689
0.2,492,20260913,17,52,True,,0.141168706677,10.1764718657,-0.892707511801,-0.29900794462,0.605008209398,0.674863456104,333.700436628,3.8563722587,-0.533574928079
0.2,493,20260913,15,54,True,,0.0559728580437,4.19012230401,-0.555854393195,-0.0960535223193,0.402625726097,0.413924817406,346.58188327,2.28839256592,12.3478717134
0.2,494,20260913,15,54,True,,0.0815633155044,6.10582127533,-1.46454567366,-0.15086634984,0.483698290322,0.506680068262,342.677207593,2.75484212627,8.44319603656
0.2,495,20260913,10,59,True,,0.117898141406,9.64305018847,-0.919434068299,-0.129991718714,0.600371291645,0.614282943574,347.782965529,3.41632662354,13.5489539721
0.2,496,20260913,12,57,True,,0.156258843806,12.3473829805,-1.59978207395,-0.310014754931,0.647668177501,0.718041235879,334.42128917,4.20419346725,0.18727761382
0.2,497,20260913,11,58,True,,0.110590889558,8.89206854199,-0.978985090089,-0.268227359725,0.543237070917,0.605848522094,333.72179937,3.35918049587,-0.512212186103
0.2,498,20260913,11,58,True,,0.106648026367,8.57504233945,-0.711332150362,-0.146042159631,0.566044493229,0.584580773465,345.532917271,3.21929228113,11.2989057148
0.2,499,20260913,9,60,True,,0.098784950769,8.21670121287,-0.607497123895,-0.138883455048,0.543230545234,0.560703165108,345.658835105,3.06916743257,11.4248235482
0.2,500,20260913,13,56,True,,0.061677823961,4.78820269555,-0.652960727636,0.0686167949348,0.423432085428,0.428955703444,9.2047152949,2.35823016329,34.9707037384
