bootstrap_id,n_events_response,fit_valid,status,solver_attempts,failure_reason,loglik_reduced,loglik_full,LR_statistic,quadrature_order
1,49,True,finite_mle,1,,-148.267758156,-148.009591914,0.516332485471,4
2,63,True,finite_mle,1,,-170.352195652,-168.477279985,3.74983133393,4
3,66,True,finite_mle,1,,-180.464857058,-180.336210969,0.257292177167,4
4,60,True,finite_mle,1,,-164.526028195,-162.24045322,4.57114995061,4
5,52,True,finite_mle,1,,-149.926502867,-148.975128916,1.90274790135,4
6,55,True,finite_mle,1,,-158.510695105,-158.222671331,0.576047548102,4
7,65,True,finite_mle,1,,-178.529173775,-175.066749971,6.92484760635,4
8,53,True,finite_mle,1,,-157.781904002,-157.474309861,0.615188283149,4
9,61,True,finite_mle,1,,-168.695429946,-166.906893161,3.5770735682,4
10,60,True,finite_mle,1,,-166.143819192,-165.467396082,1.35284621878,4
11,59,True,finite_mle,1,,-168.145655007,-165.085660797,6.11998841974,4
12,46,True,finite_mle,1,,-134.476217465,-132.585185129,3.78206467189,4
13,68,True,finite_mle,1,,-184.439281322,-182.706901114,3.46476041503,4
14,52,True,finite_mle,1,,-156.995341157,-153.314642273,7.36139776727,4
15,59,True,finite_mle,1,,-160.619163128,-160.117254984,1.00381628682,4
16,72,True,finite_mle,1,,-190.768549989,-190.51118637,0.514727237014,4
17,63,True,finite_mle,1,,-173.939873179,-173.804898614,0.269949129811,4
18,57,True,finite_mle,1,,-162.293753512,-161.126015718,2.33547558852,4
19,58,True,finite_mle,1,,-165.928350991,-165.526327962,0.804046059348,4
20,69,True,finite_mle,1,,-182.89808133,-181.429652416,2.93685782846,4
21,67,True,finite_mle,1,,-182.831370607,-182.61735263,0.428035954316,4
22,59,True,finite_mle,1,,-166.661431002,-166.094030177,1.13480165048,4
23,68,True,finite_mle,1,,-185.278305259,-184.584879187,1.38685214362,4
24,67,True,finite_mle,1,,-181.976050751,-181.653572727,0.644956048774,4
25,61,True,finite_mle,1,,-171.831510389,-170.443998236,2.77502430627,4
26,52,True,finite_mle,1,,-151.861103388,-150.45351547,2.8151758373,4
27,54,True,finite_mle,1,,-155.888351685,-155.712115159,0.352473053209,4
28,63,True,finite_mle,1,,-175.218056274,-174.248435275,1.93924199817,4
29,54,True,finite_mle,1,,-150.38921745,-150.189021214,0.40039247108,4
30,63,True,finite_mle,1,,-175.243373337,-175.006724026,0.473298620931,4
31,60,True,finite_mle,1,,-169.089171586,-167.511329929,3.15568331379,4
32,66,True,finite_mle,1,,-179.530357356,-178.204258524,2.65219766246,4
33,47,True,finite_mle,1,,-144.517390244,-143.148456,2.73786848766,4
34,59,True,finite_mle,1,,-167.842841533,-166.783732064,2.11821893835,4
35,52,True,finite_mle,1,,-151.980939348,-151.390040941,1.18179681411,4
36,53,True,finite_mle,1,,-157.778080624,-157.663009357,0.230142533115,4
37,49,True,finite_mle,1,,-149.392110043,-148.406048143,1.97212379971,4
38,62,True,finite_mle,1,,-166.832918696,-165.858605786,1.94862581848,4
39,63,True,finite_mle,1,,-170.594578143,-169.579651504,2.02985327832,4
40,58,True,finite_mle,1,,-160.476914841,-159.061810439,2.83020880301,4
41,58,True,finite_mle,1,,-164.317378109,-163.736593075,1.16157006814,4
42,65,True,finite_mle,1,,-168.716450519,-168.112689662,1.20752171271,4
43,65,True,finite_mle,1,,-170.657967836,-170.200020302,0.915895069156,4
44,49,True,finite_mle,1,,-149.361166386,-146.516521543,5.68928968529,4
45,64,True,finite_mle,1,,-171.701425324,-171.542344954,0.318160740219,4
46,65,True,finite_mle,1,,-179.277262222,-178.717258911,1.12000662299,4
47,53,True,finite_mle,1,,-153.090864176,-152.519982101,1.14176415057,4
48,56,True,finite_mle,1,,-158.336191155,-155.794354733,5.08367284502,4
49,60,True,finite_mle,1,,-167.039245723,-166.973971246,0.130548953322,4
50,51,True,finite_mle,1,,-148.657185611,-147.586096126,2.14217897079,4
51,55,True,finite_mle,1,,-158.936780006,-158.555980002,0.761600007866,4
52,61,True,finite_mle,1,,-170.41090064,-170.006833311,0.808134658293,4
53,53,True,finite_mle,1,,-157.162982192,-155.960571,2.40482238474,4
54,64,True,finite_mle,1,,-167.516443426,-167.377052498,0.278781855489,4
55,48,True,finite_mle,1,,-145.61562081,-144.862047896,1.50714582727,4
56,45,True,finite_mle,1,,-138.509470787,-138.508232563,0.00247644796099,4
57,46,True,finite_mle,1,,-136.599536299,-136.296794975,0.605482647272,4
58,49,True,finite_mle,1,,-143.721210499,-142.682755856,2.07690928526,4
59,64,True,finite_mle,1,,-178.070179293,-177.840726269,0.458906049123,4
60,61,True,finite_mle,1,,-171.166003239,-169.261881788,3.8082429032,4
61,55,True,finite_mle,1,,-161.344638575,-161.278750812,0.131775524909,4
62,60,True,finite_mle,1,,-168.366921182,-167.04080029,2.65224178382,4
63,57,True,finite_mle,1,,-165.119842317,-161.830519392,6.57864584869,4
64,63,True,finite_mle,1,,-174.946095718,-174.091711804,1.70876782793,4
65,52,True,finite_mle,1,,-152.543249639,-151.733905755,1.61868776897,4
66,57,True,finite_mle,1,,-162.03949349,-161.118482848,1.84202128579,4
67,62,True,finite_mle,1,,-166.8104732,-166.755844629,0.109257141886,4
68,48,True,finite_mle,1,,-144.780932277,-143.952876793,1.65611096724,4
69,60,True,finite_mle,1,,-163.542708606,-163.085801992,0.913813228997,4
70,43,True,finite_mle,1,,-133.180066423,-132.267315246,1.82550235372,4
71,68,True,finite_mle,1,,-180.689872293,-180.18480022,1.01014414571,4
72,58,True,finite_mle,1,,-165.52428048,-164.772973937,1.50261308547,4
73,57,True,finite_mle,1,,-165.258492345,-164.77062671,0.975731270017,4
74,50,True,finite_mle,1,,-150.891455113,-150.359790392,1.06332944166,4
75,60,True,finite_mle,1,,-169.598379031,-169.505831172,0.185095718583,4
76,66,True,finite_mle,1,,-179.222194997,-177.780313972,2.88376205022,4
77,47,True,finite_mle,1,,-138.011467122,-136.280902506,3.46112923197,4
78,54,True,finite_mle,1,,-152.956750119,-152.623665078,0.666170081833,4
79,53,True,finite_mle,1,,-155.464479952,-154.862798843,1.20336221693,4
80,55,True,finite_mle,1,,-157.532350392,-156.360430956,2.3438388703,4
81,58,True,finite_mle,1,,-160.637362953,-159.491600694,2.29152451633,4
82,67,True,finite_mle,1,,-180.94854901,-180.757490536,0.382116948047,4
83,49,True,finite_mle,1,,-146.977578964,-144.575139585,4.80487875815,4
84,47,True,finite_mle,1,,-142.397673029,-141.807248502,1.18084905331,4
85,69,True,finite_mle,1,,-185.498163099,-184.211321677,2.57368284396,4
86,42,True,finite_mle,1,,-133.182821275,-128.840449905,8.68474274096,4
87,60,True,finite_mle,1,,-168.104686084,-166.468728369,3.27191543062,4
88,56,True,finite_mle,1,,-158.878710817,-157.799950742,2.15752015019,4
89,58,True,finite_mle,1,,-160.334266254,-159.676077034,1.31637844067,4
90,55,True,finite_mle,1,,-159.40852418,-158.605535655,1.60597704874,4
91,65,True,finite_mle,1,,-178.624298297,-178.554621355,0.139353884186,4
92,57,True,finite_mle,1,,-164.911774308,-164.719503391,0.384541832433,4
93,53,True,finite_mle,1,,-153.637182854,-152.495034922,2.28429586277,4
94,56,True,finite_mle,1,,-160.225966263,-156.819600982,6.8127305606,4
95,62,True,finite_mle,1,,-172.070847876,-171.004117837,2.13346007833,4
96,50,True,finite_mle,1,,-146.452686438,-144.720376546,3.46461978399,4
97,55,True,finite_mle,1,,-160.446173445,-157.153242111,6.58586266685,4
98,51,True,finite_mle,1,,-145.193498133,-144.919065577,0.548865113167,4
99,54,True,finite_mle,1,,-156.696150069,-155.078250971,3.23579819554,4
100,66,True,finite_mle,1,,-180.013290904,-179.874844557,0.27689269426,4
101,50,True,finite_mle,1,,-149.736086377,-149.031032534,1.41010768507,4
102,43,True,finite_mle,1,,-132.662771151,-131.693450278,1.93864174663,4
103,58,True,finite_mle,1,,-158.179907247,-157.764436544,0.830941406375,4
104,48,True,finite_mle,1,,-147.080329196,-146.767507934,0.625642523499,4
105,45,True,finite_mle,1,,-139.52859871,-137.666988669,3.72322008274,4
106,48,True,finite_mle,1,,-147.993376936,-145.357824274,5.27110532388,4
107,58,True,finite_mle,1,,-163.738181329,-163.484290859,0.507780941421,4
108,56,True,finite_mle,1,,-162.354888169,-161.145609088,2.41855816148,4
109,55,True,finite_mle,1,,-161.034976815,-160.095768577,1.87841647636,4
110,48,True,finite_mle,1,,-143.02299458,-142.682117211,0.681754739043,4
111,58,True,finite_mle,1,,-162.602703573,-160.925170676,3.35506579438,4
112,53,True,finite_mle,1,,-152.110878279,-148.156124775,7.90950700712,4
113,66,True,finite_mle,1,,-178.345037362,-177.72559233,1.23889006265,4
114,58,True,finite_mle,1,,-165.232521186,-164.707650846,1.04974068089,4
115,76,True,finite_mle,1,,-191.436578731,-191.171399082,0.530359298367,4
116,52,True,finite_mle,1,,-152.784204068,-151.394257047,2.77989404256,4
117,63,True,finite_mle,1,,-170.651958106,-169.048284461,3.20734729015,4
118,49,True,finite_mle,1,,-143.938130274,-143.134858923,1.60654270158,4
119,55,True,finite_mle,1,,-153.617787453,-153.4347541,0.366066705037,4
120,50,True,finite_mle,1,,-149.660845485,-149.529171626,0.263347718252,4
121,70,True,finite_mle,1,,-187.263203044,-185.427045329,3.67231542988,4
122,54,True,finite_mle,1,,-157.158428894,-154.385989614,5.54487855961,4
123,63,True,finite_mle,1,,-175.509220602,-174.087157241,2.84412672208,4
124,63,True,finite_mle,1,,-171.785607819,-166.781871496,10.0074726459,4
125,39,True,finite_mle,1,,-127.128655103,-126.735815267,0.785679673022,4
126,69,True,finite_mle,1,,-178.041294413,-177.61190033,0.858788165853,4
127,56,True,finite_mle,1,,-156.131326958,-154.614202389,3.03424913792,4
128,63,True,finite_mle,1,,-177.888636959,-177.859358816,0.0585562867013,4
129,70,True,finite_mle,1,,-187.556552574,-187.484115008,0.144875131734,4
130,52,True,finite_mle,1,,-151.325152399,-151.21717147,0.21596185712,4
131,66,True,finite_mle,1,,-176.121259939,-175.807102438,0.62831500107,4
132,66,True,finite_mle,1,,-180.444868233,-180.357634452,0.174467563757,4
133,52,True,finite_mle,1,,-155.060725714,-153.66848713,2.7844771695,4
134,56,True,finite_mle,1,,-164.471097921,-164.305661097,0.330873646667,4
135,49,True,finite_mle,1,,-145.716763328,-143.753397787,3.9267310814,4
136,55,True,finite_mle,1,,-158.389313677,-156.766529267,3.24556882011,4
137,69,True,finite_mle,1,,-185.495420186,-185.166546353,0.657747665748,4
138,58,True,finite_mle,1,,-166.397504182,-164.552832442,3.68934348129,4
139,55,True,finite_mle,1,,-160.906311173,-160.477110256,0.858401833361,4
140,47,True,finite_mle,1,,-140.90657768,-140.850751886,0.111651588474,4
141,54,True,finite_mle,1,,-158.427669658,-158.180108229,0.495122857642,4
142,55,True,finite_mle,1,,-161.072793667,-159.343567936,3.4584514605,4
143,57,True,finite_mle,1,,-159.438841589,-159.387790129,0.102102920594,4
144,54,True,finite_mle,1,,-154.325855739,-154.087786831,0.47613781661,4
145,50,True,finite_mle,1,,-147.553227531,-146.140353224,2.825748614,4
146,50,True,finite_mle,1,,-151.789931032,-151.256202757,1.06745655013,4
147,60,True,finite_mle,1,,-164.783336212,-164.094415669,1.37784108643,4
148,55,True,finite_mle,1,,-156.46238442,-155.725749775,1.4732692885,4
149,52,True,finite_mle,1,,-152.49176395,-152.438344229,0.106839442439,4
150,52,True,finite_mle,1,,-150.512408691,-150.193835062,0.63714725681,4
151,59,True,finite_mle,1,,-166.856298898,-166.225553522,1.26149075277,4
152,51,True,finite_mle,1,,-148.692398526,-147.332469385,2.71985828128,4
153,55,True,finite_mle,1,,-157.651435335,-156.911689662,1.47949134558,4
154,66,True,finite_mle,1,,-176.271988091,-173.966497279,4.6109816226,4
155,53,True,finite_mle,1,,-157.296330334,-155.896055143,2.800550383,4
156,53,True,finite_mle,1,,-156.232962652,-155.749467576,0.96699015258,4
157,53,True,finite_mle,1,,-150.469367637,-150.16177391,0.615187454107,4
158,65,True,finite_mle,1,,-176.510173316,-175.057430761,2.90548511072,4
159,67,True,finite_mle,1,,-177.764855777,-177.268019313,0.993672928171,4
160,55,True,finite_mle,1,,-157.302687621,-156.824612268,0.956150706074,4
161,60,True,finite_mle,1,,-171.055140015,-167.802492085,6.50529585998,4
162,63,True,finite_mle,1,,-178.129908484,-178.128581612,0.00265374371889,4
163,60,True,finite_mle,1,,-170.177543945,-170.107907774,0.139272342036,4
164,68,True,finite_mle,1,,-178.008783322,-177.96762528,0.0823160839782,4
165,55,True,finite_mle,1,,-154.982594374,-151.872463028,6.22026269293,4
166,63,True,finite_mle,1,,-168.886674283,-166.489353255,4.79464205679,4
167,68,True,finite_mle,1,,-181.425861376,-181.191527148,0.468668456163,4
168,53,True,finite_mle,1,,-152.733067257,-151.909853025,1.64642846322,4
169,52,True,finite_mle,1,,-152.209772087,-151.477733513,1.46407714857,4
170,59,True,finite_mle,1,,-168.268316742,-167.215012377,2.1066087296,4
171,62,True,finite_mle,1,,-168.253074821,-165.733161293,5.03982705609,4
172,60,True,finite_mle,1,,-172.064966898,-171.513660787,1.10261222213,4
173,55,True,finite_mle,1,,-154.429387002,-154.026668321,0.805437362719,4
174,61,True,finite_mle,1,,-167.292889134,-166.522775295,1.54022767871,4
175,58,True,finite_mle,1,,-164.703664644,-162.144434899,5.1184594898,4
176,45,True,finite_mle,1,,-138.920444578,-138.861110051,0.118669054357,4
177,65,True,finite_mle,1,,-177.459297823,-174.021075936,6.87644377506,4
178,52,True,finite_mle,1,,-154.689026663,-150.5170682,8.34391692493,4
179,59,True,finite_mle,1,,-165.499430943,-164.635308774,1.7282443369,4
180,57,True,finite_mle,1,,-161.996800561,-161.176187744,1.64122563482,4
181,59,True,finite_mle,1,,-167.584618083,-167.451494003,0.266248159368,4
182,65,True,finite_mle,1,,-173.254265316,-172.539354267,1.42982209948,4
183,48,True,finite_mle,1,,-144.846316472,-144.186650625,1.31933169402,4
184,71,True,finite_mle,1,,-184.810769431,-183.09738891,3.42676104156,4
185,54,True,finite_mle,1,,-158.855502547,-158.824869999,0.0612650953383,4
186,57,True,finite_mle,1,,-166.256186848,-164.866999431,2.77837483527,4
187,68,True,finite_mle,1,,-178.377593643,-177.583155523,1.58887623824,4
188,49,True,finite_mle,1,,-146.946653986,-146.938929289,0.015449393661,4
189,61,True,finite_mle,1,,-171.378111249,-170.675307471,1.40560755568,4
190,55,True,finite_mle,1,,-160.544131874,-160.444546728,0.199170290666,4
191,60,True,finite_mle,1,,-162.518670546,-159.535364656,5.96661177935,4
192,46,True,finite_mle,1,,-137.124683671,-134.363852275,5.52166279183,4
193,59,True,finite_mle,1,,-162.774375634,-162.66700246,0.214746347674,4
194,62,True,finite_mle,1,,-168.731772221,-167.590555095,2.28243425313,4
195,67,True,finite_mle,1,,-180.596396371,-180.48179901,0.229194723296,4
196,59,True,finite_mle,1,,-165.844489914,-165.495906593,0.697166643178,4
197,60,True,finite_mle,1,,-164.488999842,-164.350352336,0.277295011401,4
198,58,True,finite_mle,1,,-164.863491078,-164.577074485,0.572833185793,4
199,68,True,finite_mle,1,,-177.472443638,-176.882715929,1.1794554175,4
200,65,True,finite_mle,1,,-173.418926939,-169.006541659,8.82477055989,4
201,54,True,finite_mle,1,,-156.549885647,-156.359548355,0.380674585178,4
202,56,True,finite_mle,1,,-161.396626254,-160.511125147,1.77100221446,4
203,59,True,finite_mle,1,,-167.234670592,-166.988527908,0.492285368003,4
204,58,True,finite_mle,1,,-162.174362195,-161.392995513,1.56273336354,4
205,57,True,finite_mle,1,,-157.667754224,-157.48118448,0.373139487265,4
206,65,True,finite_mle,1,,-177.828492,-175.677259244,4.30246551119,4
207,61,True,finite_mle,1,,-163.068542045,-162.518670985,1.09974211941,4
208,64,True,finite_mle,1,,-173.849140351,-172.912644625,1.87299145274,4
209,46,True,finite_mle,1,,-142.642288414,-142.045224389,1.19412805016,4
210,54,True,finite_mle,1,,-157.536962611,-157.057847912,0.958229397899,4
211,52,True,finite_mle,1,,-150.884608417,-150.833235376,0.102746082566,4
212,63,True,finite_mle,1,,-173.037665905,-172.999907841,0.0755161266748,4
213,57,True,finite_mle,1,,-163.037279626,-162.464139179,1.14628089267,4
214,59,True,finite_mle,1,,-160.720488262,-158.025106167,5.39076418823,4
215,60,True,finite_mle,1,,-166.377630246,-164.808197827,3.13886483806,4
216,56,True,finite_mle,1,,-161.676004591,-160.0593063,3.23339658282,4
217,51,True,finite_mle,1,,-151.678508562,-151.562257911,0.23250130116,4
218,58,True,finite_mle,1,,-166.193122189,-165.850525878,0.685192620798,4
219,39,True,finite_mle,1,,-124.753818992,-124.56030072,0.387036544932,4
220,62,True,finite_mle,1,,-172.072555831,-171.264008392,1.61709487678,4
221,57,True,finite_mle,1,,-159.362297093,-159.310578106,0.103437974018,4
222,50,True,finite_mle,1,,-150.591792974,-149.484083805,2.2154183389,4
223,60,True,finite_mle,1,,-169.865451662,-169.122981178,1.48494096792,4
224,57,True,finite_mle,1,,-165.038980761,-164.733003552,0.611954418312,4
225,51,True,finite_mle,1,,-152.216838082,-151.816287824,0.801100517235,4
226,56,True,finite_mle,1,,-162.551741332,-162.540196301,0.0230900629118,4
227,52,True,finite_mle,1,,-155.024571035,-154.447651974,1.15383812209,4
228,51,True,finite_mle,1,,-149.074230829,-148.388057402,1.37234685468,4
229,62,True,finite_mle,1,,-167.244513927,-165.645148945,3.19872996368,4
230,56,True,finite_mle,1,,-159.818467975,-155.867676436,7.90158307792,4
231,57,True,finite_mle,1,,-165.853231271,-165.782018783,0.14242497739,4
232,65,True,finite_mle,1,,-177.126230561,-176.595312027,1.06183706775,4
233,46,True,finite_mle,1,,-141.137015085,-140.426275969,1.42147823255,4
234,70,True,finite_mle,1,,-180.520828563,-180.449569454,0.142518216236,4
235,55,True,finite_mle,1,,-154.915594611,-154.800844148,0.229500926627,4
236,54,True,finite_mle,1,,-158.554149789,-158.063222998,0.981853581501,4
237,41,True,finite_mle,1,,-130.078731304,-129.18710301,1.78325658904,4
238,58,True,finite_mle,1,,-165.380580655,-165.2565568,0.248047710702,4
239,64,True,finite_mle,1,,-173.630090958,-171.912361121,3.43545967431,4
240,59,True,finite_mle,1,,-165.50406031,-165.094802606,0.818515407719,4
241,51,True,finite_mle,1,,-151.450808429,-150.076441811,2.7487332371,4
242,62,True,finite_mle,1,,-168.333266946,-167.272926324,2.12068124322,4
243,56,True,finite_mle,1,,-155.69767153,-155.280815193,0.833712673885,4
244,58,True,finite_mle,1,,-165.052900738,-161.029473077,8.0468553227,4
245,50,True,finite_mle,1,,-145.294053893,-144.833364237,0.921379311932,4
246,61,True,finite_mle,1,,-169.445671241,-168.154868892,2.58160469733,4
247,69,True,finite_mle,1,,-182.000497858,-180.645340775,2.71031416645,4
248,57,True,finite_mle,1,,-159.599428328,-159.036675134,1.12550638734,4
249,60,True,finite_mle,1,,-168.811821175,-168.758626049,0.106390252787,4
250,54,True,finite_mle,1,,-160.468802905,-158.082020492,4.77356482566,4
251,49,True,finite_mle,1,,-146.027700391,-145.795707199,0.463986383466,4
252,61,True,finite_mle,1,,-169.035675513,-166.29154387,5.48826328535,4
253,58,True,finite_mle,1,,-165.090451574,-164.895601026,0.389701095894,4
254,51,True,finite_mle,1,,-149.382098903,-148.776747164,1.21070347843,4
255,43,True,finite_mle,1,,-130.190118311,-129.111297846,2.15764092892,4
256,62,True,finite_mle,1,,-160.76473882,-158.166555706,5.19636622955,4
257,55,True,finite_mle,1,,-158.260276317,-157.825848177,0.86885627992,4
258,49,True,finite_mle,1,,-148.902586499,-147.953797869,1.89757726072,4
259,53,True,finite_mle,1,,-152.288115297,-151.685967499,1.20429559679,4
260,68,True,finite_mle,1,,-180.228689519,-180.206231218,0.0449166008561,4
261,58,True,finite_mle,1,,-163.918625022,-163.074453641,1.68834276261,4
262,70,True,finite_mle,1,,-186.303528908,-186.151607567,0.303842681725,4
263,53,True,finite_mle,1,,-157.625942219,-157.116472081,1.01894027553,4
264,57,True,finite_mle,1,,-163.392682592,-162.883813566,1.01773805361,4
265,72,True,finite_mle,1,,-188.27528517,-187.730675066,1.08922020686,4
266,62,True,finite_mle,1,,-166.160945965,-165.12756429,2.0667633511,4
267,49,True,finite_mle,1,,-149.618841462,-149.403851991,0.429978941988,4
268,67,True,finite_mle,1,,-182.849499746,-180.950512679,3.79797413373,4
269,55,True,finite_mle,1,,-160.144198169,-159.522321552,1.24375323491,4
270,56,True,finite_mle,1,,-158.477415088,-157.641517947,1.67179428179,4
271,56,True,finite_mle,1,,-163.727133843,-163.53802163,0.378224425982,4
272,55,True,finite_mle,1,,-156.011751866,-155.957662402,0.108178926455,4
273,62,True,finite_mle,1,,-174.098202508,-166.85106715,14.4942707143,4
274,47,True,finite_mle,1,,-141.623269153,-140.980860132,1.28481804254,4
275,61,True,finite_mle,1,,-170.181550464,-170.142823357,0.0774542154707,4
276,44,True,finite_mle,1,,-139.753510985,-137.159689518,5.18764293368,4
277,57,True,finite_mle,1,,-163.235726347,-162.490472086,1.49050852071,4
278,64,True,finite_mle,1,,-177.064478505,-176.455883708,1.2171895944,4
279,61,True,finite_mle,1,,-168.75458669,-167.724485568,2.06020224475,4
280,56,True,finite_mle,1,,-160.177563926,-155.099178482,10.156770889,4
281,66,True,finite_mle,1,,-180.44970925,-179.948367814,1.00268287271,4
282,52,True,finite_mle,1,,-152.911689605,-152.445820557,0.931738097043,4
283,55,True,finite_mle,1,,-157.497276206,-156.268457318,2.45763777659,4
284,64,True,finite_mle,1,,-176.125273187,-174.775368449,2.69980947487,4
285,54,True,finite_mle,1,,-153.251648517,-150.894732748,4.713831538,4
286,57,True,finite_mle,1,,-161.476838578,-160.802599203,1.34847875103,4
287,59,True,finite_mle,1,,-161.450489573,-160.967056579,0.966865987572,4
288,55,True,finite_mle,1,,-162.568940076,-161.958338785,1.22120258146,4
289,51,True,finite_mle,1,,-150.316434749,-150.080682993,0.471503511875,4
290,70,True,finite_mle,1,,-182.8103224,-182.180504048,1.25963670354,4
291,43,True,finite_mle,1,,-134.753694586,-134.008697544,1.48999408545,4
292,52,True,finite_mle,1,,-154.188816888,-153.62356115,1.13051147704,4
293,62,True,finite_mle,1,,-170.778828592,-169.750998974,2.05565923612,4
294,59,True,finite_mle,1,,-167.545230722,-166.135576319,2.81930880516,4
295,52,True,finite_mle,1,,-155.583108494,-154.549601822,2.0670133433,4
296,46,True,finite_mle,1,,-143.325539337,-143.108905916,0.433266842339,4
297,52,True,finite_mle,1,,-154.195066345,-150.566577281,7.25697812782,4
298,51,True,finite_mle,1,,-148.243164723,-148.219406165,0.0475171164749,4
299,59,True,finite_mle,1,,-164.075108608,-162.28979812,3.5706209755,4
300,60,True,finite_mle,1,,-167.928461166,-164.851077661,6.15476700912,4
301,50,True,finite_mle,1,,-150.603215637,-148.897402373,3.41162652747,4
302,54,True,finite_mle,1,,-154.997993547,-154.711096181,0.573794731676,4
303,52,True,finite_mle,1,,-154.663264373,-153.576212394,2.17410395757,4
304,60,True,finite_mle,1,,-165.562399189,-164.429697352,2.26540367359,4
305,53,True,finite_mle,1,,-156.264788149,-155.41685844,1.69585941735,4
306,55,True,finite_mle,1,,-157.840470866,-155.817425031,4.04609167024,4
307,49,True,finite_mle,1,,-148.007688804,-147.220111378,1.57515485235,4
308,62,True,finite_mle,1,,-172.529004404,-171.15734761,2.74331358657,4
309,59,True,finite_mle,1,,-160.993802685,-157.754547673,6.47851002472,4
310,56,True,finite_mle,1,,-159.580288313,-158.641214623,1.87814738018,4
311,51,True,finite_mle,1,,-154.730688967,-154.567063646,0.327250640604,4
312,59,True,finite_mle,1,,-165.225823305,-164.681666452,1.08831370739,4
313,60,True,finite_mle,1,,-169.198384652,-167.99329307,2.41018316345,4
314,61,True,finite_mle,1,,-171.900164,-171.483975583,0.832376832588,4
315,56,True,finite_mle,1,,-162.355763015,-162.042826686,0.625872657982,4
316,65,True,finite_mle,1,,-175.150311808,-174.744272789,0.812078036573,4
317,51,True,finite_mle,1,,-153.852567159,-153.474800191,0.755533935976,4
318,56,True,finite_mle,1,,-159.748299063,-157.338408713,4.81978070049,4
319,55,True,finite_mle,1,,-159.826298123,-157.903477879,3.84564048732,4
320,61,True,finite_mle,1,,-170.962149631,-170.217007323,1.49028461541,4
321,63,True,finite_mle,1,,-175.558582718,-175.108911218,0.899342999668,4
322,67,True,finite_mle,1,,-180.575175153,-178.566989879,4.01637054684,4
323,43,True,finite_mle,1,,-136.174942502,-134.830441519,2.68900196648,4
324,68,True,finite_mle,1,,-185.287975626,-184.059650682,2.45664988876,4
325,52,True,finite_mle,1,,-152.278314087,-152.166273092,0.224081990033,4
326,57,True,finite_mle,1,,-164.212708822,-163.149191536,2.12703457243,4
327,62,True,finite_mle,1,,-172.991142487,-172.764186481,0.453912011912,4
328,63,True,finite_mle,1,,-173.470838021,-172.975313835,0.991048371419,4
329,60,True,finite_mle,1,,-169.5766808,-165.762346226,7.62866914851,4
330,54,True,finite_mle,1,,-159.126153258,-158.839054811,0.574196894877,4
331,63,True,finite_mle,1,,-173.95770346,-173.892763428,0.129880064245,4
332,53,True,finite_mle,1,,-158.635037767,-157.110629945,3.04881564303,4
333,53,True,finite_mle,1,,-152.127803247,-151.841409901,0.572786691521,4
334,62,True,finite_mle,1,,-163.951112626,-163.496604504,0.909016243532,4
335,63,True,finite_mle,1,,-169.833505628,-168.634852463,2.39730633072,4
336,60,True,finite_mle,1,,-164.739322744,-163.664178874,2.15028774106,4
337,58,True,finite_mle,1,,-163.0915548,-162.57678186,1.0295458802,4
338,47,True,finite_mle,1,,-140.273734645,-138.016701746,4.51406579788,4
339,51,True,finite_mle,1,,-150.923708892,-150.843125753,0.161166276918,4
340,63,True,finite_mle,1,,-173.378898191,-172.348124454,2.06154747498,4
341,53,True,finite_mle,1,,-154.046233567,-150.144589017,7.80328910157,4
342,72,True,finite_mle,1,,-184.939744438,-184.524724193,0.830040491154,4
343,60,True,finite_mle,1,,-166.703757633,-164.037561601,5.33239206461,4
344,53,True,finite_mle,1,,-157.888375014,-156.602255535,2.57223895685,4
345,51,True,finite_mle,1,,-146.683490066,-145.739480948,1.8880182374,4
346,52,True,finite_mle,1,,-153.107585725,-151.271155508,3.67286043297,4
347,49,True,finite_mle,1,,-143.935615058,-140.817865104,6.23549990721,4
348,65,True,finite_mle,1,,-174.24351099,-171.712820923,5.06138013372,4
349,59,True,finite_mle,1,,-169.19893624,-168.582241435,1.23338961069,4
350,40,True,finite_mle,1,,-129.425606445,-127.599161882,3.65288912613,4
351,69,True,finite_mle,1,,-179.251500456,-178.844386832,0.814227247402,4
352,54,True,finite_mle,1,,-156.363343013,-153.400854383,5.92497725937,4
353,62,True,finite_mle,1,,-172.728864883,-172.657536601,0.142656564188,4
354,61,True,finite_mle,1,,-170.315527054,-169.141730761,2.34759258673,4
355,58,True,finite_mle,1,,-166.79942604,-166.7354533,0.127945480295,4
356,73,True,finite_mle,1,,-188.390674204,-187.407908451,1.96553150509,4
357,60,True,finite_mle,1,,-156.99538507,-156.833244,0.324282139075,4
358,68,True,finite_mle,1,,-177.002240696,-176.595762333,0.812956726951,4
359,50,True,finite_mle,1,,-148.717076692,-148.619646932,0.194859518538,4
360,62,True,finite_mle,1,,-172.189145973,-170.133659562,4.11097282318,4
361,70,True,finite_mle,1,,-186.477679227,-185.27118305,2.41299235352,4
362,58,True,finite_mle,1,,-165.267011393,-164.439606044,1.65481069917,4
363,58,True,finite_mle,1,,-164.679712392,-162.614475311,4.13047416146,4
364,56,True,finite_mle,1,,-160.61761831,-159.188510737,2.8582151466,4
365,61,True,finite_mle,1,,-170.272533989,-170.221265361,0.102537256233,4
366,49,True,finite_mle,1,,-141.290590287,-140.969639325,0.641901924488,4
367,64,True,finite_mle,1,,-176.741241128,-175.469362517,2.54375722247,4
368,64,True,finite_mle,1,,-173.287767738,-171.616661529,3.342212418,4
369,54,True,finite_mle,1,,-157.933368484,-157.201136892,1.46446318505,4
370,57,True,finite_mle,1,,-165.446241263,-165.43191469,0.0286531468281,4
371,57,True,finite_mle,1,,-162.762468729,-161.94952047,1.62589651788,4
372,54,True,finite_mle,1,,-157.005916277,-155.907347619,2.1971373172,4
373,57,True,finite_mle,1,,-160.268483272,-158.198125108,4.14071632667,4
374,60,True,finite_mle,1,,-168.162947316,-165.973219472,4.37945568823,4
375,50,True,finite_mle,1,,-149.268741862,-148.418353743,1.70077623949,4
376,56,True,finite_mle,1,,-163.28308467,-161.018490411,4.52918851747,4
377,62,True,finite_mle,1,,-174.52295162,-172.816214243,3.4134747527,4
378,62,True,finite_mle,1,,-169.067858617,-169.045687532,0.0443421697721,4
379,56,True,finite_mle,1,,-161.767117855,-158.386846203,6.76054330523,4
380,55,True,finite_mle,1,,-156.10907803,-155.943396114,0.331363832931,4
381,59,True,finite_mle,1,,-166.095830678,-165.418579118,1.35450311974,4
382,55,True,finite_mle,1,,-161.71192538,-161.328005324,0.767840110921,4
383,55,True,finite_mle,1,,-159.933393425,-157.958063063,3.95066072427,4
384,48,True,finite_mle,1,,-145.148199722,-144.722203583,0.851992279611,4
385,49,True,finite_mle,1,,-148.245893677,-146.24026313,4.01126109506,4
386,57,True,finite_mle,1,,-165.658339181,-164.909978962,1.49672043685,4
387,66,True,finite_mle,1,,-176.698412195,-174.49988465,4.39705508833,4
388,73,True,finite_mle,1,,-185.857010568,-184.700762473,2.31249618988,4
389,50,True,finite_mle,1,,-146.163887775,-142.379328355,7.569118841,4
390,63,True,finite_mle,1,,-171.817800448,-170.880046828,1.87550724096,4
391,61,True,finite_mle,1,,-170.649722302,-169.555656609,2.18813138653,4
392,39,True,finite_mle,1,,-126.270702715,-125.372224039,1.79695735116,4
393,57,True,finite_mle,1,,-158.865059853,-157.782678259,2.16476318749,4
394,55,True,finite_mle,1,,-155.301229482,-155.220330198,0.161798568925,4
395,68,True,finite_mle,1,,-182.450854146,-181.902070301,1.09756768974,4
396,58,True,finite_mle,1,,-160.248300242,-159.515976649,1.46464718638,4
397,59,True,finite_mle,1,,-167.498437151,-166.245804765,2.50526477246,4
398,45,True,finite_mle,1,,-140.627689429,-140.383468115,0.488442627032,4
399,48,True,finite_mle,1,,-143.471033274,-141.482680879,3.97670478981,4
400,55,True,finite_mle,1,,-161.251838064,-159.129749391,4.24417734498,4
401,54,True,finite_mle,1,,-159.397964525,-159.005168182,0.785592686072,4
402,57,True,finite_mle,1,,-162.647577733,-162.291882699,0.711390068584,4
403,57,True,finite_mle,1,,-165.250101305,-164.963722176,0.572758257885,4
404,60,True,finite_mle,1,,-164.405478081,-164.152786566,0.505383029117,4
405,49,True,finite_mle,1,,-143.811355514,-143.592920774,0.43686947986,4
406,61,True,finite_mle,1,,-165.82273662,-164.253248299,3.13897664328,4
407,64,True,finite_mle,1,,-177.164281686,-174.362430139,5.60370309432,4
408,56,True,finite_mle,1,,-158.949032183,-156.833880371,4.23030362252,4
409,58,True,finite_mle,1,,-165.108256881,-163.981820959,2.25287184414,4
410,66,True,finite_mle,1,,-176.761721846,-173.858260397,5.8069228977,4
411,72,True,finite_mle,1,,-186.342448689,-186.060208722,0.564479934261,4
412,57,True,finite_mle,1,,-160.696129816,-160.57850756,0.235244513426,4
413,65,True,finite_mle,1,,-168.82717852,-166.699036731,4.25628357795,4
414,59,True,finite_mle,1,,-165.704966149,-160.987786637,9.43435902412,4
415,62,True,finite_mle,1,,-173.280414766,-172.138804278,2.28322097744,4
416,51,True,finite_mle,1,,-153.607670198,-152.411466774,2.39240684872,4
417,67,True,finite_mle,1,,-178.637173377,-178.436193008,0.401960737887,4
418,62,True,finite_mle,1,,-171.858777886,-171.568503075,0.580549620398,4
419,63,True,finite_mle,1,,-175.110772065,-174.843596318,0.534351494095,4
420,78,True,finite_mle,1,,-200.366428977,-198.174063713,4.38473052924,4
421,58,True,finite_mle,1,,-165.298834941,-162.584422622,5.42882463726,4
422,61,True,finite_mle,1,,-173.144477324,-172.973384226,0.342186195851,4
423,63,True,finite_mle,1,,-167.930451459,-167.598414683,0.664073553711,4
424,55,True,finite_mle,1,,-156.694192374,-153.921996301,5.54439214455,4
425,61,True,finite_mle,1,,-167.6121909,-165.632145937,3.96008992712,4
426,56,True,finite_mle,1,,-160.250233724,-160.121110525,0.258246398816,4
427,67,True,finite_mle,1,,-178.762280023,-177.684647622,2.15526480252,4
428,67,True,finite_mle,1,,-179.643702115,-179.160668467,0.966067296472,4
429,61,True,finite_mle,1,,-170.654724025,-169.328016929,2.65341419348,4
430,63,True,finite_mle,1,,-171.093416436,-170.963086609,0.260659654535,4
431,47,True,finite_mle,1,,-143.773067029,-142.682041728,2.1820506035,4
432,67,True,finite_mle,1,,-181.378463453,-180.998839665,0.759247575856,4
433,53,True,finite_mle,1,,-158.980106979,-156.093686611,5.77284073521,4
434,66,True,finite_mle,1,,-179.963842193,-179.596897962,0.733888461397,4
435,46,True,finite_mle,1,,-144.182407034,-143.716247903,0.932318260251,4
436,50,True,finite_mle,1,,-147.554039412,-146.594218334,1.91964215633,4
437,54,True,finite_mle,1,,-155.564008281,-154.273725243,2.58056607558,4
438,70,True,finite_mle,1,,-185.115707221,-183.659380679,2.91265308382,4
439,65,True,finite_mle,1,,-178.814449562,-177.263749627,3.1013998699,4
440,53,True,finite_mle,1,,-153.424173633,-152.339711673,2.16892392076,4
441,55,True,finite_mle,1,,-160.703450538,-160.174136017,1.05862904187,4
442,52,True,finite_mle,1,,-151.048483668,-150.889936716,0.31709390388,4
443,56,True,finite_mle,1,,-162.515473223,-162.487020549,0.056905349583,4
444,64,True,finite_mle,1,,-178.082222406,-177.03358656,2.09727169204,4
445,42,True,finite_mle,1,,-132.455573441,-131.715970546,1.47920579087,4
446,53,True,finite_mle,1,,-152.715526289,-150.194105165,5.04284224799,4
447,48,True,finite_mle,1,,-147.61722091,-146.132619179,2.9692034625,4
448,60,True,finite_mle,1,,-169.399386813,-166.380630033,6.03751355898,4
449,62,True,finite_mle,1,,-164.408547843,-164.267723893,0.281647899607,4
450,58,True,finite_mle,1,,-163.446320475,-162.993644067,0.905352815728,4
451,51,True,finite_mle,1,,-146.572945462,-144.958472553,3.22894581748,4
452,54,True,finite_mle,1,,-156.511758427,-155.55989731,1.90372223314,4
453,55,True,finite_mle,1,,-158.611180799,-158.105391955,1.01157768969,4
454,56,True,finite_mle,1,,-157.683076475,-156.982421408,1.40131013403,4
455,52,True,finite_mle,1,,-153.414064225,-152.456708176,1.91471209781,4
456,62,True,finite_mle,1,,-173.023165563,-172.526081201,0.994168722833,4
457,69,True,finite_mle,1,,-178.629087547,-178.44257434,0.373026413334,4
458,60,True,finite_mle,1,,-167.09588253,-165.403622058,3.38452094525,4
459,66,True,finite_mle,1,,-174.657957771,-173.4827033,2.35050894162,4
460,47,True,finite_mle,1,,-138.514914391,-136.693895191,3.64203839991,4
461,73,True,finite_mle,1,,-184.843800951,-184.405551121,0.876499660881,4
462,57,True,finite_mle,1,,-156.045248662,-154.89403458,2.30242816567,4
463,54,True,finite_mle,1,,-155.934411704,-155.367375808,1.13407179107,4
464,54,True,finite_mle,1,,-155.056417842,-153.624088321,2.86465904106,4
465,45,True,finite_mle,1,,-138.544767861,-137.564090462,1.96135479866,4
466,56,True,finite_mle,1,,-162.108875885,-161.929038415,0.359674938922,4
467,61,True,finite_mle,1,,-170.601358962,-168.940238879,3.32224016476,4
468,62,True,finite_mle,1,,-169.152848239,-168.764903189,0.775890100679,4
469,62,True,finite_mle,1,,-168.369919473,-164.778091388,7.18365617011,4
470,59,True,finite_mle,1,,-160.356246811,-158.628792081,3.45490945941,4
471,51,True,finite_mle,1,,-148.824027443,-147.554456462,2.53914196183,4
472,71,True,finite_mle,1,,-179.756746544,-178.911973252,1.68954658548,4
473,55,True,finite_mle,1,,-154.008201398,-152.364304443,3.28779390935,4
474,60,True,finite_mle,1,,-164.204163888,-161.264268389,5.87979099925,4
475,59,True,finite_mle,1,,-165.878951755,-163.697535638,4.36283223524,4
476,48,True,finite_mle,1,,-147.763515089,-147.137484801,1.25206057738,4
477,42,True,finite_mle,1,,-133.260983389,-132.558722346,1.40452208753,4
478,56,True,finite_mle,1,,-159.16819209,-157.951932239,2.43251970185,4
479,57,True,finite_mle,1,,-161.52741586,-159.761189717,3.53245228534,4
480,55,True,finite_mle,1,,-159.337694754,-159.16828986,0.33880978819,4
481,67,True,finite_mle,1,,-181.91073489,-181.708359404,0.404750971751,4
482,59,True,finite_mle,1,,-162.94223909,-162.23265669,1.41916480036,4
483,57,True,finite_mle,1,,-165.509868218,-165.183933939,0.651868556419,4
484,57,True,finite_mle,1,,-156.803188898,-156.756728748,0.0929203013097,4
485,58,True,finite_mle,1,,-163.773625576,-162.742775767,2.06169961773,4
486,57,True,finite_mle,1,,-162.104893976,-159.777019628,4.65574869644,4
487,49,True,finite_mle,1,,-148.093130673,-146.221868457,3.74252443379,4
488,68,True,finite_mle,1,,-182.524118791,-181.462262421,2.12371273984,4
489,52,True,finite_mle,1,,-153.051893837,-152.646131296,0.811525082547,4
490,54,True,finite_mle,1,,-157.451506739,-155.610043636,3.68292620657,4
491,58,True,finite_mle,1,,-160.626336641,-159.25108075,2.7505117817,4
492,54,True,finite_mle,1,,-158.298794402,-158.030411838,0.536765127774,4
493,63,True,finite_mle,1,,-174.572652187,-173.52127426,2.10275585581,4
494,52,True,finite_mle,1,,-153.41738089,-153.345625955,0.143509870659,4
495,57,True,finite_mle,1,,-162.200685733,-161.818134112,0.76510324107,4
496,56,True,finite_mle,1,,-162.851956768,-162.818356976,0.0671995847266,4
497,60,True,finite_mle,1,,-164.943226072,-163.559503099,2.76744594509,4
498,53,True,finite_mle,1,,-154.127682274,-152.150458004,3.95444853848,4
499,58,True,finite_mle,1,,-165.883088511,-165.855598479,0.0549800646313,4
500,56,True,finite_mle,1,,-154.529170016,-154.301770527,0.454798977359,4
501,61,True,finite_mle,1,,-170.334309849,-167.655892198,5.35683530289,4
502,71,True,finite_mle,1,,-185.950984388,-184.760257848,2.38145308074,4
503,57,True,finite_mle,1,,-161.890213222,-161.807411857,0.165602729954,4
504,53,True,finite_mle,1,,-155.935810922,-155.740086569,0.391448705855,4
505,61,True,finite_mle,1,,-171.673068828,-171.072023952,1.20208975117,4
506,50,True,finite_mle,1,,-147.045927287,-145.870877214,2.35010014605,4
507,53,True,finite_mle,1,,-155.670401366,-152.510130123,6.32054248623,4
508,56,True,finite_mle,1,,-163.221056409,-157.370800005,11.7005128087,4
509,71,True,finite_mle,1,,-184.454067222,-183.230229544,2.44767535569,4
510,54,True,finite_mle,1,,-158.131968242,-157.731188687,0.801559110644,4
511,63,True,finite_mle,1,,-172.59607186,-172.458774493,0.274594734238,4
512,56,True,finite_mle,1,,-160.836816879,-159.652325559,2.36898264032,4
513,66,True,finite_mle,1,,-180.267115329,-178.701599274,3.13103210974,4
514,49,True,finite_mle,1,,-147.285835366,-146.975464853,0.620741027009,4
515,66,True,finite_mle,1,,-179.0127823,-177.675033877,2.67549684615,4
516,60,True,finite_mle,1,,-164.573342325,-162.096651718,4.9533812138,4
517,57,True,finite_mle,1,,-165.066200539,-163.807464016,2.51747304604,4
518,59,True,finite_mle,1,,-165.611310437,-165.202176267,0.818268339812,4
519,48,True,finite_mle,1,,-144.236904959,-140.694714376,7.08438116687,4
520,68,True,finite_mle,1,,-185.891224998,-182.535670314,6.71110936829,4
521,64,True,finite_mle,1,,-173.805517245,-173.793569655,0.0238951796633,4
522,46,True,finite_mle,1,,-139.079816425,-138.613265061,0.933102729654,4
523,51,True,finite_mle,1,,-148.971560765,-147.408761273,3.12559898409,4
524,57,True,finite_mle,1,,-158.998840942,-157.891597961,2.21448596128,4
525,61,True,finite_mle,1,,-165.809167976,-163.642141124,4.33405370472,4
526,57,True,finite_mle,1,,-161.203680806,-158.424491564,5.55837848425,4
527,59,True,finite_mle,1,,-159.910858266,-159.764168425,0.293379682261,4
528,56,True,finite_mle,1,,-158.809823472,-157.468206866,2.68323321081,4
529,50,True,finite_mle,1,,-140.052030605,-138.816426838,2.47120753543,4
530,50,True,finite_mle,1,,-146.768518503,-145.324077904,2.88888119792,4
531,66,True,finite_mle,1,,-181.229477515,-181.15810213,0.142750770556,4
532,63,True,finite_mle,1,,-176.032943841,-175.853319862,0.359247957924,4
533,50,True,finite_mle,1,,-150.94557872,-150.446067309,0.9990228227,4
534,51,True,finite_mle,1,,-151.813361235,-150.687614926,2.25149261779,4
535,62,True,finite_mle,1,,-172.848741845,-172.796170285,0.105143119784,4
536,49,True,finite_mle,1,,-149.781844073,-149.561462676,0.440762794121,4
537,63,True,finite_mle,1,,-174.977529774,-174.099933385,1.75519277981,4
538,52,True,finite_mle,1,,-153.559331125,-153.263364348,0.591933554785,4
539,66,True,finite_mle,1,,-180.505336802,-178.836695018,3.33728356935,4
540,48,True,finite_mle,1,,-143.173379557,-142.129000574,2.08875796526,4
541,65,True,finite_mle,1,,-176.436424787,-175.974618578,0.923612419575,4
542,57,True,finite_mle,1,,-161.207651513,-161.169706465,0.0758900961815,4
543,60,True,finite_mle,1,,-167.831227657,-167.631771024,0.398913266386,4
544,55,True,finite_mle,1,,-158.383655581,-154.635351536,7.49660808966,4
545,47,True,finite_mle,1,,-144.969915282,-144.209261031,1.52130850243,4
546,56,True,finite_mle,1,,-157.561231177,-154.351341729,6.4197788954,4
547,57,True,finite_mle,1,,-163.512195826,-162.642741233,1.73890918736,4
548,57,True,finite_mle,1,,-161.629932838,-160.496837525,2.26619062495,4
549,77,True,finite_mle,1,,-196.369309591,-196.072128702,0.594361777679,4
550,60,True,finite_mle,1,,-169.824615758,-166.438224447,6.77278262113,4
551,59,True,finite_mle,1,,-165.883334832,-165.581433985,0.60380169437,4
552,52,True,finite_mle,1,,-153.472248922,-153.221620315,0.501257213877,4
553,56,True,finite_mle,1,,-161.217715628,-159.729142229,2.97714679838,4
554,59,True,finite_mle,1,,-166.750420983,-166.327989721,0.844862525675,4
555,59,True,finite_mle,1,,-164.252217881,-163.706292365,1.0918510328,4
556,62,True,finite_mle,1,,-174.397752182,-173.212423694,2.37065697632,4
557,50,True,finite_mle,1,,-150.749011415,-149.01227748,3.47346786882,4
558,58,True,finite_mle,1,,-168.654117107,-168.446989865,0.414254484755,4
559,48,True,finite_mle,1,,-145.243428372,-144.822363616,0.842129511889,4
560,61,True,finite_mle,1,,-173.591118032,-173.150710967,0.880814130084,4
561,53,True,finite_mle,1,,-156.837367226,-156.607974617,0.458785218026,4
562,52,True,finite_mle,1,,-153.452634082,-152.816787269,1.27169362639,4
563,55,True,finite_mle,1,,-159.62758485,-159.266596605,0.721976490687,4
564,61,True,finite_mle,1,,-168.734648129,-168.494890657,0.479514944186,4
565,52,True,finite_mle,1,,-151.226190357,-149.629656878,3.19306695723,4
566,69,True,finite_mle,1,,-183.610028382,-182.843888657,1.53227944927,4
567,47,True,finite_mle,1,,-139.854725969,-139.686149724,0.337152489546,4
568,53,True,finite_mle,1,,-153.245150999,-152.149543448,2.19121510176,4
569,60,True,finite_mle,1,,-165.23691939,-165.188486572,0.096865635439,4
570,54,True,finite_mle,1,,-159.18467728,-157.40764225,3.5540700611,4
571,60,True,finite_mle,1,,-166.935598148,-166.800257782,0.27068073224,4
572,50,True,finite_mle,1,,-149.654986052,-148.842530917,1.62491026932,4
573,68,True,finite_mle,1,,-185.762136581,-185.700099246,0.124074669328,4
574,48,True,finite_mle,1,,-147.619832788,-146.631892611,1.97588035509,4
575,48,True,finite_mle,1,,-146.878248074,-145.664821102,2.4268539433,4
576,61,True,finite_mle,1,,-168.306246303,-167.967831165,0.676830275992,4
577,52,True,finite_mle,1,,-151.149845644,-151.064467889,0.170755509788,4
578,59,True,finite_mle,1,,-168.61439701,-168.139738129,0.949317762629,4
579,57,True,finite_mle,1,,-164.773332723,-164.224757403,1.09715063956,4
580,49,True,finite_mle,1,,-148.492236481,-147.100368075,2.78373681273,4
581,47,True,finite_mle,1,,-143.929323692,-141.92319741,4.01225256228,4
582,56,True,finite_mle,1,,-161.085992409,-160.149477892,1.87302903307,4
583,65,True,finite_mle,1,,-173.530301056,-172.927121838,1.20635843597,4
584,61,True,finite_mle,1,,-169.661218168,-168.647105847,2.02822464036,4
585,61,True,finite_mle,1,,-164.990803318,-164.084224584,1.81315746818,4
586,63,True,finite_mle,1,,-175.224886808,-175.019934462,0.409904692843,4
587,66,True,finite_mle,1,,-180.645351474,-179.026584573,3.23753380284,4
588,63,True,finite_mle,1,,-177.117629962,-175.591460611,3.05233870305,4
589,51,True,finite_mle,1,,-153.20572835,-152.74039155,0.930673598188,4
590,49,True,finite_mle,1,,-145.251504946,-145.162696198,0.177617496616,4
591,53,True,finite_mle,1,,-155.708581912,-153.819995918,3.77717198792,4
592,58,True,finite_mle,1,,-162.366417706,-160.424467883,3.8838996463,4
593,46,True,finite_mle,1,,-142.86027352,-142.515080526,0.690385987151,4
594,53,True,finite_mle,1,,-155.282501785,-155.086047619,0.392908330497,4
595,48,True,finite_mle,1,,-146.604623814,-146.423153139,0.362941350324,4
596,58,True,finite_mle,1,,-164.219283443,-164.184928404,0.0687100777628,4
597,52,True,finite_mle,1,,-152.146105698,-151.422118417,1.44797456131,4
598,64,True,finite_mle,1,,-171.921269898,-170.009212408,3.82411498167,4
599,68,True,finite_mle,1,,-182.134839681,-180.763023465,2.74363243173,4
600,50,True,finite_mle,1,,-150.107759291,-148.908432028,2.39865452491,4
601,58,True,finite_mle,1,,-166.413404263,-163.912604581,5.001599363,4
602,57,True,finite_mle,1,,-165.157626251,-164.545999424,1.22325365326,4
603,50,True,finite_mle,1,,-150.329347234,-149.072737636,2.51321919539,4
604,51,True,finite_mle,1,,-150.677222901,-148.150444421,5.05355695977,4
605,64,True,finite_mle,1,,-176.70120564,-176.407019395,0.588372489455,4
606,50,True,finite_mle,1,,-147.428720329,-145.197797658,4.46184534098,4
607,63,True,finite_mle,1,,-175.826940304,-175.34213414,0.969612326789,4
608,56,True,finite_mle,1,,-163.247719897,-162.525626549,1.4441866947,4
609,54,True,finite_mle,1,,-158.10242374,-157.625287512,0.954272455026,4
610,62,True,finite_mle,1,,-172.970602774,-172.373237295,1.19473095782,4
611,68,True,finite_mle,1,,-180.885080945,-180.524445288,0.721271315043,4
612,51,True,finite_mle,1,,-147.471801791,-146.402682701,2.13823818054,4
613,59,True,finite_mle,1,,-165.44299822,-164.993308297,0.899379845704,4
614,61,True,finite_mle,1,,-170.150453583,-168.954298753,2.3923096601,4
615,52,True,finite_mle,1,,-146.618689051,-146.52180355,0.193771000969,4
616,54,True,finite_mle,1,,-154.038265772,-153.613174683,0.850182178317,4
617,68,True,finite_mle,1,,-183.128404395,-182.807543409,0.641721971526,4
618,63,True,finite_mle,1,,-172.551613605,-172.229818643,0.643589924497,4
619,57,True,finite_mle,1,,-164.928288716,-164.252729662,1.35111810766,4
620,52,True,finite_mle,1,,-156.030427653,-154.574705982,2.91144334268,4
621,55,True,finite_mle,1,,-159.433406217,-157.7190316,3.42874923394,4
622,65,True,finite_mle,1,,-179.227816205,-178.276860499,1.9019114127,4
623,63,True,finite_mle,1,,-175.483390998,-173.10487172,4.75703855655,4
624,58,True,finite_mle,1,,-161.065495329,-160.794490196,0.5420102659,4
625,68,True,finite_mle,1,,-181.135958569,-177.812878571,6.64615999717,4
626,60,True,finite_mle,1,,-164.388032346,-162.20947587,4.35711295358,4
627,53,True,finite_mle,1,,-156.795230426,-156.561672415,0.467116021483,4
628,65,True,finite_mle,1,,-177.447743382,-176.423281155,2.04892445353,4
629,58,True,finite_mle,1,,-166.25143433,-166.155618016,0.191632628807,4
630,56,True,finite_mle,1,,-161.501123712,-161.401025973,0.200195477362,4
631,64,True,finite_mle,1,,-172.269755476,-170.997956767,2.54359741815,4
632,46,True,finite_mle,1,,-139.368531128,-138.870554175,0.995953907071,4
633,80,True,finite_mle,1,,-202.291230421,-201.826169489,0.930121863229,4
634,56,True,finite_mle,1,,-161.998960004,-160.313319326,3.37128135744,4
635,60,True,finite_mle,1,,-168.741109624,-168.381378206,0.719462836635,4
636,60,True,finite_mle,1,,-170.085287201,-170.044634948,0.0813045074166,4
637,61,True,finite_mle,1,,-164.008397499,-163.990971075,0.0348528466016,4
638,60,True,finite_mle,1,,-163.216751921,-162.255973848,1.92155614556,4
639,60,True,finite_mle,1,,-167.559611927,-167.289786577,0.539650699683,4
640,56,True,finite_mle,1,,-160.930633022,-160.677522962,0.506220120054,4
641,54,True,finite_mle,1,,-160.367071751,-159.584504541,1.56513441964,4
642,59,True,finite_mle,1,,-166.843040093,-165.967419052,1.75124208183,4
643,53,True,finite_mle,1,,-150.246973995,-149.772696227,0.948555536427,4
644,52,True,finite_mle,1,,-153.515871973,-151.246759873,4.53822419928,4
645,53,True,finite_mle,1,,-155.084677365,-153.581934665,3.00548539887,4
646,57,True,finite_mle,1,,-162.250962981,-161.662497208,1.1769315469,4
647,56,True,finite_mle,1,,-164.325269139,-162.932877059,2.78478415977,4
648,47,True,finite_mle,1,,-142.054592482,-141.545895384,1.01739419647,4
649,71,True,finite_mle,1,,-186.803656864,-184.148145006,5.31102371604,4
650,55,True,finite_mle,1,,-160.224536115,-157.944260315,4.56055160091,4
651,60,True,finite_mle,1,,-160.094818852,-159.929139284,0.331359135904,4
652,62,True,finite_mle,1,,-169.251316901,-167.999241541,2.50415072045,4
653,59,True,finite_mle,1,,-166.202086883,-165.050810249,2.30255326712,4
654,58,True,finite_mle,1,,-166.190763187,-165.703312226,0.974901922632,4
655,60,True,finite_mle,1,,-171.490360297,-170.954164863,1.07239086673,4
656,55,True,finite_mle,1,,-161.386414886,-159.004055683,4.76471840655,4
657,60,True,finite_mle,1,,-171.454947507,-170.836339971,1.2372150728,4
658,58,True,finite_mle,1,,-163.462835258,-163.379469751,0.166731014424,4
659,49,True,finite_mle,1,,-148.420118563,-147.09966001,2.64091710505,4
660,63,True,finite_mle,1,,-173.541020027,-173.173080905,0.735878243797,4
661,61,True,finite_mle,1,,-171.703161599,-170.794230923,1.81786135308,4
662,61,True,finite_mle,1,,-167.818371701,-167.403121694,0.830500013193,4
663,52,True,finite_mle,1,,-152.501446406,-152.127443848,0.748005117426,4
664,63,True,finite_mle,1,,-173.632600714,-172.91123365,1.44273412667,4
665,55,True,finite_mle,1,,-157.159596429,-156.906352381,0.506488096277,4
666,64,True,finite_mle,1,,-176.820245572,-173.733686225,6.17311869576,4
667,52,True,finite_mle,1,,-155.045119254,-154.425291897,1.2396547141,4
668,56,True,finite_mle,1,,-159.049388325,-158.537416299,1.02394405352,4
669,53,True,finite_mle,1,,-156.11411403,-155.452429896,1.32336826753,4
670,53,True,finite_mle,1,,-156.16311525,-154.504526013,3.31717847415,4
671,65,True,finite_mle,1,,-174.806323189,-174.789813171,0.0330200352489,4
672,54,True,finite_mle,1,,-156.496641444,-155.308524805,2.3762332764,4
673,45,True,finite_mle,1,,-137.774422784,-137.192659324,1.16352692128,4
674,45,True,finite_mle,1,,-137.958143305,-137.92969446,0.0568976907687,4
675,69,True,finite_mle,1,,-185.879573923,-184.292187871,3.17477210312,4
676,52,True,finite_mle,1,,-151.397166467,-151.236880003,0.320572929263,4
677,62,True,finite_mle,1,,-171.170432214,-171.076450663,0.187963101885,4
678,57,True,finite_mle,1,,-161.184649261,-160.858558667,0.652181187555,4
679,60,True,finite_mle,1,,-167.751348406,-167.11295255,1.27679171091,4
680,58,True,finite_mle,1,,-158.324420123,-153.871665488,8.90550927001,4
681,53,True,finite_mle,1,,-158.19865266,-157.491230336,1.41484464921,4
682,71,True,finite_mle,1,,-190.372520652,-189.215765945,2.31350941435,4
683,51,True,finite_mle,1,,-148.311907006,-147.187209848,2.24939431645,4
684,65,True,finite_mle,1,,-178.082798364,-177.820203247,0.525190233451,4
685,56,True,finite_mle,1,,-159.799471079,-156.760517446,6.07790726575,4
686,60,True,finite_mle,1,,-163.588361996,-163.498304804,0.180114383556,4
687,44,True,finite_mle,1,,-137.847888085,-137.516690156,0.662395857079,4
688,56,True,finite_mle,1,,-157.731243391,-156.474640673,2.51320543709,4
689,61,True,finite_mle,1,,-169.000422255,-168.817337508,0.366169492519,4
690,55,True,finite_mle,1,,-154.120513186,-150.944812873,6.35140062523,4
691,53,True,finite_mle,1,,-151.381855734,-150.981561398,0.800588673721,4
692,63,True,finite_mle,1,,-174.597292384,-174.580497285,0.0335901988873,4
693,53,True,finite_mle,1,,-154.955000382,-154.889733631,0.1305335014,4
694,54,True,finite_mle,1,,-157.530320701,-157.067675493,0.925290417293,4
695,61,True,finite_mle,1,,-171.292775394,-171.190030558,0.205489671359,4
696,52,True,finite_mle,1,,-152.924609463,-152.753562385,0.342094157234,4
697,53,True,finite_mle,1,,-158.153475699,-156.149969811,4.00701177633,4
698,63,True,finite_mle,1,,-175.713980585,-175.66133529,0.105290590343,4
699,59,True,finite_mle,1,,-165.490822633,-164.775477974,1.43068931641,4
700,52,True,finite_mle,1,,-153.249627486,-152.322978597,1.85329777832,4
701,53,True,finite_mle,1,,-155.818932517,-155.164630769,1.30860349444,4
702,66,True,finite_mle,1,,-180.777010437,-180.496279966,0.561460943439,4
703,52,True,finite_mle,1,,-153.69133444,-153.543259708,0.296149462467,4
704,63,True,finite_mle,1,,-174.051092582,-173.469188251,1.16380866125,4
705,59,True,finite_mle,1,,-167.050756876,-167.042004654,0.0175044440488,4
706,49,True,finite_mle,1,,-142.255224577,-141.614842031,1.28076509105,4
707,58,True,finite_mle,1,,-159.502710776,-156.136330077,6.73276139915,4
708,54,True,finite_mle,1,,-160.322463986,-160.213213624,0.218500722563,4
709,74,True,finite_mle,1,,-195.368406773,-195.186682923,0.36344769877,4
710,54,True,finite_mle,1,,-156.672403798,-156.563018802,0.218769992022,4
711,53,True,finite_mle,1,,-157.052583841,-156.564085119,0.976997443948,4
712,50,True,finite_mle,1,,-149.36215403,-149.148867125,0.426573809922,4
713,55,True,finite_mle,1,,-155.868087988,-153.662489947,4.41119608135,4
714,46,True,finite_mle,1,,-139.563527109,-139.369274742,0.388504734617,4
715,49,True,finite_mle,1,,-149.709675939,-149.407897258,0.603557361639,4
716,55,True,finite_mle,1,,-155.501038963,-154.966877566,1.06832279309,4
717,53,True,finite_mle,1,,-154.76574798,-152.493007323,4.54548131394,4
718,65,True,finite_mle,1,,-168.513736812,-168.400195587,0.227082451112,4
719,61,True,finite_mle,1,,-171.24992447,-171.160665946,0.178517048243,4
720,62,True,finite_mle,1,,-169.244515837,-168.453919651,1.58119237286,4
721,77,True,finite_mle,1,,-194.922476185,-194.515925133,0.81310210416,4
722,53,True,finite_mle,1,,-155.098682994,-154.919361447,0.358643094083,4
723,45,True,finite_mle,1,,-137.088893404,-136.931433751,0.314919304216,4
724,65,True,finite_mle,1,,-175.430494585,-173.716891591,3.42720598704,4
725,62,True,finite_mle,1,,-157.900516208,-156.304302477,3.19242746187,4
726,55,True,finite_mle,1,,-160.239603267,-159.950252989,0.57870055735,4
727,56,True,finite_mle,1,,-158.784493135,-155.966288434,5.63640940068,4
728,46,True,finite_mle,1,,-140.386535891,-140.033873251,0.705325279947,4
729,49,True,finite_mle,1,,-148.43320232,-146.961633374,2.94313789297,4
730,59,True,finite_mle,1,,-166.182975012,-164.162975718,4.03999858796,4
731,61,True,finite_mle,1,,-166.680217407,-165.597770515,2.1648937825,4
732,61,True,finite_mle,1,,-169.901164546,-169.780014004,0.242301082437,4
733,53,True,finite_mle,1,,-155.134228728,-154.704105643,0.860246170325,4
734,61,True,finite_mle,1,,-170.746899468,-166.082632014,9.32853490843,4
735,61,True,finite_mle,1,,-168.32182465,-168.065422063,0.51280517402,4
736,62,True,finite_mle,1,,-171.605944365,-171.024089436,1.1637098583,4
737,50,True,finite_mle,1,,-145.074991808,-144.34174133,1.46650095534,4
738,68,True,finite_mle,1,,-178.095996345,-177.144790798,1.9024110939,4
739,56,True,finite_mle,1,,-159.123505973,-158.114928998,2.01715394908,4
740,67,True,finite_mle,1,,-181.837403393,-180.943140218,1.78852634974,4
741,50,True,finite_mle,1,,-149.107786407,-147.074934865,4.06570308289,4
742,52,True,finite_mle,1,,-149.545592105,-148.786695951,1.51779230792,4
743,58,True,finite_mle,1,,-167.684415522,-166.960852839,1.44712536698,4
744,62,True,finite_mle,1,,-173.303067409,-172.699952421,1.20622997559,4
745,64,True,finite_mle,1,,-174.350224903,-173.044379242,2.6116913217,4
746,64,True,finite_mle,1,,-177.422437939,-177.333997563,0.176880752933,4
747,52,True,finite_mle,1,,-149.509750109,-148.006131107,3.00723800478,4
748,65,True,finite_mle,1,,-178.793884884,-178.260430134,1.06690950139,4
749,64,True,finite_mle,1,,-169.593781966,-167.334350425,4.51886308163,4
750,65,True,finite_mle,1,,-178.533627519,-175.650073445,5.7671081468,4
751,67,True,finite_mle,1,,-180.206575371,-178.607797726,3.19755528846,4
752,55,True,finite_mle,1,,-153.903447922,-152.238721758,3.32945232828,4
753,59,True,finite_mle,1,,-158.386605166,-158.332351569,0.10850719287,4
754,66,True,finite_mle,1,,-180.64066448,-180.334749196,0.611830568999,4
755,51,True,finite_mle,1,,-150.744859261,-146.832530065,7.82465839134,4
756,58,True,finite_mle,1,,-166.611093678,-165.739211194,1.74376496862,4
757,62,True,finite_mle,1,,-174.687750316,-173.913501497,1.54849763842,4
758,58,True,finite_mle,1,,-161.463803193,-160.767046833,1.39351271927,4
759,48,True,finite_mle,1,,-142.728896239,-141.140668738,3.17645500197,4
760,65,True,finite_mle,1,,-175.302447659,-175.034906787,0.535081744966,4
761,43,True,finite_mle,1,,-137.561139139,-137.179073754,0.76413077002,4
762,72,True,finite_mle,1,,-189.321492065,-189.110221486,0.422541157853,4
763,53,True,finite_mle,1,,-155.561811235,-154.574004621,1.97561322736,4
764,63,True,finite_mle,1,,-175.774348871,-174.684912537,2.17887266902,4
765,57,True,finite_mle,1,,-162.904027532,-161.822479864,2.16309533645,4
766,62,True,finite_mle,1,,-171.688003394,-168.157964227,7.06007833562,4
767,55,True,finite_mle,1,,-158.332675882,-157.676900678,1.3115504086,4
768,47,True,finite_mle,1,,-140.872042634,-140.007159069,1.72976713005,4
769,68,True,finite_mle,1,,-184.056817599,-183.080874692,1.95188581343,4
770,61,True,finite_mle,1,,-168.711241033,-168.18711298,1.04825610524,4
771,50,True,finite_mle,1,,-149.309010056,-149.221044646,0.175930820133,4
772,64,True,finite_mle,1,,-176.038169223,-175.370396698,1.33554505063,4
773,62,True,finite_mle,1,,-171.574651375,-168.994282466,5.16073781833,4
774,71,True,finite_mle,1,,-188.11349545,-186.134738247,3.95751440559,4
775,52,True,finite_mle,1,,-146.787425379,-146.573640998,0.427568761303,4
776,49,True,finite_mle,1,,-140.120698193,-138.685106504,2.87118337722,4
777,52,True,finite_mle,1,,-153.71420297,-153.674526665,0.079352608966,4
778,48,True,finite_mle,1,,-146.495517177,-143.801198728,5.38863689987,4
779,45,True,finite_mle,1,,-138.289249497,-137.90429156,0.76991587399,4
780,57,True,finite_mle,1,,-163.029139574,-161.040172257,3.97793463444,4
781,58,True,finite_mle,1,,-166.651587653,-163.977401196,5.34837291476,4
782,55,True,finite_mle,1,,-156.670883105,-155.55831535,2.22513551009,4
783,62,True,finite_mle,1,,-176.06216844,-175.690801439,0.742734002655,4
784,61,True,finite_mle,1,,-169.168220344,-166.3423963,5.65164808818,4
785,64,True,finite_mle,1,,-176.463948346,-175.921870157,1.08415637673,4
786,59,True,finite_mle,1,,-166.135423367,-165.674645137,0.921556460431,4
787,52,True,finite_mle,1,,-155.324800299,-155.288465276,0.0726700454832,4
788,70,True,finite_mle,1,,-175.161436799,-174.810390438,0.702092723266,4
789,58,True,finite_mle,1,,-166.633781854,-166.071927532,1.12370864421,4
790,67,True,finite_mle,1,,-181.972835594,-180.024477612,3.89671596532,4
791,51,True,finite_mle,1,,-152.611180035,-152.437131757,0.348096556501,4
792,66,True,finite_mle,1,,-177.471590508,-176.334095765,2.27498948631,4
793,53,True,finite_mle,1,,-152.625502007,-151.8922119,1.46658021459,4
794,68,True,finite_mle,1,,-180.030186829,-179.814433592,0.431506473765,4
795,54,True,finite_mle,1,,-158.233913227,-157.980228384,0.507369685051,4
796,47,True,finite_mle,1,,-143.753351828,-140.069893219,7.36691721714,4
797,56,True,finite_mle,1,,-161.624242788,-159.621699425,4.00508672639,4
798,59,True,finite_mle,1,,-168.660595309,-168.598418581,0.12435345674,4
799,61,True,finite_mle,1,,-171.473418621,-170.256771047,2.43329514777,4
800,61,True,finite_mle,1,,-168.333881867,-167.976800857,0.714162020487,4
801,57,True,finite_mle,1,,-159.408205247,-158.852177926,1.11205464198,4
802,48,True,finite_mle,1,,-142.474265155,-142.18499588,0.578538551361,4
803,58,True,finite_mle,1,,-165.641214186,-164.482768433,2.31689150664,4
804,59,True,finite_mle,1,,-164.661339368,-164.331327397,0.660023941273,4
805,66,True,finite_mle,1,,-181.286580727,-179.864294651,2.8445721509,4
806,50,True,finite_mle,1,,-151.663025038,-150.749048489,1.82795309742,4
807,61,True,finite_mle,1,,-167.769922058,-165.90873792,3.72236827424,4
808,65,True,finite_mle,1,,-176.421217324,-176.175205245,0.492024158178,4
809,49,True,finite_mle,1,,-144.651631002,-143.531482887,2.24029622985,4
810,57,True,finite_mle,1,,-159.466774491,-157.796818905,3.33991117228,4
811,50,True,finite_mle,1,,-152.317687785,-150.278604039,4.07816749243,4
812,62,True,finite_mle,1,,-175.380317011,-175.335770938,0.0890921463996,4
813,57,True,finite_mle,1,,-161.290905113,-161.15361396,0.274582306149,4
814,47,True,finite_mle,1,,-141.535184241,-138.814908528,5.44055142674,4
815,63,True,finite_mle,1,,-175.279102976,-173.801632715,2.95494052049,4
816,71,True,finite_mle,1,,-184.205746006,-183.916322241,0.578847530903,4
817,58,True,finite_mle,1,,-163.629884958,-163.512292303,0.235185308254,4
818,57,True,finite_mle,1,,-161.001217289,-160.647937527,0.706559522319,4
819,62,True,finite_mle,1,,-168.763497771,-168.580731706,0.365532130063,4
820,61,True,finite_mle,1,,-169.258326679,-169.240167725,0.0363179069491,4
821,69,True,finite_mle,1,,-174.659853947,-174.352228637,0.615250620781,4
822,54,True,finite_mle,1,,-157.891995819,-156.490347369,2.8032968992,4
823,51,True,finite_mle,1,,-149.799390387,-149.729385167,0.140010440319,4
824,60,True,finite_mle,1,,-168.093311636,-167.036269222,2.11408482786,4
825,51,True,finite_mle,1,,-151.696691176,-149.887747659,3.61788703434,4
826,56,True,finite_mle,1,,-156.323509597,-156.10607219,0.434874813349,4
827,55,True,finite_mle,1,,-157.234814159,-157.014395748,0.4408368225,4
828,70,True,finite_mle,1,,-187.018457913,-185.904797384,2.22732105818,4
829,45,True,finite_mle,1,,-141.950814346,-140.969187974,1.96325274536,4
830,58,True,finite_mle,1,,-165.736063664,-164.358792161,2.7545430047,4
831,51,True,finite_mle,1,,-143.11664444,-141.337755925,3.55777703105,4
832,46,True,finite_mle,1,,-137.637920721,-137.086415517,1.10301040802,4
833,59,True,finite_mle,1,,-161.732969391,-160.003360337,3.45921810797,4
834,55,True,finite_mle,1,,-158.349797629,-157.548347431,1.6029003967,4
835,49,True,finite_mle,1,,-145.81190154,-145.685171836,0.253459407171,4
836,58,True,finite_mle,1,,-161.819604369,-161.749411206,0.140386326589,4
837,64,True,finite_mle,1,,-174.391932657,-173.422999168,1.93786697923,4
838,55,True,finite_mle,1,,-154.289805403,-154.212903299,0.153804207606,4
839,60,True,finite_mle,1,,-169.533015781,-168.961455932,1.14311969717,4
840,58,True,finite_mle,1,,-165.669759706,-165.542940148,0.253639115999,4
841,65,True,finite_mle,1,,-179.870651081,-178.79136062,2.15858092247,4
842,53,True,finite_mle,1,,-155.400999611,-153.429155082,3.94368905731,4
843,56,True,finite_mle,1,,-161.477858672,-160.699525137,1.55666707012,4
844,57,True,finite_mle,1,,-165.249498027,-164.117021283,2.26495348854,4
845,59,True,finite_mle,1,,-164.832859855,-164.012954289,1.63981113295,4
846,64,True,finite_mle,1,,-173.22940983,-172.890674621,0.677470417698,4
847,58,True,finite_mle,1,,-165.332349655,-165.270326406,0.124046499153,4
848,63,True,finite_mle,1,,-173.21343335,-170.912218419,4.60242986188,4
849,54,True,finite_mle,1,,-152.72215092,-152.714494378,0.0153130830085,4
850,53,True,finite_mle,1,,-152.619797785,-152.464924379,0.309746811478,4
851,59,True,finite_mle,1,,-167.084605216,-166.092553869,1.98410269581,4
852,47,True,finite_mle,1,,-143.791160284,-142.828734154,1.9248522609,4
853,64,True,finite_mle,1,,-171.408397998,-170.413778394,1.98923920666,4
854,51,True,finite_mle,1,,-148.4324827,-147.007128456,2.85070848797,4
855,57,True,finite_mle,1,,-158.064288395,-156.720036448,2.68850389385,4
856,51,True,finite_mle,1,,-153.496322595,-151.652570118,3.68750495376,4
857,64,True,finite_mle,1,,-174.842133879,-173.276001421,3.13226491511,4
858,62,True,finite_mle,1,,-164.540005275,-163.836775045,1.4064604613,4
859,57,True,finite_mle,1,,-166.030818613,-165.046161018,1.9693151894,4
860,62,True,finite_mle,1,,-174.777959743,-172.498828602,4.55826228116,4
861,63,True,finite_mle,1,,-169.614351465,-168.256689764,2.71532340261,4
862,63,True,finite_mle,1,,-173.271350695,-172.393932325,1.75483673997,4
863,60,True,finite_mle,1,,-165.795408752,-165.177290709,1.23623608649,4
864,69,True,finite_mle,1,,-185.04384145,-184.526419488,1.03484392579,4
865,56,True,finite_mle,1,,-157.659932959,-157.116775469,1.08631498041,4
866,58,True,finite_mle,1,,-167.877877685,-167.769685924,0.216383521844,4
867,59,True,finite_mle,1,,-164.992046134,-164.917435097,0.14922207393,4
868,68,True,finite_mle,1,,-183.653911071,-182.379573689,2.54867476365,4
869,52,True,finite_mle,1,,-152.718254404,-152.673386327,0.0897361534518,4
870,69,True,finite_mle,1,,-187.620365242,-186.931695586,1.37733931245,4
871,60,True,finite_mle,1,,-170.03083116,-169.801892629,0.457877062268,4
872,45,True,finite_mle,1,,-132.646487671,-131.092286468,3.10840240481,4
873,49,True,finite_mle,1,,-146.640290943,-146.620557598,0.0394666905255,4
874,61,True,finite_mle,1,,-171.781932101,-170.423491396,2.71688141019,4
875,59,True,finite_mle,1,,-168.970798536,-167.857761859,2.22607335509,4
876,63,True,finite_mle,1,,-168.892443677,-168.052950443,1.67898646716,4
877,59,True,finite_mle,1,,-164.450797023,-160.361035584,8.17952287796,4
878,69,True,finite_mle,1,,-180.619525091,-178.367657751,4.50373468083,4
879,56,True,finite_mle,1,,-158.652519963,-158.572271554,0.160496817814,4
880,63,True,finite_mle,1,,-172.242324727,-171.122809927,2.2390295989,4
881,55,True,finite_mle,1,,-159.859826345,-159.586775752,0.546101186793,4
882,70,True,finite_mle,1,,-184.726064583,-184.284426867,0.883275432258,4
883,65,True,finite_mle,1,,-178.40617857,-177.1679779,2.47640134063,4
884,66,True,finite_mle,1,,-173.981762328,-172.709479177,2.54456630194,4
885,57,True,finite_mle,1,,-164.885261844,-163.96251657,1.84549054783,4
886,59,True,finite_mle,1,,-159.808620763,-158.770753268,2.07573498975,4
887,61,True,finite_mle,1,,-173.656499674,-173.442504655,0.427990038557,4
888,75,True,finite_mle,1,,-189.048738834,-187.648789606,2.79989845662,4
889,54,True,finite_mle,1,,-156.074519249,-155.26038597,1.62826655755,4
890,57,True,finite_mle,1,,-158.364461055,-157.717447795,1.29402651958,4
891,65,True,finite_mle,1,,-178.686755258,-178.626839162,0.119832192093,4
892,64,True,finite_mle,1,,-178.266697688,-177.769462062,0.994471252172,4
893,53,True,finite_mle,1,,-156.355841187,-154.739679026,3.23232432118,4
894,62,True,finite_mle,1,,-168.339279321,-167.874251547,0.930055547506,4
895,56,True,finite_mle,1,,-163.062156325,-160.369249712,5.38581322632,4
896,57,True,finite_mle,1,,-160.867649934,-160.649833634,0.435632599288,4
897,60,True,finite_mle,1,,-168.714914167,-166.837206267,3.75541580098,4
898,55,True,finite_mle,1,,-161.006202027,-160.974694541,0.0630149720976,4
899,52,True,finite_mle,1,,-153.918880018,-152.024102051,3.78955593374,4
900,62,True,finite_mle,1,,-174.022320778,-170.921254798,6.20213196065,4
901,61,True,finite_mle,1,,-167.11033501,-166.44024523,1.34017955983,4
902,53,True,finite_mle,1,,-157.211958007,-157.024636442,0.374643131095,4
903,59,True,finite_mle,1,,-167.834431526,-167.773421813,0.122019426636,4
904,59,True,finite_mle,1,,-167.217548372,-165.705338064,3.02442061595,4
905,80,True,finite_mle,1,,-202.507309389,-201.307995059,2.39862866093,4
906,67,True,finite_mle,1,,-173.678892904,-171.174483221,5.00881936517,4
907,70,True,finite_mle,1,,-185.369004458,-184.506351957,1.72530500124,4
908,64,True,finite_mle,1,,-172.537436813,-171.453252771,2.16836808278,4
909,49,True,finite_mle,1,,-145.322611649,-145.24479781,0.155627677965,4
910,62,True,finite_mle,1,,-173.709984293,-171.131294013,5.15738055969,4
911,65,True,finite_mle,1,,-177.308747207,-173.782743817,7.05200678135,4
912,65,True,finite_mle,1,,-178.850116606,-176.840929009,4.01837519581,4
913,62,True,finite_mle,1,,-170.492950703,-169.410176602,2.16554820184,4
914,42,True,finite_mle,1,,-134.955414613,-134.37552776,1.15977370691,4
915,49,True,finite_mle,1,,-145.214286814,-142.331724764,5.7651241003,4
916,55,True,finite_mle,1,,-155.874564151,-154.211987376,3.325153551,4
917,61,True,finite_mle,1,,-169.311156217,-166.211783848,6.19874473803,4
918,48,True,finite_mle,1,,-146.947155075,-146.834719274,0.224871602553,4
919,60,True,finite_mle,1,,-163.334968803,-163.159599777,0.350738052221,4
920,65,True,finite_mle,1,,-173.733729725,-173.535100749,0.397257951347,4
921,52,True,finite_mle,1,,-149.144820726,-148.908298311,0.473044829801,4
922,56,True,finite_mle,1,,-159.293525389,-159.011133112,0.56478455415,4
923,56,True,finite_mle,1,,-160.991468569,-159.491416806,3.0001035266,4
924,51,True,finite_mle,1,,-149.755484817,-149.456666197,0.597637239242,4
925,55,True,finite_mle,1,,-162.011521906,-162.009923362,0.00319708930846,4
926,51,True,finite_mle,1,,-151.463699401,-147.865413417,7.19657196906,4
927,64,True,finite_mle,1,,-176.218823421,-175.704516049,1.02861474511,4
928,46,True,finite_mle,1,,-141.864482406,-138.094796474,7.53937186426,4
929,51,True,finite_mle,1,,-152.175953077,-150.616560777,3.11878459918,4
930,55,True,finite_mle,1,,-151.559407444,-151.137368902,0.844077083965,4
931,65,True,finite_mle,1,,-178.525200765,-178.032614761,0.985172007847,4
932,53,True,finite_mle,1,,-152.718014571,-152.286092343,0.86384445765,4
933,67,True,finite_mle,1,,-177.913211001,-176.472894739,2.88063252442,4
934,64,True,finite_mle,1,,-173.731450795,-173.330257886,0.802385817205,4
935,56,True,finite_mle,1,,-159.60961495,-158.696986456,1.82525698731,4
936,68,True,finite_mle,1,,-185.461863068,-183.273035825,4.37765448489,4
937,67,True,finite_mle,1,,-182.089844545,-178.271473671,7.63674174686,4
938,66,True,finite_mle,1,,-177.395741616,-175.822595859,3.14629151458,4
939,60,True,finite_mle,1,,-168.201773068,-166.707628082,2.98828997181,4
940,63,True,finite_mle,1,,-173.789197258,-171.268097615,5.04219928579,4
941,59,True,finite_mle,1,,-169.715279391,-169.082344036,1.26587071032,4
942,63,True,finite_mle,1,,-175.756567409,-175.708199607,0.0967356039733,4
943,51,True,finite_mle,1,,-151.649270628,-150.816428056,1.66568514515,4
944,44,True,finite_mle,1,,-137.273764391,-135.455458194,3.63661239395,4
945,46,True,finite_mle,1,,-135.765711228,-135.00210005,1.52722235577,4
946,59,True,finite_mle,1,,-167.497478547,-165.586393021,3.82217105154,4
947,49,True,finite_mle,1,,-144.659206654,-142.267878824,4.78265566026,4
948,72,True,finite_mle,1,,-191.963537868,-191.937787237,0.0515012611422,4
949,58,True,finite_mle,1,,-162.673021033,-157.776873094,9.79229587873,4
950,60,True,finite_mle,1,,-166.905257138,-164.977783972,3.85494633121,4
951,51,True,finite_mle,1,,-153.84026708,-152.933349934,1.81383429165,4
952,62,True,finite_mle,1,,-171.600986681,-167.228411559,8.7451502442,4
953,49,True,finite_mle,1,,-143.96941202,-140.814273056,6.31027792759,4
954,59,True,finite_mle,1,,-162.209370412,-161.286290416,1.8461599912,4
955,62,True,finite_mle,1,,-171.993460143,-171.679215152,0.628489982376,4
956,68,True,finite_mle,1,,-181.449294074,-180.59089998,1.71678818729,4
957,54,True,finite_mle,1,,-154.847028989,-153.613316124,2.46742572875,4
958,56,True,finite_mle,1,,-155.597337828,-155.272480122,0.649715412858,4
959,69,True,finite_mle,1,,-183.590438877,-183.528776105,0.12332554353,4
960,64,True,finite_mle,1,,-170.32129788,-166.866065873,6.9104640137,4
961,72,True,finite_mle,1,,-187.324576853,-186.531021614,1.58711047702,4
962,54,True,finite_mle,1,,-155.406811792,-155.336877404,0.139868776875,4
963,64,True,finite_mle,1,,-173.063533049,-172.339985514,1.44709507006,4
964,46,True,finite_mle,1,,-143.356522546,-143.331034318,0.0509764556834,4
965,54,True,finite_mle,1,,-157.033935668,-156.17211816,1.72363501598,4
966,65,True,finite_mle,1,,-171.756728291,-171.754846403,0.00376377498003,4
967,63,True,finite_mle,1,,-170.720507632,-170.688851642,0.0633119803366,4
968,65,True,finite_mle,1,,-175.811741907,-174.861465786,1.90055224205,4
969,61,True,finite_mle,1,,-173.051665914,-172.08048931,1.94235320981,4
970,52,True,finite_mle,1,,-154.232302233,-154.023707448,0.417189571265,4
971,64,True,finite_mle,1,,-177.233243535,-177.118705432,0.229076206224,4
972,63,True,finite_mle,1,,-174.870143441,-173.950731016,1.8388248488,4
973,63,True,finite_mle,1,,-171.477512029,-170.643176403,1.66867125243,4
974,48,True,finite_mle,1,,-144.766076678,-144.126775592,1.27860217212,4
975,57,True,finite_mle,1,,-164.738034621,-164.355665207,0.764738828185,4
976,68,True,finite_mle,1,,-178.955610718,-176.975892605,3.95943622573,4
977,57,True,finite_mle,1,,-160.403817984,-160.269712283,0.268211402965,4
978,53,True,finite_mle,1,,-151.450371758,-151.260412563,0.379918389818,4
979,58,True,finite_mle,1,,-165.814929199,-165.601153214,0.427551969822,4
980,47,True,finite_mle,1,,-145.180694064,-143.107952078,4.14548397084,4
981,55,True,finite_mle,1,,-161.427777574,-158.86336975,5.12881564894,4
982,67,True,finite_mle,1,,-175.194669936,-174.539436575,1.31046672263,4
983,56,True,finite_mle,1,,-162.320010084,-161.83089548,0.978229209133,4
984,51,True,finite_mle,1,,-152.529139149,-149.733076176,5.59212594639,4
985,66,True,finite_mle,1,,-177.64250214,-176.007676736,3.26965080633,4
986,47,True,finite_mle,1,,-143.036585101,-141.647580845,2.77800851361,4
987,44,True,finite_mle,1,,-137.786346512,-136.299147103,2.97439881787,4
988,54,True,finite_mle,1,,-158.676297852,-158.516543189,0.319509324783,4
989,54,True,finite_mle,1,,-159.256917447,-159.131140711,0.25155347242,4
990,74,True,finite_mle,1,,-180.60321024,-177.253209965,6.70000055033,4
991,53,True,finite_mle,1,,-153.094785268,-153.083024856,0.023520823098,4
992,54,True,finite_mle,1,,-152.269858617,-152.109079785,0.321557665113,4
993,60,True,finite_mle,1,,-170.13539759,-169.230554604,1.80968597271,4
994,59,True,finite_mle,1,,-165.120783541,-164.079901908,2.08176326583,4
995,45,True,finite_mle,1,,-136.685641912,-136.635098096,0.101087631218,4
996,44,True,finite_mle,1,,-135.908125177,-135.179844859,1.45656063534,4
997,64,True,finite_mle,1,,-176.692437544,-175.697277941,1.99031920413,4
998,57,True,finite_mle,1,,-164.066221853,-162.52868533,3.07507304633,4
999,63,True,finite_mle,1,,-170.969619316,-169.534285601,2.8706674304,4
1000,56,True,finite_mle,1,,-158.887370107,-158.198824688,1.37709083829,4
1001,63,True,finite_mle,1,,-169.084579068,-168.341454995,1.48624814643,4
1002,57,True,finite_mle,1,,-158.460784575,-156.773550886,3.37446737862,4
1003,47,True,finite_mle,1,,-144.591827364,-143.621483962,1.9406868035,4
1004,60,True,finite_mle,1,,-170.316455242,-170.135482999,0.361944486184,4
1005,47,True,finite_mle,1,,-141.972794934,-141.593558008,0.758473852273,4
1006,53,True,finite_mle,1,,-152.932602581,-152.200773617,1.46365792671,4
1007,47,True,finite_mle,1,,-143.912557995,-140.767686611,6.28974276881,4
1008,52,True,finite_mle,1,,-153.318879188,-150.477703703,5.68235096934,4
1009,49,True,finite_mle,1,,-146.583925476,-146.11949397,0.928863012097,4
1010,65,True,finite_mle,1,,-175.834220943,-175.676337816,0.315766253807,4
1011,62,True,finite_mle,1,,-170.825106382,-170.355322721,0.939567322959,4
1012,55,True,finite_mle,1,,-159.638708517,-158.218299098,2.84081883849,4
1013,57,True,finite_mle,1,,-162.135357415,-160.236742865,3.79722910127,4
1014,47,True,finite_mle,1,,-138.574762734,-138.181714889,0.786095690238,4
1015,59,True,finite_mle,1,,-163.731329883,-163.510328196,0.442003373946,4
1016,55,True,finite_mle,1,,-152.949503665,-152.168041797,1.56292373673,4
1017,57,True,finite_mle,1,,-164.728029818,-161.966529142,5.52300135238,4
1018,55,True,finite_mle,1,,-159.149371516,-157.760747912,2.777247208,4
1019,66,True,finite_mle,1,,-180.341515477,-180.224649395,0.233732163702,4
1020,75,True,finite_mle,1,,-195.028213756,-194.897848963,0.26072958582,4
1021,47,True,finite_mle,1,,-139.414119274,-138.002234563,2.82376942016,4
1022,53,True,finite_mle,1,,-149.70288791,-149.530071133,0.345633554292,4
1023,60,True,finite_mle,1,,-166.250808235,-164.614108421,3.27339962927,4
1024,45,True,finite_mle,1,,-135.075854924,-134.569203363,1.01330312228,4
1025,57,True,finite_mle,1,,-162.007936028,-160.304980389,3.40591127897,4
1026,65,True,finite_mle,1,,-179.116493797,-178.518261923,1.19646374829,4
1027,52,True,finite_mle,1,,-154.352796864,-154.2486053,0.208383128256,4
1028,57,True,finite_mle,1,,-160.887279067,-160.018202105,1.73815392351,4
1029,55,True,finite_mle,1,,-158.209526127,-158.119896758,0.1792587391,4
1030,63,True,finite_mle,1,,-168.829879204,-168.28960368,1.08055104768,4
1031,67,True,finite_mle,1,,-175.849070514,-175.009504327,1.67913237348,4
1032,68,True,finite_mle,1,,-181.357115371,-180.781158811,1.15191311899,4
1033,57,True,finite_mle,1,,-164.915781132,-164.780426816,0.270708630418,4
1034,51,True,finite_mle,1,,-152.859466088,-151.684978292,2.34897559258,4
1035,65,True,finite_mle,1,,-178.592590091,-177.140309317,2.90456154827,4
1036,60,True,finite_mle,1,,-169.402401573,-169.392657747,0.0194876519531,4
1037,53,True,finite_mle,1,,-157.27224111,-154.369635944,5.80521033273,4
1038,67,True,finite_mle,1,,-182.760948189,-182.107890482,1.30611541442,4
1039,67,True,finite_mle,1,,-178.153560649,-175.891907689,4.52330592185,4
1040,53,True,finite_mle,1,,-155.809392339,-155.507912032,0.60296061387,4
1041,69,True,finite_mle,1,,-186.297656806,-185.522521962,1.55026968624,4
1042,65,True,finite_mle,1,,-173.845290289,-171.162950377,5.36467982218,4
1043,54,True,finite_mle,1,,-156.019215656,-154.667123971,2.7041833698,4
1044,58,True,finite_mle,1,,-163.509989132,-162.239534329,2.54090960733,4
1045,54,True,finite_mle,1,,-157.003954218,-156.074387842,1.85913275223,4
1046,57,True,finite_mle,1,,-159.801416488,-159.452016143,0.698800689811,4
1047,60,True,finite_mle,1,,-171.555784116,-171.553424711,0.00471880939233,4
1048,57,True,finite_mle,1,,-165.733316674,-164.682310224,2.10201289993,4
1049,54,True,finite_mle,1,,-155.848388036,-154.002619112,3.69153784913,4
1050,54,True,finite_mle,1,,-159.39537908,-159.222251786,0.346254589646,4
1051,60,True,finite_mle,1,,-169.431833119,-168.105441184,2.65278387077,4
1052,62,True,finite_mle,1,,-170.664039853,-169.813486569,1.70110656731,4
1053,54,True,finite_mle,1,,-158.548902988,-158.12429411,0.84921775447,4
1054,49,True,finite_mle,1,,-145.149321356,-143.4123933,3.47385611125,4
1055,67,True,finite_mle,1,,-177.660540179,-176.699636638,1.92180708048,4
1056,57,True,finite_mle,1,,-162.701673767,-162.663651095,0.0760453444066,4
1057,57,True,finite_mle,1,,-158.868011379,-158.055571431,1.62487989547,4
1058,66,True,finite_mle,1,,-177.581542811,-175.591115163,3.98085529637,4
1059,60,True,finite_mle,1,,-168.523324999,-165.829721144,5.38720771039,4
1060,47,True,finite_mle,1,,-144.454830945,-143.333885734,2.24189042055,4
1061,50,True,finite_mle,1,,-147.759713971,-147.521384659,0.476658623886,4
1062,50,True,finite_mle,1,,-149.251953542,-148.410697628,1.68251182699,4
1063,74,True,finite_mle,1,,-190.796587116,-190.003220557,1.5867331185,4
1064,57,True,finite_mle,1,,-160.091429073,-159.813473218,0.555911708828,4
1065,65,True,finite_mle,1,,-177.14593279,-177.022954567,0.245956446387,4
1066,58,True,finite_mle,1,,-164.231984247,-163.899985475,0.663997544576,4
1067,64,True,finite_mle,1,,-175.202496466,-175.113225344,0.178542243857,4
1068,56,True,finite_mle,1,,-153.438774307,-152.588675461,1.70019769144,4
1069,64,True,finite_mle,1,,-169.054697503,-168.709210697,0.690973610927,4
1070,49,True,finite_mle,1,,-146.45372029,-145.566018503,1.77540357276,4
1071,60,True,finite_mle,1,,-169.361334744,-169.339695256,0.0432789759988,4
1072,46,True,finite_mle,1,,-138.22287617,-138.025230402,0.395291535904,4
1073,75,True,finite_mle,1,,-194.870721815,-194.655691501,0.430060627111,4
1074,69,True,finite_mle,1,,-183.026228397,-182.728564888,0.595327017611,4
1075,55,True,finite_mle,1,,-153.662642233,-153.327722074,0.669840317133,4
1076,60,True,finite_mle,1,,-169.591656001,-166.210187283,6.76293743628,4
1077,68,True,finite_mle,1,,-180.063221914,-178.220954252,3.68453532571,4
1078,59,True,finite_mle,1,,-170.449818463,-170.367703279,0.164230369369,4
1079,70,True,finite_mle,1,,-186.261556953,-186.100548936,0.322016033012,4
1080,63,True,finite_mle,1,,-173.371529212,-172.951889507,0.839279409365,4
1081,59,True,finite_mle,1,,-168.309181645,-166.657299178,3.30376493566,4
1082,60,True,finite_mle,1,,-162.92173647,-160.02027737,5.80291820051,4
1083,55,True,finite_mle,1,,-159.80954939,-159.295164639,1.02876950291,4
1084,61,True,finite_mle,1,,-171.3553973,-170.558928552,1.5929374961,4
1085,50,True,finite_mle,1,,-150.547770425,-150.176404796,0.742731258287,4
1086,57,True,finite_mle,1,,-160.602644825,-160.588276568,0.0287365138521,4
1087,68,True,finite_mle,1,,-177.76456933,-176.666993633,2.19515139308,4
1088,55,True,finite_mle,1,,-159.746072082,-158.648161392,2.19582137933,4
1089,64,True,finite_mle,1,,-178.545663403,-176.533364467,4.02459787104,4
1090,53,True,finite_mle,1,,-150.313123611,-149.385295121,1.85565698056,4
1091,60,True,finite_mle,1,,-166.681263762,-164.895258148,3.57201122686,4
1092,61,True,finite_mle,1,,-169.78233111,-168.885002631,1.79465695899,4
1093,73,True,finite_mle,1,,-193.330010701,-192.332593867,1.99483366857,4
1094,58,True,finite_mle,1,,-161.409469773,-161.372563766,0.0738120136919,4
1095,59,True,finite_mle,1,,-165.831811203,-163.672397722,4.31882696074,4
1096,56,True,finite_mle,1,,-160.884422092,-160.859731986,0.0493802111288,4
1097,61,True,finite_mle,1,,-169.302897907,-169.294447186,0.0169014419503,4
1098,58,True,finite_mle,1,,-164.222766655,-163.827856197,0.789820916565,4
1099,52,True,finite_mle,1,,-150.723502853,-145.317001098,10.81300351,4
1100,62,True,finite_mle,1,,-173.468057909,-173.458616811,0.0188821954974,4
1101,58,True,finite_mle,1,,-165.607881306,-165.367310894,0.481140824012,4
1102,58,True,finite_mle,1,,-164.355677344,-163.998894625,0.713565437741,4
1103,63,True,finite_mle,1,,-174.354292942,-172.854247209,3.0000914652,4
1104,59,True,finite_mle,1,,-165.823178242,-165.646480957,0.353394571493,4
1105,49,True,finite_mle,1,,-147.896173787,-146.074657791,3.64303199181,4
1106,59,True,finite_mle,1,,-166.908844464,-165.883475535,2.05073785728,4
1107,59,True,finite_mle,1,,-167.649824471,-167.438114424,0.423420094305,4
1108,63,True,finite_mle,1,,-167.300856982,-167.269762428,0.0621891076326,4
1109,44,True,finite_mle,1,,-138.40837839,-137.109952607,2.59685156683,4
1110,61,True,finite_mle,1,,-164.147301626,-163.406513982,1.48157528648,4
1111,53,True,finite_mle,1,,-154.10362612,-153.747734348,0.711783544561,4
1112,56,True,finite_mle,1,,-160.253986408,-158.11393409,4.28010463543,4
1113,68,True,finite_mle,1,,-179.784024336,-179.28586638,0.996315913177,4
1114,47,True,finite_mle,1,,-136.889892266,-136.209178,1.36142853224,4
1115,53,True,finite_mle,1,,-151.693994012,-151.669683427,0.0486211716198,4
1116,54,True,finite_mle,1,,-156.510962169,-153.437767301,6.14638973661,4
1117,52,True,finite_mle,1,,-153.262197127,-152.795738276,0.932917701549,4
1118,50,True,finite_mle,1,,-148.217544008,-147.958701057,0.517685902098,4
1119,68,True,finite_mle,1,,-182.905352866,-182.061977769,1.68675019401,4
1120,60,True,finite_mle,1,,-168.938253577,-168.476957411,0.922592333245,4
1121,53,True,finite_mle,1,,-158.018087097,-157.795252634,0.44566892545,4
1122,58,True,finite_mle,1,,-162.448667675,-162.394788216,0.107758919079,4
1123,63,True,finite_mle,1,,-174.231705938,-171.980207054,4.50299776759,4
1124,66,True,finite_mle,1,,-172.662907156,-172.084916139,1.15598203328,4
1125,55,True,finite_mle,1,,-154.697008802,-153.419181394,2.55565481653,4
1126,61,True,finite_mle,1,,-169.524072619,-168.164353069,2.71943909877,4
1127,62,True,finite_mle,1,,-172.285599846,-172.268362289,0.0344751127295,4
1128,47,True,finite_mle,1,,-144.231511624,-142.145606503,4.17181024128,4
1129,56,True,finite_mle,1,,-160.648804106,-159.491926385,2.31375544264,4
1130,69,True,finite_mle,1,,-184.907421385,-183.605737077,2.60336861683,4
1131,48,True,finite_mle,1,,-146.20289748,-146.017122819,0.371549320874,4
1132,63,True,finite_mle,1,,-172.804544201,-169.973369795,5.66234881232,4
1133,49,True,finite_mle,1,,-141.240734276,-141.165197198,0.15107415663,4
1134,61,True,finite_mle,1,,-162.587745057,-162.057236466,1.06101718368,4
1135,59,True,finite_mle,1,,-165.651262702,-164.126571052,3.04938330128,4
1136,57,True,finite_mle,1,,-164.187745705,-162.453880635,3.46773014065,4
1137,45,True,finite_mle,1,,-140.421853224,-139.494957743,1.85379096221,4
1138,58,True,finite_mle,1,,-167.109326935,-166.741449835,0.735754199729,4
1139,62,True,finite_mle,1,,-167.437825386,-167.100111731,0.675427310082,4
1140,63,True,finite_mle,1,,-171.228442503,-170.137777101,2.18133080252,4
1141,49,True,finite_mle,1,,-150.047681327,-148.645646931,2.80406879114,4
1142,54,True,finite_mle,1,,-158.601110381,-157.652617413,1.89698593512,4
1143,49,True,finite_mle,1,,-144.139327545,-141.970948639,4.33675781255,4
1144,54,True,finite_mle,1,,-154.413980638,-152.755953711,3.31605385478,4
1145,65,True,finite_mle,1,,-176.888591763,-176.209475908,1.35823170943,4
1146,49,True,finite_mle,1,,-147.898734558,-146.333571422,3.13032627286,4
1147,60,True,finite_mle,1,,-168.165560155,-167.131677916,2.06776447741,4
1148,49,True,finite_mle,1,,-146.77504222,-145.573998937,2.40208656601,4
1149,58,True,finite_mle,1,,-163.423441849,-162.942540697,0.961802303092,4
1150,55,True,finite_mle,1,,-162.072902219,-161.768214504,0.609375429847,4
1151,58,True,finite_mle,1,,-165.618243889,-164.494181444,2.24812488888,4
1152,57,True,finite_mle,1,,-165.105509491,-164.45890367,1.293211643,4
1153,65,True,finite_mle,1,,-179.896579829,-178.061699481,3.66976069544,4
1154,53,True,finite_mle,1,,-157.433535452,-155.612920746,3.64122941259,4
1155,67,True,finite_mle,1,,-182.710941422,-181.386380035,2.64912277396,4
1156,60,True,finite_mle,1,,-167.020242869,-165.848069165,2.34434740849,4
1157,65,True,finite_mle,1,,-166.852816852,-166.175910231,1.35381324203,4
1158,55,True,finite_mle,1,,-161.494608973,-161.48291366,0.023390625538,4
1159,53,True,finite_mle,1,,-157.802017535,-157.667837204,0.268360663354,4
1160,50,True,finite_mle,1,,-147.960105652,-147.867258191,0.185694922273,4
1161,45,True,finite_mle,1,,-136.682227852,-135.595169325,2.17411705476,4
1162,58,True,finite_mle,1,,-162.431763437,-161.733972146,1.39558258178,4
1163,57,True,finite_mle,1,,-163.229789275,-162.572318854,1.31494084262,4
1164,66,True,finite_mle,1,,-178.925807722,-178.52093944,0.809736564885,4
1165,54,True,finite_mle,1,,-156.355382928,-150.97398417,10.7627975165,4
1166,67,True,finite_mle,1,,-182.790082615,-179.598123103,6.3839190244,4
1167,51,True,finite_mle,1,,-154.181928203,-153.747845616,0.868165172069,4
1168,53,True,finite_mle,1,,-156.552017787,-156.202914669,0.698206235993,4
1169,49,True,finite_mle,1,,-146.172410036,-145.711647696,0.921524681533,4
1170,68,True,finite_mle,1,,-180.636525783,-177.150941353,6.97116886024,4
1171,65,True,finite_mle,1,,-178.399510362,-178.18330688,0.432406964216,4
1172,58,True,finite_mle,1,,-168.286485732,-167.860412675,0.852146113674,4
1173,57,True,finite_mle,1,,-157.141380884,-156.751942033,0.778877701266,4
1174,46,True,finite_mle,1,,-140.650814998,-140.580040841,0.141548314128,4
1175,61,True,finite_mle,1,,-169.900070377,-169.268909954,1.26232084498,4
1176,50,True,finite_mle,1,,-147.316309327,-147.100273953,0.432070746583,4
1177,54,True,finite_mle,1,,-157.913471446,-156.617145222,2.59265244821,4
1178,60,True,finite_mle,1,,-167.417946003,-167.059648913,0.716594179764,4
1179,57,True,finite_mle,1,,-158.695609072,-158.331485196,0.728247752987,4
1180,50,True,finite_mle,1,,-150.139010854,-149.126857106,2.02430749452,4
1181,65,True,finite_mle,1,,-178.324238654,-176.218881406,4.21071449611,4
1182,55,True,finite_mle,1,,-159.135598331,-157.072164246,4.1268681706,4
1183,65,True,finite_mle,1,,-172.595144389,-172.09854388,0.993201017786,4
1184,68,True,finite_mle,1,,-183.819922701,-183.065783079,1.50827924335,4
1185,62,True,finite_mle,1,,-172.258250081,-170.817792223,2.88091571602,4
1186,56,True,finite_mle,1,,-163.577375489,-163.512066063,0.130618852814,4
1187,51,True,finite_mle,1,,-150.403416839,-147.861359222,5.084115233,4
1188,65,True,finite_mle,1,,-175.304638674,-175.204969112,0.199339123893,4
1189,62,True,finite_mle,1,,-173.040424389,-171.579547785,2.92175320671,4
1190,53,True,finite_mle,1,,-149.654025896,-149.486302958,0.335445875813,4
1191,55,True,finite_mle,1,,-156.562476389,-155.846993819,1.43096513987,4
1192,61,True,finite_mle,1,,-170.224149118,-169.46759485,1.51310853468,4
1193,52,True,finite_mle,1,,-153.11454904,-152.550564034,1.12797001258,4
1194,51,True,finite_mle,1,,-152.500979946,-152.218476027,0.565007836721,4
1195,44,True,finite_mle,1,,-138.912489376,-138.748819159,0.327340434483,4
1196,48,True,finite_mle,1,,-143.022657885,-141.871493786,2.30232819789,4
1197,62,True,finite_mle,1,,-173.500337998,-172.149883412,2.70090917059,4
1198,45,True,finite_mle,1,,-140.423370247,-140.320830752,0.205078991093,4
1199,58,True,finite_mle,1,,-163.994200565,-163.907539033,0.173323064291,4
1200,56,True,finite_mle,1,,-160.227317964,-159.907501314,0.639633301581,4
1201,55,True,finite_mle,1,,-158.173037172,-155.860581104,4.62491213624,4
1202,46,True,finite_mle,1,,-141.558990015,-140.863922091,1.39013584932,4
1203,64,True,finite_mle,1,,-169.648213234,-168.872960496,1.55050547658,4
1204,56,True,finite_mle,1,,-160.159006176,-159.942859187,0.4322939791,4
1205,60,True,finite_mle,1,,-170.22055381,-168.638095934,3.1649157532,4
1206,62,True,finite_mle,1,,-173.622950333,-172.620365778,2.0051691111,4
1207,57,True,finite_mle,1,,-160.399980163,-160.310049773,0.17986078046,4
1208,56,True,finite_mle,1,,-156.682928246,-155.393809597,2.57823729772,4
1209,66,True,finite_mle,1,,-179.108724868,-178.408226607,1.40099652111,4
1210,57,True,finite_mle,1,,-153.699383328,-152.428346749,2.5420731577,4
1211,53,True,finite_mle,1,,-153.71300138,-153.712692288,0.000618182866106,4
1212,58,True,finite_mle,1,,-163.054197315,-162.747511894,0.613370842565,4
1213,66,True,finite_mle,1,,-178.01723536,-176.843705562,2.34705959772,4
1214,52,True,finite_mle,1,,-146.839717591,-146.821032937,0.0373693083568,4
1215,66,True,finite_mle,1,,-181.021907008,-178.229694003,5.58442600978,4
1216,48,True,finite_mle,1,,-144.48797971,-143.987710465,1.00053848863,4
1217,63,True,finite_mle,1,,-175.171888196,-172.144810707,6.05415497794,4
1218,46,True,finite_mle,1,,-142.644707797,-140.726355486,3.83670462162,4
1219,59,True,finite_mle,1,,-167.924746695,-167.73868032,0.372132749479,4
1220,59,True,finite_mle,1,,-164.532675559,-163.205153986,2.65504314558,4
1221,54,True,finite_mle,1,,-157.80281032,-155.493824328,4.61797198377,4
1222,52,True,finite_mle,1,,-154.401048775,-154.137227989,0.527641571186,4
1223,54,True,finite_mle,1,,-154.408911979,-153.440306269,1.9372114194,4
1224,55,True,finite_mle,1,,-161.680897901,-159.818119217,3.72555736807,4
1225,53,True,finite_mle,1,,-157.661471007,-155.228715915,4.86551018331,4
1226,64,True,finite_mle,1,,-175.458648927,-175.154762926,0.607772003636,4
1227,51,True,finite_mle,1,,-148.906954764,-145.980177626,5.8535542756,4
1228,58,True,finite_mle,1,,-165.08276528,-165.063851884,0.0378267907619,4
1229,64,True,finite_mle,1,,-177.297283868,-176.39123486,1.81209801729,4
1230,49,True,finite_mle,1,,-149.715805429,-149.265139277,0.901332304295,4
1231,59,True,finite_mle,1,,-165.531259808,-163.020914622,5.02069037067,4
1232,60,True,finite_mle,1,,-170.096236122,-169.737705454,0.717061336691,4
1233,59,True,finite_mle,1,,-164.447209035,-162.463558063,3.96730194418,4
1234,69,True,finite_mle,1,,-186.190766832,-185.247213223,1.88710721747,4
1235,59,True,finite_mle,1,,-168.151113151,-167.60878825,1.08464980103,4
1236,50,True,finite_mle,1,,-149.392464441,-147.776325961,3.23227695989,4
1237,50,True,finite_mle,1,,-150.215233877,-149.534004848,1.36245805852,4
1238,39,True,finite_mle,1,,-125.223130294,-124.52144879,1.40336300965,4
1239,49,True,finite_mle,1,,-146.45319873,-142.892394973,7.1216075142,4
1240,64,True,finite_mle,1,,-175.218063064,-175.113739042,0.2086480439,4
1241,50,True,finite_mle,1,,-150.735899042,-148.498300561,4.47519696155,4
1242,42,True,finite_mle,1,,-135.207516466,-131.219085755,7.97686142206,4
1243,63,True,finite_mle,1,,-174.948740717,-173.198574747,3.50033193994,4
1244,51,True,finite_mle,1,,-151.207054406,-151.061138269,0.291832274679,4
1245,45,True,finite_mle,1,,-137.547044218,-137.526377463,0.0413335097514,4
1246,69,True,finite_mle,1,,-181.936408669,-177.872791242,8.12723485463,4
1247,60,True,finite_mle,1,,-169.782793951,-169.774990705,0.0156064927938,4
1248,67,True,finite_mle,1,,-180.186006362,-179.215984866,1.94004299323,4
1249,59,True,finite_mle,1,,-167.895921813,-167.204493905,1.38285581634,4
1250,59,True,finite_mle,1,,-167.820174551,-167.67499972,0.290349660135,4
1251,58,True,finite_mle,1,,-166.409986223,-165.584140466,1.65169151314,4
1252,56,True,finite_mle,1,,-163.936376775,-163.214312435,1.44412867914,4
1253,46,True,finite_mle,1,,-134.006041793,-133.287647132,1.43678932128,4
1254,51,True,finite_mle,1,,-153.881859668,-153.698450657,0.366818020964,4
1255,52,True,finite_mle,1,,-154.753998038,-153.949974701,1.60804667459,4
1256,61,True,finite_mle,1,,-172.708273487,-172.612585517,0.191375941108,4
1257,55,True,finite_mle,1,,-158.324169974,-157.886791734,0.874756480651,4
1258,52,True,finite_mle,1,,-151.051796304,-150.783663103,0.536266402191,4
1259,60,True,finite_mle,1,,-168.932923392,-168.471855612,0.922135560131,4
1260,63,True,finite_mle,1,,-169.002833638,-161.9078234,14.1900204768,4
1261,57,True,finite_mle,1,,-163.174549113,-162.921166392,0.506765442383,4
1262,77,True,finite_mle,1,,-197.690588664,-197.228200813,0.924775701718,4
1263,67,True,finite_mle,1,,-179.079323224,-178.372117011,1.41441242504,4
1264,62,True,finite_mle,1,,-170.040559982,-169.962993311,0.155133342652,4
1265,46,True,finite_mle,1,,-140.751546313,-139.683677601,2.13573742536,4
1266,65,True,finite_mle,1,,-174.74304116,-173.792410362,1.90126159625,4
1267,64,True,finite_mle,1,,-174.927511877,-172.743204094,4.36861556558,4
1268,56,True,finite_mle,1,,-160.378868478,-160.295503852,0.166729251117,4
1269,60,True,finite_mle,1,,-163.218265642,-160.939311541,4.55790820032,4
1270,51,True,finite_mle,1,,-151.215545445,-151.207146999,0.0167968929663,4
1271,54,True,finite_mle,1,,-158.340039829,-157.582217886,1.51564388462,4
1272,52,True,finite_mle,1,,-156.199613879,-156.149683968,0.0998598210533,4
1273,64,True,finite_mle,1,,-177.817447765,-177.537974955,0.558945621164,4
1274,65,True,finite_mle,1,,-174.537095916,-174.255217023,0.56375778446,4
1275,54,True,finite_mle,1,,-155.316749611,-154.636758355,1.3599825109,4
1276,54,True,finite_mle,1,,-157.690965192,-157.120898178,1.1401340281,4
1277,76,True,finite_mle,1,,-198.742195252,-198.264081196,0.956228112218,4
1278,60,True,finite_mle,1,,-167.009546728,-165.839152789,2.34078787864,4
1279,54,True,finite_mle,1,,-159.029748804,-154.919113474,8.22127065974,4
1280,61,True,finite_mle,1,,-167.757356185,-166.922250448,1.67021147431,4
1281,64,True,finite_mle,1,,-176.012057012,-171.202402217,9.61930959027,4
1282,66,True,finite_mle,1,,-177.2619549,-174.949839079,4.62423164157,4
1283,64,True,finite_mle,1,,-177.719797052,-176.520821584,2.39795093449,4
1284,52,True,finite_mle,1,,-152.24380614,-150.166852106,4.15390806828,4
1285,54,True,finite_mle,1,,-154.987870328,-153.213987289,3.54776607645,4
1286,66,True,finite_mle,1,,-175.526926922,-175.044099242,0.965655359686,4
1287,63,True,finite_mle,1,,-170.546699979,-168.209220081,4.67495979605,4
1288,54,True,finite_mle,1,,-153.270365605,-152.094005664,2.35271988204,4
1289,53,True,finite_mle,1,,-155.660099431,-154.672012119,1.97617462456,4
1290,57,True,finite_mle,1,,-159.540233083,-157.848882547,3.38270107066,4
1291,50,True,finite_mle,1,,-151.756274474,-149.063168388,5.38621217233,4
1292,55,True,finite_mle,1,,-154.86888823,-150.895870345,7.94603576956,4
1293,59,True,finite_mle,1,,-168.678254179,-168.622198011,0.112112337074,4
1294,46,True,finite_mle,1,,-140.16221728,-138.436803015,3.45082852865,4
1295,56,True,finite_mle,1,,-161.442154472,-161.205758064,0.472792816681,4
1296,54,True,finite_mle,1,,-158.351842065,-157.29021925,2.12324562972,4
1297,58,True,finite_mle,1,,-162.649461001,-159.545010348,6.20890130633,4
1298,64,True,finite_mle,1,,-169.395794405,-169.024336056,0.742916698133,4
1299,56,True,finite_mle,1,,-158.135247885,-156.736321112,2.7978535468,4
1300,69,True,finite_mle,1,,-180.254005935,-179.626371042,1.25526978571,4
1301,50,True,finite_mle,1,,-148.376431488,-147.885257719,0.982347538455,4
1302,63,True,finite_mle,1,,-174.865132248,-174.418082419,0.894099659601,4
1303,52,True,finite_mle,1,,-150.466462292,-146.390559108,8.1518063681,4
1304,71,True,finite_mle,1,,-183.727583523,-182.021063971,3.41303910324,4
1305,67,True,finite_mle,1,,-177.701354195,-177.488738627,0.425231135443,4
1306,53,True,finite_mle,1,,-155.852208318,-154.991812511,1.72079161472,4
1307,66,True,finite_mle,1,,-179.713037507,-178.190728514,3.0446179868,4
1308,73,True,finite_mle,1,,-188.902325635,-188.541097961,0.722455349667,4
1309,56,True,finite_mle,1,,-160.357454216,-160.068867066,0.577174298653,4
1310,50,True,finite_mle,1,,-146.282120298,-145.993765544,0.576709506798,4
1311,59,True,finite_mle,1,,-169.974966732,-169.018932707,1.91206804925,4
1312,51,True,finite_mle,1,,-151.435626378,-150.661004114,1.54924452741,4
1313,51,True,finite_mle,1,,-147.054875013,-146.150073882,1.80960226344,4
1314,64,True,finite_mle,1,,-172.591445834,-172.500305532,0.182280603471,4
1315,54,True,finite_mle,1,,-154.764882035,-154.51918681,0.491390449085,4
1316,71,True,finite_mle,1,,-181.098579702,-179.579896526,3.03736635102,4
1317,51,True,finite_mle,1,,-149.16621488,-148.122635982,2.08715779654,4
1318,46,True,finite_mle,1,,-142.657185668,-142.626521345,0.0613286452888,4
1319,41,True,finite_mle,1,,-132.187071406,-132.054674866,0.264793079676,4
1320,50,True,finite_mle,1,,-148.995085483,-147.394984549,3.20020186816,4
1321,61,True,finite_mle,1,,-171.362783357,-170.45937638,1.80681395417,4
1322,64,True,finite_mle,1,,-178.150986116,-177.886046273,0.529879685125,4
1323,56,True,finite_mle,1,,-159.513933474,-159.416558456,0.194750036154,4
1324,61,True,finite_mle,1,,-167.894757366,-167.710252087,0.369010556689,4
1325,61,True,finite_mle,1,,-171.837713952,-170.450936994,2.77355391551,4
1326,49,True,finite_mle,1,,-146.512456823,-145.385292854,2.25432793765,4
1327,41,True,finite_mle,1,,-129.811557435,-129.302671807,1.01777125681,4
1328,62,True,finite_mle,1,,-167.664450325,-166.564499984,2.19990068247,4
1329,66,True,finite_mle,1,,-176.176531069,-176.148800478,0.0554611838081,4
1330,61,True,finite_mle,1,,-172.18473707,-171.518410888,1.33265236275,4
1331,58,True,finite_mle,1,,-164.9672667,-164.410244458,1.11404448383,4
1332,57,True,finite_mle,1,,-161.657845729,-160.830973436,1.65374458557,4
1333,59,True,finite_mle,1,,-166.989952515,-166.690654859,0.598595312705,4
1334,68,True,finite_mle,1,,-182.257575366,-181.356081498,1.80298773549,4
1335,60,True,finite_mle,1,,-167.333507548,-165.98155136,2.70391237708,4
1336,53,True,finite_mle,1,,-153.406231347,-150.650456066,5.51155056198,4
1337,60,True,finite_mle,1,,-163.631824795,-162.9025126,1.45862439011,4
1338,53,True,finite_mle,1,,-150.443756016,-150.360579192,0.16635364862,4
1339,67,True,finite_mle,1,,-180.446047736,-179.499645517,1.89280443854,4
1340,56,True,finite_mle,1,,-159.563819187,-158.156990539,2.81365729641,4
1341,56,True,finite_mle,1,,-154.952669622,-151.674804922,6.55572939943,4
1342,66,True,finite_mle,1,,-178.491038169,-178.009545549,0.962985239233,4
1343,54,True,finite_mle,1,,-159.111628179,-158.916040912,0.391174532979,4
1344,49,True,finite_mle,1,,-141.528312106,-141.201006878,0.654610454707,4
1345,57,True,finite_mle,1,,-159.218159033,-158.910010943,0.616296179446,4
1346,55,True,finite_mle,1,,-153.504535603,-151.971166771,3.06673766357,4
1347,50,True,finite_mle,1,,-150.250387106,-149.092595689,2.31558283539,4
1348,69,True,finite_mle,1,,-181.960059576,-181.946819663,0.0264798272348,4
1349,53,True,finite_mle,1,,-156.216719511,-154.623245933,3.18694715601,4
1350,43,True,finite_mle,1,,-136.537484386,-132.489391749,8.09618527339,4
1351,64,True,finite_mle,1,,-177.319198803,-176.013284787,2.61182803294,4
1352,54,True,finite_mle,1,,-157.337124806,-157.096673617,0.480902378012,4
1353,64,True,finite_mle,1,,-176.88328405,-175.775689489,2.21518912267,4
1354,48,True,finite_mle,1,,-142.076492695,-142.039972022,0.0730413447688,4
1355,66,True,finite_mle,1,,-182.097563461,-181.699910673,0.795305576243,4
1356,63,True,finite_mle,1,,-168.785559421,-168.206860246,1.15739834897,4
1357,57,True,finite_mle,1,,-161.51377764,-161.091164951,0.845225379045,4
1358,59,True,finite_mle,1,,-166.869061949,-161.888924823,9.96027425273,4
1359,57,True,finite_mle,1,,-160.922468639,-160.026113118,1.79271104356,4
1360,60,True,finite_mle,1,,-169.726690773,-169.366704359,0.719972828902,4
1361,58,True,finite_mle,1,,-165.837070398,-164.709325193,2.25549041173,4
1362,57,True,finite_mle,1,,-160.048314009,-159.087097628,1.92243276353,4
1363,58,True,finite_mle,1,,-158.265825836,-157.479429137,1.57279339853,4
1364,44,True,finite_mle,1,,-138.556641029,-138.002213643,1.10885477207,4
1365,58,True,finite_mle,1,,-157.055241946,-155.685866407,2.73875107744,4
1366,60,True,finite_mle,1,,-167.380363619,-164.353573484,6.0535802703,4
1367,54,True,finite_mle,1,,-157.827939546,-157.758097653,0.139683785422,4
1368,51,True,finite_mle,1,,-148.073301216,-147.986471952,0.173658528309,4
1369,50,True,finite_mle,1,,-146.236740901,-145.141981152,2.1895194978,4
1370,59,True,finite_mle,1,,-167.793027872,-162.616411457,10.3532328293,4
1371,58,True,finite_mle,1,,-166.357939597,-164.113162371,4.4895544517,4
1372,54,True,finite_mle,1,,-158.233231924,-157.314254636,1.83795457633,4
1373,53,True,finite_mle,1,,-153.77510769,-153.555545627,0.43912412462,4
1374,50,True,finite_mle,1,,-146.626134808,-145.069024353,3.11422090904,4
1375,62,True,finite_mle,1,,-167.706344951,-166.516489492,2.37971091726,4
1376,48,True,finite_mle,1,,-145.491259913,-145.280810633,0.42089855977,4
1377,64,True,finite_mle,1,,-174.711738487,-174.144949375,1.13357822407,4
1378,48,True,finite_mle,1,,-137.54861389,-137.24868572,0.599856339176,4
1379,53,True,finite_mle,1,,-153.355063504,-150.517204035,5.67571893838,4
1380,57,True,finite_mle,1,,-164.370370316,-160.934232156,6.87227632169,4
1381,57,True,finite_mle,1,,-162.315163417,-159.991975875,4.64637508467,4
1382,58,True,finite_mle,1,,-161.554106495,-161.340232987,0.427747015097,4
1383,56,True,finite_mle,1,,-162.259152973,-160.970069444,2.57816705802,4
1384,62,True,finite_mle,1,,-167.736404329,-166.786445654,1.89991735047,4
1385,64,True,finite_mle,1,,-177.701468892,-174.184632301,7.03367318192,4
1386,53,True,finite_mle,1,,-156.941847178,-156.305917743,1.27185887062,4
1387,63,True,finite_mle,1,,-171.141400942,-170.911037779,0.460726325504,4
1388,61,True,finite_mle,1,,-168.147778811,-166.508055058,3.27944750699,4
1389,48,True,finite_mle,1,,-146.307183121,-143.550547225,5.51327179133,4
1390,74,True,finite_mle,1,,-189.432728114,-188.455417484,1.95462126012,4
1391,51,True,finite_mle,1,,-148.520791336,-148.437306076,0.166970520214,4
1392,57,True,finite_mle,1,,-159.497838245,-157.769529025,3.45661843822,4
1393,48,True,finite_mle,1,,-145.931108924,-145.512453188,0.83731147177,4
1394,61,True,finite_mle,1,,-170.458478256,-168.137415796,4.64212492001,4
1395,67,True,finite_mle,1,,-178.025947707,-177.506456764,1.03898188581,4
1396,47,True,finite_mle,1,,-142.146317832,-141.496231858,1.30017194695,4
1397,66,True,finite_mle,1,,-177.168425317,-174.791565037,4.75372055999,4
1398,51,True,finite_mle,1,,-154.474870012,-154.072736798,0.804266429262,4
1399,58,True,finite_mle,1,,-164.403848966,-163.778229355,1.25123922227,4
1400,47,True,finite_mle,1,,-140.528394415,-137.258024247,6.54074033668,4
1401,64,True,finite_mle,1,,-173.536935564,-171.967883158,3.13810481139,4
1402,60,True,finite_mle,1,,-167.139364318,-164.641992488,4.99474366124,4
1403,70,True,finite_mle,1,,-185.652383788,-185.410443059,0.483881457781,4
1404,59,True,finite_mle,1,,-167.741861409,-166.912751718,1.65821938139,4
1405,50,True,finite_mle,1,,-141.714877859,-141.696198134,0.0373594497712,4
1406,55,True,finite_mle,1,,-159.411839045,-159.24173438,0.340209329795,4
1407,55,True,finite_mle,1,,-154.484915147,-154.424825504,0.120179286132,4
1408,54,True,finite_mle,1,,-157.245485561,-153.045644239,8.39968264534,4
1409,56,True,finite_mle,1,,-152.129875057,-151.942405489,0.374939136632,4
1410,46,True,finite_mle,1,,-142.733846645,-138.76342229,7.94084871112,4
1411,53,True,finite_mle,1,,-155.660424697,-155.43181313,0.457223135595,4
1412,73,True,finite_mle,1,,-184.984848737,-184.846701945,0.276293584188,4
1413,62,True,finite_mle,1,,-165.483197959,-163.839471237,3.28745344563,4
1414,48,True,finite_mle,1,,-145.592380754,-143.879433578,3.42589435275,4
1415,60,True,finite_mle,1,,-163.507198002,-160.905750096,5.20289581096,4
1416,61,True,finite_mle,1,,-167.713980756,-166.12582445,3.17631261293,4
1417,61,True,finite_mle,1,,-170.816975246,-169.768906912,2.09613666764,4
1418,67,True,finite_mle,1,,-180.754536704,-180.66955814,0.169957128243,4
1419,56,True,finite_mle,1,,-159.212614138,-158.441043572,1.54314113122,4
1420,68,True,finite_mle,1,,-182.2726675,-181.531422951,1.48248909788,4
1421,62,True,finite_mle,1,,-171.315480727,-171.244687235,0.141586982714,4
1422,60,True,finite_mle,1,,-167.160237503,-166.034775937,2.25092313204,4
1423,67,True,finite_mle,1,,-182.774890685,-179.035979125,7.47782312007,4
1424,60,True,finite_mle,1,,-167.627959874,-165.833869469,3.58818080968,4
1425,71,True,finite_mle,1,,-186.871525863,-186.797589979,0.147871767283,4
1426,57,True,finite_mle,1,,-163.214427979,-160.24073669,5.947382579,4
1427,55,True,finite_mle,1,,-161.478179405,-159.093354034,4.76965074043,4
1428,59,True,finite_mle,1,,-164.362308751,-164.24163634,0.24134482349,4
1429,62,True,finite_mle,1,,-171.906160173,-168.886775506,6.03876933392,4
1430,65,True,finite_mle,1,,-175.836649091,-175.66925412,0.334789940592,4
1431,60,True,finite_mle,1,,-163.954187977,-162.285516755,3.33734244292,4
1432,57,True,finite_mle,1,,-163.623503068,-163.101422151,1.0441618336,4
1433,54,True,finite_mle,1,,-157.92056304,-155.395785797,5.04955448589,4
1434,54,True,finite_mle,1,,-152.858998855,-151.347626365,3.02274498028,4
1435,59,True,finite_mle,1,,-169.244832888,-168.141705242,2.20625529148,4
1436,71,True,finite_mle,1,,-184.572442419,-184.229897505,0.685089827549,4
1437,68,True,finite_mle,1,,-177.556258539,-177.19170287,0.729111337817,4
1438,61,True,finite_mle,1,,-167.339757328,-166.356550449,1.9664137591,4
1439,62,True,finite_mle,1,,-171.963093312,-169.760122943,4.4059407367,4
1440,59,True,finite_mle,1,,-164.126017744,-163.777722611,0.696590265472,4
1441,62,True,finite_mle,1,,-170.976608388,-169.969176451,2.01486387555,4
1442,51,True,finite_mle,1,,-147.513729674,-145.938376809,3.15070572939,4
1443,64,True,finite_mle,1,,-172.937374064,-172.143051812,1.58864450401,4
1444,58,True,finite_mle,1,,-166.885814032,-166.616827298,0.537973468907,4
1445,58,True,finite_mle,1,,-156.57184402,-156.429798693,0.284090655457,4
1446,63,True,finite_mle,1,,-177.37017363,-177.091148119,0.558051021965,4
1447,60,True,finite_mle,1,,-170.159097874,-165.943089012,8.43201772358,4
1448,50,True,finite_mle,1,,-148.998690882,-148.788009457,0.421362850988,4
1449,63,True,finite_mle,1,,-163.208245039,-163.049076917,0.318336244454,4
1450,63,True,finite_mle,1,,-172.582583749,-171.552430618,2.06030626146,4
1451,57,True,finite_mle,1,,-162.484188577,-160.423127315,4.12212252433,4
1452,55,True,finite_mle,1,,-156.903477285,-154.911428797,3.98409697536,4
1453,53,True,finite_mle,1,,-154.756910435,-154.564798427,0.384224017166,4
1454,51,True,finite_mle,1,,-150.955285085,-150.928937173,0.0526958228652,4
1455,57,True,finite_mle,1,,-161.384349205,-160.297779985,2.17313843973,4
1456,64,True,finite_mle,1,,-175.818416304,-175.310940353,1.01495190178,4
1457,64,True,finite_mle,1,,-175.273382205,-171.306792223,7.93317996396,4
1458,61,True,finite_mle,1,,-173.163198418,-172.997601383,0.33119406989,4
1459,63,True,finite_mle,1,,-168.880822483,-167.821459841,2.11872528363,4
1460,54,True,finite_mle,1,,-156.634542114,-155.332705834,2.60367255982,4
1461,57,True,finite_mle,1,,-159.503335863,-159.032492784,0.941686158655,4
1462,55,True,finite_mle,1,,-158.108574117,-157.697682162,0.821783909004,4
1463,56,True,finite_mle,1,,-160.102914078,-159.04066699,2.12449417596,4
1464,53,True,finite_mle,1,,-151.409291955,-148.032543074,6.75349776019,4
1465,57,True,finite_mle,1,,-163.731698679,-163.217777641,1.02784207569,4
1466,46,True,finite_mle,1,,-141.187545277,-139.72680732,2.92147591242,4
1467,64,True,finite_mle,1,,-179.798492663,-179.321261266,0.954462794301,4
1468,58,True,finite_mle,1,,-164.784866658,-163.991210237,1.58731284148,4
1469,74,True,finite_mle,1,,-195.672421499,-195.360571725,0.623699548296,4
1470,55,True,finite_mle,1,,-151.851140586,-151.195806376,1.3106684196,4
1471,61,True,finite_mle,1,,-169.046201369,-165.900770936,6.29086086522,4
1472,68,True,finite_mle,1,,-183.430845166,-181.736998491,3.38769334822,4
1473,62,True,finite_mle,1,,-176.01521218,-175.574736325,0.880951710323,4
1474,65,True,finite_mle,1,,-179.486514886,-178.772970484,1.42708880362,4
1475,56,True,finite_mle,1,,-163.7451022,-159.299823648,8.89055710468,4
1476,47,True,finite_mle,1,,-141.708857465,-141.441672514,0.534369901181,4
1477,63,True,finite_mle,1,,-176.06016946,-174.260323117,3.59969268727,4
1478,55,True,finite_mle,1,,-154.800090315,-154.624319949,0.351540732199,4
1479,57,True,finite_mle,1,,-165.223469997,-165.117994252,0.210951490254,4
1480,65,True,finite_mle,1,,-177.508531037,-177.331255416,0.354551243209,4
1481,67,True,finite_mle,1,,-181.297763801,-180.328804652,1.93791829816,4
1482,65,True,finite_mle,1,,-178.437476974,-176.488207709,3.89853853058,4
1483,62,True,finite_mle,1,,-173.341810426,-172.549660975,1.58429890199,4
1484,45,True,finite_mle,1,,-139.670394015,-137.998178974,3.34443008324,4
1485,51,True,finite_mle,1,,-146.108795907,-145.351180406,1.51523100222,4
1486,58,True,finite_mle,1,,-166.107407638,-165.517184019,1.18044723859,4
1487,44,True,finite_mle,1,,-132.369607787,-131.123155914,2.49290374659,4
1488,52,True,finite_mle,1,,-149.81206252,-144.464613202,10.6948986348,4
1489,52,True,finite_mle,1,,-155.072427359,-154.609088454,0.926677809356,4
1490,61,True,finite_mle,1,,-173.29182848,-169.153916248,8.2758244643,4
1491,60,True,finite_mle,1,,-171.361596082,-170.854511128,1.01416990933,4
1492,61,True,finite_mle,1,,-170.888775806,-169.068885617,3.63978037681,4
1493,60,True,finite_mle,1,,-167.471240854,-167.327898791,0.286684126362,4
1494,54,True,finite_mle,1,,-160.408128142,-159.407677085,2.00090211302,4
1495,46,True,finite_mle,1,,-139.251235722,-138.639407934,1.22365557685,4
1496,64,True,finite_mle,1,,-175.987273214,-175.914000092,0.146546243264,4
1497,49,True,finite_mle,1,,-147.534448272,-147.470409555,0.128077434568,4
1498,62,True,finite_mle,1,,-170.983630772,-168.921967901,4.12332574157,4
1499,63,True,finite_mle,1,,-175.413647136,-174.884439876,1.05841451914,4
1500,59,True,finite_mle,1,,-165.939528909,-165.933664863,0.0117280927343,4
1501,48,True,finite_mle,1,,-145.692737797,-144.665204125,2.05506734298,4
1502,52,True,finite_mle,1,,-152.835420143,-151.522676959,2.62548636785,4
1503,49,True,finite_mle,1,,-147.587982106,-146.266885911,2.64219239048,4
1504,54,True,finite_mle,1,,-155.944784433,-155.474973497,0.939621871778,4
1505,62,True,finite_mle,1,,-175.550585977,-173.663598637,3.77397468028,4
1506,54,True,finite_mle,1,,-159.189909716,-159.162291449,0.0552365331339,4
1507,52,True,finite_mle,1,,-153.719901346,-151.698552033,4.04269862491,4
1508,64,True,finite_mle,1,,-174.408681261,-173.936048813,0.945264897016,4
1509,57,True,finite_mle,1,,-160.090158179,-159.530867341,1.11858167576,4
1510,66,True,finite_mle,1,,-181.899616155,-180.678687243,2.44185782466,4
1511,54,True,finite_mle,1,,-160.879555223,-159.844704548,2.0697013511,4
1512,61,True,finite_mle,1,,-171.512354732,-171.181015875,0.662677713848,4
1513,63,True,finite_mle,1,,-167.408729183,-164.231466705,6.35452495647,4
1514,51,True,finite_mle,1,,-148.342719987,-146.032267898,4.62090417964,4
1515,58,True,finite_mle,1,,-167.073192063,-165.730487331,2.68540946392,4
1516,50,True,finite_mle,1,,-148.778956071,-147.515390975,2.52713019157,4
1517,49,True,finite_mle,1,,-148.483116352,-145.51715444,5.9319238252,4
1518,56,True,finite_mle,1,,-160.341225339,-159.372999467,1.93645174368,4
1519,65,True,finite_mle,1,,-179.044656795,-178.487461449,1.11439069163,4
1520,55,True,finite_mle,1,,-155.692372896,-154.685550275,2.01364524115,4
1521,70,True,finite_mle,1,,-176.73396355,-174.556601224,4.35472465186,4
1522,55,True,finite_mle,1,,-161.41601112,-161.304585832,0.222850575804,4
1523,44,True,finite_mle,1,,-139.930447619,-139.106690162,1.64751491396,4
1524,52,True,finite_mle,1,,-150.592635757,-150.380635456,0.424000602567,4
1525,67,True,finite_mle,1,,-181.24316709,-180.677293119,1.13174794259,4
1526,57,True,finite_mle,1,,-166.432199064,-165.749286047,1.36582603476,4
1527,48,True,finite_mle,1,,-143.882955641,-143.294380447,1.17715038881,4
1528,68,True,finite_mle,1,,-177.503180934,-176.571714482,1.86293290381,4
1529,48,True,finite_mle,1,,-143.031895674,-142.976535466,0.110720415897,4
1530,55,True,finite_mle,1,,-152.714181499,-152.565448224,0.297466550105,4
1531,62,True,finite_mle,1,,-172.967101793,-172.641004056,0.652195472503,4
1532,59,True,finite_mle,1,,-160.771127326,-159.994801428,1.5526517956,4
1533,53,True,finite_mle,1,,-155.444473377,-153.556034447,3.77687786051,4
1534,70,True,finite_mle,1,,-184.947591353,-184.357992952,1.17919680227,4
1535,54,True,finite_mle,1,,-159.35637732,-159.129693246,0.453368148692,4
1536,53,True,finite_mle,1,,-151.141111262,-151.033545938,0.215130647396,4
1537,64,True,finite_mle,1,,-176.601491444,-175.474677137,2.25362861216,4
1538,57,True,finite_mle,1,,-158.978816437,-158.267661373,1.42231012951,4
1539,56,True,finite_mle,1,,-162.689360769,-161.714661568,1.94939840146,4
1540,59,True,finite_mle,1,,-166.059978896,-163.269269382,5.58141902842,4
1541,51,True,finite_mle,1,,-151.118403159,-149.635937501,2.96493131565,4
1542,59,True,finite_mle,1,,-162.074332247,-162.03704496,0.0745745729638,4
1543,64,True,finite_mle,1,,-173.044395062,-172.057693124,1.97340387608,4
1544,52,True,finite_mle,1,,-153.844270956,-153.771157162,0.146227587274,4
1545,64,True,finite_mle,1,,-176.152215438,-175.406888483,1.49065390909,4
1546,59,True,finite_mle,1,,-168.473108606,-168.105039097,0.736139019084,4
1547,64,True,finite_mle,1,,-175.963215532,-175.550782181,0.824866700561,4
1548,63,True,finite_mle,1,,-175.003650159,-170.483577176,9.04014596754,4
1549,45,True,finite_mle,1,,-138.61021485,-137.273026144,2.6743774109,4
1550,52,True,finite_mle,1,,-153.975676543,-153.852605394,0.246142298168,4
1551,51,True,finite_mle,1,,-148.839907332,-148.635222083,0.409370498669,4
1552,55,True,finite_mle,1,,-162.646736371,-161.853072017,1.58732870664,4
1553,52,True,finite_mle,1,,-154.870596358,-154.737220399,0.266751918048,4
1554,52,True,finite_mle,1,,-154.891211777,-154.228597426,1.32522870198,4
1555,66,True,finite_mle,1,,-183.029136775,-182.737948634,0.582376280985,4
1556,56,True,finite_mle,1,,-156.683490798,-155.229595136,2.90779132375,4
1557,57,True,finite_mle,1,,-163.335992995,-160.337788891,5.99640820691,4
1558,61,True,finite_mle,1,,-170.723926294,-170.038095525,1.37166153872,4
1559,56,True,finite_mle,1,,-163.594838078,-163.493315045,0.203046065509,4
1560,55,True,finite_mle,1,,-157.11080984,-157.031213181,0.159193316517,4
1561,55,True,finite_mle,1,,-160.545830415,-158.992135233,3.10739036398,4
1562,49,True,finite_mle,1,,-144.625652076,-144.567910092,0.115483967863,4
1563,48,True,finite_mle,1,,-147.323139724,-145.63097366,3.38433212878,4
1564,53,True,finite_mle,1,,-156.830573289,-155.775920512,2.10930555379,4
1565,60,True,finite_mle,1,,-166.91650492,-165.809674096,2.21366164871,4
1566,50,True,finite_mle,1,,-147.116334167,-146.260068291,1.71253175053,4
1567,59,True,finite_mle,1,,-164.289855478,-163.999507203,0.580696549632,4
1568,56,True,finite_mle,1,,-159.573585428,-158.999063424,1.14904400838,4
1569,60,True,finite_mle,1,,-167.02263744,-165.358742691,3.32778949877,4
1570,53,True,finite_mle,1,,-154.35982909,-152.636054757,3.44754866581,4
1571,50,True,finite_mle,1,,-150.645295502,-149.42870618,2.4331786454,4
1572,53,True,finite_mle,1,,-152.091158511,-151.488349765,1.20561749165,4
1573,54,True,finite_mle,1,,-156.493102631,-156.013380986,0.959443288377,4
1574,58,True,finite_mle,1,,-164.460962843,-163.967533952,0.986857781371,4
1575,53,True,finite_mle,1,,-157.943018345,-157.066408945,1.75321880096,4
1576,58,True,finite_mle,1,,-162.777624705,-161.921282994,1.7126834202,4
1577,64,True,finite_mle,1,,-175.038609402,-174.957182997,0.162852810442,4
1578,56,True,finite_mle,1,,-156.926107783,-153.4724604,6.90729476489,4
1579,53,True,finite_mle,1,,-157.037254776,-157.034155726,0.00619809916651,4
1580,55,True,finite_mle,1,,-160.929055624,-159.873283086,2.11154507567,4
1581,53,True,finite_mle,1,,-156.017969748,-154.646088525,2.74376244545,4
1582,52,True,finite_mle,1,,-151.57582932,-148.418669975,6.31431869097,4
1583,53,True,finite_mle,1,,-156.571732845,-156.519137856,0.105189979718,4
1584,62,True,finite_mle,1,,-173.184025867,-169.452313967,7.46342379933,4
1585,73,True,finite_mle,1,,-191.798553201,-191.248454104,1.10019819362,4
1586,57,True,finite_mle,1,,-166.139309249,-164.729502662,2.8196131744,4
1587,49,True,finite_mle,1,,-147.833782297,-147.298085153,1.07139428862,4
1588,60,True,finite_mle,1,,-169.148407553,-168.202711418,1.89139227093,4
1589,58,True,finite_mle,1,,-162.535658496,-161.963756266,1.14380446052,4
1590,57,True,finite_mle,1,,-161.599485162,-161.435395577,0.328179171314,4
1591,52,True,finite_mle,1,,-155.200838399,-154.778625293,0.844426211892,4
1592,60,True,finite_mle,1,,-164.69846093,-164.652533145,0.0918555703727,4
1593,62,True,finite_mle,1,,-167.534754253,-167.226965622,0.615577261686,4
1594,53,True,finite_mle,1,,-157.162944108,-155.384129105,3.55763000647,4
1595,56,True,finite_mle,1,,-163.493123393,-162.854332223,1.27758233941,4
1596,57,True,finite_mle,1,,-163.784314625,-161.880873111,3.80688302711,4
1597,38,True,finite_mle,1,,-124.197212225,-123.759832367,0.874759716642,4
1598,58,True,finite_mle,1,,-167.342460218,-165.856402801,2.97211483309,4
1599,56,True,finite_mle,1,,-162.49220058,-162.418128037,0.148145085998,4
1600,41,True,finite_mle,1,,-130.256415904,-129.783038345,0.946755118092,4
1601,57,True,finite_mle,1,,-160.145603572,-159.72952376,0.832159623801,4
1602,49,True,finite_mle,1,,-143.584833134,-142.433443507,2.30277925293,4
1603,53,True,finite_mle,1,,-158.230242227,-158.193416228,0.0736519990747,4
1604,48,True,finite_mle,1,,-145.258806181,-143.597819354,3.32197365301,4
1605,56,True,finite_mle,1,,-162.997617402,-162.019479203,1.95627639802,4
1606,70,True,finite_mle,1,,-186.957710252,-186.543665589,0.828089325366,4
1607,53,True,finite_mle,1,,-152.025086723,-150.72652561,2.59712222608,4
1608,53,True,finite_mle,1,,-157.542902491,-157.414005231,0.257794521537,4
1609,50,True,finite_mle,1,,-149.277896299,-147.730002774,3.09578704986,4
1610,60,True,finite_mle,1,,-167.77145258,-165.071987558,5.39893004538,4
1611,70,True,finite_mle,1,,-190.149680726,-188.995732372,2.30789670704,4
1612,61,True,finite_mle,1,,-166.048729763,-164.686800543,2.72385844076,4
1613,55,True,finite_mle,1,,-156.238847934,-156.116538873,0.244618123312,4
1614,54,True,finite_mle,1,,-155.476976576,-154.602090691,1.74977176962,4
1615,52,True,finite_mle,1,,-152.220284953,-151.803199458,0.834170989904,4
1616,67,True,finite_mle,1,,-183.30112592,-180.146656765,6.30893831024,4
1617,67,True,finite_mle,1,,-177.98408172,-176.024949864,3.9182637123,4
1618,65,True,finite_mle,1,,-179.038795644,-176.129780839,5.81802960959,4
1619,51,True,finite_mle,1,,-147.102593009,-145.375409509,3.45436700048,4
1620,62,True,finite_mle,1,,-171.355091128,-171.300075384,0.110031488972,4
1621,55,True,finite_mle,1,,-159.92727361,-159.484685266,0.88517668994,4
1622,60,True,finite_mle,1,,-170.338381974,-169.780693915,1.11537611656,4
1623,63,True,finite_mle,1,,-174.484365792,-173.474514804,2.01970197589,4
1624,59,True,finite_mle,1,,-167.882240412,-167.324030691,1.11641944216,4
1625,60,True,finite_mle,1,,-169.775791613,-167.281665726,4.98825177344,4
1626,49,True,finite_mle,1,,-145.076520523,-143.06667346,4.019694125,4
1627,54,True,finite_mle,1,,-152.676287138,-150.1999297,4.95271487434,4
1628,46,True,finite_mle,1,,-142.528550006,-140.713232446,3.63063511977,4
1629,45,True,finite_mle,1,,-137.16946381,-136.474716104,1.38949541239,4
1630,55,True,finite_mle,1,,-161.831863631,-160.410984747,2.84175776818,4
1631,52,True,finite_mle,1,,-152.451418004,-150.62961929,3.64359742768,4
1632,59,True,finite_mle,1,,-162.3212098,-161.666118138,1.31018332332,4
1633,62,True,finite_mle,1,,-165.996110857,-165.636335493,0.719550728443,4
1634,48,True,finite_mle,1,,-146.318641679,-145.769539682,1.09820399401,4
1635,44,True,finite_mle,1,,-136.008447083,-135.293502724,1.42988871822,4
1636,53,True,finite_mle,1,,-155.325183263,-154.511567214,1.62723209851,4
1637,50,True,finite_mle,1,,-148.567037445,-143.743435783,9.64720332484,4
1638,56,True,finite_mle,1,,-159.78543882,-158.709179927,2.15251778576,4
1639,56,True,finite_mle,1,,-163.515193447,-163.374748236,0.280890422302,4
1640,52,True,finite_mle,1,,-153.502891822,-153.417954425,0.169874794367,4
1641,72,True,finite_mle,1,,-188.761169685,-188.551669942,0.418999485217,4
1642,51,True,finite_mle,1,,-154.039336153,-151.96374582,4.15118066614,4
1643,57,True,finite_mle,1,,-164.108683829,-163.693907053,0.829553551022,4
1644,58,True,finite_mle,1,,-165.78886212,-163.913781895,3.75016044975,4
1645,64,True,finite_mle,1,,-170.681486824,-166.635015922,8.09294180464,4
1646,53,True,finite_mle,1,,-151.841055031,-151.830255927,0.021598206478,4
1647,53,True,finite_mle,1,,-156.478397559,-155.329395208,2.29800470182,4
1648,64,True,finite_mle,1,,-176.256054354,-175.649686729,1.21273525066,4
1649,46,True,finite_mle,1,,-135.925135563,-135.089437291,1.67139654508,4
1650,60,True,finite_mle,1,,-164.958212867,-162.920101035,4.07622366528,4
1651,51,True,finite_mle,1,,-148.590331196,-148.293671375,0.593319641683,4
1652,48,True,finite_mle,1,,-147.189590352,-144.297842951,5.7834948016,4
1653,59,True,finite_mle,1,,-168.997472934,-167.122755851,3.74943416575,4
1654,61,True,finite_mle,1,,-171.454692992,-170.134390523,2.64060493723,4
1655,58,True,finite_mle,1,,-160.282059867,-157.744816499,5.07448673642,4
1656,57,True,finite_mle,1,,-163.097387935,-161.526396488,3.14198289404,4
1657,65,True,finite_mle,1,,-173.722339401,-173.573674629,0.297329542556,4
1658,57,True,finite_mle,1,,-166.193539508,-165.440372507,1.50633400216,4
1659,66,True,finite_mle,1,,-177.165045698,-172.919144226,8.49180294389,4
1660,48,True,finite_mle,1,,-146.968071154,-145.945343037,2.04545623369,4
1661,55,True,finite_mle,1,,-162.091596658,-161.376297564,1.43059818682,4
1662,59,True,finite_mle,1,,-163.785737973,-161.524288078,4.52289978973,4
1663,58,True,finite_mle,1,,-163.210937618,-161.98820662,2.44546199754,4
1664,56,True,finite_mle,1,,-160.430673395,-159.867687856,1.12597107832,4
1665,71,True,finite_mle,1,,-186.706427348,-186.383637012,0.645580671731,4
1666,49,True,finite_mle,1,,-145.555738633,-145.241292381,0.628892505078,4
1667,57,True,finite_mle,1,,-163.70994244,-163.356689525,0.706505828502,4
1668,54,True,finite_mle,1,,-158.012021742,-157.684925376,0.654192732797,4
1669,60,True,finite_mle,1,,-168.911410221,-168.89090111,0.0410182220344,4
1670,53,True,finite_mle,1,,-152.50859162,-152.258065928,0.501051385319,4
1671,57,True,finite_mle,1,,-159.671221427,-157.726481982,3.88947888848,4
1672,50,True,finite_mle,1,,-148.98044609,-148.280006473,1.40087923533,4
1673,57,True,finite_mle,1,,-153.583430872,-153.213712231,0.739437282585,4
1674,57,True,finite_mle,1,,-163.039277635,-161.711975886,2.65460349897,4
1675,58,True,finite_mle,1,,-166.752231396,-166.143788845,1.21688510278,4
1676,51,True,finite_mle,1,,-148.142490311,-147.146403098,1.99217442564,4
1677,55,True,finite_mle,1,,-158.634915131,-156.848163371,3.57350351938,4
1678,50,True,finite_mle,1,,-146.375649201,-143.513507076,5.72428424978,4
1679,67,True,finite_mle,1,,-182.275289391,-182.001991774,0.546595234484,4
1680,65,True,finite_mle,1,,-177.783677546,-177.496540172,0.574274749179,4
1681,55,True,finite_mle,1,,-159.689061353,-159.653636719,0.070849267077,4
1682,54,True,finite_mle,1,,-157.699563851,-157.369370671,0.66038635991,4
1683,62,True,finite_mle,1,,-170.872554034,-169.491301662,2.76250474345,4
1684,51,True,finite_mle,1,,-153.529652187,-152.187418697,2.68446697838,4
1685,54,True,finite_mle,1,,-159.628679568,-159.586999046,0.0833610429316,4
1686,62,True,finite_mle,1,,-173.759351209,-173.400446222,0.717809973177,4
1687,50,True,finite_mle,1,,-152.178246635,-151.89029216,0.57590895009,4
1688,64,True,finite_mle,1,,-172.894991217,-171.967920858,1.85414071701,4
1689,65,True,finite_mle,1,,-181.212279234,-180.084314685,2.25592909709,4
1690,64,True,finite_mle,1,,-172.278664852,-171.609059988,1.33920972863,4
1691,58,True,finite_mle,1,,-163.60329912,-159.987120347,7.23235754594,4
1692,55,True,finite_mle,1,,-160.670450423,-160.059399289,1.22210226749,4
1693,58,True,finite_mle,1,,-158.966826692,-158.719152637,0.495348109385,4
1694,59,True,finite_mle,1,,-165.294774536,-165.071398279,0.446752514952,4
1695,62,True,finite_mle,1,,-173.062170318,-172.645345513,0.833649610924,4
1696,49,True,finite_mle,1,,-142.859787391,-142.054751151,1.61007247909,4
1697,68,True,finite_mle,1,,-180.843471804,-180.235913564,1.21511647926,4
1698,47,True,finite_mle,1,,-142.336725206,-142.221070103,0.231310206058,4
1699,60,True,finite_mle,1,,-170.228453894,-169.915751023,0.625405742135,4
1700,47,True,finite_mle,1,,-139.828547979,-136.429178881,6.79873819551,4
1701,75,True,finite_mle,1,,-189.34704013,-187.189731329,4.31461760166,4
1702,59,True,finite_mle,1,,-161.957332574,-161.846112359,0.222440430353,4
1703,61,True,finite_mle,1,,-164.6808959,-163.6376329,2.08652599964,4
1704,52,True,finite_mle,1,,-148.586781828,-147.060614337,3.05233498098,4
1705,60,True,finite_mle,1,,-170.703867055,-169.462351008,2.48303209281,4
1706,58,True,finite_mle,1,,-165.385115242,-164.349752092,2.0707262996,4
1707,51,True,finite_mle,1,,-148.820046516,-148.014755185,1.61058266206,4
1708,67,True,finite_mle,1,,-180.39925174,-178.293729639,4.21104420188,4
1709,61,True,finite_mle,1,,-165.33304125,-165.15586097,0.354360560557,4
1710,61,True,finite_mle,1,,-170.35970042,-169.811499264,1.09640231351,4
1711,59,True,finite_mle,1,,-160.537836887,-159.342412536,2.39084870327,4
1712,69,True,finite_mle,1,,-183.656443035,-183.464771231,0.383343609187,4
1713,53,True,finite_mle,1,,-158.367966819,-157.311889596,2.11215444574,4
1714,53,True,finite_mle,1,,-155.409636412,-154.735789569,1.34769368756,4
1715,57,True,finite_mle,1,,-165.052028742,-163.88920632,2.32564484271,4
1716,59,True,finite_mle,1,,-165.465266796,-164.792457095,1.34561940303,4
1717,60,True,finite_mle,1,,-167.775048937,-166.326404695,2.89728848479,4
1718,66,True,finite_mle,1,,-179.977566662,-178.127972403,3.6991885187,4
1719,68,True,finite_mle,1,,-176.354259714,-175.853416085,1.00168725792,4
1720,69,True,finite_mle,1,,-180.368271234,-178.326451487,4.08363949453,4
1721,55,True,finite_mle,1,,-161.469327832,-159.788844416,3.36096683161,4
1722,46,True,finite_mle,1,,-141.343706363,-140.673286767,1.34083919299,4
1723,59,True,finite_mle,1,,-165.744869831,-164.818073107,1.85359344814,4
1724,65,True,finite_mle,1,,-174.1673946,-171.63277683,5.06923554084,4
1725,52,True,finite_mle,1,,-152.419191152,-151.847650514,1.14308127572,4
1726,58,True,finite_mle,1,,-163.945727198,-162.647699922,2.59605455364,4
1727,66,True,finite_mle,1,,-181.073156502,-178.806662425,4.53298815396,4
1728,63,True,finite_mle,1,,-172.698992767,-171.495869613,2.4062463077,4
1729,53,True,finite_mle,1,,-153.390347304,-151.612415883,3.55586284237,4
1730,64,True,finite_mle,1,,-173.769253311,-173.338009947,0.862486728847,4
1731,50,True,finite_mle,1,,-148.151403461,-147.757047344,0.788712233834,4
1732,66,True,finite_mle,1,,-178.325713239,-178.068945312,0.513535854109,4
1733,57,True,finite_mle,1,,-159.260868845,-159.161544895,0.198647900604,4
1734,55,True,finite_mle,1,,-161.327737211,-160.720365498,1.2147434267,4
1735,58,True,finite_mle,1,,-167.829817299,-167.828465503,0.002703591672,4
1736,52,True,finite_mle,1,,-152.391489377,-150.240659817,4.30165911862,4
1737,57,True,finite_mle,1,,-162.988954232,-162.977297105,0.0233142540766,4
1738,67,True,finite_mle,1,,-180.335970684,-178.985605724,2.70072992136,4
1739,51,True,finite_mle,1,,-153.494643849,-153.48831897,0.0126497568704,4
1740,60,True,finite_mle,1,,-165.999014273,-165.728818483,0.540391580296,4
1741,65,True,finite_mle,1,,-179.833618265,-179.504255152,0.658726225099,4
1742,56,True,finite_mle,1,,-160.809487367,-157.893884342,5.83120605069,4
1743,65,True,finite_mle,1,,-174.993766279,-173.056194351,3.87514385672,4
1744,69,True,finite_mle,1,,-181.209831251,-180.646461473,1.1267395561,4
1745,59,True,finite_mle,1,,-168.479284897,-167.992624393,0.973321007779,4
1746,59,True,finite_mle,1,,-167.296320392,-165.824814237,2.94301231063,4
1747,64,True,finite_mle,1,,-172.881991452,-172.857134128,0.0497146482875,4
1748,63,True,finite_mle,1,,-173.146851836,-168.241475699,9.81075227415,4
1749,54,True,finite_mle,1,,-158.988456468,-156.749408469,4.47809599755,4
1750,56,True,finite_mle,1,,-162.272669442,-160.736651923,3.07203503777,4
1751,53,True,finite_mle,1,,-154.179627353,-150.136671324,8.08591205816,4
1752,50,True,finite_mle,1,,-149.084520223,-147.591425553,2.98618934082,4
1753,48,True,finite_mle,1,,-145.977510471,-145.231180925,1.49265909183,4
1754,70,True,finite_mle,1,,-184.838382096,-184.26915742,1.138449352,4
1755,53,True,finite_mle,1,,-154.239426768,-151.126361143,6.22613124982,4
1756,63,True,finite_mle,1,,-176.238951878,-175.950225617,0.577452521061,4
1757,69,True,finite_mle,1,,-185.308108053,-183.617722918,3.38077026939,4
1758,57,True,finite_mle,1,,-161.816711321,-160.734312437,2.16479776734,4
1759,64,True,finite_mle,1,,-173.323120413,-173.285510623,0.0752195798819,4
1760,62,True,finite_mle,1,,-172.61841506,-172.342504128,0.5518218627,4
1761,62,True,finite_mle,1,,-166.971322805,-166.429216425,1.08421276018,4
1762,65,True,finite_mle,1,,-169.232097833,-168.748683172,0.966829320746,4
1763,47,True,finite_mle,1,,-144.591793047,-140.307108046,8.5693700016,4
1764,72,True,finite_mle,1,,-188.69513666,-186.394542085,4.60118914992,4
1765,58,True,finite_mle,1,,-162.177513397,-161.026335864,2.30235506784,4
1766,56,True,finite_mle,1,,-159.299207876,-158.172341383,2.25373298616,4
1767,58,True,finite_mle,1,,-165.571420113,-165.116446551,0.909947125265,4
1768,52,True,finite_mle,1,,-150.636757963,-148.362729686,4.54805655435,4
1769,51,True,finite_mle,1,,-145.668551933,-145.185705777,0.965692312476,4
1770,56,True,finite_mle,1,,-158.703002169,-155.718576341,5.96885165594,4
1771,48,True,finite_mle,1,,-145.698880575,-145.5667592,0.264242749419,4
1772,60,True,finite_mle,1,,-167.706196898,-164.892712657,5.62696848193,4
1773,66,True,finite_mle,1,,-174.412627032,-173.786786777,1.25168050919,4
1774,54,True,finite_mle,1,,-156.721344026,-156.568859848,0.304968356078,4
1775,56,True,finite_mle,1,,-156.723354944,-155.822118397,1.80247309394,4
1776,62,True,finite_mle,1,,-171.205831842,-170.451206447,1.50925078968,4
1777,60,True,finite_mle,1,,-163.507360757,-163.086905366,0.840910782362,4
1778,63,True,finite_mle,1,,-170.2248479,-169.400679333,1.64833713457,4
1779,60,True,finite_mle,1,,-166.109639311,-165.64164366,0.935991302321,4
1780,66,True,finite_mle,1,,-180.925417255,-180.210165086,1.43050433925,4
1781,59,True,finite_mle,1,,-168.674011498,-167.196679703,2.95466359097,4
1782,60,True,finite_mle,1,,-167.850922433,-166.382271715,2.93730143436,4
1783,53,True,finite_mle,1,,-154.744942805,-154.647878663,0.194128284316,4
1784,59,True,finite_mle,1,,-167.472041404,-167.074088672,0.795905464567,4
1785,57,True,finite_mle,1,,-164.512091492,-162.487361092,4.04946080033,4
1786,52,True,finite_mle,1,,-148.514366505,-147.021762448,2.98520811415,4
1787,59,True,finite_mle,1,,-164.786192738,-162.856418618,3.85954823941,4
1788,52,True,finite_mle,1,,-155.979385633,-153.844220423,4.27033041992,4
1789,51,True,finite_mle,1,,-153.746643688,-150.747786298,5.99771477981,4
1790,51,True,finite_mle,1,,-149.451750229,-148.933257193,1.03698607134,4
1791,62,True,finite_mle,1,,-171.734461791,-171.384120355,0.700682872086,4
1792,68,True,finite_mle,1,,-183.128014582,-183.036296904,0.183435354521,4
1793,56,True,finite_mle,1,,-162.192245908,-161.774743856,0.835004104755,4
1794,62,True,finite_mle,1,,-169.766739176,-168.371804798,2.78986875515,4
1795,65,True,finite_mle,1,,-174.373881808,-173.971658109,0.804447398197,4
1796,62,True,finite_mle,1,,-171.480104605,-167.975028683,7.01015184289,4
1797,64,True,finite_mle,1,,-173.115066094,-167.972255468,10.2856212509,4
1798,60,True,finite_mle,1,,-167.860801458,-166.730342587,2.26091774172,4
1799,54,True,finite_mle,1,,-159.201983361,-158.554086319,1.29579408394,4
1800,54,True,finite_mle,1,,-158.480097843,-156.776476623,3.40724244001,4
1801,60,True,finite_mle,1,,-171.057574282,-170.540561608,1.03402534788,4
1802,60,True,finite_mle,1,,-167.259279251,-167.010729953,0.497098597147,4
1803,50,True,finite_mle,1,,-149.323274942,-149.252278588,0.141992707539,4
1804,53,True,finite_mle,1,,-153.861373856,-151.623879477,4.47498875629,4
1805,54,True,finite_mle,1,,-151.251628438,-150.02182722,2.45960243497,4
1806,54,True,finite_mle,1,,-154.364908129,-153.559717764,1.61038072977,4
1807,60,True,finite_mle,1,,-165.076688442,-164.780550741,0.592275401625,4
1808,49,True,finite_mle,1,,-144.264065142,-142.193759124,4.14061203512,4
1809,46,True,finite_mle,1,,-140.770590949,-140.285508099,0.970165700279,4
1810,48,True,finite_mle,1,,-145.648367769,-145.454422767,0.387890005402,4
1811,54,True,finite_mle,1,,-157.358463551,-157.308880969,0.0991651629409,4
1812,53,True,finite_mle,1,,-153.993649377,-153.484980437,1.01733788074,4
1813,51,True,finite_mle,1,,-152.755689373,-152.598977819,0.313423107479,4
1814,63,True,finite_mle,1,,-166.38062701,-164.495339943,3.77057413241,4
1815,62,True,finite_mle,1,,-174.258246343,-172.893879928,2.72873283116,4
1816,59,True,finite_mle,1,,-168.322155699,-164.853166186,6.93797902414,4
1817,51,True,finite_mle,1,,-149.674996825,-147.716303521,3.91738660878,4
1818,49,True,finite_mle,1,,-143.581139053,-143.317724616,0.526828875384,4
1819,72,True,finite_mle,1,,-182.802120371,-181.382531197,2.83917834893,4
1820,62,True,finite_mle,1,,-170.203453363,-168.221663114,3.96358049917,4
1821,47,True,finite_mle,1,,-141.99061098,-139.174662202,5.63189755528,4
1822,63,True,finite_mle,1,,-177.605193669,-174.450666659,6.30905402091,4
1823,51,True,finite_mle,1,,-148.266904243,-147.476072802,1.58166288205,4
1824,66,True,finite_mle,1,,-175.160536158,-174.811572563,0.69792719005,4
1825,47,True,finite_mle,1,,-143.325233266,-142.80475435,1.04095783056,4
1826,65,True,finite_mle,1,,-181.017450678,-180.390251079,1.25439919906,4
1827,66,True,finite_mle,1,,-180.482770891,-179.056497228,2.85254732759,4
1828,59,True,finite_mle,1,,-165.153908435,-164.762269367,0.783278135996,4
1829,56,True,finite_mle,1,,-160.979581416,-159.660094491,2.63897384967,4
1830,57,True,finite_mle,1,,-158.231343681,-157.610744725,1.24119791174,4
1831,59,True,finite_mle,1,,-167.050967508,-164.796598457,4.50873810222,4
1832,63,True,finite_mle,1,,-176.027835005,-172.559299639,6.93707073213,4
1833,60,True,finite_mle,1,,-170.014714746,-169.907084133,0.215261226623,4
1834,65,True,finite_mle,1,,-176.063267672,-175.126953436,1.8726284732,4
1835,51,True,finite_mle,1,,-150.810814709,-150.740326597,0.140976223793,4
1836,57,True,finite_mle,1,,-164.785459658,-164.386210816,0.798497685033,4
1837,62,True,finite_mle,1,,-172.973831548,-172.650341384,0.646980327639,4
1838,71,True,finite_mle,1,,-185.899219055,-183.789730377,4.21897735608,4
1839,62,True,finite_mle,1,,-170.783852405,-165.951968429,9.66376795105,4
1840,65,True,finite_mle,1,,-175.332513184,-174.508757741,1.64751088599,4
1841,63,True,finite_mle,1,,-169.754665783,-168.897746775,1.71383801604,4
1842,65,True,finite_mle,1,,-168.01457267,-167.898189953,0.232765434188,4
1843,53,True,finite_mle,1,,-156.897768977,-154.650979889,4.4935781771,4
1844,58,True,finite_mle,1,,-164.725203389,-162.962841649,3.52472348075,4
1845,56,True,finite_mle,1,,-162.859589893,-162.665533887,0.388112012005,4
1846,49,True,finite_mle,1,,-145.582867502,-145.028800782,1.10813344099,4
1847,48,True,finite_mle,1,,-142.780426809,-136.764036207,12.0327812033,4
1848,64,True,finite_mle,1,,-178.829714843,-178.703811105,0.251807476201,4
1849,63,True,finite_mle,1,,-174.645664809,-174.053428425,1.18447276778,4
1850,57,True,finite_mle,1,,-162.59432057,-162.499077779,0.190485580405,4
1851,63,True,finite_mle,1,,-171.628005604,-169.847968869,3.56007346843,4
1852,57,True,finite_mle,1,,-164.609589558,-162.786895447,3.64538822316,4
1853,51,True,finite_mle,1,,-148.457083305,-146.802757405,3.30865180025,4
1854,65,True,finite_mle,1,,-175.497477127,-175.162959202,0.669035848406,4
1855,64,True,finite_mle,1,,-170.925573062,-170.529647451,0.79185122362,4
1856,61,True,finite_mle,1,,-171.675404153,-169.933660589,3.48348712936,4
1857,68,True,finite_mle,1,,-181.596804803,-181.263229793,0.667150019222,4
1858,59,True,finite_mle,1,,-169.197421518,-168.067949979,2.2589430784,4
1859,56,True,finite_mle,1,,-157.560284655,-157.518324649,0.0839200113003,4
1860,71,True,finite_mle,1,,-189.081524559,-188.695048091,0.772952937583,4
1861,51,True,finite_mle,1,,-148.81322857,-148.795707236,0.0350426681543,4
1862,52,True,finite_mle,1,,-152.339941883,-151.986883597,0.70611657175,4
1863,57,True,finite_mle,1,,-161.09589848,-160.507861576,1.17607380899,4
1864,60,True,finite_mle,1,,-171.127329004,-167.587674071,7.0793098657,4
1865,56,True,finite_mle,1,,-160.689436251,-158.04538871,5.28809508185,4
1866,59,True,finite_mle,1,,-165.327560688,-162.520649981,5.61382141437,4
1867,55,True,finite_mle,1,,-159.442445236,-157.950860711,2.98316904959,4
1868,70,True,finite_mle,1,,-184.345050922,-182.685248413,3.31960501859,4
1869,57,True,finite_mle,1,,-162.278093124,-161.938790183,0.678605882409,4
1870,54,True,finite_mle,1,,-158.667207579,-157.930239015,1.47393712744,4
1871,55,True,finite_mle,1,,-160.709374505,-159.659965934,2.09881714343,4
1872,52,True,finite_mle,1,,-154.489314934,-153.813267357,1.35209515385,4
1873,53,True,finite_mle,1,,-155.84598641,-155.500355486,0.691261849614,4
1874,49,True,finite_mle,1,,-148.206700821,-147.754053321,0.905294999465,4
1875,55,True,finite_mle,1,,-158.22939885,-156.796694456,2.86540878716,4
1876,64,True,finite_mle,1,,-174.290114115,-173.709945711,1.16033680808,4
1877,59,True,finite_mle,1,,-166.31153774,-165.562078682,1.4989181161,4
1878,56,True,finite_mle,1,,-161.140248462,-160.706598071,0.867300781093,4
1879,58,True,finite_mle,1,,-164.666636662,-163.932138228,1.46899686853,4
1880,61,True,finite_mle,1,,-170.372365099,-169.537996378,1.66873744182,4
1881,58,True,finite_mle,1,,-163.641984118,-161.708332133,3.86730397059,4
1882,56,True,finite_mle,1,,-159.167090978,-158.675435276,0.983311405218,4
1883,55,True,finite_mle,1,,-148.949109611,-147.882797452,2.13262431698,4
1884,55,True,finite_mle,1,,-156.713140226,-154.142490704,5.1412990449,4
1885,64,True,finite_mle,1,,-174.652838176,-173.397048068,2.51158021622,4
1886,55,True,finite_mle,1,,-156.739806645,-156.547199584,0.385214123102,4
1887,50,True,finite_mle,1,,-148.016123246,-147.54341439,0.945417711554,4
1888,55,True,finite_mle,1,,-161.297906301,-161.20117587,0.193460862234,4
1889,58,True,finite_mle,1,,-163.162842141,-157.74975558,10.8261731211,4
1890,59,True,finite_mle,1,,-164.867318998,-164.815287611,0.104062773039,4
1891,53,True,finite_mle,1,,-155.403770914,-154.72890329,1.34973524868,4
1892,50,True,finite_mle,1,,-150.710476119,-148.823894981,3.77316227627,4
1893,56,True,finite_mle,1,,-164.245120607,-162.667675408,3.15489039767,4
1894,62,True,finite_mle,1,,-170.813586109,-170.729078009,0.169016198911,4
1895,64,True,finite_mle,1,,-172.022279104,-170.831052186,2.38245383468,4
1896,67,True,finite_mle,1,,-173.099072306,-172.498243802,1.20165700761,4
1897,59,True,finite_mle,1,,-165.389639337,-164.472123919,1.83503083593,4
1898,67,True,finite_mle,1,,-180.59528601,-179.327201704,2.53616861038,4
1899,55,True,finite_mle,1,,-158.599095036,-156.152947612,4.89229484765,4
1900,57,True,finite_mle,1,,-161.513675053,-160.804331023,1.41868805907,4
1901,55,True,finite_mle,1,,-153.400669527,-153.045695755,0.709947543426,4
1902,60,True,finite_mle,1,,-167.380275134,-166.793415537,1.1737191937,4
1903,49,True,finite_mle,1,,-144.661112456,-143.628338716,2.06554748023,4
1904,53,True,finite_mle,1,,-153.456573156,-152.646550223,1.62004586656,4
1905,59,True,finite_mle,1,,-162.367410001,-161.937183682,0.860452637478,4
1906,56,True,finite_mle,1,,-161.381363943,-158.195192925,6.37234203643,4
1907,39,True,finite_mle,1,,-125.058454626,-123.76458328,2.58774269147,4
1908,55,True,finite_mle,1,,-156.875925725,-156.199552089,1.35274727173,4
1909,55,True,finite_mle,1,,-156.184704515,-154.235626339,3.89815635028,4
1910,54,True,finite_mle,1,,-155.572910201,-154.896386849,1.3530467034,4
1911,73,True,finite_mle,1,,-191.013013885,-190.667478913,0.691069944236,4
1912,60,True,finite_mle,1,,-166.571267534,-166.543623285,0.0552884978863,4
1913,55,True,finite_mle,1,,-157.708236581,-156.212190777,2.99209160907,4
1914,59,True,finite_mle,1,,-169.511243179,-167.866909646,3.28866706493,4
1915,57,True,finite_mle,1,,-156.786100559,-156.657721441,0.256758235698,4
1916,56,True,finite_mle,1,,-159.426394042,-158.246158903,2.36047027963,4
1917,49,True,finite_mle,1,,-150.739074533,-150.351085354,0.7759783585,4
1918,62,True,finite_mle,1,,-172.892642434,-170.651060238,4.48316439176,4
1919,53,True,finite_mle,1,,-152.00208259,-151.436955719,1.13025374302,4
1920,48,True,finite_mle,1,,-145.652543038,-145.578735433,0.147615210073,4
1921,58,True,finite_mle,1,,-162.328533402,-162.265822482,0.125421841205,4
1922,60,True,finite_mle,1,,-172.324265481,-169.372008566,5.90451382901,4
1923,64,True,finite_mle,1,,-176.311680023,-174.500859754,3.62164053743,4
1924,61,True,finite_mle,1,,-165.304572026,-165.011311278,0.586521494894,4
1925,60,True,finite_mle,1,,-168.399550439,-167.244306548,2.31048778306,4
1926,60,True,finite_mle,1,,-168.692894482,-168.564685318,0.256418329073,4
1927,61,True,finite_mle,1,,-165.552794512,-165.225983158,0.653622708698,4
1928,45,True,finite_mle,1,,-139.456826806,-138.676471324,1.5607109639,4
1929,62,True,finite_mle,1,,-174.243081536,-172.320945364,3.84427234447,4
1930,59,True,finite_mle,1,,-169.381984445,-169.356384495,0.0511998995627,4
1931,70,True,finite_mle,1,,-186.372738436,-185.26494553,2.21558581223,4
1932,65,True,finite_mle,1,,-175.358614024,-174.739860075,1.23750789798,4
1933,54,True,finite_mle,1,,-157.505661236,-156.884021219,1.24328003458,4
1934,64,True,finite_mle,1,,-173.873963109,-172.80123631,2.1454535982,4
1935,61,True,finite_mle,1,,-169.283730951,-168.426700848,1.71406020627,4
1936,51,True,finite_mle,1,,-150.366851005,-149.09754009,2.53862183002,4
1937,59,True,finite_mle,1,,-166.326465599,-165.573185913,1.50655937121,4
1938,61,True,finite_mle,1,,-172.517059576,-172.395775655,0.242567842969,4
1939,63,True,finite_mle,1,,-171.391347601,-170.973844759,0.835005683096,4
1940,46,True,finite_mle,1,,-142.246576934,-141.914162476,0.664828916244,4
1941,51,True,finite_mle,1,,-151.33770747,-151.023886254,0.627642431671,4
1942,55,True,finite_mle,1,,-155.420247767,-154.542555702,1.75538412928,4
1943,58,True,finite_mle,1,,-165.008767135,-164.948362442,0.120809386544,4
1944,55,True,finite_mle,1,,-157.449583956,-156.675065794,1.54903632565,4
1945,50,True,finite_mle,1,,-151.158278789,-150.264603673,1.78735023147,4
1946,57,True,finite_mle,1,,-157.942616634,-157.776255406,0.332722455185,4
1947,52,True,finite_mle,1,,-149.323030392,-148.322759658,2.00054146822,4
1948,55,True,finite_mle,1,,-162.720023674,-162.558840423,0.322366502882,4
1949,50,True,finite_mle,1,,-151.475456058,-151.185839075,0.579233965626,4
1950,64,True,finite_mle,1,,-177.259360614,-175.431156741,3.65640774738,4
1951,53,True,finite_mle,1,,-156.268844246,-155.558194637,1.42129921796,4
1952,54,True,finite_mle,1,,-154.776493371,-152.734636279,4.08371418342,4
1953,52,True,finite_mle,1,,-152.264128097,-152.051003553,0.426249087258,4
1954,49,True,finite_mle,1,,-145.1410639,-145.064167986,0.153791828301,4
1955,65,True,finite_mle,1,,-176.967845281,-175.04307996,3.84953064289,4
1956,54,True,finite_mle,1,,-154.609698641,-154.556527759,0.106341764709,4
1957,56,True,finite_mle,1,,-160.29895509,-160.251835392,0.0942393964781,4
1958,69,True,finite_mle,1,,-186.207400881,-184.933884308,2.54703314517,4
1959,64,True,finite_mle,1,,-178.869905067,-178.395418818,0.948972497993,4
1960,54,True,finite_mle,1,,-160.082716863,-158.097131586,3.971170554,4
1961,62,True,finite_mle,1,,-166.680596948,-166.035501283,1.29019133099,4
1962,61,True,finite_mle,1,,-170.591229793,-169.589714889,2.00302980937,4
1963,70,True,finite_mle,1,,-185.501780399,-185.464731155,0.0740984894119,4
1964,59,True,finite_mle,1,,-166.432328018,-165.769781724,1.32509258727,4
1965,64,True,finite_mle,1,,-166.620339942,-166.471297574,0.298084736448,4
1966,60,True,finite_mle,1,,-170.048808925,-169.910036062,0.277545726037,4
1967,51,True,finite_mle,1,,-153.38497798,-152.409067804,1.95182035158,4
1968,51,True,finite_mle,1,,-150.84547982,-149.21021576,3.27052812019,4
1969,54,True,finite_mle,1,,-155.589688916,-154.821345208,1.53668741534,4
1970,57,True,finite_mle,1,,-163.590326127,-163.47741242,0.225827414363,4
1971,62,True,finite_mle,1,,-169.202474014,-168.059477865,2.28599229712,4
1972,62,True,finite_mle,1,,-171.419945555,-169.853668609,3.13255389119,4
1973,57,True,finite_mle,1,,-166.323395392,-166.239037098,0.168716586704,4
1974,62,True,finite_mle,1,,-169.375213662,-169.045818295,0.65879073299,4
1975,55,True,finite_mle,1,,-154.808207987,-154.698291474,0.219833026023,4
1976,59,True,finite_mle,1,,-164.095430206,-162.715994102,2.75887220955,4
1977,51,True,finite_mle,1,,-149.517940217,-149.151678375,0.732523683724,4
1978,54,True,finite_mle,1,,-157.557361909,-156.953046633,1.20863055244,4
1979,58,True,finite_mle,1,,-162.515762127,-160.361040246,4.30944376233,4
1980,58,True,finite_mle,1,,-166.032113688,-166.002260169,0.0597070386814,4
1981,66,True,finite_mle,1,,-179.894780801,-178.171270436,3.44702072994,4
1982,60,True,finite_mle,1,,-167.030857508,-166.884122396,0.29347022395,4
1983,63,True,finite_mle,1,,-170.977213529,-169.399840348,3.15474636302,4
1984,53,True,finite_mle,1,,-157.926339204,-157.068077906,1.71652259732,4
1985,71,True,finite_mle,1,,-189.04326057,-187.259914926,3.56669128618,4
1986,64,True,finite_mle,1,,-177.660678067,-176.75663597,1.80808419239,4
1987,57,True,finite_mle,1,,-161.203483263,-160.528564396,1.34983773477,4
1988,65,True,finite_mle,1,,-178.527969748,-177.092474218,2.87099106017,4
1989,47,True,finite_mle,1,,-144.147145618,-143.911503365,0.471284506494,4
1990,50,True,finite_mle,1,,-149.215139237,-148.901202635,0.627873204334,4
1991,67,True,finite_mle,1,,-181.473514435,-179.733844689,3.47933949176,4
1992,63,True,finite_mle,1,,-169.572398872,-169.474946836,0.194904072502,4
1993,51,True,finite_mle,1,,-150.916951142,-148.875153385,4.08359551355,4
1994,67,True,finite_mle,1,,-178.798682362,-178.177027689,1.24330934545,4
1995,50,True,finite_mle,1,,-148.68890642,-146.839804105,3.69820463159,4
1996,55,True,finite_mle,1,,-156.169343118,-155.711024892,0.916636452632,4
1997,61,True,finite_mle,1,,-167.628818473,-166.519005928,2.21962508829,4
1998,56,True,finite_mle,1,,-155.037915667,-153.501101422,3.07362848912,4
1999,58,True,finite_mle,1,,-162.908663532,-161.719547363,2.37823233795,4
2000,62,True,finite_mle,1,,-174.114488724,-173.666685874,0.895605701127,4
2001,50,True,finite_mle,1,,-151.030890919,-148.980908745,4.09996434904,4
2002,55,True,finite_mle,1,,-158.342019628,-156.946130176,2.79177890501,4
2003,66,True,finite_mle,1,,-177.890605044,-176.770340872,2.24052834452,4
2004,51,True,finite_mle,1,,-148.093370322,-145.634224539,4.91829156578,4
2005,63,True,finite_mle,1,,-175.030107569,-173.769709972,2.52079519419,4
2006,62,True,finite_mle,1,,-174.476278433,-174.387932363,0.176692139813,4
2007,57,True,finite_mle,1,,-156.425768731,-155.186660211,2.47821703945,4
2008,61,True,finite_mle,1,,-169.950981397,-168.980415421,1.94113195278,4
2009,56,True,finite_mle,1,,-162.482905409,-162.01283953,0.94013175958,4
2010,61,True,finite_mle,1,,-170.060638116,-169.156132115,1.80901200315,4
2011,57,True,finite_mle,1,,-165.334069671,-165.080291701,0.5075559393,4
2012,55,True,finite_mle,1,,-161.138184341,-160.674993104,0.9263824753,4
2013,54,True,finite_mle,1,,-157.23345972,-156.925408236,0.616102966836,4
2014,60,True,finite_mle,1,,-170.702568681,-168.629398906,4.14633955001,4
2015,55,True,finite_mle,1,,-160.367476383,-158.472406715,3.7901393351,4
2016,52,True,finite_mle,1,,-148.703520266,-144.812873097,7.781294337,4
2017,59,True,finite_mle,1,,-166.768441217,-164.39299838,4.75088567405,4
2018,58,True,finite_mle,1,,-166.646268281,-166.088839892,1.11485677757,4
2019,62,True,finite_mle,1,,-173.830096431,-171.706617684,4.24695749346,4
2020,51,True,finite_mle,1,,-150.310976956,-148.666127254,3.28969940485,4
2021,54,True,finite_mle,1,,-155.681647838,-155.205232163,0.952831348841,4
2022,59,True,finite_mle,1,,-163.329601671,-162.402241178,1.8547209863,4
2023,58,True,finite_mle,1,,-162.699873693,-161.631477781,2.13679182357,4
2024,50,True,finite_mle,1,,-151.033695178,-150.350612539,1.36616527806,4
2025,63,True,finite_mle,1,,-170.349884199,-168.50152061,3.69672717778,4
2026,69,True,finite_mle,1,,-180.637056904,-179.688929982,1.89625384433,4
2027,61,True,finite_mle,1,,-167.137891307,-166.297756894,1.68026882488,4
2028,63,True,finite_mle,1,,-173.072226143,-172.390661175,1.3631299361,4
2029,61,True,finite_mle,1,,-172.439778814,-172.221932982,0.435691662324,4
2030,63,True,finite_mle,1,,-176.101538622,-175.744098177,0.714880890434,4
2031,54,True,finite_mle,1,,-156.494171863,-152.92601055,7.13632262557,4
2032,66,True,finite_mle,1,,-178.445269105,-177.099418982,2.69170024633,4
2033,66,True,finite_mle,1,,-182.116652223,-181.499356247,1.23459195143,4
2034,74,True,finite_mle,1,,-189.452461642,-185.732878578,7.4391661296,4
2035,59,True,finite_mle,1,,-166.731167097,-164.661944438,4.13844531894,4
2036,69,True,finite_mle,1,,-184.954691203,-184.327520861,1.25434068426,4
2037,59,True,finite_mle,1,,-167.898475107,-166.232115554,3.33271910556,4
2038,55,True,finite_mle,1,,-160.971561386,-160.964063925,0.0149949208987,4
2039,60,True,finite_mle,1,,-164.074895641,-161.743188236,4.66341481004,4
2040,45,True,finite_mle,1,,-133.890257378,-133.517167105,0.746180547008,4
2041,56,True,finite_mle,1,,-161.555325024,-160.045409452,3.01983114368,4
2042,56,True,finite_mle,1,,-162.774327607,-162.411049167,0.726556879732,4
2043,61,True,finite_mle,1,,-169.832008051,-169.630038329,0.403939445002,4
2044,50,True,finite_mle,1,,-147.49226647,-147.090727387,0.803078167666,4
2045,54,True,finite_mle,1,,-154.999631671,-154.719925976,0.559411391363,4
2046,51,True,finite_mle,1,,-151.923171798,-151.86189943,0.122544734782,4
2047,43,True,finite_mle,1,,-135.309036632,-132.038057968,6.54195732785,4
2048,52,True,finite_mle,1,,-146.403339501,-144.088582816,4.62951337004,4
2049,63,True,finite_mle,1,,-173.15328378,-172.557327513,1.19191253341,4
2050,48,True,finite_mle,1,,-146.944606546,-146.036262764,1.81668756462,4
2051,56,True,finite_mle,1,,-161.243979917,-160.636445818,1.21506819871,4
2052,53,True,finite_mle,1,,-153.437217882,-152.474331592,1.92577258088,4
2053,58,True,finite_mle,1,,-164.139536142,-163.656720903,0.96563047868,4
2054,59,True,finite_mle,1,,-160.03502935,-158.328140324,3.4137780526,4
2055,51,True,finite_mle,1,,-151.482668039,-151.181944188,0.601447701232,4
2056,54,True,finite_mle,1,,-157.771568119,-155.508714648,4.52570694018,4
2057,53,True,finite_mle,1,,-157.837177792,-157.716543016,0.241269552189,4
2058,59,True,finite_mle,1,,-168.362376077,-167.023045976,2.67866020132,4
2059,50,True,finite_mle,1,,-151.021371095,-149.765442684,2.51185682142,4
2060,63,True,finite_mle,1,,-177.081046349,-175.442401229,3.27729024014,4
2061,59,True,finite_mle,1,,-158.762485996,-158.151886963,1.22119806555,4
2062,69,True,finite_mle,1,,-185.36297096,-182.448190832,5.82956025513,4
2063,53,True,finite_mle,1,,-154.732570811,-154.053728127,1.35768536941,4
2064,57,True,finite_mle,1,,-164.278355135,-163.753589257,1.04953175612,4
2065,57,True,finite_mle,1,,-165.003307888,-163.806316507,2.39398276132,4
2066,64,True,finite_mle,1,,-174.646876428,-174.433348121,0.427056613223,4
2067,59,True,finite_mle,1,,-162.856053208,-162.247012889,1.21808063756,4
2068,57,True,finite_mle,1,,-162.292902884,-161.521731755,1.54234225669,4
2069,52,True,finite_mle,1,,-155.068825372,-154.84668785,0.444275043027,4
2070,63,True,finite_mle,1,,-174.827368214,-173.462217944,2.73030053928,4
2071,70,True,finite_mle,1,,-183.686623088,-182.459819359,2.4536074588,4
2072,47,True,finite_mle,1,,-146.13203286,-142.557214588,7.14963654326,4
2073,53,True,finite_mle,1,,-153.467751313,-152.597525419,1.74045178714,4
2074,54,True,finite_mle,1,,-158.511849408,-156.088571359,4.84655609937,4
2075,49,True,finite_mle,1,,-146.322407792,-146.315878281,0.013059022014,4
2076,62,True,finite_mle,1,,-174.883953901,-174.424885962,0.918135877325,4
2077,49,True,finite_mle,1,,-146.901255776,-145.811478687,2.17955417726,4
2078,58,True,finite_mle,1,,-166.047889452,-165.370501692,1.35477552064,4
2079,54,True,finite_mle,1,,-158.320707935,-157.281911717,2.07759243687,4
2080,63,True,finite_mle,1,,-173.841066468,-173.678206303,0.325720330076,4
2081,60,True,finite_mle,1,,-169.939257211,-169.904170284,0.0701738548025,4
2082,65,True,finite_mle,1,,-177.332999761,-175.496331832,3.67333585713,4
2083,57,True,finite_mle,1,,-161.706696976,-161.023985621,1.36542271044,4
2084,57,True,finite_mle,1,,-161.508412354,-161.444959312,0.126906083331,4
2085,58,True,finite_mle,1,,-166.798453987,-165.013510198,3.5698875765,4
2086,64,True,finite_mle,1,,-173.308266274,-173.140312318,0.335907911718,4
2087,61,True,finite_mle,1,,-168.534232631,-168.445235028,0.177995204532,4
2088,51,True,finite_mle,1,,-149.241988069,-146.974682074,4.53461199003,4
2089,58,True,finite_mle,1,,-167.059231198,-165.586201831,2.94605873435,4
2090,50,True,finite_mle,1,,-150.085907499,-150.054381562,0.0630518750335,4
2091,57,True,finite_mle,1,,-160.014167756,-159.085088609,1.85815829468,4
2092,50,True,finite_mle,1,,-152.014670718,-151.520920399,0.987500638929,4
2093,62,True,finite_mle,1,,-170.663191215,-169.010433487,3.3055154568,4
2094,55,True,finite_mle,1,,-156.496775044,-155.814688847,1.3641723932,4
2095,63,True,finite_mle,1,,-173.121021684,-171.871061542,2.49992028427,4
2096,69,True,finite_mle,1,,-182.600196392,-181.725996064,1.74840065531,4
2097,58,True,finite_mle,1,,-160.200385584,-160.172729393,0.0553123811077,4
2098,46,True,finite_mle,1,,-137.512985528,-137.235266045,0.555438965738,4
2099,54,True,finite_mle,1,,-159.558716229,-159.267273503,0.582885450092,4
2100,58,True,finite_mle,1,,-162.458794218,-158.262262456,8.39306352279,4
2101,70,True,finite_mle,1,,-187.078945462,-186.851703247,0.454484430532,4
2102,56,True,finite_mle,1,,-163.757998224,-160.423207896,6.66958065604,4
2103,65,True,finite_mle,1,,-180.043588281,-178.725971181,2.63523420148,4
2104,56,True,finite_mle,1,,-160.050346451,-156.801233818,6.49822526624,4
2105,72,True,finite_mle,1,,-188.636327477,-188.008914365,1.25482622505,4
2106,54,True,finite_mle,1,,-154.120003392,-151.716051162,4.80790445868,4
2107,61,True,finite_mle,1,,-167.875913388,-167.743969602,0.263887573061,4
2108,52,True,finite_mle,1,,-151.726324758,-149.957115749,3.53841801836,4
2109,62,True,finite_mle,1,,-172.140720699,-170.779910767,2.72161986518,4
2110,42,True,finite_mle,1,,-133.48442517,-132.401802497,2.16524534607,4
2111,60,True,finite_mle,1,,-161.986683186,-161.770980601,0.431405169519,4
2112,59,True,finite_mle,1,,-162.591293046,-161.736847829,1.70889043387,4
2113,36,True,finite_mle,1,,-119.077158981,-118.937660644,0.278996674318,4
2114,44,True,finite_mle,1,,-137.363334284,-136.472793613,1.78108134157,4
2115,57,True,finite_mle,1,,-160.498607858,-158.233348509,4.53051869859,4
2116,52,True,finite_mle,1,,-148.620499229,-148.329524712,0.581949034827,4
2117,61,True,finite_mle,1,,-172.636422281,-171.814084145,1.64467627164,4
2118,65,True,finite_mle,1,,-174.655509766,-174.442226788,0.426565956909,4
2119,62,True,finite_mle,1,,-171.042232436,-171.036083404,0.0122980635925,4
2120,60,True,finite_mle,1,,-167.23427049,-167.191986819,0.0845673411446,4
2121,65,True,finite_mle,1,,-174.148252651,-172.260067844,3.77636961275,4
2122,58,True,finite_mle,1,,-160.404829548,-160.300849625,0.207959845969,4
2123,47,True,finite_mle,1,,-142.464340016,-142.224763815,0.479152403055,4
2124,67,True,finite_mle,1,,-181.455219507,-179.930937067,3.04856487905,4
2125,66,True,finite_mle,1,,-181.599706847,-181.512620317,0.17417306139,4
2126,52,True,finite_mle,1,,-150.386644569,-149.461700164,1.84988880899,4
2127,58,True,finite_mle,1,,-161.667852087,-161.480011751,0.375680671082,4
2128,65,True,finite_mle,1,,-175.197071719,-173.642098002,3.10994743417,4
2129,53,True,finite_mle,1,,-157.716199804,-156.524072739,2.38425412983,4
2130,66,True,finite_mle,1,,-177.011542926,-174.662816871,4.69745210978,4
2131,62,True,finite_mle,1,,-170.618743083,-169.196202416,2.84508133361,4
2132,58,True,finite_mle,1,,-166.365994317,-164.119518996,4.49295064152,4
2133,55,True,finite_mle,1,,-156.149461421,-155.950651151,0.397620540059,4
2134,50,True,finite_mle,1,,-147.660716623,-146.080709152,3.16001494085,4
2135,69,True,finite_mle,1,,-177.788606991,-177.75086212,0.0754897416588,4
2136,51,True,finite_mle,1,,-149.016672711,-146.173067728,5.68720996689,4
2137,59,True,finite_mle,1,,-168.668880833,-168.394606441,0.548548783515,4
2138,51,True,finite_mle,1,,-150.680286161,-148.842506994,3.67555833458,4
2139,64,True,finite_mle,1,,-176.10893195,-175.855900895,0.506062108969,4
2140,63,True,finite_mle,1,,-171.645690697,-171.195206018,0.90096935915,4
2141,58,True,finite_mle,1,,-159.913362647,-157.898325315,4.03007466284,4
2142,56,True,finite_mle,1,,-162.768964985,-161.981904798,1.57412037341,4
2143,54,True,finite_mle,1,,-154.997445876,-154.338006248,1.31887925635,4
2144,64,True,finite_mle,1,,-178.676154374,-178.648298076,0.055712594962,4
2145,65,True,finite_mle,1,,-176.742256002,-176.021400374,1.44171125529,4
2146,52,True,finite_mle,1,,-156.458358463,-155.983507254,0.949702419667,4
2147,60,True,finite_mle,1,,-171.195737291,-169.678251406,3.034971771,4
2148,63,True,finite_mle,1,,-171.250045442,-170.391897849,1.716295187,4
2149,58,True,finite_mle,1,,-165.281794658,-163.640237839,3.28311363791,4
2150,48,True,finite_mle,1,,-142.03068797,-141.029015928,2.0033440843,4
2151,53,True,finite_mle,1,,-152.186817448,-151.344228446,1.68517800246,4
2152,49,True,finite_mle,1,,-146.40128844,-145.32189861,2.15877966028,4
2153,55,True,finite_mle,1,,-160.084512247,-160.07417297,0.0206785553061,4
2154,58,True,finite_mle,1,,-162.139668227,-161.454428474,1.37047950673,4
2155,52,True,finite_mle,1,,-154.056146516,-152.607261716,2.89776960036,4
2156,63,True,finite_mle,1,,-175.87562151,-174.289656363,3.17193029301,4
2157,54,True,finite_mle,1,,-156.170376517,-155.679792501,0.981168031955,4
2158,53,True,finite_mle,1,,-154.506703105,-152.783420483,3.44656524351,4
2159,57,True,finite_mle,1,,-164.26728203,-161.78184405,4.97087596056,4
2160,57,True,finite_mle,1,,-164.418472161,-164.176173059,0.484598205987,4
2161,56,True,finite_mle,1,,-164.579400908,-164.048303446,1.06219492433,4
2162,60,True,finite_mle,1,,-171.450704251,-171.357097338,0.18721382615,4
2163,70,True,finite_mle,1,,-185.944116245,-181.597473565,8.6932853599,4
2164,60,True,finite_mle,1,,-165.678622228,-164.227114984,2.90301448816,4
2165,61,True,finite_mle,1,,-171.938905896,-167.2571623,9.36348719193,4
2166,69,True,finite_mle,1,,-177.799115246,-177.603588423,0.39105364558,4
2167,46,True,finite_mle,1,,-137.967800504,-137.70445161,0.526697787631,4
2168,69,True,finite_mle,1,,-180.717203957,-178.857231801,3.71994431055,4
2169,49,True,finite_mle,1,,-144.42897467,-143.351691588,2.15456616401,4
2170,53,True,finite_mle,1,,-158.697864589,-156.680692507,4.03434416412,4
2171,67,True,finite_mle,1,,-175.120534669,-175.031611945,0.177845448147,4
2172,65,True,finite_mle,1,,-180.137579763,-178.843841902,2.58747572098,4
2173,58,True,finite_mle,1,,-161.099754397,-159.188047828,3.82341313807,4
2174,57,True,finite_mle,1,,-159.214127418,-156.963941428,4.50037198036,4
2175,61,True,finite_mle,1,,-172.991959636,-171.541146367,2.9016265384,4
2176,55,True,finite_mle,1,,-155.525508524,-155.393044962,0.264927124376,4
2177,58,True,finite_mle,1,,-160.179086761,-158.853712727,2.65074806802,4
2178,66,True,finite_mle,1,,-178.488935135,-175.986985369,5.00389953168,4
2179,64,True,finite_mle,1,,-175.876697186,-173.778312913,4.19676854614,4
2180,58,True,finite_mle,1,,-165.252297459,-164.719897843,1.06479923209,4
2181,56,True,finite_mle,1,,-158.592168634,-155.102376397,6.97958447322,4
2182,59,True,finite_mle,1,,-166.571854221,-166.556953884,0.0298006736857,4
2183,65,True,finite_mle,1,,-179.60702857,-179.146654282,0.920748575631,4
2184,57,True,finite_mle,1,,-160.12298451,-160.09133064,0.0633077402259,4
2185,57,True,finite_mle,1,,-164.888251763,-164.442435286,0.891632952888,4
2186,54,True,finite_mle,1,,-154.990569641,-153.640429469,2.70028034295,4
2187,59,True,finite_mle,1,,-167.162024656,-166.948591025,0.426867261805,4
2188,58,True,finite_mle,1,,-167.05400928,-166.925687957,0.256642645651,4
2189,50,True,finite_mle,1,,-148.362272684,-145.2709282,6.18268896858,4
2190,48,True,finite_mle,1,,-144.566000876,-144.285248966,0.561503821254,4
2191,49,True,finite_mle,1,,-141.781863431,-141.709097802,0.145531259053,4
2192,63,True,finite_mle,1,,-175.001148614,-174.974078495,0.0541402384608,4
2193,62,True,finite_mle,1,,-173.697817858,-173.209038236,0.977559244791,4
2194,64,True,finite_mle,1,,-177.542545139,-177.495170454,0.0947493711899,4
2195,44,True,finite_mle,1,,-133.98088887,-133.656093214,0.649591312759,4
2196,57,True,finite_mle,1,,-160.57876094,-158.242788073,4.67194573551,4
2197,61,True,finite_mle,1,,-172.942775304,-171.946381287,1.99278803474,4
2198,57,True,finite_mle,1,,-161.315737215,-160.120109828,2.3912547742,4
2199,51,True,finite_mle,1,,-150.283079084,-150.125270811,0.315616545887,4
2200,51,True,finite_mle,1,,-150.205154419,-147.735630542,4.93904775368,4
2201,61,True,finite_mle,1,,-172.03605119,-171.372208886,1.32768460846,4
2202,62,True,finite_mle,1,,-172.889494496,-171.774712741,2.22956350972,4
2203,75,True,finite_mle,1,,-196.606679901,-195.922358198,1.36864340621,4
2204,67,True,finite_mle,1,,-177.986281549,-177.667330851,0.637901396255,4
2205,50,True,finite_mle,1,,-150.75000278,-150.667438963,0.165127633873,4
2206,56,True,finite_mle,1,,-161.849876451,-160.665771715,2.36820947122,4
2207,54,True,finite_mle,1,,-156.584461811,-156.524135752,0.120652119025,4
2208,58,True,finite_mle,1,,-164.688523337,-163.732246974,1.91255272596,4
2209,49,True,finite_mle,1,,-147.496557335,-145.340295716,4.3125232361,4
2210,57,True,finite_mle,1,,-159.997871983,-159.133883068,1.72797783008,4
2211,63,True,finite_mle,1,,-170.83249724,-169.979572681,1.70584911945,4
2212,63,True,finite_mle,1,,-172.844963588,-172.767230868,0.155465438599,4
2213,52,True,finite_mle,1,,-155.618220729,-155.007200398,1.22204066193,4
2214,70,True,finite_mle,1,,-182.112645993,-182.092808051,0.0396758856728,4
2215,58,True,finite_mle,1,,-163.816367036,-163.597925058,0.43688395563,4
2216,66,True,finite_mle,1,,-175.256372488,-173.664900793,3.18294338961,4
2217,59,True,finite_mle,1,,-163.826228843,-161.055598649,5.54126038809,4
2218,56,True,finite_mle,1,,-161.720101025,-161.246677136,0.946847777246,4
2219,63,True,finite_mle,1,,-173.571381963,-173.264560339,0.613643248554,4
2220,63,True,finite_mle,1,,-170.582327876,-170.207335057,0.749985638235,4
2221,64,True,finite_mle,1,,-176.138621582,-174.102176402,4.07289036054,4
2222,53,True,finite_mle,1,,-154.091048906,-150.926156214,6.32978538237,4
2223,45,True,finite_mle,1,,-139.716088681,-135.95485945,7.52245846202,4
2224,59,True,finite_mle,1,,-167.874425736,-167.081955245,1.58494098071,4
2225,57,True,finite_mle,1,,-160.547283987,-158.875620879,3.34332621633,4
2226,70,True,finite_mle,1,,-186.058090453,-185.891599396,0.332982113773,4
2227,57,True,finite_mle,1,,-165.407000917,-165.219121456,0.375758921994,4
2228,56,True,finite_mle,1,,-158.409016527,-158.187530498,0.442972058454,4
2229,59,True,finite_mle,1,,-164.689269109,-164.675075932,0.0283863541785,4
2230,53,True,finite_mle,1,,-155.83098636,-154.889180352,1.8836120169,4
2231,57,True,finite_mle,1,,-162.852989777,-162.386951349,0.932076854804,4
2232,50,True,finite_mle,1,,-148.397315283,-147.132710674,2.52920921724,4
2233,60,True,finite_mle,1,,-167.547382474,-166.618619143,1.85752666121,4
2234,48,True,finite_mle,1,,-134.760257607,-133.464874936,2.59076534186,4
2235,49,True,finite_mle,1,,-148.212325899,-147.900368767,0.623914264728,4
2236,54,True,finite_mle,1,,-159.135870019,-158.774331539,0.723076959819,4
2237,54,True,finite_mle,1,,-156.67623071,-155.944688708,1.46308400361,4
2238,54,True,finite_mle,1,,-151.854311833,-148.440225935,6.82817179574,4
2239,57,True,finite_mle,1,,-165.26894952,-165.14366276,0.25057351907,4
2240,58,True,finite_mle,1,,-162.566743175,-161.796800218,1.53988591412,4
2241,61,True,finite_mle,1,,-172.228127192,-171.595110486,1.26603341195,4
2242,55,True,finite_mle,1,,-150.716404833,-150.004021087,1.42476749292,4
2243,60,True,finite_mle,1,,-169.361558449,-169.030482612,0.662151673354,4
2244,51,True,finite_mle,1,,-152.253036726,-151.04618502,2.41370341118,4
2245,54,True,finite_mle,1,,-160.142455158,-155.903175852,8.47855861266,4
2246,63,True,finite_mle,1,,-176.141715634,-175.845753118,0.591925032278,4
2247,49,True,finite_mle,1,,-146.573046357,-145.677715093,1.79066252835,4
2248,63,True,finite_mle,1,,-176.02091749,-175.855968579,0.329897822556,4
2249,51,True,finite_mle,1,,-153.296585648,-153.154420334,0.284330627613,4
2250,55,True,finite_mle,1,,-153.404853512,-153.383790165,0.0421266927444,4
2251,57,True,finite_mle,1,,-165.19415267,-163.759387591,2.86953015822,4
2252,67,True,finite_mle,1,,-180.798752854,-179.616688102,2.36412950364,4
2253,71,True,finite_mle,1,,-186.279246871,-185.454491519,1.64951070456,4
2254,67,True,finite_mle,1,,-177.789429361,-176.870622593,1.837613537,4
2255,61,True,finite_mle,1,,-167.598631455,-165.561231814,4.07479928177,4
2256,52,True,finite_mle,1,,-154.064046611,-152.895462902,2.33716741862,4
2257,59,True,finite_mle,1,,-165.653662879,-164.934222214,1.4388813303,4
2258,63,True,finite_mle,1,,-168.838241042,-167.507095843,2.66229039717,4
2259,63,True,finite_mle,1,,-165.984382772,-164.896110474,2.17654459522,4
2260,55,True,finite_mle,1,,-156.757047731,-156.586853241,0.340388979656,4
2261,49,True,finite_mle,1,,-149.226417959,-147.717898367,3.01703918493,4
2262,54,True,finite_mle,1,,-154.836885358,-153.981238213,1.71129429147,4
2263,69,True,finite_mle,1,,-184.320263103,-183.950860247,0.738805712991,4
2264,45,True,finite_mle,1,,-138.884083037,-138.709336039,0.34949399477,4
2265,53,True,finite_mle,1,,-155.459747872,-154.30592991,2.3076359245,4
2266,52,True,finite_mle,1,,-154.852093336,-154.714514208,0.275158256173,4
2267,49,True,finite_mle,1,,-146.261967039,-144.901020604,2.72189287036,4
2268,54,True,finite_mle,1,,-155.352538603,-154.823967473,1.05714225966,4
2269,51,True,finite_mle,1,,-148.249586505,-148.066814817,0.365543375767,4
2270,61,True,finite_mle,1,,-165.350212958,-164.973986776,0.752452365046,4
2271,56,True,finite_mle,1,,-159.233254107,-158.979536437,0.50743534057,4
2272,60,True,finite_mle,1,,-169.5424802,-169.517064827,0.0508307458257,4
2273,49,True,finite_mle,1,,-149.267127513,-148.431594162,1.6710667022,4
2274,55,True,finite_mle,1,,-159.069369666,-156.799322982,4.54009336892,4
2275,41,True,finite_mle,1,,-131.508157255,-130.703909586,1.60849533754,4
2276,57,True,finite_mle,1,,-164.107252419,-162.179289153,3.85592653305,4
2277,65,True,finite_mle,1,,-179.892795587,-179.684710219,0.416170735914,4
2278,57,True,finite_mle,1,,-163.388008742,-162.214139272,2.34773894069,4
2279,52,True,finite_mle,1,,-150.683197149,-149.760032027,1.84633024403,4
2280,57,True,finite_mle,1,,-165.515678238,-165.426659408,0.178037658591,4
2281,56,True,finite_mle,1,,-162.809286293,-162.347069997,0.924432591052,4
2282,58,True,finite_mle,1,,-166.202382825,-165.058014014,2.2887376206,4
2283,61,True,finite_mle,1,,-171.498115685,-171.122231005,0.75176936093,4
2284,60,True,finite_mle,1,,-170.238007483,-169.884984138,0.706046690823,4
2285,65,True,finite_mle,1,,-175.13401701,-173.046112814,4.17580839197,4
2286,58,True,finite_mle,1,,-163.358246303,-163.051846537,0.612799533412,4
2287,59,True,finite_mle,1,,-166.993399307,-166.39683584,1.19312693438,4
2288,65,True,finite_mle,1,,-180.628441544,-179.591280209,2.07432267067,4
2289,65,True,finite_mle,1,,-173.772522777,-171.071997278,5.40105099725,4
2290,44,True,finite_mle,1,,-133.629860293,-132.828297276,1.60312603339,4
2291,59,True,finite_mle,1,,-164.061770896,-163.378385657,1.36677047738,4
2292,54,True,finite_mle,1,,-154.224318343,-152.630279271,3.18807814403,4
2293,50,True,finite_mle,1,,-147.079070458,-146.599586746,0.958967424138,4
2294,62,True,finite_mle,1,,-172.713634889,-171.881099139,1.66507150022,4
2295,64,True,finite_mle,1,,-173.585474896,-172.357103799,2.45674219353,4
2296,64,True,finite_mle,1,,-176.287463606,-174.951606229,2.67171475355,4
2297,54,True,finite_mle,1,,-159.0352487,-157.800458446,2.46958050869,4
2298,61,True,finite_mle,1,,-173.856260012,-173.257738869,1.19704228483,4
2299,59,True,finite_mle,1,,-165.56472125,-162.770709879,5.58802274171,4
2300,52,True,finite_mle,1,,-149.846598388,-149.314256021,1.06468473493,4
2301,55,True,finite_mle,1,,-161.37622448,-161.345254213,0.0619405355284,4
2302,56,True,finite_mle,1,,-160.362270273,-159.431641848,1.86125685191,4
2303,65,True,finite_mle,1,,-180.630531961,-180.521926492,0.217210936907,4
2304,57,True,finite_mle,1,,-164.852873939,-164.740560915,0.224626046996,4
2305,47,True,finite_mle,1,,-143.650693466,-142.918786716,1.46381350067,4
2306,52,True,finite_mle,1,,-151.919655889,-151.388477481,1.06235681635,4
2307,56,True,finite_mle,1,,-154.272515719,-153.552374002,1.44028343555,4
2308,61,True,finite_mle,1,,-167.880364286,-167.714423055,0.331882463342,4
2309,64,True,finite_mle,1,,-176.435876736,-174.324685461,4.22238255098,4
2310,62,True,finite_mle,1,,-168.732411853,-168.147955701,1.16891230429,4
2311,60,True,finite_mle,1,,-170.323476267,-170.139181615,0.368589305043,4
2312,68,True,finite_mle,1,,-181.276892286,-181.12271609,0.308352393831,4
2313,50,True,finite_mle,1,,-147.935244554,-147.475227298,0.920034512541,4
2314,57,True,finite_mle,1,,-163.488675465,-162.831481165,1.31438860133,4
2315,48,True,finite_mle,1,,-140.934361262,-136.164394038,9.53993444653,4
2316,62,True,finite_mle,1,,-168.225845046,-167.241592895,1.96850430219,4
2317,64,True,finite_mle,1,,-175.192112266,-174.966083507,0.452057518113,4
2318,53,True,finite_mle,1,,-153.287294589,-152.982545356,0.609498465253,4
2319,52,True,finite_mle,1,,-153.303632167,-153.096285428,0.414693476657,4
2320,65,True,finite_mle,1,,-180.913798723,-180.668978747,0.489639951379,4
2321,60,True,finite_mle,1,,-165.145237368,-165.110417388,0.0696399597772,4
2322,63,True,finite_mle,1,,-169.704299171,-169.528304245,0.351989852302,4
2323,47,True,finite_mle,1,,-141.949322815,-141.693056342,0.512532947052,4
2324,59,True,finite_mle,1,,-167.894622544,-167.704769638,0.379705812114,4
2325,62,True,finite_mle,1,,-172.891516084,-172.773786385,0.235459398596,4
2326,68,True,finite_mle,1,,-181.49498725,-181.345304099,0.299366302911,4
2327,44,True,finite_mle,1,,-138.029936424,-137.959270123,0.141332602151,4
2328,73,True,finite_mle,1,,-188.612553923,-188.586091083,0.0529256816901,4
2329,59,True,finite_mle,1,,-168.733581989,-168.39912966,0.66890465942,4
2330,53,True,finite_mle,1,,-153.442321397,-150.97056459,4.94351361412,4
2331,50,True,finite_mle,1,,-147.602591777,-147.448281722,0.308620110074,4
2332,72,True,finite_mle,1,,-190.884891625,-189.862888528,2.04400619354,4
2333,58,True,finite_mle,1,,-162.438624787,-161.454080301,1.96908897151,4
2334,45,True,finite_mle,1,,-140.93334026,-138.663629041,4.5394224393,4
2335,51,True,finite_mle,1,,-151.9682058,-151.083706741,1.76899811699,4
2336,60,True,finite_mle,1,,-166.575882393,-161.895299745,9.36116529499,4
2337,61,True,finite_mle,1,,-171.408548799,-170.743359653,1.33037829071,4
2338,63,True,finite_mle,1,,-175.272978133,-175.09226999,0.361416285626,4
2339,49,True,finite_mle,1,,-149.014552966,-149.008501988,0.0121019560693,4
2340,71,True,finite_mle,1,,-182.193913947,-181.216004031,1.95581983027,4
2341,51,True,finite_mle,1,,-151.291275354,-149.154422097,4.27370651448,4
2342,63,True,finite_mle,1,,-176.688304499,-175.217028407,2.94255218345,4
2343,60,True,finite_mle,1,,-169.182966502,-169.170984637,0.0239637310829,4
2344,66,True,finite_mle,1,,-178.125624581,-176.807164233,2.63692069465,4
2345,69,True,finite_mle,1,,-185.27020426,-183.075181509,4.39004550327,4
2346,60,True,finite_mle,1,,-169.514073106,-168.807561334,1.41302354472,4
2347,53,True,finite_mle,1,,-156.447600381,-154.905946543,3.08330767588,4
2348,57,True,finite_mle,1,,-159.379766124,-157.272547783,4.21443668378,4
2349,54,True,finite_mle,1,,-154.416294483,-153.968773019,0.895042927918,4
2350,66,True,finite_mle,1,,-179.460488186,-178.662860763,1.59525484645,4
2351,61,True,finite_mle,1,,-172.819673201,-170.968430008,3.70248638487,4
2352,56,True,finite_mle,1,,-155.745965639,-155.661683724,0.168563829394,4
2353,63,True,finite_mle,1,,-175.919242601,-175.032266907,1.77395138975,4
2354,59,True,finite_mle,1,,-165.234769413,-162.635806344,5.19792613652,4
2355,60,True,finite_mle,1,,-165.349664186,-164.560911369,1.57750563456,4
2356,57,True,finite_mle,1,,-159.758511844,-157.946476212,3.62407126416,4
2357,68,True,finite_mle,1,,-183.650562574,-183.049672759,1.20177963113,4
2358,60,True,finite_mle,1,,-168.091065567,-163.467391271,9.24734859104,4
2359,57,True,finite_mle,1,,-158.817113464,-158.719489454,0.195248019477,4
2360,51,True,finite_mle,1,,-148.685254605,-148.221530074,0.927449061636,4
2361,42,True,finite_mle,1,,-134.693064197,-133.218056756,2.95001488251,4
2362,55,True,finite_mle,1,,-159.191109585,-158.543163042,1.29589308672,4
2363,63,True,finite_mle,1,,-174.774423167,-173.976976354,1.59489362405,4
2364,57,True,finite_mle,1,,-162.554660334,-161.907591616,1.29413743691,4
2365,68,True,finite_mle,1,,-181.670714558,-179.45526055,4.43090801609,4
2366,62,True,finite_mle,1,,-171.932400693,-171.799482904,0.265835577871,4
2367,65,True,finite_mle,1,,-176.30556798,-175.012291528,2.58655290367,4
2368,57,True,finite_mle,1,,-157.351650195,-156.595263442,1.51277350494,4
2369,56,True,finite_mle,1,,-161.907291194,-161.329268456,1.15604547549,4
2370,53,True,finite_mle,1,,-153.09111772,-151.418381297,3.34547284524,4
2371,56,True,finite_mle,1,,-163.861719921,-162.484550872,2.75433809622,4
2372,63,True,finite_mle,1,,-173.270904012,-172.655283559,1.23124090539,4
2373,52,True,finite_mle,1,,-154.291124621,-153.119294533,2.343660176,4
2374,65,True,finite_mle,1,,-176.660252637,-174.011139661,5.29822595276,4
2375,54,True,finite_mle,1,,-149.2447067,-148.491612801,1.50618779821,4
2376,59,True,finite_mle,1,,-167.284845903,-166.734219651,1.10125250293,4
2377,51,True,finite_mle,1,,-148.351799316,-147.899666616,0.904265400237,4
2378,58,True,finite_mle,1,,-164.349720121,-162.754069652,3.19130093828,4
2379,44,True,finite_mle,1,,-136.454000498,-135.963130982,0.981739031818,4
2380,66,True,finite_mle,1,,-176.284329144,-173.256603954,6.05545038051,4
2381,43,True,finite_mle,1,,-128.458446029,-126.281937462,4.35301713475,4
2382,55,True,finite_mle,1,,-160.653466124,-160.068412393,1.1701074611,4
2383,63,True,finite_mle,1,,-175.065780771,-174.900344475,0.330872591207,4
2384,62,True,finite_mle,1,,-169.378834788,-169.039205374,0.679258827447,4
2385,64,True,finite_mle,1,,-176.388619098,-175.03705286,2.70313247605,4
2386,56,True,finite_mle,1,,-160.240218189,-158.748030112,2.98437615372,4
2387,59,True,finite_mle,1,,-164.023024636,-163.755572282,0.534904707607,4
2388,59,True,finite_mle,1,,-162.487411377,-162.046330649,0.882161456305,4
2389,61,True,finite_mle,1,,-169.973308132,-169.640735201,0.665145861891,4
2390,64,True,finite_mle,1,,-177.316274163,-176.108441779,2.41566476713,4
2391,54,True,finite_mle,1,,-157.387670029,-155.792993783,3.18935249134,4
2392,48,True,finite_mle,1,,-145.01820244,-144.915903843,0.204597195074,4
2393,73,True,finite_mle,1,,-190.19688067,-188.852088248,2.68958484391,4
2394,53,True,finite_mle,1,,-154.192908577,-153.602778298,1.18026055812,4
2395,57,True,finite_mle,1,,-165.528899247,-165.381265414,0.29526766525,4
2396,60,True,finite_mle,1,,-165.152323162,-165.024485495,0.255675334251,4
2397,53,True,finite_mle,1,,-153.79024489,-153.77200423,0.0364813182365,4
2398,56,True,finite_mle,1,,-161.694975326,-161.527633581,0.334683490203,4
2399,46,True,finite_mle,1,,-143.226283701,-142.915104642,0.622358117702,4
2400,54,True,finite_mle,1,,-158.670918957,-158.399342145,0.543153624907,4
2401,64,True,finite_mle,1,,-178.46846074,-178.396846419,0.143228643351,4
2402,56,True,finite_mle,1,,-160.520447417,-159.345916291,2.34906225236,4
2403,52,True,finite_mle,1,,-155.890736964,-155.267645761,1.24618240548,4
2404,63,True,finite_mle,1,,-173.337897948,-172.511249031,1.6532978347,4
2405,78,True,finite_mle,1,,-200.222408908,-200.043727656,0.357362502511,4
2406,63,True,finite_mle,1,,-173.625104964,-172.67242425,1.90536142889,4
2407,62,True,finite_mle,1,,-174.058264303,-173.086832615,1.94286337601,4
2408,59,True,finite_mle,1,,-165.169776723,-162.605726303,5.12810084028,4
2409,55,True,finite_mle,1,,-159.764256921,-158.819757914,1.88899801479,4
2410,59,True,finite_mle,1,,-166.693832019,-165.389154856,2.60935432648,4
2411,66,True,finite_mle,1,,-179.357324622,-175.294450441,8.12574836192,4
2412,63,True,finite_mle,1,,-173.955840466,-173.780798747,0.350083437367,4
2413,56,True,finite_mle,1,,-160.938992696,-160.204003631,1.46997813129,4
2414,65,True,finite_mle,1,,-175.461039965,-174.989514812,0.943050305051,4
2415,48,True,finite_mle,1,,-145.186514082,-143.509327666,3.35437283243,4
2416,49,True,finite_mle,1,,-146.797923739,-144.903531323,3.78878483174,4
2417,67,True,finite_mle,1,,-182.972055385,-182.16313416,1.61784245186,4
2418,53,True,finite_mle,1,,-156.707701363,-156.541454628,0.332493469054,4
2419,59,True,finite_mle,1,,-166.937635906,-166.33278341,1.20970499017,4
2420,61,True,finite_mle,1,,-169.750170486,-169.116123191,1.26809458939,4
2421,64,True,finite_mle,1,,-173.539865586,-173.378578389,0.32257439348,4
2422,57,True,finite_mle,1,,-163.022974417,-162.873433401,0.299082031755,4
2423,46,True,finite_mle,1,,-141.811360543,-141.376571444,0.869578197274,4
2424,52,True,finite_mle,1,,-156.550047667,-155.478261869,2.14357159586,4
2425,56,True,finite_mle,1,,-160.883099205,-156.161587687,9.44302303447,4
2426,57,True,finite_mle,1,,-161.942537933,-161.486788515,0.911498836485,4
2427,67,True,finite_mle,1,,-182.253613045,-180.420647481,3.66593112638,4
2428,64,True,finite_mle,1,,-174.871618752,-172.546220451,4.65079660264,4
2429,59,True,finite_mle,1,,-165.493770143,-165.43363825,0.120263785837,4
2430,56,True,finite_mle,1,,-160.839681341,-160.818377016,0.042608649978,4
2431,65,True,finite_mle,1,,-176.148562458,-174.080698034,4.13572884766,4
2432,59,True,finite_mle,1,,-162.762757844,-161.478390919,2.56873385137,4
2433,53,True,finite_mle,1,,-157.393383758,-155.196452462,4.39386259239,4
2434,63,True,finite_mle,1,,-172.160798238,-172.00884208,0.303912314615,4
2435,53,True,finite_mle,1,,-155.104185629,-153.535293142,3.13778497369,4
2436,58,True,finite_mle,1,,-167.119753269,-165.056831846,4.12584284538,4
2437,56,True,finite_mle,1,,-162.725920365,-162.68759788,0.0766449693377,4
2438,52,True,finite_mle,1,,-153.506508944,-153.332815955,0.347385977728,4
2439,75,True,finite_mle,1,,-196.34142978,-194.089748122,4.50336331615,4
2440,63,True,finite_mle,1,,-174.213066729,-173.36129329,1.7035468777,4
2441,53,True,finite_mle,1,,-148.242642354,-148.20603301,0.07321868729,4
2442,53,True,finite_mle,1,,-157.137632528,-156.979979769,0.315305518013,4
2443,68,True,finite_mle,1,,-181.218041182,-181.173235731,0.0896109024636,4
2444,62,True,finite_mle,1,,-167.873219648,-167.468267166,0.809904964198,4
2445,63,True,finite_mle,1,,-174.73746873,-174.328081833,0.818773793854,4
2446,51,True,finite_mle,1,,-146.099964945,-145.797112091,0.605705707856,4
2447,52,True,finite_mle,1,,-155.547180835,-155.279186462,0.535988745239,4
2448,54,True,finite_mle,1,,-160.14125005,-154.942402195,10.3976957087,4
2449,62,True,finite_mle,1,,-170.42269536,-170.062292255,0.720806210738,4
2450,54,True,finite_mle,1,,-156.88795214,-156.660598509,0.454707261665,4
2451,61,True,finite_mle,1,,-170.410702376,-168.227370495,4.36666376296,4
2452,65,True,finite_mle,1,,-177.465738973,-176.517426486,1.89662497421,4
2453,58,True,finite_mle,1,,-161.223528374,-161.218787509,0.00948172859074,4
2454,49,True,finite_mle,1,,-147.530819531,-146.662737497,1.7361640685,4
2455,55,True,finite_mle,1,,-158.873444595,-158.467205926,0.812477337159,4
2456,53,True,finite_mle,1,,-157.725752625,-157.376845872,0.697813507804,4
2457,60,True,finite_mle,1,,-163.593812743,-162.58089851,2.02582846538,4
2458,61,True,finite_mle,1,,-165.343983433,-165.238367089,0.211232687495,4
2459,57,True,finite_mle,1,,-163.167623366,-162.458499232,1.41824826812,4
2460,63,True,finite_mle,1,,-170.743893572,-170.62027421,0.24723872309,4
2461,55,True,finite_mle,1,,-160.052559127,-160.023618567,0.0578811200439,4
2462,54,True,finite_mle,1,,-157.553583201,-156.662535703,1.78209499756,4
2463,58,True,finite_mle,1,,-161.611213702,-160.778307888,1.66581162818,4
2464,54,True,finite_mle,1,,-154.764699753,-154.214187448,1.1010246094,4
2465,63,True,finite_mle,1,,-174.814722367,-174.390913463,0.847617808778,4
2466,61,True,finite_mle,1,,-170.593274239,-170.525949756,0.13464896536,4
2467,58,True,finite_mle,1,,-164.189400555,-163.879356462,0.620088186719,4
2468,54,True,finite_mle,1,,-155.407520002,-154.860314272,1.09441145846,4
2469,67,True,finite_mle,1,,-176.964957943,-175.919492296,2.09093129397,4
2470,56,True,finite_mle,1,,-160.650255117,-159.31098476,2.6785407129,4
2471,66,True,finite_mle,1,,-177.315360343,-176.488540947,1.65363879193,4
2472,52,True,finite_mle,1,,-153.1563075,-151.951385129,2.40984474336,4
2473,60,True,finite_mle,1,,-165.396033091,-165.268602697,0.254860788773,4
2474,61,True,finite_mle,1,,-171.279478825,-165.942317257,10.6743231358,4
2475,46,True,finite_mle,1,,-137.287121751,-136.84834274,0.877558021079,4
2476,51,True,finite_mle,1,,-149.427873704,-144.254929448,10.3458885122,4
2477,61,True,finite_mle,1,,-173.209902269,-172.740494898,0.93881474201,4
2478,68,True,finite_mle,1,,-182.880914807,-181.383500163,2.99482928809,4
2479,59,True,finite_mle,1,,-165.019629771,-164.316406619,1.40644630433,4
2480,50,True,finite_mle,1,,-148.633917333,-147.783578857,1.70067695049,4
2481,63,True,finite_mle,1,,-177.790295065,-177.445992269,0.688605592619,4
2482,41,True,finite_mle,1,,-131.520751064,-131.461827184,0.117847760958,4
2483,56,True,finite_mle,1,,-161.806258131,-159.922709615,3.76709703248,4
2484,69,True,finite_mle,1,,-184.182387012,-180.820154651,6.72446472158,4
2485,50,True,finite_mle,1,,-144.909520861,-140.883897126,8.05124747102,4
2486,50,True,finite_mle,1,,-150.184894438,-148.911730941,2.54632699476,4
2487,58,True,finite_mle,1,,-160.776693873,-159.465283081,2.62282158323,4
2488,61,True,finite_mle,1,,-170.711684786,-167.914086215,5.59519714174,4
2489,64,True,finite_mle,1,,-179.26454563,-178.432770997,1.66354926649,4
2490,58,True,finite_mle,1,,-166.358757009,-166.06473878,0.588036458047,4
2491,57,True,finite_mle,1,,-163.109649517,-160.076785084,6.06572886738,4
2492,58,True,finite_mle,1,,-164.545709583,-163.99237536,1.10666844613,4
2493,57,True,finite_mle,1,,-160.536601737,-157.230224694,6.61275408684,4
2494,63,True,finite_mle,1,,-168.786088482,-164.66116093,8.24985510338,4
2495,64,True,finite_mle,1,,-175.492462308,-173.475415535,4.03409354531,4
2496,57,True,finite_mle,1,,-163.731459078,-163.021539065,1.41984002697,4
2497,71,True,finite_mle,1,,-186.002984393,-185.114277332,1.77741412304,4
2498,58,True,finite_mle,1,,-162.434006443,-158.550079464,7.76785395886,4
2499,69,True,finite_mle,1,,-175.426599202,-175.281137273,0.290923858677,4
2500,47,True,finite_mle,1,,-143.665175583,-142.461021733,2.40830770048,4
2501,75,True,finite_mle,1,,-188.864615039,-188.736672749,0.255884581583,4
2502,61,True,finite_mle,1,,-167.721674262,-166.560054947,2.32323862932,4
2503,65,True,finite_mle,1,,-178.01658038,-177.296243953,1.440672853,4
2504,54,True,finite_mle,1,,-158.355442479,-158.24317079,0.224543379242,4
2505,55,True,finite_mle,1,,-157.890952496,-156.744688728,2.29252753448,4
2506,59,True,finite_mle,1,,-164.194569411,-162.49000943,3.40911996276,4
2507,49,True,finite_mle,1,,-148.187175006,-145.372505912,5.62933818854,4
2508,57,True,finite_mle,1,,-164.960318878,-164.5572635,0.806110754586,4
2509,59,True,finite_mle,1,,-166.462855437,-162.817414782,7.29088131035,4
2510,56,True,finite_mle,1,,-157.863396252,-156.571033726,2.58472505053,4
2511,50,True,finite_mle,1,,-150.186518789,-149.410205136,1.55262730564,4
2512,59,True,finite_mle,1,,-166.101756269,-165.937526196,0.328460146178,4
2513,55,True,finite_mle,1,,-152.138066504,-152.111917692,0.0522976239789,4
2514,59,True,finite_mle,1,,-165.952285772,-163.012763627,5.87904429132,4
2515,54,True,finite_mle,1,,-159.891505046,-159.793684916,0.195640259753,4
2516,61,True,finite_mle,1,,-170.437749505,-170.267728635,0.340041739035,4
2517,61,True,finite_mle,1,,-174.185874174,-174.008971859,0.353804631085,4
2518,57,True,finite_mle,1,,-155.859551183,-155.105237979,1.50862640774,4
2519,59,True,finite_mle,1,,-163.995456102,-163.602832234,0.785247736273,4
2520,74,True,finite_mle,1,,-189.409657599,-188.644011929,1.53129134155,4
2521,54,True,finite_mle,1,,-159.368951985,-159.032012795,0.673878380406,4
2522,58,True,finite_mle,1,,-164.157598946,-164.106845866,0.101506160755,4
2523,55,True,finite_mle,1,,-158.1603203,-156.594293237,3.13205412655,4
2524,46,True,finite_mle,1,,-141.01101849,-140.857199886,0.307637207295,4
2525,52,True,finite_mle,1,,-150.306645529,-150.282991985,0.0473070891677,4
2526,52,True,finite_mle,1,,-149.255039117,-148.736361564,1.03735510594,4
2527,59,True,finite_mle,1,,-167.98616048,-167.288640573,1.39503981408,4
2528,59,True,finite_mle,1,,-166.214135009,-164.05176346,4.32474309836,4
2529,62,True,finite_mle,1,,-170.071448363,-167.784277149,4.57434242916,4
2530,62,True,finite_mle,1,,-174.923245449,-173.598117029,2.6502568407,4
2531,56,True,finite_mle,1,,-162.543767969,-162.357695108,0.372145722284,4
2532,78,True,finite_mle,1,,-200.415006766,-199.682878298,1.46425693714,4
2533,58,True,finite_mle,1,,-164.56760605,-164.093677928,0.947856244877,4
2534,68,True,finite_mle,1,,-179.354165513,-178.916552392,0.875226242612,4
2535,58,True,finite_mle,1,,-158.528845383,-158.511500447,0.0346898718864,4
2536,43,True,finite_mle,1,,-135.156035228,-134.854259511,0.603551434886,4
2537,54,True,finite_mle,1,,-159.652543232,-159.599368074,0.106350315964,4
2538,54,True,finite_mle,1,,-156.980238161,-156.943829725,0.0728168719543,4
2539,63,True,finite_mle,1,,-173.361323825,-173.226741531,0.269164587052,4
2540,64,True,finite_mle,1,,-170.690131909,-170.254954415,0.870354987224,4
2541,62,True,finite_mle,1,,-174.730577997,-174.462322189,0.536511615987,4
2542,59,True,finite_mle,1,,-167.635965942,-167.634632401,0.00266708263314,4
2543,62,True,finite_mle,1,,-171.250010266,-171.168794742,0.162431047845,4
2544,55,True,finite_mle,1,,-157.837303305,-156.519808404,2.63498980231,4
2545,54,True,finite_mle,1,,-157.244677252,-156.713338029,1.0626784463,4
2546,54,True,finite_mle,1,,-158.221221592,-157.271054785,1.90033361323,4
2547,59,True,finite_mle,1,,-165.691371054,-164.873343195,1.63605571878,4
2548,53,True,finite_mle,1,,-150.027888571,-146.514330272,7.02711659742,4
2549,50,True,finite_mle,1,,-148.951011897,-148.862004751,0.178014291745,4
2550,55,True,finite_mle,1,,-159.717027879,-159.025833326,1.38238910504,4
2551,59,True,finite_mle,1,,-168.811976696,-167.832675979,1.95860143449,4
2552,56,True,finite_mle,1,,-163.241304396,-163.184814557,0.112979676947,4
2553,60,True,finite_mle,1,,-171.536531409,-170.228769563,2.6155236924,4
2554,43,True,finite_mle,1,,-137.316737621,-137.308972138,0.0155309657426,4
2555,63,True,finite_mle,1,,-176.260307113,-175.669367127,1.18187997258,4
2556,58,True,finite_mle,1,,-165.778186359,-163.018154159,5.52006439985,4
2557,54,True,finite_mle,1,,-159.486945266,-159.291725629,0.390439274663,4
2558,49,True,finite_mle,1,,-148.935076973,-148.506239729,0.857674486519,4
2559,51,True,finite_mle,1,,-150.106385521,-150.061778896,0.0892132498697,4
2560,57,True,finite_mle,1,,-158.583150639,-158.376056816,0.414187645876,4
2561,59,True,finite_mle,1,,-166.992159647,-165.618553058,2.74721317768,4
2562,55,True,finite_mle,1,,-161.667621109,-161.028878095,1.27748602936,4
2563,50,True,finite_mle,1,,-150.684735418,-149.9804218,1.40862723537,4
2564,49,True,finite_mle,1,,-149.042042398,-148.954688559,0.174707677048,4
2565,57,True,finite_mle,1,,-158.836334042,-158.681294529,0.310079026593,4
2566,65,True,finite_mle,1,,-179.376909223,-178.273923308,2.20597182907,4
2567,59,True,finite_mle,1,,-167.533370265,-165.13050354,4.80573345013,4
2568,48,True,finite_mle,1,,-140.751622793,-139.198454869,3.10633584836,4
2569,56,True,finite_mle,1,,-160.592876812,-160.579646816,0.0264599928425,4
2570,69,True,finite_mle,1,,-183.161326113,-181.536256085,3.25014005556,4
2571,51,True,finite_mle,1,,-153.640389566,-151.207974054,4.86483102422,4
2572,66,True,finite_mle,1,,-180.160182632,-175.699209823,8.92194561673,4
2573,59,True,finite_mle,1,,-168.041743971,-167.516487823,1.05051229636,4
2574,57,True,finite_mle,1,,-161.191055887,-160.795083645,0.791944482861,4
2575,58,True,finite_mle,1,,-164.613348653,-163.599231155,2.02823499672,4
2576,57,True,finite_mle,1,,-163.718922325,-160.625373372,6.18709790552,4
2577,61,True,finite_mle,1,,-172.873738138,-172.759880336,0.227715605486,4
2578,61,True,finite_mle,1,,-170.937673154,-169.889099596,2.09714711506,4
2579,50,True,finite_mle,1,,-144.851582458,-143.573169465,2.55682598462,4
2580,64,True,finite_mle,1,,-175.570746482,-171.811429433,7.51863409793,4
2581,68,True,finite_mle,1,,-181.181319889,-181.029427127,0.303785524176,4
2582,49,True,finite_mle,1,,-143.352867329,-142.522727301,1.66028005593,4
2583,65,True,finite_mle,1,,-178.753646746,-178.147255917,1.21278165935,4
2584,54,True,finite_mle,1,,-155.940074815,-155.778491086,0.323167457564,4
2585,44,True,finite_mle,1,,-135.176120987,-134.797653504,0.756934966624,4
2586,69,True,finite_mle,1,,-186.074068262,-184.955240864,2.2376547966,4
2587,50,True,finite_mle,1,,-144.160363313,-142.036277177,4.24817227134,4
2588,56,True,finite_mle,1,,-157.171615987,-157.144295128,0.0546417190479,4
2589,59,True,finite_mle,1,,-167.972632103,-167.285639261,1.37398568409,4
2590,48,True,finite_mle,1,,-146.332014628,-145.491360747,1.68130776143,4
2591,56,True,finite_mle,1,,-159.55293729,-159.299043207,0.507788167495,4
2592,54,True,finite_mle,1,,-159.760218416,-158.94064812,1.63914059223,4
2593,50,True,finite_mle,1,,-148.753481132,-147.449610288,2.60774168954,4
2594,59,True,finite_mle,1,,-160.932962678,-160.920380403,0.0251645514896,4
2595,60,True,finite_mle,1,,-165.682770284,-165.66539368,0.034753208416,4
2596,59,True,finite_mle,1,,-167.966288983,-167.546297824,0.83998231847,4
2597,51,True,finite_mle,1,,-153.176699889,-151.371758557,3.60988266223,4
2598,57,True,finite_mle,1,,-161.081913439,-160.923203715,0.317419447316,4
2599,55,True,finite_mle,1,,-156.073708899,-155.354613287,1.43819122331,4
2600,74,True,finite_mle,1,,-196.824301565,-196.505683789,0.637235550243,4
2601,62,True,finite_mle,1,,-168.040117504,-167.919600822,0.241033365081,4
2602,65,True,finite_mle,1,,-178.903354639,-177.122252981,3.56220331464,4
2603,59,True,finite_mle,1,,-166.10307586,-166.020287776,0.165576167444,4
2604,72,True,finite_mle,1,,-187.857539739,-186.561345464,2.59238855032,4
2605,63,True,finite_mle,1,,-175.296813455,-174.633410952,1.32680500747,4
2606,62,True,finite_mle,1,,-172.221743489,-170.52223878,3.3990094177,4
2607,58,True,finite_mle,1,,-165.666246018,-165.389905652,0.552680732503,4
2608,48,True,finite_mle,1,,-138.677351876,-137.080679935,3.19334388186,4
2609,50,True,finite_mle,1,,-149.080486105,-148.625317361,0.910337487821,4
2610,74,True,finite_mle,1,,-192.814945541,-191.295418899,3.03905328249,4
2611,54,True,finite_mle,1,,-153.609422113,-151.845678431,3.52748736565,4
2612,60,True,finite_mle,1,,-165.894727736,-164.973969902,1.84151566793,4
2613,50,True,finite_mle,1,,-147.370382038,-146.64680836,1.44714735501,4
2614,50,True,finite_mle,1,,-152.293976248,-152.18643537,0.215081756539,4
2615,59,True,finite_mle,1,,-165.631478892,-164.754803479,1.75335082624,4
2616,55,True,finite_mle,1,,-157.505648514,-155.879129068,3.25303889368,4
2617,59,True,finite_mle,1,,-163.326563478,-162.570717579,1.51169179722,4
2618,63,True,finite_mle,1,,-177.38643033,-177.19842589,0.37600887981,4
2619,60,True,finite_mle,1,,-169.025409011,-164.222851365,9.60511529253,4
2620,54,True,finite_mle,1,,-159.542251724,-157.820135116,3.44423321651,4
2621,58,True,finite_mle,1,,-165.750466718,-162.730386395,6.04016064579,4
2622,67,True,finite_mle,1,,-182.741267595,-182.147690231,1.18715472736,4
2623,58,True,finite_mle,1,,-163.179119018,-163.17380803,0.0106219778949,4
2624,54,True,finite_mle,1,,-156.416147238,-155.004336769,2.82362093837,4
2625,63,True,finite_mle,1,,-175.612342916,-175.142076289,0.940533255784,4
2626,66,True,finite_mle,1,,-178.837398169,-178.55127537,0.572245598175,4
2627,61,True,finite_mle,1,,-166.506225933,-166.438400155,0.135651555657,4
2628,60,True,finite_mle,1,,-166.495742069,-166.291585655,0.408312826617,4
2629,51,True,finite_mle,1,,-151.693772236,-150.944329472,1.49888552757,4
2630,62,True,finite_mle,1,,-172.071328976,-171.016970371,2.10871720891,4
2631,49,True,finite_mle,1,,-146.120433165,-143.262361277,5.71614377641,4
2632,49,True,finite_mle,1,,-146.356834841,-142.908068821,6.89753204161,4
2633,61,True,finite_mle,1,,-172.791916083,-168.733849838,8.11613249058,4
2634,45,True,finite_mle,1,,-136.191287015,-134.804827389,2.77291925153,4
2635,55,True,finite_mle,1,,-156.406387513,-155.311602903,2.1895692193,4
2636,64,True,finite_mle,1,,-174.766375185,-173.982858111,1.56703414854,4
2637,62,True,finite_mle,1,,-172.461306973,-171.284698071,2.35321780389,4
2638,73,True,finite_mle,1,,-189.965850223,-189.283392843,1.36491475973,4
2639,61,True,finite_mle,1,,-172.760553764,-172.553015827,0.415075874938,4
2640,51,True,finite_mle,1,,-151.723818824,-150.791859561,1.86391852473,4
2641,50,True,finite_mle,1,,-147.820984864,-147.560934799,0.52010012944,4
2642,66,True,finite_mle,1,,-175.836267779,-175.606815965,0.458903626575,4
2643,70,True,finite_mle,1,,-188.03987423,-187.593685557,0.892377345827,4
2644,57,True,finite_mle,1,,-161.670344221,-161.044434471,1.2518195008,4
2645,54,True,finite_mle,1,,-159.102102565,-158.371039361,1.46212640721,4
2646,56,True,finite_mle,1,,-160.471119124,-159.98944881,0.963340627677,4
2647,60,True,finite_mle,1,,-167.767060441,-167.278710425,0.97670003152,4
2648,54,True,finite_mle,1,,-159.387950102,-157.664084591,3.44773102318,4
2649,71,True,finite_mle,1,,-188.676194489,-186.559362502,4.23366397484,4
2650,49,True,finite_mle,1,,-145.139963839,-144.739964482,0.79999871354,4
2651,57,True,finite_mle,1,,-160.481722282,-160.291079253,0.381286056472,4
2652,56,True,finite_mle,1,,-154.518759586,-153.588738606,1.8600419589,4
2653,60,True,finite_mle,1,,-163.379109717,-162.273883435,2.21045256408,4
2654,49,True,finite_mle,1,,-147.268407174,-146.949719137,0.637376072891,4
2655,58,True,finite_mle,1,,-164.730785875,-163.864834407,1.73190293603,4
2656,60,True,finite_mle,1,,-169.668294294,-167.997197693,3.34219320039,4
2657,54,True,finite_mle,1,,-154.19283733,-152.962087812,2.46149903489,4
2658,59,True,finite_mle,1,,-166.071111721,-166.048561022,0.0451013970499,4
2659,56,True,finite_mle,1,,-160.714883853,-158.532652147,4.36446341218,4
2660,51,True,finite_mle,1,,-146.972783963,-145.557995632,2.8295766614,4
2661,57,True,finite_mle,1,,-165.194379957,-164.671307703,1.04614450877,4
2662,50,True,finite_mle,1,,-150.00197705,-149.418039946,1.16787420897,4
2663,63,True,finite_mle,1,,-174.617716578,-173.889228897,1.45697536281,4
2664,60,True,finite_mle,1,,-161.916772332,-161.761106799,0.311331066945,4
2665,61,True,finite_mle,1,,-170.020537161,-169.820642261,0.399789799486,4
2666,54,True,finite_mle,1,,-154.23381827,-151.79607929,4.87547795947,4
2667,59,True,finite_mle,1,,-162.354000969,-162.177312915,0.353376109168,4
2668,54,True,finite_mle,1,,-159.622960237,-159.284278884,0.677362704509,4
2669,41,True,finite_mle,1,,-131.876375946,-131.805439768,0.141872356801,4
2670,56,True,finite_mle,1,,-153.865675077,-153.38614968,0.95905079301,4
2671,61,True,finite_mle,1,,-169.816284874,-169.586250574,0.460068600792,4
2672,58,True,finite_mle,1,,-164.087861272,-163.038194011,2.0993345219,4
2673,61,True,finite_mle,1,,-170.591677683,-170.542440231,0.0984749021862,4
2674,60,True,finite_mle,1,,-168.310443619,-168.058546334,0.503794569117,4
2675,57,True,finite_mle,1,,-157.484816366,-154.851395017,5.26684269818,4
2676,49,True,finite_mle,1,,-149.535158427,-149.265707709,0.538901436065,4
2677,61,True,finite_mle,1,,-171.349253208,-169.557204649,3.5840971177,4
2678,64,True,finite_mle,1,,-172.783069191,-172.507260729,0.551616924406,4
2679,69,True,finite_mle,1,,-183.680236485,-182.938819114,1.48283474318,4
2680,68,True,finite_mle,1,,-183.68289026,-183.349911374,0.66595777362,4
2681,50,True,finite_mle,1,,-151.162604612,-147.209735923,7.90573737712,4
2682,55,True,finite_mle,1,,-152.088867944,-151.665448954,0.846837981039,4
2683,53,True,finite_mle,1,,-158.44597116,-156.474164394,3.94361353067,4
2684,59,True,finite_mle,1,,-166.362226179,-166.258069634,0.208313090113,4
2685,62,True,finite_mle,1,,-170.297480303,-169.946238179,0.702484249883,4
2686,59,True,finite_mle,1,,-167.275032611,-166.498290107,1.5534850093,4
2687,55,True,finite_mle,1,,-155.756998465,-155.702912568,0.108171793533,4
2688,55,True,finite_mle,1,,-160.287174904,-159.788454679,0.9974404514,4
2689,53,True,finite_mle,1,,-157.913226433,-157.696891248,0.432670370311,4
2690,65,True,finite_mle,1,,-174.034963242,-173.040912497,1.9881014913,4
2691,56,True,finite_mle,1,,-164.446530071,-164.112343277,0.668373588554,4
2692,50,True,finite_mle,1,,-148.175556761,-146.145403106,4.06030731029,4
2693,68,True,finite_mle,1,,-183.397537018,-183.22484434,0.345385354657,4
2694,64,True,finite_mle,1,,-178.458269151,-178.343610312,0.229317679193,4
2695,57,True,finite_mle,1,,-162.578821461,-161.286343827,2.58495526749,4
2696,58,True,finite_mle,1,,-166.530390386,-164.450647061,4.15948664981,4
2697,54,True,finite_mle,1,,-154.193194352,-153.471993036,1.44240263116,4
2698,55,True,finite_mle,1,,-155.250905249,-154.612670291,1.27646991546,4
2699,50,True,finite_mle,1,,-150.84122181,-150.732584092,0.217275436561,4
2700,70,True,finite_mle,1,,-188.817704864,-188.504549181,0.626311367071,4
2701,50,True,finite_mle,1,,-151.57861462,-151.444451193,0.268326853789,4
2702,62,True,finite_mle,1,,-174.526632951,-170.589449854,7.87436619353,4
2703,64,True,finite_mle,1,,-177.428955395,-176.659935302,1.5380401873,4
2704,54,True,finite_mle,1,,-157.789445566,-156.380732401,2.81742632943,4
2705,60,True,finite_mle,1,,-168.296915287,-167.09440748,2.40501561369,4
2706,61,True,finite_mle,1,,-168.437649233,-168.140122839,0.595052787534,4
2707,69,True,finite_mle,1,,-185.88576531,-184.933865717,1.9037991859,4
2708,59,True,finite_mle,1,,-163.071801167,-162.839343092,0.464916149396,4
2709,66,True,finite_mle,1,,-178.488301657,-178.466688682,0.0432259504178,4
2710,57,True,finite_mle,1,,-160.112423418,-158.223293964,3.77825890747,4
2711,61,True,finite_mle,1,,-170.111447663,-169.407486537,1.40792225189,4
2712,68,True,finite_mle,1,,-175.460078169,-174.114127598,2.69190114187,4
2713,71,True,finite_mle,1,,-186.547018557,-183.856505206,5.38102670204,4
2714,54,True,finite_mle,1,,-158.915021862,-158.480899412,0.868244899346,4
2715,59,True,finite_mle,1,,-165.900467849,-165.239970416,1.32099486538,4
2716,52,True,finite_mle,1,,-151.941469486,-149.079239132,5.72446070727,4
2717,62,True,finite_mle,1,,-170.524275552,-167.72890758,5.59073594462,4
2718,46,True,finite_mle,1,,-141.071305589,-138.650132761,4.84234565627,4
2719,55,True,finite_mle,1,,-159.799773806,-159.225463563,1.14862048743,4
2720,52,True,finite_mle,1,,-154.572344019,-154.217302267,0.710083504852,4
2721,59,True,finite_mle,1,,-169.305038775,-168.022313909,2.56544973285,4
2722,53,True,finite_mle,1,,-152.422335261,-152.24260796,0.35945460117,4
2723,51,True,finite_mle,1,,-152.486985472,-150.971085193,3.03180055728,4
2724,53,True,finite_mle,1,,-154.785694935,-153.356124092,2.85914168653,4
2725,54,True,finite_mle,1,,-153.336958764,-151.222221028,4.22947547365,4
2726,57,True,finite_mle,1,,-164.210313141,-163.233048309,1.95452966384,4
2727,57,True,finite_mle,1,,-159.678852703,-158.72383337,1.91003866587,4
2728,58,True,finite_mle,1,,-159.289712606,-158.819671594,0.94008202304,4
2729,67,True,finite_mle,1,,-178.125233185,-178.079592082,0.0912822067839,4
2730,61,True,finite_mle,1,,-173.172977941,-171.86246278,2.62103032215,4
2731,58,True,finite_mle,1,,-164.644292454,-164.62009059,0.0484037280855,4
2732,54,True,finite_mle,1,,-157.411872055,-156.877605936,1.06853223693,4
2733,54,True,finite_mle,1,,-157.102861626,-156.063365315,2.07899262179,4
2734,52,True,finite_mle,1,,-150.045261302,-147.85851842,4.37348576342,4
2735,64,True,finite_mle,1,,-178.504104588,-176.34780835,4.31259247539,4
2736,60,True,finite_mle,1,,-170.165915064,-169.804172349,0.723485429886,4
2737,48,True,finite_mle,1,,-146.737968753,-145.518538235,2.43886103611,4
2738,57,True,finite_mle,1,,-163.54588489,-162.399196079,2.29337762133,4
2739,66,True,finite_mle,1,,-178.437547991,-175.734230568,5.40663484699,4
2740,51,True,finite_mle,1,,-149.402745303,-148.258681046,2.28812851331,4
2741,53,True,finite_mle,1,,-158.265496045,-157.832271422,0.86644924631,4
2742,60,True,finite_mle,1,,-166.113089976,-165.984905686,0.256368581026,4
2743,52,True,finite_mle,1,,-148.10492285,-147.158824481,1.89219673909,4
2744,51,True,finite_mle,1,,-149.413478553,-149.084639922,0.657677261414,4
2745,62,True,finite_mle,1,,-168.761011328,-168.53293135,0.456159956487,4
2746,54,True,finite_mle,1,,-159.645043146,-158.87864011,1.53280607158,4
2747,60,True,finite_mle,1,,-167.723775966,-166.048900189,3.34975155484,4
2748,63,True,finite_mle,1,,-177.199459932,-177.150676428,0.097567009529,4
2749,60,True,finite_mle,1,,-166.335609456,-166.226253223,0.218712466194,4
2750,56,True,finite_mle,1,,-163.752225842,-163.134165716,1.23612025259,4
2751,68,True,finite_mle,1,,-180.492737574,-178.678203701,3.62906774565,4
2752,47,True,finite_mle,1,,-146.188698685,-145.393997523,1.58940232403,4
2753,50,True,finite_mle,1,,-149.797700664,-148.629424673,2.33655198216,4
2754,58,True,finite_mle,1,,-165.535729443,-163.641156257,3.7891463719,4
2755,50,True,finite_mle,1,,-151.013344178,-150.307209533,1.41226928971,4
2756,69,True,finite_mle,1,,-179.508643514,-179.168037166,0.681212697286,4
2757,60,True,finite_mle,1,,-168.026573048,-167.593790751,0.865564593967,4
2758,63,True,finite_mle,1,,-174.333641073,-170.574728357,7.51782543132,4
2759,48,True,finite_mle,1,,-146.946121558,-146.392234493,1.10777412982,4
2760,51,True,finite_mle,1,,-152.395418919,-151.482359856,1.82611812597,4
2761,76,True,finite_mle,1,,-198.736995008,-198.177840718,1.11830858086,4
2762,56,True,finite_mle,1,,-157.584536601,-156.946728109,1.27561698378,4
2763,61,True,finite_mle,1,,-171.172985894,-169.515842787,3.314286213,4
2764,60,True,finite_mle,1,,-157.442106743,-156.768577359,1.3470587678,4
2765,48,True,finite_mle,1,,-138.28712997,-133.665173353,9.24391323347,4
2766,58,True,finite_mle,1,,-166.45766812,-163.618388823,5.67855859233,4
2767,61,True,finite_mle,1,,-168.008276113,-166.596485709,2.82358080965,4
2768,51,True,finite_mle,1,,-147.013993353,-143.277906396,7.47217391231,4
2769,65,True,finite_mle,1,,-178.551399042,-178.525514868,0.0517683467829,4
2770,54,True,finite_mle,1,,-156.860508615,-156.746464152,0.22808892532,4
2771,47,True,finite_mle,1,,-143.438104912,-143.43443219,0.00734544386535,4
2772,64,True,finite_mle,1,,-172.472930038,-169.643540622,5.65877883181,4
2773,59,True,finite_mle,1,,-163.242916853,-161.366155281,3.75352314522,4
2774,50,True,finite_mle,1,,-151.841170589,-150.972854439,1.73663229948,4
2775,50,True,finite_mle,1,,-150.185514977,-148.485364733,3.40030048804,4
2776,51,True,finite_mle,1,,-150.366483887,-150.229863788,0.273240197673,4
2777,63,True,finite_mle,1,,-169.645679577,-167.336339917,4.61867932051,4
2778,48,True,finite_mle,1,,-140.43014534,-139.671800255,1.51669017084,4
2779,64,True,finite_mle,1,,-175.537471343,-175.056990339,0.960962008141,4
2780,55,True,finite_mle,1,,-158.203123005,-157.61491119,1.17642363068,4
2781,58,True,finite_mle,1,,-165.748123024,-163.331910374,4.83242529911,4
2782,63,True,finite_mle,1,,-173.571987581,-168.929191011,9.28559313836,4
2783,73,True,finite_mle,1,,-185.963730451,-183.6339747,4.6595115024,4
2784,69,True,finite_mle,1,,-181.844353327,-181.373604372,0.941497909292,4
2785,65,True,finite_mle,1,,-177.656605851,-173.482507025,8.34819765245,4
2786,57,True,finite_mle,1,,-161.090893641,-159.925648277,2.33049072731,4
2787,57,True,finite_mle,1,,-163.949771706,-163.55985269,0.779838033103,4
2788,59,True,finite_mle,1,,-156.953238901,-156.588657504,0.729162792772,4
2789,66,True,finite_mle,1,,-179.04947437,-177.685372571,2.7282035979,4
2790,61,True,finite_mle,1,,-172.61535177,-170.377308614,4.47608631188,4
2791,57,True,finite_mle,1,,-161.002269551,-159.484190822,3.03615745937,4
2792,68,True,finite_mle,1,,-184.084661175,-184.082502277,0.00431779718559,4
2793,54,True,finite_mle,1,,-153.801624085,-153.760230461,0.082787248299,4
2794,54,True,finite_mle,1,,-157.702663413,-156.853352164,1.69862249794,4
2795,56,True,finite_mle,1,,-161.757146894,-161.298500028,0.917293731058,4
2796,57,True,finite_mle,1,,-163.460622927,-163.35851832,0.204209212622,4
2797,67,True,finite_mle,1,,-179.163588861,-176.76098779,4.80520214237,4
2798,61,True,finite_mle,1,,-165.285756672,-164.829381856,0.912749632112,4
2799,49,True,finite_mle,1,,-147.600243392,-147.365519939,0.46944690672,4
2800,60,True,finite_mle,1,,-169.83317715,-168.363880819,2.93859266094,4
2801,56,True,finite_mle,1,,-164.609770591,-164.287772336,0.643996510413,4
2802,56,True,finite_mle,1,,-159.73097237,-158.856256475,1.74943178939,4
2803,49,True,finite_mle,1,,-147.007092348,-147.003548904,0.00708688925653,4
2804,59,True,finite_mle,1,,-166.318171919,-165.349416511,1.93751081577,4
2805,60,True,finite_mle,1,,-167.140330007,-166.607348979,1.06596205556,4
2806,51,True,finite_mle,1,,-150.780405918,-149.698674978,2.16346188009,4
2807,57,True,finite_mle,1,,-165.694739657,-163.806386678,3.77670595821,4
2808,56,True,finite_mle,1,,-160.518059,-160.012703973,1.0107100544,4
2809,40,True,finite_mle,1,,-128.241829714,-127.867923802,0.747811822909,4
2810,67,True,finite_mle,1,,-172.248684949,-170.671918087,3.15353372304,4
2811,55,True,finite_mle,1,,-156.625740642,-152.001845768,9.24778974941,4
2812,63,True,finite_mle,1,,-173.218541915,-169.60596669,7.2251504517,4
2813,55,True,finite_mle,1,,-157.41261641,-155.445922506,3.93338780828,4
2814,65,True,finite_mle,1,,-175.867986278,-174.519292296,2.69738796306,4
2815,51,True,finite_mle,1,,-148.61984973,-147.553300143,2.13309917437,4
2816,65,True,finite_mle,1,,-175.671084504,-175.40316962,0.535829768624,4
2817,55,True,finite_mle,1,,-156.424896741,-156.289100048,0.271593385301,4
2818,47,True,finite_mle,1,,-143.79316069,-143.546933609,0.492454161988,4
2819,56,True,finite_mle,1,,-160.259155271,-159.706045029,1.10622048381,4
2820,62,True,finite_mle,1,,-171.43739527,-171.12640476,0.62198101976,4
2821,62,True,finite_mle,1,,-175.515872021,-174.754810587,1.52212286872,4
2822,62,True,finite_mle,1,,-174.593110605,-173.383434764,2.4193516826,4
2823,55,True,finite_mle,1,,-158.950947221,-158.354743066,1.19240830869,4
2824,68,True,finite_mle,1,,-181.693479981,-179.941806203,3.50334755538,4
2825,53,True,finite_mle,1,,-152.940366468,-152.608479429,0.663774078083,4
2826,72,True,finite_mle,1,,-187.388447308,-187.255143204,0.26660820641,4
2827,58,True,finite_mle,1,,-167.530336749,-167.315606948,0.429459600989,4
2828,51,True,finite_mle,1,,-147.425169679,-147.046466392,0.757406574653,4
2829,63,True,finite_mle,1,,-172.947393197,-168.844856146,8.20507410231,4
2830,51,True,finite_mle,1,,-145.653250811,-144.699321299,1.90785902335,4
2831,56,True,finite_mle,1,,-162.634958808,-161.561376206,2.14716520411,4
2832,49,True,finite_mle,1,,-147.022573915,-146.85538264,0.334382550691,4
2833,62,True,finite_mle,1,,-168.832615656,-168.755331493,0.154568326345,4
2834,59,True,finite_mle,1,,-165.143805386,-164.632682525,1.02224572275,4
2835,50,True,finite_mle,1,,-150.759608071,-149.06366273,3.39189068173,4
2836,70,True,finite_mle,1,,-184.078499733,-183.819640931,0.517717603227,4
2837,58,True,finite_mle,1,,-162.552072224,-162.345996434,0.412151581166,4
2838,55,True,finite_mle,1,,-155.08991925,-153.867671066,2.44449636737,4
2839,61,True,finite_mle,1,,-168.200232685,-168.068406873,0.263651624827,4
2840,50,True,finite_mle,1,,-150.064945785,-148.13176344,3.86636469163,4
2841,64,True,finite_mle,1,,-176.653799556,-176.385649191,0.536300729854,4
2842,59,True,finite_mle,1,,-168.324348451,-165.232027925,6.18464105078,4
2843,64,True,finite_mle,1,,-173.177372854,-169.48227029,7.39020512746,4
2844,55,True,finite_mle,1,,-160.415477261,-159.330320201,2.17031412159,4
2845,48,True,finite_mle,1,,-147.7792504,-144.782822249,5.99285630358,4
2846,61,True,finite_mle,1,,-170.635852475,-170.472800463,0.326104024865,4
2847,64,True,finite_mle,1,,-173.603784959,-173.425176897,0.357216124234,4
2848,66,True,finite_mle,1,,-171.422463531,-170.922430481,1.00006609948,4
2849,62,True,finite_mle,1,,-170.513257957,-170.23502188,0.556472154705,4
2850,59,True,finite_mle,1,,-167.059917698,-166.296818978,1.52619743946,4
2851,55,True,finite_mle,1,,-156.068461588,-155.303455437,1.53001230199,4
2852,55,True,finite_mle,1,,-160.287990418,-158.961610571,2.65275969352,4
2853,66,True,finite_mle,1,,-176.152496942,-175.316368394,1.67225709696,4
2854,59,True,finite_mle,1,,-165.975119102,-164.635022251,2.68019370155,4
2855,59,True,finite_mle,1,,-166.127403795,-163.237404897,5.77999779457,4
2856,51,True,finite_mle,1,,-152.053040349,-149.769799469,4.56648176018,4
2857,61,True,finite_mle,1,,-171.636380794,-170.354388231,2.56398512561,4
2858,64,True,finite_mle,1,,-171.822491702,-171.683193255,0.278596893978,4
2859,67,True,finite_mle,1,,-181.639608365,-181.082372168,1.11447239245,4
2860,43,True,finite_mle,1,,-133.700792922,-132.72603039,1.94952506424,4
2861,50,True,finite_mle,1,,-147.916596316,-146.562138016,2.70891660052,4
2862,55,True,finite_mle,1,,-161.489459088,-160.431998869,2.11492043733,4
2863,62,True,finite_mle,1,,-170.154841663,-170.060558772,0.188565781337,4
2864,65,True,finite_mle,1,,-173.574591594,-172.960452253,1.22827868109,4
2865,71,True,finite_mle,1,,-187.033166681,-186.534659544,0.997014274319,4
2866,54,True,finite_mle,1,,-156.147857516,-156.146651508,0.00241201719609,4
2867,53,True,finite_mle,1,,-151.632485808,-150.469766457,2.32543870271,4
2868,63,True,finite_mle,1,,-174.475233433,-172.815146794,3.32017327794,4
2869,61,True,finite_mle,1,,-169.908817822,-168.53974722,2.73814120385,4
2870,61,True,finite_mle,1,,-166.616086386,-165.498814664,2.23454344338,4
2871,49,True,finite_mle,1,,-144.261220412,-142.530798191,3.46084444299,4
2872,70,True,finite_mle,1,,-182.619281393,-180.95866573,3.32123132738,4
2873,56,True,finite_mle,1,,-160.905837107,-159.442272461,2.92712929108,4
2874,57,True,finite_mle,1,,-161.603966679,-159.817433665,3.57306602799,4
2875,65,True,finite_mle,1,,-175.673367541,-174.691876338,1.96298240642,4
2876,57,True,finite_mle,1,,-165.631944132,-162.747655181,5.76857790115,4
2877,57,True,finite_mle,1,,-162.139716427,-162.000322928,0.278786998986,4
2878,63,True,finite_mle,1,,-176.11681547,-176.039599602,0.154431736588,4
2879,52,True,finite_mle,1,,-152.094157729,-151.944014025,0.300287407873,4
2880,57,True,finite_mle,1,,-161.224472388,-160.645050506,1.15884376286,4
2881,54,True,finite_mle,1,,-158.659668457,-158.376322424,0.566692065137,4
2882,65,True,finite_mle,1,,-174.697444067,-174.191127945,1.01263224403,4
2883,64,True,finite_mle,1,,-177.143714129,-175.082147823,4.12313261196,4
2884,71,True,finite_mle,1,,-187.949600961,-187.764261791,0.370678340631,4
2885,43,True,finite_mle,1,,-133.234049348,-133.213663497,0.0407717012569,4
2886,54,True,finite_mle,1,,-153.01637172,-152.331556631,1.36963017664,4
2887,60,True,finite_mle,1,,-164.307014854,-161.543090077,5.52784955297,4
2888,59,True,finite_mle,1,,-165.445440544,-164.876254508,1.13837207346,4
2889,55,True,finite_mle,1,,-162.244957394,-161.571749883,1.34641502193,4
2890,61,True,finite_mle,1,,-169.228861936,-169.035632657,0.38645855852,4
2891,60,True,finite_mle,1,,-168.370265165,-167.124065986,2.49239835698,4
2892,60,True,finite_mle,1,,-165.864528733,-165.681573276,0.36591091303,4
2893,51,True,finite_mle,1,,-151.435010425,-151.063510309,0.743000232225,4
2894,49,True,finite_mle,1,,-145.948676802,-144.994527891,1.90829782055,4
2895,63,True,finite_mle,1,,-171.751106876,-171.348586808,0.805040134801,4
2896,57,True,finite_mle,1,,-162.447852115,-161.780449442,1.33480534602,4
2897,59,True,finite_mle,1,,-161.026165205,-159.057581608,3.93716719319,4
2898,58,True,finite_mle,1,,-161.299041963,-159.433181768,3.73172039049,4
2899,66,True,finite_mle,1,,-179.90378528,-179.5707133,0.666143960422,4
2900,61,True,finite_mle,1,,-171.44142107,-168.937883083,5.00707597345,4
2901,46,True,finite_mle,1,,-142.692791839,-141.878938983,1.62770571085,4
2902,47,True,finite_mle,1,,-141.239007902,-139.300523749,3.87696830663,4
2903,55,True,finite_mle,1,,-155.500892649,-154.853717496,1.29435030556,4
2904,54,True,finite_mle,1,,-154.881833991,-153.566505272,2.6306574388,4
2905,73,True,finite_mle,1,,-192.783503489,-192.175429765,1.2161474487,4
2906,58,True,finite_mle,1,,-167.512778869,-167.247684747,0.530188243722,4
2907,69,True,finite_mle,1,,-176.51184776,-175.89304252,1.23761048028,4
2908,57,True,finite_mle,1,,-161.637958909,-161.536788369,0.202341078879,4
2909,59,True,finite_mle,1,,-163.766052492,-162.205038007,3.12202896851,4
2910,61,True,finite_mle,1,,-168.437701949,-167.750707027,1.37398984311,4
2911,58,True,finite_mle,1,,-164.828964684,-163.203336618,3.25125613291,4
2912,53,True,finite_mle,1,,-152.619161664,-152.454848293,0.328626741374,4
2913,48,True,finite_mle,1,,-137.897965325,-137.523684247,0.748562157196,4
2914,56,True,finite_mle,1,,-162.519006549,-162.511445052,0.0151229935103,4
2915,48,True,finite_mle,1,,-147.716199279,-147.238292761,0.955813036706,4
2916,58,True,finite_mle,1,,-156.865204222,-155.908822259,1.91276392681,4
2917,61,True,finite_mle,1,,-171.589622547,-170.981393849,1.21645739685,4
2918,55,True,finite_mle,1,,-157.544438174,-157.476338292,0.136199764715,4
2919,60,True,finite_mle,1,,-165.823406695,-165.141751205,1.36331098075,4
2920,56,True,finite_mle,1,,-159.685633777,-158.542804751,2.2856580523,4
2921,61,True,finite_mle,1,,-173.127858113,-171.937408538,2.38089914986,4
2922,68,True,finite_mle,1,,-176.205050705,-176.145457909,0.1191855936,4
2923,57,True,finite_mle,1,,-161.285921184,-159.523147988,3.52554639181,4
2924,54,True,finite_mle,1,,-157.245287631,-155.210514035,4.06954719262,4
2925,65,True,finite_mle,1,,-170.221290722,-169.988772514,0.465036416321,4
2926,60,True,finite_mle,1,,-170.177623116,-168.836571761,2.68210271186,4
2927,51,True,finite_mle,1,,-148.937928854,-148.392913605,1.09003049606,4
2928,57,True,finite_mle,1,,-164.573248494,-163.775560489,1.59537600926,4
2929,62,True,finite_mle,1,,-171.99455086,-171.193463666,1.60217438804,4
2930,60,True,finite_mle,1,,-171.548236568,-171.182907412,0.730658310378,4
2931,59,True,finite_mle,1,,-167.403882431,-160.124963875,14.5578371119,4
2932,57,True,finite_mle,1,,-162.291227589,-161.544150439,1.4941543002,4
2933,59,True,finite_mle,1,,-168.632188753,-168.100430412,1.06351668184,4
2934,64,True,finite_mle,1,,-173.251551375,-173.0432564,0.416589950611,4
2935,73,True,finite_mle,1,,-180.212828844,-179.701276607,1.0231044737,4
2936,61,True,finite_mle,1,,-165.270442578,-165.070702552,0.399480052048,4
2937,64,True,finite_mle,1,,-177.006917081,-176.576643349,0.860547463837,4
2938,61,True,finite_mle,1,,-169.665194553,-168.307356295,2.71567651614,4
2939,72,True,finite_mle,1,,-188.331472356,-188.204325363,0.254293987195,4
2940,53,True,finite_mle,1,,-154.845976897,-154.03530856,1.62133667258,4
2941,53,True,finite_mle,1,,-156.147034157,-154.688216115,2.91763608497,4
2942,48,True,finite_mle,1,,-146.331147546,-145.621482691,1.41932970942,4
2943,43,True,finite_mle,1,,-131.541650847,-130.673624238,1.73605321874,4
2944,54,True,finite_mle,1,,-157.478776801,-156.396697739,2.16415812423,4
2945,52,True,finite_mle,1,,-151.416332102,-150.194271598,2.44412100846,4
2946,57,True,finite_mle,1,,-165.428633674,-165.168955873,0.519355601909,4
2947,61,True,finite_mle,1,,-166.885833674,-166.670876643,0.429914062555,4
2948,62,True,finite_mle,1,,-173.514180738,-172.839183618,1.3499942405,4
2949,72,True,finite_mle,1,,-185.796291245,-185.077689166,1.43720415794,4
2950,54,True,finite_mle,1,,-156.489776009,-156.484769307,0.0100134048273,4
2951,54,True,finite_mle,1,,-156.153215126,-155.907282707,0.491864837047,4
2952,49,True,finite_mle,1,,-144.577360161,-144.489645283,0.175429755283,4
2953,58,True,finite_mle,1,,-164.142406789,-164.023460136,0.237893306331,4
2954,51,True,finite_mle,1,,-152.805354252,-152.659962469,0.290783566038,4
2955,58,True,finite_mle,1,,-163.986124799,-163.851437013,0.269375572865,4
2956,47,True,finite_mle,1,,-139.198043288,-139.103686595,0.188713386467,4
2957,65,True,finite_mle,1,,-176.890928744,-175.165323505,3.45121047881,4
2958,58,True,finite_mle,1,,-167.23226616,-166.157249859,2.1500326032,4
2959,65,True,finite_mle,1,,-175.709310311,-175.150453965,1.11771269288,4
2960,62,True,finite_mle,1,,-163.67931521,-162.801199088,1.75623224431,4
2961,60,True,finite_mle,1,,-169.177198884,-169.068259799,0.217878169913,4
2962,62,True,finite_mle,1,,-172.925924367,-172.511438429,0.828971876652,4
2963,69,True,finite_mle,1,,-184.912005029,-181.363675302,7.09665945422,4
2964,71,True,finite_mle,1,,-186.371033541,-185.953135412,0.835796257669,4
2965,49,True,finite_mle,1,,-148.760650968,-145.900994622,5.71931269211,4
2966,61,True,finite_mle,1,,-169.062217509,-168.819373518,0.485687980778,4
2967,50,True,finite_mle,1,,-148.12909968,-146.55783784,3.14252368064,4
2968,59,True,finite_mle,1,,-161.977477059,-159.694592406,4.56576930637,4
2969,63,True,finite_mle,1,,-174.113689355,-173.206433033,1.8145126438,4
2970,60,True,finite_mle,1,,-171.539160479,-169.201583977,4.67515300333,4
2971,65,True,finite_mle,1,,-174.374008098,-173.343500559,2.06101507781,4
2972,55,True,finite_mle,1,,-154.450899386,-154.43265865,0.0364814720268,4
2973,51,True,finite_mle,1,,-151.265951056,-150.649316456,1.23326920006,4
2974,64,True,finite_mle,1,,-170.315259169,-170.179644917,0.271228503186,4
2975,55,True,finite_mle,1,,-159.187556169,-159.070166234,0.234779870143,4
2976,53,True,finite_mle,1,,-154.121532903,-153.842782101,0.557501603777,4
2977,52,True,finite_mle,1,,-154.900803236,-154.565989625,0.66962722085,4
2978,45,True,finite_mle,1,,-137.851431438,-136.867768165,1.96732654583,4
2979,61,True,finite_mle,1,,-171.612730496,-171.506959384,0.211542224253,4
2980,62,True,finite_mle,1,,-170.765757265,-170.403174621,0.725165288588,4
2981,66,True,finite_mle,1,,-179.163938099,-179.08467616,0.158523879496,4
2982,59,True,finite_mle,1,,-160.277478862,-158.266688738,4.02158024727,4
2983,64,True,finite_mle,1,,-170.030295315,-168.88381498,2.29296066858,4
2984,62,True,finite_mle,1,,-170.312255883,-168.520529289,3.58345318836,4
2985,63,True,finite_mle,1,,-165.941410949,-165.344764112,1.19329367348,4
2986,66,True,finite_mle,1,,-180.383967521,-179.241919308,2.28409642633,4
2987,45,True,finite_mle,1,,-140.446897451,-135.153054509,10.5876858848,4
2988,59,True,finite_mle,1,,-167.91164608,-166.367183729,3.08892470172,4
2989,59,True,finite_mle,1,,-166.817015293,-166.719653116,0.194724355698,4
2990,67,True,finite_mle,1,,-181.353833796,-180.753157815,1.20135196212,4
2991,56,True,finite_mle,1,,-159.324574248,-152.194797738,14.2595530208,4
2992,52,True,finite_mle,1,,-153.927790595,-152.918338743,2.01890370375,4
2993,59,True,finite_mle,1,,-167.662728355,-167.593726169,0.138004371762,4
2994,59,True,finite_mle,1,,-165.334494967,-164.921941802,0.825106331715,4
2995,55,True,finite_mle,1,,-160.178569386,-159.555213446,1.24671188074,4
2996,49,True,finite_mle,1,,-147.886852949,-147.671914269,0.429877359754,4
2997,55,True,finite_mle,1,,-153.498268293,-153.336396068,0.323744451643,4
2998,51,True,finite_mle,1,,-152.033185859,-150.767796452,2.53077881399,4
2999,61,True,finite_mle,1,,-171.739714078,-171.124004142,1.23141987085,4
3000,59,True,finite_mle,1,,-160.867310762,-160.053857243,1.62690703952,4
3001,56,True,finite_mle,1,,-160.608369287,-159.827998972,1.56074062914,4
3002,44,True,finite_mle,1,,-135.197057802,-135.166913875,0.0602878543287,4
3003,56,True,finite_mle,1,,-160.510825882,-160.378579957,0.264491849997,4
3004,53,True,finite_mle,1,,-154.146321204,-153.670440435,0.951761538186,4
3005,44,True,finite_mle,1,,-134.441217407,-133.733625202,1.41518441008,4
3006,47,True,finite_mle,1,,-143.249293775,-143.11108824,0.276411068574,4
3007,55,True,finite_mle,1,,-160.69785186,-160.087185806,1.22133210754,4
3008,65,True,finite_mle,1,,-174.079890362,-173.243869769,1.67204118606,4
3009,61,True,finite_mle,1,,-171.107637244,-170.958121031,0.299032424983,4
3010,55,True,finite_mle,1,,-159.680457037,-154.959200047,9.44251397897,4
3011,69,True,finite_mle,1,,-187.327395414,-187.123857086,0.407076655599,4
3012,65,True,finite_mle,1,,-177.621652837,-173.03422354,9.17485859296,4
3013,62,True,finite_mle,1,,-165.160542887,-164.740463601,0.840158572697,4
3014,53,True,finite_mle,1,,-157.369906545,-156.09555014,2.54871281062,4
3015,49,True,finite_mle,1,,-145.846964995,-145.431106815,0.831716360485,4
3016,63,True,finite_mle,1,,-176.124609643,-174.503566633,3.24208602115,4
3017,46,True,finite_mle,1,,-140.973838229,-140.534003281,0.879669895841,4
3018,60,True,finite_mle,1,,-167.241793448,-166.637189164,1.20920856811,4
3019,55,True,finite_mle,1,,-158.936325817,-157.995802344,1.88104694706,4
3020,42,True,finite_mle,1,,-127.790306192,-127.482076264,0.616459854652,4
3021,60,True,finite_mle,1,,-169.100890103,-168.913582906,0.374614394493,4
3022,60,True,finite_mle,1,,-164.211835744,-160.739646065,6.94437935634,4
3023,53,True,finite_mle,1,,-153.279330181,-150.570443289,5.41777378417,4
3024,57,True,finite_mle,1,,-164.174322609,-162.679453015,2.98973918821,4
3025,63,True,finite_mle,1,,-176.901371891,-176.231033186,1.34067741008,4
3026,54,True,finite_mle,1,,-158.374467453,-156.877373139,2.99418862701,4
3027,61,True,finite_mle,1,,-171.528613008,-170.754667054,1.54789190815,4
3028,53,True,finite_mle,1,,-158.892023323,-158.866176539,0.0516935677098,4
3029,58,True,finite_mle,1,,-164.950366941,-164.718525685,0.463682511786,4
3030,54,True,finite_mle,1,,-158.7459962,-156.891041208,3.70990998533,4
3031,64,True,finite_mle,1,,-171.469975234,-171.033936985,0.87207649867,4
3032,47,True,finite_mle,1,,-144.477633255,-142.53865642,3.87795366915,4
3033,53,True,finite_mle,1,,-156.31226275,-155.908046819,0.808431863366,4
3034,46,True,finite_mle,1,,-139.670514974,-138.682009785,1.97701037821,4
3035,64,True,finite_mle,1,,-173.684241531,-173.579512658,0.209457746761,4
3036,58,True,finite_mle,1,,-163.090507337,-163.006583038,0.167848598016,4
3037,69,True,finite_mle,1,,-180.701164884,-179.517559751,2.36721026529,4
3038,49,True,finite_mle,1,,-145.715966493,-145.274536079,0.882860826858,4
3039,61,True,finite_mle,1,,-170.863907118,-170.843003373,0.0418074914437,4
3040,64,True,finite_mle,1,,-168.060593268,-166.826487687,2.46821116169,4
3041,56,True,finite_mle,1,,-160.084930631,-158.757725029,2.65441120361,4
3042,64,True,finite_mle,1,,-177.1191346,-176.799541411,0.6391863788,4
3043,58,True,finite_mle,1,,-162.261453484,-159.640809576,5.24128781523,4
3044,56,True,finite_mle,1,,-163.888354265,-163.615017489,0.546673551818,4
3045,65,True,finite_mle,1,,-175.054983705,-173.825431157,2.45910509684,4
3046,55,True,finite_mle,1,,-158.954624,-157.241084364,3.42707927201,4
3047,68,True,finite_mle,1,,-178.220676965,-177.816668336,0.808017257026,4
3048,62,True,finite_mle,1,,-170.516516983,-170.249480719,0.534072526444,4
3049,63,True,finite_mle,1,,-172.32873091,-169.322708982,6.01204385599,4
3050,55,True,finite_mle,1,,-153.414855824,-151.223809416,4.38209281657,4
3051,56,True,finite_mle,1,,-160.996753815,-158.89590893,4.20168977091,4
3052,58,True,finite_mle,1,,-159.026806451,-158.505941533,1.04172983647,4
3053,61,True,finite_mle,1,,-173.667360739,-173.612334005,0.1100534683,4
3054,60,True,finite_mle,1,,-162.976556652,-162.371805591,1.20950212129,4
3055,57,True,finite_mle,1,,-164.929444609,-164.32543025,1.2080287186,4
3056,76,True,finite_mle,1,,-192.846080336,-192.009716205,1.67272826222,4
3057,70,True,finite_mle,1,,-185.631054896,-185.610284129,0.0415415345815,4
3058,58,True,finite_mle,1,,-164.098541164,-159.348848817,9.49938469448,4
3059,67,True,finite_mle,1,,-178.412461177,-178.0755811,0.673760153058,4
3060,53,True,finite_mle,1,,-157.594490449,-156.630141269,1.92869836044,4
3061,55,True,finite_mle,1,,-162.083474621,-160.976469937,2.21400936708,4
3062,74,True,finite_mle,1,,-189.663602966,-187.934719131,3.45776766852,4
3063,59,True,finite_mle,1,,-163.936800943,-162.423676673,3.02624854088,4
3064,55,True,finite_mle,1,,-160.361485604,-159.797552821,1.12786556542,4
3065,65,True,finite_mle,1,,-178.059545532,-177.549107999,1.02087506566,4
3066,52,True,finite_mle,1,,-150.28429992,-149.130401399,2.30779704159,4
3067,51,True,finite_mle,1,,-154.233633962,-150.835532056,6.79620381185,4
3068,53,True,finite_mle,1,,-152.679545686,-150.513887493,4.33131638637,4
3069,48,True,finite_mle,1,,-145.089831461,-144.993959015,0.191744892634,4
3070,61,True,finite_mle,1,,-171.357565086,-170.616150985,1.48282820291,4
3071,50,True,finite_mle,1,,-146.593535264,-146.271048697,0.64497313466,4
3072,58,True,finite_mle,1,,-165.898853601,-165.205242991,1.38722122043,4
3073,54,True,finite_mle,1,,-157.08367677,-156.906807219,0.353739101224,4
3074,54,True,finite_mle,1,,-156.038273812,-155.886774963,0.302997697566,4
3075,51,True,finite_mle,1,,-148.94277226,-148.062363292,1.76081793593,4
3076,62,True,finite_mle,1,,-171.558130277,-170.567998804,1.98026294505,4
3077,61,True,finite_mle,1,,-170.806300576,-170.426956986,0.758687180226,4
3078,55,True,finite_mle,1,,-157.152993862,-156.490470744,1.32504623564,4
3079,59,True,finite_mle,1,,-167.363590649,-166.612075829,1.50302963911,4
3080,58,True,finite_mle,1,,-163.703054602,-163.21216275,0.981783703476,4
3081,59,True,finite_mle,1,,-168.347651243,-167.476546205,1.74221007545,4
3082,48,True,finite_mle,1,,-146.129280141,-146.0070975,0.244365282759,4
3083,68,True,finite_mle,1,,-182.45011055,-182.220861789,0.458497521966,4
3084,43,True,finite_mle,1,,-136.675784122,-136.664558475,0.0224512941302,4
3085,58,True,finite_mle,1,,-161.391931018,-160.694937676,1.3939866851,4
3086,51,True,finite_mle,1,,-148.453471964,-147.670444464,1.56605499843,4
3087,66,True,finite_mle,1,,-176.956919956,-175.568569452,2.77670100689,4
3088,73,True,finite_mle,1,,-188.107017252,-184.425129609,7.3637752857,4
3089,59,True,finite_mle,1,,-163.927930271,-163.626813946,0.602232650847,4
3090,65,True,finite_mle,1,,-174.411928876,-174.406408846,0.0110400602769,4
3091,60,True,finite_mle,1,,-168.568821552,-166.564573264,4.00849657569,4
3092,64,True,finite_mle,1,,-177.800212068,-177.613030243,0.374363650552,4
3093,59,True,finite_mle,1,,-164.692671084,-163.233505155,2.91833185918,4
3094,46,True,finite_mle,1,,-140.463670865,-138.864524287,3.1982931556,4
3095,43,True,finite_mle,1,,-135.691059624,-134.878440404,1.62523843926,4
3096,67,True,finite_mle,1,,-179.687197707,-176.5419699,6.29045561422,4
3097,66,True,finite_mle,1,,-179.559461106,-179.283100924,0.552720363785,4
3098,56,True,finite_mle,1,,-158.691192802,-157.662109854,2.05816589507,4
3099,54,True,finite_mle,1,,-154.954946596,-153.378089509,3.15371417444,4
3100,54,True,finite_mle,1,,-156.915194649,-156.062319178,1.70575094097,4
3101,66,True,finite_mle,1,,-174.834486362,-174.289095558,1.09078160821,4
3102,56,True,finite_mle,1,,-162.47635956,-162.263524616,0.425669888445,4
3103,59,True,finite_mle,1,,-165.84836676,-163.875967927,3.94479766751,4
3104,55,True,finite_mle,1,,-156.901506159,-156.088280049,1.62645222066,4
3105,57,True,finite_mle,1,,-164.670474188,-163.72798554,1.88497729467,4
3106,58,True,finite_mle,1,,-164.027944461,-162.517136986,3.02161494984,4
3107,56,True,finite_mle,1,,-154.837018031,-154.28607766,1.10188074082,4
3108,64,True,finite_mle,1,,-169.501590554,-168.340829108,2.32152289172,4
3109,62,True,finite_mle,1,,-169.833092825,-169.481053305,0.704079040843,4
3110,60,True,finite_mle,1,,-171.248003,-171.2344843,0.0270373991138,4
3111,56,True,finite_mle,1,,-157.493917244,-157.338026343,0.311781803142,4
3112,60,True,finite_mle,1,,-163.318838857,-161.956929128,2.72381945782,4
3113,51,True,finite_mle,1,,-152.09924795,-151.985196722,0.228102456166,4
3114,51,True,finite_mle,1,,-146.47829509,-146.245477471,0.465635237957,4
3115,52,True,finite_mle,1,,-151.627725959,-151.026746295,1.20195932717,4
3116,49,True,finite_mle,1,,-148.508726802,-147.943847181,1.12975924137,4
3117,59,True,finite_mle,1,,-163.324979437,-162.504229471,1.64149993322,4
3118,62,True,finite_mle,1,,-172.029846185,-171.887958887,0.283774596583,4
3119,58,True,finite_mle,1,,-165.469467736,-164.201440635,2.53605420076,4
3120,55,True,finite_mle,1,,-160.273303106,-159.477942231,1.59072175088,4
3121,61,True,finite_mle,1,,-173.819847864,-173.78081455,0.0780666281412,4
3122,54,True,finite_mle,1,,-153.284467311,-151.013089828,4.54275496472,4
3123,48,True,finite_mle,1,,-141.584461998,-140.735417321,1.69808935419,4
3124,62,True,finite_mle,1,,-169.303370034,-168.019069141,2.56860178707,4
3125,56,True,finite_mle,1,,-159.82344738,-158.821513612,2.00386753511,4
3126,63,True,finite_mle,1,,-174.824852781,-173.538572213,2.57256113693,4
3127,52,True,finite_mle,1,,-151.953111044,-150.615485258,2.67525157048,4
3128,60,True,finite_mle,1,,-164.429713151,-164.155410704,0.548604894295,4
3129,55,True,finite_mle,1,,-157.73387816,-157.727491344,0.012773632412,4
3130,66,True,finite_mle,1,,-180.094876965,-179.158659167,1.87243559619,4
3131,49,True,finite_mle,1,,-147.379589427,-146.672280398,1.41461805855,4
3132,62,True,finite_mle,1,,-171.917299635,-171.559790336,0.715018598897,4
3133,71,True,finite_mle,1,,-185.967998809,-184.438456311,3.0590849962,4
3134,65,True,finite_mle,1,,-173.785805853,-173.519282054,0.533047598243,4
3135,59,True,finite_mle,1,,-166.290642533,-166.259145995,0.0629930769805,4
3136,52,True,finite_mle,1,,-153.646399156,-152.418291397,2.45621551871,4
3137,62,True,finite_mle,1,,-171.060391293,-170.707643859,0.705494866811,4
3138,67,True,finite_mle,1,,-181.712682393,-180.894675203,1.63601438064,4
3139,62,True,finite_mle,1,,-170.018797539,-169.729710261,0.578174556184,4
3140,57,True,finite_mle,1,,-157.70129201,-157.337795015,0.726993989882,4
3141,52,True,finite_mle,1,,-148.846711061,-148.796619532,0.100183057627,4
3142,64,True,finite_mle,1,,-176.38992253,-174.616315051,3.54721495631,4
3143,63,True,finite_mle,1,,-172.209290635,-172.033228506,0.352124258874,4
3144,52,True,finite_mle,1,,-154.102549006,-153.833821793,0.537454426064,4
3145,57,True,finite_mle,1,,-162.324474453,-162.256435143,0.136078618943,4
3146,60,True,finite_mle,1,,-170.469499474,-169.821947525,1.29510389844,4
3147,54,True,finite_mle,1,,-153.666536492,-146.008153146,15.3167666926,4
3148,65,True,finite_mle,1,,-178.626803385,-176.620885416,4.01183593809,4
3149,59,True,finite_mle,1,,-168.739262644,-168.213743669,1.05103794963,4
3150,51,True,finite_mle,1,,-150.722028786,-147.306411429,6.83123471369,4
3151,68,True,finite_mle,1,,-182.107724941,-181.995920622,0.223608636663,4
3152,51,True,finite_mle,1,,-150.097357891,-149.646755072,0.901205637611,4
3153,56,True,finite_mle,1,,-161.002655279,-160.366337063,1.2726364314,4
3154,50,True,finite_mle,1,,-149.108253029,-148.710253331,0.795999395255,4
3155,62,True,finite_mle,1,,-174.965213473,-174.775721099,0.378984748214,4
3156,53,True,finite_mle,1,,-156.403578746,-153.673940133,5.45927722715,4
3157,62,True,finite_mle,1,,-168.673443279,-168.547350861,0.252184836662,4
3158,44,True,finite_mle,1,,-136.9003374,-135.939809255,1.92105628875,4
3159,64,True,finite_mle,1,,-175.568595814,-175.390557138,0.356077352341,4
3160,63,True,finite_mle,1,,-172.497577796,-171.478418503,2.03831858591,4
3161,51,True,finite_mle,1,,-147.968631367,-144.602727018,6.73180869893,4
3162,48,True,finite_mle,1,,-144.62937485,-142.339424437,4.57990082584,4
3163,51,True,finite_mle,1,,-146.444905325,-145.175296475,2.53921769909,4
3164,58,True,finite_mle,1,,-164.89794377,-164.760763526,0.274360489709,4
3165,67,True,finite_mle,1,,-178.00048416,-177.725065311,0.550837698559,4
3166,43,True,finite_mle,1,,-137.450106945,-137.296537718,0.307138455369,4
3167,53,True,finite_mle,1,,-158.876824776,-158.376051216,1.00154711895,4
3168,50,True,finite_mle,1,,-149.176419051,-147.299054421,3.75472925903,4
3169,60,True,finite_mle,1,,-169.820059751,-169.733219808,0.173679886419,4
3170,50,True,finite_mle,1,,-148.883365802,-148.025074668,1.71658226858,4
3171,53,True,finite_mle,1,,-153.271569436,-152.424117982,1.69490290903,4
3172,61,True,finite_mle,1,,-171.445711626,-170.496293961,1.89883532878,4
3173,44,True,finite_mle,1,,-133.764761521,-133.107170731,1.31518157936,4
3174,51,True,finite_mle,1,,-153.805875435,-151.512823934,4.58610300251,4
3175,65,True,finite_mle,1,,-175.219249543,-172.547842962,5.34281316289,4
3176,57,True,finite_mle,1,,-158.418590678,-157.908062884,1.02105558673,4
3177,45,True,finite_mle,1,,-135.94852249,-135.46681544,0.963414099841,4
3178,51,True,finite_mle,1,,-149.374152942,-147.496361519,3.75558284742,4
3179,56,True,finite_mle,1,,-161.124728971,-161.01266801,0.224121921231,4
3180,50,True,finite_mle,1,,-149.757145892,-149.388468146,0.737355491839,4
3181,67,True,finite_mle,1,,-174.658106138,-174.3865095,0.543193277447,4
3182,57,True,finite_mle,1,,-158.759424384,-157.93733792,1.6441729277,4
3183,59,True,finite_mle,1,,-167.395115642,-166.792022086,1.20618711198,4
3184,69,True,finite_mle,1,,-180.466369679,-179.667663974,1.59741140898,4
3185,52,True,finite_mle,1,,-153.575851106,-153.477622987,0.196456238073,4
3186,59,True,finite_mle,1,,-165.884545827,-165.82088485,0.127321953762,4
3187,39,True,finite_mle,1,,-122.737012248,-121.8791571,1.71571029608,4
3188,48,True,finite_mle,1,,-147.706409762,-146.935259533,1.5423004575,4
3189,59,True,finite_mle,1,,-161.463763633,-160.20733475,2.51285776653,4
3190,55,True,finite_mle,1,,-155.160887322,-154.532156387,1.25746187075,4
3191,59,True,finite_mle,1,,-164.867946705,-163.732244596,2.27140421939,4
3192,71,True,finite_mle,1,,-188.780050154,-188.629930998,0.300238310806,4
3193,59,True,finite_mle,1,,-169.740691913,-169.592917976,0.295547873409,4
3194,60,True,finite_mle,1,,-169.088769783,-168.135185815,1.90716793491,4
3195,54,True,finite_mle,1,,-155.538611392,-155.255291013,0.566640757646,4
3196,63,True,finite_mle,1,,-172.711903361,-172.586254426,0.251297869338,4
3197,55,True,finite_mle,1,,-156.958399192,-152.453999362,9.00879965993,4
3198,63,True,finite_mle,1,,-172.766676869,-172.273647081,0.986059575453,4
3199,55,True,finite_mle,1,,-160.168120548,-158.34506444,3.64611221592,4
3200,65,True,finite_mle,1,,-177.879439973,-176.411098014,2.93668391818,4
3201,72,True,finite_mle,1,,-188.994524164,-188.462277457,1.06449341421,4
3202,49,True,finite_mle,1,,-148.478013836,-146.423436688,4.10915429726,4
3203,61,True,finite_mle,1,,-168.925346129,-165.323005556,7.20468114751,4
3204,65,True,finite_mle,1,,-176.95797411,-176.175536133,1.56487595426,4
3205,55,True,finite_mle,1,,-159.93754672,-159.804028401,0.267036639168,4
3206,51,True,finite_mle,1,,-150.736149423,-149.429417297,2.61346425188,4
3207,68,True,finite_mle,1,,-175.673143823,-175.166058119,1.01417140937,4
3208,52,True,finite_mle,1,,-154.524403996,-150.626228557,7.79635087852,4
3209,61,True,finite_mle,1,,-169.567055849,-169.412574905,0.308961887675,4
3210,64,True,finite_mle,1,,-173.583902407,-173.050117008,1.06757079781,4
3211,46,True,finite_mle,1,,-136.192206287,-135.908114521,0.568183530303,4
3212,43,True,finite_mle,1,,-137.509184141,-136.628637157,1.76109396868,4
3213,63,True,finite_mle,1,,-171.573300659,-167.705898015,7.73480528663,4
3214,56,True,finite_mle,1,,-156.540185531,-155.997647598,1.08507586578,4
3215,51,True,finite_mle,1,,-150.580424291,-149.778888088,1.6030724061,4
3216,52,True,finite_mle,1,,-155.295478624,-154.822123445,0.946710358188,4
3217,56,True,finite_mle,1,,-159.064392099,-158.639395925,0.849992347618,4
3218,58,True,finite_mle,1,,-162.43755376,-161.806479686,1.26214814887,4
3219,53,True,finite_mle,1,,-158.500036108,-158.481752828,0.0365665612833,4
3220,58,True,finite_mle,1,,-161.374399178,-160.819821284,1.10915578695,4
3221,58,True,finite_mle,1,,-165.974743952,-165.82383059,0.301826722639,4
3222,49,True,finite_mle,1,,-146.978880222,-146.615391758,0.726976927999,4
3223,63,True,finite_mle,1,,-172.35979388,-170.534099607,3.65138854583,4
3224,55,True,finite_mle,1,,-157.288548102,-152.592473002,9.39215019863,4
3225,54,True,finite_mle,1,,-157.215448584,-156.422405506,1.58608615649,4
3226,53,True,finite_mle,1,,-157.807721324,-157.630814792,0.353813063319,4
3227,50,True,finite_mle,1,,-150.122197555,-149.567668013,1.10905908364,4
3228,68,True,finite_mle,1,,-183.035692377,-181.396237776,3.27890920271,4
3229,49,True,finite_mle,1,,-145.283600982,-145.189205924,0.188790114921,4
3230,62,True,finite_mle,1,,-173.887342117,-172.304238336,3.1662075618,4
3231,53,True,finite_mle,1,,-155.379275586,-154.163001378,2.43254841511,4
3232,55,True,finite_mle,1,,-152.569802973,-150.787406146,3.56479365391,4
3233,59,True,finite_mle,1,,-161.731828545,-161.301198353,0.861260383585,4
3234,64,True,finite_mle,1,,-177.820062594,-174.858116258,5.92389267172,4
3235,57,True,finite_mle,1,,-157.663400423,-156.456146491,2.41450786569,4
3236,60,True,finite_mle,1,,-162.150248271,-161.578080731,1.14433507837,4
3237,57,True,finite_mle,1,,-162.599945203,-162.519515569,0.160859267645,4
3238,66,True,finite_mle,1,,-177.606350436,-177.051883443,1.10893398448,4
3239,67,True,finite_mle,1,,-181.581495428,-179.764132558,3.63472573924,4
3240,56,True,finite_mle,1,,-162.888027044,-161.140174094,3.49570589927,4
3241,47,True,finite_mle,1,,-141.526516957,-141.036402651,0.980228612628,4
3242,61,True,finite_mle,1,,-168.652583598,-167.492363623,2.32043995053,4
3243,49,True,finite_mle,1,,-145.563508288,-145.027026159,1.07296425839,4
3244,64,True,finite_mle,1,,-177.019175529,-175.418923332,3.20050439422,4
3245,55,True,finite_mle,1,,-159.957424825,-159.203739277,1.50737109745,4
3246,45,True,finite_mle,1,,-138.033935845,-137.029868435,2.00813482034,4
3247,45,True,finite_mle,1,,-139.919834968,-138.735403444,2.36886304838,4
3248,53,True,finite_mle,1,,-153.814676226,-152.258480981,3.11239049039,4
3249,67,True,finite_mle,1,,-182.991685273,-182.695864343,0.591641859359,4
3250,50,True,finite_mle,1,,-146.900451701,-146.017347813,1.76620777577,4
3251,52,True,finite_mle,1,,-150.805249456,-150.585552558,0.439393795773,4
3252,68,True,finite_mle,1,,-178.133388814,-175.598060941,5.07065574606,4
3253,57,True,finite_mle,1,,-164.943670705,-163.42355619,3.04022903003,4
3254,64,True,finite_mle,1,,-176.400501865,-176.272706281,0.25559116663,4
3255,63,True,finite_mle,1,,-175.792657602,-171.856489352,7.87233649972,4
3256,64,True,finite_mle,1,,-167.964626495,-166.236473835,3.45630531937,4
3257,50,True,finite_mle,1,,-145.453721039,-142.849692312,5.20805745373,4
3258,54,True,finite_mle,1,,-154.633583556,-154.599915288,0.0673365369795,4
3259,65,True,finite_mle,1,,-177.533892673,-177.165422012,0.736941321151,4
3260,54,True,finite_mle,1,,-157.041543492,-156.788554294,0.505978395995,4
3261,54,True,finite_mle,1,,-157.879725506,-156.906927232,1.94559654751,4
3262,57,True,finite_mle,1,,-159.502108281,-159.308899239,0.386418082597,4
3263,63,True,finite_mle,1,,-173.380482305,-172.156005306,2.44895399819,4
3264,62,True,finite_mle,1,,-168.542868545,-166.715764173,3.65420874243,4
3265,60,True,finite_mle,1,,-169.105807841,-168.392468166,1.42667935055,4
3266,60,True,finite_mle,1,,-165.124908435,-164.161202261,1.927412348,4
3267,63,True,finite_mle,1,,-173.991845557,-172.282401899,3.41888731672,4
3268,62,True,finite_mle,1,,-169.979386835,-168.044025502,3.87072266606,4
3269,59,True,finite_mle,1,,-165.658591022,-165.048178586,1.22082487159,4
3270,63,True,finite_mle,1,,-173.851933697,-173.24887486,1.20611767418,4
3271,57,True,finite_mle,1,,-162.141886902,-157.715287115,8.85319957357,4
3272,55,True,finite_mle,1,,-157.126261078,-155.286446574,3.6796290075,4
3273,57,True,finite_mle,1,,-161.825733078,-160.636441513,2.3785831299,4
3274,53,True,finite_mle,1,,-152.51142546,-152.150931227,0.720988465376,4
3275,59,True,finite_mle,1,,-168.160587595,-166.075958337,4.16925851722,4
3276,54,True,finite_mle,1,,-150.852749962,-150.832552364,0.040395197444,4
3277,47,True,finite_mle,1,,-143.499889925,-143.183988132,0.631803585911,4
3278,52,True,finite_mle,1,,-145.26156636,-144.136799538,2.24953364431,4
3279,54,True,finite_mle,1,,-153.223476616,-152.567108725,1.31273578351,4
3280,54,True,finite_mle,1,,-154.697400819,-153.985774632,1.42325237363,4
3281,55,True,finite_mle,1,,-161.342835166,-160.322673279,2.04032377431,4
3282,61,True,finite_mle,1,,-171.53337746,-170.064053971,2.93864697752,4
3283,56,True,finite_mle,1,,-162.54410959,-156.410477831,12.267263519,4
3284,49,True,finite_mle,1,,-146.632676031,-143.459092634,6.34716679269,4
3285,51,True,finite_mle,1,,-149.336307654,-147.894407182,2.88380094437,4
3286,64,True,finite_mle,1,,-173.331113137,-172.273394518,2.11543723674,4
3287,45,True,finite_mle,1,,-138.282820669,-137.821262771,0.923115797432,4
3288,50,True,finite_mle,1,,-147.106302229,-146.850271035,0.512062387421,4
3289,63,True,finite_mle,1,,-175.554044324,-171.734274615,7.63953941656,4
3290,55,True,finite_mle,1,,-157.983998713,-155.18326783,5.60146176513,4
3291,81,True,finite_mle,1,,-204.657954582,-204.425044259,0.465820645373,4
3292,65,True,finite_mle,1,,-169.563408151,-169.465726972,0.195362358695,4
3293,67,True,finite_mle,1,,-178.831449305,-178.8280641,0.00677040993389,4
3294,58,True,finite_mle,1,,-158.716714591,-158.43162796,0.570173261495,4
3295,49,True,finite_mle,1,,-148.521356909,-148.491214121,0.060285576005,4
3296,64,True,finite_mle,1,,-173.782699235,-173.547017955,0.471362560292,4
3297,56,True,finite_mle,1,,-162.424931009,-162.34272646,0.164409097768,4
3298,47,True,finite_mle,1,,-137.029957275,-136.614911345,0.830091858609,4
3299,60,True,finite_mle,1,,-168.405482452,-167.80141285,1.20813920452,4
3300,58,True,finite_mle,1,,-167.069860842,-166.797005822,0.545710039932,4
3301,59,True,finite_mle,1,,-161.280389847,-159.395104685,3.77057032344,4
3302,51,True,finite_mle,1,,-147.246293702,-144.362121668,5.76834406751,4
3303,57,True,finite_mle,1,,-161.809291596,-160.283291506,3.05200017917,4
3304,56,True,finite_mle,1,,-161.539930932,-160.537720225,2.00442141423,4
3305,52,True,finite_mle,1,,-154.128343639,-153.572238943,1.1122093909,4
3306,58,True,finite_mle,1,,-167.597669398,-167.481379069,0.232580659156,4
3307,47,True,finite_mle,1,,-138.672178298,-138.394158785,0.556039026793,4
3308,60,True,finite_mle,1,,-167.651086323,-167.181296911,0.939578824674,4
3309,56,True,finite_mle,1,,-159.438191102,-158.270022216,2.3363377722,4
3310,58,True,finite_mle,1,,-165.924675242,-162.90986028,6.0296299231,4
3311,58,True,finite_mle,1,,-168.424740931,-168.41941747,0.010646921492,4
3312,57,True,finite_mle,1,,-163.043525974,-162.941479098,0.204093753016,4
3313,64,True,finite_mle,1,,-169.640311387,-168.189491366,2.90164004253,4
3314,51,True,finite_mle,1,,-152.871981046,-152.238081616,1.26779885955,4
3315,38,True,finite_mle,1,,-120.790090469,-120.058983508,1.46221392114,4
3316,52,True,finite_mle,1,,-150.191977791,-149.504249079,1.37545742361,4
3317,59,True,finite_mle,1,,-166.240021168,-165.173289046,2.13346424387,4
3318,56,True,finite_mle,1,,-162.314420416,-161.178050849,2.27273913521,4
3319,65,True,finite_mle,1,,-172.575051293,-172.386742345,0.37661789646,4
3320,59,True,finite_mle,1,,-168.491762048,-168.338977354,0.305569387683,4
3321,38,True,finite_mle,1,,-118.831855083,-117.904445976,1.85481821439,4
3322,62,True,finite_mle,1,,-173.788721311,-173.606693066,0.364056488618,4
3323,51,True,finite_mle,1,,-146.16979066,-145.053161131,2.23325905776,4
3324,59,True,finite_mle,1,,-164.023643532,-163.520681986,1.0059230919,4
3325,53,True,finite_mle,1,,-155.779701741,-155.395849334,0.767704813224,4
3326,58,True,finite_mle,1,,-164.96074406,-164.606937135,0.707613849182,4
3327,65,True,finite_mle,1,,-179.125915565,-178.833752862,0.584325406137,4
3328,58,True,finite_mle,1,,-162.680556421,-162.410877543,0.539357756317,4
3329,59,True,finite_mle,1,,-169.353418784,-169.008182518,0.690472530633,4
3330,43,True,finite_mle,1,,-135.45029785,-134.857817506,1.18496068805,4
3331,68,True,finite_mle,1,,-179.420607,-179.301792148,0.237629704173,4
3332,58,True,finite_mle,1,,-164.121715133,-163.483421043,1.27658818051,4
3333,56,True,finite_mle,1,,-160.8951825,-159.274300315,3.24176437036,4
3334,62,True,finite_mle,1,,-173.891738644,-173.123422103,1.5366330812,4
3335,60,True,finite_mle,1,,-165.64155282,-161.310513316,8.66207900823,4
3336,61,True,finite_mle,1,,-166.772623478,-165.104855007,3.3355369427,4
3337,56,True,finite_mle,1,,-161.104754032,-158.493557584,5.22239289692,4
3338,56,True,finite_mle,1,,-161.841594416,-160.704932986,2.27332285965,4
3339,58,True,finite_mle,1,,-162.889452431,-162.141804217,1.49529642857,4
3340,62,True,finite_mle,1,,-170.185857245,-169.684404305,1.00290587887,4
3341,67,True,finite_mle,1,,-182.497756088,-181.895283157,1.20494586222,4
3342,51,True,finite_mle,1,,-146.145044979,-145.724274911,0.841540135577,4
3343,55,True,finite_mle,1,,-159.169912382,-159.125776932,0.0882708990486,4
3344,50,True,finite_mle,1,,-148.97417762,-147.994627006,1.95910122799,4
3345,47,True,finite_mle,1,,-141.476443893,-139.629338862,3.69421006231,4
3346,57,True,finite_mle,1,,-162.432365575,-162.056351929,0.752027292903,4
3347,69,True,finite_mle,1,,-183.975988201,-181.797204632,4.35756713815,4
3348,54,True,finite_mle,1,,-154.497008648,-154.424059389,0.145898517963,4
3349,63,True,finite_mle,1,,-175.533584635,-173.293714537,4.47974019685,4
3350,66,True,finite_mle,1,,-176.872468623,-174.624797369,4.49534250863,4
3351,51,True,finite_mle,1,,-152.83213981,-152.717965683,0.228348253699,4
3352,58,True,finite_mle,1,,-167.679074913,-167.585320143,0.187509539715,4
3353,58,True,finite_mle,1,,-161.184352433,-160.300221949,1.76826096711,4
3354,46,True,finite_mle,1,,-140.596944824,-139.554819575,2.08425049775,4
3355,52,True,finite_mle,1,,-151.49007528,-151.418741281,0.142667998917,4
3356,55,True,finite_mle,1,,-156.672114873,-154.671398252,4.00143324306,4
3357,56,True,finite_mle,1,,-161.331692208,-160.068064458,2.52725550135,4
3358,59,True,finite_mle,1,,-168.310101965,-163.793043035,9.03411786113,4
3359,49,True,finite_mle,1,,-148.629295041,-147.945648967,1.36729214783,4
3360,47,True,finite_mle,1,,-144.760641919,-142.237828305,5.0456272288,4
3361,60,True,finite_mle,1,,-169.244631103,-168.894155538,0.700951130166,4
3362,64,True,finite_mle,1,,-178.125244239,-178.040273281,0.169941914728,4
3363,63,True,finite_mle,1,,-170.457716977,-168.414721222,4.08599150975,4
3364,53,True,finite_mle,1,,-155.771994998,-155.031713237,1.48056352208,4
3365,52,True,finite_mle,1,,-155.552087453,-155.544860392,0.0144541204635,4
3366,59,True,finite_mle,1,,-163.229400971,-159.433313544,7.59217485324,4
3367,56,True,finite_mle,1,,-162.19999856,-162.021029005,0.357939110372,4
3368,60,True,finite_mle,1,,-168.031935516,-163.812653561,8.43856390858,4
3369,56,True,finite_mle,1,,-161.708425872,-160.302137696,2.81257635262,4
3370,52,True,finite_mle,1,,-152.335893808,-152.051102026,0.569583565134,4
3371,55,True,finite_mle,1,,-161.771924226,-161.731664523,0.0805194051167,4
3372,62,True,finite_mle,1,,-173.119562832,-170.244747456,5.74963075203,4
3373,48,True,finite_mle,1,,-146.74255883,-144.337552093,4.81001347302,4
3374,56,True,finite_mle,1,,-148.961522362,-146.156015582,5.61101355978,4
3375,62,True,finite_mle,1,,-170.061879098,-169.89067647,0.342405256029,4
3376,70,True,finite_mle,1,,-189.187237584,-184.809636344,8.75520248121,4
3377,66,True,finite_mle,1,,-179.915747474,-179.307842062,1.21581082455,4
3378,69,True,finite_mle,1,,-185.036845163,-184.884357201,0.30497592371,4
3379,53,True,finite_mle,1,,-155.597546113,-154.828613506,1.53786521457,4
3380,56,True,finite_mle,1,,-159.862803344,-159.080339354,1.56492798022,4
3381,56,True,finite_mle,1,,-161.312465675,-160.804048507,1.01683433762,4
3382,56,True,finite_mle,1,,-158.966870365,-157.245006416,3.44372789771,4
3383,69,True,finite_mle,1,,-180.745148564,-180.279474382,0.931348363586,4
3384,51,True,finite_mle,1,,-153.021384968,-152.680861952,0.681046031722,4
3385,59,True,finite_mle,1,,-167.814526212,-167.613156147,0.402740128378,4
3386,56,True,finite_mle,1,,-160.945944365,-160.692627977,0.506632774889,4
3387,64,True,finite_mle,1,,-177.985196815,-176.9538023,2.06278902938,4
3388,74,True,finite_mle,1,,-189.00411641,-188.9733316,0.061569621653,4
3389,63,True,finite_mle,1,,-173.312292617,-173.186896527,0.250792180571,4
3390,64,True,finite_mle,1,,-173.469405116,-173.277943462,0.382923307508,4
3391,66,True,finite_mle,1,,-177.087044404,-176.49876036,1.17656808884,4
3392,55,True,finite_mle,1,,-151.946452757,-150.442754954,3.00739560573,4
3393,57,True,finite_mle,1,,-160.703808247,-159.744891168,1.9178341575,4
3394,58,True,finite_mle,1,,-164.639089725,-163.573564352,2.13105074718,4
3395,62,True,finite_mle,1,,-173.564701381,-172.922249825,1.28490311132,4
3396,53,True,finite_mle,1,,-150.78269842,-148.966332594,3.63273165299,4
3397,58,True,finite_mle,1,,-164.273936865,-163.117225316,2.313423099,4
3398,54,True,finite_mle,1,,-150.24418436,-150.068509539,0.351349640788,4
3399,55,True,finite_mle,1,,-160.612542298,-160.379519371,0.466045854179,4
3400,58,True,finite_mle,1,,-165.118094694,-164.230752815,1.77468375983,4
3401,58,True,finite_mle,1,,-160.443475246,-157.615589634,5.65577122419,4
3402,52,True,finite_mle,1,,-152.076154525,-148.186793044,7.77872296203,4
3403,59,True,finite_mle,1,,-167.918954543,-167.444214839,0.949479407314,4
3404,50,True,finite_mle,1,,-146.554321638,-143.496807122,6.1150290307,4
3405,64,True,finite_mle,1,,-174.930839975,-174.274251087,1.31317777656,4
3406,56,True,finite_mle,1,,-160.814521941,-160.523527967,0.581987948718,4
3407,53,True,finite_mle,1,,-153.250266686,-151.688376167,3.12378103798,4
3408,68,True,finite_mle,1,,-183.57343929,-183.520930898,0.105016784789,4
3409,64,True,finite_mle,1,,-176.785876351,-176.623953038,0.323846625922,4
3410,56,True,finite_mle,1,,-158.928288567,-156.043188284,5.77020056659,4
3411,52,True,finite_mle,1,,-148.192238746,-146.972950974,2.43857554463,4
3412,56,True,finite_mle,1,,-163.200047887,-163.104296704,0.19150236509,4
3413,68,True,finite_mle,1,,-181.727003959,-178.942363237,5.5692814427,4
3414,68,True,finite_mle,1,,-179.718579088,-179.566739733,0.303678709107,4
3415,57,True,finite_mle,1,,-159.803401933,-159.427348049,0.752107768884,4
3416,64,True,finite_mle,1,,-174.792726752,-174.376510812,0.832431879618,4
3417,58,True,finite_mle,1,,-165.061059914,-163.438271411,3.24557700571,4
3418,61,True,finite_mle,1,,-172.141735572,-171.029653889,2.22416336669,4
3419,60,True,finite_mle,1,,-163.071743093,-159.535453806,7.07257857409,4
3420,57,True,finite_mle,1,,-161.922814614,-161.745442786,0.354743654717,4
3421,57,True,finite_mle,1,,-165.092954841,-164.189134308,1.80764106744,4
3422,61,True,finite_mle,1,,-172.282421724,-172.14124422,0.282355006797,4
3423,64,True,finite_mle,1,,-175.347771339,-174.856217486,0.983107707281,4
3424,47,True,finite_mle,1,,-142.268484259,-141.635691755,1.26558500714,4
3425,58,True,finite_mle,1,,-159.918875982,-155.892372432,8.05300710065,4
3426,56,True,finite_mle,1,,-162.675762144,-162.366326684,0.618870920392,4
3427,65,True,finite_mle,1,,-172.334723296,-172.201052405,0.267341782364,4
3428,48,True,finite_mle,1,,-148.233927081,-145.866469279,4.73491560439,4
3429,51,True,finite_mle,1,,-149.814591396,-149.104341517,1.42049975925,4
3430,58,True,finite_mle,1,,-163.475076359,-163.309754281,0.330644157062,4
3431,48,True,finite_mle,1,,-145.376070397,-144.469102664,1.81393546684,4
3432,62,True,finite_mle,1,,-169.690334708,-167.531591109,4.31748719882,4
3433,61,True,finite_mle,1,,-162.746920541,-161.934289099,1.62526288348,4
3434,55,True,finite_mle,1,,-158.571545235,-158.105008869,0.933072732462,4
3435,62,True,finite_mle,1,,-170.136582827,-169.771065184,0.731035286165,4
3436,72,True,finite_mle,1,,-193.41259265,-192.50002318,1.82513894008,4
3437,56,True,finite_mle,1,,-156.914961153,-156.245154857,1.33961259146,4
3438,59,True,finite_mle,1,,-162.435311924,-162.06568291,0.739258028914,4
3439,60,True,finite_mle,1,,-171.559957888,-169.606091074,3.90773362667,4
3440,64,True,finite_mle,1,,-172.599440545,-172.477234711,0.244411668061,4
3441,54,True,finite_mle,1,,-159.520111602,-157.869066509,3.30209018635,4
3442,52,True,finite_mle,1,,-151.486897369,-149.928940945,3.11591284863,4
3443,52,True,finite_mle,1,,-154.859948544,-153.57719912,2.56549884758,4
3444,52,True,finite_mle,1,,-152.072302511,-148.203200995,7.73820303132,4
3445,56,True,finite_mle,1,,-158.570797757,-157.110690599,2.92021431613,4
3446,64,True,finite_mle,1,,-177.512702111,-177.355435177,0.314533867696,4
3447,64,True,finite_mle,1,,-176.929330862,-176.664191453,0.530278818646,4
3448,49,True,finite_mle,1,,-148.766207723,-147.347881202,2.83665304215,4
3449,55,True,finite_mle,1,,-158.977070702,-158.940847457,0.0724464888756,4
3450,52,True,finite_mle,1,,-147.339119026,-146.035085641,2.60806676999,4
3451,61,True,finite_mle,1,,-168.985198332,-168.478453184,1.01349029591,4
3452,54,True,finite_mle,1,,-155.084783073,-154.454326689,1.26091276952,4
3453,62,True,finite_mle,1,,-172.34655924,-171.658980535,1.37515740987,4
3454,73,True,finite_mle,1,,-192.339919639,-191.968792696,0.742253887032,4
3455,72,True,finite_mle,1,,-183.648319568,-182.815245481,1.66614817328,4
3456,58,True,finite_mle,1,,-167.780515657,-167.014506067,1.53201917987,4
3457,56,True,finite_mle,1,,-160.592105156,-159.713851551,1.75650720859,4
3458,49,True,finite_mle,1,,-146.640500188,-146.610354534,0.0602913078035,4
3459,49,True,finite_mle,1,,-143.395011201,-141.669870742,3.45028091716,4
3460,54,True,finite_mle,1,,-157.094234288,-155.401424888,3.38561879937,4
3461,59,True,finite_mle,1,,-164.719336795,-164.526664613,0.385344363739,4
3462,65,True,finite_mle,1,,-180.884929828,-180.729478052,0.310903552246,4
3463,58,True,finite_mle,1,,-163.687480888,-158.813318992,9.74832379032,4
3464,53,True,finite_mle,1,,-153.589186621,-150.079869676,7.01863389073,4
3465,52,True,finite_mle,1,,-154.405555629,-152.889062252,3.03298675552,4
3466,45,True,finite_mle,1,,-137.098905915,-136.580455204,1.03690142235,4
3467,49,True,finite_mle,1,,-143.775711647,-140.393482304,6.76445868511,4
3468,47,True,finite_mle,1,,-142.647258958,-137.254398927,10.7857200619,4
3469,69,True,finite_mle,1,,-182.654756711,-182.075827084,1.15785925472,4
3470,51,True,finite_mle,1,,-148.560446872,-146.714075371,3.69274300391,4
3471,56,True,finite_mle,1,,-163.024306921,-162.717013091,0.614587660437,4
3472,57,True,finite_mle,1,,-161.993031031,-160.127623331,3.73081539953,4
3473,58,True,finite_mle,1,,-165.749260507,-165.122784886,1.25295124317,4
3474,51,True,finite_mle,1,,-145.704158787,-144.081357894,3.24560178536,4
3475,46,True,finite_mle,1,,-140.470961813,-139.913473004,1.11497761716,4
3476,47,True,finite_mle,1,,-144.596665085,-144.324871894,0.543586382338,4
3477,52,True,finite_mle,1,,-148.335113678,-147.812254158,1.0457190398,4
3478,58,True,finite_mle,1,,-167.416218079,-167.23361572,0.365204717369,4
3479,54,True,finite_mle,1,,-156.03930898,-155.687673097,0.703271765835,4
3480,59,True,finite_mle,1,,-170.099258604,-169.906548202,0.385420803646,4
3481,53,True,finite_mle,1,,-153.63968568,-152.185638741,2.90809387933,4
3482,61,True,finite_mle,1,,-170.90794708,-169.779616289,2.25666158092,4
3483,49,True,finite_mle,1,,-148.669553123,-148.427540092,0.484026061897,4
3484,65,True,finite_mle,1,,-177.135359953,-177.078673139,0.113373629273,4
3485,59,True,finite_mle,1,,-166.522274441,-166.437116566,0.170315749484,4
3486,45,True,finite_mle,1,,-138.132040467,-135.698232165,4.8676166035,4
3487,58,True,finite_mle,1,,-163.318141388,-162.525487223,1.58530832885,4
3488,40,True,finite_mle,1,,-126.137623887,-124.069246365,4.13675504406,4
3489,62,True,finite_mle,1,,-173.041893494,-172.75567396,0.572439067848,4
3490,59,True,finite_mle,1,,-167.071737402,-165.585748973,2.97197685788,4
3491,51,True,finite_mle,1,,-151.43928137,-149.855307095,3.16794854988,4
3492,53,True,finite_mle,1,,-151.123825173,-145.173058515,11.9015333159,4
3493,56,True,finite_mle,1,,-162.369558416,-158.765905203,7.20730642622,4
3494,69,True,finite_mle,1,,-186.558854263,-185.167399967,2.78290859343,4
3495,60,True,finite_mle,1,,-168.497784272,-166.588356388,3.81885576925,4
3496,62,True,finite_mle,1,,-171.056405324,-170.737327236,0.6381561775,4
3497,54,True,finite_mle,1,,-157.331313662,-156.976937409,0.708752506367,4
3498,65,True,finite_mle,1,,-179.087391375,-178.865147944,0.444486861234,4
3499,64,True,finite_mle,1,,-175.979669886,-174.867725187,2.2238893986,4
3500,42,True,finite_mle,1,,-130.721772022,-126.67233688,8.09887028432,4
3501,67,True,finite_mle,1,,-180.972869667,-180.675114702,0.595509929361,4
3502,54,True,finite_mle,1,,-153.281998172,-149.916547504,6.73090133561,4
3503,53,True,finite_mle,1,,-153.371508555,-152.425720433,1.89157624434,4
3504,62,True,finite_mle,1,,-174.516094943,-174.431432392,0.169325101102,4
3505,68,True,finite_mle,1,,-181.089056014,-179.990409137,2.19729375418,4
3506,55,True,finite_mle,1,,-157.783464423,-157.142557429,1.2818139879,4
3507,59,True,finite_mle,1,,-167.016589405,-165.513154087,3.00687063665,4
3508,51,True,finite_mle,1,,-152.367595999,-151.100782839,2.53362631913,4
3509,47,True,finite_mle,1,,-140.695096675,-140.058029554,1.27413424342,4
3510,63,True,finite_mle,1,,-174.36514644,-173.748358316,1.23357624924,4
3511,57,True,finite_mle,1,,-164.34547854,-164.233888243,0.223180593881,4
3512,52,True,finite_mle,1,,-149.334237067,-143.992193541,10.6840870525,4
3513,61,True,finite_mle,1,,-169.273318514,-169.064067114,0.418502799998,4
3514,48,True,finite_mle,1,,-143.208914939,-143.031485794,0.354858290964,4
3515,67,True,finite_mle,1,,-182.010829863,-181.536499931,0.948659863704,4
3516,62,True,finite_mle,1,,-170.380080616,-169.576884955,1.60639132188,4
3517,50,True,finite_mle,1,,-150.356261162,-148.700220344,3.31208163507,4
3518,57,True,finite_mle,1,,-160.221865103,-159.839944664,0.763840878782,4
3519,51,True,finite_mle,1,,-154.234097964,-152.164967574,4.13826078131,4
3520,54,True,finite_mle,1,,-156.535626107,-156.36839092,0.334470373937,4
3521,60,True,finite_mle,1,,-163.76606047,-163.51188607,0.508348800293,4
3522,59,True,finite_mle,1,,-163.791605285,-163.771720724,0.0397691212943,4
3523,68,True,finite_mle,1,,-176.358663481,-175.834961327,1.04740430676,4
3524,69,True,finite_mle,1,,-184.259884646,-183.599225095,1.32131910161,4
3525,51,True,finite_mle,1,,-152.347999734,-152.251473108,0.193053253502,4
3526,59,True,finite_mle,1,,-163.966071721,-162.57749569,2.77715206293,4
3527,50,True,finite_mle,1,,-150.557283846,-150.174084551,0.766398588455,4
3528,59,True,finite_mle,1,,-165.940727586,-165.087576936,1.7063013001,4
3529,61,True,finite_mle,1,,-172.366792832,-171.065530971,2.60252372085,4
3530,48,True,finite_mle,1,,-145.827384664,-145.061014518,1.53274029248,4
3531,62,True,finite_mle,1,,-170.298333698,-169.672992083,1.25068322954,4
3532,49,True,finite_mle,1,,-150.42682265,-148.056493506,4.74065828733,4
3533,64,True,finite_mle,1,,-172.615228606,-172.313642793,0.603171627731,4
3534,53,True,finite_mle,1,,-154.036180206,-152.695201493,2.68195742574,4
3535,57,True,finite_mle,1,,-163.560510568,-163.519334629,0.0823518769775,4
3536,53,True,finite_mle,1,,-151.108017272,-150.244001339,1.72803186537,4
3537,55,True,finite_mle,1,,-155.19540161,-154.313477163,1.76384889359,4
3538,58,True,finite_mle,1,,-166.072942543,-163.14560069,5.85468370662,4
3539,55,True,finite_mle,1,,-161.396092808,-161.065446573,0.661292469369,4
3540,61,True,finite_mle,1,,-168.873803633,-167.842425384,2.06275649815,4
3541,63,True,finite_mle,1,,-174.311589701,-174.018676037,0.585827328154,4
3542,61,True,finite_mle,1,,-160.191360335,-158.598537664,3.18564534117,4
3543,45,True,finite_mle,1,,-142.289903517,-141.221311497,2.13718403864,4
3544,57,True,finite_mle,1,,-161.515819443,-160.355809853,2.32001918034,4
3545,69,True,finite_mle,1,,-185.686818071,-185.60264645,0.168343241722,4
3546,65,True,finite_mle,1,,-176.638563674,-176.227002286,0.823122777064,4
3547,64,True,finite_mle,1,,-174.574617231,-174.434036468,0.281161526041,4
3548,49,True,finite_mle,1,,-147.949328619,-147.852466526,0.193724187215,4
3549,56,True,finite_mle,1,,-161.476045621,-160.781698635,1.38869397229,4
3550,54,True,finite_mle,1,,-159.90499049,-159.12527144,1.55943810145,4
3551,64,True,finite_mle,1,,-178.278774093,-177.271524049,2.01450008674,4
3552,46,True,finite_mle,1,,-144.006694818,-142.603099616,2.80719040471,4
3553,50,True,finite_mle,1,,-147.216639768,-147.068600509,0.296078519141,4
3554,64,True,finite_mle,1,,-172.395762763,-172.395522787,0.000479952047669,4
3555,57,True,finite_mle,1,,-159.621533952,-155.114169006,9.01472989108,4
3556,57,True,finite_mle,1,,-164.315309624,-163.923944108,0.782731032932,4
3557,65,True,finite_mle,1,,-171.715241045,-169.026005935,5.37847021922,4
3558,58,True,finite_mle,1,,-164.32224668,-163.054949943,2.53459347331,4
3559,55,True,finite_mle,1,,-158.062016051,-156.694050706,2.73593069072,4
3560,60,True,finite_mle,1,,-165.515107753,-164.972960216,1.08429507276,4
3561,65,True,finite_mle,1,,-176.11946411,-175.612348534,1.01423115226,4
3562,57,True,finite_mle,1,,-160.416812964,-159.589058263,1.65550940208,4
3563,59,True,finite_mle,1,,-164.673683514,-162.937766318,3.4718343914,4
3564,54,True,finite_mle,1,,-156.898853479,-156.64534017,0.507026616436,4
3565,63,True,finite_mle,1,,-174.309117905,-171.016218834,6.58579814261,4
3566,55,True,finite_mle,1,,-156.68143,-156.400844675,0.561170649508,4
3567,61,True,finite_mle,1,,-168.626823432,-167.396672515,2.46030183447,4
3568,53,True,finite_mle,1,,-156.892196546,-156.348278499,1.08783609371,4
3569,55,True,finite_mle,1,,-154.744434387,-154.045591447,1.39768587886,4
3570,53,True,finite_mle,1,,-155.927661871,-155.695924617,0.463474508967,4
3571,54,True,finite_mle,1,,-159.079033928,-158.873500711,0.411066435293,4
3572,49,True,finite_mle,1,,-149.219871078,-148.211603322,2.01653551092,4
3573,64,True,finite_mle,1,,-177.529558409,-175.854961733,3.34919335201,4
3574,78,True,finite_mle,1,,-198.581445159,-197.050782551,3.06132521602,4
3575,61,True,finite_mle,1,,-166.328274399,-164.187269469,4.28200986012,4
3576,77,True,finite_mle,1,,-195.060012031,-194.908321985,0.303380092116,4
3577,61,True,finite_mle,1,,-171.84337344,-171.713208679,0.260329521934,4
3578,62,True,finite_mle,1,,-172.63775875,-170.816673561,3.64217037827,4
3579,53,True,finite_mle,1,,-155.715767285,-154.484509389,2.46251579291,4
3580,63,True,finite_mle,1,,-170.278812116,-167.254284393,6.04905544666,4
3581,58,True,finite_mle,1,,-165.947650375,-164.93018322,2.03493431035,4
3582,65,True,finite_mle,1,,-177.983429034,-177.277490266,1.41187753599,4
3583,62,True,finite_mle,1,,-170.485092709,-168.712490417,3.54520458436,4
3584,62,True,finite_mle,1,,-173.157577816,-172.691965915,0.93122380141,4
3585,58,True,finite_mle,1,,-162.859146502,-162.409597764,0.899097476003,4
3586,57,True,finite_mle,1,,-164.000151838,-161.467601068,5.06510154064,4
3587,57,True,finite_mle,1,,-155.917617109,-154.438157607,2.95891900403,4
3588,63,True,finite_mle,1,,-174.074120924,-173.792009457,0.564222933977,4
3589,61,True,finite_mle,1,,-173.398977762,-172.397507155,2.00294121435,4
3590,61,True,finite_mle,1,,-170.391134746,-170.257131902,0.268005689208,4
3591,49,True,finite_mle,1,,-147.99766732,-147.798287634,0.398759370295,4
3592,57,True,finite_mle,1,,-164.397485087,-164.396555725,0.00185872303467,4
3593,65,True,finite_mle,1,,-177.193249368,-176.997226307,0.392046121539,4
3594,53,True,finite_mle,1,,-154.09935795,-150.34738753,7.5039408404,4
3595,62,True,finite_mle,1,,-168.782908661,-167.373693127,2.81843106652,4
3596,58,True,finite_mle,1,,-165.063366364,-162.865821359,4.39509000919,4
3597,56,True,finite_mle,1,,-157.744078556,-156.208527831,3.07110145006,4
3598,57,True,finite_mle,1,,-158.85665203,-158.505822554,0.701658951911,4
3599,61,True,finite_mle,1,,-168.761971178,-165.414372778,6.69519680149,4
3600,55,True,finite_mle,1,,-158.419008728,-155.54988546,5.73824653634,4
3601,62,True,finite_mle,1,,-173.372278792,-172.646096524,1.45236453572,4
3602,47,True,finite_mle,1,,-145.824814624,-145.520648615,0.608332016961,4
3603,62,True,finite_mle,1,,-173.669630208,-171.656281411,4.02669759458,4
3604,53,True,finite_mle,1,,-153.009702106,-152.820190306,0.379023598286,4
3605,62,True,finite_mle,1,,-167.621167361,-166.429443454,2.3834478136,4
3606,53,True,finite_mle,1,,-154.772285235,-154.487575062,0.569420345962,4
3607,49,True,finite_mle,1,,-148.268300428,-147.085976018,2.36464881952,4
3608,49,True,finite_mle,1,,-148.557693457,-147.75489294,1.6056010329,4
3609,60,True,finite_mle,1,,-167.410468183,-166.866809263,1.08731783967,4
3610,51,True,finite_mle,1,,-154.445454423,-154.072277927,0.746352992377,4
3611,63,True,finite_mle,1,,-176.928726773,-175.737704215,2.38204511539,4
3612,53,True,finite_mle,1,,-151.646828491,-149.978985121,3.33568673916,4
3613,50,True,finite_mle,1,,-144.528245406,-143.541025759,1.97443929409,4
3614,45,True,finite_mle,1,,-137.525532232,-137.097471706,0.856121052369,4
3615,61,True,finite_mle,1,,-170.5572879,-170.361073291,0.392429218369,4
3616,60,True,finite_mle,1,,-166.494615449,-163.654085384,5.68106013065,4
3617,59,True,finite_mle,1,,-167.137493181,-165.385891746,3.5032028686,4
3618,60,True,finite_mle,1,,-170.109123499,-168.078842919,4.06056115927,4
3619,57,True,finite_mle,1,,-160.165140116,-159.963083887,0.404112458401,4
3620,39,True,finite_mle,1,,-124.633472647,-124.10040214,1.06614101257,4
3621,61,True,finite_mle,1,,-174.059626392,-172.631526102,2.8562005808,4
3622,67,True,finite_mle,1,,-182.857124629,-182.708798619,0.296652020993,4
3623,59,True,finite_mle,1,,-169.215315545,-167.216237731,3.99815562843,4
3624,51,True,finite_mle,1,,-149.359540926,-148.001169311,2.71674323021,4
3625,49,True,finite_mle,1,,-145.005509588,-144.882644565,0.245730047598,4
3626,57,True,finite_mle,1,,-164.05831228,-161.928296027,4.26003250525,4
3627,54,True,finite_mle,1,,-159.749887648,-158.77986762,1.94004005698,4
3628,53,True,finite_mle,1,,-151.602157392,-151.476407494,0.251499795094,4
3629,56,True,finite_mle,1,,-160.786949199,-159.019721567,3.53445526343,4
3630,69,True,finite_mle,1,,-187.824043527,-187.560331059,0.527424936929,4
3631,63,True,finite_mle,1,,-173.186438862,-171.850426192,2.67202533974,4
3632,60,True,finite_mle,1,,-171.022840357,-170.07363529,1.89841013382,4
3633,45,True,finite_mle,1,,-138.093540437,-136.924164679,2.33875151734,4
3634,46,True,finite_mle,1,,-138.694157413,-137.941273527,1.5057677722,4
3635,74,True,finite_mle,1,,-196.074691254,-192.586275608,6.97683129188,4
3636,56,True,finite_mle,1,,-162.390621997,-161.269594914,2.24205416603,4
3637,56,True,finite_mle,1,,-157.964440062,-157.097772642,1.73333484029,4
3638,59,True,finite_mle,1,,-167.836071289,-167.318967064,1.03420845031,4
3639,57,True,finite_mle,1,,-163.899850214,-163.246523394,1.30665363943,4
3640,55,True,finite_mle,1,,-157.095231797,-156.579625509,1.03121257607,4
3641,63,True,finite_mle,1,,-169.97239854,-168.107594635,3.72960781001,4
3642,67,True,finite_mle,1,,-182.671760376,-182.518019043,0.307482665865,4
3643,57,True,finite_mle,1,,-163.267853509,-162.684082351,1.16754231744,4
3644,60,True,finite_mle,1,,-167.532879224,-167.394033172,0.277692103159,4
3645,58,True,finite_mle,1,,-162.383779761,-159.183268765,6.40102199126,4
3646,49,True,finite_mle,1,,-147.383890391,-146.471974422,1.82383193818,4
3647,62,True,finite_mle,1,,-169.328975731,-169.322790403,0.012370656869,4
3648,53,True,finite_mle,1,,-154.903496404,-154.640453027,0.526086754599,4
3649,61,True,finite_mle,1,,-171.492844151,-167.565021511,7.85564528006,4
3650,54,True,finite_mle,1,,-147.565303443,-146.301629784,2.52734731862,4
3651,59,True,finite_mle,1,,-167.422052798,-166.798363537,1.24737852186,4
3652,47,True,finite_mle,1,,-140.62654726,-140.43385606,0.385382399781,4
3653,49,True,finite_mle,1,,-145.164837293,-144.632319417,1.06503575209,4
3654,53,True,finite_mle,1,,-153.845084913,-153.454867088,0.780435650059,4
3655,57,True,finite_mle,1,,-158.292117185,-157.047606914,2.48902054124,4
3656,51,True,finite_mle,1,,-151.065756653,-150.30006188,1.53138954726,4
3657,44,True,finite_mle,1,,-138.318701165,-137.543364873,1.55067258356,4
3658,58,True,finite_mle,1,,-164.279324025,-161.658807612,5.24103282726,4
3659,57,True,finite_mle,1,,-164.929387845,-162.820628167,4.2175193557,4
3660,59,True,finite_mle,1,,-167.284320575,-166.132833097,2.30297495554,4
3661,50,True,finite_mle,1,,-146.457332578,-145.595337566,1.7239900237,4
3662,61,True,finite_mle,1,,-169.809204311,-169.044339793,1.52972903615,4
3663,58,True,finite_mle,1,,-165.407071364,-164.611927746,1.5902872342,4
3664,54,True,finite_mle,1,,-155.813149006,-155.575900393,0.474497225242,4
3665,61,True,finite_mle,1,,-169.078640629,-168.754860936,0.647559386335,4
3666,58,True,finite_mle,1,,-165.015751684,-164.119180959,1.79314144823,4
3667,60,True,finite_mle,1,,-166.867274831,-166.480717563,0.773114536072,4
3668,52,True,finite_mle,1,,-153.41397532,-152.946090369,0.935769901906,4
3669,62,True,finite_mle,1,,-170.255351653,-166.280793654,7.949115998,4
3670,52,True,finite_mle,1,,-151.543441648,-151.342573155,0.401736985455,4
3671,57,True,finite_mle,1,,-161.303914713,-161.207129475,0.193570475641,4
3672,58,True,finite_mle,1,,-163.745985765,-162.502374662,2.48722220612,4
3673,56,True,finite_mle,1,,-158.922348877,-158.312010147,1.2206774608,4
3674,52,True,finite_mle,1,,-156.61196186,-151.501846292,10.2202311378,4
3675,60,True,finite_mle,1,,-170.320589998,-170.268479426,0.104221143747,4
3676,58,True,finite_mle,1,,-153.961921365,-148.305429743,11.3129832433,4
3677,56,True,finite_mle,1,,-157.121989396,-153.720228237,6.80352231679,4
3678,57,True,finite_mle,1,,-164.287030334,-163.793105183,0.987850302859,4
3679,66,True,finite_mle,1,,-181.593664144,-181.370108797,0.447110693247,4
3680,61,True,finite_mle,1,,-163.022612104,-161.40769344,3.22983732657,4
3681,62,True,finite_mle,1,,-174.166669651,-173.408904927,1.51552944788,4
3682,51,True,finite_mle,1,,-149.877502986,-149.5744647,0.606076573583,4
3683,60,True,finite_mle,1,,-164.354978297,-163.15292059,2.40411541413,4
3684,64,True,finite_mle,1,,-177.018462404,-176.893148595,0.250627617818,4
3685,59,True,finite_mle,1,,-167.327905817,-166.906309626,0.843192381429,4
3686,44,True,finite_mle,1,,-136.787599018,-135.368891146,2.83741574277,4
3687,65,True,finite_mle,1,,-179.255280308,-178.425743665,1.65907328717,4
3688,63,True,finite_mle,1,,-169.622643275,-167.978091369,3.28910381245,4
3689,60,True,finite_mle,1,,-166.820101234,-166.648571089,0.343060291546,4
3690,57,True,finite_mle,1,,-163.991499081,-163.800950738,0.381096685714,4
3691,59,True,finite_mle,1,,-166.755074729,-164.683963746,4.14222196483,4
3692,56,True,finite_mle,1,,-163.257897227,-162.9968596,0.522075252775,4
3693,60,True,finite_mle,1,,-171.114898807,-170.327187554,1.57542250694,4
3694,47,True,finite_mle,1,,-143.903293463,-142.523262716,2.76006149356,4
3695,56,True,finite_mle,1,,-157.895423853,-155.161523699,5.46780030798,4
3696,62,True,finite_mle,1,,-165.447887857,-165.40192007,0.0919355732427,4
3697,55,True,finite_mle,1,,-160.289718359,-158.191964117,4.19550848424,4
3698,71,True,finite_mle,1,,-189.526802897,-189.453453065,0.146699664978,4
3699,67,True,finite_mle,1,,-181.327928161,-179.488671661,3.67851299903,4
3700,53,True,finite_mle,1,,-156.491193854,-154.355666686,4.27105433545,4
3701,71,True,finite_mle,1,,-189.790527005,-189.054753799,1.47154641123,4
3702,55,True,finite_mle,1,,-159.847505069,-159.528112516,0.638785104556,4
3703,56,True,finite_mle,1,,-155.667450515,-155.511866908,0.311167215501,4
3704,54,True,finite_mle,1,,-154.216742501,-151.329837542,5.77380991762,4
3705,59,True,finite_mle,1,,-168.899394367,-168.579711321,0.639366091168,4
3706,55,True,finite_mle,1,,-157.413634154,-156.918370893,0.990526520633,4
3707,53,True,finite_mle,1,,-150.449251381,-149.925170682,1.04816139781,4
3708,60,True,finite_mle,1,,-170.16137013,-169.266280261,1.79017973684,4
3709,52,True,finite_mle,1,,-153.46605176,-152.909775725,1.1125520712,4
3710,56,True,finite_mle,1,,-163.286176914,-163.270098254,0.0321573206779,4
3711,54,True,finite_mle,1,,-156.590922631,-156.032530371,1.1167845185,4
3712,44,True,finite_mle,1,,-132.807442959,-132.775455941,0.0639740369511,4
3713,53,True,finite_mle,1,,-156.757757251,-156.426899053,0.661716395677,4
3714,49,True,finite_mle,1,,-149.562335216,-147.764751236,3.59516796006,4
3715,58,True,finite_mle,1,,-163.23753142,-163.216047574,0.0429676908645,4
3716,57,True,finite_mle,1,,-158.948016065,-158.485535637,0.924960855968,4
3717,54,True,finite_mle,1,,-154.716875298,-154.528447114,0.376856367705,4
3718,53,True,finite_mle,1,,-153.587565079,-152.820372686,1.53438478554,4
3719,67,True,finite_mle,1,,-182.064762824,-180.8043683,2.52078904775,4
3720,62,True,finite_mle,1,,-169.326156617,-169.158287139,0.335738954651,4
3721,56,True,finite_mle,1,,-162.054023877,-161.701288864,0.705470026619,4
3722,65,True,finite_mle,1,,-181.075853503,-180.23039725,1.69091250629,4
3723,50,True,finite_mle,1,,-147.558196372,-146.70667509,1.70304256384,4
3724,60,True,finite_mle,1,,-162.791835075,-161.800051851,1.98356644831,4
3725,66,True,finite_mle,1,,-175.877477895,-175.497600236,0.759755318097,4
3726,55,True,finite_mle,1,,-157.740929662,-157.028801646,1.42425603122,4
3727,52,True,finite_mle,1,,-148.377697487,-148.18639833,0.382598314106,4
3728,54,True,finite_mle,1,,-159.972732373,-159.679525895,0.58641295554,4
3729,56,True,finite_mle,1,,-161.289179384,-160.560828228,1.45670231128,4
3730,60,True,finite_mle,1,,-168.823165983,-168.602321291,0.441689383509,4
3731,65,True,finite_mle,1,,-174.884955047,-170.72014441,8.32962127482,4
3732,66,True,finite_mle,1,,-177.040539478,-175.565711397,2.9496561616,4
3733,60,True,finite_mle,1,,-167.357597318,-167.171514422,0.372165792093,4
3734,50,True,finite_mle,1,,-149.892554819,-148.26006284,3.26498395739,4
3735,57,True,finite_mle,1,,-166.647196652,-166.252070615,0.79025207456,4
3736,67,True,finite_mle,1,,-183.200680736,-181.940264228,2.52083301587,4
3737,59,True,finite_mle,1,,-168.892351131,-168.828724634,0.127252993681,4
3738,64,True,finite_mle,1,,-173.125597053,-172.759975088,0.731243929873,4
3739,66,True,finite_mle,1,,-175.397807059,-171.955813969,6.88398618095,4
3740,62,True,finite_mle,1,,-174.131630467,-172.682818389,2.89762415574,4
3741,51,True,finite_mle,1,,-150.100658046,-149.97954805,0.242219992648,4
3742,70,True,finite_mle,1,,-183.506344996,-182.572432323,1.86782534569,4
3743,74,True,finite_mle,1,,-193.964934499,-193.276429798,1.37700940225,4
3744,61,True,finite_mle,1,,-172.247969773,-170.709999519,3.07594050625,4
3745,61,True,finite_mle,1,,-173.631014904,-173.589084197,0.0838614147879,4
3746,62,True,finite_mle,1,,-173.156517874,-172.19445185,1.92413204756,4
3747,60,True,finite_mle,1,,-166.034167587,-164.424535624,3.21926392643,4
3748,55,True,finite_mle,1,,-160.581073647,-158.716085699,3.72997589507,4
3749,63,True,finite_mle,1,,-174.893643195,-174.594532618,0.59822115426,4
3750,58,True,finite_mle,1,,-164.165085223,-162.362089688,3.60599107005,4
3751,50,True,finite_mle,1,,-146.191558958,-144.650669526,3.08177886346,4
3752,64,True,finite_mle,1,,-176.205750987,-175.409947912,1.59160615151,4
3753,60,True,finite_mle,1,,-164.054590049,-161.116408584,5.87636292968,4
3754,63,True,finite_mle,1,,-173.354169411,-171.261537613,4.18526359607,4
3755,54,True,finite_mle,1,,-159.032052249,-157.849470761,2.36516297572,4
3756,61,True,finite_mle,1,,-167.278420382,-167.211361668,0.134117428055,4
3757,58,True,finite_mle,1,,-164.377521854,-164.342728497,0.0695867145383,4
3758,61,True,finite_mle,1,,-169.825054382,-169.772225192,0.105658380257,4
3759,64,True,finite_mle,1,,-178.876171921,-178.707482022,0.337379799018,4
3760,58,True,finite_mle,1,,-167.70935447,-166.879881144,1.65894665159,4
3761,56,True,finite_mle,1,,-160.987569519,-159.995075884,1.98498726946,4
3762,46,True,finite_mle,1,,-130.53434871,-128.822063833,3.42456975386,4
3763,51,True,finite_mle,1,,-152.279872191,-152.183472538,0.192799305737,4
3764,65,True,finite_mle,1,,-174.900728625,-174.739912698,0.321631853456,4
3765,67,True,finite_mle,1,,-182.318524721,-181.685517114,1.26601521484,4
3766,72,True,finite_mle,1,,-184.914760648,-183.347196587,3.13512812205,4
3767,64,True,finite_mle,1,,-171.667083573,-170.41499618,2.50417478485,4
3768,54,True,finite_mle,1,,-156.315857034,-156.033879576,0.563954917017,4
3769,55,True,finite_mle,1,,-159.194220494,-157.707819776,2.97280143481,4
3770,53,True,finite_mle,1,,-154.838636111,-154.323826715,1.02961879279,4
3771,69,True,finite_mle,1,,-183.525162021,-182.554062728,1.94219858602,4
3772,68,True,finite_mle,1,,-183.969153188,-183.81303377,0.312238836487,4
3773,55,True,finite_mle,1,,-153.513715767,-153.361240925,0.304949685633,4
3774,61,True,finite_mle,1,,-170.862213082,-170.150026133,1.42437389686,4
3775,74,True,finite_mle,1,,-188.679532061,-188.040064229,1.2789356654,4
3776,57,True,finite_mle,1,,-159.189454273,-158.209786337,1.95933587364,4
3777,72,True,finite_mle,1,,-191.329691151,-190.577961296,1.50345971108,4
3778,57,True,finite_mle,1,,-165.280889413,-164.767139947,1.02749893113,4
3779,57,True,finite_mle,1,,-159.888428343,-159.06683774,1.64318120695,4
3780,68,True,finite_mle,1,,-182.32060739,-181.562195371,1.51682403885,4
3781,60,True,finite_mle,1,,-166.530468331,-166.261967026,0.537002608665,4
3782,72,True,finite_mle,1,,-188.763142283,-188.07188012,1.3825243262,4
3783,58,True,finite_mle,1,,-160.365854421,-158.974183724,2.78334139275,4
3784,60,True,finite_mle,1,,-168.953292628,-167.933387508,2.03981024161,4
3785,68,True,finite_mle,1,,-180.912264244,-179.626657248,2.57121399245,4
3786,59,True,finite_mle,1,,-164.048520657,-162.892244339,2.31255263615,4
3787,62,True,finite_mle,1,,-167.902578707,-167.766956243,0.271244926739,4
3788,69,True,finite_mle,1,,-182.860922095,-182.161223753,1.39939668263,4
3789,61,True,finite_mle,1,,-170.328758292,-167.902144104,4.85322837503,4
3790,66,True,finite_mle,1,,-173.929543351,-173.698140816,0.462805069933,4
3791,43,True,finite_mle,1,,-135.643164634,-135.466362796,0.353603675773,4
3792,58,True,finite_mle,1,,-162.226757915,-158.664644379,7.12422707302,4
3793,66,True,finite_mle,1,,-181.109276549,-180.649654737,0.919243624879,4
3794,60,True,finite_mle,1,,-167.417697335,-166.922228606,0.990937457667,4
3795,54,True,finite_mle,1,,-157.934131292,-153.100688612,9.66688536003,4
3796,59,True,finite_mle,1,,-157.949461833,-157.176373267,1.54617713091,4
3797,65,True,finite_mle,1,,-175.746572198,-175.121139843,1.25086471007,4
3798,54,True,finite_mle,1,,-158.034569396,-157.397176892,1.27478500844,4
3799,51,True,finite_mle,1,,-145.776375719,-145.257821928,1.0371075811,4
3800,74,True,finite_mle,1,,-187.994737356,-186.347344259,3.29478619327,4
3801,62,True,finite_mle,1,,-172.129649866,-171.870819957,0.517659817869,4
3802,55,True,finite_mle,1,,-155.661103387,-155.048707353,1.2247920694,4
3803,65,True,finite_mle,1,,-178.80506861,-178.803901304,0.00233461145785,4
3804,61,True,finite_mle,1,,-167.460116495,-166.454155628,2.01192173506,4
3805,69,True,finite_mle,1,,-187.021213188,-185.127168722,3.78808893144,4
3806,58,True,finite_mle,1,,-166.886228842,-166.018261517,1.73593465083,4
3807,63,True,finite_mle,1,,-173.862443521,-173.777865248,0.16915654595,4
3808,48,True,finite_mle,1,,-142.938783654,-139.405350591,7.06686612632,4
3809,55,True,finite_mle,1,,-158.830247485,-158.254091801,1.15231136878,4
3810,57,True,finite_mle,1,,-155.059969233,-150.230981794,9.65797487794,4
3811,58,True,finite_mle,1,,-164.659721601,-164.21726201,0.884919182365,4
3812,58,True,finite_mle,1,,-164.271338383,-163.631786287,1.27910419334,4
3813,55,True,finite_mle,1,,-160.933687453,-160.126461759,1.61445138746,4
3814,54,True,finite_mle,1,,-156.221970239,-155.951980025,0.539980427143,4
3815,65,True,finite_mle,1,,-177.383670385,-175.069829868,4.62768103442,4
3816,65,True,finite_mle,1,,-178.276725666,-176.641586371,3.27027858998,4
3817,67,True,finite_mle,1,,-181.7852038,-181.719465003,0.131477594257,4
3818,67,True,finite_mle,1,,-181.137710949,-179.890690351,2.49404119695,4
3819,64,True,finite_mle,1,,-176.125420376,-175.502640019,1.245560715,4
3820,49,True,finite_mle,1,,-150.838682418,-149.245849691,3.18566545446,4
3821,63,True,finite_mle,1,,-172.721844996,-170.904506866,3.63467626115,4
3822,64,True,finite_mle,1,,-171.49614364,-170.198438653,2.59540997383,4
3823,63,True,finite_mle,1,,-170.018220935,-169.967713037,0.10101579491,4
3824,53,True,finite_mle,1,,-151.111279261,-150.398101204,1.42635611342,4
3825,61,True,finite_mle,1,,-169.002541835,-166.209669492,5.58574468515,4
3826,58,True,finite_mle,1,,-158.187591146,-157.832631828,0.709918636387,4
3827,58,True,finite_mle,1,,-166.662070551,-165.779828805,1.76448349327,4
3828,68,True,finite_mle,1,,-185.649443384,-185.086166631,1.12655350477,4
3829,53,True,finite_mle,1,,-151.075537981,-149.289821537,3.57143288914,4
3830,57,True,finite_mle,1,,-162.633277248,-159.570216274,6.12612194627,4
3831,70,True,finite_mle,1,,-185.249556279,-184.839548089,0.820016381299,4
3832,52,True,finite_mle,1,,-153.329577037,-152.844253938,0.970646197402,4
3833,60,True,finite_mle,1,,-168.802555578,-166.365130661,4.87484983303,4
3834,56,True,finite_mle,1,,-158.036190863,-156.892034125,2.28831347628,4
3835,58,True,finite_mle,1,,-164.98747345,-161.142905831,7.68913523744,4
3836,58,True,finite_mle,1,,-165.955851494,-165.596057193,0.719588601934,4
3837,57,True,finite_mle,1,,-158.297937189,-155.396057731,5.80375891637,4
3838,60,True,finite_mle,1,,-168.723224058,-168.055049921,1.33634827377,4
3839,65,True,finite_mle,1,,-176.904696345,-176.303550991,1.20229070691,4
3840,64,True,finite_mle,1,,-177.136007384,-177.114243356,0.0435280547479,4
3841,50,True,finite_mle,1,,-149.742556321,-149.05487434,1.37536396103,4
3842,58,True,finite_mle,1,,-166.334520259,-164.105922268,4.45719598275,4
3843,56,True,finite_mle,1,,-164.301513593,-163.960605099,0.681816987125,4
3844,55,True,finite_mle,1,,-157.133457993,-155.455170746,3.35657449266,4
3845,59,True,finite_mle,1,,-169.288064094,-168.851590249,0.872947689999,4
3846,56,True,finite_mle,1,,-160.940427932,-157.109564096,7.66172767154,4
3847,61,True,finite_mle,1,,-172.110736975,-170.935596422,2.35028110667,4
3848,59,True,finite_mle,1,,-163.903107617,-163.099910311,1.60639461166,4
3849,71,True,finite_mle,1,,-189.863941978,-181.604715412,16.518453131,4
3850,42,True,finite_mle,1,,-131.655742592,-131.25306346,0.805358264479,4
3851,51,True,finite_mle,1,,-149.529979802,-149.447901684,0.164156237412,4
3852,54,True,finite_mle,1,,-158.997289639,-158.613507688,0.76756390143,4
3853,59,True,finite_mle,1,,-169.370045404,-168.703644196,1.33280241492,4
3854,52,True,finite_mle,1,,-154.546627891,-152.350223176,4.39280943093,4
3855,60,True,finite_mle,1,,-166.813489558,-165.709936161,2.20710679383,4
3856,51,True,finite_mle,1,,-148.719873815,-147.946953217,1.54584119561,4
3857,56,True,finite_mle,1,,-161.505477036,-161.429981807,0.150990459458,4
3858,50,True,finite_mle,1,,-147.568177558,-145.749519735,3.63731564682,4
3859,61,True,finite_mle,1,,-169.681281313,-169.152181507,1.05819961206,4
3860,52,True,finite_mle,1,,-151.804256881,-151.478000993,0.652511775118,4
3861,56,True,finite_mle,1,,-163.70490185,-162.241830759,2.92614218122,4
3862,62,True,finite_mle,1,,-173.940835567,-172.857916209,2.16583871536,4
3863,61,True,finite_mle,1,,-170.064080714,-169.365115711,1.3979300069,4
3864,64,True,finite_mle,1,,-172.822038513,-172.509452648,0.625171729216,4
3865,61,True,finite_mle,1,,-172.290942474,-172.010355309,0.561174329413,4
3866,66,True,finite_mle,1,,-181.223952146,-176.53262316,9.38265797197,4
3867,61,True,finite_mle,1,,-173.164534783,-172.805225162,0.718619242944,4
3868,49,True,finite_mle,1,,-148.808244623,-146.868894543,3.87870016135,4
3869,46,True,finite_mle,1,,-141.796943718,-140.479011953,2.63586353051,4
3870,51,True,finite_mle,1,,-150.319451147,-149.050679626,2.5375430407,4
3871,52,True,finite_mle,1,,-154.211571849,-149.908050964,8.60704176928,4
3872,55,True,finite_mle,1,,-159.959813728,-159.752235969,0.415155517399,4
3873,55,True,finite_mle,1,,-158.669548051,-158.435008594,0.469078914442,4
3874,55,True,finite_mle,1,,-159.589584777,-158.174914693,2.82934016796,4
3875,62,True,finite_mle,1,,-169.908043613,-169.148797748,1.51849172863,4
3876,60,True,finite_mle,1,,-172.119409619,-171.71695697,0.804905298377,4
3877,56,True,finite_mle,1,,-161.80450037,-158.745972306,6.11705612821,4
3878,59,True,finite_mle,1,,-167.506443904,-167.292221375,0.428445057661,4
3879,67,True,finite_mle,1,,-178.199324647,-176.456636803,3.4853756881,4
3880,58,True,finite_mle,1,,-167.28689212,-167.18568508,0.202414080097,4
3881,68,True,finite_mle,1,,-171.268104094,-170.724694787,1.08681861484,4
3882,51,True,finite_mle,1,,-149.045741715,-148.718257987,0.654967455544,4
3883,57,True,finite_mle,1,,-159.884057534,-159.147386169,1.47334272999,4
3884,55,True,finite_mle,1,,-158.25951061,-158.12626757,0.266486078973,4
3885,50,True,finite_mle,1,,-148.542491552,-144.400565613,8.28385187903,4
3886,65,True,finite_mle,1,,-179.371982691,-179.076439372,0.591086637329,4
3887,63,True,finite_mle,1,,-171.898576331,-171.791846483,0.213459695625,4
3888,60,True,finite_mle,1,,-168.672300426,-166.041157426,5.262286001,4
3889,57,True,finite_mle,1,,-160.300271875,-160.149543352,0.301457046163,4
3890,54,True,finite_mle,1,,-158.112062246,-157.794723712,0.634677068766,4
3891,56,True,finite_mle,1,,-160.561856928,-160.536521842,0.0506701729176,4
3892,61,True,finite_mle,1,,-171.356733896,-170.814854584,1.08375862381,4
3893,45,True,finite_mle,1,,-141.326132604,-141.13883314,0.374598927894,4
3894,62,True,finite_mle,1,,-165.849321071,-164.241554478,3.21553318581,4
3895,56,True,finite_mle,1,,-164.157456311,-163.150102632,2.01470735947,4
3896,69,True,finite_mle,1,,-181.5391716,-179.909302325,3.25973854892,4
3897,60,True,finite_mle,1,,-166.571663276,-165.341611635,2.46010328085,4
3898,53,True,finite_mle,1,,-152.113103102,-151.87576757,0.474671064466,4
3899,60,True,finite_mle,1,,-167.955809382,-167.002444824,1.90672911567,4
3900,51,True,finite_mle,1,,-149.63792916,-149.39463192,0.48659448158,4
3901,58,True,finite_mle,1,,-166.555216895,-164.715439532,3.67955472567,4
3902,67,True,finite_mle,1,,-177.807373013,-177.552231703,0.510282620932,4
3903,52,True,finite_mle,1,,-152.642472004,-152.35052561,0.583892788212,4
3904,59,True,finite_mle,1,,-164.915411578,-161.774084073,6.28265501097,4
3905,58,True,finite_mle,1,,-159.271413211,-158.406111984,1.7306024533,4
3906,63,True,finite_mle,1,,-166.975470886,-166.586084102,0.778773568449,4
3907,53,True,finite_mle,1,,-153.855614227,-152.485328856,2.74057074236,4
3908,55,True,finite_mle,1,,-161.740675394,-161.269247071,0.942856647324,4
3909,63,True,finite_mle,1,,-176.018556898,-175.702870336,0.631373123523,4
3910,67,True,finite_mle,1,,-181.91456343,-179.913165878,4.00279510395,4
3911,57,True,finite_mle,1,,-160.796308427,-160.439512271,0.713592310986,4
3912,62,True,finite_mle,1,,-172.231800015,-171.604672622,1.25425478698,4
3913,56,True,finite_mle,1,,-158.091162955,-157.475779401,1.23076710826,4
3914,63,True,finite_mle,1,,-168.038935415,-168.026067946,0.0257349375056,4
3915,65,True,finite_mle,1,,-175.952850092,-173.789139841,4.32742050132,4
3916,53,True,finite_mle,1,,-155.932577919,-155.865650563,0.133854712138,4
3917,56,True,finite_mle,1,,-162.765263307,-161.748730592,2.03306543005,4
3918,55,True,finite_mle,1,,-160.889692833,-158.762645398,4.2540948709,4
3919,59,True,finite_mle,1,,-166.244739875,-163.705656476,5.0781667979,4
3920,54,True,finite_mle,1,,-154.374722439,-153.808222927,1.13299902279,4
3921,53,True,finite_mle,1,,-155.778691458,-155.102003755,1.35337540658,4
3922,71,True,finite_mle,1,,-183.482899001,-183.015565872,0.934666257152,4
3923,63,True,finite_mle,1,,-167.579037132,-164.602029377,5.95401551027,4
3924,62,True,finite_mle,1,,-171.18559935,-169.864934216,2.64133026685,4
3925,74,True,finite_mle,1,,-193.641344409,-193.004935777,1.27281726388,4
3926,61,True,finite_mle,1,,-170.77267048,-170.480744602,0.583851756481,4
3927,66,True,finite_mle,1,,-177.445561902,-177.275215582,0.340692641867,4
3928,61,True,finite_mle,1,,-171.715878527,-171.47875667,0.474243714604,4
3929,57,True,finite_mle,1,,-163.679968791,-163.521910203,0.316117175434,4
3930,56,True,finite_mle,1,,-163.371526145,-162.921136627,0.900779034563,4
3931,51,True,finite_mle,1,,-150.306534727,-149.537617391,1.53783467261,4
3932,61,True,finite_mle,1,,-170.163061834,-169.162378693,2.00136628179,4
3933,46,True,finite_mle,1,,-141.787554994,-140.947889024,1.67933194121,4
3934,64,True,finite_mle,1,,-176.540559184,-173.681388492,5.71834138325,4
3935,57,True,finite_mle,1,,-158.984649353,-158.325402982,1.31849274305,4
3936,56,True,finite_mle,1,,-164.100281542,-162.479693686,3.24117571321,4
3937,62,True,finite_mle,1,,-173.420316405,-170.650513997,5.53960481519,4
3938,62,True,finite_mle,1,,-168.870641301,-163.957638957,9.8260046877,4
3939,53,True,finite_mle,1,,-151.038105679,-150.906251545,0.263708268673,4
3940,63,True,finite_mle,1,,-173.103606118,-170.793075022,4.62106219194,4
3941,64,True,finite_mle,1,,-177.135471536,-175.433414843,3.4041133858,4
3942,48,True,finite_mle,1,,-143.713118712,-143.125205318,1.17582678817,4
3943,56,True,finite_mle,1,,-154.575196826,-153.009297865,3.131797923,4
3944,48,True,finite_mle,1,,-145.628964238,-144.380793106,2.49634226484,4
3945,49,True,finite_mle,1,,-145.351151939,-144.393043032,1.91621781373,4
3946,62,True,finite_mle,1,,-167.511574764,-166.829830028,1.36348947155,4
3947,55,True,finite_mle,1,,-156.689239929,-154.139772464,5.0989349313,4
3948,54,True,finite_mle,1,,-158.411495155,-157.105136246,2.61271781963,4
3949,69,True,finite_mle,1,,-185.772591155,-184.606607435,2.33196744034,4
3950,60,True,finite_mle,1,,-169.847339933,-169.800661434,0.0933569987961,4
3951,74,True,finite_mle,1,,-195.489802994,-193.295394551,4.38881688545,4
3952,63,True,finite_mle,1,,-175.331154161,-175.112841523,0.436625277056,4
3953,58,True,finite_mle,1,,-165.720922641,-164.498839561,2.44416615983,4
3954,58,True,finite_mle,1,,-163.636383897,-161.465365308,4.34203717757,4
3955,55,True,finite_mle,1,,-159.148346663,-158.973212658,0.350268009512,4
3956,67,True,finite_mle,1,,-181.541794912,-179.762887975,3.55781387415,4
3957,61,True,finite_mle,1,,-170.102871473,-169.94596786,0.313807226778,4
3958,59,True,finite_mle,1,,-166.196558631,-165.051095244,2.29092677329,4
3959,49,True,finite_mle,1,,-148.156248547,-147.017334677,2.2778277402,4
3960,50,True,finite_mle,1,,-151.434138643,-148.959265567,4.94974615198,4
3961,57,True,finite_mle,1,,-164.366250783,-164.053534973,0.625431620275,4
3962,65,True,finite_mle,1,,-180.394831411,-178.812944864,3.16377309227,4
3963,55,True,finite_mle,1,,-162.000878795,-161.834841873,0.332073844477,4
3964,54,True,finite_mle,1,,-152.111055481,-151.891494633,0.439121696164,4
3965,53,True,finite_mle,1,,-154.705477945,-154.503621726,0.403712437525,4
3966,61,True,finite_mle,1,,-165.646476894,-164.336866246,2.61922129537,4
3967,60,True,finite_mle,1,,-168.893979673,-168.622794246,0.542370854678,4
3968,56,True,finite_mle,1,,-157.974005272,-157.644144967,0.659720610705,4
3969,57,True,finite_mle,1,,-159.063076842,-158.613520915,0.89911185417,4
3970,76,True,finite_mle,1,,-194.620610019,-194.170002218,0.901215602304,4
3971,50,True,finite_mle,1,,-148.513350918,-144.115507893,8.79568605018,4
3972,59,True,finite_mle,1,,-167.270263245,-167.071878988,0.396768513462,4
3973,58,True,finite_mle,1,,-166.615394611,-166.131300786,0.968187648595,4
3974,65,True,finite_mle,1,,-177.723580416,-177.713064529,0.0210317731503,4
3975,50,True,finite_mle,1,,-148.108985766,-147.244510844,1.7289498435,4
3976,54,True,finite_mle,1,,-158.915848621,-157.251367202,3.32896283745,4
3977,54,True,finite_mle,1,,-156.319587608,-156.246977566,0.145220085259,4
3978,55,True,finite_mle,1,,-159.262844588,-158.863906682,0.797875812431,4
3979,38,True,finite_mle,1,,-121.877700737,-116.749061823,10.2572778275,4
3980,56,True,finite_mle,1,,-161.215462725,-160.977253928,0.476417594798,4
3981,48,True,finite_mle,1,,-143.685037103,-143.353448814,0.663176577896,4
3982,63,True,finite_mle,1,,-173.055938892,-172.444530704,1.2228163756,4
3983,58,True,finite_mle,1,,-165.166700161,-164.221430547,1.89053922923,4
3984,58,True,finite_mle,1,,-156.785610482,-155.547779603,2.47566175902,4
3985,60,True,finite_mle,1,,-167.475467803,-166.534557836,1.88181993525,4
3986,55,True,finite_mle,1,,-159.767630421,-159.61923483,0.296791182108,4
3987,48,True,finite_mle,1,,-147.903206448,-145.467554945,4.87130300672,4
3988,53,True,finite_mle,1,,-155.691325943,-155.129474434,1.12370301784,4
3989,62,True,finite_mle,1,,-174.999548684,-174.497590076,1.00391721723,4
3990,64,True,finite_mle,1,,-176.742089676,-176.34572413,0.792731091978,4
3991,57,True,finite_mle,1,,-163.814769112,-163.020750886,1.58803645278,4
3992,69,True,finite_mle,1,,-178.97129458,-177.903765532,2.13505809597,4
3993,60,True,finite_mle,1,,-166.974439201,-166.883923197,0.181032007896,4
3994,52,True,finite_mle,1,,-155.57137941,-154.782005455,1.57874790956,4
3995,58,True,finite_mle,1,,-160.439434182,-158.527985125,3.8228981145,4
3996,61,True,finite_mle,1,,-167.040587207,-166.661842589,0.757489235407,4
3997,59,True,finite_mle,1,,-165.594557347,-165.149486966,0.89014076234,4
3998,64,True,finite_mle,1,,-172.065406092,-171.439110876,1.25259043318,4
3999,55,True,finite_mle,1,,-157.446169515,-157.016608443,0.859122143927,4
4000,49,True,finite_mle,1,,-148.032734774,-146.50528319,3.05490316907,4
4001,58,True,finite_mle,1,,-164.152539723,-160.739498626,6.826082194,4
4002,58,True,finite_mle,1,,-158.128316708,-156.859718521,2.53719637383,4
4003,65,True,finite_mle,1,,-179.935900543,-178.806742398,2.25831629026,4
4004,65,True,finite_mle,1,,-178.676148006,-178.591091056,0.170113900852,4
4005,59,True,finite_mle,1,,-168.975307267,-168.479702328,0.991209878285,4
4006,54,True,finite_mle,1,,-158.790774701,-158.118278517,1.34499236748,4
4007,48,True,finite_mle,1,,-143.65646058,-142.234185879,2.84454940147,4
4008,54,True,finite_mle,1,,-153.281022808,-152.881550551,0.798944513506,4
4009,43,True,finite_mle,1,,-135.831115511,-135.131659509,1.39891200409,4
4010,70,True,finite_mle,1,,-180.402811376,-180.258842861,0.287937029734,4
4011,43,True,finite_mle,1,,-136.677597814,-135.576210424,2.20277478079,4
4012,74,True,finite_mle,1,,-189.336008947,-188.26963272,2.13275245327,4
4013,60,True,finite_mle,1,,-166.570585791,-164.651529861,3.83811185975,4
4014,61,True,finite_mle,1,,-172.348121945,-172.146037445,0.404168999946,4
4015,61,True,finite_mle,1,,-173.374244136,-173.155078248,0.43833177541,4
4016,51,True,finite_mle,1,,-152.792310595,-147.659629761,10.2653616689,4
4017,58,True,finite_mle,1,,-167.31176115,-165.05620724,4.5111078205,4
4018,61,True,finite_mle,1,,-165.980321389,-165.935869701,0.0889033755086,4
4019,51,True,finite_mle,1,,-151.974790124,-151.770554204,0.408471839329,4
4020,59,True,finite_mle,1,,-168.388802197,-167.019524779,2.73855483619,4
4021,66,True,finite_mle,1,,-179.875980182,-179.696887136,0.358186092255,4
4022,58,True,finite_mle,1,,-166.674577948,-166.529334468,0.290486959216,4
4023,66,True,finite_mle,1,,-177.924926296,-175.415587987,5.01867661775,4
4024,54,True,finite_mle,1,,-159.487366443,-159.11633438,0.742064126365,4
4025,51,True,finite_mle,1,,-151.169297767,-147.595202124,7.14819128629,4
4026,49,True,finite_mle,1,,-146.293382858,-143.834051141,4.91866343502,4
4027,56,True,finite_mle,1,,-162.311514926,-162.114098806,0.394832240197,4
4028,60,True,finite_mle,1,,-167.024198358,-165.396941507,3.25451370183,4
4029,57,True,finite_mle,1,,-159.554387545,-159.401799764,0.305175562688,4
4030,68,True,finite_mle,1,,-181.705881163,-181.068397326,1.27496767498,4
4031,57,True,finite_mle,1,,-162.152344496,-160.320521166,3.66364665914,4
4032,56,True,finite_mle,1,,-159.223783551,-158.340472391,1.76662232148,4
4033,55,True,finite_mle,1,,-159.041586821,-158.975282443,0.132608756382,4
4034,56,True,finite_mle,1,,-159.053220814,-158.941519137,0.223403354043,4
4035,58,True,finite_mle,1,,-163.395082405,-162.344597473,2.10096986218,4
4036,58,True,finite_mle,1,,-164.813852075,-163.267103938,3.09349627377,4
4037,72,True,finite_mle,1,,-189.747779309,-189.618909288,0.257740041365,4
4038,46,True,finite_mle,1,,-144.021255112,-143.794696935,0.453116353874,4
4039,52,True,finite_mle,1,,-149.14072321,-146.194609358,5.89222770412,4
4040,65,True,finite_mle,1,,-178.286701856,-176.975798035,2.62180764278,4
4041,59,True,finite_mle,1,,-162.252430358,-160.503297389,3.49826593861,4
4042,62,True,finite_mle,1,,-174.60241374,-173.503522569,2.197782342,4
4043,54,True,finite_mle,1,,-155.356973116,-154.105882601,2.50218102904,4
4044,59,True,finite_mle,1,,-168.902408028,-167.893994036,2.01682798329,4
4045,47,True,finite_mle,1,,-143.384412184,-143.016056614,0.736711141199,4
4046,50,True,finite_mle,1,,-149.959657023,-149.558489566,0.802334913846,4
4047,56,True,finite_mle,1,,-162.062217055,-161.960034713,0.204364685357,4
4048,54,True,finite_mle,1,,-157.116454114,-156.704866016,0.823176195434,4
4049,46,True,finite_mle,1,,-138.200670208,-137.146967958,2.10740450063,4
4050,53,True,finite_mle,1,,-157.68299565,-156.647855025,2.07028124886,4
4051,47,True,finite_mle,1,,-143.548282173,-142.992507832,1.11154868167,4
4052,60,True,finite_mle,1,,-169.741811262,-168.72300306,2.03761640526,4
4053,59,True,finite_mle,1,,-165.876768832,-164.420074262,2.91338913972,4
4054,58,True,finite_mle,1,,-162.477514456,-161.454786824,2.04545526412,4
4055,57,True,finite_mle,1,,-163.43249292,-163.353546886,0.157892067855,4
4056,63,True,finite_mle,1,,-174.486062359,-173.739236389,1.49365194063,4
4057,62,True,finite_mle,1,,-172.213694171,-170.844129384,2.7391295741,4
4058,56,True,finite_mle,1,,-157.395231708,-156.537019113,1.71642519008,4
4059,72,True,finite_mle,1,,-185.545040719,-184.937711293,1.21465885166,4
4060,47,True,finite_mle,1,,-144.675562354,-144.603788372,0.143547964325,4
4061,58,True,finite_mle,1,,-163.691743227,-163.424943681,0.533599093141,4
4062,53,True,finite_mle,1,,-157.951505617,-157.83148539,0.240040455631,4
4063,51,True,finite_mle,1,,-145.885945339,-145.458551781,0.854787117139,4
4064,58,True,finite_mle,1,,-166.485317329,-165.619433442,1.73176777431,4
4065,55,True,finite_mle,1,,-154.687978096,-150.738326318,7.89930355676,4
4066,55,True,finite_mle,1,,-156.977600949,-152.928166492,8.09886891255,4
4067,60,True,finite_mle,1,,-169.736007592,-169.226853966,1.01830725061,4
4068,64,True,finite_mle,1,,-172.774857487,-172.47347594,0.60276309444,4
4069,63,True,finite_mle,1,,-176.667461487,-176.577337833,0.180247306804,4
4070,60,True,finite_mle,1,,-168.219910338,-166.311093879,3.81763291903,4
4071,46,True,finite_mle,1,,-143.046470685,-141.722053409,2.64883455302,4
4072,70,True,finite_mle,1,,-186.101539498,-186.034615759,0.133847479558,4
4073,65,True,finite_mle,1,,-173.47790785,-173.23882075,0.478174199589,4
4074,49,True,finite_mle,1,,-148.571353416,-148.549742499,0.0432218331462,4
4075,64,True,finite_mle,1,,-171.474860904,-169.461704032,4.02631374331,4
4076,61,True,finite_mle,1,,-170.544377537,-169.529417042,2.02992098962,4
4077,49,True,finite_mle,1,,-150.612987113,-150.489689203,0.246595819341,4
4078,48,True,finite_mle,1,,-145.907224104,-144.365345226,3.08375775473,4
4079,50,True,finite_mle,1,,-150.024427457,-148.882082455,2.28469000406,4
4080,53,True,finite_mle,1,,-156.71660667,-151.107608557,11.2179962256,4
4081,55,True,finite_mle,1,,-158.830345922,-158.552004809,0.55668222454,4
4082,50,True,finite_mle,1,,-150.588347469,-150.438566761,0.299561415414,4
4083,69,True,finite_mle,1,,-181.593725801,-180.415577821,2.35629595968,4
4084,54,True,finite_mle,1,,-154.249750835,-150.039385776,8.42073011865,4
4085,62,True,finite_mle,1,,-169.1477732,-166.837004489,4.62153742296,4
4086,60,True,finite_mle,1,,-167.561911933,-167.072004895,0.979814076947,4
4087,65,True,finite_mle,1,,-175.681902616,-173.775367479,3.81307027386,4
4088,55,True,finite_mle,1,,-154.361718047,-153.898717001,0.926002091888,4
4089,57,True,finite_mle,1,,-159.012023848,-158.682249177,0.659549340508,4
4090,55,True,finite_mle,1,,-160.21113378,-159.834153819,0.753959920987,4
4091,58,True,finite_mle,1,,-167.744770126,-167.460082822,0.569374606345,4
4092,56,True,finite_mle,1,,-160.915795383,-160.602570271,0.626450223595,4
4093,47,True,finite_mle,1,,-144.265265751,-143.847451534,0.835628435039,4
4094,60,True,finite_mle,1,,-168.403123313,-166.716450531,3.37334556325,4
4095,62,True,finite_mle,1,,-175.4589195,-174.298110201,2.32161859626,4
4096,67,True,finite_mle,1,,-181.352924567,-180.713331665,1.27918580442,4
4097,50,True,finite_mle,1,,-145.307886331,-141.363428892,7.88891487775,4
4098,56,True,finite_mle,1,,-163.226575857,-162.681562842,1.09002603084,4
4099,58,True,finite_mle,1,,-160.145689769,-159.9399231,0.411533336871,4
4100,55,True,finite_mle,1,,-158.779988612,-156.826461959,3.907053306,4
4101,54,True,finite_mle,1,,-155.005139869,-154.484746021,1.04078769679,4
4102,59,True,finite_mle,1,,-162.496193647,-160.031579372,4.92922854978,4
4103,57,True,finite_mle,1,,-160.452966751,-158.858645259,3.18864298478,4
4104,60,True,finite_mle,1,,-170.124469129,-169.639471353,0.969995550227,4
4105,53,True,finite_mle,1,,-152.079861192,-151.137815884,1.8840906173,4
4106,54,True,finite_mle,1,,-152.911602963,-152.823900017,0.175405892244,4
4107,48,True,finite_mle,1,,-144.853648453,-143.778852149,2.14959260645,4
4108,41,True,finite_mle,1,,-127.061334943,-126.159150571,1.80436874341,4
4109,61,True,finite_mle,1,,-171.83235545,-170.865040965,1.93462896926,4
4110,57,True,finite_mle,1,,-165.625040906,-165.337696855,0.574688102473,4
4111,55,True,finite_mle,1,,-159.205130232,-159.062292088,0.285676287961,4
4112,48,True,finite_mle,1,,-144.560210446,-143.504155042,2.11211080855,4
4113,58,True,finite_mle,1,,-161.870020441,-161.225520602,1.28899967746,4
4114,65,True,finite_mle,1,,-179.669169439,-175.919254837,7.49982920478,4
4115,61,True,finite_mle,1,,-169.237969459,-168.106875797,2.26218732435,4
4116,70,True,finite_mle,1,,-182.237654263,-181.08394242,2.30742368728,4
4117,61,True,finite_mle,1,,-171.327802186,-170.731502809,1.19259875347,4
4118,55,True,finite_mle,1,,-156.865180728,-153.917424754,5.89551194871,4
4119,56,True,finite_mle,1,,-159.668897428,-157.979392032,3.37901079177,4
4120,52,True,finite_mle,1,,-154.140720226,-151.173530732,5.93437898756,4
4121,54,True,finite_mle,1,,-156.366677521,-154.471302782,3.79074947818,4
4122,50,True,finite_mle,1,,-146.643266067,-145.054286037,3.17796006023,4
4123,57,True,finite_mle,1,,-155.283724934,-155.216378448,0.134692970172,4
4124,57,True,finite_mle,1,,-162.2331479,-161.464572061,1.53715167724,4
4125,47,True,finite_mle,1,,-144.84586484,-143.517371534,2.65698661291,4
4126,52,True,finite_mle,1,,-153.307398358,-153.082896735,0.449003245096,4
4127,63,True,finite_mle,1,,-175.705820611,-175.264936297,0.881768627164,4
4128,61,True,finite_mle,1,,-173.061134968,-172.881222535,0.359824865091,4
4129,54,True,finite_mle,1,,-159.264565182,-157.950939877,2.62725061065,4
4130,54,True,finite_mle,1,,-158.303491262,-157.818348008,0.970286509809,4
4131,53,True,finite_mle,1,,-153.246622056,-152.231172604,2.03089890381,4
4132,63,True,finite_mle,1,,-175.523509854,-175.510638817,0.0257420734874,4
4133,68,True,finite_mle,1,,-180.868786247,-176.86310045,8.01137159298,4
4134,57,True,finite_mle,1,,-161.466923642,-161.349375306,0.235096672188,4
4135,54,True,finite_mle,1,,-152.752555889,-152.069800275,1.36551122738,4
4136,74,True,finite_mle,1,,-189.653940478,-188.789821653,1.72823764898,4
4137,64,True,finite_mle,1,,-174.852751344,-174.715247076,0.275008535961,4
4138,60,True,finite_mle,1,,-166.760574237,-166.10021739,1.32071369346,4
4139,62,True,finite_mle,1,,-173.37130365,-171.091558356,4.55949058912,4
4140,59,True,finite_mle,1,,-168.105035272,-166.222067357,3.7659358301,4
4141,61,True,finite_mle,1,,-171.628887777,-171.584293891,0.089187772031,4
4142,65,True,finite_mle,1,,-167.032168075,-164.443893417,5.17654931665,4
4143,57,True,finite_mle,1,,-163.255339596,-162.188713726,2.13325173984,4
4144,55,True,finite_mle,1,,-156.706333035,-156.03885328,1.33495950922,4
4145,49,True,finite_mle,1,,-148.889701326,-148.614542322,0.550318008196,4
4146,67,True,finite_mle,1,,-184.222307883,-183.164171704,2.1162723589,4
4147,42,True,finite_mle,1,,-132.654398236,-132.336629297,0.635537877376,4
4148,62,True,finite_mle,1,,-171.435528901,-169.451555634,3.96794653302,4
4149,64,True,finite_mle,1,,-178.922044484,-178.042394925,1.75929911801,4
4150,57,True,finite_mle,1,,-163.913785041,-163.633632671,0.560304739548,4
4151,62,True,finite_mle,1,,-163.245783925,-161.523492103,3.44458364426,4
4152,71,True,finite_mle,1,,-190.84177372,-188.360452922,4.96264159685,4
4153,71,True,finite_mle,1,,-187.009994244,-186.557320567,0.905347354103,4
4154,61,True,finite_mle,1,,-169.2169399,-167.997780582,2.43831863671,4
4155,57,True,finite_mle,1,,-160.024409465,-158.164680713,3.7194575034,4
4156,49,True,finite_mle,1,,-146.435918718,-143.685636132,5.50056517149,4
4157,60,True,finite_mle,1,,-167.469043441,-167.015972989,0.906140904596,4
4158,55,True,finite_mle,1,,-159.658653672,-159.609388731,0.0985298818892,4
4159,51,True,finite_mle,1,,-148.861670973,-147.636771874,2.44979819783,4
4160,50,True,finite_mle,1,,-149.521649525,-149.319228914,0.404841220422,4
4161,58,True,finite_mle,1,,-166.264602024,-165.313343972,1.90251610305,4
4162,64,True,finite_mle,1,,-172.120205809,-172.107471412,0.0254687953001,4
4163,66,True,finite_mle,1,,-174.311061294,-173.544807713,1.53250716203,4
4164,58,True,finite_mle,1,,-162.339537429,-160.36192479,3.95522527822,4
4165,60,True,finite_mle,1,,-170.893793814,-169.712510527,2.36256657513,4
4166,55,True,finite_mle,1,,-155.30138678,-150.639657821,9.32345791751,4
4167,64,True,finite_mle,1,,-172.5945247,-170.623884426,3.9412805486,4
4168,60,True,finite_mle,1,,-167.320508773,-166.849796038,0.941425469984,4
4169,68,True,finite_mle,1,,-176.89472388,-176.735195002,0.319057756318,4
4170,52,True,finite_mle,1,,-151.877528778,-150.564363059,2.62633143832,4
4171,53,True,finite_mle,1,,-152.973230948,-152.861402656,0.223656584531,4
4172,48,True,finite_mle,1,,-140.026538101,-139.70482903,0.643418142271,4
4173,58,True,finite_mle,1,,-166.500971268,-164.990160332,3.02162187366,4
4174,55,True,finite_mle,1,,-158.890772379,-157.637866079,2.50581260101,4
4175,55,True,finite_mle,1,,-157.613709597,-157.140757252,0.94590469036,4
4176,48,True,finite_mle,1,,-143.688310152,-143.376478121,0.623664060695,4
4177,56,True,finite_mle,1,,-160.78059578,-160.755246473,0.0506986149824,4
4178,60,True,finite_mle,1,,-166.527776528,-166.357587996,0.340377064639,4
4179,63,True,finite_mle,1,,-173.227543506,-169.196009029,8.06306895414,4
4180,57,True,finite_mle,1,,-164.457595766,-161.462229629,5.99073227449,4
4181,52,True,finite_mle,1,,-156.520605317,-156.010480366,1.02024990111,4
4182,67,True,finite_mle,1,,-180.652009153,-179.214539017,2.87494027362,4
4183,53,True,finite_mle,1,,-155.167337424,-153.624204402,3.08626604351,4
4184,60,True,finite_mle,1,,-164.605553468,-161.707784603,5.79553772982,4
4185,54,True,finite_mle,1,,-155.898419912,-155.443448257,0.909943310616,4
4186,46,True,finite_mle,1,,-143.252776495,-139.774620495,6.95631200135,4
4187,64,True,finite_mle,1,,-177.007437072,-175.136610701,3.74165274222,4
4188,48,True,finite_mle,1,,-140.808855658,-139.829434383,1.95884255129,4
4189,67,True,finite_mle,1,,-179.603850387,-178.619696099,1.96830857666,4
4190,57,True,finite_mle,1,,-161.137598457,-160.838213725,0.598769462843,4
4191,59,True,finite_mle,1,,-165.835271228,-163.986550941,3.69744057518,4
4192,51,True,finite_mle,1,,-154.784647845,-154.528058909,0.513177871411,4
4193,47,True,finite_mle,1,,-143.958345541,-143.711654203,0.49338267665,4
4194,54,True,finite_mle,1,,-157.054542179,-156.955224994,0.198634370553,4
4195,56,True,finite_mle,1,,-161.380030989,-161.070910265,0.618241447479,4
4196,65,True,finite_mle,1,,-177.440588991,-176.437993739,2.00519050496,4
4197,55,True,finite_mle,1,,-160.701344313,-158.23117145,4.94034572683,4
4198,50,True,finite_mle,1,,-147.739416194,-147.504498926,0.469834536128,4
4199,50,True,finite_mle,1,,-145.124037353,-143.235601095,3.77687251569,4
4200,57,True,finite_mle,1,,-161.363895171,-160.073828783,2.58013277599,4
4201,42,True,finite_mle,1,,-132.591954733,-132.11487131,0.95416684449,4
4202,43,True,finite_mle,1,,-135.240843941,-134.829974075,0.82173973174,4
4203,50,True,finite_mle,1,,-149.153248264,-147.636853449,3.03278963062,4
4204,64,True,finite_mle,1,,-175.826746766,-175.065706385,1.52208076238,4
4205,63,True,finite_mle,1,,-174.413003157,-173.525988229,1.77402985583,4
4206,63,True,finite_mle,1,,-171.475258633,-170.488673013,1.97317124077,4
4207,60,True,finite_mle,1,,-169.838639802,-168.547514127,2.58225135004,4
4208,57,True,finite_mle,1,,-160.281428919,-159.852067584,0.85872266914,4
4209,50,True,finite_mle,1,,-146.720455379,-146.641645752,0.157619252889,4
4210,67,True,finite_mle,1,,-182.151121542,-180.757778063,2.78668695802,4
4211,54,True,finite_mle,1,,-158.899734688,-158.222855532,1.35375831073,4
4212,64,True,finite_mle,1,,-176.195320493,-175.179243412,2.03215416131,4
4213,54,True,finite_mle,1,,-158.487654517,-158.140251533,0.694805969354,4
4214,51,True,finite_mle,1,,-153.380731527,-149.231808578,8.29784589642,4
4215,60,True,finite_mle,1,,-164.638203532,-163.962770644,1.35086577621,4
4216,58,True,finite_mle,1,,-163.936627109,-163.776189572,0.320875073235,4
4217,50,True,finite_mle,1,,-151.078669543,-148.264314458,5.62871017051,4
4218,47,True,finite_mle,1,,-145.275031527,-144.891008349,0.768046356677,4
4219,53,True,finite_mle,1,,-157.300533047,-153.323886238,7.95329361755,4
4220,58,True,finite_mle,1,,-163.020888833,-162.146499652,1.74877836171,4
4221,53,True,finite_mle,1,,-154.875719399,-153.643740248,2.46395830097,4
4222,51,True,finite_mle,1,,-148.024728797,-147.365649546,1.31815850244,4
4223,53,True,finite_mle,1,,-156.396171811,-155.224116195,2.34411123218,4
4224,54,True,finite_mle,1,,-156.09231692,-152.702264803,6.7801042334,4
4225,61,True,finite_mle,1,,-165.683566744,-164.633115376,2.10090273725,4
4226,60,True,finite_mle,1,,-170.682423368,-170.53473997,0.295366796101,4
4227,59,True,finite_mle,1,,-164.252345503,-164.040768159,0.423154689654,4
4228,60,True,finite_mle,1,,-162.087198324,-160.664182125,2.84603239744,4
4229,64,True,finite_mle,1,,-174.179698038,-172.695107476,2.96918112338,4
4230,74,True,finite_mle,1,,-182.958778647,-182.779431961,0.358693371162,4
4231,56,True,finite_mle,1,,-158.715669703,-157.067101805,3.29713579579,4
4232,66,True,finite_mle,1,,-178.408061857,-175.852497158,5.11112939759,4
4233,54,True,finite_mle,1,,-156.604947493,-155.048854661,3.11218566402,4
4234,56,True,finite_mle,1,,-163.444911014,-162.420539121,2.04874378754,4
4235,58,True,finite_mle,1,,-162.650333508,-161.866342177,1.56798266103,4
4236,59,True,finite_mle,1,,-162.517426542,-160.42535843,4.18413622389,4
4237,45,True,finite_mle,1,,-133.155468833,-126.828436577,12.6540645123,4
4238,63,True,finite_mle,1,,-175.153398956,-173.562100823,3.18259626531,4
4239,50,True,finite_mle,1,,-148.476500681,-148.46223359,0.0285341812085,4
4240,53,True,finite_mle,1,,-157.05176358,-156.714171903,0.675183354335,4
4241,43,True,finite_mle,1,,-133.462320125,-130.289662262,6.34531572703,4
4242,60,True,finite_mle,1,,-170.234314033,-166.991474284,6.48567949862,4
4243,64,True,finite_mle,1,,-176.941635769,-176.614279709,0.65471212041,4
4244,61,True,finite_mle,1,,-164.768491202,-160.492262188,8.55245802749,4
4245,58,True,finite_mle,1,,-164.504243464,-162.240791565,4.52690379772,4
4246,53,True,finite_mle,1,,-156.229065177,-155.026089963,2.40595042684,4
4247,66,True,finite_mle,1,,-176.964430318,-174.544853958,4.83915272031,4
4248,50,True,finite_mle,1,,-151.339576079,-151.272794286,0.133563586278,4
4249,60,True,finite_mle,1,,-169.523647677,-169.049117281,0.949060792593,4
4250,58,True,finite_mle,1,,-165.94675246,-165.813739299,0.266026321934,4
4251,71,True,finite_mle,1,,-188.832577134,-188.473209056,0.718736156981,4
4252,57,True,finite_mle,1,,-165.280430953,-164.805157181,0.950547544553,4
4253,49,True,finite_mle,1,,-147.175442196,-141.529235759,11.2924128751,4
4254,59,True,finite_mle,1,,-165.274473431,-164.24525664,2.05843358248,4
4255,49,True,finite_mle,1,,-143.197655695,-140.037991508,6.3193283743,4
4256,50,True,finite_mle,1,,-149.973539152,-147.18857568,5.56992694414,4
4257,58,True,finite_mle,1,,-166.800040495,-165.73783646,2.12440806922,4
4258,51,True,finite_mle,1,,-146.393737254,-146.103854046,0.579766415827,4
4259,64,True,finite_mle,1,,-174.436950017,-174.245191672,0.38351669025,4
4260,61,True,finite_mle,1,,-167.891357179,-165.95101852,3.88067731793,4
4261,51,True,finite_mle,1,,-151.917020525,-151.373480343,1.08708036443,4
4262,54,True,finite_mle,1,,-157.616059094,-157.181229686,0.869658816668,4
4263,59,True,finite_mle,1,,-165.354491368,-164.069995262,2.56899221073,4
4264,61,True,finite_mle,1,,-171.374136109,-170.601340192,1.54559183433,4
4265,52,True,finite_mle,1,,-150.20978401,-147.698155399,5.02325722252,4
4266,54,True,finite_mle,1,,-158.618139154,-156.729922367,3.77643357326,4
4267,61,True,finite_mle,1,,-170.652479982,-170.570702497,0.163554969668,4
4268,61,True,finite_mle,1,,-168.056612187,-167.731312734,0.650598906177,4
4269,60,True,finite_mle,1,,-161.965272388,-160.786696202,2.35715237266,4
4270,64,True,finite_mle,1,,-174.093724623,-173.866172772,0.455103700203,4
4271,53,True,finite_mle,1,,-156.063188598,-155.400693973,1.32498925137,4
4272,63,True,finite_mle,1,,-175.829693065,-175.689388757,0.280608615635,4
4273,60,True,finite_mle,1,,-169.390857115,-166.346806954,6.08810032258,4
4274,61,True,finite_mle,1,,-164.861417651,-163.133097497,3.45664030844,4
4275,58,True,finite_mle,1,,-161.354949385,-159.626772925,3.45635291956,4
4276,66,True,finite_mle,1,,-177.822903157,-177.494152301,0.657501712108,4
4277,63,True,finite_mle,1,,-176.459976636,-176.397889145,0.124174982594,4
4278,63,True,finite_mle,1,,-177.652870669,-177.178762535,0.94821626874,4
4279,63,True,finite_mle,1,,-172.756994747,-171.86845404,1.77708141439,4
4280,72,True,finite_mle,1,,-186.814466938,-185.781138079,2.06665771789,4
4281,74,True,finite_mle,1,,-194.404975796,-194.389427941,0.0310957093006,4
4282,57,True,finite_mle,1,,-162.705205685,-162.607074199,0.196262972708,4
4283,55,True,finite_mle,1,,-161.659543707,-158.222393052,6.87430131135,4
4284,63,True,finite_mle,1,,-165.142649057,-164.842584056,0.600130003111,4
4285,54,True,finite_mle,1,,-153.17545898,-152.924737532,0.50144289695,4
4286,55,True,finite_mle,1,,-157.616387768,-156.210318112,2.81213931302,4
4287,62,True,finite_mle,1,,-173.775444348,-171.692667256,4.16555418502,4
4288,66,True,finite_mle,1,,-177.428376512,-176.135514117,2.58572478914,4
4289,50,True,finite_mle,1,,-144.394222775,-142.099271319,4.58990291123,4
4290,56,True,finite_mle,1,,-160.123456918,-158.124488976,3.99793588413,4
4291,60,True,finite_mle,1,,-167.828397286,-167.518269921,0.620254730019,4
4292,69,True,finite_mle,1,,-185.621355375,-185.114258291,1.01419416763,4
4293,60,True,finite_mle,1,,-163.189411385,-162.08591545,2.2069918696,4
4294,49,True,finite_mle,1,,-145.89481925,-141.469738735,8.85016103098,4
4295,60,True,finite_mle,1,,-161.189273259,-160.371392486,1.63576154673,4
4296,63,True,finite_mle,1,,-173.483042722,-173.108505842,0.749073761812,4
4297,60,True,finite_mle,1,,-169.398395518,-168.851851445,1.09308814567,4
4298,72,True,finite_mle,1,,-187.306518636,-187.078311889,0.456413495559,4
4299,56,True,finite_mle,1,,-161.855299309,-159.847731972,4.01513467284,4
4300,53,True,finite_mle,1,,-154.658003622,-151.8553957,5.60521584423,4
4301,57,True,finite_mle,1,,-166.317909056,-165.391327743,1.85316262748,4
4302,53,True,finite_mle,1,,-158.178584956,-156.152772405,4.05162510273,4
4303,51,True,finite_mle,1,,-150.10156473,-149.795622378,0.611884703044,4
4304,51,True,finite_mle,1,,-154.258182998,-153.794702884,0.926960227367,4
4305,56,True,finite_mle,1,,-159.429305546,-159.157052212,0.54450666726,4
4306,63,True,finite_mle,1,,-171.709532559,-170.483309222,2.45244667457,4
4307,61,True,finite_mle,1,,-166.758341863,-165.33906088,2.8385619674,4
4308,52,True,finite_mle,1,,-154.278121719,-153.861622792,0.832997853846,4
4309,57,True,finite_mle,1,,-160.530508793,-159.942409095,1.17619939583,4
4310,47,True,finite_mle,1,,-141.404331702,-140.091593088,2.62547722801,4
4311,66,True,finite_mle,1,,-178.274295808,-177.458228445,1.63213472439,4
4312,62,True,finite_mle,1,,-169.691184688,-169.514242651,0.353884075397,4
4313,67,True,finite_mle,1,,-180.063316212,-176.51725976,7.09211290455,4
4314,60,True,finite_mle,1,,-169.099543126,-168.812826381,0.573433490091,4
4315,64,True,finite_mle,1,,-176.655512104,-175.467255049,2.37651410862,4
4316,57,True,finite_mle,1,,-159.673317384,-158.723422721,1.89978932665,4
4317,48,True,finite_mle,1,,-145.666009078,-143.275020024,4.78197810802,4
4318,58,True,finite_mle,1,,-156.791865348,-156.621639394,0.340451907209,4
4319,72,True,finite_mle,1,,-187.236364574,-186.8676736,0.737381949463,4
4320,54,True,finite_mle,1,,-156.999895165,-155.585478057,2.82883421504,4
4321,47,True,finite_mle,1,,-138.441608441,-138.361911314,0.159394253919,4
4322,69,True,finite_mle,1,,-179.96197557,-179.932472654,0.0590058319349,4
4323,67,True,finite_mle,1,,-178.931669145,-176.062760195,5.73781789971,4
4324,65,True,finite_mle,1,,-178.594407083,-177.21243034,2.76395348731,4
4325,61,True,finite_mle,1,,-168.016813676,-167.467808482,1.09801038928,4
4326,56,True,finite_mle,1,,-164.631305975,-164.604134704,0.0543425418975,4
4327,62,True,finite_mle,1,,-169.315454052,-169.234642065,0.161623974817,4
4328,59,True,finite_mle,1,,-164.325318275,-164.102596771,0.445443007299,4
4329,52,True,finite_mle,1,,-156.15206549,-155.94049512,0.423140739779,4
4330,58,True,finite_mle,1,,-163.45729798,-157.531417018,11.8517619241,4
4331,58,True,finite_mle,1,,-166.954239865,-165.606219523,2.69604068467,4
4332,60,True,finite_mle,1,,-168.905453103,-167.870763965,2.06937827447,4
4333,61,True,finite_mle,1,,-171.085335938,-170.247048242,1.6765753919,4
4334,64,True,finite_mle,1,,-174.754567126,-173.952757482,1.60361928811,4
4335,62,True,finite_mle,1,,-173.994321256,-173.638148783,0.712344944887,4
4336,57,True,finite_mle,1,,-162.500648259,-161.10901364,2.78326923835,4
4337,58,True,finite_mle,1,,-163.234429449,-162.985446266,0.497966364224,4
4338,63,True,finite_mle,1,,-173.183555706,-172.947618122,0.471875167821,4
4339,69,True,finite_mle,1,,-187.363157559,-186.454350922,1.81761327403,4
4340,59,True,finite_mle,1,,-165.771539949,-164.626745783,2.28958833236,4
4341,54,True,finite_mle,1,,-155.773217387,-154.982072068,1.58229063821,4
4342,49,True,finite_mle,1,,-141.280382151,-137.813610905,6.93354249128,4
4343,68,True,finite_mle,1,,-181.569443614,-181.519748749,0.0993897305466,4
4344,63,True,finite_mle,1,,-170.243678538,-168.328980207,3.82939666191,4
4345,46,True,finite_mle,1,,-136.549386303,-135.414518803,2.26973499931,4
4346,61,True,finite_mle,1,,-171.425421022,-170.604958266,1.64092551202,4
4347,51,True,finite_mle,1,,-149.434884349,-149.092904912,0.683958873092,4
4348,53,True,finite_mle,1,,-151.357682607,-151.11310215,0.489160913936,4
4349,49,True,finite_mle,1,,-147.35142726,-146.958667023,0.785520473302,4
4350,51,True,finite_mle,1,,-152.939218484,-152.26742901,1.34357894973,4
4351,55,True,finite_mle,1,,-162.175078334,-160.620650238,3.1088561918,4
4352,60,True,finite_mle,1,,-167.762835047,-167.022545492,1.4805791091,4
4353,56,True,finite_mle,1,,-160.303910386,-160.159794724,0.288231324797,4
4354,57,True,finite_mle,1,,-161.039970472,-160.742967533,0.594005878627,4
4355,48,True,finite_mle,1,,-146.396984024,-146.018057495,0.757853058491,4
4356,60,True,finite_mle,1,,-164.559135451,-164.410455134,0.297360634542,4
4357,58,True,finite_mle,1,,-168.685423041,-168.275962761,0.818920559628,4
4358,48,True,finite_mle,1,,-146.818615515,-145.965329422,1.70657218599,4
4359,63,True,finite_mle,1,,-173.367470543,-173.174599947,0.385741191799,4
4360,57,True,finite_mle,1,,-165.44512682,-164.602495947,1.6852617475,4
4361,66,True,finite_mle,1,,-174.7953975,-174.183659261,1.22347647785,4
4362,50,True,finite_mle,1,,-149.808293434,-148.570169876,2.47624711615,4
4363,59,True,finite_mle,1,,-167.657969283,-166.51267309,2.29059238765,4
4364,58,True,finite_mle,1,,-164.41677505,-162.947806244,2.93793761302,4
4365,66,True,finite_mle,1,,-179.051045185,-178.961301905,0.17948655866,4
4366,56,True,finite_mle,1,,-158.813565403,-158.642025623,0.343079559029,4
4367,60,True,finite_mle,1,,-167.346719366,-165.818773139,3.05589245437,4
4368,50,True,finite_mle,1,,-149.542037337,-148.807561824,1.46895102668,4
4369,67,True,finite_mle,1,,-181.902831261,-179.958538633,3.88858525566,4
4370,51,True,finite_mle,1,,-146.379157128,-146.2305842,0.297145857641,4
4371,64,True,finite_mle,1,,-173.323722712,-171.967520823,2.71240377857,4
4372,57,True,finite_mle,1,,-164.79747098,-163.645711877,2.30351820628,4
4373,60,True,finite_mle,1,,-169.569775575,-167.151438858,4.83667343399,4
4374,55,True,finite_mle,1,,-160.203040731,-159.556221094,1.29363927417,4
4375,61,True,finite_mle,1,,-170.257922842,-169.754672044,1.00650159623,4
4376,59,True,finite_mle,1,,-165.74429679,-164.286304517,2.91598454706,4
4377,58,True,finite_mle,1,,-164.07876114,-162.678416764,2.80068875078,4
4378,63,True,finite_mle,1,,-171.739221411,-168.970005724,5.53843137378,4
4379,54,True,finite_mle,1,,-160.769995891,-160.202262607,1.13546656801,4
4380,59,True,finite_mle,1,,-163.1437263,-162.612639554,1.06217349362,4
4381,60,True,finite_mle,1,,-168.784623884,-168.653322094,0.262603581577,4
4382,66,True,finite_mle,1,,-170.686056035,-169.914494625,1.5431228215,4
4383,49,True,finite_mle,1,,-146.750033996,-146.294728685,0.910610623093,4
4384,60,True,finite_mle,1,,-169.789758453,-168.570062444,2.43939201795,4
4385,60,True,finite_mle,1,,-164.822580976,-163.992334948,1.66049205564,4
4386,55,True,finite_mle,1,,-159.606051448,-158.55396623,2.10417043537,4
4387,54,True,finite_mle,1,,-159.495407931,-159.117687516,0.755440829282,4
4388,61,True,finite_mle,1,,-165.115344222,-163.916423684,2.39784107508,4
4389,52,True,finite_mle,1,,-154.197740897,-154.190308553,0.0148646874447,4
4390,58,True,finite_mle,1,,-165.610317659,-165.45925678,0.302121757731,4
4391,53,True,finite_mle,1,,-155.71803525,-153.499015824,4.43803885149,4
4392,62,True,finite_mle,1,,-170.948028668,-170.569933557,0.756190221479,4
4393,55,True,finite_mle,1,,-157.982129841,-157.578371873,0.807515937009,4
4394,54,True,finite_mle,1,,-157.833243381,-156.509477698,2.64753136583,4
4395,52,True,finite_mle,1,,-149.072040918,-148.739472395,0.665137045514,4
4396,51,True,finite_mle,1,,-151.188931575,-149.864815702,2.64823174599,4
4397,64,True,finite_mle,1,,-174.39306516,-173.989269349,0.807591621382,4
4398,63,True,finite_mle,1,,-175.573950301,-175.035459522,1.07698155924,4
4399,53,True,finite_mle,1,,-155.944575105,-155.651303886,0.586542437289,4
4400,54,True,finite_mle,1,,-159.706035667,-158.322021982,2.76802737124,4
4401,57,True,finite_mle,1,,-163.769335105,-163.119200298,1.30026961444,4
4402,53,True,finite_mle,1,,-157.19245292,-155.476411811,3.43208221914,4
4403,56,True,finite_mle,1,,-157.743474522,-156.794274559,1.89839992559,4
4404,49,True,finite_mle,1,,-144.492840834,-144.187047394,0.611586880131,4
4405,54,True,finite_mle,1,,-159.346945469,-158.787399776,1.11909138458,4
4406,68,True,finite_mle,1,,-182.548121796,-182.261510981,0.573221630606,4
4407,65,True,finite_mle,1,,-179.314002093,-178.838711828,0.950580530816,4
4408,56,True,finite_mle,1,,-163.03164553,-162.810666414,0.44195823146,4
4409,55,True,finite_mle,1,,-160.456494592,-158.133104668,4.64677984837,4
4410,73,True,finite_mle,1,,-190.823612641,-190.163981386,1.31926250902,4
4411,56,True,finite_mle,1,,-161.317370743,-160.952964977,0.72881153129,4
4412,60,True,finite_mle,1,,-167.099079949,-166.106805637,1.98454862368,4
4413,57,True,finite_mle,1,,-161.305718431,-159.97567442,2.66008802231,4
4414,57,True,finite_mle,1,,-163.075589716,-162.955354354,0.24047072391,4
4415,46,True,finite_mle,1,,-144.118953103,-143.348602038,1.54070213129,4
4416,57,True,finite_mle,1,,-157.372849385,-156.28881531,2.16806814986,4
4417,62,True,finite_mle,1,,-170.4156698,-168.984091068,2.86315746408,4
4418,52,True,finite_mle,1,,-150.660820081,-149.937978055,1.44568405317,4
4419,60,True,finite_mle,1,,-167.998380718,-167.291044629,1.41467217777,4
4420,66,True,finite_mle,1,,-178.325752997,-178.132082437,0.387341119841,4
4421,64,True,finite_mle,1,,-173.145617957,-170.436788488,5.41765893842,4
4422,58,True,finite_mle,1,,-166.737314523,-166.704804223,0.0650205996799,4
4423,49,True,finite_mle,1,,-147.27527573,-147.23668712,0.0771772204229,4
4424,61,True,finite_mle,1,,-167.93497385,-167.309619971,1.25070775715,4
4425,48,True,finite_mle,1,,-147.379573845,-144.191930036,6.37528761838,4
4426,58,True,finite_mle,1,,-165.713007426,-165.460804822,0.504405207876,4
4427,54,True,finite_mle,1,,-154.757122216,-153.776808177,1.96062807652,4
4428,50,True,finite_mle,1,,-149.848524914,-149.291175643,1.11469854133,4
4429,59,True,finite_mle,1,,-169.358339375,-167.735633734,3.24541128274,4
4430,60,True,finite_mle,1,,-166.56687218,-165.846879664,1.43998503228,4
4431,41,True,finite_mle,1,,-122.618709292,-120.562302328,4.11281392813,4
4432,51,True,finite_mle,1,,-152.795919047,-151.926396481,1.73904513275,4
4433,52,True,finite_mle,1,,-147.652563471,-146.524255394,2.25661615341,4
4434,56,True,finite_mle,1,,-162.511100962,-162.454502111,0.113197702239,4
4435,50,True,finite_mle,1,,-149.992814832,-149.731084018,0.52346162656,4
4436,52,True,finite_mle,1,,-150.874856809,-148.789153156,4.17140730517,4
4437,53,True,finite_mle,1,,-153.043500324,-152.356740289,1.37352006973,4
4438,56,True,finite_mle,1,,-159.455748186,-159.420189179,0.0711180138738,4
4439,55,True,finite_mle,1,,-160.73789994,-157.899178457,5.67744296705,4
4440,50,True,finite_mle,1,,-148.65321583,-147.891193154,1.5240453506,4
4441,54,True,finite_mle,1,,-155.262088162,-151.921637925,6.68090047344,4
4442,58,True,finite_mle,1,,-164.899187189,-164.841088154,0.116198069961,4
4443,59,True,finite_mle,1,,-168.56185534,-166.361211776,4.40128712727,4
4444,52,True,finite_mle,1,,-152.856263457,-152.601029502,0.510467910195,4
4445,51,True,finite_mle,1,,-149.301012785,-147.170792044,4.26044148069,4
4446,60,True,finite_mle,1,,-169.206867536,-168.885885206,0.64196466016,4
4447,53,True,finite_mle,1,,-155.305176342,-151.095986407,8.41837987196,4
4448,57,True,finite_mle,1,,-161.043608605,-161.009337612,0.0685419856181,4
4449,66,True,finite_mle,1,,-178.591572517,-178.487437309,0.208270417712,4
4450,52,True,finite_mle,1,,-149.320824208,-148.511060234,1.6195279481,4
4451,59,True,finite_mle,1,,-167.674832736,-167.276045551,0.797574368803,4
4452,56,True,finite_mle,1,,-163.975749439,-163.844753231,0.261992415956,4
4453,72,True,finite_mle,1,,-191.150507958,-190.973093311,0.354829293347,4
4454,56,True,finite_mle,1,,-162.932243679,-162.889159312,0.086168734145,4
4455,51,True,finite_mle,1,,-154.528336653,-153.99052065,1.07563200721,4
4456,58,True,finite_mle,1,,-164.262003654,-162.951457787,2.62109173397,4
4457,68,True,finite_mle,1,,-175.493534764,-173.739046401,3.50897672619,4
4458,53,True,finite_mle,1,,-156.762465495,-156.298900976,0.927129039045,4
4459,65,True,finite_mle,1,,-178.552807163,-178.213195353,0.679223619681,4
4460,57,True,finite_mle,1,,-161.46450617,-161.032845734,0.86332087145,4
4461,61,True,finite_mle,1,,-171.50546039,-171.375365441,0.260189898687,4
4462,56,True,finite_mle,1,,-162.398668861,-161.821169052,1.15499961895,4
4463,61,True,finite_mle,1,,-167.175906973,-163.335318531,7.68117688376,4
4464,58,True,finite_mle,1,,-163.634576818,-162.534169374,2.2008148868,4
4465,61,True,finite_mle,1,,-167.643772457,-167.593418727,0.100707460401,4
4466,62,True,finite_mle,1,,-174.520428255,-171.0857556,6.86934531119,4
4467,63,True,finite_mle,1,,-172.807959792,-172.800862913,0.0141937570783,4
4468,59,True,finite_mle,1,,-164.14471847,-162.8308224,2.62779213836,4
4469,59,True,finite_mle,1,,-166.034948187,-165.936550343,0.196795688641,4
4470,63,True,finite_mle,1,,-171.583057974,-171.443635639,0.278844670034,4
4471,45,True,finite_mle,1,,-138.220773928,-136.925586801,2.59037425492,4
4472,55,True,finite_mle,1,,-158.212243838,-158.102267993,0.219951689751,4
4473,57,True,finite_mle,1,,-158.930252444,-157.487117682,2.88626952497,4
4474,63,True,finite_mle,1,,-174.232443737,-173.683119649,1.09864817688,4
4475,49,True,finite_mle,1,,-147.657293181,-146.796335001,1.72191636093,4
4476,57,True,finite_mle,1,,-162.423091515,-161.556544076,1.73309487816,4
4477,56,True,finite_mle,1,,-148.211470157,-147.962790525,0.497359263194,4
4478,55,True,finite_mle,1,,-160.104713073,-158.290588026,3.62825009343,4
4479,66,True,finite_mle,1,,-177.166544207,-175.852052663,2.62898308641,4
4480,56,True,finite_mle,1,,-158.894752491,-158.264601113,1.2603027545,4
4481,46,True,finite_mle,1,,-135.501342901,-134.575118673,1.85244845744,4
4482,55,True,finite_mle,1,,-160.499763418,-160.451061781,0.0974032735421,4
4483,51,True,finite_mle,1,,-146.610935084,-144.227334994,4.7672001795,4
4484,58,True,finite_mle,1,,-166.330716266,-166.14829063,0.364851272185,4
4485,61,True,finite_mle,1,,-171.925056879,-171.805309454,0.239494849045,4
4486,53,True,finite_mle,1,,-156.969022185,-155.862882886,2.21227859663,4
4487,67,True,finite_mle,1,,-176.723826705,-175.326376243,2.79490092215,4
4488,55,True,finite_mle,1,,-158.917777763,-158.902624012,0.0303075010201,4
4489,70,True,finite_mle,1,,-185.042706042,-184.964785751,0.155840582103,4
4490,61,True,finite_mle,1,,-172.253698558,-171.660480906,1.18643530507,4
4491,51,True,finite_mle,1,,-152.33246674,-151.29969064,2.06555219959,4
4492,52,True,finite_mle,1,,-146.138208706,-141.222632915,9.83115158018,4
4493,49,True,finite_mle,1,,-148.987227872,-148.742062042,0.490331661772,4
4494,53,True,finite_mle,1,,-149.960322893,-148.859507269,2.20163124818,4
4495,54,True,finite_mle,1,,-154.619737854,-153.962089126,1.31529745544,4
4496,55,True,finite_mle,1,,-156.056474457,-155.188455971,1.73603697272,4
4497,56,True,finite_mle,1,,-162.695592214,-161.361493584,2.66819726138,4
4498,57,True,finite_mle,1,,-161.812475371,-161.324064231,0.976822279907,4
4499,60,True,finite_mle,1,,-172.303236037,-171.911024187,0.784423700955,4
4500,58,True,finite_mle,1,,-164.184382164,-164.05846908,0.251826167042,4
4501,63,True,finite_mle,1,,-176.283204218,-175.647018952,1.27237053219,4
4502,61,True,finite_mle,1,,-169.076236852,-168.853950441,0.444572822771,4
4503,61,True,finite_mle,1,,-166.66957528,-164.65678021,4.02559014017,4
4504,56,True,finite_mle,1,,-164.515100026,-163.478994075,2.07221190099,4
4505,60,True,finite_mle,1,,-164.520921643,-161.591749611,5.85834406505,4
4506,61,True,finite_mle,1,,-170.072445748,-166.082366843,7.98015781028,4
4507,61,True,finite_mle,1,,-165.753451583,-164.414978614,2.6769459366,4
4508,55,True,finite_mle,1,,-161.778579307,-161.214523401,1.12811181309,4
4509,48,True,finite_mle,1,,-145.895903627,-144.540487164,2.71083292503,4
4510,55,True,finite_mle,1,,-156.406890322,-156.214675795,0.384429053279,4
4511,64,True,finite_mle,1,,-175.422861076,-170.669487918,9.50674631567,4
4512,68,True,finite_mle,1,,-178.682682754,-177.841905732,1.68155404308,4
4513,69,True,finite_mle,1,,-180.72069011,-179.389276637,2.66282694651,4
4514,58,True,finite_mle,1,,-160.621616324,-159.524330233,2.19457218189,4
4515,53,True,finite_mle,1,,-148.702513807,-148.301448232,0.802131150581,4
4516,52,True,finite_mle,1,,-154.413283897,-154.347650986,0.131265822798,4
4517,63,True,finite_mle,1,,-176.921657918,-176.484413546,0.874488744328,4
4518,49,True,finite_mle,1,,-148.3508957,-147.904484405,0.892822588889,4
4519,52,True,finite_mle,1,,-156.054686809,-154.621852209,2.86566920096,4
4520,62,True,finite_mle,1,,-165.625690408,-165.588447377,0.0744860628206,4
4521,57,True,finite_mle,1,,-158.200613452,-156.811429597,2.77836771064,4
4522,56,True,finite_mle,1,,-162.441908844,-161.868837839,1.14614200979,4
4523,63,True,finite_mle,1,,-172.733880537,-171.12304481,3.22167145356,4
4524,59,True,finite_mle,1,,-169.05918435,-167.808450803,2.50146709488,4
4525,55,True,finite_mle,1,,-158.997347757,-156.652704893,4.68928572853,4
4526,57,True,finite_mle,1,,-164.734630977,-163.557809697,2.35364256032,4
4527,57,True,finite_mle,1,,-162.097014364,-159.630030302,4.93396812511,4
4528,62,True,finite_mle,1,,-174.126930628,-173.304316452,1.64522835173,4
4529,63,True,finite_mle,1,,-175.640430238,-175.325086583,0.630687309635,4
4530,60,True,finite_mle,1,,-169.246044854,-167.735358637,3.02137243353,4
4531,56,True,finite_mle,1,,-161.654518184,-159.605179013,4.09867834131,4
4532,69,True,finite_mle,1,,-187.004666663,-186.781980631,0.445372063512,4
4533,50,True,finite_mle,1,,-152.633601227,-152.299820157,0.667562139421,4
4534,52,True,finite_mle,1,,-149.749997194,-149.71687642,0.0662415478049,4
4535,57,True,finite_mle,1,,-163.71865135,-163.620727858,0.195846984565,4
4536,51,True,finite_mle,1,,-152.375230401,-150.64993606,3.45058868375,4
4537,69,True,finite_mle,1,,-184.413762893,-183.297607628,2.23231053032,4
4538,58,True,finite_mle,1,,-167.875225059,-166.373862171,3.00272577497,4
4539,68,True,finite_mle,1,,-182.799911323,-182.360080322,0.879662002292,4
4540,70,True,finite_mle,1,,-181.035207156,-180.580789969,0.908834374012,4
4541,67,True,finite_mle,1,,-180.418144147,-179.504954055,1.82638018341,4
4542,48,True,finite_mle,1,,-147.78319291,-147.619975742,0.326434337434,4
4543,55,True,finite_mle,1,,-156.272646695,-156.106830256,0.331632878157,4
4544,61,True,finite_mle,1,,-169.211862716,-168.831831844,0.760061744648,4
4545,66,True,finite_mle,1,,-176.494186935,-174.723538596,3.54129667686,4
4546,43,True,finite_mle,1,,-136.563765068,-133.874436476,5.37865718432,4
4547,55,True,finite_mle,1,,-155.690190598,-155.081206162,1.217968872,4
4548,65,True,finite_mle,1,,-175.379885656,-171.210931202,8.33790890924,4
4549,59,True,finite_mle,1,,-164.937489689,-164.580446481,0.714086416419,4
4550,51,True,finite_mle,1,,-150.842704898,-150.671396006,0.34261778509,4
4551,58,True,finite_mle,1,,-163.10477928,-162.508461249,1.19263606242,4
4552,50,True,finite_mle,1,,-150.485512629,-150.241585868,0.487853522694,4
4553,48,True,finite_mle,1,,-146.946216502,-146.814688042,0.263056919919,4
4554,66,True,finite_mle,1,,-178.449616708,-177.963037233,0.973158950095,4
4555,50,True,finite_mle,1,,-151.208424325,-150.163268657,2.09031133553,4
4556,55,True,finite_mle,1,,-158.42265863,-157.598148942,1.64901937676,4
4557,62,True,finite_mle,1,,-171.544998861,-170.51846209,2.05307354152,4
4558,53,True,finite_mle,1,,-156.119309145,-156.016418899,0.205780492725,4
4559,55,True,finite_mle,1,,-156.469212261,-155.449964284,2.03849595395,4
4560,48,True,finite_mle,1,,-143.564455892,-142.703802557,1.72130666881,4
4561,54,True,finite_mle,1,,-156.059661624,-155.491827986,1.13566727776,4
4562,64,True,finite_mle,1,,-173.296633192,-173.098559461,0.396147462981,4
4563,57,True,finite_mle,1,,-162.214720135,-162.123479371,0.182481528488,4
4564,59,True,finite_mle,1,,-162.469549996,-162.372244957,0.194610077231,4
4565,51,True,finite_mle,1,,-152.03062033,-151.22756828,1.6061041007,4
4566,60,True,finite_mle,1,,-168.312652726,-167.71241272,1.20048001185,4
4567,58,True,finite_mle,1,,-163.846330078,-163.554580409,0.583499339401,4
4568,67,True,finite_mle,1,,-184.075838255,-183.359378586,1.43291933731,4
4569,61,True,finite_mle,1,,-167.170294807,-167.161714498,0.0171606169744,4
4570,49,True,finite_mle,1,,-146.982492387,-146.969086597,0.0268115802851,4
4571,61,True,finite_mle,1,,-171.514084929,-170.942510964,1.1431479283,4
4572,53,True,finite_mle,1,,-154.505913144,-151.768444242,5.47493780561,4
4573,48,True,finite_mle,1,,-146.379569337,-145.364600082,2.02993850979,4
4574,59,True,finite_mle,1,,-165.525668784,-164.481606488,2.0881245919,4
4575,71,True,finite_mle,1,,-184.204169753,-180.041350957,8.32563759185,4
4576,63,True,finite_mle,1,,-171.03882518,-169.584598706,2.90845294805,4
4577,63,True,finite_mle,1,,-170.048337023,-170.020243652,0.0561867420859,4
4578,66,True,finite_mle,1,,-180.285352848,-178.753068496,3.06456870452,4
4579,68,True,finite_mle,1,,-181.206783878,-180.991911936,0.429743883201,4
4580,75,True,finite_mle,1,,-193.024711355,-192.763343014,0.522736681809,4
4581,67,True,finite_mle,1,,-178.281366836,-178.080967295,0.400799081606,4
4582,55,True,finite_mle,1,,-161.140507155,-160.284738944,1.7115364231,4
4583,59,True,finite_mle,1,,-166.176036267,-165.836098966,0.679874602137,4
4584,57,True,finite_mle,1,,-163.910056017,-161.600346786,4.61941846152,4
4585,57,True,finite_mle,1,,-163.202077615,-162.736759031,0.930637167795,4
4586,60,True,finite_mle,1,,-170.260504299,-169.242552204,2.03590419057,4
4587,70,True,finite_mle,1,,-185.522005661,-183.620662291,3.80268674041,4
4588,58,True,finite_mle,1,,-161.196295594,-161.155294335,0.0820025167868,4
4589,59,True,finite_mle,1,,-168.729310593,-168.281363185,0.895894817533,4
4590,55,True,finite_mle,1,,-155.745772988,-154.982655329,1.52623531752,4
4591,72,True,finite_mle,1,,-191.942639341,-191.828038612,0.22920145622,4
4592,60,True,finite_mle,1,,-168.211243548,-168.172587563,0.0773119698799,4
4593,64,True,finite_mle,1,,-175.487286963,-175.406215256,0.162143412388,4
4594,56,True,finite_mle,1,,-162.590272728,-162.113732305,0.953080846175,4
4595,63,True,finite_mle,1,,-175.446454932,-174.863719379,1.16547110417,4
4596,59,True,finite_mle,1,,-165.397901312,-164.957560198,0.880682227496,4
4597,55,True,finite_mle,1,,-160.273421198,-159.746086683,1.05466902989,4
4598,47,True,finite_mle,1,,-142.567679584,-141.404145481,2.32706820654,4
4599,55,True,finite_mle,1,,-153.166660396,-153.04875438,0.235812032536,4
4600,54,True,finite_mle,1,,-151.033599231,-150.243212911,1.58077264,4
4601,57,True,finite_mle,1,,-162.841260311,-161.739032432,2.20445575735,4
4602,58,True,finite_mle,1,,-165.137300495,-164.87987834,0.514844310207,4
4603,51,True,finite_mle,1,,-151.193354437,-148.877484193,4.63174048776,4
4604,65,True,finite_mle,1,,-180.132511364,-179.049799123,2.16542448145,4
4605,69,True,finite_mle,1,,-186.960082403,-186.562928568,0.794307671121,4
4606,52,True,finite_mle,1,,-153.021479343,-152.592078661,0.858801365383,4
4607,62,True,finite_mle,1,,-173.517160578,-172.320912077,2.39249700091,4
4608,46,True,finite_mle,1,,-142.271334997,-141.280272528,1.98212493839,4
4609,61,True,finite_mle,1,,-165.415858405,-162.996487932,4.83874094624,4
4610,59,True,finite_mle,1,,-165.963980398,-165.654436569,0.619087656619,4
4611,59,True,finite_mle,1,,-166.563149577,-166.008039147,1.11022085964,4
4612,51,True,finite_mle,1,,-151.228823645,-151.049102962,0.359441367085,4
4613,61,True,finite_mle,1,,-170.603793761,-169.9387177,1.33015212136,4
4614,53,True,finite_mle,1,,-154.716731878,-154.127758928,1.17794589999,4
4615,54,True,finite_mle,1,,-155.528090999,-154.566849053,1.92248389227,4
4616,69,True,finite_mle,1,,-181.000073941,-180.393625268,1.2128973441,4
4617,68,True,finite_mle,1,,-184.698214648,-184.234140474,0.928148348811,4
4618,56,True,finite_mle,1,,-158.922790408,-158.590747929,0.664084957801,4
4619,60,True,finite_mle,1,,-169.776758792,-168.684767462,2.18398266056,4
4620,51,True,finite_mle,1,,-153.363353906,-152.669897925,1.38691196058,4
4621,54,True,finite_mle,1,,-159.896005116,-156.809171639,6.17366695432,4
4622,54,True,finite_mle,1,,-158.033843368,-157.758270678,0.551145380234,4
4623,50,True,finite_mle,1,,-147.632224368,-144.228593297,6.80726214359,4
4624,58,True,finite_mle,1,,-163.69433289,-160.654190534,6.08028471295,4
4625,54,True,finite_mle,1,,-151.618330742,-149.774048317,3.68856485002,4
4626,58,True,finite_mle,1,,-163.583468566,-161.545673444,4.07559024482,4
4627,58,True,finite_mle,1,,-158.509521744,-158.482615073,0.053813342174,4
4628,53,True,finite_mle,1,,-154.740035512,-153.031950646,3.41616973179,4
4629,63,True,finite_mle,1,,-176.244048986,-172.748144989,6.99180799419,4
4630,56,True,finite_mle,1,,-161.381336537,-160.74244324,1.27778659378,4
4631,54,True,finite_mle,1,,-155.818558239,-155.475550428,0.686015621803,4
4632,60,True,finite_mle,1,,-170.686174786,-169.725772807,1.92080395738,4
4633,60,True,finite_mle,1,,-166.242166617,-165.74072362,1.00288599324,4
4634,49,True,finite_mle,1,,-148.231133557,-147.121425454,2.2194162055,4
4635,60,True,finite_mle,1,,-168.000796256,-167.389544015,1.22250448163,4
4636,59,True,finite_mle,1,,-169.047931223,-168.244454532,1.60695338156,4
4637,48,True,finite_mle,1,,-142.649463426,-142.149900421,0.99912600945,4
4638,54,True,finite_mle,1,,-159.437108741,-158.99108054,0.89205640234,4
4639,59,True,finite_mle,1,,-164.150341637,-160.55603071,7.18862185496,4
4640,59,True,finite_mle,1,,-164.92610186,-164.487038861,0.878125997398,4
4641,44,True,finite_mle,1,,-137.309043355,-136.837691819,0.942703071234,4
4642,56,True,finite_mle,1,,-162.470508139,-161.199953044,2.5411101908,4
4643,58,True,finite_mle,1,,-167.681923454,-166.952840983,1.45816494236,4
4644,55,True,finite_mle,1,,-158.371973137,-157.42461303,1.89472021398,4
4645,66,True,finite_mle,1,,-179.784531948,-177.769683219,4.02969745771,4
4646,57,True,finite_mle,1,,-156.767843161,-154.518936473,4.49781337607,4
4647,53,True,finite_mle,1,,-154.968819383,-154.631762619,0.674113528182,4
4648,43,True,finite_mle,1,,-130.370152622,-128.340383082,4.05953908099,4
4649,52,True,finite_mle,1,,-155.32013227,-152.493578011,5.65310851682,4
4650,58,True,finite_mle,1,,-166.811356617,-164.943931008,3.73485121775,4
4651,59,True,finite_mle,1,,-162.282916818,-160.465906614,3.63402040922,4
4652,49,True,finite_mle,1,,-145.434819573,-144.539137558,1.79136402884,4
4653,48,True,finite_mle,1,,-142.989918573,-139.335187933,7.3094612794,4
4654,53,True,finite_mle,1,,-158.103066023,-158.096228045,0.0136759574789,4
4655,57,True,finite_mle,1,,-164.893196537,-163.827048233,2.13229660711,4
4656,51,True,finite_mle,1,,-148.501788548,-147.351974844,2.29962740685,4
4657,53,True,finite_mle,1,,-157.000283308,-156.959788591,0.0809894337183,4
4658,62,True,finite_mle,1,,-169.997468913,-166.96710941,6.06071900524,4
4659,65,True,finite_mle,1,,-177.936887827,-175.960286061,3.95320353283,4
4660,65,True,finite_mle,1,,-178.489167812,-177.282298711,2.41373820069,4
4661,50,True,finite_mle,1,,-150.488677809,-148.944142264,3.08907108976,4
4662,56,True,finite_mle,1,,-161.639332655,-161.144949967,0.988765376337,4
4663,64,True,finite_mle,1,,-176.564612025,-175.860389208,1.4084456337,4
4664,55,True,finite_mle,1,,-159.401420129,-156.431610091,5.93962007697,4
4665,43,True,finite_mle,1,,-136.052412437,-134.352714788,3.39939529827,4
4666,48,True,finite_mle,1,,-143.323648972,-140.826060002,4.99517794096,4
4667,58,True,finite_mle,1,,-165.529129614,-165.207367159,0.643524909686,4
4668,52,True,finite_mle,1,,-155.31285887,-155.025062249,0.575593242399,4
4669,63,True,finite_mle,1,,-173.595292153,-173.32251951,0.545545286155,4
4670,63,True,finite_mle,1,,-173.986335077,-172.340634571,3.29140101326,4
4671,66,True,finite_mle,1,,-179.275588452,-178.706236063,1.13870477843,4
4672,52,True,finite_mle,1,,-151.766022655,-146.306982368,10.9180805756,4
4673,55,True,finite_mle,1,,-159.288967109,-158.180968612,2.21599699432,4
4674,53,True,finite_mle,1,,-153.958660326,-153.683171888,0.550976876783,4
4675,64,True,finite_mle,1,,-175.306801656,-174.928474628,0.75665405601,4
4676,46,True,finite_mle,1,,-140.191484538,-139.207204202,1.96856067121,4
4677,46,True,finite_mle,1,,-142.140233191,-141.664118697,0.952228987334,4
4678,61,True,finite_mle,1,,-165.396790304,-164.999956386,0.79366783551,4
4679,57,True,finite_mle,1,,-158.81680187,-154.57219672,8.48921030021,4
4680,62,True,finite_mle,1,,-173.018558247,-172.285334394,1.46644770606,4
4681,63,True,finite_mle,1,,-168.272576663,-167.178151561,2.18885020405,4
4682,46,True,finite_mle,1,,-138.625594141,-137.71572287,1.81974254092,4
4683,69,True,finite_mle,1,,-180.556538395,-180.016788448,1.07949989279,4
4684,57,True,finite_mle,1,,-158.000935243,-157.860462816,0.280944854965,4
4685,59,True,finite_mle,1,,-168.405297905,-167.166352872,2.47789006509,4
4686,56,True,finite_mle,1,,-161.077222484,-158.061148363,6.03214824147,4
4687,67,True,finite_mle,1,,-182.870231813,-182.780194775,0.180074075868,4
4688,78,True,finite_mle,1,,-200.236301879,-200.217670301,0.0372631547176,4
4689,57,True,finite_mle,1,,-166.327524385,-164.287281277,4.08048621623,4
4690,57,True,finite_mle,1,,-161.726427573,-161.044902992,1.3630491612,4
4691,62,True,finite_mle,1,,-170.722586486,-170.409903652,0.625365668249,4
4692,57,True,finite_mle,1,,-165.224987476,-164.751351111,0.947272729175,4
4693,51,True,finite_mle,1,,-146.931299879,-146.395081539,1.07243667978,4
4694,53,True,finite_mle,1,,-151.997528464,-151.61302583,0.769005268013,4
4695,47,True,finite_mle,1,,-140.799726279,-139.684305595,2.23084136864,4
4696,63,True,finite_mle,1,,-175.502210579,-174.27136567,2.46168981862,4
4697,49,True,finite_mle,1,,-149.408132834,-147.704233218,3.4077992325,4
4698,56,True,finite_mle,1,,-162.178084337,-161.878338232,0.599492210688,4
4699,49,True,finite_mle,1,,-148.40549449,-148.112727611,0.585533758704,4
4700,60,True,finite_mle,1,,-169.998602572,-168.557364866,2.88247541127,4
4701,61,True,finite_mle,1,,-170.62929973,-170.44623125,0.366136961253,4
4702,54,True,finite_mle,1,,-158.158800045,-158.141476953,0.0346461850023,4
4703,49,True,finite_mle,1,,-146.756682542,-144.545062474,4.42324013628,4
4704,59,True,finite_mle,1,,-164.670526966,-162.617772043,4.10550984552,4
4705,62,True,finite_mle,1,,-173.022953471,-172.522109552,1.00168783747,4
4706,55,True,finite_mle,1,,-161.647523761,-159.74104722,3.81295308217,4
4707,64,True,finite_mle,1,,-172.064644045,-171.999766027,0.12975603521,4
4708,56,True,finite_mle,1,,-159.414838158,-158.778327362,1.27302159261,4
4709,53,True,finite_mle,1,,-153.261318656,-152.944323844,0.633989625197,4
4710,54,True,finite_mle,1,,-155.775409629,-155.145928665,1.25896192747,4
4711,63,True,finite_mle,1,,-173.841924222,-172.101930915,3.47998661436,4
4712,58,True,finite_mle,1,,-161.479973902,-156.985576639,8.9887945262,4
4713,52,True,finite_mle,1,,-153.766279008,-153.659562239,0.213433538817,4
4714,60,True,finite_mle,1,,-170.240119348,-169.165380193,2.14947830996,4
4715,55,True,finite_mle,1,,-158.806637652,-155.342828636,6.92761803114,4
4716,47,True,finite_mle,1,,-146.080368504,-145.824030136,0.512676736793,4
4717,37,True,finite_mle,1,,-121.995691288,-121.07921365,1.8329552767,4
4718,59,True,finite_mle,1,,-164.381987797,-164.133327323,0.497320948444,4
4719,60,True,finite_mle,1,,-166.57048849,-163.158054354,6.82486827057,4
4720,60,True,finite_mle,1,,-169.074032658,-168.290345905,1.5673735063,4
4721,62,True,finite_mle,1,,-172.815300842,-171.314172488,3.0022567093,4
4722,53,True,finite_mle,1,,-154.05384673,-153.682545971,0.742601518576,4
4723,55,True,finite_mle,1,,-160.469452296,-158.281020967,4.37686265828,4
4724,68,True,finite_mle,1,,-183.500064336,-181.419313472,4.16150172703,4
4725,46,True,finite_mle,1,,-141.167846463,-141.030309584,0.275073757525,4
4726,54,True,finite_mle,1,,-157.430316701,-153.614464265,7.63170487294,4
4727,54,True,finite_mle,1,,-157.647361461,-157.574204222,0.146314477233,4
4728,68,True,finite_mle,1,,-182.830977939,-181.590419543,2.48111679219,4
4729,62,True,finite_mle,1,,-172.103495074,-167.998853505,8.20928313876,4
4730,65,True,finite_mle,1,,-173.144068374,-172.937906725,0.4123232964,4
4731,64,True,finite_mle,1,,-165.691382205,-163.147959843,5.08684472427,4
4732,64,True,finite_mle,1,,-173.769229069,-172.953072439,1.63231325951,4
4733,51,True,finite_mle,1,,-151.750552945,-151.366164137,0.768777615549,4
4734,58,True,finite_mle,1,,-162.024268142,-161.398390103,1.25175607906,4
4735,52,True,finite_mle,1,,-152.465073227,-151.896973206,1.13620004037,4
4736,63,True,finite_mle,1,,-175.166235301,-174.334296951,1.66387670025,4
4737,46,True,finite_mle,1,,-140.055783925,-139.326270006,1.45902783805,4
4738,56,True,finite_mle,1,,-164.270363857,-162.55232704,3.4360736352,4
4739,60,True,finite_mle,1,,-164.452504788,-163.032072897,2.84086378188,4
4740,64,True,finite_mle,1,,-176.997026943,-176.478175207,1.03770347286,4
4741,61,True,finite_mle,1,,-169.551200456,-168.446323681,2.20975354929,4
4742,65,True,finite_mle,1,,-179.234492834,-178.221142167,2.02670133392,4
4743,57,True,finite_mle,1,,-159.310068195,-159.251099651,0.117937087436,4
4744,52,True,finite_mle,1,,-152.449183348,-149.654373928,5.58961883846,4
4745,53,True,finite_mle,1,,-154.129783859,-153.481972254,1.29562321026,4
4746,60,True,finite_mle,1,,-169.485803206,-169.445821509,0.0799633949737,4
4747,65,True,finite_mle,1,,-177.635367182,-177.133736504,1.00326135494,4
4748,50,True,finite_mle,1,,-146.632390159,-144.346434503,4.57191131102,4
4749,53,True,finite_mle,1,,-155.202538463,-154.835831952,0.733413022555,4
4750,61,True,finite_mle,1,,-169.061197843,-168.546811323,1.02877304104,4
4751,54,True,finite_mle,1,,-154.010607417,-152.069801054,3.88161272665,4
4752,64,True,finite_mle,1,,-173.361696178,-172.134757925,2.45387650411,4
4753,67,True,finite_mle,1,,-182.888739237,-182.258015937,1.26144659939,4
4754,58,True,finite_mle,1,,-165.646738238,-163.746928315,3.79961984711,4
4755,59,True,finite_mle,1,,-163.656809256,-160.79998073,5.7136570525,4
4756,58,True,finite_mle,1,,-166.863071032,-166.769427751,0.187286562041,4
4757,54,True,finite_mle,1,,-155.867479515,-155.362071119,1.01081679185,4
4758,49,True,finite_mle,1,,-149.514204188,-149.117542834,0.793322708959,4
4759,48,True,finite_mle,1,,-146.762598949,-144.523835396,4.47752710475,4
4760,66,True,finite_mle,1,,-176.95039532,-176.694822875,0.511144890556,4
4761,56,True,finite_mle,1,,-162.010117504,-161.824382101,0.371470805697,4
4762,55,True,finite_mle,1,,-159.501946145,-158.928517993,1.14685630295,4
4763,55,True,finite_mle,1,,-159.748267725,-159.339670486,0.817194476436,4
4764,59,True,finite_mle,1,,-158.272168352,-157.290904766,1.96252717383,4
4765,55,True,finite_mle,1,,-162.003136341,-161.58475599,0.836760700898,4
4766,55,True,finite_mle,1,,-157.438571794,-156.706858428,1.46342673216,4
4767,49,True,finite_mle,1,,-148.605335411,-147.609162224,1.99234637515,4
4768,63,True,finite_mle,1,,-172.862874414,-172.478989725,0.767769378151,4
4769,58,True,finite_mle,1,,-165.656296662,-163.339849197,4.63289492872,4
4770,47,True,finite_mle,1,,-140.664184609,-140.355534554,0.617300109658,4
4771,50,True,finite_mle,1,,-147.71964191,-147.540101267,0.359081286472,4
4772,69,True,finite_mle,1,,-185.013806233,-183.50264813,3.02231620748,4
4773,68,True,finite_mle,1,,-181.771271744,-180.67710243,2.18833862721,4
4774,48,True,finite_mle,1,,-144.737686757,-142.27403592,4.92730167454,4
4775,59,True,finite_mle,1,,-168.775701966,-167.043731763,3.46394040514,4
4776,57,True,finite_mle,1,,-158.753507228,-158.589014414,0.328985627901,4
4777,60,True,finite_mle,1,,-163.352323003,-160.947809447,4.80902711157,4
4778,52,True,finite_mle,1,,-149.392218499,-149.0846328,0.615171396884,4
4779,56,True,finite_mle,1,,-161.137385939,-160.505160369,1.26445113983,4
4780,61,True,finite_mle,1,,-162.95985907,-160.032417625,5.85488288899,4
4781,64,True,finite_mle,1,,-171.933683094,-169.262398263,5.34256966181,4
4782,63,True,finite_mle,1,,-171.640018232,-171.312182877,0.655670709072,4
4783,50,True,finite_mle,1,,-144.886652263,-143.041315485,3.69067355701,4
4784,53,True,finite_mle,1,,-153.906508034,-152.860848474,2.09131911935,4
4785,75,True,finite_mle,1,,-193.813434595,-193.698285905,0.230297380752,4
4786,60,True,finite_mle,1,,-163.246635231,-160.819767631,4.85373520093,4
4787,48,True,finite_mle,1,,-144.857045121,-143.607922273,2.49824569572,4
4788,65,True,finite_mle,1,,-178.651742854,-178.122361819,1.05876207064,4
4789,59,True,finite_mle,1,,-163.58411114,-163.004315735,1.15959080982,4
4790,57,True,finite_mle,1,,-158.222871835,-154.411788428,7.6221668141,4
4791,62,True,finite_mle,1,,-170.242546355,-169.738946706,1.00719929805,4
4792,58,True,finite_mle,1,,-160.128833726,-157.470961316,5.31574482046,4
4793,51,True,finite_mle,1,,-152.01224234,-150.841954047,2.34057658743,4
4794,60,True,finite_mle,1,,-169.431632191,-165.36684454,8.12957530166,4
4795,62,True,finite_mle,1,,-173.922229139,-173.822999404,0.19845947099,4
4796,57,True,finite_mle,1,,-158.061155022,-156.341694124,3.43892179682,4
4797,58,True,finite_mle,1,,-161.92769126,-161.720578571,0.414225377472,4
4798,51,True,finite_mle,1,,-149.533894447,-146.739210805,5.58936728288,4
4799,58,True,finite_mle,1,,-166.713280926,-166.186328746,1.0539043599,4
4800,59,True,finite_mle,1,,-167.633550198,-167.579033609,0.109033179753,4
4801,56,True,finite_mle,1,,-161.834056753,-159.318670693,5.03077211858,4
4802,62,True,finite_mle,1,,-170.748025948,-170.088432947,1.31918600142,4
4803,61,True,finite_mle,1,,-167.483337963,-167.255949459,0.454777007937,4
4804,42,True,finite_mle,1,,-127.838546659,-127.718311247,0.240470823303,4
4805,60,True,finite_mle,1,,-167.834652024,-167.687482063,0.294339923349,4
4806,61,True,finite_mle,1,,-169.783595877,-166.164106986,7.23897778153,4
4807,57,True,finite_mle,1,,-160.880392364,-160.307820369,1.14514398893,4
4808,72,True,finite_mle,1,,-190.060048383,-188.975653078,2.16879061081,4
4809,65,True,finite_mle,1,,-175.740164815,-172.59209472,6.29614018849,4
4810,71,True,finite_mle,1,,-189.170426681,-185.877107284,6.58663879407,4
4811,54,True,finite_mle,1,,-156.609420849,-155.463831592,2.29117851301,4
4812,61,True,finite_mle,1,,-170.182471869,-170.13226384,0.100416059754,4
4813,56,True,finite_mle,1,,-159.06159939,-153.531859742,11.059479296,4
4814,72,True,finite_mle,1,,-190.363668089,-190.351629236,0.0240777060402,4
4815,61,True,finite_mle,1,,-163.579046157,-159.237618125,8.68285606429,4
4816,64,True,finite_mle,1,,-173.357903867,-172.018519295,2.67876914464,4
4817,47,True,finite_mle,1,,-140.983738547,-140.484808173,0.997860746203,4
4818,55,True,finite_mle,1,,-157.438865268,-156.261348022,2.3550344915,4
4819,67,True,finite_mle,1,,-179.831952929,-178.976532688,1.71084048131,4
4820,59,True,finite_mle,1,,-166.473639466,-165.420549505,2.10617992303,4
4821,60,True,finite_mle,1,,-167.531625953,-166.709434218,1.64438347062,4
4822,52,True,finite_mle,1,,-154.856719484,-154.28377453,1.14588990857,4
4823,50,True,finite_mle,1,,-148.346936826,-146.520216055,3.65344154163,4
4824,61,True,finite_mle,1,,-172.51827051,-171.596369195,1.84380262884,4
4825,52,True,finite_mle,1,,-143.965917676,-143.611468081,0.708899190401,4
4826,59,True,finite_mle,1,,-166.709215433,-166.510770942,0.396888980693,4
4827,55,True,finite_mle,1,,-156.022183858,-152.502592049,7.03918361863,4
4828,74,True,finite_mle,1,,-189.928648035,-189.689091839,0.479112393036,4
4829,61,True,finite_mle,1,,-172.611737094,-172.021468902,1.18053638398,4
4830,58,True,finite_mle,1,,-161.651661643,-159.82526594,3.65279140632,4
4831,51,True,finite_mle,1,,-153.202595407,-152.912060254,0.581070305097,4
4832,50,True,finite_mle,1,,-151.725937162,-150.589030617,2.27381309004,4
4833,50,True,finite_mle,1,,-151.782010997,-150.427451959,2.70911807702,4
4834,52,True,finite_mle,1,,-154.374955841,-152.79517271,3.15956626231,4
4835,63,True,finite_mle,1,,-175.798328624,-175.572891796,0.450873655749,4
4836,48,True,finite_mle,1,,-140.241487417,-138.344874842,3.79322514948,4
4837,66,True,finite_mle,1,,-174.877993847,-173.790822852,2.17434198929,4
4838,55,True,finite_mle,1,,-160.284335078,-158.315473335,3.93772348553,4
4839,61,True,finite_mle,1,,-163.206285416,-161.610086343,3.19239814558,4
4840,50,True,finite_mle,1,,-151.880298313,-151.834238197,0.092120232096,4
4841,44,True,finite_mle,1,,-138.026634567,-136.743449412,2.56637031004,4
4842,59,True,finite_mle,1,,-164.825237121,-161.987018276,5.67643768963,4
4843,65,True,finite_mle,1,,-180.668141907,-180.000393279,1.33549725502,4
4844,67,True,finite_mle,1,,-181.672656207,-181.564182227,0.216947960153,4
4845,54,True,finite_mle,1,,-157.879112727,-157.555857498,0.64651045702,4
4846,58,True,finite_mle,1,,-160.102819877,-159.010230976,2.18517780315,4
4847,42,True,finite_mle,1,,-131.389995453,-130.414695893,1.95059912025,4
4848,56,True,finite_mle,1,,-158.966685729,-155.400168695,7.13303406843,4
4849,57,True,finite_mle,1,,-159.935609697,-157.511376797,4.84846580029,4
4850,55,True,finite_mle,1,,-160.514358885,-158.547187044,3.9343436816,4
4851,61,True,finite_mle,1,,-173.069835012,-172.766674295,0.606321433197,4
4852,56,True,finite_mle,1,,-162.068707216,-161.627675258,0.882063914692,4
4853,58,True,finite_mle,1,,-164.01422624,-163.939304983,0.14984251278,4
4854,58,True,finite_mle,1,,-165.492257078,-163.489293155,4.00592784509,4
4855,56,True,finite_mle,1,,-162.346649193,-161.12996803,2.43336232568,4
4856,56,True,finite_mle,1,,-159.603132871,-157.827845242,3.55057525758,4
4857,59,True,finite_mle,1,,-164.780928669,-164.519199942,0.523457453483,4
4858,36,True,finite_mle,1,,-119.379880929,-118.876773591,1.00621467586,4
4859,63,True,finite_mle,1,,-173.082128328,-173.080370538,0.00351557941224,4
4860,70,True,finite_mle,1,,-188.269591132,-187.233051993,2.07307827772,4
4861,61,True,finite_mle,1,,-166.464611432,-166.273525531,0.382171801381,4
4862,65,True,finite_mle,1,,-176.031930001,-172.19543117,7.67299766169,4
4863,48,True,finite_mle,1,,-142.31091083,-141.561335671,1.49915031821,4
4864,68,True,finite_mle,1,,-180.701386204,-180.457318489,0.488135428525,4
4865,59,True,finite_mle,1,,-168.478184876,-168.094748957,0.766871836313,4
4866,57,True,finite_mle,1,,-161.509038326,-161.098260965,0.821554722214,4
4867,52,True,finite_mle,1,,-152.598213705,-151.900536321,1.39535476851,4
4868,58,True,finite_mle,1,,-165.260927817,-165.125306952,0.271241730485,4
4869,64,True,finite_mle,1,,-174.191524411,-173.67927026,1.02450830288,4
4870,65,True,finite_mle,1,,-179.718649257,-179.184218794,1.06886092704,4
4871,60,True,finite_mle,1,,-165.475609166,-162.493102996,5.9650123404,4
4872,46,True,finite_mle,1,,-141.611851884,-140.423564084,2.37657559889,4
4873,53,True,finite_mle,1,,-155.058409281,-154.108273003,1.9002725557,4
4874,49,True,finite_mle,1,,-150.246110143,-149.739521349,1.0131775885,4
4875,60,True,finite_mle,1,,-168.536181303,-161.686443322,13.6994759631,4
4876,56,True,finite_mle,1,,-160.378273187,-160.023629953,0.709286466792,4
4877,61,True,finite_mle,1,,-165.479962936,-163.144881707,4.67016245689,4
4878,49,True,finite_mle,1,,-149.524331897,-149.505406568,0.0378506570055,4
4879,68,True,finite_mle,1,,-181.803325518,-179.541515948,4.52361914046,4
4880,63,True,finite_mle,1,,-174.392722063,-173.592466265,1.60051159723,4
4881,64,True,finite_mle,1,,-177.512584963,-177.080119617,0.864930691384,4
4882,48,True,finite_mle,1,,-147.649776164,-144.382021842,6.53550864385,4
4883,49,True,finite_mle,1,,-149.096344007,-147.637957149,2.91677371599,4
4884,59,True,finite_mle,1,,-167.76501861,-167.63038706,0.269263099906,4
4885,47,True,finite_mle,1,,-142.657536908,-141.134672078,3.04572966082,4
4886,59,True,finite_mle,1,,-166.284631508,-164.852509434,2.86424414761,4
4887,52,True,finite_mle,1,,-147.089954868,-141.951509745,10.2768902443,4
4888,62,True,finite_mle,1,,-172.03409131,-171.736693767,0.594795087311,4
4889,54,True,finite_mle,1,,-157.332365631,-156.983382352,0.697966557874,4
4890,56,True,finite_mle,1,,-159.288237916,-158.586833955,1.40280792225,4
4891,59,True,finite_mle,1,,-165.299485617,-163.672601802,3.25376763036,4
4892,63,True,finite_mle,1,,-174.408310652,-174.027227562,0.762166180442,4
4893,56,True,finite_mle,1,,-161.362967986,-160.36700989,1.99191619296,4
4894,73,True,finite_mle,1,,-186.807312658,-186.334655574,0.945314166685,4
4895,55,True,finite_mle,1,,-161.974046172,-161.285689506,1.37671333167,4
4896,48,True,finite_mle,1,,-146.902790299,-145.989311962,1.82695667427,4
4897,64,True,finite_mle,1,,-172.894058891,-172.624411141,0.539295499035,4
4898,51,True,finite_mle,1,,-151.984017551,-151.409404435,1.14922623039,4
4899,54,True,finite_mle,1,,-155.769824514,-155.741827564,0.0559939013814,4
4900,58,True,finite_mle,1,,-166.806580702,-166.09506644,1.42302852217,4
4901,55,True,finite_mle,1,,-157.689614178,-157.542443462,0.294341432604,4
4902,46,True,finite_mle,1,,-139.644175654,-139.199149722,0.89005186349,4
4903,53,True,finite_mle,1,,-151.103780352,-150.082938644,2.0416834155,4
4904,54,True,finite_mle,1,,-153.152358571,-153.125876083,0.0529649762033,4
4905,60,True,finite_mle,1,,-168.618555615,-168.211926731,0.81325776897,4
4906,54,True,finite_mle,1,,-155.153240887,-154.899536745,0.507408283645,4
4907,49,True,finite_mle,1,,-149.660159377,-149.508479175,0.303360403945,4
4908,52,True,finite_mle,1,,-156.810753915,-156.041436081,1.53863566795,4
4909,65,True,finite_mle,1,,-177.026665237,-176.957306891,0.138716690845,4
4910,48,True,finite_mle,1,,-138.133456801,-137.423984453,1.41894469699,4
4911,52,True,finite_mle,1,,-156.397480127,-156.354957772,0.0850447102613,4
4912,62,True,finite_mle,1,,-173.955517622,-173.615384142,0.680266961331,4
4913,67,True,finite_mle,1,,-184.563298593,-183.770769265,1.5850586564,4
4914,49,True,finite_mle,1,,-150.363602461,-148.362978887,4.00124714789,4
4915,52,True,finite_mle,1,,-151.402106933,-151.290516516,0.223180833795,4
4916,49,True,finite_mle,1,,-147.735880804,-147.424521047,0.622719514598,4
4917,58,True,finite_mle,1,,-162.200544348,-160.51562961,3.36982947559,4
4918,50,True,finite_mle,1,,-148.863205473,-148.399610906,0.927189133995,4
4919,62,True,finite_mle,1,,-173.070504421,-171.168725532,3.80355777938,4
4920,55,True,finite_mle,1,,-161.221919262,-161.030747024,0.382344475559,4
4921,68,True,finite_mle,1,,-177.504375905,-174.32696237,6.35482706895,4
4922,53,True,finite_mle,1,,-156.471979584,-156.099161762,0.745635642616,4
4923,59,True,finite_mle,1,,-164.154811255,-163.480879747,1.34786301652,4
4924,53,True,finite_mle,1,,-157.151489159,-157.056777996,0.189422325593,4
4925,59,True,finite_mle,1,,-165.944627273,-165.888740959,0.111772627283,4
4926,52,True,finite_mle,1,,-148.989621168,-148.292915788,1.39341076068,4
4927,72,True,finite_mle,1,,-185.483473604,-185.396131549,0.174684109648,4
4928,49,True,finite_mle,1,,-148.730151719,-147.618226959,2.22384951983,4
4929,58,True,finite_mle,1,,-160.678925928,-160.572321755,0.213208346061,4
4930,59,True,finite_mle,1,,-165.146778386,-165.055473866,0.182609040724,4
4931,60,True,finite_mle,1,,-169.718999129,-167.312132787,4.81373268219,4
4932,74,True,finite_mle,1,,-189.674571283,-188.498537998,2.35206657038,4
4933,57,True,finite_mle,1,,-161.562388428,-160.537246664,2.05028352776,4
4934,70,True,finite_mle,1,,-183.873744202,-183.525481396,0.696525611773,4
4935,68,True,finite_mle,1,,-184.662086107,-183.799148289,1.72587563635,4
4936,66,True,finite_mle,1,,-179.688639882,-178.735371952,1.90653585873,4
4937,75,True,finite_mle,1,,-196.990266267,-196.059841077,1.86085038066,4
4938,53,True,finite_mle,1,,-150.891537244,-149.116048598,3.55097729105,4
4939,51,True,finite_mle,1,,-149.828988156,-149.445966922,0.766042468908,4
4940,62,True,finite_mle,1,,-173.17917795,-172.567519754,1.22331639247,4
4941,64,True,finite_mle,1,,-174.476771205,-174.139333526,0.674875357849,4
4942,65,True,finite_mle,1,,-177.923201714,-174.693555127,6.45929317493,4
4943,63,True,finite_mle,1,,-170.43303398,-169.443967406,1.9781331492,4
4944,59,True,finite_mle,1,,-168.765907111,-167.828702166,1.87440989094,4
4945,58,True,finite_mle,1,,-167.421241174,-167.111019663,0.620443022086,4
4946,63,True,finite_mle,1,,-174.769555513,-174.465741069,0.607628888538,4
4947,59,True,finite_mle,1,,-164.209307724,-163.097213373,2.22418870247,4
4948,65,True,finite_mle,1,,-181.214626407,-179.831678805,2.76589520317,4
4949,54,True,finite_mle,1,,-155.718915788,-155.064234861,1.30936185453,4
4950,62,True,finite_mle,1,,-172.134617691,-171.923518784,0.422197815415,4
4951,62,True,finite_mle,1,,-170.607383324,-170.524344826,0.166076996161,4
4952,59,True,finite_mle,1,,-158.90464721,-157.978271608,1.8527512043,4
4953,59,True,finite_mle,1,,-165.643429236,-164.640796946,2.00526458105,4
4954,64,True,finite_mle,1,,-173.795215634,-173.334581499,0.921268268875,4
4955,57,True,finite_mle,1,,-164.370459469,-163.018221268,2.70447640124,4
4956,65,True,finite_mle,1,,-174.432497622,-173.84004968,1.18489588423,4
4957,55,True,finite_mle,1,,-154.160180559,-153.735730271,0.848900575522,4
4958,73,True,finite_mle,1,,-189.74069498,-189.601734232,0.277921496079,4
4959,44,True,finite_mle,1,,-133.3233772,-133.280594939,0.0855645220273,4
4960,55,True,finite_mle,1,,-158.351632914,-156.339121792,4.02502224404,4
4961,61,True,finite_mle,1,,-172.541608601,-172.16049152,0.762234161911,4
4962,55,True,finite_mle,1,,-159.361032713,-158.914648798,0.892767830215,4
4963,50,True,finite_mle,1,,-152.326846023,-151.630209728,1.39327259063,4
4964,67,True,finite_mle,1,,-181.340507823,-180.255266992,2.17048166144,4
4965,70,True,finite_mle,1,,-188.012691137,-187.420551111,1.18428005293,4
4966,61,True,finite_mle,1,,-162.551728848,-161.104474917,2.8945078602,4
4967,51,True,finite_mle,1,,-153.781079982,-153.079971579,1.40221680517,4
4968,65,True,finite_mle,1,,-170.915535987,-169.365563555,3.09994486439,4
4969,59,True,finite_mle,1,,-168.141110545,-167.168703102,1.9448148855,4
4970,63,True,finite_mle,1,,-172.903099566,-171.852015525,2.10216808308,4
4971,45,True,finite_mle,1,,-136.160499041,-132.877628534,6.56574101277,4
4972,45,True,finite_mle,1,,-137.441464994,-134.478114016,5.92670195582,4
4973,61,True,finite_mle,1,,-165.18487859,-164.808672626,0.75241192784,4
4974,43,True,finite_mle,1,,-135.005916608,-134.791269046,0.429295122799,4
4975,65,True,finite_mle,1,,-176.707253847,-175.676029268,2.06244915715,4
4976,51,True,finite_mle,1,,-153.40349306,-152.66528783,1.47641046026,4
4977,59,True,finite_mle,1,,-168.5226832,-168.329619637,0.386127126046,4
4978,62,True,finite_mle,1,,-172.268723749,-170.958263149,2.6209211984,4
4979,59,True,finite_mle,1,,-158.858118329,-158.709356414,0.297523829871,4
4980,57,True,finite_mle,1,,-162.604957265,-161.745581509,1.71875151334,4
4981,58,True,finite_mle,1,,-164.584626486,-162.530666474,4.10792002262,4
4982,54,True,finite_mle,1,,-154.29079404,-153.384937906,1.81171226761,4
4983,55,True,finite_mle,1,,-157.435310653,-157.257133101,0.356355103847,4
4984,65,True,finite_mle,1,,-172.420535819,-171.925886637,0.989298363961,4
4985,54,True,finite_mle,1,,-154.495908049,-152.830089774,3.33163655,4
4986,55,True,finite_mle,1,,-160.115040735,-159.250732777,1.72861591508,4
4987,60,True,finite_mle,1,,-168.367823283,-168.189171468,0.357303629757,4
4988,60,True,finite_mle,1,,-164.593542043,-164.311595796,0.563892492321,4
4989,56,True,finite_mle,1,,-162.881181793,-157.887767288,9.98682900981,4
4990,54,True,finite_mle,1,,-155.35967792,-155.328235064,0.062885711397,4
4991,41,True,finite_mle,1,,-131.189711734,-127.542585906,7.29425165594,4
4992,50,True,finite_mle,1,,-151.124926043,-150.806956779,0.635938528342,4
4993,51,True,finite_mle,1,,-150.083302879,-149.819115961,0.528373836038,4
4994,54,True,finite_mle,1,,-155.828602891,-154.707263868,2.24267804496,4
4995,63,True,finite_mle,1,,-170.208524281,-169.95447042,0.508107721742,4
4996,65,True,finite_mle,1,,-176.116506021,-175.606395302,1.02022143851,4
4997,60,True,finite_mle,1,,-169.841128762,-169.642316121,0.397625280751,4
4998,62,True,finite_mle,1,,-174.884714126,-173.611387927,2.54665239758,4
4999,54,True,finite_mle,1,,-152.190496764,-152.154108746,0.0727760377287,4
5000,64,True,finite_mle,1,,-171.054573037,-170.561922586,0.985300901107,4
5001,58,True,finite_mle,1,,-160.587447747,-160.090879503,0.993136487124,4
5002,67,True,finite_mle,1,,-181.806397881,-181.359742926,0.8933099087,4
5003,63,True,finite_mle,1,,-174.606559831,-173.836516525,1.54008661165,4
5004,49,True,finite_mle,1,,-148.836359596,-146.532008826,4.60870154158,4
5005,50,True,finite_mle,1,,-150.975301499,-150.78602766,0.378547677728,4
5006,55,True,finite_mle,1,,-158.071973,-157.685501477,0.772943045049,4
5007,52,True,finite_mle,1,,-153.244599383,-151.33598502,3.81722872597,4
5008,56,True,finite_mle,1,,-163.882001528,-162.130483818,3.50303541889,4
5009,53,True,finite_mle,1,,-157.638916562,-156.525618195,2.226596734,4
5010,56,True,finite_mle,1,,-162.975859989,-161.409775211,3.13216955621,4
5011,69,True,finite_mle,1,,-182.689814853,-179.687900947,6.00382781087,4
5012,50,True,finite_mle,1,,-145.843529173,-142.5758036,6.53545114546,4
5013,59,True,finite_mle,1,,-157.944000958,-157.76122164,0.365558634602,4
5014,59,True,finite_mle,1,,-166.910577272,-165.943743569,1.93366740567,4
5015,51,True,finite_mle,1,,-154.585230905,-153.569993669,2.03047447295,4
5016,64,True,finite_mle,1,,-172.95994892,-172.513274144,0.893349553678,4
5017,57,True,finite_mle,1,,-161.866468049,-161.189491645,1.35395280717,4
5018,49,True,finite_mle,1,,-147.207761786,-146.871233299,0.673056975661,4
5019,49,True,finite_mle,1,,-140.640792921,-139.665027258,1.95153132773,4
5020,55,True,finite_mle,1,,-161.833896104,-161.435288257,0.797215694176,4
5021,52,True,finite_mle,1,,-150.323464518,-150.035112217,0.576704603167,4
5022,56,True,finite_mle,1,,-159.806568613,-157.918520429,3.77609636805,4
5023,57,True,finite_mle,1,,-165.227297146,-164.290883211,1.87282786905,4
5024,68,True,finite_mle,1,,-185.269902565,-185.189834746,0.160135638563,4
5025,65,True,finite_mle,1,,-177.773540722,-177.541716965,0.463647514562,4
5026,58,True,finite_mle,1,,-163.9000026,-162.406351522,2.98730215533,4
5027,54,True,finite_mle,1,,-151.285150914,-149.782265277,3.00577127574,4
5028,62,True,finite_mle,1,,-173.284929723,-170.997528457,4.57480253153,4
5029,59,True,finite_mle,1,,-159.080751047,-158.683464594,0.794572905463,4
5030,58,True,finite_mle,1,,-159.354302818,-159.325746189,0.0571132576601,4
5031,55,True,finite_mle,1,,-154.399433565,-154.213414142,0.37203884527,4
5032,61,True,finite_mle,1,,-168.891380024,-168.526578697,0.729602655308,4
5033,66,True,finite_mle,1,,-178.156530655,-177.720605767,0.871849776051,4
5034,52,True,finite_mle,1,,-155.125863037,-155.116767029,0.0181920165611,4
5035,50,True,finite_mle,1,,-147.754213341,-147.58964889,0.329128903017,4
5036,55,True,finite_mle,1,,-158.546894357,-157.915655541,1.26247763075,4
5037,49,True,finite_mle,1,,-150.303016588,-149.637309324,1.33141452608,4
5038,63,True,finite_mle,1,,-171.750478429,-170.068390474,3.36417591002,4
5039,48,True,finite_mle,1,,-139.575794258,-138.486702989,2.17818253766,4
5040,50,True,finite_mle,1,,-146.496672481,-145.726099996,1.54114496954,4
5041,49,True,finite_mle,1,,-148.391033609,-148.278530547,0.225006124476,4
5042,55,True,finite_mle,1,,-157.320739104,-156.436067704,1.76934279997,4
5043,64,True,finite_mle,1,,-172.841381464,-171.806859784,2.06904335894,4
5044,60,True,finite_mle,1,,-161.544930312,-161.456744114,0.17637239552,4
5045,67,True,finite_mle,1,,-181.276678674,-181.158394674,0.236568000498,4
5046,44,True,finite_mle,1,,-136.825417964,-136.694221076,0.262393777011,4
5047,60,True,finite_mle,1,,-170.169351274,-168.409778402,3.51914574326,4
5048,50,True,finite_mle,1,,-151.218582516,-149.177474582,4.08221586814,4
5049,57,True,finite_mle,1,,-165.557828597,-165.397743261,0.320170671762,4
5050,58,True,finite_mle,1,,-166.101085784,-165.515899437,1.17037269338,4
5051,70,True,finite_mle,1,,-176.162281325,-175.901082866,0.522396917661,4
5052,68,True,finite_mle,1,,-177.667324474,-176.538235272,2.25817840385,4
5053,59,True,finite_mle,1,,-167.020134576,-166.567637225,0.904994702028,4
5054,61,True,finite_mle,1,,-170.360184889,-167.813800318,5.09276914201,4
5055,51,True,finite_mle,1,,-153.261826264,-152.358240298,1.80717193149,4
5056,71,True,finite_mle,1,,-183.659974964,-183.606390491,0.107168944961,4
5057,59,True,finite_mle,1,,-167.507713869,-164.793208461,5.42901081553,4
5058,62,True,finite_mle,1,,-162.203047408,-161.936128706,0.533837402949,4
5059,63,True,finite_mle,1,,-174.339795015,-173.777016259,1.12555751202,4
5060,60,True,finite_mle,1,,-168.042741922,-167.85865351,0.368176825215,4
5061,64,True,finite_mle,1,,-173.332781118,-170.993830769,4.67790069783,4
5062,68,True,finite_mle,1,,-184.237457898,-181.948599678,4.57771644144,4
5063,62,True,finite_mle,1,,-173.667645506,-170.776087372,5.7831162682,4
5064,47,True,finite_mle,1,,-142.409102628,-141.989017085,0.840171086446,4
5065,59,True,finite_mle,1,,-167.196363628,-164.792597527,4.80753220262,4
5066,68,True,finite_mle,1,,-182.189748439,-182.096988337,0.185520204258,4
5067,60,True,finite_mle,1,,-167.399166077,-167.269697657,0.25893683976,4
5068,48,True,finite_mle,1,,-147.462546841,-145.830581514,3.26393065272,4
5069,56,True,finite_mle,1,,-162.782123359,-162.304480576,0.955285566947,4
5070,52,True,finite_mle,1,,-153.472900532,-152.645690932,1.6544191991,4
5071,63,True,finite_mle,1,,-165.709955909,-164.78656512,1.8467815767,4
5072,44,True,finite_mle,1,,-131.697513637,-131.399859275,0.595308723665,4
5073,54,True,finite_mle,1,,-158.890753791,-157.22929493,3.32291772169,4
5074,62,True,finite_mle,1,,-166.476604588,-166.402023797,0.149161580799,4
5075,52,True,finite_mle,1,,-156.329436383,-156.010525339,0.637822087028,4
5076,54,True,finite_mle,1,,-155.226681004,-154.287658692,1.8780446246,4
5077,57,True,finite_mle,1,,-165.163312075,-164.845070718,0.636482714878,4
5078,62,True,finite_mle,1,,-168.283750008,-167.902826053,0.761847909859,4
5079,68,True,finite_mle,1,,-184.715412436,-183.218228847,2.99436717821,4
5080,63,True,finite_mle,1,,-176.727136114,-176.134188727,1.18589477299,4
5081,61,True,finite_mle,1,,-166.451027544,-165.702610984,1.49683312133,4
5082,49,True,finite_mle,1,,-148.675164326,-147.596589,2.15715065187,4
5083,60,True,finite_mle,1,,-169.601351401,-169.515297437,0.172107927849,4
5084,56,True,finite_mle,1,,-152.861379717,-152.384410369,0.95393869489,4
5085,60,True,finite_mle,1,,-167.925391575,-166.477398063,2.89598702351,4
5086,46,True,finite_mle,1,,-142.01023161,-140.968001602,2.08446001616,4
5087,50,True,finite_mle,1,,-150.800752512,-150.089670197,1.42216462919,4
5088,60,True,finite_mle,1,,-167.807088798,-167.650612181,0.312953234037,4
5089,51,True,finite_mle,1,,-150.21815369,-149.963829454,0.508648471115,4
5090,66,True,finite_mle,1,,-181.348643239,-181.093368819,0.510548839788,4
5091,61,True,finite_mle,1,,-166.563732777,-166.285914857,0.555635839992,4
5092,49,True,finite_mle,1,,-150.0577702,-149.069154488,1.97723142464,4
5093,63,True,finite_mle,1,,-171.087149058,-170.802651771,0.568994574229,4
5094,51,True,finite_mle,1,,-152.901043705,-151.547883338,2.70632073458,4
5095,59,True,finite_mle,1,,-163.817209492,-163.15359907,1.32722084417,4
5096,52,True,finite_mle,1,,-153.605471222,-153.393549215,0.423844013712,4
5097,48,True,finite_mle,1,,-147.321745234,-144.885459802,4.87257086434,4
5098,55,True,finite_mle,1,,-159.330424873,-156.311649396,6.03755095245,4
5099,52,True,finite_mle,1,,-152.809257538,-152.537720015,0.543075045652,4
5100,55,True,finite_mle,1,,-159.888058924,-158.884317161,2.00748352488,4
5101,59,True,finite_mle,1,,-165.459684429,-165.093831904,0.731705050538,4
5102,49,True,finite_mle,1,,-145.057224168,-143.278999056,3.55645022408,4
5103,61,True,finite_mle,1,,-171.176443743,-170.616786684,1.11931411891,4
5104,56,True,finite_mle,1,,-161.419548728,-160.402711349,2.03367475944,4
5105,68,True,finite_mle,1,,-181.429320174,-180.730489214,1.39766191999,4
5106,47,True,finite_mle,1,,-144.582049457,-144.340476708,0.483145498791,4
5107,48,True,finite_mle,1,,-142.415066561,-139.923703292,4.98272653871,4
5108,63,True,finite_mle,1,,-167.575755902,-167.385478271,0.380555262843,4
5109,60,True,finite_mle,1,,-170.514248603,-170.309122565,0.410252076371,4
5110,45,True,finite_mle,1,,-138.343296828,-138.159785041,0.367023573818,4
5111,63,True,finite_mle,1,,-175.331946549,-175.201181658,0.261529781835,4
5112,62,True,finite_mle,1,,-168.886866001,-166.647656885,4.47841823263,4
5113,58,True,finite_mle,1,,-163.377343623,-163.306483734,0.141719776882,4
5114,59,True,finite_mle,1,,-169.018689355,-168.574705202,0.887968306128,4
5115,53,True,finite_mle,1,,-156.247422358,-155.870086527,0.754671661893,4
5116,45,True,finite_mle,1,,-136.366033557,-135.826528161,1.07901079261,4
5117,62,True,finite_mle,1,,-176.057289778,-174.857482196,2.39961516317,4
5118,66,True,finite_mle,1,,-173.182394842,-171.169928464,4.02493275547,4
5119,43,True,finite_mle,1,,-134.651942277,-134.636409449,0.0310656572001,4
5120,57,True,finite_mle,1,,-163.162461626,-162.416059311,1.49280462992,4
5121,58,True,finite_mle,1,,-163.881320605,-163.361651852,1.03933750726,4
5122,48,True,finite_mle,1,,-139.674622866,-138.864594185,1.62005736187,4
5123,52,True,finite_mle,1,,-156.252028577,-156.140722887,0.222611378918,4
5124,56,True,finite_mle,1,,-161.470691928,-159.993521276,2.95434130343,4
5125,58,True,finite_mle,1,,-164.882014409,-164.817665002,0.128698814265,4
5126,66,True,finite_mle,1,,-176.706265033,-175.988528587,1.43547289166,4
5127,56,True,finite_mle,1,,-160.961166665,-159.467301268,2.98773079346,4
5128,67,True,finite_mle,1,,-183.564355963,-183.066768888,0.99517415142,4
5129,60,True,finite_mle,1,,-161.324266048,-160.510426817,1.627678462,4
5130,70,True,finite_mle,1,,-184.396621811,-183.982978362,0.827286897473,4
5131,47,True,finite_mle,1,,-145.483396392,-145.440005174,0.0867824362606,4
5132,48,True,finite_mle,1,,-144.049990755,-143.965950242,0.168081026238,4
5133,62,True,finite_mle,1,,-170.58303997,-168.876394916,3.41329010817,4
5134,70,True,finite_mle,1,,-181.554317706,-180.148676649,2.81128211349,4
5135,58,True,finite_mle,1,,-161.364827891,-160.959254457,0.811146868387,4
5136,68,True,finite_mle,1,,-177.494764857,-175.64128697,3.70695577467,4
5137,54,True,finite_mle,1,,-157.979546442,-156.888588514,2.18191585579,4
5138,61,True,finite_mle,1,,-171.527873538,-170.918994844,1.21775738722,4
5139,65,True,finite_mle,1,,-179.44553012,-179.315873725,0.259312789937,4
5140,51,True,finite_mle,1,,-150.492963543,-150.327225788,0.331475510148,4
5141,67,True,finite_mle,1,,-178.943965966,-177.57162129,2.74468935318,4
5142,67,True,finite_mle,1,,-183.292280547,-182.752031602,1.08049789047,4
5143,46,True,finite_mle,1,,-138.722542741,-137.719632823,2.00581983468,4
5144,58,True,finite_mle,1,,-165.599206614,-165.008182912,1.18204740366,4
5145,68,True,finite_mle,1,,-184.483112777,-183.149175555,2.66787444278,4
5146,56,True,finite_mle,1,,-159.161333249,-157.620910085,3.0808463285,4
5147,70,True,finite_mle,1,,-185.224640529,-183.180593269,4.08809451918,4
5148,57,True,finite_mle,1,,-164.933756109,-163.918182263,2.03114769317,4
5149,58,True,finite_mle,1,,-167.959226261,-166.123193946,3.67206463033,4
5150,65,True,finite_mle,1,,-180.356690408,-179.927527672,0.858325473089,4
5151,57,True,finite_mle,1,,-163.470712246,-162.952644977,1.03613453902,4
5152,52,True,finite_mle,1,,-150.618705859,-149.437930304,2.36155111042,4
5153,62,True,finite_mle,1,,-174.672461713,-174.389789569,0.565344286738,4
5154,49,True,finite_mle,1,,-145.734440015,-142.449997617,6.56888479498,4
5155,55,True,finite_mle,1,,-158.216121099,-153.91716766,8.59790687854,4
5156,52,True,finite_mle,1,,-153.211458151,-152.977369736,0.468176829432,4
5157,54,True,finite_mle,1,,-158.122250538,-156.459564835,3.32537140697,4
5158,39,True,finite_mle,1,,-128.178591065,-127.116278169,2.1246257922,4
5159,59,True,finite_mle,1,,-159.733134269,-159.176141166,1.11398620563,4
5160,57,True,finite_mle,1,,-161.564278787,-160.116040954,2.8964756657,4
5161,53,True,finite_mle,1,,-154.392926201,-154.062136949,0.661578502936,4
5162,51,True,finite_mle,1,,-152.197247441,-151.571080263,1.25233435639,4
5163,59,True,finite_mle,1,,-168.474228335,-167.400148268,2.14816013528,4
5164,57,True,finite_mle,1,,-161.982112729,-161.216551327,1.53112280228,4
5165,60,True,finite_mle,1,,-166.482357013,-166.170541818,0.623630389546,4
5166,50,True,finite_mle,1,,-148.562413633,-148.557553007,0.00972125171478,4
5167,51,True,finite_mle,1,,-152.634077658,-152.215438179,0.837278959178,4
5168,63,True,finite_mle,1,,-176.156250092,-175.831157637,0.650184909517,4
5169,56,True,finite_mle,1,,-164.398260658,-164.071261825,0.653997666078,4
5170,65,True,finite_mle,1,,-177.779687763,-177.390089408,0.779196709517,4
5171,49,True,finite_mle,1,,-149.034843997,-147.981716535,2.10625492375,4
5172,62,True,finite_mle,1,,-168.449445302,-166.806544619,3.28580136552,4
5173,58,True,finite_mle,1,,-166.12179392,-164.132822596,3.97794264881,4
5174,61,True,finite_mle,1,,-168.254945665,-166.852834158,2.80422301496,4
5175,62,True,finite_mle,1,,-172.656455597,-166.409977837,12.4929555182,4
5176,61,True,finite_mle,1,,-170.40463069,-169.765937253,1.27738687505,4
5177,66,True,finite_mle,1,,-179.315571434,-178.873124469,0.884893929981,4
5178,53,True,finite_mle,1,,-152.59702495,-152.043763893,1.10652211349,4
5179,58,True,finite_mle,1,,-168.393210101,-165.311290948,6.1638383062,4
5180,56,True,finite_mle,1,,-162.590673733,-161.733258719,1.71483002827,4
5181,56,True,finite_mle,1,,-161.656193147,-160.837740067,1.63690615874,4
5182,56,True,finite_mle,1,,-162.611744342,-160.713163536,3.7971616124,4
5183,62,True,finite_mle,1,,-166.999865147,-166.211225017,1.57728026084,4
5184,61,True,finite_mle,1,,-164.71687438,-164.574343607,0.285061545778,4
5185,49,True,finite_mle,1,,-139.961120515,-139.245834912,1.43057120637,4
5186,55,True,finite_mle,1,,-157.448440348,-156.612264236,1.67235222402,4
5187,55,True,finite_mle,1,,-159.935628936,-159.425218694,1.0208204852,4
5188,52,True,finite_mle,1,,-154.869951154,-154.495416234,0.749069840161,4
5189,53,True,finite_mle,1,,-153.183419487,-152.258996034,1.84884690572,4
5190,53,True,finite_mle,1,,-154.979096775,-152.944539554,4.06911444102,4
5191,58,True,finite_mle,1,,-162.608151285,-162.415317479,0.385667611481,4
5192,55,True,finite_mle,1,,-157.084496531,-155.731426992,2.70613907689,4
5193,56,True,finite_mle,1,,-156.031377328,-152.980099558,6.10255554163,4
5194,60,True,finite_mle,1,,-167.491063904,-166.497406932,1.98731394462,4
5195,55,True,finite_mle,1,,-158.837172005,-157.92125032,1.83184337095,4
5196,63,True,finite_mle,1,,-173.043609245,-170.896956276,4.29330593618,4
5197,63,True,finite_mle,1,,-174.100725989,-173.200848586,1.79975480509,4
5198,61,True,finite_mle,1,,-171.085037311,-170.311854878,1.54636486612,4
5199,55,True,finite_mle,1,,-162.003967374,-161.753697341,0.500540066109,4
5200,45,True,finite_mle,1,,-135.813658233,-135.153003246,1.32130997403,4
5201,64,True,finite_mle,1,,-173.747987088,-172.743784244,2.00840568876,4
5202,58,True,finite_mle,1,,-165.734410454,-163.660661585,4.14749773876,4
5203,59,True,finite_mle,1,,-166.767899351,-166.572628699,0.390541304226,4
5204,69,True,finite_mle,1,,-184.063340413,-184.00673374,0.113213347499,4
5205,49,True,finite_mle,1,,-149.095822053,-147.57653927,3.038565566,4
5206,53,True,finite_mle,1,,-156.255178239,-152.522317972,7.46572053462,4
5207,54,True,finite_mle,1,,-156.30340183,-155.661369048,1.28406556395,4
5208,63,True,finite_mle,1,,-170.34474111,-169.18445434,2.3205735386,4
5209,69,True,finite_mle,1,,-183.780025666,-181.805508269,3.94903479253,4
5210,60,True,finite_mle,1,,-169.751964728,-168.86304933,1.77783079617,4
5211,60,True,finite_mle,1,,-166.238399439,-164.830786308,2.81522626198,4
5212,53,True,finite_mle,1,,-156.847504251,-154.956138716,3.78273106816,4
5213,59,True,finite_mle,1,,-165.717436479,-164.891762105,1.65134874949,4
5214,58,True,finite_mle,1,,-161.524736804,-158.097023235,6.8554271378,4
5215,54,True,finite_mle,1,,-157.760952851,-153.169763959,9.18237778326,4
5216,67,True,finite_mle,1,,-178.088716269,-176.658610359,2.8602118206,4
5217,57,True,finite_mle,1,,-159.387000322,-159.293651264,0.186698116592,4
5218,66,True,finite_mle,1,,-178.497047793,-177.514286745,1.96552209755,4
5219,51,True,finite_mle,1,,-152.363436198,-151.619868702,1.48713499301,4
5220,64,True,finite_mle,1,,-178.867327936,-178.397814553,0.939026766211,4
5221,55,True,finite_mle,1,,-159.670017691,-158.929236855,1.48156167295,4
5222,51,True,finite_mle,1,,-152.195677446,-151.671064117,1.04922665795,4
5223,60,True,finite_mle,1,,-169.313949496,-169.191186405,0.245526181209,4
5224,49,True,finite_mle,1,,-146.612611727,-146.182607401,0.860008650731,4
5225,56,True,finite_mle,1,,-153.704685562,-152.946404569,1.51656198444,4
5226,50,True,finite_mle,1,,-148.676243727,-147.63826238,2.07596269469,4
5227,65,True,finite_mle,1,,-178.827065659,-177.035112923,3.58390547163,4
5228,66,True,finite_mle,1,,-173.677153419,-171.576261426,4.20178398669,4
5229,60,True,finite_mle,1,,-168.729706261,-167.821900012,1.81561249848,4
5230,55,True,finite_mle,1,,-159.144786415,-156.816494652,4.65658352617,4
5231,55,True,finite_mle,1,,-161.860128372,-161.446308628,0.827639487857,4
5232,61,True,finite_mle,1,,-154.644695053,-154.382328419,0.524733268067,4
5233,66,True,finite_mle,1,,-179.571178121,-177.708642508,3.72507122532,4
5234,65,True,finite_mle,1,,-180.579428308,-180.226460058,0.705936499685,4
5235,56,True,finite_mle,1,,-161.889964352,-161.524732555,0.730463593758,4
5236,58,True,finite_mle,1,,-159.037220463,-158.834399813,0.405641299306,4
5237,66,True,finite_mle,1,,-178.557917312,-174.694735608,7.72636340777,4
5238,51,True,finite_mle,1,,-150.584675042,-148.714014929,3.74132022573,4
5239,72,True,finite_mle,1,,-188.521783613,-186.506272453,4.03102232009,4
5240,59,True,finite_mle,1,,-162.673016166,-162.228898731,0.88823487028,4
5241,59,True,finite_mle,1,,-166.85149704,-164.045667059,5.61165996124,4
5242,62,True,finite_mle,1,,-171.251963946,-171.126303038,0.251321814998,4
5243,53,True,finite_mle,1,,-155.971796736,-154.014052616,3.91548824104,4
5244,54,True,finite_mle,1,,-152.726154402,-150.872154665,3.70799947566,4
5245,56,True,finite_mle,1,,-163.879261528,-161.361557061,5.03540893417,4
5246,70,True,finite_mle,1,,-188.618792257,-187.938630294,1.36032392559,4
5247,53,True,finite_mle,1,,-156.047887882,-155.018130823,2.05951411741,4
5248,48,True,finite_mle,1,,-141.992256165,-141.129219571,1.72607318668,4
5249,60,True,finite_mle,1,,-165.546930511,-165.298234684,0.497391653853,4
5250,50,True,finite_mle,1,,-150.524579884,-147.750925053,5.54730966237,4
5251,58,True,finite_mle,1,,-155.367257043,-154.484697697,1.76511869279,4
5252,71,True,finite_mle,1,,-187.895062604,-186.279941739,3.2302417319,4
5253,56,True,finite_mle,1,,-159.515181226,-156.367610542,6.29514136801,4
5254,51,True,finite_mle,1,,-153.217173137,-150.252839381,5.92866751078,4
5255,47,True,finite_mle,1,,-145.433904307,-145.345823137,0.176162340522,4
5256,60,True,finite_mle,1,,-165.518077925,-165.480653129,0.0748495905795,4
5257,61,True,finite_mle,1,,-170.840294213,-170.208272744,1.2640429395,4
5258,45,True,finite_mle,1,,-135.902187042,-135.094507668,1.61535874771,4
5259,68,True,finite_mle,1,,-181.422015418,-180.94117302,0.96168479574,4
5260,57,True,finite_mle,1,,-162.233929901,-160.532603332,3.40265313719,4
5261,62,True,finite_mle,1,,-171.745052368,-169.112606864,5.26489100771,4
5262,60,True,finite_mle,1,,-167.384800108,-167.039705005,0.690190206176,4
5263,60,True,finite_mle,1,,-167.017023467,-166.571257228,0.891532478748,4
5264,53,True,finite_mle,1,,-152.390140923,-148.929085061,6.92211172303,4
5265,65,True,finite_mle,1,,-179.647897036,-179.216379507,0.863035058421,4
5266,54,True,finite_mle,1,,-159.733436508,-159.650614511,0.165643993546,4
5267,61,True,finite_mle,1,,-172.552447237,-172.387882325,0.329129825289,4
5268,47,True,finite_mle,1,,-142.49312449,-142.075656085,0.834936810773,4
5269,51,True,finite_mle,1,,-146.499856353,-145.952002808,1.09570709015,4
5270,67,True,finite_mle,1,,-179.976443591,-178.6038701,2.74514698198,4
5271,51,True,finite_mle,1,,-147.607192761,-146.593828679,2.02672816415,4
5272,54,True,finite_mle,1,,-159.725114395,-158.291977356,2.8662740765,4
5273,59,True,finite_mle,1,,-164.254693336,-163.154559164,2.20026834535,4
5274,53,True,finite_mle,1,,-154.642973991,-153.82742943,1.63108912084,4
5275,58,True,finite_mle,1,,-165.774739319,-164.822941684,1.90359526904,4
5276,59,True,finite_mle,1,,-160.73665284,-159.401471962,2.67036175616,4
5277,62,True,finite_mle,1,,-170.497992353,-169.592858175,1.81026835617,4
5278,62,True,finite_mle,1,,-169.348393363,-168.858254254,0.980278218215,4
5279,63,True,finite_mle,1,,-173.867661445,-171.149463437,5.43639601586,4
5280,57,True,finite_mle,1,,-161.047899899,-159.066502877,3.96279404518,4
5281,47,True,finite_mle,1,,-145.104481945,-143.583968178,3.04102753319,4
5282,50,True,finite_mle,1,,-147.162807222,-144.939066093,4.447482259,4
5283,56,True,finite_mle,1,,-162.613998562,-161.482964744,2.26206763499,4
5284,50,True,finite_mle,1,,-151.797442174,-151.384160392,0.826563563603,4
5285,61,True,finite_mle,1,,-161.599305764,-159.366264574,4.46608238103,4
5286,60,True,finite_mle,1,,-169.63349272,-167.110185344,5.04661475081,4
5287,56,True,finite_mle,1,,-151.200055917,-149.944654671,2.51080249292,4
5288,70,True,finite_mle,1,,-183.529506198,-183.41516417,0.228684054908,4
5289,67,True,finite_mle,1,,-175.13560937,-175.105546344,0.060126052266,4
5290,57,True,finite_mle,1,,-159.585630096,-157.302599693,4.56606080457,4
5291,65,True,finite_mle,1,,-177.304201943,-176.773991224,1.0604214385,4
5292,69,True,finite_mle,1,,-186.571575473,-185.541832946,2.05948505283,4
5293,52,True,finite_mle,1,,-152.906970463,-151.092282693,3.62937554025,4
5294,52,True,finite_mle,1,,-149.026547148,-147.282926249,3.48724179866,4
5295,55,True,finite_mle,1,,-156.708538875,-155.891096061,1.63488562713,4
5296,58,True,finite_mle,1,,-166.695552673,-166.564130865,0.262843614806,4
5297,57,True,finite_mle,1,,-162.624370042,-162.405863117,0.437013851072,4
5298,71,True,finite_mle,1,,-185.0506779,-183.451351028,3.19865374471,4
5299,56,True,finite_mle,1,,-157.878983636,-156.483432982,2.79110130749,4
5300,64,True,finite_mle,1,,-179.502569087,-175.524465178,7.95620781815,4
5301,50,True,finite_mle,1,,-146.483671553,-146.444644859,0.0780533869636,4
5302,67,True,finite_mle,1,,-178.185252144,-177.223781019,1.92294224969,4
5303,52,True,finite_mle,1,,-152.014932777,-150.759652869,2.51055981502,4
5304,70,True,finite_mle,1,,-177.535022426,-176.615169693,1.83970546646,4
5305,43,True,finite_mle,1,,-136.602925733,-135.935856926,1.33413761494,4
5306,56,True,finite_mle,1,,-160.745730426,-160.640636542,0.210187767949,4
5307,56,True,finite_mle,1,,-160.816439987,-160.763919858,0.105040256728,4
5308,54,True,finite_mle,1,,-156.109167489,-154.333810284,3.55071440956,4
5309,57,True,finite_mle,1,,-157.547780349,-153.451248834,8.1930630298,4
5310,55,True,finite_mle,1,,-160.781877765,-160.232332853,1.09908982401,4
5311,52,True,finite_mle,1,,-154.053188574,-153.289871115,1.52663491822,4
5312,58,True,finite_mle,1,,-162.532657461,-162.065656163,0.934002596169,4
5313,49,True,finite_mle,1,,-147.907421781,-146.464888001,2.8850675592,4
5314,65,True,finite_mle,1,,-177.088273551,-176.642752547,0.891042008315,4
5315,47,True,finite_mle,1,,-140.461013886,-140.013523472,0.894980827919,4
5316,67,True,finite_mle,1,,-182.465321362,-182.24970493,0.431232864981,4
5317,56,True,finite_mle,1,,-162.581369602,-161.753070877,1.65659745064,4
5318,50,True,finite_mle,1,,-144.683400881,-143.882889023,1.60102371491,4
5319,56,True,finite_mle,1,,-161.066891839,-160.779836889,0.574109900409,4
5320,60,True,finite_mle,1,,-170.194593057,-170.086067729,0.217050655359,4
5321,55,True,finite_mle,1,,-161.647137748,-161.335619553,0.623036389398,4
5322,53,True,finite_mle,1,,-149.045327398,-148.927179309,0.23629617838,4
5323,49,True,finite_mle,1,,-145.396141533,-145.252008514,0.288266037374,4
5324,57,True,finite_mle,1,,-157.452182872,-156.968462654,0.967440436473,4
5325,63,True,finite_mle,1,,-174.2638885,-169.68961334,9.14855031891,4
5326,73,True,finite_mle,1,,-192.139044098,-191.775111966,0.727864264527,4
5327,60,True,finite_mle,1,,-171.043008931,-168.506312826,5.07339220958,4
5328,64,True,finite_mle,1,,-173.692556409,-171.442041662,4.50102949452,4
5329,55,True,finite_mle,1,,-156.478722847,-155.822684488,1.31207671753,4
5330,55,True,finite_mle,1,,-153.829250074,-153.135122137,1.38825587314,4
5331,76,True,finite_mle,1,,-189.922561598,-189.535166787,0.774789620752,4
5332,63,True,finite_mle,1,,-171.202990356,-171.130443347,0.145094016609,4
5333,67,True,finite_mle,1,,-182.701651453,-182.574707773,0.25388736,4
5334,57,True,finite_mle,1,,-159.640560401,-159.528137791,0.224845220678,4
5335,52,True,finite_mle,1,,-150.388112616,-150.015635664,0.744953904079,4
5336,60,True,finite_mle,1,,-160.557225049,-159.48665653,2.1411370375,4
5337,62,True,finite_mle,1,,-173.491712725,-172.550798651,1.88182814896,4
5338,64,True,finite_mle,1,,-176.691879692,-175.28231452,2.81913034543,4
5339,63,True,finite_mle,1,,-166.747538364,-166.525221636,0.444633457404,4
5340,36,True,finite_mle,1,,-121.010036596,-118.402689727,5.21469373743,4
5341,59,True,finite_mle,1,,-168.284165818,-165.625353417,5.31762480334,4
5342,57,True,finite_mle,1,,-158.657995179,-158.251845296,0.812299765992,4
5343,65,True,finite_mle,1,,-177.576316231,-176.335817897,2.48099666921,4
5344,59,True,finite_mle,1,,-166.297733795,-164.893641286,2.80818501765,4
5345,62,True,finite_mle,1,,-172.448922446,-172.088686493,0.72047190564,4
5346,61,True,finite_mle,1,,-169.359785071,-168.850264273,1.01904159697,4
5347,60,True,finite_mle,1,,-169.749444317,-169.063316781,1.372255073,4
5348,45,True,finite_mle,1,,-138.336697743,-137.331690227,2.01001503359,4
5349,46,True,finite_mle,1,,-140.20338361,-140.080350844,0.246065531345,4
5350,59,True,finite_mle,1,,-167.805201344,-166.364916401,2.88056988583,4
5351,56,True,finite_mle,1,,-161.64385706,-160.731951618,1.82381088486,4
5352,64,True,finite_mle,1,,-178.048001904,-176.756263901,2.58347600579,4
5353,50,True,finite_mle,1,,-146.355821794,-143.345074534,6.02149452107,4
5354,52,True,finite_mle,1,,-155.573162528,-154.225020718,2.6962836204,4
5355,55,True,finite_mle,1,,-155.493624429,-155.42979292,0.127663016446,4
5356,56,True,finite_mle,1,,-157.201834872,-155.058061824,4.28754609542,4
5357,52,True,finite_mle,1,,-147.375341717,-145.976549355,2.79758472326,4
5358,51,True,finite_mle,1,,-150.154858051,-147.961236453,4.38724319574,4
5359,67,True,finite_mle,1,,-184.798829254,-182.50553485,4.58658880755,4
5360,66,True,finite_mle,1,,-179.296298912,-178.010800389,2.57099704497,4
5361,62,True,finite_mle,1,,-168.350110713,-167.786425874,1.12736967645,4
5362,61,True,finite_mle,1,,-166.656320393,-166.302348429,0.707943927939,4
5363,63,True,finite_mle,1,,-175.209398324,-174.089201569,2.24039350928,4
5364,60,True,finite_mle,1,,-166.0393254,-165.997827315,0.0829961698983,4
5365,59,True,finite_mle,1,,-167.041764651,-166.370269651,1.34299000133,4
5366,51,True,finite_mle,1,,-153.540288216,-152.786785644,1.50700514334,4
5367,56,True,finite_mle,1,,-157.597507261,-156.656514532,1.88198545761,4
5368,59,True,finite_mle,1,,-167.128951241,-166.369728345,1.51844579323,4
5369,62,True,finite_mle,1,,-171.097544274,-168.509849083,5.17539038197,4
5370,60,True,finite_mle,1,,-168.39170927,-167.862887578,1.05764338491,4
5371,49,True,finite_mle,1,,-144.945888088,-144.754990477,0.381795222432,4
5372,58,True,finite_mle,1,,-165.200884157,-163.602339777,3.19708876013,4
5373,57,True,finite_mle,1,,-163.267021599,-162.320887323,1.89226855251,4
5374,60,True,finite_mle,1,,-166.443371345,-165.21917892,2.44838485089,4
5375,65,True,finite_mle,1,,-173.873527515,-173.281471658,1.18411171389,4
5376,59,True,finite_mle,1,,-169.166174098,-167.350055187,3.63223782283,4
5377,57,True,finite_mle,1,,-160.867218083,-160.147220131,1.43999590429,4
5378,59,True,finite_mle,1,,-169.458321232,-169.308061002,0.300520461218,4
5379,58,True,finite_mle,1,,-164.606990911,-164.523822036,0.166337751346,4
5380,47,True,finite_mle,1,,-141.112322177,-140.075786425,2.0730715032,4
5381,55,True,finite_mle,1,,-157.317977693,-155.748693622,3.1385681412,4
5382,51,True,finite_mle,1,,-151.81009648,-150.522252991,2.57568697947,4
5383,54,True,finite_mle,1,,-153.442853394,-153.334593903,0.216518982508,4
5384,50,True,finite_mle,1,,-151.289499123,-147.952188265,6.67462171566,4
5385,61,True,finite_mle,1,,-166.824717419,-165.205999525,3.23743578883,4
5386,61,True,finite_mle,1,,-172.289541495,-171.211324555,2.15643387887,4
5387,68,True,finite_mle,1,,-180.43056701,-179.682299155,1.49653571035,4
5388,68,True,finite_mle,1,,-179.335438407,-178.136714484,2.39744784611,4
5389,57,True,finite_mle,1,,-163.934904646,-163.436010049,0.997789193928,4
5390,66,True,finite_mle,1,,-180.430865088,-179.448124362,1.96548145235,4
5391,67,True,finite_mle,1,,-177.573263261,-177.507056843,0.132412835949,4
5392,53,True,finite_mle,1,,-156.06103707,-155.208048899,1.70597634178,4
5393,56,True,finite_mle,1,,-158.596468699,-155.768732278,5.6554728419,4
5394,60,True,finite_mle,1,,-164.770704452,-164.726449694,0.0885095149652,4
5395,54,True,finite_mle,1,,-151.075279625,-151.060482642,0.0295939660125,4
5396,54,True,finite_mle,1,,-156.288627399,-155.08078898,2.41567683754,4
5397,54,True,finite_mle,1,,-159.945244142,-159.638503621,0.613481041899,4
5398,62,True,finite_mle,1,,-171.703807057,-171.552695045,0.302224024572,4
5399,62,True,finite_mle,1,,-170.909212236,-170.878918117,0.0605882384311,4
5400,52,True,finite_mle,1,,-150.237222218,-148.18405459,4.10633525603,4
5401,63,True,finite_mle,1,,-173.793446707,-172.511434704,2.56402400658,4
5402,54,True,finite_mle,1,,-156.439887713,-156.313328101,0.253119223987,4
5403,60,True,finite_mle,1,,-166.927037456,-166.904297262,0.0454803866854,4
5404,63,True,finite_mle,1,,-173.431336816,-172.496826359,1.86902091224,4
5405,59,True,finite_mle,1,,-166.960307563,-166.063062508,1.79449010878,4
5406,60,True,finite_mle,1,,-167.745179461,-167.249074062,0.992210797074,4
5407,60,True,finite_mle,1,,-165.207523841,-161.681086422,7.05287483815,4
5408,61,True,finite_mle,1,,-172.847011914,-170.637091903,4.41984002106,4
5409,68,True,finite_mle,1,,-182.451553022,-181.984087198,0.934931648501,4
5410,55,True,finite_mle,1,,-162.57883514,-159.093007594,6.97165509167,4
5411,58,True,finite_mle,1,,-162.893554306,-162.454728244,0.87765212391,4
5412,53,True,finite_mle,1,,-152.104869817,-151.685154414,0.839430805497,4
5413,52,True,finite_mle,1,,-148.428116218,-143.705371354,9.44548972791,4
5414,51,True,finite_mle,1,,-151.505285521,-151.196744055,0.617082931852,4
5415,51,True,finite_mle,1,,-150.386599362,-150.319536471,0.134125781794,4
5416,67,True,finite_mle,1,,-181.499727424,-181.295696941,0.408060965175,4
5417,60,True,finite_mle,1,,-168.339080286,-167.979043939,0.720072694779,4
5418,56,True,finite_mle,1,,-150.783659942,-149.850397324,1.86652523461,4
5419,66,True,finite_mle,1,,-177.923376146,-177.860615111,0.125522069539,4
5420,54,True,finite_mle,1,,-160.34444864,-160.14189059,0.405116098786,4
5421,55,True,finite_mle,1,,-159.674308284,-159.093329698,1.16195717131,4
5422,56,True,finite_mle,1,,-154.836553643,-154.206201573,1.26070413942,4
5423,57,True,finite_mle,1,,-165.196231951,-162.973984917,4.44449406808,4
5424,53,True,finite_mle,1,,-149.093632218,-149.087861558,0.0115413197551,4
5425,70,True,finite_mle,1,,-183.013573252,-182.280176106,1.46679429124,4
5426,58,True,finite_mle,1,,-163.520195829,-163.134160497,0.772070663766,4
5427,65,True,finite_mle,1,,-175.020237829,-173.210368668,3.61973832184,4
5428,47,True,finite_mle,1,,-145.691762252,-145.468908316,0.44570787177,4
5429,52,True,finite_mle,1,,-155.934401651,-155.123429908,1.62194348572,4
5430,57,True,finite_mle,1,,-164.348799499,-161.692569824,5.31245935042,4
5431,65,True,finite_mle,1,,-180.764527139,-179.88231697,1.76442033841,4
5432,50,True,finite_mle,1,,-148.945133328,-148.727338546,0.435589564789,4
5433,50,True,finite_mle,1,,-151.570287675,-148.686096842,5.76838166619,4
5434,58,True,finite_mle,1,,-162.249398879,-162.19405921,0.110679339631,4
5435,54,True,finite_mle,1,,-157.603397641,-157.225979821,0.754835640053,4
5436,58,True,finite_mle,1,,-165.308064062,-165.251833007,0.11246211048,4
5437,51,True,finite_mle,1,,-148.667031563,-142.218845188,12.8963727504,4
5438,54,True,finite_mle,1,,-158.466586894,-158.218541174,0.496091439355,4
5439,55,True,finite_mle,1,,-158.569032519,-157.659039343,1.81998635138,4
5440,72,True,finite_mle,1,,-190.057583929,-187.65909985,4.79696815762,4
5441,53,True,finite_mle,1,,-155.851424448,-154.543043496,2.61676190376,4
5442,60,True,finite_mle,1,,-166.537704381,-161.638366424,9.79867591428,4
5443,54,True,finite_mle,1,,-155.860486202,-155.788971236,0.143029933504,4
5444,64,True,finite_mle,1,,-169.510714887,-169.264414002,0.492601768789,4
5445,66,True,finite_mle,1,,-178.857056096,-178.143736148,1.42663989586,4
5446,64,True,finite_mle,1,,-172.632391547,-172.367047945,0.530687204022,4
5447,66,True,finite_mle,1,,-178.023024681,-175.27347519,5.49909898174,4
5448,64,True,finite_mle,1,,-167.310792515,-166.767122432,1.08734016577,4
5449,60,True,finite_mle,1,,-166.968677399,-166.721451006,0.494452787114,4
5450,44,True,finite_mle,1,,-133.078008092,-132.744866906,0.666282371346,4
5451,55,True,finite_mle,1,,-159.092556874,-158.36399173,1.45713028843,4
5452,55,True,finite_mle,1,,-156.35809654,-156.197173109,0.32184686254,4
5453,45,True,finite_mle,1,,-136.163861945,-132.960686101,6.40635168889,4
5454,76,True,finite_mle,1,,-198.548934628,-196.761102034,3.57566518836,4
5455,60,True,finite_mle,1,,-171.06127828,-170.517166206,1.08822414977,4
5456,70,True,finite_mle,1,,-186.091274308,-184.504059428,3.17442975882,4
5457,50,True,finite_mle,1,,-148.863558813,-147.017475985,3.69216565576,4
5458,63,True,finite_mle,1,,-173.161308817,-172.41598742,1.49064279284,4
5459,48,True,finite_mle,1,,-144.23442949,-143.108031584,2.25279581236,4
5460,55,True,finite_mle,1,,-160.801744869,-160.742167641,0.119154455589,4
5461,47,True,finite_mle,1,,-144.391957213,-142.94118714,2.90154014707,4
5462,53,True,finite_mle,1,,-157.449241652,-156.758424618,1.38163406868,4
5463,53,True,finite_mle,1,,-156.891446941,-156.544671897,0.693550087618,4
5464,65,True,finite_mle,1,,-178.324361004,-177.495902937,1.65691613569,4
5465,51,True,finite_mle,1,,-148.307052194,-148.073584696,0.466934995877,4
5466,53,True,finite_mle,1,,-148.741665076,-148.461360012,0.560610129011,4
5467,65,True,finite_mle,1,,-177.114748435,-175.976289332,2.27691820757,4
5468,68,True,finite_mle,1,,-184.095945213,-180.296990693,7.59790903987,4
5469,63,True,finite_mle,1,,-175.738363025,-174.152069319,3.17258741195,4
5470,64,True,finite_mle,1,,-174.028391965,-173.754054388,0.548675153472,4
5471,71,True,finite_mle,1,,-187.892361385,-187.859340759,0.0660412521352,4
5472,60,True,finite_mle,1,,-167.887409874,-167.069124452,1.63657084395,4
5473,63,True,finite_mle,1,,-170.651188846,-170.057924571,1.18652855072,4
5474,57,True,finite_mle,1,,-159.241092708,-158.881177132,0.719831152808,4
5475,69,True,finite_mle,1,,-176.449364691,-176.215822557,0.467084269727,4
5476,78,True,finite_mle,1,,-196.497110501,-196.492364589,0.00949182365895,4
5477,49,True,finite_mle,1,,-144.789000318,-144.172481407,1.23303782146,4
5478,57,True,finite_mle,1,,-162.265751447,-160.757425168,3.01665255705,4
5479,53,True,finite_mle,1,,-154.475311966,-149.911023261,9.12857741002,4
5480,53,True,finite_mle,1,,-154.836740028,-153.515624329,2.64223139644,4
5481,51,True,finite_mle,1,,-149.135472703,-148.610582487,1.04978043159,4
5482,58,True,finite_mle,1,,-164.558595311,-162.770612058,3.5759665062,4
5483,64,True,finite_mle,1,,-174.320175853,-172.994141227,2.65206925216,4
5484,50,True,finite_mle,1,,-151.158584725,-151.064984951,0.187199547982,4
5485,58,True,finite_mle,1,,-165.052639551,-164.36766584,1.36994742154,4
5486,51,True,finite_mle,1,,-148.850538022,-148.519320492,0.662435060116,4
5487,62,True,finite_mle,1,,-169.93236313,-169.914005113,0.0367160351416,4
5488,57,True,finite_mle,1,,-161.242498114,-160.062726751,2.3595427263,4
5489,75,True,finite_mle,1,,-196.652650046,-196.529751512,0.245797067291,4
5490,67,True,finite_mle,1,,-174.329988003,-173.097150772,2.4656744623,4
5491,48,True,finite_mle,1,,-145.573980317,-144.506713963,2.13453270925,4
5492,54,True,finite_mle,1,,-158.672124316,-157.218312152,2.90762432793,4
5493,57,True,finite_mle,1,,-160.028416097,-159.991054487,0.0747232197838,4
5494,49,True,finite_mle,1,,-142.238897509,-140.182753804,4.1122874113,4
5495,60,True,finite_mle,1,,-164.067424644,-160.54553475,7.0437797869,4
5496,56,True,finite_mle,1,,-161.37948812,-160.753092404,1.25279143349,4
5497,57,True,finite_mle,1,,-161.623415788,-161.366863686,0.513104202636,4
5498,55,True,finite_mle,1,,-161.789966923,-161.109391715,1.36115041563,4
5499,50,True,finite_mle,1,,-148.674296086,-148.166969398,1.01465337591,4
5500,59,True,finite_mle,1,,-167.930993859,-166.286864807,3.2882581029,4
5501,58,True,finite_mle,1,,-164.022612724,-162.812674068,2.4198773128,4
5502,51,True,finite_mle,1,,-151.362218711,-150.858825261,1.00678690014,4
5503,67,True,finite_mle,1,,-178.905122214,-177.665204677,2.4798350732,4
5504,56,True,finite_mle,1,,-158.773220322,-158.516856434,0.512727775388,4
5505,56,True,finite_mle,1,,-155.970914311,-154.942626067,2.05657648876,4
5506,52,True,finite_mle,1,,-153.78920385,-153.176645278,1.2251171448,4
5507,55,True,finite_mle,1,,-161.525749421,-160.750549554,1.55039973422,4
5508,57,True,finite_mle,1,,-162.979707977,-162.724194851,0.511026251785,4
5509,60,True,finite_mle,1,,-170.957871596,-170.045238106,1.82526698061,4
5510,68,True,finite_mle,1,,-171.082574385,-170.761956839,0.641235091978,4
5511,60,True,finite_mle,1,,-167.65707413,-166.361172418,2.59180342419,4
5512,66,True,finite_mle,1,,-173.957906001,-173.418215679,1.07938064406,4
5513,67,True,finite_mle,1,,-182.389702012,-182.184076169,0.411251686233,4
5514,59,True,finite_mle,1,,-166.119941911,-163.519266631,5.20135056107,4
5515,61,True,finite_mle,1,,-170.237413669,-168.896475176,2.68187698544,4
5516,63,True,finite_mle,1,,-175.555840921,-174.520214525,2.07125279071,4
5517,58,True,finite_mle,1,,-166.36322166,-165.934239319,0.857964681531,4
5518,50,True,finite_mle,1,,-144.334071833,-144.288532638,0.0910783901069,4
5519,56,True,finite_mle,1,,-159.076990934,-159.030731254,0.0925193584939,4
5520,60,True,finite_mle,1,,-167.03219672,-166.879684155,0.305025128876,4
5521,56,True,finite_mle,1,,-159.951805921,-158.798224453,2.307162936,4
5522,55,True,finite_mle,1,,-155.183272222,-155.041310974,0.283922497648,4
5523,53,True,finite_mle,1,,-157.018085073,-154.469776118,5.09661791121,4
5524,61,True,finite_mle,1,,-170.583959209,-169.847984536,1.47194934755,4
5525,53,True,finite_mle,1,,-156.344567051,-156.239231169,0.210671763591,4
5526,57,True,finite_mle,1,,-165.613688098,-164.617933975,1.99150824752,4
5527,49,True,finite_mle,1,,-147.055799912,-146.655664556,0.800270712948,4
5528,56,True,finite_mle,1,,-157.052341107,-154.269699956,5.5652823025,4
5529,52,True,finite_mle,1,,-155.023621209,-150.700050298,8.64714182157,4
5530,59,True,finite_mle,1,,-167.537286624,-167.327915548,0.418742151245,4
5531,65,True,finite_mle,1,,-175.935744032,-175.023815119,1.82385782641,4
5532,52,True,finite_mle,1,,-148.258313269,-148.142568584,0.231489370989,4
5533,60,True,finite_mle,1,,-169.30396439,-169.265502418,0.0769239442053,4
5534,57,True,finite_mle,1,,-162.242214994,-159.942960724,4.59850853995,4
5535,56,True,finite_mle,1,,-160.703139,-160.623962804,0.158352393554,4
5536,58,True,finite_mle,1,,-165.758909358,-165.500116251,0.517586214029,4
5537,63,True,finite_mle,1,,-175.468536588,-174.639564121,1.65794493375,4
5538,61,True,finite_mle,1,,-167.452832904,-166.210487477,2.48469085404,4
5539,58,True,finite_mle,1,,-163.129180086,-163.031223233,0.195913705383,4
5540,56,True,finite_mle,1,,-158.223583106,-156.441189284,3.56478764475,4
5541,60,True,finite_mle,1,,-167.176818926,-165.258624432,3.83638898865,4
5542,58,True,finite_mle,1,,-163.324850572,-162.94194387,0.765813403197,4
5543,48,True,finite_mle,1,,-145.444097502,-145.158985298,0.570224408673,4
5544,50,True,finite_mle,1,,-149.089612569,-147.776837351,2.62555043516,4
5545,62,True,finite_mle,1,,-173.188821676,-171.224109216,3.9294249186,4
5546,53,True,finite_mle,1,,-156.916093528,-156.593967051,0.644252954345,4
5547,52,True,finite_mle,1,,-154.873863808,-151.538407148,6.67091332105,4
5548,52,True,finite_mle,1,,-153.256383108,-152.901188795,0.710388626643,4
5549,53,True,finite_mle,1,,-152.892477637,-150.146227706,5.49249986169,4
5550,56,True,finite_mle,1,,-160.899248633,-159.23224318,3.33401090537,4
5551,50,True,finite_mle,1,,-149.450016059,-148.059375726,2.78128066518,4
5552,56,True,finite_mle,1,,-162.287403299,-161.585434677,1.40393724272,4
5553,58,True,finite_mle,1,,-163.802438105,-163.272507551,1.05986110863,4
5554,64,True,finite_mle,1,,-176.479590098,-175.607959626,1.74326094462,4
5555,44,True,finite_mle,1,,-136.562880443,-135.607328898,1.91110308993,4
5556,57,True,finite_mle,1,,-159.48958579,-158.899214565,1.18074244927,4
5557,56,True,finite_mle,1,,-164.639636894,-164.485428633,0.308416522846,4
5558,54,True,finite_mle,1,,-159.696435373,-159.461695462,0.469479821762,4
5559,47,True,finite_mle,1,,-139.624057104,-139.593426389,0.0612614311019,4
5560,52,True,finite_mle,1,,-153.521522007,-153.339015913,0.365012188304,4
5561,44,True,finite_mle,1,,-136.333091794,-134.429210804,3.80776198033,4
5562,61,True,finite_mle,1,,-169.423023036,-166.496194373,5.85365732625,4
5563,65,True,finite_mle,1,,-177.655971735,-176.219301562,2.87334034601,4
5564,59,True,finite_mle,1,,-168.070204231,-167.271261236,1.59788599082,4
5565,57,True,finite_mle,1,,-164.064495807,-162.928319806,2.27235200263,4
5566,59,True,finite_mle,1,,-163.409345419,-162.38018079,2.05832925653,4
5567,58,True,finite_mle,1,,-166.735067564,-166.001486099,1.46716292878,4
5568,58,True,finite_mle,1,,-165.758502058,-164.242817386,3.03136934405,4
5569,54,True,finite_mle,1,,-160.781454412,-160.334294188,0.894320447401,4
5570,58,True,finite_mle,1,,-161.555310238,-160.183702267,2.7432159425,4
5571,59,True,finite_mle,1,,-168.895356134,-168.449926719,0.890858830185,4
5572,49,True,finite_mle,1,,-144.358886817,-143.962255569,0.793262495402,4
5573,55,True,finite_mle,1,,-159.297659811,-159.232102727,0.131114168964,4
5574,52,True,finite_mle,1,,-149.48994718,-148.298618879,2.38265660242,4
5575,58,True,finite_mle,1,,-162.65183492,-162.639370738,0.0249283637245,4
5576,52,True,finite_mle,1,,-152.367075376,-149.063999748,6.60615125577,4
5577,57,True,finite_mle,1,,-160.636500419,-160.555144371,0.162712097654,4
5578,58,True,finite_mle,1,,-163.140607071,-161.295025989,3.69116216405,4
5579,62,True,finite_mle,1,,-169.906329129,-169.800866984,0.210924290054,4
5580,57,True,finite_mle,1,,-163.10371005,-162.868140643,0.471138813655,4
5581,65,True,finite_mle,1,,-176.716477781,-175.149264683,3.13442619665,4
5582,60,True,finite_mle,1,,-169.229170932,-169.175313645,0.107714574168,4
5583,45,True,finite_mle,1,,-139.973990842,-138.941783303,2.06441507822,4
5584,48,True,finite_mle,1,,-144.41652464,-144.196315554,0.440418172317,4
5585,56,True,finite_mle,1,,-159.04917128,-158.816228926,0.465884709703,4
5586,59,True,finite_mle,1,,-162.032028834,-158.937469907,6.18911785277,4
5587,64,True,finite_mle,1,,-174.891817052,-174.529876141,0.723881820309,4
5588,54,True,finite_mle,1,,-145.179477518,-144.850467865,0.658019305209,4
5589,56,True,finite_mle,1,,-149.148714093,-148.726339077,0.84475003175,4
5590,67,True,finite_mle,1,,-177.211822038,-175.920232327,2.58317942085,4
5591,41,True,finite_mle,1,,-132.337286237,-132.331748807,0.0110748584797,4
5592,62,True,finite_mle,1,,-168.515312777,-167.822934982,1.38475559052,4
5593,63,True,finite_mle,1,,-174.398040768,-173.081220606,2.63364032453,4
5594,49,True,finite_mle,1,,-146.977123998,-145.849241498,2.25576500029,4
5595,60,True,finite_mle,1,,-169.006086081,-167.400792497,3.21058716868,4
5596,55,True,finite_mle,1,,-157.471644694,-157.060594472,0.822100445592,4
5597,56,True,finite_mle,1,,-154.675872272,-154.439943567,0.471857409985,4
5598,63,True,finite_mle,1,,-172.174465859,-171.579485962,1.1899597937,4
5599,72,True,finite_mle,1,,-185.322519535,-183.221507567,4.20202393647,4
5600,58,True,finite_mle,1,,-163.18036198,-161.806631359,2.7474612418,4
5601,59,True,finite_mle,1,,-160.777421693,-159.148411258,3.25802087046,4
5602,55,True,finite_mle,1,,-161.367517911,-160.917373509,0.900288803191,4
5603,61,True,finite_mle,1,,-170.266255094,-170.041730756,0.44904867696,4
5604,55,True,finite_mle,1,,-159.329103115,-158.384644896,1.88891643829,4
5605,57,True,finite_mle,1,,-163.946770885,-163.831736099,0.230069573362,4
5606,59,True,finite_mle,1,,-167.689209721,-166.783975997,1.81046744913,4
5607,58,True,finite_mle,1,,-163.28586303,-163.033191275,0.505343510553,4
5608,47,True,finite_mle,1,,-142.920081213,-142.08975028,1.6606618675,4
5609,60,True,finite_mle,1,,-169.291949456,-167.933225596,2.71744772046,4
5610,56,True,finite_mle,1,,-160.454752142,-160.377409759,0.154684766116,4
5611,44,True,finite_mle,1,,-138.570497524,-138.509166694,0.122661660201,4
5612,59,True,finite_mle,1,,-165.520103242,-163.168425747,4.7033549912,4
5613,54,True,finite_mle,1,,-155.804363551,-155.44139271,0.725941682942,4
5614,62,True,finite_mle,1,,-175.602408833,-173.598566104,4.00768545832,4
5615,57,True,finite_mle,1,,-163.338147721,-162.029599424,2.6170965926,4
5616,51,True,finite_mle,1,,-151.038046826,-150.787236094,0.501621463508,4
5617,49,True,finite_mle,1,,-146.459211629,-146.255920973,0.406581312459,4
5618,63,True,finite_mle,1,,-174.725182178,-170.726206069,7.99795221815,4
5619,57,True,finite_mle,1,,-162.738922243,-162.080994464,1.31585555893,4
5620,54,True,finite_mle,1,,-149.565353047,-149.461150941,0.208404211256,4
5621,65,True,finite_mle,1,,-177.23156921,-176.945916488,0.571305443892,4
5622,59,True,finite_mle,1,,-164.117373599,-162.913670883,2.40740543278,4
5623,62,True,finite_mle,1,,-175.783823365,-175.447400366,0.672845997857,4
5624,53,True,finite_mle,1,,-154.355371881,-153.801211891,1.10831998039,4
5625,54,True,finite_mle,1,,-157.025558032,-156.121946542,1.80722297874,4
5626,55,True,finite_mle,1,,-160.619400049,-159.617577707,2.00364468245,4
5627,58,True,finite_mle,1,,-165.584860586,-164.533483885,2.10275340226,4
5628,55,True,finite_mle,1,,-158.707881419,-158.086584017,1.24259480527,4
5629,56,True,finite_mle,1,,-158.465441082,-158.396816347,0.137249469733,4
5630,51,True,finite_mle,1,,-151.494456422,-149.985443152,3.01802654119,4
5631,64,True,finite_mle,1,,-175.948940337,-175.690885439,0.516109794582,4
5632,63,True,finite_mle,1,,-169.587238927,-169.001146764,1.17218432531,4
5633,53,True,finite_mle,1,,-156.020781354,-155.743416229,0.554730250571,4
5634,58,True,finite_mle,1,,-168.239289365,-167.385321642,1.70793544629,4
5635,71,True,finite_mle,1,,-186.482460084,-185.295662592,2.37359498342,4
5636,64,True,finite_mle,1,,-172.021961933,-171.214499655,1.61492455593,4
5637,70,True,finite_mle,1,,-185.987663381,-183.807045074,4.36123661529,4
5638,60,True,finite_mle,1,,-169.424831864,-168.664340852,1.52098202234,4
5639,60,True,finite_mle,1,,-166.324930858,-163.345334218,5.95919328038,4
5640,56,True,finite_mle,1,,-161.343615697,-160.185072565,2.31708626472,4
5641,62,True,finite_mle,1,,-165.114128518,-163.618281294,2.99169444813,4
5642,70,True,finite_mle,1,,-187.308546676,-185.631867644,3.3533580631,4
5643,68,True,finite_mle,1,,-182.785421055,-182.00582688,1.55918834984,4
5644,49,True,finite_mle,1,,-147.629558577,-147.344102642,0.570911869387,4
5645,57,True,finite_mle,1,,-164.635968187,-160.726732527,7.81847131974,4
5646,61,True,finite_mle,1,,-169.125288601,-167.97647606,2.29762508013,4
5647,54,True,finite_mle,1,,-155.286073929,-155.195042994,0.182061870814,4
5648,63,True,finite_mle,1,,-171.143916182,-168.218955855,5.84992065393,4
5649,61,True,finite_mle,1,,-169.708074836,-164.933915694,9.54831828447,4
5650,52,True,finite_mle,1,,-150.061824199,-148.945426192,2.23279601361,4
5651,60,True,finite_mle,1,,-165.317092776,-163.223265742,4.18765406906,4
5652,53,True,finite_mle,1,,-152.953600886,-152.251827904,1.40354596426,4
5653,53,True,finite_mle,1,,-153.006234019,-152.312006156,1.38845572616,4
5654,47,True,finite_mle,1,,-143.296442491,-142.238256458,2.11637206752,4
5655,70,True,finite_mle,1,,-181.980689158,-181.192956223,1.57546586998,4
5656,67,True,finite_mle,1,,-179.597087806,-179.508703381,0.176768850159,4
5657,64,True,finite_mle,1,,-169.043370565,-167.792794713,2.50115170515,4
5658,68,True,finite_mle,1,,-181.297579853,-181.205277064,0.184605577225,4
5659,58,True,finite_mle,1,,-162.997327447,-162.93300979,0.128635314308,4
5660,56,True,finite_mle,1,,-161.227872898,-159.579077117,3.29759156211,4
5661,65,True,finite_mle,1,,-179.601148989,-176.965265994,5.27176598915,4
5662,69,True,finite_mle,1,,-176.207390022,-174.980912181,2.45295568166,4
5663,57,True,finite_mle,1,,-161.816712069,-161.53118263,0.571058876593,4
5664,55,True,finite_mle,1,,-155.757325294,-155.300863514,0.912923559709,4
5665,61,True,finite_mle,1,,-169.582089077,-166.295706691,6.57276477265,4
5666,61,True,finite_mle,1,,-167.798856971,-166.327917578,2.94187878636,4
5667,67,True,finite_mle,1,,-178.270927397,-177.60966517,1.32252445257,4
5668,63,True,finite_mle,1,,-173.882573418,-173.032071992,1.70100285352,4
5669,56,True,finite_mle,1,,-154.882825824,-154.572411303,0.620829042027,4
5670,52,True,finite_mle,1,,-154.340582995,-153.167690537,2.34578491613,4
5671,53,True,finite_mle,1,,-155.536709408,-155.198076173,0.677266468915,4
5672,60,True,finite_mle,1,,-166.873612883,-165.377318533,2.99258869864,4
5673,57,True,finite_mle,1,,-160.206402786,-160.118442504,0.175920564274,4
5674,59,True,finite_mle,1,,-162.224507765,-161.789233055,0.870549418976,4
5675,69,True,finite_mle,1,,-181.306780134,-180.874023009,0.865514249866,4
5676,51,True,finite_mle,1,,-152.788867769,-152.63814201,0.301451518124,4
5677,57,True,finite_mle,1,,-161.367323358,-161.039774622,0.655097470582,4
5678,49,True,finite_mle,1,,-144.4574182,-144.389133593,0.136569212571,4
5679,64,True,finite_mle,1,,-177.174776418,-174.689897761,4.96975731417,4
5680,62,True,finite_mle,1,,-168.825604812,-168.651501724,0.348206175097,4
5681,60,True,finite_mle,1,,-166.172686206,-164.93327029,2.47883183218,4
5682,59,True,finite_mle,1,,-167.088632176,-166.577225982,1.02281238745,4
5683,60,True,finite_mle,1,,-168.712457863,-168.185584924,1.05374587762,4
5684,57,True,finite_mle,1,,-162.267965092,-161.654981116,1.22596795121,4
5685,66,True,finite_mle,1,,-175.997829922,-173.286594695,5.42247045334,4
5686,63,True,finite_mle,1,,-170.600984834,-169.802901376,1.59616691654,4
5687,60,True,finite_mle,1,,-163.738362728,-162.214321633,3.04808218975,4
5688,68,True,finite_mle,1,,-180.557369493,-180.46318998,0.188359026064,4
5689,60,True,finite_mle,1,,-163.86461994,-163.262861274,1.20351733079,4
5690,71,True,finite_mle,1,,-181.962423315,-180.426766507,3.07131361683,4
5691,69,True,finite_mle,1,,-181.649494097,-180.164270394,2.97044740623,4
5692,49,True,finite_mle,1,,-144.050889445,-143.813716824,0.474345240796,4
5693,66,True,finite_mle,1,,-176.158760357,-175.382207456,1.55310580174,4
5694,55,True,finite_mle,1,,-160.823340147,-159.772902167,2.10087595901,4
5695,64,True,finite_mle,1,,-178.753181274,-178.667616198,0.1711301525,4
5696,60,True,finite_mle,1,,-168.716512404,-168.570958556,0.291107695764,4
5697,48,True,finite_mle,1,,-142.664385375,-142.569008578,0.190753593088,4
5698,47,True,finite_mle,1,,-145.852387653,-145.477612036,0.749551233638,4
5699,64,True,finite_mle,1,,-172.668901524,-172.654898188,0.0280066725573,4
5700,53,True,finite_mle,1,,-154.128454768,-152.595767565,3.06537440477,4
5701,50,True,finite_mle,1,,-149.923340207,-148.883796205,2.07908800287,4
5702,50,True,finite_mle,1,,-145.404137906,-145.273878129,0.260519552305,4
5703,58,True,finite_mle,1,,-164.098229622,-163.138757906,1.91894343217,4
5704,64,True,finite_mle,1,,-177.564319374,-176.37641937,2.37580000815,4
5705,55,True,finite_mle,1,,-157.490131129,-153.25791246,8.46443733826,4
5706,58,True,finite_mle,1,,-163.288936635,-161.942557733,2.69275780444,4
5707,50,True,finite_mle,1,,-149.087564682,-148.155612286,1.86390479115,4
5708,60,True,finite_mle,1,,-165.086256511,-163.058321343,4.05587033592,4
5709,53,True,finite_mle,1,,-153.634501921,-152.813186061,1.64263172014,4
5710,50,True,finite_mle,1,,-149.445650773,-148.107404206,2.67649313271,4
5711,63,True,finite_mle,1,,-171.944092904,-171.925549915,0.0370859782863,4
5712,69,True,finite_mle,1,,-185.317030546,-185.024669923,0.584721246404,4
5713,49,True,finite_mle,1,,-145.672591977,-144.331589456,2.68200504171,4
5714,61,True,finite_mle,1,,-170.941087601,-170.561858695,0.758457810889,4
5715,46,True,finite_mle,1,,-140.074837945,-140.031217056,0.0872417782284,4
5716,56,True,finite_mle,1,,-159.980911596,-156.3592893,7.24324459374,4
5717,56,True,finite_mle,1,,-163.119167783,-162.61675252,1.00483052479,4
5718,60,True,finite_mle,1,,-162.790863582,-162.099762988,1.38220118695,4
5719,55,True,finite_mle,1,,-159.915606358,-158.416483864,2.99824498809,4
5720,51,True,finite_mle,1,,-153.781748943,-152.675550168,2.21239755088,4
5721,56,True,finite_mle,1,,-158.516347364,-158.216178994,0.600336740972,4
5722,61,True,finite_mle,1,,-171.586926257,-166.701773714,9.77030508683,4
5723,47,True,finite_mle,1,,-144.709009138,-143.202312136,3.01339400356,4
5724,40,True,finite_mle,1,,-129.340581547,-128.119040104,2.44308288552,4
5725,64,True,finite_mle,1,,-175.877651772,-175.662505274,0.430292996191,4
5726,49,True,finite_mle,1,,-149.025684448,-148.286200193,1.47896851101,4
5727,57,True,finite_mle,1,,-163.360823539,-162.622777728,1.4760916234,4
5728,57,True,finite_mle,1,,-159.974832888,-157.834125894,4.2814139864,4
5729,60,True,finite_mle,1,,-170.699719613,-170.541981048,0.315477130649,4
5730,61,True,finite_mle,1,,-172.808135458,-171.191155183,3.23396055122,4
5731,56,True,finite_mle,1,,-155.684175399,-154.343036373,2.68227805213,4
5732,63,True,finite_mle,1,,-176.068056449,-175.728640433,0.678832032442,4
5733,43,True,finite_mle,1,,-136.678541897,-136.326764347,0.703555099088,4
5734,67,True,finite_mle,1,,-179.298663559,-178.706112053,1.18510301187,4
5735,52,True,finite_mle,1,,-154.529107909,-153.698795576,1.66062466682,4
5736,56,True,finite_mle,1,,-161.701741028,-161.040151973,1.32317810973,4
5737,52,True,finite_mle,1,,-150.294751311,-146.353436765,7.8826290929,4
5738,58,True,finite_mle,1,,-162.464291309,-160.953666067,3.02125048484,4
5739,63,True,finite_mle,1,,-171.931451175,-171.287459527,1.28798329637,4
5740,59,True,finite_mle,1,,-168.61478246,-166.635561801,3.95844131827,4
5741,47,True,finite_mle,1,,-143.559547857,-143.545270584,0.0285545474603,4
5742,50,True,finite_mle,1,,-148.817297698,-147.548134049,2.53832729841,4
5743,68,True,finite_mle,1,,-181.65294792,-180.8031534,1.69958903842,4
5744,57,True,finite_mle,1,,-164.370448517,-163.562382537,1.61613196103,4
5745,62,True,finite_mle,1,,-172.726399895,-172.130367437,1.19206491673,4
5746,57,True,finite_mle,1,,-161.757453654,-161.341623679,0.831659949242,4
5747,55,True,finite_mle,1,,-159.945699598,-159.738158701,0.415081793334,4
5748,57,True,finite_mle,1,,-163.465484751,-162.77995489,1.37105972105,4
5749,66,True,finite_mle,1,,-180.117949875,-178.562697768,3.11050421419,4
5750,45,True,finite_mle,1,,-139.984860084,-138.878290979,2.21313821115,4
5751,57,True,finite_mle,1,,-161.426201237,-160.447521512,1.95735945126,4
5752,64,True,finite_mle,1,,-178.134278529,-173.815535582,8.63748589558,4
5753,58,True,finite_mle,1,,-166.402684376,-164.626033562,3.55330162945,4
5754,52,True,finite_mle,1,,-149.616733753,-149.573061801,0.087343903884,4
5755,65,True,finite_mle,1,,-179.466737728,-179.459312681,0.0148500923665,4
5756,66,True,finite_mle,1,,-177.745501042,-175.650519242,4.18996360072,4
5757,64,True,finite_mle,1,,-177.687376783,-176.57282602,2.22910152583,4
5758,58,True,finite_mle,1,,-162.368853879,-162.043887848,0.649932060455,4
5759,51,True,finite_mle,1,,-153.25051646,-152.297969051,1.90509481954,4
5760,58,True,finite_mle,1,,-164.127528761,-163.834565636,0.585926249175,4
5761,52,True,finite_mle,1,,-151.539384335,-150.484679569,2.10940953073,4
5762,79,True,finite_mle,1,,-196.838692614,-195.724257328,2.22887057313,4
5763,71,True,finite_mle,1,,-185.295605402,-184.039959139,2.51129252662,4
5764,57,True,finite_mle,1,,-164.435276901,-163.677726826,1.51510014921,4
5765,59,True,finite_mle,1,,-163.011544082,-162.200202326,1.62268351181,4
5766,62,True,finite_mle,1,,-166.548126437,-164.977341392,3.14157009113,4
5767,48,True,finite_mle,1,,-144.473318756,-144.238506992,0.469623526633,4
5768,52,True,finite_mle,1,,-154.382207124,-154.194497472,0.375419302336,4
5769,65,True,finite_mle,1,,-179.972415702,-179.861398517,0.222034369663,4
5770,57,True,finite_mle,1,,-161.446434689,-161.187499121,0.517871135876,4
5771,53,True,finite_mle,1,,-156.660269913,-155.649318838,2.02190215044,4
5772,53,True,finite_mle,1,,-151.743953427,-150.848739568,1.79042771866,4
5773,64,True,finite_mle,1,,-173.731596315,-173.461207228,0.54077817281,4
5774,67,True,finite_mle,1,,-177.121782679,-177.023547785,0.196469787701,4
5775,67,True,finite_mle,1,,-181.898805243,-181.255805914,1.28599865639,4
5776,52,True,finite_mle,1,,-153.385780758,-152.316306885,2.13894774565,4
5777,56,True,finite_mle,1,,-162.17446939,-160.896022854,2.55689307109,4
5778,55,True,finite_mle,1,,-159.179852095,-158.45090101,1.45790217061,4
5779,60,True,finite_mle,1,,-164.810197926,-164.30498241,1.01043103065,4
5780,57,True,finite_mle,1,,-164.274069614,-164.018115925,0.511907376389,4
5781,61,True,finite_mle,1,,-168.30297151,-168.026007701,0.553927619196,4
5782,72,True,finite_mle,1,,-186.091999224,-185.763259006,0.657480436938,4
5783,61,True,finite_mle,1,,-161.860928321,-160.770119926,2.18161678935,4
5784,56,True,finite_mle,1,,-164.395141986,-161.459237232,5.87180950865,4
5785,62,True,finite_mle,1,,-174.310670498,-174.050632243,0.520076509764,4
5786,56,True,finite_mle,1,,-162.486052055,-162.439986719,0.0921306721203,4
5787,47,True,finite_mle,1,,-144.272055693,-142.055371978,4.43336742964,4
5788,54,True,finite_mle,1,,-157.473253339,-154.266552756,6.41340116594,4
5789,48,True,finite_mle,1,,-144.74659139,-144.64875794,0.195666898535,4
5790,59,True,finite_mle,1,,-165.892300293,-164.726801751,2.33099708363,4
5791,64,True,finite_mle,1,,-177.898008284,-175.126176857,5.54366285556,4
5792,60,True,finite_mle,1,,-171.80813346,-170.891799296,1.83266832714,4
5793,48,True,finite_mle,1,,-147.039665013,-146.241797886,1.59573425333,4
5794,54,True,finite_mle,1,,-158.242125684,-157.423860794,1.6365297805,4
5795,58,True,finite_mle,1,,-164.904734342,-164.604596047,0.600276589444,4
5796,53,True,finite_mle,1,,-152.765889978,-152.721192356,0.0893952432698,4
5797,45,True,finite_mle,1,,-139.081461691,-138.454905392,1.25311259844,4
5798,66,True,finite_mle,1,,-176.410759144,-175.156695335,2.5081276183,4
5799,43,True,finite_mle,1,,-135.10207072,-133.633680094,2.93678125269,4
5800,62,True,finite_mle,1,,-172.335924206,-171.392013137,1.88782213704,4
5801,47,True,finite_mle,1,,-143.89197932,-143.676593936,0.430770767709,4
5802,64,True,finite_mle,1,,-177.523099505,-172.866887764,9.31242348179,4
5803,60,True,finite_mle,1,,-172.184370524,-171.919605067,0.529530913003,4
5804,53,True,finite_mle,1,,-155.433222354,-154.154015325,2.55841405978,4
5805,61,True,finite_mle,1,,-172.550044791,-172.372898915,0.354291753389,4
5806,51,True,finite_mle,1,,-149.081231342,-148.065680163,2.03110235844,4
5807,52,True,finite_mle,1,,-152.752247675,-148.821960636,7.86057407891,4
5808,60,True,finite_mle,1,,-169.101117584,-168.276786064,1.64866304007,4
5809,69,True,finite_mle,1,,-182.155722612,-182.125814389,0.0598164459282,4
5810,61,True,finite_mle,1,,-168.839961957,-165.328508804,7.02290630621,4
5811,54,True,finite_mle,1,,-154.787991783,-154.213607057,1.14876945219,4
5812,63,True,finite_mle,1,,-172.048920083,-171.305734829,1.48637050703,4
5813,61,True,finite_mle,1,,-170.678627219,-167.470039833,6.41717477304,4
5814,48,True,finite_mle,1,,-147.179944875,-146.514487274,1.33091520267,4
5815,65,True,finite_mle,1,,-177.121879869,-176.528989828,1.18578008193,4
5816,64,True,finite_mle,1,,-175.845204293,-172.28782781,7.11475296579,4
5817,67,True,finite_mle,1,,-184.5267701,-184.342686808,0.368166582403,4
5818,54,True,finite_mle,1,,-161.042079556,-160.933007432,0.218144248873,4
5819,51,True,finite_mle,1,,-148.00850292,-146.415894816,3.18521620945,4
5820,65,True,finite_mle,1,,-171.815348589,-168.91490702,5.80088313895,4
5821,57,True,finite_mle,1,,-165.923609451,-160.847711917,10.1517950679,4
5822,45,True,finite_mle,1,,-138.064010813,-137.954127188,0.219767251614,4
5823,63,True,finite_mle,1,,-175.835376388,-173.795781702,4.07918937265,4
5824,57,True,finite_mle,1,,-159.762766314,-158.295919074,2.93369448061,4
5825,60,True,finite_mle,1,,-166.661437223,-163.079923381,7.16302768294,4
5826,66,True,finite_mle,1,,-177.949677169,-177.479569035,0.94021626941,4
5827,42,True,finite_mle,1,,-133.566506036,-130.080229126,6.97255381836,4
5828,51,True,finite_mle,1,,-149.354752033,-148.391049427,1.92740521103,4
5829,61,True,finite_mle,1,,-167.929433961,-165.915528238,4.02781144541,4
5830,55,True,finite_mle,1,,-161.381954619,-160.413861937,1.93618536553,4
5831,51,True,finite_mle,1,,-152.164841761,-150.591098749,3.14748602338,4
5832,55,True,finite_mle,1,,-155.082972332,-154.081150618,2.00364342834,4
5833,61,True,finite_mle,1,,-172.326916094,-172.069844028,0.514144131051,4
5834,65,True,finite_mle,1,,-169.693537248,-168.632584623,2.12190524949,4
5835,60,True,finite_mle,1,,-170.623852495,-170.444367711,0.358969567285,4
5836,62,True,finite_mle,1,,-169.462965487,-168.750592176,1.42474662198,4
5837,64,True,finite_mle,1,,-174.477928243,-174.360957709,0.233941067035,4
5838,78,True,finite_mle,1,,-199.854058659,-198.792233098,2.12365112155,4
5839,59,True,finite_mle,1,,-168.513092419,-167.015447832,2.99528917585,4
5840,68,True,finite_mle,1,,-184.239872041,-181.170915791,6.13791250026,4
5841,68,True,finite_mle,1,,-179.549051238,-178.499864323,2.09837382898,4
5842,66,True,finite_mle,1,,-175.752194876,-172.543258726,6.41787230038,4
5843,54,True,finite_mle,1,,-156.836470532,-156.223061397,1.22681826905,4
5844,56,True,finite_mle,1,,-162.157485128,-161.008069328,2.29883159851,4
5845,59,True,finite_mle,1,,-169.444834357,-169.08859654,0.712475633705,4
5846,56,True,finite_mle,1,,-159.205218286,-159.090235615,0.229965343615,4
5847,71,True,finite_mle,1,,-184.779107436,-184.398631679,0.760951515193,4
5848,52,True,finite_mle,1,,-149.521429286,-148.170876392,2.70110578765,4
5849,64,True,finite_mle,1,,-175.258853667,-175.012066664,0.493574005973,4
5850,62,True,finite_mle,1,,-172.41152608,-171.590852918,1.64134632309,4
5851,56,True,finite_mle,1,,-161.003258558,-160.237658088,1.53120093993,4
5852,71,True,finite_mle,1,,-190.571130225,-190.443297411,0.255665628292,4
5853,64,True,finite_mle,1,,-171.394216937,-170.24647066,2.2954925535,4
5854,53,True,finite_mle,1,,-151.916565932,-147.130138686,9.57285449274,4
5855,59,True,finite_mle,1,,-163.373422382,-159.690769498,7.36530576933,4
5856,50,True,finite_mle,1,,-149.203771933,-148.920588751,0.566366363181,4
5857,43,True,finite_mle,1,,-136.415241811,-135.52508112,1.78032138182,4
5858,49,True,finite_mle,1,,-148.525724738,-145.752044833,5.54735980886,4
5859,54,True,finite_mle,1,,-157.418811111,-157.127852449,0.581917323905,4
5860,57,True,finite_mle,1,,-160.840909176,-160.192879852,1.29605864716,4
5861,51,True,finite_mle,1,,-154.72057616,-153.325391692,2.79036893645,4
5862,53,True,finite_mle,1,,-155.759425771,-155.657531078,0.203789387225,4
5863,50,True,finite_mle,1,,-146.547218675,-146.540517375,0.0134025999884,4
5864,64,True,finite_mle,1,,-176.150794342,-172.785807318,6.7299740481,4
5865,56,True,finite_mle,1,,-161.062970354,-160.771054245,0.583832218759,4
5866,54,True,finite_mle,1,,-157.8564281,-156.214158367,3.28453946516,4
5867,60,True,finite_mle,1,,-168.012008695,-167.094233867,1.83554965515,4
5868,68,True,finite_mle,1,,-184.643874661,-184.470949766,0.345849789247,4
5869,62,True,finite_mle,1,,-173.420728232,-172.644370179,1.55271610778,4
5870,55,True,finite_mle,1,,-162.676147157,-162.264876502,0.822541309723,4
5871,66,True,finite_mle,1,,-180.360570339,-179.218665657,2.28380936404,4
5872,57,True,finite_mle,1,,-161.548817044,-159.48313962,4.13135484744,4
5873,59,True,finite_mle,1,,-168.809052808,-167.143652108,3.33080139964,4
5874,52,True,finite_mle,1,,-153.028130872,-152.883961379,0.288338984921,4
5875,71,True,finite_mle,1,,-185.504244849,-185.415119588,0.17825052115,4
5876,60,True,finite_mle,1,,-166.904925456,-166.731883376,0.346084158548,4
5877,55,True,finite_mle,1,,-159.738196114,-159.341789132,0.792813963528,4
5878,45,True,finite_mle,1,,-139.423058328,-139.123288415,0.599539827764,4
5879,55,True,finite_mle,1,,-161.699852632,-160.475805806,2.44809365199,4
5880,45,True,finite_mle,1,,-140.15081115,-137.830638497,4.6403453065,4
5881,60,True,finite_mle,1,,-164.146678744,-162.677426033,2.93850542217,4
5882,47,True,finite_mle,1,,-138.744548729,-138.648142469,0.192812519915,4
5883,70,True,finite_mle,1,,-185.696255042,-180.58749285,10.2175243839,4
5884,73,True,finite_mle,1,,-185.205375168,-185.030522245,0.349705844993,4
5885,58,True,finite_mle,1,,-165.838003216,-163.429774786,4.81645686018,4
5886,60,True,finite_mle,1,,-168.940878841,-167.471922252,2.93791317697,4
5887,62,True,finite_mle,1,,-172.223415855,-171.092088829,2.2626540522,4
5888,52,True,finite_mle,1,,-154.411344546,-154.10781086,0.607067370799,4
5889,61,True,finite_mle,1,,-169.270316272,-168.738336562,1.06395942067,4
5890,68,True,finite_mle,1,,-183.159221002,-182.102495808,2.113450387,4
5891,66,True,finite_mle,1,,-177.398663951,-176.864563586,1.0682007304,4
5892,64,True,finite_mle,1,,-177.914882663,-177.860092592,0.109580142429,4
5893,54,True,finite_mle,1,,-157.082348052,-156.410211474,1.34427315712,4
5894,58,True,finite_mle,1,,-164.806104495,-163.099628453,3.41295208433,4
5895,57,True,finite_mle,1,,-162.487573962,-162.351958117,0.271231689617,4
5896,54,True,finite_mle,1,,-156.302183883,-156.143440429,0.317486908227,4
5897,56,True,finite_mle,1,,-159.0522459,-158.622558133,0.859375532941,4
5898,53,True,finite_mle,1,,-154.803820634,-152.673454559,4.26073214906,4
5899,63,True,finite_mle,1,,-174.428017477,-174.068777507,0.71847993981,4
5900,62,True,finite_mle,1,,-174.348277301,-170.259913544,8.17672751536,4
5901,61,True,finite_mle,1,,-173.834593829,-172.579103576,2.51098050598,4
5902,57,True,finite_mle,1,,-161.481246261,-160.220366826,2.52175887042,4
5903,63,True,finite_mle,1,,-167.919583645,-167.17467977,1.48980775037,4
5904,63,True,finite_mle,1,,-174.523204814,-174.463681502,0.119046624748,4
5905,60,True,finite_mle,1,,-169.547148335,-168.401896513,2.29050364456,4
5906,65,True,finite_mle,1,,-179.250605632,-178.274271479,1.95266830534,4
5907,69,True,finite_mle,1,,-181.122852417,-180.735313638,0.77507755683,4
5908,57,True,finite_mle,1,,-158.836724062,-157.5307246,2.61199892311,4
5909,58,True,finite_mle,1,,-165.613070571,-162.701095966,5.82394920929,4
5910,46,True,finite_mle,1,,-136.478883558,-136.256893459,0.443980199321,4
5911,51,True,finite_mle,1,,-150.933583974,-150.34971484,1.16773826638,4
5912,69,True,finite_mle,1,,-185.349915721,-184.734574859,1.2306817227,4
5913,56,True,finite_mle,1,,-159.420337847,-158.744585605,1.35150448486,4
5914,64,True,finite_mle,1,,-173.197363984,-172.156354679,2.08201860878,4
5915,62,True,finite_mle,1,,-168.819061822,-168.342017553,0.954088537697,4
5916,60,True,finite_mle,1,,-163.856747447,-163.639466854,0.434561186659,4
5917,59,True,finite_mle,1,,-163.368909541,-162.81402612,1.10976684198,4
5918,63,True,finite_mle,1,,-170.35252621,-169.790459956,1.12413250686,4
5919,55,True,finite_mle,1,,-155.341799187,-151.744569512,7.19445934946,4
5920,66,True,finite_mle,1,,-180.731684382,-179.286737799,2.88989316684,4
5921,60,True,finite_mle,1,,-168.059497325,-167.408115598,1.30276345383,4
5922,51,True,finite_mle,1,,-151.056538834,-150.728351767,0.656374132609,4
5923,62,True,finite_mle,1,,-173.240560099,-172.639653,1.20181419713,4
5924,51,True,finite_mle,1,,-152.533211381,-151.754614141,1.55719448187,4
5925,70,True,finite_mle,1,,-188.139849379,-187.93507968,0.409539398655,4
5926,56,True,finite_mle,1,,-162.257920123,-162.001857292,0.512125663428,4
5927,65,True,finite_mle,1,,-178.816676382,-178.557085752,0.519181259404,4
5928,57,True,finite_mle,1,,-162.627326588,-161.970709104,1.31323496988,4
5929,63,True,finite_mle,1,,-170.557810395,-170.117822756,0.879975278773,4
5930,55,True,finite_mle,1,,-152.632352714,-152.25103023,0.762644968473,4
5931,57,True,finite_mle,1,,-162.369185094,-160.39546632,3.94743754704,4
5932,62,True,finite_mle,1,,-168.222074945,-166.9884294,2.46729108911,4
5933,53,True,finite_mle,1,,-157.268292144,-155.847230744,2.84212279976,4
5934,49,True,finite_mle,1,,-148.542579848,-146.787598701,3.50996229435,4
5935,69,True,finite_mle,1,,-182.695054379,-182.650562571,0.0889836162054,4
5936,62,True,finite_mle,1,,-168.968606416,-168.362053949,1.21310493442,4
5937,64,True,finite_mle,1,,-177.31014022,-176.856602763,0.907074913675,4
5938,45,True,finite_mle,1,,-137.456313349,-136.092053953,2.72851879181,4
5939,51,True,finite_mle,1,,-153.18271944,-152.801939457,0.7615599673,4
5940,76,True,finite_mle,1,,-190.933582437,-187.83926126,6.18864235374,4
5941,52,True,finite_mle,1,,-154.243433945,-151.283328271,5.92021134767,4
5942,51,True,finite_mle,1,,-152.817553431,-151.217570088,3.19996668428,4
5943,53,True,finite_mle,1,,-153.617316349,-152.796057995,1.64251670879,4
5944,54,True,finite_mle,1,,-148.214793993,-147.883976975,0.661634036138,4
5945,51,True,finite_mle,1,,-154.2935426,-154.03771334,0.511658520955,4
5946,61,True,finite_mle,1,,-167.282379873,-165.589510521,3.38573870323,4
5947,66,True,finite_mle,1,,-180.399624388,-175.111890664,10.5754674471,4
5948,65,True,finite_mle,1,,-176.822369879,-175.95037024,1.74399927863,4
5949,68,True,finite_mle,1,,-178.790515142,-177.40482001,2.77139026488,4
5950,62,True,finite_mle,1,,-174.882176857,-174.116152547,1.53204862046,4
5951,60,True,finite_mle,1,,-164.210239195,-162.677044552,3.06638928609,4
5952,61,True,finite_mle,1,,-166.208494193,-163.901571529,4.61384532834,4
5953,52,True,finite_mle,1,,-150.338218445,-149.475193061,1.72605076716,4
5954,50,True,finite_mle,1,,-149.105590939,-148.086111693,2.0389584916,4
5955,63,True,finite_mle,1,,-173.795770652,-171.364026987,4.86348732921,4
5956,55,True,finite_mle,1,,-160.817897381,-160.77566544,0.0844638810059,4
5957,65,True,finite_mle,1,,-178.014124122,-177.982079628,0.0640889875514,4
5958,64,True,finite_mle,1,,-171.877308831,-170.857595068,2.03942752509,4
5959,67,True,finite_mle,1,,-182.328454789,-182.149899635,0.357110308392,4
5960,65,True,finite_mle,1,,-179.052892063,-178.793217888,0.51934835053,4
5961,64,True,finite_mle,1,,-175.607576471,-172.583243093,6.04866675737,4
5962,63,True,finite_mle,1,,-175.957883477,-174.528346217,2.85907451969,4
5963,51,True,finite_mle,1,,-151.243162891,-150.753747617,0.978830548463,4
5964,72,True,finite_mle,1,,-185.598446263,-184.574954295,2.04698393537,4
5965,50,True,finite_mle,1,,-150.350774875,-149.137292596,2.42696455762,4
5966,66,True,finite_mle,1,,-178.105362757,-177.472498276,1.2657289632,4
5967,62,True,finite_mle,1,,-172.851503459,-172.84378982,0.0154272778486,4
5968,63,True,finite_mle,1,,-168.912720042,-167.96652761,1.89238486439,4
5969,55,True,finite_mle,1,,-161.484059199,-158.112017216,6.7440839651,4
5970,57,True,finite_mle,1,,-159.795224685,-159.41356044,0.763328490709,4
5971,51,True,finite_mle,1,,-151.470609725,-150.922785756,1.09564793627,4
5972,52,True,finite_mle,1,,-149.844123601,-149.160329344,1.36758851336,4
5973,57,True,finite_mle,1,,-162.986709763,-162.769966334,0.433486858598,4
5974,53,True,finite_mle,1,,-156.29543755,-155.507335258,1.57620458541,4
5975,56,True,finite_mle,1,,-159.126114149,-157.915386071,2.42145615677,4
5976,57,True,finite_mle,1,,-163.339394921,-162.495485109,1.68781962267,4
5977,59,True,finite_mle,1,,-162.490063743,-162.438248237,0.103631011594,4
5978,55,True,finite_mle,1,,-162.297367296,-160.01364164,4.56745131062,4
5979,57,True,finite_mle,1,,-164.605636152,-164.181232205,0.848807895071,4
5980,59,True,finite_mle,1,,-168.819336747,-167.409099106,2.82047528163,4
5981,66,True,finite_mle,1,,-175.328602574,-174.208047762,2.2411096238,4
5982,59,True,finite_mle,1,,-165.467926849,-165.155273067,0.625307564018,4
5983,57,True,finite_mle,1,,-165.746599128,-164.35814258,2.77691309447,4
5984,61,True,finite_mle,1,,-166.945366243,-166.465279991,0.960172503206,4
5985,61,True,finite_mle,1,,-168.41644223,-168.212810662,0.40726313493,4
5986,62,True,finite_mle,1,,-169.567842266,-168.017367526,3.10094947916,4
5987,60,True,finite_mle,1,,-167.517588176,-166.39622867,2.24271901331,4
5988,59,True,finite_mle,1,,-167.104093402,-164.12922815,5.94973050392,4
5989,58,True,finite_mle,1,,-162.422636057,-161.953378913,0.938514287815,4
5990,47,True,finite_mle,1,,-144.079783748,-144.05050607,0.0585553570576,4
5991,42,True,finite_mle,1,,-129.53985667,-128.823663952,1.43238543687,4
5992,48,True,finite_mle,1,,-147.646797856,-147.471027855,0.351540000494,4
5993,53,True,finite_mle,1,,-147.521908422,-147.513777769,0.0162613061777,4
5994,52,True,finite_mle,1,,-151.633190811,-151.11366702,1.03904758078,4
5995,45,True,finite_mle,1,,-139.903604752,-139.089850419,1.62750866564,4
5996,71,True,finite_mle,1,,-189.135450219,-188.333904923,1.60309059142,4
5997,59,True,finite_mle,1,,-168.060915487,-167.659201832,0.803427310473,4
5998,62,True,finite_mle,1,,-172.021047176,-170.899506496,2.24308136018,4
5999,60,True,finite_mle,1,,-169.491802034,-168.414812832,2.15397840361,4
6000,61,True,finite_mle,1,,-170.752747918,-169.527311399,2.45087303903,4
6001,55,True,finite_mle,1,,-162.046840399,-158.424339379,7.24500204047,4
6002,52,True,finite_mle,1,,-149.228019305,-149.114361881,0.227314847912,4
6003,50,True,finite_mle,1,,-146.988894007,-146.052552086,1.87268384267,4
6004,64,True,finite_mle,1,,-172.931301856,-172.447402287,0.967799137771,4
6005,61,True,finite_mle,1,,-171.802179083,-169.953053924,3.69825031916,4
6006,50,True,finite_mle,1,,-149.708612943,-147.513348985,4.39052791458,4
6007,47,True,finite_mle,1,,-142.39150172,-141.5755697,1.63186403946,4
6008,55,True,finite_mle,1,,-157.121704132,-154.76588998,4.71162830478,4
6009,61,True,finite_mle,1,,-171.396510065,-169.494590331,3.80383946795,4
6010,57,True,finite_mle,1,,-161.966866896,-161.657127365,0.619479063214,4
6011,61,True,finite_mle,1,,-173.083630957,-173.046023741,0.07521443219,4
6012,64,True,finite_mle,1,,-172.323893715,-167.89122639,8.86533465011,4
6013,57,True,finite_mle,1,,-156.617595557,-155.575571208,2.08404869715,4
6014,55,True,finite_mle,1,,-160.205152438,-160.190042945,0.0302189866417,4
6015,49,True,finite_mle,1,,-150.347014875,-149.489792412,1.71444492534,4
6016,60,True,finite_mle,1,,-170.527427995,-170.382588531,0.289678928239,4
6017,57,True,finite_mle,1,,-162.168777896,-161.878634973,0.580285845105,4
6018,59,True,finite_mle,1,,-164.100380117,-161.656908074,4.88694408658,4
6019,59,True,finite_mle,1,,-162.969927938,-162.168614811,1.60262625421,4
6020,52,True,finite_mle,1,,-147.679711639,-146.469823313,2.41977665146,4
6021,54,True,finite_mle,1,,-159.261693582,-157.999052765,2.525281634,4
6022,58,True,finite_mle,1,,-162.860006304,-159.113398833,7.49321494271,4
6023,57,True,finite_mle,1,,-161.837388283,-161.069322104,1.53613235876,4
6024,58,True,finite_mle,1,,-165.179145619,-164.258427074,1.84143708943,4
6025,56,True,finite_mle,1,,-159.068451885,-155.445682119,7.2455395337,4
6026,59,True,finite_mle,1,,-168.66852048,-168.103451897,1.13013716695,4
6027,62,True,finite_mle,1,,-169.062020943,-169.049509238,0.0250234100433,4
6028,54,True,finite_mle,1,,-153.537297418,-153.04306896,0.988456916078,4
6029,65,True,finite_mle,1,,-176.571952106,-175.862791406,1.41832140045,4
6030,61,True,finite_mle,1,,-167.171865573,-162.456877281,9.42997658465,4
6031,65,True,finite_mle,1,,-173.819034938,-172.23085566,3.17635855547,4
6032,56,True,finite_mle,1,,-163.811543094,-163.090415242,1.44225570377,4
6033,51,True,finite_mle,1,,-151.131234638,-150.535106676,1.19225592338,4
6034,57,True,finite_mle,1,,-165.037315782,-162.157931887,5.75876779057,4
6035,58,True,finite_mle,1,,-168.384925141,-164.113957665,8.54193495196,4
6036,53,True,finite_mle,1,,-154.713170717,-153.435730273,2.55488088739,4
6037,46,True,finite_mle,1,,-139.576320185,-138.984241639,1.18415709189,4
6038,67,True,finite_mle,1,,-174.764572554,-174.59542156,0.338301986598,4
6039,58,True,finite_mle,1,,-163.847800133,-163.521647759,0.652304747103,4
6040,50,True,finite_mle,1,,-150.026274548,-148.674505442,2.70353821043,4
6041,59,True,finite_mle,1,,-164.866743997,-164.768451092,0.196585810885,4
6042,59,True,finite_mle,1,,-166.5547661,-166.494600961,0.12033027774,4
6043,56,True,finite_mle,1,,-159.248370784,-158.501028805,1.49468395742,4
6044,61,True,finite_mle,1,,-169.766967538,-168.142748882,3.24843731173,4
6045,60,True,finite_mle,1,,-169.915376045,-168.547227377,2.73629733522,4
6046,58,True,finite_mle,1,,-161.45304602,-160.036046922,2.83399819609,4
6047,57,True,finite_mle,1,,-165.788276187,-165.199533372,1.17748562934,4
6048,57,True,finite_mle,1,,-159.275640265,-158.694637483,1.16200556526,4
6049,58,True,finite_mle,1,,-158.730033303,-158.541809711,0.37644718407,4
6050,59,True,finite_mle,1,,-165.064579335,-164.917350636,0.294457399273,4
6051,50,True,finite_mle,1,,-149.193783425,-148.813321436,0.760923977944,4
6052,59,True,finite_mle,1,,-168.661776809,-164.742771232,7.83801115364,4
6053,67,True,finite_mle,1,,-175.975135601,-170.89285045,10.1645703038,4
6054,58,True,finite_mle,1,,-159.162280413,-158.413072352,1.49841612137,4
6055,51,True,finite_mle,1,,-149.23539771,-148.723098989,1.02459744069,4
6056,57,True,finite_mle,1,,-161.32212983,-161.145302396,0.353654868297,4
6057,51,True,finite_mle,1,,-152.42076999,-151.699856862,1.4418262561,4
6058,62,True,finite_mle,1,,-175.555674994,-174.815715772,1.47991844516,4
6059,63,True,finite_mle,1,,-170.460489308,-170.278795015,0.36338858563,4
6060,61,True,finite_mle,1,,-167.584442366,-167.460165241,0.248554249886,4
6061,53,True,finite_mle,1,,-155.887406563,-155.663831899,0.44714932959,4
6062,61,True,finite_mle,1,,-169.397891887,-168.172070343,2.45164308811,4
6063,42,True,finite_mle,1,,-132.40376855,-127.976738909,8.85405928237,4
6064,57,True,finite_mle,1,,-166.005561891,-165.516606462,0.977910858722,4
6065,49,True,finite_mle,1,,-145.043395238,-144.944084049,0.198622377357,4
6066,59,True,finite_mle,1,,-165.547361586,-164.60841387,1.87789543149,4
6067,73,True,finite_mle,1,,-189.687892328,-188.03950599,3.29677267498,4
6068,65,True,finite_mle,1,,-173.343840859,-173.048414541,0.590852636504,4
6069,68,True,finite_mle,1,,-182.663484471,-182.220670675,0.885627591368,4
6070,65,True,finite_mle,1,,-177.497659568,-177.471755345,0.0518084461128,4
6071,61,True,finite_mle,1,,-171.504559221,-171.379528191,0.250062060637,4
6072,56,True,finite_mle,1,,-164.645034101,-164.361225083,0.567618035081,4
6073,52,True,finite_mle,1,,-154.871505392,-150.386042105,8.9709265732,4
6074,48,True,finite_mle,1,,-144.024674643,-139.702838934,8.64367141945,4
6075,62,True,finite_mle,1,,-169.928343222,-169.861083876,0.134518691431,4
6076,58,True,finite_mle,1,,-161.005720792,-160.633714941,0.744011701894,4
6077,67,True,finite_mle,1,,-178.397986921,-178.051882826,0.692208190714,4
6078,53,True,finite_mle,1,,-157.232968941,-156.960428177,0.545081527428,4
6079,52,True,finite_mle,1,,-155.020020775,-154.132805628,1.77443029549,4
6080,51,True,finite_mle,1,,-151.447644952,-151.021000344,0.85328921619,4
6081,52,True,finite_mle,1,,-154.787994314,-152.503943594,4.56810143988,4
6082,60,True,finite_mle,1,,-167.40873695,-167.039422368,0.738629163829,4
6083,55,True,finite_mle,1,,-156.587384164,-156.252586229,0.669595868806,4
6084,58,True,finite_mle,1,,-167.493899516,-167.213656118,0.560486795594,4
6085,57,True,finite_mle,1,,-165.666991003,-165.157944512,1.01809298292,4
6086,59,True,finite_mle,1,,-166.993769926,-165.540554904,2.90643004507,4
6087,56,True,finite_mle,1,,-156.026464948,-155.29149767,1.46993455425,4
6088,65,True,finite_mle,1,,-179.789391614,-178.240311276,3.09816067636,4
6089,51,True,finite_mle,1,,-153.049776954,-151.830907693,2.43773852283,4
6090,56,True,finite_mle,1,,-162.314624812,-161.710313721,1.20862218232,4
6091,51,True,finite_mle,1,,-150.751745851,-150.121777247,1.25993720883,4
6092,53,True,finite_mle,1,,-156.925537784,-154.168101778,5.51487201136,4
6093,59,True,finite_mle,1,,-166.515995087,-163.13952872,6.75293273388,4
6094,52,True,finite_mle,1,,-153.989662502,-150.70412917,6.57106666475,4
6095,59,True,finite_mle,1,,-168.104990263,-167.87603765,0.457905225696,4
6096,57,True,finite_mle,1,,-160.655584359,-159.086179924,3.13880886968,4
6097,57,True,finite_mle,1,,-164.017861516,-161.007959112,6.01980480785,4
6098,55,True,finite_mle,1,,-160.387605795,-160.232861941,0.309487707236,4
6099,57,True,finite_mle,1,,-159.045984245,-158.907046559,0.277875372506,4
6100,44,True,finite_mle,1,,-136.305543411,-136.293259718,0.0245673863079,4
6101,66,True,finite_mle,1,,-181.813584952,-181.445534104,0.736101696493,4
6102,66,True,finite_mle,1,,-175.622454417,-172.771533351,5.70184213125,4
6103,65,True,finite_mle,1,,-171.590366012,-171.488964342,0.202803338322,4
6104,55,True,finite_mle,1,,-159.824677287,-159.442675687,0.764003199228,4
6105,57,True,finite_mle,1,,-165.415024945,-164.883827323,1.06239524317,4
6106,55,True,finite_mle,1,,-155.791321649,-155.517608919,0.547425460045,4
6107,64,True,finite_mle,1,,-174.10129653,-173.757617163,0.687358732891,4
6108,70,True,finite_mle,1,,-185.62395218,-185.483680081,0.28054419903,4
6109,60,True,finite_mle,1,,-168.235500441,-167.357227254,1.75654637365,4
6110,56,True,finite_mle,1,,-160.859538591,-159.296324348,3.12642848655,4
6111,74,True,finite_mle,1,,-194.658427991,-193.97370762,1.36944074113,4
6112,59,True,finite_mle,1,,-167.7662365,-167.163618943,1.20523511304,4
6113,49,True,finite_mle,1,,-141.010052982,-139.650983707,2.71813855051,4
6114,62,True,finite_mle,1,,-172.918895714,-171.752390618,2.33301019052,4
6115,52,True,finite_mle,1,,-150.144061333,-149.998185703,0.291751259491,4
6116,58,True,finite_mle,1,,-160.523879854,-158.663073074,3.7216135612,4
6117,66,True,finite_mle,1,,-180.621751145,-179.867003968,1.50949435336,4
6118,59,True,finite_mle,1,,-168.187115073,-168.08545627,0.203317605875,4
6119,50,True,finite_mle,1,,-147.252077626,-145.547521167,3.40911291711,4
6120,52,True,finite_mle,1,,-153.861611312,-153.373299797,0.976623029083,4
6121,63,True,finite_mle,1,,-171.639332457,-170.928911201,1.4208425104,4
6122,55,True,finite_mle,1,,-157.14444524,-153.613293719,7.06230304055,4
6123,52,True,finite_mle,1,,-155.787598167,-155.338022306,0.899151722143,4
6124,59,True,finite_mle,1,,-162.387961895,-162.048782603,0.678358584685,4
6125,59,True,finite_mle,1,,-166.273937934,-165.20818146,2.13151294803,4
6126,46,True,finite_mle,1,,-142.886803176,-142.701089995,0.371426362862,4
6127,47,True,finite_mle,1,,-141.913144096,-141.191027136,1.4442339195,4
6128,55,True,finite_mle,1,,-160.744492889,-159.390516194,2.70795338982,4
6129,64,True,finite_mle,1,,-173.937027898,-173.900483675,0.0730884447,4
6130,46,True,finite_mle,1,,-139.474163167,-139.428061748,0.0922028382648,4
6131,57,True,finite_mle,1,,-163.205475982,-163.149137741,0.112676482157,4
6132,55,True,finite_mle,1,,-157.740948051,-157.565830048,0.350236005453,4
6133,56,True,finite_mle,1,,-159.103047966,-157.497693169,3.21070959294,4
6134,56,True,finite_mle,1,,-160.828004796,-160.063048742,1.52991210762,4
6135,65,True,finite_mle,1,,-175.861729048,-175.178352472,1.36675315177,4
6136,63,True,finite_mle,1,,-172.318056356,-172.129197927,0.377716858733,4
6137,61,True,finite_mle,1,,-173.343159004,-172.970589322,0.745139364538,4
6138,63,True,finite_mle,1,,-171.809867596,-171.452295651,0.715143890858,4
6139,57,True,finite_mle,1,,-162.035583107,-161.330561909,1.4100423964,4
6140,45,True,finite_mle,1,,-138.630867829,-133.869045465,9.52364472774,4
6141,56,True,finite_mle,1,,-163.015672554,-160.160678859,5.70998738857,4
6142,63,True,finite_mle,1,,-169.034229384,-168.955505458,0.157447853529,4
6143,66,True,finite_mle,1,,-179.79690806,-179.340796032,0.91222405552,4
6144,58,True,finite_mle,1,,-162.955055167,-162.896290317,0.117529701523,4
6145,56,True,finite_mle,1,,-161.608318426,-161.315534699,0.585567453803,4
6146,70,True,finite_mle,1,,-180.386798969,-180.331174517,0.111248903424,4
6147,67,True,finite_mle,1,,-175.16178466,-173.201346652,3.92087601585,4
6148,53,True,finite_mle,1,,-156.246039434,-155.282953265,1.92617233769,4
6149,48,True,finite_mle,1,,-147.728270432,-147.260703546,0.935133770923,4
6150,58,True,finite_mle,1,,-165.410774979,-163.033078783,4.75539239169,4
6151,54,True,finite_mle,1,,-157.57622433,-156.7665492,1.61935025964,4
6152,39,True,finite_mle,1,,-127.964278385,-124.544412736,6.83973129798,4
6153,55,True,finite_mle,1,,-161.13201124,-160.712343556,0.839335366116,4
6154,53,True,finite_mle,1,,-158.409604839,-157.324063407,2.17108286343,4
6155,57,True,finite_mle,1,,-166.566169821,-166.329642499,0.473054644075,4
6156,57,True,finite_mle,1,,-163.359297544,-162.031809123,2.6549768415,4
6157,47,True,finite_mle,1,,-142.681106396,-142.38753285,0.587147092116,4
6158,58,True,finite_mle,1,,-166.54145788,-165.749487828,1.58394010512,4
6159,58,True,finite_mle,1,,-161.715440517,-159.607337095,4.21620684432,4
6160,61,True,finite_mle,1,,-169.689810053,-169.61089415,0.157831804073,4
6161,55,True,finite_mle,1,,-162.192651925,-162.138225727,0.108852396059,4
6162,63,True,finite_mle,1,,-168.902054892,-165.598874808,6.60636016667,4
6163,61,True,finite_mle,1,,-172.412322786,-171.446356995,1.93193158058,4
6164,57,True,finite_mle,1,,-165.345190755,-164.957719215,0.774943078522,4
6165,69,True,finite_mle,1,,-185.153407478,-183.993730064,2.31935482747,4
6166,56,True,finite_mle,1,,-155.815444097,-155.494419784,0.642048626065,4
6167,55,True,finite_mle,1,,-155.054691215,-154.894096578,0.321189273983,4
6168,59,True,finite_mle,1,,-165.804441033,-165.371614054,0.865653956947,4
6169,56,True,finite_mle,1,,-154.701236339,-153.43597678,2.53051911752,4
6170,50,True,finite_mle,1,,-145.634295593,-142.217174523,6.83424214112,4
6171,58,True,finite_mle,1,,-164.495320875,-164.471232628,0.0481764935179,4
6172,71,True,finite_mle,1,,-186.311859489,-184.41362257,3.79647383768,4
6173,55,True,finite_mle,1,,-158.381757548,-158.039870281,0.683774532441,4
6174,54,True,finite_mle,1,,-157.915526809,-157.690586803,0.449880013338,4
6175,64,True,finite_mle,1,,-178.219249183,-177.30502497,1.82844842756,4
6176,60,True,finite_mle,1,,-166.409173614,-165.873782076,1.07078307647,4
6177,46,True,finite_mle,1,,-143.707648941,-143.285713801,0.843870278563,4
6178,50,True,finite_mle,1,,-147.797486066,-146.700000977,2.19497017908,4
6179,60,True,finite_mle,1,,-170.488725378,-170.176143476,0.625163803513,4
6180,58,True,finite_mle,1,,-164.419763296,-164.412284525,0.0149575419866,4
6181,58,True,finite_mle,1,,-161.796643789,-161.52665289,0.539981799002,4
6182,50,True,finite_mle,1,,-146.455877087,-146.215890466,0.479973242909,4
6183,55,True,finite_mle,1,,-159.393105602,-159.168336553,0.449538097323,4
6184,61,True,finite_mle,1,,-171.518261211,-169.530703512,3.97511539791,4
6185,60,True,finite_mle,1,,-171.793844164,-170.812102365,1.96348359807,4
6186,54,True,finite_mle,1,,-157.137791163,-156.976016167,0.323549990493,4
6187,46,True,finite_mle,1,,-138.981734963,-138.578456,0.806557926292,4
6188,49,True,finite_mle,1,,-148.864138269,-148.358803057,1.01067042431,4
6189,54,True,finite_mle,1,,-151.795662092,-150.462253554,2.66681707648,4
6190,57,True,finite_mle,1,,-164.973610145,-163.401285179,3.14464993062,4
6191,52,True,finite_mle,1,,-145.531834511,-144.762340737,1.53898754839,4
6192,57,True,finite_mle,1,,-162.602255236,-161.73042237,1.74366573245,4
6193,54,True,finite_mle,1,,-159.741691151,-158.343996291,2.79538971977,4
6194,60,True,finite_mle,1,,-166.686469633,-166.214304072,0.944331122214,4
6195,48,True,finite_mle,1,,-146.398423463,-146.071379039,0.654088846402,4
6196,51,True,finite_mle,1,,-149.51776143,-149.117237701,0.801047457978,4
6197,56,True,finite_mle,1,,-159.896733505,-156.973599784,5.84626744222,4
6198,66,True,finite_mle,1,,-174.19653442,-171.83616743,4.72073398008,4
6199,49,True,finite_mle,1,,-148.595706628,-147.834077814,1.52325762865,4
6200,69,True,finite_mle,1,,-185.646684928,-184.190325327,2.91271920195,4
6201,62,True,finite_mle,1,,-169.670146335,-169.096889878,1.14651291403,4
6202,48,True,finite_mle,1,,-135.499217617,-134.835666734,1.32710176735,4
6203,58,True,finite_mle,1,,-166.637666767,-166.162479066,0.950375402494,4
6204,59,True,finite_mle,1,,-167.587578349,-167.549655454,0.0758457901638,4
6205,48,True,finite_mle,1,,-144.541386008,-141.5500908,5.98259041779,4
6206,55,True,finite_mle,1,,-160.982793394,-157.92740634,6.11077410816,4
6207,59,True,finite_mle,1,,-161.112720885,-160.117570901,1.99029996635,4
6208,55,True,finite_mle,1,,-158.391722124,-158.316873336,0.149697577091,4
6209,54,True,finite_mle,1,,-159.873125554,-159.129513974,1.48722316177,4
6210,51,True,finite_mle,1,,-153.39710481,-152.617179984,1.55984965223,4
6211,58,True,finite_mle,1,,-163.524857718,-162.390228447,2.26925854133,4
6212,68,True,finite_mle,1,,-179.594805488,-179.510810336,0.167990304098,4
6213,56,True,finite_mle,1,,-161.833034248,-160.281547327,3.10297384308,4
6214,62,True,finite_mle,1,,-174.478717383,-173.30548417,2.34646642462,4
6215,59,True,finite_mle,1,,-167.209719049,-165.972645672,2.47414675371,4
6216,50,True,finite_mle,1,,-144.86957755,-143.516858453,2.70543819432,4
6217,67,True,finite_mle,1,,-176.44361881,-176.393347079,0.100543462106,4
6218,55,True,finite_mle,1,,-161.435822007,-160.972547193,0.926549628338,4
6219,51,True,finite_mle,1,,-153.528371862,-153.323610335,0.409523053173,4
6220,59,True,finite_mle,1,,-164.530424013,-164.430642558,0.199562908569,4
6221,47,True,finite_mle,1,,-145.840183919,-145.039103059,1.60216171907,4
6222,61,True,finite_mle,1,,-166.714340986,-165.189465695,3.0497505821,4
6223,53,True,finite_mle,1,,-153.663676254,-151.003458271,5.32043596607,4
6224,63,True,finite_mle,1,,-169.529519176,-166.728065658,5.60290703584,4
6225,62,True,finite_mle,1,,-171.097308381,-170.400462149,1.39369246381,4
6226,59,True,finite_mle,1,,-162.608879914,-162.526263642,0.165232543844,4
6227,65,True,finite_mle,1,,-177.440399817,-175.91387809,3.05304345262,4
6228,52,True,finite_mle,1,,-152.444447737,-151.525001428,1.83889261832,4
6229,61,True,finite_mle,1,,-169.922343028,-169.893971332,0.0567433924185,4
6230,49,True,finite_mle,1,,-148.882744058,-142.023060542,13.7193670319,4
6231,57,True,finite_mle,1,,-163.125548217,-162.791191343,0.668713746825,4
6232,44,True,finite_mle,1,,-134.563422295,-134.189270558,0.748303474071,4
6233,60,True,finite_mle,1,,-171.428958416,-168.166041806,6.5258332211,4
6234,50,True,finite_mle,1,,-147.178770425,-144.097857732,6.16182538535,4
6235,63,True,finite_mle,1,,-172.580612074,-171.426225461,2.30877322597,4
6236,69,True,finite_mle,1,,-185.964920201,-185.559890686,0.810059030177,4
6237,51,True,finite_mle,1,,-146.45541013,-145.336991597,2.23683706587,4
6238,67,True,finite_mle,1,,-180.541638796,-179.978303104,1.12667138492,4
6239,59,True,finite_mle,1,,-163.856461007,-163.830276092,0.052369830272,4
6240,51,True,finite_mle,1,,-151.768354189,-149.942187596,3.65233318521,4
6241,66,True,finite_mle,1,,-181.957243703,-181.604720937,0.705045531492,4
6242,65,True,finite_mle,1,,-178.593624522,-175.260031552,6.66718593904,4
6243,61,True,finite_mle,1,,-166.59743187,-165.736764647,1.72133444422,4
6244,62,True,finite_mle,1,,-172.292695383,-170.53165875,3.52207326489,4
6245,55,True,finite_mle,1,,-159.299920195,-157.470964713,3.65791096356,4
6246,53,True,finite_mle,1,,-153.25967603,-150.945969939,4.6274121822,4
6247,55,True,finite_mle,1,,-154.83241659,-152.662143478,4.34054622511,4
6248,64,True,finite_mle,1,,-175.597136642,-174.940457659,1.31335796711,4
6249,57,True,finite_mle,1,,-162.373601049,-162.370767539,0.00566701949464,4
6250,72,True,finite_mle,1,,-188.55453662,-187.834054617,1.44096400542,4
6251,70,True,finite_mle,1,,-186.049544602,-185.815997662,0.467093880803,4
6252,60,True,finite_mle,1,,-165.670836948,-163.524410845,4.2928522047,4
6253,55,True,finite_mle,1,,-160.475306614,-160.297818103,0.35497702222,4
6254,66,True,finite_mle,1,,-176.803545208,-175.711071548,2.18494731916,4
6255,55,True,finite_mle,1,,-161.573211606,-160.365099224,2.41622476531,4
6256,49,True,finite_mle,1,,-148.476602217,-146.569623773,3.81395688743,4
6257,49,True,finite_mle,1,,-146.483269978,-145.054451748,2.85763645955,4
6258,62,True,finite_mle,1,,-173.916917934,-172.625618863,2.58259814045,4
6259,55,True,finite_mle,1,,-161.328378657,-161.12513469,0.406487934846,4
6260,64,True,finite_mle,1,,-175.920577736,-174.808100384,2.22495470416,4
6261,62,True,finite_mle,1,,-172.154826502,-170.39237125,3.52491050318,4
6262,70,True,finite_mle,1,,-187.697316104,-187.015143438,1.364345333,4
6263,54,True,finite_mle,1,,-156.309513731,-155.783434855,1.05215775124,4
6264,65,True,finite_mle,1,,-174.394722218,-174.308588272,0.172267892073,4
6265,54,True,finite_mle,1,,-158.185752385,-157.300136902,1.77123096607,4
6266,65,True,finite_mle,1,,-171.124975138,-170.498872203,1.25220586961,4
6267,68,True,finite_mle,1,,-183.312566254,-180.558191429,5.50874964906,4
6268,57,True,finite_mle,1,,-163.118016057,-162.49370546,1.24862119376,4
6269,53,True,finite_mle,1,,-154.694329297,-153.719740729,1.94917713571,4
6270,57,True,finite_mle,1,,-161.22056468,-160.719852126,1.00142510767,4
6271,51,True,finite_mle,1,,-152.050658635,-151.416105901,1.26910546849,4
6272,58,True,finite_mle,1,,-157.975985675,-154.845095063,6.26178122513,4
6273,63,True,finite_mle,1,,-172.508069474,-171.497107674,2.02192360026,4
6274,54,True,finite_mle,1,,-159.707475083,-156.669654911,6.07564034429,4
6275,51,True,finite_mle,1,,-147.07221558,-146.834878936,0.474673287134,4
6276,52,True,finite_mle,1,,-151.499482167,-148.316825637,6.36531305873,4
6277,52,True,finite_mle,1,,-154.609709804,-154.361439449,0.496540710036,4
6278,60,True,finite_mle,1,,-170.197102856,-169.716326116,0.961553479973,4
6279,56,True,finite_mle,1,,-162.778119388,-162.229548032,1.09714271252,4
6280,58,True,finite_mle,1,,-161.318295356,-160.285264237,2.06606223828,4
6281,59,True,finite_mle,1,,-168.633688215,-168.012743596,1.24188923804,4
6282,67,True,finite_mle,1,,-181.478785693,-180.611854518,1.73386234933,4
6283,59,True,finite_mle,1,,-165.857307761,-163.975437569,3.76374038433,4
6284,55,True,finite_mle,1,,-157.347685217,-156.106292828,2.48278477809,4
6285,56,True,finite_mle,1,,-158.62914263,-158.523986765,0.21031172965,4
6286,54,True,finite_mle,1,,-158.386131685,-157.025546288,2.72117079241,4
6287,52,True,finite_mle,1,,-153.620599656,-151.231448418,4.7783024745,4
6288,64,True,finite_mle,1,,-176.494262191,-175.00386522,2.98079394208,4
6289,54,True,finite_mle,1,,-156.97120584,-155.729552504,2.48330667214,4
6290,60,True,finite_mle,1,,-167.568259916,-166.974166319,1.18818719281,4
6291,64,True,finite_mle,1,,-177.604194443,-177.411800964,0.384786958433,4
6292,64,True,finite_mle,1,,-173.928056024,-171.032957728,5.79019659204,4
6293,55,True,finite_mle,1,,-160.998412784,-160.22804012,1.5407453294,4
6294,52,True,finite_mle,1,,-152.907599524,-152.365922561,1.08335392603,4
6295,59,True,finite_mle,1,,-169.121274379,-168.310714319,1.62112012031,4
6296,61,True,finite_mle,1,,-168.760859206,-167.921707304,1.67830380356,4
6297,62,True,finite_mle,1,,-173.126029781,-169.163141559,7.92577644257,4
6298,68,True,finite_mle,1,,-183.757874341,-182.621551161,2.2726463589,4
6299,59,True,finite_mle,1,,-165.408059848,-164.459909985,1.89629972453,4
6300,64,True,finite_mle,1,,-174.537266715,-170.152258312,8.77001680666,4
6301,72,True,finite_mle,1,,-188.924002654,-188.782266128,0.283473052123,4
6302,66,True,finite_mle,1,,-174.169238713,-173.386201179,1.56607506934,4
6303,50,True,finite_mle,1,,-144.059643605,-143.72217916,0.674928890608,4
6304,65,True,finite_mle,1,,-168.329190386,-166.497372658,3.66363545611,4
6305,56,True,finite_mle,1,,-159.181927085,-157.420812599,3.5222289713,4
6306,69,True,finite_mle,1,,-185.9951904,-184.507403867,2.9755730658,4
6307,67,True,finite_mle,1,,-181.285399438,-180.597074278,1.37665031999,4
6308,68,True,finite_mle,1,,-183.282128963,-181.871116076,2.82202577347,4
6309,58,True,finite_mle,1,,-162.213721858,-161.637928997,1.1515857203,4
6310,66,True,finite_mle,1,,-174.308650586,-173.442067934,1.73316530327,4
6311,55,True,finite_mle,1,,-161.34564893,-160.915155645,0.86098657025,4
6312,43,True,finite_mle,1,,-132.529142218,-132.290363151,0.477558134728,4
6313,47,True,finite_mle,1,,-141.354927311,-140.644887162,1.42008029918,4
6314,63,True,finite_mle,1,,-175.445901259,-175.030127906,0.831546706597,4
6315,55,True,finite_mle,1,,-159.841931347,-158.479936025,2.72399064463,4
6316,51,True,finite_mle,1,,-151.244874284,-151.138732067,0.212284434575,4
6317,58,True,finite_mle,1,,-158.260369275,-158.202406736,0.115925077737,4
6318,53,True,finite_mle,1,,-155.011630983,-154.513726123,0.99580971942,4
6319,55,True,finite_mle,1,,-158.089322122,-157.869110826,0.44042259293,4
6320,56,True,finite_mle,1,,-161.172228542,-160.365534573,1.613387939,4
6321,53,True,finite_mle,1,,-157.886297775,-155.851449835,4.06969588118,4
6322,60,True,finite_mle,1,,-168.095466749,-166.194036378,3.80286074085,4
6323,53,True,finite_mle,1,,-150.30489671,-149.889784845,0.83022373033,4
6324,53,True,finite_mle,1,,-147.535740277,-147.195283251,0.680914052087,4
6325,53,True,finite_mle,1,,-157.662907965,-157.167284766,0.991246397795,4
6326,55,True,finite_mle,1,,-157.427138898,-156.307056305,2.24016518695,4
6327,54,True,finite_mle,1,,-155.46510268,-153.363487012,4.20323133674,4
6328,56,True,finite_mle,1,,-160.07390702,-160.007588372,0.132637295907,4
6329,69,True,finite_mle,1,,-178.625987292,-177.825762304,1.60044997625,4
6330,59,True,finite_mle,1,,-166.074438658,-165.264052006,1.620773303,4
6331,59,True,finite_mle,1,,-169.542924518,-169.172432153,0.740984730741,4
6332,54,True,finite_mle,1,,-158.10796678,-157.770596551,0.67474045796,4
6333,58,True,finite_mle,1,,-167.271177965,-165.258437908,4.02548011262,4
6334,45,True,finite_mle,1,,-140.193409764,-140.1138136,0.159192326616,4
6335,59,True,finite_mle,1,,-161.593537247,-161.318198277,0.550677939986,4
6336,69,True,finite_mle,1,,-186.253602652,-186.223367063,0.0604711783972,4
6337,59,True,finite_mle,1,,-164.596983162,-163.94762692,1.29871248494,4
6338,55,True,finite_mle,1,,-160.710805849,-160.314885595,0.791840507436,4
6339,57,True,finite_mle,1,,-160.719607675,-157.870216184,5.69878298231,4
6340,61,True,finite_mle,1,,-168.824448766,-168.154954633,1.33898826657,4
6341,53,True,finite_mle,1,,-145.5936732,-142.086368744,7.01460891067,4
6342,61,True,finite_mle,1,,-169.607386418,-167.533554699,4.14766343716,4
6343,57,True,finite_mle,1,,-161.582421081,-161.279729673,0.605382816089,4
6344,55,True,finite_mle,1,,-161.400514528,-160.07034064,2.66034777443,4
6345,64,True,finite_mle,1,,-172.350848282,-172.020378267,0.66094002934,4
6346,60,True,finite_mle,1,,-168.825816184,-166.120643584,5.41034519899,4
6347,53,True,finite_mle,1,,-151.06166011,-148.75033143,4.62265735965,4
6348,54,True,finite_mle,1,,-154.287610101,-152.974349278,2.62652164425,4
6349,64,True,finite_mle,1,,-176.880444869,-176.7994274,0.162034936673,4
6350,53,True,finite_mle,1,,-152.715282383,-151.14252512,3.14551452448,4
6351,54,True,finite_mle,1,,-157.522982596,-157.434078982,0.177807227064,4
6352,53,True,finite_mle,1,,-157.95310412,-156.080435836,3.74533656727,4
6353,72,True,finite_mle,1,,-184.94163527,-183.683724339,2.51582186334,4
6354,55,True,finite_mle,1,,-162.128789234,-159.182364147,5.8928501726,4
6355,46,True,finite_mle,1,,-141.141771481,-141.11191541,0.0597121426813,4
6356,60,True,finite_mle,1,,-168.474133713,-167.870577064,1.20711329808,4
6357,58,True,finite_mle,1,,-166.335385581,-165.236664324,2.19744251523,4
6358,54,True,finite_mle,1,,-153.563914646,-153.079453205,0.968922882512,4
6359,67,True,finite_mle,1,,-179.257083353,-178.96615896,0.581848785767,4
6360,62,True,finite_mle,1,,-170.094767567,-169.483901805,1.22173152385,4
6361,46,True,finite_mle,1,,-140.662432064,-139.042159483,3.24054516184,4
6362,59,True,finite_mle,1,,-161.566137515,-160.568120675,1.99603368106,4
6363,63,True,finite_mle,1,,-171.433019037,-171.285881775,0.294274524204,4
6364,59,True,finite_mle,1,,-168.575407154,-167.731623983,1.68756634267,4
6365,57,True,finite_mle,1,,-164.046391249,-160.863146039,6.36649042008,4
6366,68,True,finite_mle,1,,-184.225219216,-182.501257638,3.44792315705,4
6367,55,True,finite_mle,1,,-161.054756669,-160.732422773,0.644667791113,4
6368,50,True,finite_mle,1,,-148.399839301,-148.106500256,0.586678088705,4
6369,54,True,finite_mle,1,,-156.831173734,-153.730094373,6.20215872155,4
6370,63,True,finite_mle,1,,-174.462384095,-173.455021073,2.01472604455,4
6371,54,True,finite_mle,1,,-153.297355377,-152.434599467,1.72551182067,4
6372,50,True,finite_mle,1,,-148.93388523,-147.514471757,2.83882694698,4
6373,58,True,finite_mle,1,,-164.2489342,-162.180624946,4.13661850856,4
6374,62,True,finite_mle,1,,-175.63916424,-172.552218456,6.17389156877,4
6375,48,True,finite_mle,1,,-146.668014395,-145.009602307,3.31682417773,4
6376,68,True,finite_mle,1,,-183.644210709,-183.279214496,0.729992425099,4
6377,69,True,finite_mle,1,,-182.708616945,-178.232835255,8.95156337919,4
6378,57,True,finite_mle,1,,-157.058138986,-155.965711766,2.18485444091,4
6379,67,True,finite_mle,1,,-182.283653147,-180.791875099,2.98355609588,4
6380,56,True,finite_mle,1,,-158.202355328,-156.161021654,4.08266734791,4
6381,66,True,finite_mle,1,,-178.376156297,-177.830120452,1.09207168924,4
6382,56,True,finite_mle,1,,-157.597934249,-157.028227411,1.13941367724,4
6383,70,True,finite_mle,1,,-188.17957252,-186.93518643,2.48877218073,4
6384,60,True,finite_mle,1,,-162.44014206,-162.296712584,0.286858951323,4
6385,54,True,finite_mle,1,,-158.586356552,-158.512925814,0.146861476597,4
6386,59,True,finite_mle,1,,-164.890848277,-164.182546853,1.41660284821,4
6387,58,True,finite_mle,1,,-166.282851186,-164.879515208,2.80667195553,4
6388,58,True,finite_mle,1,,-163.733719232,-163.603653129,0.260132206149,4
6389,62,True,finite_mle,1,,-165.941427815,-164.224379302,3.4340970253,4
6390,46,True,finite_mle,1,,-141.776365931,-141.248136325,1.05645921078,4
6391,48,True,finite_mle,1,,-145.169535325,-144.577659672,1.18375130546,4
6392,57,True,finite_mle,1,,-161.132082586,-160.588663384,1.08683840396,4
6393,57,True,finite_mle,1,,-155.730551868,-154.272444403,2.91621493158,4
6394,58,True,finite_mle,1,,-161.217067302,-160.635100583,1.1639334375,4
6395,50,True,finite_mle,1,,-145.951417138,-145.802831978,0.297170320809,4
6396,45,True,finite_mle,1,,-134.577176489,-134.022648476,1.10905602671,4
6397,59,True,finite_mle,1,,-166.137964515,-165.120927097,2.03407483536,4
6398,56,True,finite_mle,1,,-160.367303639,-159.373347683,1.98791191158,4
6399,60,True,finite_mle,1,,-164.326184813,-162.392687538,3.86699455094,4
6400,64,True,finite_mle,1,,-175.354034553,-174.015284924,2.67749925961,4
6401,64,True,finite_mle,1,,-177.844184054,-177.721611358,0.245145392972,4
6402,58,True,finite_mle,1,,-155.394568258,-154.417839033,1.95345845064,4
6403,60,True,finite_mle,1,,-165.578680988,-164.191352217,2.77465754075,4
6404,58,True,finite_mle,1,,-166.413803427,-165.827951662,1.17170352922,4
6405,46,True,finite_mle,1,,-137.08164883,-134.811800135,4.53969739022,4
6406,68,True,finite_mle,1,,-183.114276637,-182.747729513,0.733094247916,4
6407,62,True,finite_mle,1,,-175.145995624,-174.928662221,0.434666806123,4
6408,57,True,finite_mle,1,,-162.450665659,-161.7370538,1.42722371725,4
6409,62,True,finite_mle,1,,-172.032469008,-170.0654819,3.93397421523,4
6410,54,True,finite_mle,1,,-158.047505349,-157.477871611,1.13926747535,4
6411,56,True,finite_mle,1,,-156.944915787,-156.854334012,0.18116354985,4
6412,58,True,finite_mle,1,,-163.557449204,-163.324457456,0.46598349606,4
6413,58,True,finite_mle,1,,-165.654933484,-165.167058007,0.975750954568,4
6414,51,True,finite_mle,1,,-148.206262213,-147.842587445,0.727349536107,4
6415,48,True,finite_mle,1,,-139.413371176,-139.370492619,0.085757115257,4
6416,74,True,finite_mle,1,,-190.279922964,-190.186373234,0.18709946023,4
6417,50,True,finite_mle,1,,-150.329410072,-149.456164589,1.7464909657,4
6418,56,True,finite_mle,1,,-160.231706591,-160.13808258,0.187248022407,4
6419,49,True,finite_mle,1,,-145.198727905,-144.451416677,1.49462245569,4
6420,56,True,finite_mle,1,,-158.674669835,-158.459889223,0.429561225281,4
6421,67,True,finite_mle,1,,-175.226330094,-174.522402859,1.40785446925,4
6422,60,True,finite_mle,1,,-166.036615782,-165.528910281,1.01541100292,4
6423,50,True,finite_mle,1,,-143.399705398,-142.09836137,2.60268805789,4
6424,47,True,finite_mle,1,,-140.640273449,-138.026225555,5.2280957874,4
6425,55,True,finite_mle,1,,-158.797380097,-158.726255806,0.142248582275,4
6426,52,True,finite_mle,1,,-153.984908731,-153.654473139,0.660871184195,4
6427,55,True,finite_mle,1,,-156.964296493,-156.940324564,0.0479438590214,4
6428,53,True,finite_mle,1,,-154.685409046,-153.946939858,1.47693837738,4
6429,48,True,finite_mle,1,,-147.053068143,-145.561482927,2.98317043195,4
6430,60,True,finite_mle,1,,-168.583696471,-168.560301974,0.0467889948009,4
6431,53,True,finite_mle,1,,-153.896183378,-151.969207088,3.85395258144,4
6432,62,True,finite_mle,1,,-173.42633716,-169.467559548,7.91755522259,4
6433,54,True,finite_mle,1,,-153.411013839,-152.185431812,2.45116405311,4
6434,66,True,finite_mle,1,,-175.717107432,-172.876348312,5.6815182392,4
6435,50,True,finite_mle,1,,-145.164216075,-144.773625007,0.781182136355,4
6436,57,True,finite_mle,1,,-163.622485038,-163.264382428,0.716205220307,4
6437,57,True,finite_mle,1,,-163.477213374,-162.477615651,1.9991954469,4
6438,53,True,finite_mle,1,,-155.460442039,-155.340980972,0.238922134143,4
6439,52,True,finite_mle,1,,-149.098149814,-148.687933987,0.820431653337,4
6440,55,True,finite_mle,1,,-157.362504821,-154.283213984,6.15858167431,4
6441,40,True,finite_mle,1,,-122.36456771,-121.355926867,2.01728168636,4
6442,51,True,finite_mle,1,,-150.093531985,-145.465325748,9.25641247493,4
6443,71,True,finite_mle,1,,-184.820293478,-183.015453822,3.60967931273,4
6444,62,True,finite_mle,1,,-168.092614333,-166.616350196,2.95252827339,4
6445,57,True,finite_mle,1,,-162.638248706,-161.526825859,2.22284569363,4
6446,53,True,finite_mle,1,,-153.043365017,-152.404678175,1.27737368421,4
6447,62,True,finite_mle,1,,-174.907542854,-173.350169216,3.11474727515,4
6448,58,True,finite_mle,1,,-163.256832591,-161.503706632,3.50625191951,4
6449,69,True,finite_mle,1,,-176.334041791,-176.326767251,0.0145490790056,4
6450,72,True,finite_mle,1,,-189.183294452,-188.995292315,0.376004274011,4
6451,52,True,finite_mle,1,,-148.241263461,-146.862650214,2.7572264947,4
6452,45,True,finite_mle,1,,-140.392332982,-139.771877359,1.24091124518,4
6453,56,True,finite_mle,1,,-159.786958602,-158.373556321,2.82680456283,4
6454,45,True,finite_mle,1,,-136.356397538,-136.316153547,0.0804879824012,4
6455,57,True,finite_mle,1,,-164.09252902,-163.580286424,1.02448519122,4
6456,56,True,finite_mle,1,,-161.409778427,-160.181893578,2.45576969877,4
6457,57,True,finite_mle,1,,-157.334997533,-155.608010983,3.45397309994,4
6458,60,True,finite_mle,1,,-166.322827419,-165.95361795,0.738418937585,4
6459,61,True,finite_mle,1,,-168.664816435,-167.949839294,1.42995428254,4
6460,46,True,finite_mle,1,,-141.932329784,-141.295046826,1.27456591569,4
6461,69,True,finite_mle,1,,-180.610449839,-179.216529541,2.78784059586,4
6462,60,True,finite_mle,1,,-166.932046985,-166.403913373,1.05626722397,4
6463,67,True,finite_mle,1,,-178.74703876,-176.722077658,4.04992220309,4
6464,61,True,finite_mle,1,,-170.309356109,-166.278541574,8.06162906931,4
6465,51,True,finite_mle,1,,-150.238030939,-149.207288596,2.06148468623,4
6466,52,True,finite_mle,1,,-154.927554045,-154.469158635,0.916790818141,4
6467,55,True,finite_mle,1,,-160.946753567,-158.082814676,5.72787778208,4
6468,57,True,finite_mle,1,,-161.531024781,-161.205451772,0.651146018911,4
6469,52,True,finite_mle,1,,-156.824879958,-154.984047648,3.68166461965,4
6470,59,True,finite_mle,1,,-167.750564933,-166.686733878,2.12766210982,4
6471,55,True,finite_mle,1,,-157.828239217,-157.461632696,0.733213042198,4
6472,52,True,finite_mle,1,,-149.811501805,-147.224376739,5.17425013118,4
6473,47,True,finite_mle,1,,-142.841447321,-142.492024124,0.698846393317,4
6474,66,True,finite_mle,1,,-175.908739589,-175.908354989,0.000769198901025,4
6475,61,True,finite_mle,1,,-165.485337298,-165.244920145,0.480834305531,4
6476,52,True,finite_mle,1,,-151.571701661,-151.515444364,0.112514594358,4
6477,63,True,finite_mle,1,,-176.334525795,-175.822193015,1.02466555958,4
6478,57,True,finite_mle,1,,-166.003127006,-165.758294115,0.489665782504,4
6479,62,True,finite_mle,1,,-170.743272015,-170.468338659,0.549866711312,4
6480,56,True,finite_mle,1,,-157.768474536,-156.903753195,1.72944268202,4
6481,65,True,finite_mle,1,,-178.271166584,-177.838297016,0.865739134658,4
6482,49,True,finite_mle,1,,-148.777005294,-147.097519114,3.35897235939,4
6483,67,True,finite_mle,1,,-184.559372386,-182.032741713,5.05326134611,4
6484,60,True,finite_mle,1,,-170.230142412,-169.949781712,0.560721400223,4
6485,56,True,finite_mle,1,,-162.591664244,-162.406075604,0.371177280771,4
6486,50,True,finite_mle,1,,-151.464301607,-150.175468627,2.57766595972,4
6487,43,True,finite_mle,1,,-133.347317614,-133.049740463,0.595154300855,4
6488,67,True,finite_mle,1,,-174.607462275,-174.226456953,0.762010643419,4
6489,52,True,finite_mle,1,,-149.945480892,-149.771091803,0.348778176739,4
6490,50,True,finite_mle,1,,-150.695368566,-150.185853401,1.0190303287,4
6491,69,True,finite_mle,1,,-187.220056086,-186.808415214,0.823281744102,4
6492,51,True,finite_mle,1,,-143.429665702,-141.910332859,3.03866568621,4
6493,53,True,finite_mle,1,,-157.517684912,-157.436762807,0.161844210513,4
6494,55,True,finite_mle,1,,-156.498438108,-155.124875672,2.7471248721,4
6495,54,True,finite_mle,1,,-154.400573033,-153.000601413,2.79994323878,4
6496,58,True,finite_mle,1,,-165.834970122,-165.638817922,0.39230440063,4
6497,65,True,finite_mle,1,,-177.673316405,-175.058425327,5.22978215687,4
6498,64,True,finite_mle,1,,-172.151170324,-172.086815835,0.128708977534,4
6499,52,True,finite_mle,1,,-151.847744317,-151.251680367,1.19212789991,4
6500,53,True,finite_mle,1,,-152.437074214,-152.130480742,0.613186944141,4
6501,65,True,finite_mle,1,,-178.030173224,-175.166084762,5.72817692389,4
6502,62,True,finite_mle,1,,-172.633384406,-172.057963533,1.15084174705,4
6503,64,True,finite_mle,1,,-171.391587775,-171.354280546,0.0746144578374,4
6504,60,True,finite_mle,1,,-163.7626717,-162.924866431,1.6756105382,4
6505,52,True,finite_mle,1,,-150.25665583,-147.592898413,5.32751483359,4
6506,65,True,finite_mle,1,,-172.417278542,-171.344176976,2.1462031327,4
6507,58,True,finite_mle,1,,-158.199180598,-157.787391506,0.823578184826,4
6508,62,True,finite_mle,1,,-166.769293501,-166.627437129,0.283712743737,4
6509,58,True,finite_mle,1,,-162.037440923,-159.579389161,4.91610352394,4
6510,55,True,finite_mle,1,,-159.086695721,-158.858810728,0.455769987068,4
6511,64,True,finite_mle,1,,-173.597073169,-173.413114138,0.367918061686,4
6512,61,True,finite_mle,1,,-166.972191576,-166.607677945,0.729027262469,4
6513,57,True,finite_mle,1,,-165.549954587,-164.175248747,2.74941167879,4
6514,45,True,finite_mle,1,,-138.239515331,-137.083248961,2.31253274125,4
6515,47,True,finite_mle,1,,-138.314776367,-137.624684561,1.38018361375,4
6516,52,True,finite_mle,1,,-152.341350749,-151.927796554,0.82710838989,4
6517,54,True,finite_mle,1,,-158.139378802,-157.807538281,0.663681042097,4
6518,69,True,finite_mle,1,,-178.328952812,-178.102361083,0.453183457535,4
6519,54,True,finite_mle,1,,-156.29309365,-156.094810569,0.396566162338,4
6520,52,True,finite_mle,1,,-153.789390791,-152.727244849,2.12429188444,4
6521,56,True,finite_mle,1,,-159.324111246,-158.598684675,1.45085314209,4
6522,51,True,finite_mle,1,,-149.968944902,-148.69701027,2.54386926407,4
6523,58,True,finite_mle,1,,-164.773443123,-164.394991647,0.756902950474,4
6524,56,True,finite_mle,1,,-158.799224584,-158.775083627,0.0482819142895,4
6525,67,True,finite_mle,1,,-180.237225122,-179.806940752,0.860568740794,4
6526,53,True,finite_mle,1,,-150.974438803,-150.967203075,0.0144714547541,4
6527,64,True,finite_mle,1,,-174.12002467,-173.417298983,1.4054513748,4
6528,48,True,finite_mle,1,,-145.923058508,-144.948097098,1.9499228207,4
6529,67,True,finite_mle,1,,-179.137552708,-178.914082156,0.446941103588,4
6530,57,True,finite_mle,1,,-165.876235427,-165.502200687,0.748069480405,4
6531,64,True,finite_mle,1,,-176.468521414,-175.316192938,2.30465695213,4
6532,57,True,finite_mle,1,,-160.583025703,-159.837460704,1.49112999654,4
6533,61,True,finite_mle,1,,-170.596843194,-166.672345503,7.84899538244,4
6534,65,True,finite_mle,1,,-177.687830522,-176.72217346,1.93131412386,4
6535,56,True,finite_mle,1,,-156.517352102,-156.347073342,0.340557520732,4
6536,50,True,finite_mle,1,,-150.510291842,-149.443217902,2.13414788076,4
6537,59,True,finite_mle,1,,-165.43636125,-163.457646925,3.95742864922,4
6538,53,True,finite_mle,1,,-156.277852369,-155.364916212,1.82587231393,4
6539,75,True,finite_mle,1,,-195.441519428,-194.533233563,1.81657173086,4
6540,60,True,finite_mle,1,,-170.463185235,-169.303478375,2.31941372107,4
6541,54,True,finite_mle,1,,-155.043388435,-148.450941433,13.1848940037,4
6542,62,True,finite_mle,1,,-176.080536364,-173.910175973,4.340720781,4
6543,63,True,finite_mle,1,,-170.909380983,-170.110227936,1.59830609302,4
6544,56,True,finite_mle,1,,-156.683109639,-153.608611612,6.14899605402,4
6545,54,True,finite_mle,1,,-159.411845958,-159.058425544,0.706840828079,4
6546,52,True,finite_mle,1,,-153.384924834,-153.297155415,0.175538836825,4
6547,48,True,finite_mle,1,,-143.426025963,-141.559797183,3.73245756037,4
6548,47,True,finite_mle,1,,-139.978788056,-139.892486426,0.172603259318,4
6549,55,True,finite_mle,1,,-156.880026537,-156.839642206,0.0807686623858,4
6550,65,True,finite_mle,1,,-177.556104788,-176.856506644,1.39919628742,4
6551,51,True,finite_mle,1,,-152.070359125,-150.075779069,3.98916011151,4
6552,56,True,finite_mle,1,,-161.464120459,-160.893886941,1.14046703631,4
6553,59,True,finite_mle,1,,-165.522951866,-164.363061823,2.31978008464,4
6554,65,True,finite_mle,1,,-179.162957449,-177.925829365,2.47425616948,4
6555,62,True,finite_mle,1,,-173.513629765,-172.253159354,2.52094082257,4
6556,53,True,finite_mle,1,,-155.820918719,-155.445519697,0.750798044943,4
6557,64,True,finite_mle,1,,-173.655120409,-173.53966847,0.23090387746,4
6558,50,True,finite_mle,1,,-150.222406536,-150.030856603,0.38309986536,4
6559,46,True,finite_mle,1,,-139.044965819,-133.675779226,10.7383731862,4
6560,56,True,finite_mle,1,,-164.133692821,-163.574165875,1.11905389142,4
6561,44,True,finite_mle,1,,-137.87920789,-137.795711032,0.166993717738,4
6562,57,True,finite_mle,1,,-162.569284759,-162.552961355,0.032646808041,4
6563,54,True,finite_mle,1,,-153.51564162,-153.10556719,0.820148861258,4
6564,60,True,finite_mle,1,,-166.260609025,-165.240768619,2.03968081283,4
6565,51,True,finite_mle,1,,-147.118609181,-144.952810196,4.33159797147,4
6566,58,True,finite_mle,1,,-163.603212764,-161.090493065,5.02543939957,4
6567,44,True,finite_mle,1,,-139.463203151,-137.887870327,3.15066564887,4
6568,69,True,finite_mle,1,,-183.238572445,-179.647122309,7.18290027168,4
6569,76,True,finite_mle,1,,-197.428904389,-197.054192639,0.749423499926,4
6570,71,True,finite_mle,1,,-186.124282402,-182.936269452,6.37602590023,4
6571,53,True,finite_mle,1,,-153.855953531,-153.457978685,0.795949692492,4
6572,61,True,finite_mle,1,,-164.948432422,-162.071941676,5.75298149289,4
6573,55,True,finite_mle,1,,-158.878790981,-158.631503875,0.494574213398,4
6574,50,True,finite_mle,1,,-149.256510252,-147.040903787,4.43121292939,4
6575,56,True,finite_mle,1,,-163.766325154,-163.374966426,0.782717456977,4
6576,63,True,finite_mle,1,,-173.033822492,-172.317170011,1.43330496202,4
6577,78,True,finite_mle,1,,-197.208604681,-196.392709834,1.63178969282,4
6578,65,True,finite_mle,1,,-170.031846174,-168.136481279,3.79072978946,4
6579,62,True,finite_mle,1,,-172.61640306,-170.991228793,3.25034853455,4
6580,58,True,finite_mle,1,,-167.762803905,-165.592506065,4.34059567976,4
6581,54,True,finite_mle,1,,-158.704769364,-158.182040831,1.045457066,4
6582,59,True,finite_mle,1,,-169.170678679,-168.985527483,0.370302391105,4
6583,52,True,finite_mle,1,,-150.245859184,-149.4874821,1.51675416893,4
6584,52,True,finite_mle,1,,-151.249064624,-150.893425369,0.711278508851,4
6585,54,True,finite_mle,1,,-157.985562826,-156.853807191,2.26351127044,4
6586,64,True,finite_mle,1,,-175.530517174,-174.980347186,1.10033997563,4
6587,50,True,finite_mle,1,,-146.679607083,-145.469075918,2.42106233127,4
6588,65,True,finite_mle,1,,-176.686514446,-176.451584822,0.469859248659,4
6589,52,True,finite_mle,1,,-153.781809319,-153.04094366,1.48173131752,4
6590,48,True,finite_mle,1,,-143.793834056,-143.320780355,0.946107400371,4
6591,46,True,finite_mle,1,,-141.527057563,-140.006181559,3.04175200779,4
6592,43,True,finite_mle,1,,-137.554132327,-135.296889544,4.514485566,4
6593,62,True,finite_mle,1,,-173.218635967,-173.06084981,0.3155723148,4
6594,50,True,finite_mle,1,,-146.652876352,-146.552224907,0.201302889733,4
6595,72,True,finite_mle,1,,-189.951449721,-189.544496197,0.8139070474,4
6596,68,True,finite_mle,1,,-182.056507901,-181.59337505,0.926265702127,4
6597,63,True,finite_mle,1,,-172.47813296,-171.462166678,2.03193256427,4
6598,57,True,finite_mle,1,,-161.826718938,-160.303760908,3.04591606148,4
6599,61,True,finite_mle,1,,-159.294824593,-159.015829339,0.557990507948,4
6600,59,True,finite_mle,1,,-155.468189996,-154.548090678,1.84019863759,4
6601,61,True,finite_mle,1,,-171.502098227,-171.348458123,0.307280208117,4
6602,49,True,finite_mle,1,,-147.764079643,-143.644047912,8.24006346283,4
6603,59,True,finite_mle,1,,-163.296553189,-163.230079768,0.13294684354,4
6604,57,True,finite_mle,1,,-162.86323457,-162.006402067,1.71366500511,4
6605,76,True,finite_mle,1,,-196.635133823,-194.386696693,4.49687425968,4
6606,56,True,finite_mle,1,,-162.876366576,-162.86821674,0.0162996721696,4
6607,63,True,finite_mle,1,,-175.418936599,-174.741256271,1.35536065623,4
6608,42,True,finite_mle,1,,-131.910809162,-129.434514853,4.95258861867,4
6609,55,True,finite_mle,1,,-159.717692566,-151.888410302,15.6585645279,4
6610,59,True,finite_mle,1,,-169.232773785,-167.683451465,3.09864464005,4
6611,59,True,finite_mle,1,,-165.779303916,-164.559129917,2.44034799786,4
6612,60,True,finite_mle,1,,-167.730141321,-165.535066892,4.39014885855,4
6613,50,True,finite_mle,1,,-149.831877307,-149.709760241,0.244234132864,4
6614,56,True,finite_mle,1,,-162.491296199,-160.64054855,3.70149529874,4
6615,59,True,finite_mle,1,,-162.337399928,-162.259501052,0.155797751575,4
6616,62,True,finite_mle,1,,-165.56396341,-163.098968319,4.92999018135,4
6617,53,True,finite_mle,1,,-158.15763044,-158.065785675,0.183689530052,4
6618,65,True,finite_mle,1,,-179.654082923,-179.57656626,0.155033325304,4
6619,54,True,finite_mle,1,,-155.201937746,-155.16398465,0.0759061903362,4
6620,59,True,finite_mle,1,,-164.745861062,-163.899891921,1.69193828093,4
6621,56,True,finite_mle,1,,-152.087130656,-151.65292732,0.868406672602,4
6622,58,True,finite_mle,1,,-163.134576886,-161.528888837,3.21137609805,4
6623,55,True,finite_mle,1,,-158.597886217,-157.771460423,1.65285158913,4
6624,52,True,finite_mle,1,,-155.531311464,-155.49565675,0.0713094268595,4
6625,49,True,finite_mle,1,,-146.80976215,-145.180451512,3.25862127541,4
6626,53,True,finite_mle,1,,-158.641794925,-158.014927399,1.25373505172,4
6627,60,True,finite_mle,1,,-163.47146754,-162.226933779,2.48906752075,4
6628,62,True,finite_mle,1,,-173.649841651,-171.660583216,3.97851686919,4
6629,57,True,finite_mle,1,,-160.972060248,-158.53492752,4.87426545472,4
6630,46,True,finite_mle,1,,-140.549729832,-139.124982916,2.84949383213,4
6631,50,True,finite_mle,1,,-150.449141566,-149.686751595,1.52477994159,4
6632,62,True,finite_mle,1,,-169.184509151,-168.636084657,1.09684898961,4
6633,64,True,finite_mle,1,,-175.489427838,-171.711632379,7.55559091873,4
6634,62,True,finite_mle,1,,-166.091426142,-165.960633863,0.26158455786,4
6635,55,True,finite_mle,1,,-158.102396278,-156.72203735,2.76071785466,4
6636,55,True,finite_mle,1,,-161.330651458,-160.371255167,1.91879258231,4
6637,53,True,finite_mle,1,,-156.01020992,-155.156472426,1.7074749875,4
6638,55,True,finite_mle,1,,-158.427761238,-157.103322434,2.64887760792,4
6639,50,True,finite_mle,1,,-147.358871501,-146.541704968,1.63433306597,4
6640,65,True,finite_mle,1,,-176.170175513,-175.507640406,1.32507021284,4
6641,57,True,finite_mle,1,,-162.499271656,-162.01200378,0.974535751824,4
6642,50,True,finite_mle,1,,-149.755208661,-149.749378875,0.0116595720239,4
6643,48,True,finite_mle,1,,-143.609480369,-142.09109822,3.03676429805,4
6644,61,True,finite_mle,1,,-161.466379435,-161.115550514,0.701657842199,4
6645,51,True,finite_mle,1,,-148.411127161,-148.040541682,0.741170957723,4
6646,53,True,finite_mle,1,,-154.754606577,-154.563769473,0.381674207535,4
6647,56,True,finite_mle,1,,-157.867646727,-157.261063568,1.21316631691,4
6648,51,True,finite_mle,1,,-152.595687359,-152.124557477,0.942259765284,4
6649,58,True,finite_mle,1,,-164.749482046,-164.140725318,1.21751345604,4
6650,58,True,finite_mle,1,,-162.140379641,-162.118783619,0.043192044216,4
6651,66,True,finite_mle,1,,-177.212364138,-177.066318082,0.29209211226,4
6652,54,True,finite_mle,1,,-156.661022766,-156.091699055,1.13864742316,4
6653,62,True,finite_mle,1,,-166.048905645,-165.949015467,0.19978035701,4
6654,58,True,finite_mle,1,,-158.926211147,-158.850982534,0.150457227433,4
6655,52,True,finite_mle,1,,-154.163860953,-153.352487964,1.62274597735,4
6656,47,True,finite_mle,1,,-142.875390069,-142.418244378,0.914291381545,4
6657,61,True,finite_mle,1,,-172.181402304,-171.997617783,0.367569042794,4
6658,62,True,finite_mle,1,,-173.696039909,-172.84235503,1.70736975624,4
6659,60,True,finite_mle,1,,-165.004905175,-163.106015168,3.79778001301,4
6660,42,True,finite_mle,1,,-133.177273163,-130.070962208,6.21262191166,4
6661,59,True,finite_mle,1,,-163.747535592,-163.16675458,1.16156202486,4
6662,62,True,finite_mle,1,,-172.821114405,-172.411767728,0.818693355575,4
6663,61,True,finite_mle,1,,-166.678828219,-165.99717923,1.36329797785,4
6664,57,True,finite_mle,1,,-165.853017073,-164.905485527,1.89506309108,4
6665,51,True,finite_mle,1,,-152.075056042,-152.064027253,0.0220575775471,4
6666,57,True,finite_mle,1,,-159.928388564,-158.008812721,3.83915168637,4
6667,53,True,finite_mle,1,,-154.579373502,-153.579793456,1.9991600922,4
6668,65,True,finite_mle,1,,-180.220421095,-178.659808432,3.12122532609,4
6669,69,True,finite_mle,1,,-186.887640079,-185.65134039,2.47259937614,4
6670,56,True,finite_mle,1,,-160.783268563,-159.93658127,1.69337458423,4
6671,57,True,finite_mle,1,,-161.765028456,-161.040462218,1.44913247523,4
6672,49,True,finite_mle,1,,-139.540993619,-136.713569205,5.65484882947,4
6673,61,True,finite_mle,1,,-169.356008503,-167.794743509,3.1225299878,4
6674,61,True,finite_mle,1,,-169.305869709,-168.259100162,2.0935390934,4
6675,53,True,finite_mle,1,,-156.738421025,-156.095939074,1.28496390227,4
6676,57,True,finite_mle,1,,-166.39885623,-166.095532464,0.606647531251,4
6677,52,True,finite_mle,1,,-153.674785227,-152.789560283,1.77044988891,4
6678,60,True,finite_mle,1,,-167.146369789,-164.507937864,5.27686385072,4
6679,56,True,finite_mle,1,,-162.963258206,-162.469376617,0.987763178984,4
6680,63,True,finite_mle,1,,-165.902491318,-164.466671907,2.87163882194,4
6681,56,True,finite_mle,1,,-161.283518265,-160.061352167,2.44433219784,4
6682,61,True,finite_mle,1,,-165.377976298,-163.638651478,3.47864963945,4
6683,59,True,finite_mle,1,,-164.101137026,-161.227498325,5.74727740167,4
6684,59,True,finite_mle,1,,-167.021702884,-165.683940696,2.67552437531,4
6685,56,True,finite_mle,1,,-162.44406765,-162.335756264,0.216622772651,4
6686,56,True,finite_mle,1,,-163.413676941,-162.362626513,2.10210085477,4
6687,49,True,finite_mle,1,,-145.115414252,-144.47312417,1.28458016562,4
6688,53,True,finite_mle,1,,-156.338110955,-156.231328701,0.213564508269,4
6689,47,True,finite_mle,1,,-144.304250109,-143.537059706,1.53438080633,4
6690,52,True,finite_mle,1,,-153.722454574,-153.133359786,1.17818957634,4
6691,56,True,finite_mle,1,,-161.082599922,-158.374668173,5.41586349829,4
6692,59,True,finite_mle,1,,-165.762846193,-165.562161597,0.401369191062,4
6693,50,True,finite_mle,1,,-147.185844939,-146.281304859,1.80908015949,4
6694,62,True,finite_mle,1,,-174.175811986,-174.162461448,0.0267010757405,4
6695,56,True,finite_mle,1,,-160.625158423,-159.936245832,1.37782518305,4
6696,70,True,finite_mle,1,,-187.691971912,-187.547964233,0.288015357532,4
6697,58,True,finite_mle,1,,-166.070407135,-165.161125331,1.81856360822,4
6698,65,True,finite_mle,1,,-179.86907202,-176.097675631,7.54279277805,4
6699,62,True,finite_mle,1,,-174.261935706,-173.472849994,1.57817142486,4
6700,53,True,finite_mle,1,,-158.197204387,-158.02038291,0.353642954757,4
6701,51,True,finite_mle,1,,-154.24510452,-153.019796023,2.45061699379,4
6702,46,True,finite_mle,1,,-142.11858453,-140.514385152,3.20839875723,4
6703,45,True,finite_mle,1,,-142.062909953,-141.361730539,1.40235882776,4
6704,57,True,finite_mle,1,,-164.046385801,-162.723316787,2.64613802792,4
6705,52,True,finite_mle,1,,-152.334886393,-151.846096835,0.97757911522,4
6706,59,True,finite_mle,1,,-164.315860475,-161.248709607,6.13430173636,4
6707,57,True,finite_mle,1,,-162.036983013,-158.450213159,7.17353970782,4
6708,71,True,finite_mle,1,,-189.361324362,-189.204494785,0.313659152745,4
6709,54,True,finite_mle,1,,-155.866094974,-155.516637565,0.698914816597,4
6710,62,True,finite_mle,1,,-165.511573118,-164.937726905,1.14769242736,4
6711,69,True,finite_mle,1,,-185.287002795,-183.945709008,2.6825875735,4
6712,63,True,finite_mle,1,,-175.204008978,-174.440871694,1.526274568,4
6713,60,True,finite_mle,1,,-167.930331685,-166.514351585,2.83196020024,4
6714,65,True,finite_mle,1,,-169.644299832,-168.912905141,1.46278938155,4
6715,48,True,finite_mle,1,,-142.136032584,-141.509567651,1.25292986592,4
6716,68,True,finite_mle,1,,-180.231866461,-179.941050568,0.581631786094,4
6717,60,True,finite_mle,1,,-167.946865144,-167.696093983,0.501542323015,4
6718,46,True,finite_mle,1,,-141.32046712,-138.187868183,6.26519787392,4
6719,54,True,finite_mle,1,,-152.825142224,-150.646657111,4.35697022554,4
6720,65,True,finite_mle,1,,-177.17734088,-176.430416507,1.49384874495,4
6721,60,True,finite_mle,1,,-170.405326036,-169.799660736,1.21133059981,4
6722,52,True,finite_mle,1,,-150.399117064,-149.969283114,0.85966789986,4
6723,56,True,finite_mle,1,,-162.160861393,-161.586149276,1.14942423367,4
6724,62,True,finite_mle,1,,-170.891766828,-169.342042124,3.09944940896,4
6725,64,True,finite_mle,1,,-173.156347214,-172.588462564,1.13576929925,4
6726,49,True,finite_mle,1,,-147.617127985,-146.482219933,2.26981610338,4
6727,56,True,finite_mle,1,,-163.775759764,-163.586766433,0.377986660854,4
6728,54,True,finite_mle,1,,-152.587000645,-151.751939311,1.67012266812,4
6729,63,True,finite_mle,1,,-174.796533023,-171.821764241,5.94953756464,4
6730,66,True,finite_mle,1,,-179.645149513,-178.753553828,1.78319136928,4
6731,60,True,finite_mle,1,,-166.635779064,-164.241019399,4.78951932982,4
6732,55,True,finite_mle,1,,-159.93761801,-158.826204495,2.2228270308,4
6733,62,True,finite_mle,1,,-175.84037861,-174.244433436,3.1918903486,4
6734,63,True,finite_mle,1,,-173.624326217,-172.560587025,2.12747838491,4
6735,52,True,finite_mle,1,,-153.641844306,-153.606653923,0.0703807650013,4
6736,48,True,finite_mle,1,,-147.687801278,-146.032864508,3.30987353971,4
6737,60,True,finite_mle,1,,-168.501369494,-167.997356238,1.00802651228,4
6738,51,True,finite_mle,1,,-145.797297311,-144.067979451,3.45863571877,4
6739,60,True,finite_mle,1,,-167.405108977,-166.95197364,0.906270673926,4
6740,61,True,finite_mle,1,,-169.766730395,-167.846428265,3.84060426108,4
6741,59,True,finite_mle,1,,-168.649845964,-168.617904647,0.063882632925,4
6742,52,True,finite_mle,1,,-152.590998715,-152.555923805,0.0701498204778,4
6743,68,True,finite_mle,1,,-183.305145357,-182.998453908,0.613382897208,4
6744,52,True,finite_mle,1,,-153.665284734,-153.303887913,0.722793642859,4
6745,46,True,finite_mle,1,,-138.01741071,-137.822809393,0.389202634033,4
6746,64,True,finite_mle,1,,-175.335796051,-175.1070008,0.457590500489,4
6747,52,True,finite_mle,1,,-152.79101339,-148.756280816,8.06946514896,4
6748,47,True,finite_mle,1,,-144.063439295,-142.408853742,3.30917110682,4
6749,51,True,finite_mle,1,,-150.207165824,-148.036899459,4.34053272981,4
6750,69,True,finite_mle,1,,-174.083761189,-174.039555913,0.0884105510389,4
6751,60,True,finite_mle,1,,-165.411154646,-165.306371872,0.209565547595,4
6752,61,True,finite_mle,1,,-172.43521269,-172.350733705,0.16895797089,4
6753,62,True,finite_mle,1,,-168.862961027,-168.349552875,1.02681630418,4
6754,52,True,finite_mle,1,,-154.946242527,-153.689739986,2.51300508248,4
6755,54,True,finite_mle,1,,-158.878172283,-158.725235443,0.305873679102,4
6756,61,True,finite_mle,1,,-165.891541369,-165.311652352,1.15977803451,4
6757,52,True,finite_mle,1,,-154.683263441,-153.802927247,1.76067238696,4
6758,57,True,finite_mle,1,,-162.464231509,-162.253952607,0.420557803745,4
6759,63,True,finite_mle,1,,-173.23959987,-172.863347076,0.752505589041,4
6760,59,True,finite_mle,1,,-163.274748042,-161.685936465,3.17762315344,4
6761,52,True,finite_mle,1,,-153.456244645,-152.110747549,2.69099419192,4
6762,53,True,finite_mle,1,,-155.729755616,-155.343781016,0.771949199486,4
6763,62,True,finite_mle,1,,-169.732723882,-166.820819226,5.82380931249,4
6764,63,True,finite_mle,1,,-172.491722963,-171.305541754,2.37236241814,4
6765,60,True,finite_mle,1,,-171.124719359,-170.127476124,1.99448646968,4
6766,60,True,finite_mle,1,,-167.494831226,-167.456915796,0.0758308597926,4
6767,53,True,finite_mle,1,,-151.443534101,-149.757124427,3.37281934853,4
6768,75,True,finite_mle,1,,-194.269161543,-191.868254493,4.80181409992,4
6769,69,True,finite_mle,1,,-186.120667845,-185.546523468,1.14828875274,4
6770,54,True,finite_mle,1,,-152.222353799,-151.50419271,1.43632217863,4
6771,62,True,finite_mle,1,,-168.027969711,-167.733962778,0.588013866307,4
6772,55,True,finite_mle,1,,-155.77582148,-154.506963193,2.53771657377,4
6773,59,True,finite_mle,1,,-167.190302328,-167.112410661,0.155783334135,4
6774,53,True,finite_mle,1,,-154.161242818,-154.107004393,0.108476851037,4
6775,58,True,finite_mle,1,,-165.252678268,-165.108139285,0.2890779658,4
6776,63,True,finite_mle,1,,-175.176876543,-174.383200831,1.58735142359,4
6777,64,True,finite_mle,1,,-174.02287758,-173.732309785,0.581135589228,4
6778,60,True,finite_mle,1,,-164.115304755,-163.344965327,1.54067885604,4
6779,59,True,finite_mle,1,,-168.092726472,-167.182734224,1.81998449532,4
6780,63,True,finite_mle,1,,-175.521360809,-174.777879494,1.48696263136,4
6781,56,True,finite_mle,1,,-162.224858741,-160.885915744,2.67788599398,4
6782,60,True,finite_mle,1,,-167.80835146,-164.869610118,5.87748268396,4
6783,60,True,finite_mle,1,,-166.085561879,-165.545089923,1.08094391189,4
6784,54,True,finite_mle,1,,-152.563931684,-152.532154921,0.063553525537,4
6785,51,True,finite_mle,1,,-147.297583928,-145.202791681,4.18958449467,4
6786,52,True,finite_mle,1,,-149.400969424,-147.64938663,3.50316558742,4
6787,59,True,finite_mle,1,,-167.076617369,-167.064692486,0.0238497658908,4
6788,68,True,finite_mle,1,,-179.99767209,-179.360354648,1.27463488482,4
6789,54,True,finite_mle,1,,-151.057745946,-149.769784193,2.57592350543,4
6790,57,True,finite_mle,1,,-157.178738623,-156.591015083,1.17544707827,4
6791,51,True,finite_mle,1,,-150.211979167,-149.646621409,1.13071551773,4
6792,47,True,finite_mle,1,,-143.145226983,-141.321693991,3.64706598415,4
6793,62,True,finite_mle,1,,-169.803676118,-169.068003313,1.4713456116,4
6794,57,True,finite_mle,1,,-161.830205133,-161.799889838,0.0606305911444,4
6795,59,True,finite_mle,1,,-166.400359702,-162.594370147,7.61197911043,4
6796,59,True,finite_mle,1,,-164.569086007,-164.564994923,0.00818216700321,4
6797,64,True,finite_mle,1,,-174.236334085,-173.974056969,0.524554231475,4
6798,58,True,finite_mle,1,,-163.960031829,-163.723241583,0.473580492395,4
6799,66,True,finite_mle,1,,-174.977978352,-174.335268307,1.28542009118,4
6800,64,True,finite_mle,1,,-174.512971422,-171.703172923,5.61959699895,4
6801,63,True,finite_mle,1,,-172.23210886,-171.69932358,1.06557055878,4
6802,53,True,finite_mle,1,,-154.007877705,-153.074276159,1.86720309256,4
6803,56,True,finite_mle,1,,-161.884167697,-160.534358564,2.69961826431,4
6804,46,True,finite_mle,1,,-140.891509088,-139.533652295,2.71571358665,4
6805,66,True,finite_mle,1,,-179.018528819,-177.164033652,3.70899033322,4
6806,71,True,finite_mle,1,,-190.742354583,-190.713803668,0.0571018304487,4
6807,59,True,finite_mle,1,,-167.329762147,-166.12511772,2.40928885323,4
6808,59,True,finite_mle,1,,-168.56077478,-168.235287175,0.650975210169,4
6809,56,True,finite_mle,1,,-158.768754052,-158.516127332,0.505253439797,4
6810,56,True,finite_mle,1,,-154.249483652,-153.772297355,0.954372594147,4
6811,54,True,finite_mle,1,,-155.232260422,-155.008006088,0.44850866669,4
6812,60,True,finite_mle,1,,-165.597977843,-164.840384035,1.51518761645,4
6813,58,True,finite_mle,1,,-164.88682823,-163.826348755,2.12095894859,4
6814,53,True,finite_mle,1,,-150.909374868,-150.832191253,0.154367229955,4
6815,64,True,finite_mle,1,,-172.902385677,-172.865666159,0.0734390347694,4
6816,67,True,finite_mle,1,,-182.947983434,-182.628590728,0.638785411421,4
6817,51,True,finite_mle,1,,-153.118693407,-152.709727779,0.817931256562,4
6818,58,True,finite_mle,1,,-164.766360525,-164.488076927,0.5565671946,4
6819,59,True,finite_mle,1,,-164.359436274,-163.257989276,2.20289399546,4
6820,57,True,finite_mle,1,,-162.197379584,-159.564405498,5.26594817213,4
6821,54,True,finite_mle,1,,-159.68937653,-158.109813055,3.15912694986,4
6822,69,True,finite_mle,1,,-182.777837377,-182.01891499,1.51784477335,4
6823,65,True,finite_mle,1,,-177.062928535,-175.531798515,3.06226003881,4
6824,53,True,finite_mle,1,,-156.64891816,-156.540818665,0.216198990242,4
6825,59,True,finite_mle,1,,-168.194215139,-167.725015652,0.938398975515,4
6826,42,True,finite_mle,1,,-131.620496405,-131.471839295,0.297314219196,4
6827,48,True,finite_mle,1,,-146.785462755,-146.576633332,0.417658846647,4
6828,51,True,finite_mle,1,,-147.836389781,-147.375076172,0.922627217896,4
6829,62,True,finite_mle,1,,-172.375322036,-170.616904215,3.51683564183,4
6830,55,True,finite_mle,1,,-158.269247287,-156.342920179,3.85265421701,4
6831,53,True,finite_mle,1,,-154.450452017,-153.98467436,0.931555313139,4
6832,61,True,finite_mle,1,,-169.885978763,-168.188416623,3.39512428106,4
6833,55,True,finite_mle,1,,-158.847940536,-158.444283885,0.807313300961,4
6834,55,True,finite_mle,1,,-162.529597165,-162.012303152,1.03458802629,4
6835,58,True,finite_mle,1,,-165.223216783,-162.070680912,6.30507174137,4
6836,66,True,finite_mle,1,,-175.426645561,-174.881031709,1.09122770334,4
6837,63,True,finite_mle,1,,-173.71347447,-172.526541413,2.37386611392,4
6838,60,True,finite_mle,1,,-167.382718281,-164.933820219,4.89779612436,4
6839,60,True,finite_mle,1,,-170.034332225,-169.812521257,0.443621936336,4
6840,55,True,finite_mle,1,,-159.018497005,-158.667428786,0.702136439124,4
6841,59,True,finite_mle,1,,-166.178792911,-165.338812295,1.67996123205,4
6842,69,True,finite_mle,1,,-180.380218081,-180.358987027,0.0424621090669,4
6843,64,True,finite_mle,1,,-171.306466472,-171.23311401,0.146704923852,4
6844,55,True,finite_mle,1,,-161.592910604,-160.039482084,3.10685704033,4
6845,53,True,finite_mle,1,,-154.775489012,-154.534233406,0.482511212463,4
6846,65,True,finite_mle,1,,-175.419704944,-175.090807955,0.657793978028,4
6847,59,True,finite_mle,1,,-167.710011939,-166.836594236,1.74683540683,4
6848,53,True,finite_mle,1,,-154.510641978,-151.052097558,6.91708883908,4
6849,60,True,finite_mle,1,,-168.053538378,-167.36059243,1.38589189567,4
6850,61,True,finite_mle,1,,-169.30778387,-169.015307665,0.584952411102,4
6851,47,True,finite_mle,1,,-139.816003078,-139.586798406,0.458409343574,4
6852,60,True,finite_mle,1,,-170.780924626,-170.099296221,1.3632568097,4
6853,56,True,finite_mle,1,,-158.580610152,-158.387053563,0.38711317917,4
6854,54,True,finite_mle,1,,-157.516793924,-156.993643969,1.04629990957,4
6855,59,True,finite_mle,1,,-167.647360751,-166.529766328,2.2351888456,4
6856,59,True,finite_mle,1,,-166.502688544,-166.339301747,0.326773592982,4
6857,58,True,finite_mle,1,,-163.480008842,-163.432587506,0.0948426722358,4
6858,43,True,finite_mle,1,,-138.027138638,-136.536543986,2.98118930343,4
6859,56,True,finite_mle,1,,-163.029495262,-162.911142054,0.236706416065,4
6860,61,True,finite_mle,1,,-169.762693527,-169.553575511,0.418236032941,4
6861,47,True,finite_mle,1,,-142.756159516,-142.5987189,0.314881232292,4
6862,59,True,finite_mle,1,,-165.527986845,-163.130662374,4.79464894148,4
6863,64,True,finite_mle,1,,-169.850325946,-168.603118752,2.49441438807,4
6864,63,True,finite_mle,1,,-169.833047665,-168.581860943,2.50237344552,4
6865,59,True,finite_mle,1,,-168.316121751,-167.518790644,1.59466221499,4
6866,59,True,finite_mle,1,,-168.992064432,-167.270202758,3.44372334774,4
6867,64,True,finite_mle,1,,-177.064054687,-176.383784506,1.36054036128,4
6868,65,True,finite_mle,1,,-174.870063295,-174.035610346,1.66890589827,4
6869,55,True,finite_mle,1,,-149.609031581,-148.554198768,2.10966562451,4
6870,57,True,finite_mle,1,,-163.182362302,-162.715084287,0.934556029433,4
6871,54,True,finite_mle,1,,-156.806132418,-154.589491122,4.4332825921,4
6872,56,True,finite_mle,1,,-158.496073134,-158.429436091,0.1332740864,4
6873,58,True,finite_mle,1,,-165.671044101,-164.013156421,3.31577535886,4
6874,50,True,finite_mle,1,,-148.497048482,-148.165706057,0.662684849907,4
6875,55,True,finite_mle,1,,-155.833876257,-155.073474516,1.52080348145,4
6876,63,True,finite_mle,1,,-176.105635578,-175.716101267,0.779068623504,4
6877,56,True,finite_mle,1,,-159.562215088,-159.094365216,0.935699743588,4
6878,64,True,finite_mle,1,,-167.68128182,-167.590893482,0.180776674431,4
6879,61,True,finite_mle,1,,-168.485544956,-166.889500652,3.1920886084,4
6880,60,True,finite_mle,1,,-170.728492253,-169.858056261,1.74087198443,4
6881,57,True,finite_mle,1,,-161.307528544,-159.667219363,3.28061836123,4
6882,58,True,finite_mle,1,,-164.057927155,-161.492797174,5.13025996238,4
6883,60,True,finite_mle,1,,-167.990198227,-167.976394442,0.0276075702089,4
6884,48,True,finite_mle,1,,-142.553931703,-141.285000907,2.53786159325,4
6885,56,True,finite_mle,1,,-155.519652814,-155.321414173,0.396477282468,4
6886,62,True,finite_mle,1,,-173.876884078,-173.772212265,0.209343625455,4
6887,45,True,finite_mle,1,,-137.291243147,-137.005282771,0.571920751152,4
6888,56,True,finite_mle,1,,-164.784316995,-164.54327099,0.482092009794,4
6889,60,True,finite_mle,1,,-164.34646456,-164.199361349,0.294206420583,4
6890,52,True,finite_mle,1,,-150.572753917,-148.272260096,4.60098764026,4
6891,55,True,finite_mle,1,,-154.352668724,-154.31067881,0.0839798280233,4
6892,54,True,finite_mle,1,,-158.914826042,-158.596950447,0.635751189489,4
6893,49,True,finite_mle,1,,-144.606124561,-144.368396801,0.475455521106,4
6894,66,True,finite_mle,1,,-176.31736437,-175.369020688,1.89668736408,4
6895,61,True,finite_mle,1,,-168.40060827,-164.193326393,8.41456375497,4
6896,65,True,finite_mle,1,,-176.130548325,-175.883556331,0.493983988962,4
6897,63,True,finite_mle,1,,-177.349076699,-177.286790953,0.124571491621,4
6898,60,True,finite_mle,1,,-166.081113656,-165.528390764,1.1054457848,4
6899,50,True,finite_mle,1,,-149.399873633,-148.701906944,1.39593337839,4
6900,49,True,finite_mle,1,,-147.755953131,-145.158056518,5.19579322538,4
6901,55,True,finite_mle,1,,-160.978143289,-160.315860963,1.32456465311,4
6902,51,True,finite_mle,1,,-150.960279333,-150.27650545,1.36754776647,4
6903,61,True,finite_mle,1,,-167.972300662,-167.731516798,0.481567728029,4
6904,68,True,finite_mle,1,,-180.108797873,-177.486920157,5.24375543151,4
6905,58,True,finite_mle,1,,-163.420733296,-162.881314595,1.07883740313,4
6906,53,True,finite_mle,1,,-152.90445781,-152.542388303,0.724139012356,4
6907,61,True,finite_mle,1,,-167.586363719,-166.62460905,1.92350933896,4
6908,60,True,finite_mle,1,,-165.047782287,-164.704647761,0.6862690524,4
6909,62,True,finite_mle,1,,-168.225607312,-164.269422823,7.91236897834,4
6910,62,True,finite_mle,1,,-164.682258732,-161.330452474,6.70361251553,4
6911,65,True,finite_mle,1,,-177.704875682,-177.372941774,0.663867816253,4
6912,64,True,finite_mle,1,,-176.758577399,-175.444955162,2.62724447557,4
6913,61,True,finite_mle,1,,-172.137109223,-171.64236706,0.989484326512,4
6914,59,True,finite_mle,1,,-169.008482538,-166.466444032,5.08407701165,4
6915,52,True,finite_mle,1,,-147.878476452,-146.686682574,2.3835877565,4
6916,62,True,finite_mle,1,,-169.143479407,-167.971676005,2.34360680363,4
6917,53,True,finite_mle,1,,-151.746582749,-150.223832188,3.04550112251,4
6918,53,True,finite_mle,1,,-156.745089367,-156.362804035,0.764570663347,4
6919,60,True,finite_mle,1,,-165.622491755,-163.993638517,3.25770647576,4
6920,73,True,finite_mle,1,,-190.606681657,-190.540711601,0.131940111311,4
6921,50,True,finite_mle,1,,-148.526037255,-147.036815854,2.97844280165,4
6922,63,True,finite_mle,1,,-173.428307568,-173.402381517,0.0518521022591,4
6923,70,True,finite_mle,1,,-183.851777173,-183.029195279,1.645163787,4
6924,57,True,finite_mle,1,,-162.578469721,-161.791846587,1.57324626903,4
6925,53,True,finite_mle,1,,-154.36634364,-153.192583751,2.34751977922,4
6926,50,True,finite_mle,1,,-147.59949158,-145.634973836,3.92903548665,4
6927,52,True,finite_mle,1,,-151.845525354,-150.617599432,2.45585184465,4
6928,61,True,finite_mle,1,,-169.490414424,-169.336856782,0.307115284061,4
6929,53,True,finite_mle,1,,-155.104981303,-154.687736766,0.834489074368,4
6930,51,True,finite_mle,1,,-149.424002646,-148.536800689,1.77440391415,4
6931,52,True,finite_mle,1,,-155.790810512,-154.702823766,2.17597349145,4
6932,53,True,finite_mle,1,,-156.317833643,-153.455621474,5.72442433801,4
6933,44,True,finite_mle,1,,-131.977915733,-131.343040704,1.26975005724,4
6934,62,True,finite_mle,1,,-173.132527219,-172.84201179,0.581030859338,4
6935,50,True,finite_mle,1,,-149.61443693,-149.612355656,0.00416254825421,4
6936,62,True,finite_mle,1,,-170.83613286,-167.74197329,6.18831914041,4
6937,57,True,finite_mle,1,,-164.454599471,-163.926471697,1.05625554865,4
6938,58,True,finite_mle,1,,-162.583768068,-158.020603293,9.12632954877,4
6939,51,True,finite_mle,1,,-151.432488627,-147.19331366,8.4783499336,4
6940,56,True,finite_mle,1,,-161.747375479,-161.364381741,0.76598747459,4
6941,59,True,finite_mle,1,,-163.986270313,-162.77944482,2.41365098782,4
6942,51,True,finite_mle,1,,-153.501470773,-151.724159839,3.55462186839,4
6943,56,True,finite_mle,1,,-159.857350145,-159.697897289,0.318905711952,4
6944,57,True,finite_mle,1,,-164.622804916,-164.092076794,1.06145624398,4
6945,54,True,finite_mle,1,,-159.441072362,-159.217671576,0.446801572975,4
6946,63,True,finite_mle,1,,-172.573546651,-171.419329111,2.30843507912,4
6947,52,True,finite_mle,1,,-154.371871788,-153.121436536,2.50087050369,4
6948,53,True,finite_mle,1,,-155.371862687,-155.31916125,0.105402874928,4
6949,49,True,finite_mle,1,,-148.626749144,-147.888596852,1.47630458434,4
6950,64,True,finite_mle,1,,-177.258891527,-175.281881223,3.95402060798,4
6951,52,True,finite_mle,1,,-147.739701997,-147.604942449,0.269519096828,4
6952,65,True,finite_mle,1,,-174.270313879,-172.886123758,2.76838024305,4
6953,45,True,finite_mle,1,,-140.209257033,-138.869456658,2.67960074987,4
6954,56,True,finite_mle,1,,-161.704411679,-161.502346864,0.40412963046,4
6955,48,True,finite_mle,1,,-146.658861282,-146.258167998,0.801386567696,4
6956,65,True,finite_mle,1,,-181.049848504,-179.188629195,3.72243861815,4
6957,57,True,finite_mle,1,,-162.30629064,-160.628094,3.35639327874,4
6958,54,True,finite_mle,1,,-157.058192925,-155.936088602,2.24420864606,4
6959,55,True,finite_mle,1,,-160.906618848,-159.27152304,3.27019161454,4
6960,63,True,finite_mle,1,,-176.416900808,-174.119186553,4.59542850943,4
6961,65,True,finite_mle,1,,-173.682801816,-167.729710935,11.9061817623,4
6962,60,True,finite_mle,1,,-166.443009271,-166.127948281,0.63012197966,4
6963,54,True,finite_mle,1,,-153.81681322,-153.80675732,0.0201117987289,4
6964,50,True,finite_mle,1,,-147.07431014,-146.387452195,1.3737158888,4
6965,54,True,finite_mle,1,,-157.179911874,-153.369013945,7.62179585881,4
6966,56,True,finite_mle,1,,-163.736420964,-161.807281347,3.85827923401,4
6967,55,True,finite_mle,1,,-159.672925923,-159.445039336,0.455773175167,4
6968,62,True,finite_mle,1,,-174.205932747,-174.095222544,0.221420405626,4
6969,48,True,finite_mle,1,,-144.204627335,-143.309419052,1.79041656622,4
6970,62,True,finite_mle,1,,-175.397603215,-172.8192816,5.15664322858,4
6971,62,True,finite_mle,1,,-169.846385779,-166.189509989,7.31375157943,4
6972,56,True,finite_mle,1,,-162.78204673,-159.549272758,6.46554794465,4
6973,49,True,finite_mle,1,,-147.334501496,-146.055580605,2.55784178173,4
6974,72,True,finite_mle,1,,-186.08494809,-185.847926554,0.474043071746,4
6975,57,True,finite_mle,1,,-164.044015009,-162.88052983,2.32697035791,4
6976,56,True,finite_mle,1,,-164.429701719,-164.167395959,0.524611519245,4
6977,68,True,finite_mle,1,,-185.793457399,-184.993152706,1.60060938729,4
6978,55,True,finite_mle,1,,-156.997595132,-156.157843867,1.67950253061,4
6979,63,True,finite_mle,1,,-177.196303595,-176.463627822,1.4653515453,4
6980,69,True,finite_mle,1,,-182.440408422,-180.654570044,3.5716767567,4
6981,64,True,finite_mle,1,,-175.757612506,-175.321049747,0.873125518524,4
6982,77,True,finite_mle,1,,-190.293988406,-189.11814578,2.3516852517,4
6983,52,True,finite_mle,1,,-152.445986317,-151.421001832,2.04996897007,4
6984,56,True,finite_mle,1,,-161.898597804,-161.763427428,0.270340751678,4
6985,57,True,finite_mle,1,,-166.534606095,-166.478498695,0.112214801412,4
6986,52,True,finite_mle,1,,-147.57799008,-147.452519825,0.250940510177,4
6987,54,True,finite_mle,1,,-150.34428745,-150.029150899,0.630273102195,4
6988,49,True,finite_mle,1,,-145.994024695,-145.880518703,0.227011983682,4
6989,60,True,finite_mle,1,,-164.308376801,-162.523776272,3.56920105886,4
6990,62,True,finite_mle,1,,-173.727953998,-173.345626154,0.76465568788,4
6991,64,True,finite_mle,1,,-173.28794671,-173.169449407,0.236994606272,4
6992,61,True,finite_mle,1,,-168.543376009,-167.542991373,2.00076927122,4
6993,55,True,finite_mle,1,,-159.682733982,-159.098033445,1.16940107382,4
6994,61,True,finite_mle,1,,-171.487102154,-171.022713736,0.928776834672,4
6995,53,True,finite_mle,1,,-155.88253386,-154.953876885,1.85731395086,4
6996,45,True,finite_mle,1,,-140.0431006,-138.422227751,3.24174569918,4
6997,53,True,finite_mle,1,,-151.132293949,-149.718993471,2.8266009562,4
6998,54,True,finite_mle,1,,-160.34231404,-159.729463202,1.22570167706,4
6999,57,True,finite_mle,1,,-162.731995478,-162.321766197,0.820458562167,4
7000,58,True,finite_mle,1,,-166.077929599,-164.734300233,2.68725873311,4
7001,53,True,finite_mle,1,,-153.71946476,-152.231268089,2.97639334154,4
7002,59,True,finite_mle,1,,-161.719540849,-160.327485884,2.78410993018,4
7003,53,True,finite_mle,1,,-154.85580778,-154.175816262,1.35998303606,4
7004,53,True,finite_mle,1,,-157.261458747,-156.96662338,0.589670732876,4
7005,57,True,finite_mle,1,,-163.376673903,-162.978764708,0.795818391336,4
7006,55,True,finite_mle,1,,-158.844395968,-158.578272317,0.532247301668,4
7007,43,True,finite_mle,1,,-135.941836279,-134.796159815,2.29135292862,4
7008,68,True,finite_mle,1,,-177.868049954,-175.66624777,4.40360436883,4
7009,60,True,finite_mle,1,,-168.786516061,-166.51370314,4.54562584194,4
7010,59,True,finite_mle,1,,-166.43452711,-165.142531748,2.58399072336,4
7011,68,True,finite_mle,1,,-180.150118765,-180.04983497,0.200567591061,4
7012,50,True,finite_mle,1,,-147.285788099,-146.836739489,0.898097218312,4
7013,56,True,finite_mle,1,,-160.041411815,-160.032748854,0.0173259218999,4
7014,65,True,finite_mle,1,,-170.010375654,-167.439909268,5.14093277178,4
7015,54,True,finite_mle,1,,-155.492641264,-155.349589763,0.28610300141,4
7016,55,True,finite_mle,1,,-157.353075551,-156.140928984,2.42429313305,4
7017,66,True,finite_mle,1,,-178.42272255,-177.361536366,2.12237236784,4
7018,65,True,finite_mle,1,,-178.65436371,-176.431286078,4.4461552654,4
7019,52,True,finite_mle,1,,-148.468483414,-146.315298288,4.30637025258,4
7020,50,True,finite_mle,1,,-151.959429929,-150.911512932,2.0958339927,4
7021,57,True,finite_mle,1,,-166.152429781,-163.325253998,5.65435156461,4
7022,54,True,finite_mle,1,,-159.385649934,-156.818271732,5.13475640437,4
7023,59,True,finite_mle,1,,-168.813052333,-168.293094887,1.03991489177,4
7024,54,True,finite_mle,1,,-156.364419932,-156.321154503,0.0865308578686,4
7025,50,True,finite_mle,1,,-142.165669012,-141.60127123,1.1287955635,4
7026,59,True,finite_mle,1,,-168.720163429,-168.439504412,0.561318034195,4
7027,74,True,finite_mle,1,,-190.97700089,-190.738343406,0.477314968078,4
7028,58,True,finite_mle,1,,-162.566627156,-162.415241866,0.302770579308,4
7029,59,True,finite_mle,1,,-169.133716561,-168.715644974,0.83614317296,4
7030,60,True,finite_mle,1,,-166.995153819,-165.76280816,2.46469131914,4
7031,57,True,finite_mle,1,,-165.002605841,-164.295253822,1.41470403882,4
7032,63,True,finite_mle,1,,-175.501143097,-175.058989755,0.884306683742,4
7033,70,True,finite_mle,1,,-185.952136432,-184.658294333,2.58768419878,4
7034,55,True,finite_mle,1,,-155.40121344,-154.338626057,2.12517476671,4
7035,56,True,finite_mle,1,,-161.021196815,-160.893409959,0.255573712822,4
7036,66,True,finite_mle,1,,-172.646521268,-172.017151309,1.25873991807,4
7037,60,True,finite_mle,1,,-167.983434705,-167.792685719,0.381497971618,4
7038,58,True,finite_mle,1,,-162.906606868,-161.301809724,3.20959428821,4
7039,43,True,finite_mle,1,,-137.08274525,-135.776747455,2.61199558932,4
7040,50,True,finite_mle,1,,-143.417257379,-141.395422355,4.04367004785,4
7041,47,True,finite_mle,1,,-139.970575954,-139.484348265,0.972455376828,4
7042,57,True,finite_mle,1,,-157.954451547,-156.079583072,3.74973694868,4
7043,66,True,finite_mle,1,,-172.72824996,-172.640776951,0.174946017373,4
7044,59,True,finite_mle,1,,-170.232032306,-168.505171353,3.45372190567,4
7045,59,True,finite_mle,1,,-162.519150773,-161.501540705,2.03522013713,4
7046,62,True,finite_mle,1,,-170.48260707,-169.486218162,1.99277781596,4
7047,58,True,finite_mle,1,,-164.775467258,-161.855774488,5.83938554077,4
7048,56,True,finite_mle,1,,-159.454550331,-159.342001898,0.225096867261,4
7049,63,True,finite_mle,1,,-173.052107604,-171.8032329,2.49774940794,4
7050,51,True,finite_mle,1,,-152.183264913,-149.295026833,5.77647615884,4
7051,65,True,finite_mle,1,,-179.226321594,-178.864774642,0.72309390486,4
7052,48,True,finite_mle,1,,-146.987494948,-145.721583411,2.53182307321,4
7053,59,True,finite_mle,1,,-168.12695022,-166.41859116,3.41671811958,4
7054,53,True,finite_mle,1,,-154.789882154,-153.882480003,1.81480430362,4
7055,47,True,finite_mle,1,,-146.133410584,-144.379362357,3.50809645423,4
7056,59,True,finite_mle,1,,-167.247955187,-165.893310025,2.70929032557,4
7057,61,True,finite_mle,1,,-167.749374789,-166.057660061,3.38342945701,4
7058,50,True,finite_mle,1,,-148.53352877,-147.611193346,1.84467084664,4
7059,58,True,finite_mle,1,,-166.549611814,-166.22755838,0.644106866617,4
7060,61,True,finite_mle,1,,-167.646802503,-166.982462095,1.32868081507,4
7061,61,True,finite_mle,1,,-171.19308783,-169.632813284,3.12054909158,4
7062,46,True,finite_mle,1,,-144.345711991,-143.365233705,1.96095657117,4
7063,60,True,finite_mle,1,,-167.096883735,-167.058323098,0.0771212751477,4
7064,58,True,finite_mle,1,,-164.754104922,-164.714110276,0.079989293325,4
7065,37,True,finite_mle,1,,-121.341105166,-121.194462622,0.293285086887,4
7066,62,True,finite_mle,1,,-173.93829279,-173.550512281,0.775561017894,4
7067,62,True,finite_mle,1,,-173.028204736,-170.30557272,5.44526403032,4
7068,65,True,finite_mle,1,,-172.138627365,-171.800154129,0.676946472377,4
7069,59,True,finite_mle,1,,-167.713884517,-167.547109967,0.333549098757,4
7070,61,True,finite_mle,1,,-166.716191771,-166.350381059,0.731621423185,4
7071,59,True,finite_mle,1,,-166.745899575,-166.217770508,1.0562581341,4
7072,60,True,finite_mle,1,,-170.518607364,-170.043311261,0.950592206263,4
7073,52,True,finite_mle,1,,-150.331405518,-149.596124118,1.47056279938,4
7074,60,True,finite_mle,1,,-167.693581019,-167.404837488,0.577487061252,4
7075,43,True,finite_mle,1,,-133.686812141,-131.407283458,4.55905736566,4
7076,62,True,finite_mle,1,,-172.497557637,-168.614745101,7.76562507192,4
7077,73,True,finite_mle,1,,-185.569339646,-184.707933422,1.7228124469,4
7078,55,True,finite_mle,1,,-151.797324623,-149.28414034,5.02636856675,4
7079,69,True,finite_mle,1,,-179.176900856,-177.422823733,3.5081542461,4
7080,66,True,finite_mle,1,,-174.575024723,-174.231023929,0.688001586941,4
7081,65,True,finite_mle,1,,-177.338564266,-175.886504974,2.9041185842,4
7082,56,True,finite_mle,1,,-158.810645621,-157.853532698,1.91422584704,4
7083,55,True,finite_mle,1,,-158.026209755,-154.045753568,7.96091237383,4
7084,63,True,finite_mle,1,,-172.521063156,-171.352818433,2.33648944547,4
7085,55,True,finite_mle,1,,-155.555718184,-153.17172384,4.7679886873,4
7086,63,True,finite_mle,1,,-173.252826753,-172.563391896,1.37886971395,4
7087,51,True,finite_mle,1,,-153.866240739,-153.299829204,1.13282307111,4
7088,59,True,finite_mle,1,,-168.00415906,-167.823871822,0.360574474974,4
7089,61,True,finite_mle,1,,-170.536149831,-169.472955033,2.12638959641,4
7090,46,True,finite_mle,1,,-141.188862838,-140.184922035,2.00788160582,4
7091,63,True,finite_mle,1,,-176.302249493,-175.094008687,2.41648161171,4
7092,50,True,finite_mle,1,,-150.579854201,-150.041235291,1.07723781896,4
7093,60,True,finite_mle,1,,-164.429970457,-162.289849456,4.28024200087,4
7094,54,True,finite_mle,1,,-154.147883321,-154.137119379,0.0215278846034,4
7095,60,True,finite_mle,1,,-166.946231676,-164.320985478,5.25049239726,4
7096,52,True,finite_mle,1,,-151.524820117,-149.465189894,4.11926044509,4
7097,66,True,finite_mle,1,,-171.375248674,-171.232773127,0.284951094851,4
7098,50,True,finite_mle,1,,-146.197643948,-144.213477824,3.96833224671,4
7099,47,True,finite_mle,1,,-144.454603057,-144.189533364,0.530139387385,4
7100,49,True,finite_mle,1,,-147.467668646,-147.171166152,0.593004987181,4
7101,59,True,finite_mle,1,,-163.729301915,-163.509370132,0.439863565872,4
7102,51,True,finite_mle,1,,-147.318635556,-147.297178613,0.0429138858697,4
7103,64,True,finite_mle,1,,-174.046762573,-172.400500848,3.2925234486,4
7104,61,True,finite_mle,1,,-171.48611146,-169.162402921,4.64741707848,4
7105,62,True,finite_mle,1,,-169.767973287,-168.548531065,2.4388844434,4
7106,59,True,finite_mle,1,,-167.528130248,-166.127633934,2.80099262698,4
7107,56,True,finite_mle,1,,-160.837209018,-159.224391862,3.22563431189,4
7108,66,True,finite_mle,1,,-175.196995593,-174.139851572,2.11428804194,4
7109,50,True,finite_mle,1,,-145.49300673,-143.574179074,3.83765531341,4
7110,57,True,finite_mle,1,,-164.823331736,-164.479098197,0.688467077034,4
7111,61,True,finite_mle,1,,-169.640865244,-168.463923536,2.35388341437,4
7112,52,True,finite_mle,1,,-146.300270763,-146.064773629,0.470994267943,4
7113,63,True,finite_mle,1,,-172.132505172,-171.740090164,0.784830016096,4
7114,54,True,finite_mle,1,,-158.368917941,-156.400215065,3.93740575074,4
7115,51,True,finite_mle,1,,-149.202628451,-148.902081232,0.601094437659,4
7116,52,True,finite_mle,1,,-152.947719166,-152.58325846,0.72892141088,4
7117,59,True,finite_mle,1,,-163.750910743,-162.880491587,1.74083831065,4
7118,57,True,finite_mle,1,,-164.92494597,-164.464491276,0.920909387976,4
7119,61,True,finite_mle,1,,-173.382777641,-171.250799206,4.26395687055,4
7120,57,True,finite_mle,1,,-162.938154166,-161.036457683,3.803392965,4
7121,54,True,finite_mle,1,,-157.991045191,-155.63943581,4.70321876207,4
7122,57,True,finite_mle,1,,-160.43108999,-159.351241649,2.15969668111,4
7123,61,True,finite_mle,1,,-170.445493454,-170.150024861,0.590937184681,4
7124,65,True,finite_mle,1,,-178.714284166,-178.60515691,0.218254511475,4
7125,46,True,finite_mle,1,,-141.638737614,-141.011601543,1.25427214231,4
7126,39,True,finite_mle,1,,-119.798253606,-118.704441182,2.18762484954,4
7127,64,True,finite_mle,1,,-176.989582837,-176.832839554,0.313486566237,4
7128,55,True,finite_mle,1,,-159.296199287,-158.936971409,0.718455755887,4
7129,51,True,finite_mle,1,,-153.665471637,-152.571194238,2.18855479681,4
7130,66,True,finite_mle,1,,-178.531065121,-176.782272476,3.49758528941,4
7131,56,True,finite_mle,1,,-160.861047124,-160.361157983,0.999778280314,4
7132,67,True,finite_mle,1,,-178.406773043,-176.554090776,3.7053645347,4
7133,61,True,finite_mle,1,,-171.853880986,-171.091172527,1.52541691756,4
7134,58,True,finite_mle,1,,-166.026523004,-164.487748882,3.07754824586,4
7135,59,True,finite_mle,1,,-166.796335426,-166.649035727,0.294599397513,4
7136,65,True,finite_mle,1,,-178.942975362,-178.822621846,0.240707032314,4
7137,44,True,finite_mle,1,,-139.134826439,-139.052272916,0.165107044752,4
7138,63,True,finite_mle,1,,-176.429171377,-175.841053673,1.1762354074,4
7139,61,True,finite_mle,1,,-167.227016739,-167.062730355,0.328572767619,4
7140,62,True,finite_mle,1,,-171.996829104,-171.73690068,0.51985684792,4
7141,65,True,finite_mle,1,,-177.214607996,-175.302948463,3.82331906576,4
7142,50,True,finite_mle,1,,-151.091202957,-148.948846471,4.28471297165,4
7143,61,True,finite_mle,1,,-166.33262105,-165.686255468,1.29273116378,4
7144,49,True,finite_mle,1,,-145.474597585,-145.140556495,0.668082180731,4
7145,55,True,finite_mle,1,,-161.184016662,-160.966494616,0.435044090859,4
7146,55,True,finite_mle,1,,-160.267285429,-159.873046721,0.788477416664,4
7147,66,True,finite_mle,1,,-177.198106081,-175.257913366,3.88038543107,4
7148,55,True,finite_mle,1,,-160.235783104,-159.247197223,1.9771717626,4
7149,51,True,finite_mle,1,,-150.247935098,-149.676703767,1.1424626619,4
7150,53,True,finite_mle,1,,-151.408655809,-151.371625988,0.0740596411063,4
7151,48,True,finite_mle,1,,-148.099023372,-147.861385831,0.475275081666,4
7152,56,True,finite_mle,1,,-163.75418644,-161.942715215,3.62294245032,4
7153,47,True,finite_mle,1,,-141.702797185,-139.863629448,3.67833547565,4
7154,59,True,finite_mle,1,,-165.72574493,-163.877496949,3.6964959618,4
7155,56,True,finite_mle,1,,-163.061772823,-160.815815266,4.49191511357,4
7156,54,True,finite_mle,1,,-157.392419826,-157.173133718,0.438572214611,4
7157,51,True,finite_mle,1,,-152.904127861,-151.450582761,2.90709020042,4
7158,57,True,finite_mle,1,,-165.485495068,-162.057319252,6.85635163255,4
7159,55,True,finite_mle,1,,-153.167124443,-152.737487608,0.859273670377,4
7160,53,True,finite_mle,1,,-155.337271137,-154.823784346,1.02697358171,4
7161,62,True,finite_mle,1,,-168.013583729,-167.659695424,0.707776610114,4
7162,55,True,finite_mle,1,,-162.309986593,-160.820238075,2.97949703659,4
7163,65,True,finite_mle,1,,-173.713814986,-172.986253551,1.45512287007,4
7164,68,True,finite_mle,1,,-176.262146914,-176.239994475,0.0443048776116,4
7165,64,True,finite_mle,1,,-171.767309321,-171.250032292,1.03455405841,4
7166,64,True,finite_mle,1,,-174.08948421,-173.415647385,1.34767364934,4
7167,45,True,finite_mle,1,,-139.212034599,-138.553433076,1.31720304582,4
7168,58,True,finite_mle,1,,-163.848662657,-162.579979138,2.53736703744,4
7169,56,True,finite_mle,1,,-157.284849108,-156.906142728,0.757412759842,4
7170,63,True,finite_mle,1,,-175.22872469,-173.392980585,3.67148821147,4
7171,63,True,finite_mle,1,,-165.819632099,-165.043673191,1.55191781656,4
7172,56,True,finite_mle,1,,-158.649672809,-158.078346451,1.14265271505,4
7173,66,True,finite_mle,1,,-179.297572087,-179.077300954,0.440542265255,4
7174,55,True,finite_mle,1,,-157.582530968,-156.873636985,1.41778796688,4
7175,60,True,finite_mle,1,,-163.026909867,-162.524674349,1.00447103635,4
7176,52,True,finite_mle,1,,-155.052689235,-153.626746083,2.85188630342,4
7177,55,True,finite_mle,1,,-160.450557755,-160.309592766,0.281929978157,4
7178,60,True,finite_mle,1,,-163.759090872,-162.725145135,2.06789147407,4
7179,59,True,finite_mle,1,,-165.390358098,-164.97780642,0.82510335605,4
7180,53,True,finite_mle,1,,-154.61113552,-153.506991987,2.20828706561,4
7181,61,True,finite_mle,1,,-160.723191217,-159.04324964,3.35988315353,4
7182,54,True,finite_mle,1,,-155.017218463,-153.853768122,2.32690068259,4
7183,55,True,finite_mle,1,,-158.802553451,-158.56733734,0.470432222298,4
7184,59,True,finite_mle,1,,-165.423757951,-163.808042263,3.23143137685,4
7185,55,True,finite_mle,1,,-159.28709019,-157.56101618,3.45214801888,4
7186,67,True,finite_mle,1,,-178.258043609,-177.775875436,0.96433634523,4
7187,57,True,finite_mle,1,,-160.233496811,-159.247306503,1.97238061587,4
7188,61,True,finite_mle,1,,-173.884082658,-172.238201206,3.29176290394,4
7189,57,True,finite_mle,1,,-162.710719145,-160.304978369,4.8114815516,4
7190,57,True,finite_mle,1,,-157.099678213,-155.084730146,4.02989613361,4
7191,55,True,finite_mle,1,,-160.422346897,-157.138191393,6.56831100847,4
7192,63,True,finite_mle,1,,-176.194239215,-175.1690786,2.05032123031,4
7193,63,True,finite_mle,1,,-174.359960624,-173.749713552,1.22049414325,4
7194,52,True,finite_mle,1,,-149.82743917,-145.166011737,9.3228548662,4
7195,68,True,finite_mle,1,,-182.994156014,-182.501317234,0.985677560463,4
7196,48,True,finite_mle,1,,-142.057474436,-140.811993686,2.4909615,4
7197,59,True,finite_mle,1,,-165.370624226,-162.517799342,5.70564976798,4
7198,46,True,finite_mle,1,,-141.046458896,-140.095607006,1.90170378026,4
7199,58,True,finite_mle,1,,-160.540601488,-160.539854397,0.00149418281177,4
7200,65,True,finite_mle,1,,-176.709548622,-175.103217219,3.21266280594,4
7201,55,True,finite_mle,1,,-158.172020815,-158.147606631,0.0488283684806,4
7202,68,True,finite_mle,1,,-186.408503801,-186.184936188,0.447135225772,4
7203,52,True,finite_mle,1,,-154.614173147,-153.553313181,2.12171993206,4
7204,52,True,finite_mle,1,,-155.559127446,-155.127675682,0.862903526917,4
7205,61,True,finite_mle,1,,-164.520781892,-163.330200027,2.38116373032,4
7206,60,True,finite_mle,1,,-169.156642371,-168.119430385,2.07442397141,4
7207,71,True,finite_mle,1,,-191.137519771,-189.501992487,3.27105456882,4
7208,61,True,finite_mle,1,,-171.362113299,-171.118470967,0.487284664666,4
7209,61,True,finite_mle,1,,-173.522718068,-173.430144813,0.185146509984,4
7210,64,True,finite_mle,1,,-174.456179232,-171.255114823,6.40212881811,4
7211,61,True,finite_mle,1,,-169.931955265,-167.880968912,4.10197270622,4
7212,67,True,finite_mle,1,,-178.272303768,-178.028972541,0.486662452893,4
7213,60,True,finite_mle,1,,-162.684372748,-161.213668389,2.94140871718,4
7214,53,True,finite_mle,1,,-148.637908478,-145.533518406,6.20878014402,4
7215,63,True,finite_mle,1,,-173.950023449,-173.432787915,1.03447106863,4
7216,50,True,finite_mle,1,,-149.339034992,-148.389618063,1.89883385807,4
7217,64,True,finite_mle,1,,-176.413963551,-172.280658324,8.2666104543,4
7218,63,True,finite_mle,1,,-170.248395872,-169.832830982,0.831129778844,4
7219,53,True,finite_mle,1,,-154.184606083,-153.252617552,1.86397706239,4
7220,53,True,finite_mle,1,,-157.869399593,-156.277715294,3.18336859729,4
7221,56,True,finite_mle,1,,-161.502300477,-161.445046596,0.114507763524,4
7222,61,True,finite_mle,1,,-168.258075237,-164.038066785,8.44001690442,4
7223,53,True,finite_mle,1,,-154.183297694,-153.69950248,0.967590428812,4
7224,55,True,finite_mle,1,,-161.081303645,-160.355310263,1.45198676261,4
7225,48,True,finite_mle,1,,-145.598880885,-144.51707034,2.16362108971,4
7226,62,True,finite_mle,1,,-168.190547633,-167.10933353,2.16242820604,4
7227,63,True,finite_mle,1,,-174.336271966,-173.863557181,0.945429570359,4
7228,58,True,finite_mle,1,,-160.292798566,-156.042337889,8.50092135391,4
7229,54,True,finite_mle,1,,-150.723542141,-149.078378086,3.29032811062,4
7230,52,True,finite_mle,1,,-154.350730985,-151.869936182,4.9615896058,4
7231,65,True,finite_mle,1,,-179.547664855,-178.72725554,1.64081862922,4
7232,63,True,finite_mle,1,,-171.476800468,-170.490994053,1.97161282957,4
7233,56,True,finite_mle,1,,-161.949254662,-161.735884471,0.426740381233,4
7234,63,True,finite_mle,1,,-165.548546933,-164.835671972,1.42574992213,4
7235,60,True,finite_mle,1,,-160.849262337,-160.149175076,1.400174522,4
7236,60,True,finite_mle,1,,-167.269944084,-167.225632504,0.0886231590433,4
7237,58,True,finite_mle,1,,-158.927724326,-158.308352953,1.23874274658,4
7238,62,True,finite_mle,1,,-174.909942513,-174.676958891,0.465967242993,4
7239,53,True,finite_mle,1,,-157.240502681,-156.891939676,0.697126010058,4
7240,57,True,finite_mle,1,,-163.387344803,-162.52778394,1.71912172616,4
7241,65,True,finite_mle,1,,-176.389286646,-175.059365626,2.65984203988,4
7242,60,True,finite_mle,1,,-162.733329692,-162.600051682,0.266556018871,4
7243,69,True,finite_mle,1,,-187.310560032,-187.009022971,0.603074123334,4
7244,62,True,finite_mle,1,,-174.994736742,-172.287007722,5.41545803988,4
7245,54,True,finite_mle,1,,-158.984972366,-157.903828044,2.16228864405,4
7246,63,True,finite_mle,1,,-177.278143997,-175.862987902,2.83031219076,4
7247,73,True,finite_mle,1,,-190.28259415,-190.050378745,0.464430810396,4
7248,50,True,finite_mle,1,,-150.068578691,-148.435171263,3.26681485678,4
7249,66,True,finite_mle,1,,-174.331765369,-173.21290608,2.23771857907,4
7250,50,True,finite_mle,1,,-145.500613848,-144.632919321,1.73538905404,4
7251,65,True,finite_mle,1,,-175.742739829,-175.349485237,0.786509183805,4
7252,56,True,finite_mle,1,,-160.42658904,-160.023255023,0.806668034024,4
7253,70,True,finite_mle,1,,-186.700400447,-186.156644388,1.08751211887,4
7254,59,True,finite_mle,1,,-163.975240013,-162.691522404,2.56743521848,4
7255,57,True,finite_mle,1,,-165.82796324,-165.414959689,0.826007101638,4
7256,64,True,finite_mle,1,,-171.754947392,-170.917040962,1.67581286106,4
7257,60,True,finite_mle,1,,-167.134632777,-166.730727656,0.807810241752,4
7258,55,True,finite_mle,1,,-161.74057155,-160.818740704,1.84366169196,4
7259,56,True,finite_mle,1,,-161.564451963,-161.36706937,0.394765184932,4
7260,47,True,finite_mle,1,,-143.875112608,-142.640099765,2.4700256856,4
7261,59,True,finite_mle,1,,-168.133823968,-166.576924735,3.11379846566,4
7262,54,True,finite_mle,1,,-160.178640506,-159.693985069,0.969310874565,4
7263,56,True,finite_mle,1,,-164.312505527,-162.809833482,3.00534409002,4
7264,62,True,finite_mle,1,,-170.400859509,-170.094801471,0.612116075169,4
7265,48,True,finite_mle,1,,-143.908147523,-142.886831714,2.04263161866,4
7266,58,True,finite_mle,1,,-158.311898168,-158.149692326,0.324411684155,4
7267,43,True,finite_mle,1,,-134.218589665,-133.997029068,0.443121193862,4
7268,55,True,finite_mle,1,,-159.803107268,-157.610415246,4.3853840432,4
7269,61,True,finite_mle,1,,-169.658210546,-169.053875343,1.20867040565,4
7270,63,True,finite_mle,1,,-172.373593722,-171.731201497,1.28478445003,4
7271,48,True,finite_mle,1,,-145.294424358,-142.686504031,5.21584065347,4
7272,67,True,finite_mle,1,,-178.722266796,-178.166668161,1.1111972711,4
7273,70,True,finite_mle,1,,-181.051673308,-180.268464865,1.56641688624,4
7274,56,True,finite_mle,1,,-160.285895317,-157.582179149,5.40743233582,4
7275,54,True,finite_mle,1,,-159.511444364,-159.199088139,0.62471245105,4
7276,54,True,finite_mle,1,,-153.19463718,-152.322296654,1.74468105159,4
7277,61,True,finite_mle,1,,-170.294051953,-169.550222167,1.48765957099,4
7278,58,True,finite_mle,1,,-167.569515889,-166.443276135,2.25247950745,4
7279,49,True,finite_mle,1,,-149.06413779,-148.865809441,0.39665669691,4
7280,56,True,finite_mle,1,,-161.137994399,-158.614441371,5.04710605627,4
7281,60,True,finite_mle,1,,-169.521856922,-167.420845479,4.20202288476,4
7282,51,True,finite_mle,1,,-152.566370651,-152.198656753,0.735427796902,4
7283,47,True,finite_mle,1,,-143.38021421,-142.738882771,1.28266287741,4
7284,58,True,finite_mle,1,,-158.402143525,-158.384053883,0.036179284212,4
7285,55,True,finite_mle,1,,-160.485047316,-159.469825418,2.03044379623,4
7286,60,True,finite_mle,1,,-168.508749954,-167.818847479,1.37980495019,4
7287,59,True,finite_mle,1,,-165.19741557,-161.265018484,7.86479417326,4
7288,56,True,finite_mle,1,,-158.04452515,-156.076270752,3.93650879656,4
7289,39,True,finite_mle,1,,-127.084836239,-127.057261069,0.0551503392128,4
7290,51,True,finite_mle,1,,-152.593890339,-151.981927388,1.22392590103,4
7291,57,True,finite_mle,1,,-165.325895469,-164.933174017,0.785442904926,4
7292,53,True,finite_mle,1,,-153.306005717,-151.783402337,3.04520675937,4
7293,53,True,finite_mle,1,,-153.880945264,-153.668980146,0.423930235577,4
7294,63,True,finite_mle,1,,-171.902181971,-167.153796137,9.49677166799,4
7295,51,True,finite_mle,1,,-151.800562527,-151.596377771,0.408369511431,4
7296,65,True,finite_mle,1,,-168.067813044,-166.60292546,2.92977516858,4
7297,72,True,finite_mle,1,,-186.364712112,-185.652503041,1.42441814103,4
7298,67,True,finite_mle,1,,-177.757629515,-176.894125684,1.72700766253,4
7299,62,True,finite_mle,1,,-175.196088234,-174.98527103,0.421634408229,4
7300,57,True,finite_mle,1,,-165.400949703,-165.168106366,0.465686673612,4
7301,60,True,finite_mle,1,,-163.922810903,-163.670466818,0.504688170369,4
7302,63,True,finite_mle,1,,-171.658846569,-170.198958558,2.91977602286,4
7303,59,True,finite_mle,1,,-167.980731437,-166.302390422,3.35668202935,4
7304,71,True,finite_mle,1,,-189.817537822,-187.133111569,5.36885250604,4
7305,53,True,finite_mle,1,,-154.739488828,-154.542316815,0.394344025875,4
7306,44,True,finite_mle,1,,-134.52891832,-131.887257778,5.28332108408,4
7307,50,True,finite_mle,1,,-141.333771015,-139.535679431,3.59618316808,4
7308,45,True,finite_mle,1,,-137.457509055,-136.722686877,1.46964435475,4
7309,52,True,finite_mle,1,,-149.26780497,-147.034139645,4.46733065132,4
7310,46,True,finite_mle,1,,-136.34699061,-133.25193945,6.19010231982,4
7311,43,True,finite_mle,1,,-128.645822856,-128.58296878,0.125708153599,4
7312,56,True,finite_mle,1,,-160.782778616,-160.520786422,0.52398438701,4
7313,72,True,finite_mle,1,,-190.440150035,-187.750237491,5.37982508827,4
7314,52,True,finite_mle,1,,-151.814693001,-150.604746659,2.41989268277,4
7315,49,True,finite_mle,1,,-142.957833688,-141.635787124,2.6440931295,4
7316,49,True,finite_mle,1,,-148.373918299,-144.495958502,7.75591959341,4
7317,68,True,finite_mle,1,,-184.407129282,-183.966548249,0.881162064871,4
7318,55,True,finite_mle,1,,-159.428703627,-158.535681085,1.78604508353,4
7319,55,True,finite_mle,1,,-161.331709676,-160.108895575,2.44562820306,4
7320,70,True,finite_mle,1,,-185.8220263,-185.777997346,0.0880579069302,4
7321,52,True,finite_mle,1,,-156.226059496,-154.996459932,2.4591991286,4
7322,49,True,finite_mle,1,,-147.913404727,-145.38477291,5.05726363266,4
7323,65,True,finite_mle,1,,-174.484113787,-170.950474487,7.06727860092,4
7324,63,True,finite_mle,1,,-171.790216316,-168.253254799,7.0739230347,4
7325,67,True,finite_mle,1,,-175.772072154,-174.944905945,1.6543324178,4
7326,59,True,finite_mle,1,,-167.971373426,-167.284391301,1.37396424889,4
7327,62,True,finite_mle,1,,-170.517715511,-170.091919154,0.851592712984,4
7328,57,True,finite_mle,1,,-164.133627424,-163.220892965,1.82546891873,4
7329,64,True,finite_mle,1,,-175.948699898,-175.643460335,0.610479124455,4
7330,60,True,finite_mle,1,,-162.043710728,-160.973869212,2.13968303258,4
7331,58,True,finite_mle,1,,-162.797234206,-162.431198367,0.732071676718,4
7332,58,True,finite_mle,1,,-164.819639599,-164.219824569,1.19963006021,4
7333,47,True,finite_mle,1,,-138.017055584,-136.909335532,2.21544010491,4
7334,47,True,finite_mle,1,,-145.463942708,-143.397387815,4.13310978608,4
7335,65,True,finite_mle,1,,-177.577811132,-175.93557057,3.28448112279,4
7336,59,True,finite_mle,1,,-167.541253868,-167.263718647,0.555070443406,4
7337,57,True,finite_mle,1,,-159.700730359,-158.2164554,2.96854991772,4
7338,52,True,finite_mle,1,,-155.662494707,-154.041112119,3.2427651751,4
7339,61,True,finite_mle,1,,-169.284808663,-167.945503918,2.67860949168,4
7340,49,True,finite_mle,1,,-144.217088756,-143.980375215,0.473427081379,4
7341,54,True,finite_mle,1,,-156.149026043,-155.776242125,0.74556783501,4
7342,50,True,finite_mle,1,,-149.47408649,-149.250732073,0.44670883354,4
7343,52,True,finite_mle,1,,-153.842934284,-149.896148277,7.89357201375,4
7344,58,True,finite_mle,1,,-165.704015894,-164.81198444,1.78406290683,4
7345,44,True,finite_mle,1,,-130.32609213,-128.736975261,3.17823373678,4
7346,48,True,finite_mle,1,,-144.759865199,-143.339573909,2.84058257997,4
7347,53,True,finite_mle,1,,-153.768790686,-153.051583934,1.43441350358,4
7348,64,True,finite_mle,1,,-169.790765073,-168.4995531,2.5824239467,4
7349,48,True,finite_mle,1,,-142.752920391,-142.737844373,0.0301520355938,4
7350,57,True,finite_mle,1,,-165.736777865,-165.138740024,1.19607568119,4
7351,62,True,finite_mle,1,,-171.489259243,-170.982299107,1.0139202721,4
7352,52,True,finite_mle,1,,-150.636542574,-150.34627822,0.580528707389,4
7353,57,True,finite_mle,1,,-163.660469683,-162.118996005,3.08294735555,4
7354,56,True,finite_mle,1,,-161.343496563,-160.591984237,1.50302465151,4
7355,45,True,finite_mle,1,,-140.642010219,-140.220033533,0.843953370481,4
7356,44,True,finite_mle,1,,-137.900109971,-137.549201253,0.701817436084,4
7357,63,True,finite_mle,1,,-174.555755009,-171.376845084,6.35781985077,4
7358,64,True,finite_mle,1,,-179.280811281,-178.961846573,0.63792941569,4
7359,49,True,finite_mle,1,,-148.540244984,-147.990514686,1.0994605964,4
7360,60,True,finite_mle,1,,-165.653560846,-165.5965009,0.114119890883,4
7361,57,True,finite_mle,1,,-161.51139608,-159.782942932,3.45690629547,4
7362,67,True,finite_mle,1,,-172.420813389,-169.031918847,6.777789085,4
7363,63,True,finite_mle,1,,-172.893103931,-172.735376028,0.315455806266,4
7364,63,True,finite_mle,1,,-173.196351941,-173.184508272,0.0236873384479,4
7365,63,True,finite_mle,1,,-175.107216068,-173.490734733,3.23296267142,4
7366,68,True,finite_mle,1,,-182.761345536,-181.990647857,1.54139535809,4
7367,51,True,finite_mle,1,,-149.163709425,-147.277515445,3.77238796068,4
7368,52,True,finite_mle,1,,-153.865949256,-153.850997796,0.0299029196863,4
7369,56,True,finite_mle,1,,-161.770486721,-161.521475511,0.498022420258,4
7370,61,True,finite_mle,1,,-170.138008928,-169.312968643,1.65008057126,4
7371,57,True,finite_mle,1,,-162.197262591,-161.51464014,1.3652449009,4
7372,58,True,finite_mle,1,,-167.795720509,-166.933746273,1.72394847216,4
7373,63,True,finite_mle,1,,-176.822819936,-176.751170338,0.143299195335,4
7374,51,True,finite_mle,1,,-152.920281099,-152.151391029,1.53778013978,4
7375,57,True,finite_mle,1,,-162.710658053,-162.576552413,0.268211280063,4
7376,60,True,finite_mle,1,,-167.459459242,-165.644797884,3.62932271482,4
7377,62,True,finite_mle,1,,-172.522153156,-171.869290022,1.30572626678,4
7378,60,True,finite_mle,1,,-167.430948251,-165.556367676,3.74916114923,4
7379,50,True,finite_mle,1,,-147.538244387,-147.413586696,0.249315382438,4
7380,54,True,finite_mle,1,,-156.569938425,-156.480056653,0.179763545644,4
7381,55,True,finite_mle,1,,-161.287380329,-161.020731114,0.533298430016,4
7382,53,True,finite_mle,1,,-156.692455818,-156.490952385,0.403006865,4
7383,62,True,finite_mle,1,,-171.749353343,-167.386115837,8.72647501298,4
7384,64,True,finite_mle,1,,-175.637431118,-169.573620169,12.1276218981,4
7385,56,True,finite_mle,1,,-157.136134257,-156.787476254,0.69731600642,4
7386,66,True,finite_mle,1,,-171.970201888,-170.871342764,2.19771824874,4
7387,51,True,finite_mle,1,,-152.575718512,-152.31690944,0.517618143557,4
7388,59,True,finite_mle,1,,-163.155413172,-162.719268579,0.87228918492,4
7389,57,True,finite_mle,1,,-162.403879659,-160.603884758,3.59998980292,4
7390,67,True,finite_mle,1,,-179.86025321,-175.9305799,7.85934661882,4
7391,56,True,finite_mle,1,,-160.0910625,-160.058820303,0.0644843944136,4
7392,43,True,finite_mle,1,,-134.887357969,-134.813419055,0.147877827622,4
7393,52,True,finite_mle,1,,-149.451950092,-149.058367849,0.787164485456,4
7394,56,True,finite_mle,1,,-156.868063134,-156.586757847,0.562610573976,4
7395,60,True,finite_mle,1,,-169.244344075,-166.261967605,5.96475294023,4
7396,54,True,finite_mle,1,,-156.700460605,-155.788446576,1.82402805789,4
7397,60,True,finite_mle,1,,-168.72152652,-168.428184163,0.586684713803,4
7398,60,True,finite_mle,1,,-168.541616871,-167.108025285,2.86718317044,4
7399,50,True,finite_mle,1,,-149.876057878,-149.371818176,1.00847940445,4
7400,49,True,finite_mle,1,,-147.845601087,-146.349411676,2.99237882219,4
7401,65,True,finite_mle,1,,-180.25454221,-179.797017486,0.915049446928,4
7402,45,True,finite_mle,1,,-136.541995387,-135.490069977,2.10385082019,4
7403,63,True,finite_mle,1,,-172.609492129,-170.822503424,3.57397741028,4
7404,56,True,finite_mle,1,,-161.935054289,-159.835129293,4.19984999094,4
7405,47,True,finite_mle,1,,-142.961963847,-142.66652816,0.590871374387,4
7406,69,True,finite_mle,1,,-183.466862662,-181.450411911,4.03290150317,4
7407,57,True,finite_mle,1,,-162.241063855,-159.187989426,6.10614885667,4
7408,53,True,finite_mle,1,,-155.735269835,-154.116467052,3.23760556514,4
7409,64,True,finite_mle,1,,-174.367974083,-172.970822556,2.79430305286,4
7410,55,True,finite_mle,1,,-161.514749932,-161.460360737,0.108778388786,4
7411,56,True,finite_mle,1,,-150.5636116,-149.771406988,1.58440922502,4
7412,61,True,finite_mle,1,,-167.880558077,-167.187186533,1.38674308812,4
7413,58,True,finite_mle,1,,-164.127427767,-164.059874204,0.135107125814,4
7414,49,True,finite_mle,1,,-143.92524516,-142.104808101,3.64087411932,4
7415,54,True,finite_mle,1,,-158.6714196,-158.334555718,0.673727763742,4
7416,63,True,finite_mle,1,,-173.961383612,-173.715556419,0.491654387181,4
7417,55,True,finite_mle,1,,-158.625627964,-155.987849839,5.27555625005,4
7418,53,True,finite_mle,1,,-156.081342024,-154.313202632,3.53627878492,4
7419,62,True,finite_mle,1,,-169.196010613,-169.136941203,0.118138821318,4
7420,65,True,finite_mle,1,,-180.681775774,-179.832387367,1.69877681484,4
7421,64,True,finite_mle,1,,-178.618975183,-177.336600356,2.56474965404,4
7422,48,True,finite_mle,1,,-145.599436013,-145.014852737,1.16916655215,4
7423,63,True,finite_mle,1,,-168.665518626,-168.660592287,0.00985267761638,4
7424,50,True,finite_mle,1,,-150.569931886,-148.445744839,4.24837409478,4
7425,56,True,finite_mle,1,,-153.738698141,-151.91217688,3.65304252273,4
7426,69,True,finite_mle,1,,-182.211150594,-180.642404765,3.13749165654,4
7427,56,True,finite_mle,1,,-161.814016602,-161.210981747,1.20606970989,4
7428,52,True,finite_mle,1,,-149.42456583,-146.300886863,6.2473579343,4
7429,58,True,finite_mle,1,,-160.135310371,-158.824593405,2.62143393217,4
7430,62,True,finite_mle,1,,-174.236812633,-171.207323958,6.0589773497,4
7431,64,True,finite_mle,1,,-176.104194661,-175.156523468,1.89534238617,4
7432,49,True,finite_mle,1,,-144.45549628,-144.387123116,0.13674632803,4
7433,66,True,finite_mle,1,,-178.748684836,-176.936027842,3.62531398856,4
7434,61,True,finite_mle,1,,-172.199923624,-171.370460951,1.65892534694,4
7435,58,True,finite_mle,1,,-158.185428214,-158.066478163,0.237900101633,4
7436,74,True,finite_mle,1,,-188.188049138,-186.398136835,3.57982460494,4
7437,54,True,finite_mle,1,,-154.324046027,-152.615301842,3.41748837161,4
7438,63,True,finite_mle,1,,-170.971602363,-170.914806507,0.113591711819,4
7439,59,True,finite_mle,1,,-164.13177848,-162.947815168,2.36792662269,4
7440,69,True,finite_mle,1,,-186.704398665,-184.164463932,5.07986946574,4
7441,60,True,finite_mle,1,,-169.641233211,-167.702159508,3.87814740755,4
7442,62,True,finite_mle,1,,-170.97661157,-170.13535947,1.68250420027,4
7443,52,True,finite_mle,1,,-155.010626218,-152.588994668,4.8432630995,4
7444,55,True,finite_mle,1,,-161.856303271,-160.641774435,2.42905767305,4
7445,57,True,finite_mle,1,,-160.097174222,-155.560093385,9.07416167249,4
7446,56,True,finite_mle,1,,-158.109063488,-157.17234204,1.87344289517,4
7447,65,True,finite_mle,1,,-170.557135543,-169.627575449,1.85912018643,4
7448,61,True,finite_mle,1,,-167.274146455,-165.118371571,4.31154976767,4
7449,64,True,finite_mle,1,,-175.059179959,-173.462636847,3.19308622514,4
7450,61,True,finite_mle,1,,-167.24044941,-164.034195953,6.41250691281,4
7451,55,True,finite_mle,1,,-159.781493359,-158.76148535,2.04001601797,4
7452,52,True,finite_mle,1,,-154.409089522,-154.235045352,0.348088339998,4
7453,63,True,finite_mle,1,,-169.419161575,-168.928541309,0.981240531379,4
7454,66,True,finite_mle,1,,-181.624088506,-180.950755187,1.34666663795,4
7455,58,True,finite_mle,1,,-165.554948222,-164.974551056,1.16079433045,4
7456,61,True,finite_mle,1,,-167.255806954,-167.21123023,0.089153447557,4
7457,46,True,finite_mle,1,,-142.727092905,-142.642006126,0.170173557415,4
7458,52,True,finite_mle,1,,-147.960818301,-147.861593851,0.19844890077,4
7459,57,True,finite_mle,1,,-160.118760226,-157.778617244,4.6802859655,4
7460,47,True,finite_mle,1,,-143.396426273,-142.259315569,2.27422140711,4
7461,59,True,finite_mle,1,,-168.071241999,-167.407362081,1.32775983566,4
7462,48,True,finite_mle,1,,-143.776747981,-143.766946428,0.0196031062623,4
7463,59,True,finite_mle,1,,-169.11504474,-168.564693659,1.10070216154,4
7464,61,True,finite_mle,1,,-169.579594027,-169.459043703,0.241100647899,4
7465,56,True,finite_mle,1,,-160.502582266,-159.464986099,2.07519233516,4
7466,55,True,finite_mle,1,,-156.931964508,-156.854181096,0.15556682353,4
7467,51,True,finite_mle,1,,-153.852147734,-152.890771189,1.92275309033,4
7468,54,True,finite_mle,1,,-155.761679415,-155.401656714,0.72004540098,4
7469,53,True,finite_mle,1,,-157.895451942,-157.362331557,1.06624077109,4
7470,56,True,finite_mle,1,,-156.972643254,-155.95769261,2.02990128842,4
7471,58,True,finite_mle,1,,-163.379562169,-162.613850229,1.53142388032,4
7472,46,True,finite_mle,1,,-143.632315586,-141.698977068,3.86667703794,4
7473,54,True,finite_mle,1,,-159.396072242,-159.238717652,0.314709178403,4
7474,52,True,finite_mle,1,,-154.007988969,-153.255796273,1.50438539252,4
7475,52,True,finite_mle,1,,-153.569235003,-152.835373255,1.46772349552,4
7476,50,True,finite_mle,1,,-150.12271021,-148.260718754,3.7239829121,4
7477,56,True,finite_mle,1,,-162.047175255,-161.217816632,1.65871724574,4
7478,53,True,finite_mle,1,,-151.10255653,-147.991195388,6.22272228497,4
7479,58,True,finite_mle,1,,-166.267184788,-165.650114857,1.23413986109,4
7480,58,True,finite_mle,1,,-163.879944857,-162.908166243,1.94355722884,4
7481,54,True,finite_mle,1,,-154.877232684,-154.848768933,0.0569275027012,4
7482,54,True,finite_mle,1,,-157.261686347,-155.937368939,2.64863481562,4
7483,51,True,finite_mle,1,,-151.823308074,-151.780348613,0.0859189223643,4
7484,52,True,finite_mle,1,,-154.45885589,-154.358568174,0.20057543291,4
7485,60,True,finite_mle,1,,-167.003872107,-166.510542976,0.986658262715,4
7486,60,True,finite_mle,1,,-164.946496971,-164.810086699,0.272820543966,4
7487,57,True,finite_mle,1,,-158.597818189,-158.428138757,0.339358862915,4
7488,56,True,finite_mle,1,,-161.810157487,-159.769861434,4.08059210479,4
7489,49,True,finite_mle,1,,-143.703789266,-139.328763965,8.75005060137,4
7490,56,True,finite_mle,1,,-159.549215224,-158.340311364,2.41780771983,4
7491,63,True,finite_mle,1,,-176.041195657,-175.894304099,0.293783115053,4
7492,58,True,finite_mle,1,,-160.524969496,-160.505127237,0.0396845168856,4
7493,56,True,finite_mle,1,,-160.825409616,-160.706812028,0.237195175472,4
7494,43,True,finite_mle,1,,-133.673241471,-132.792310336,1.76186227028,4
7495,57,True,finite_mle,1,,-163.120793219,-162.811350628,0.618885181236,4
7496,57,True,finite_mle,1,,-158.739293004,-157.140724745,3.19713651829,4
7497,61,True,finite_mle,1,,-168.509451999,-167.591159778,1.83658444335,4
7498,60,True,finite_mle,1,,-164.643914372,-161.942709933,5.40240887908,4
7499,57,True,finite_mle,1,,-163.833931572,-163.566691953,0.534479237018,4
7500,74,True,finite_mle,1,,-193.982126268,-193.526180889,0.911890757693,4
7501,53,True,finite_mle,1,,-157.747203877,-157.698956729,0.0964942965638,4
7502,60,True,finite_mle,1,,-162.710193077,-161.090772008,3.23884213774,4
7503,61,True,finite_mle,1,,-170.248147178,-169.798883339,0.898527679554,4
7504,60,True,finite_mle,1,,-170.927948849,-170.329180076,1.19753754557,4
7505,51,True,finite_mle,1,,-153.171703997,-151.452050647,3.43930670008,4
7506,65,True,finite_mle,1,,-168.961191927,-168.643987714,0.634408425905,4
7507,56,True,finite_mle,1,,-156.875779221,-156.721366414,0.308825614232,4
7508,55,True,finite_mle,1,,-158.658773053,-155.582514709,6.15251668943,4
7509,62,True,finite_mle,1,,-164.96068874,-164.776703526,0.367970427853,4
7510,57,True,finite_mle,1,,-163.575220863,-162.210364713,2.72971229881,4
7511,59,True,finite_mle,1,,-167.182615283,-166.715121123,0.934988319242,4
7512,53,True,finite_mle,1,,-148.323900632,-146.441996325,3.76380861219,4
7513,44,True,finite_mle,1,,-139.968398507,-139.661446915,0.613903183504,4
7514,54,True,finite_mle,1,,-156.992379082,-156.610120169,0.764517826302,4
7515,59,True,finite_mle,1,,-165.725361399,-165.656954876,0.136813047512,4
7516,57,True,finite_mle,1,,-159.227698653,-155.177035621,8.10132606437,4
7517,57,True,finite_mle,1,,-163.98362994,-161.600635851,4.76598817732,4
7518,63,True,finite_mle,1,,-173.54313111,-172.676621217,1.73301978512,4
7519,56,True,finite_mle,1,,-163.878020858,-162.375697536,3.00464664433,4
7520,64,True,finite_mle,1,,-177.335993215,-176.938382552,0.795221326719,4
7521,61,True,finite_mle,1,,-167.030470435,-166.751292154,0.558356561328,4
7522,57,True,finite_mle,1,,-164.371963048,-163.643157902,1.45761029125,4
7523,51,True,finite_mle,1,,-150.198236705,-150.068809524,0.258854362296,4
7524,54,True,finite_mle,1,,-158.154068461,-157.791261171,0.725614578169,4
7525,54,True,finite_mle,1,,-159.654823538,-155.207355134,8.89493680765,4
7526,58,True,finite_mle,1,,-162.99506031,-162.749979933,0.490160755135,4
7527,55,True,finite_mle,1,,-158.848721171,-158.348087567,1.00126720895,4
7528,55,True,finite_mle,1,,-158.334001548,-155.092591332,6.48282043134,4
7529,57,True,finite_mle,1,,-157.619895829,-157.01125554,1.21728057797,4
7530,52,True,finite_mle,1,,-152.86748453,-152.486721407,0.761526246329,4
7531,65,True,finite_mle,1,,-176.285716962,-175.548381276,1.47467137301,4
7532,46,True,finite_mle,1,,-142.605130965,-141.44100802,2.32824589156,4
7533,66,True,finite_mle,1,,-180.550890634,-180.417864946,0.266051374819,4
7534,50,True,finite_mle,1,,-148.03374066,-147.673373178,0.720734962857,4
7535,49,True,finite_mle,1,,-144.03477475,-143.648224633,0.773100233414,4
7536,56,True,finite_mle,1,,-159.062942677,-157.871644191,2.38259697353,4
7537,44,True,finite_mle,1,,-135.417116069,-135.333138826,0.167954487626,4
7538,63,True,finite_mle,1,,-166.372680192,-164.72996892,3.28542254534,4
7539,49,True,finite_mle,1,,-144.768415619,-144.644340144,0.248150949538,4
7540,64,True,finite_mle,1,,-170.49140947,-170.477323823,0.0281712945805,4
7541,52,True,finite_mle,1,,-152.79771615,-151.997808047,1.59981620497,4
7542,57,True,finite_mle,1,,-161.091063513,-160.395210447,1.39170613306,4
7543,60,True,finite_mle,1,,-168.327896544,-168.200843425,0.254106237701,4
7544,62,True,finite_mle,1,,-169.815312911,-168.929891905,1.77084201182,4
7545,56,True,finite_mle,1,,-162.172693618,-161.048364051,2.24865913485,4
7546,59,True,finite_mle,1,,-170.388352933,-170.363436753,0.0498323593825,4
7547,64,True,finite_mle,1,,-176.43513069,-175.323571795,2.22311779011,4
7548,49,True,finite_mle,1,,-142.283374099,-141.277045682,2.01265683368,4
7549,63,True,finite_mle,1,,-177.212833783,-175.529761717,3.36614413141,4
7550,60,True,finite_mle,1,,-169.320246629,-168.883801407,0.872890442849,4
7551,59,True,finite_mle,1,,-166.389066163,-165.24234631,2.29343970448,4
7552,59,True,finite_mle,1,,-168.855570676,-168.317783628,1.07557409553,4
7553,70,True,finite_mle,1,,-184.701494439,-184.268993699,0.865001479025,4
7554,49,True,finite_mle,1,,-146.56966911,-146.523188775,0.0929606681791,4
7555,60,True,finite_mle,1,,-165.061117079,-163.617387095,2.88745996784,4
7556,74,True,finite_mle,1,,-191.640961463,-191.358080558,0.565761809918,4
7557,51,True,finite_mle,1,,-150.926527011,-149.021407582,3.81023885886,4
7558,65,True,finite_mle,1,,-181.359956002,-181.23405409,0.251803823366,4
7559,50,True,finite_mle,1,,-152.406893226,-149.399169138,6.01544817679,4
7560,53,True,finite_mle,1,,-154.305312036,-154.105827098,0.398969875259,4
7561,56,True,finite_mle,1,,-162.679862472,-161.68512562,1.98947370397,4
7562,53,True,finite_mle,1,,-152.715561826,-151.233758522,2.96360660693,4
7563,53,True,finite_mle,1,,-154.787896619,-154.087921093,1.39995105272,4
7564,60,True,finite_mle,1,,-169.012343012,-167.818736926,2.38721217287,4
7565,68,True,finite_mle,1,,-177.137527032,-176.343011338,1.58903138829,4
7566,59,True,finite_mle,1,,-168.269049091,-166.914433219,2.70923174479,4
7567,57,True,finite_mle,1,,-163.738762703,-163.499172727,0.479179953775,4
7568,62,True,finite_mle,1,,-170.718991668,-168.374988114,4.68800710866,4
7569,61,True,finite_mle,1,,-171.116586073,-170.658320259,0.916531629374,4
7570,49,True,finite_mle,1,,-149.329058635,-148.646119303,1.36587866427,4
7571,57,True,finite_mle,1,,-159.994060901,-159.773725299,0.440671204217,4
7572,63,True,finite_mle,1,,-172.061796534,-171.704886563,0.713819942549,4
7573,51,True,finite_mle,1,,-153.311919266,-153.225623346,0.172591839172,4
7574,60,True,finite_mle,1,,-163.628789414,-162.552284253,2.15301032263,4
7575,72,True,finite_mle,1,,-186.557886305,-184.846198082,3.42337644618,4
7576,69,True,finite_mle,1,,-178.422582013,-177.499997505,1.845169016,4
7577,47,True,finite_mle,1,,-143.505466947,-141.932884857,3.14516417974,4
7578,66,True,finite_mle,1,,-175.071938913,-174.859554362,0.424769102195,4
7579,62,True,finite_mle,1,,-172.557799547,-172.027146782,1.06130552849,4
7580,46,True,finite_mle,1,,-140.519872435,-140.22274475,0.594255369105,4
7581,61,True,finite_mle,1,,-172.41415846,-170.857497841,3.11332123929,4
7582,52,True,finite_mle,1,,-154.763945858,-152.983266698,3.56135831975,4
7583,56,True,finite_mle,1,,-159.946811502,-158.923588378,2.04644624754,4
7584,63,True,finite_mle,1,,-174.654535128,-174.212803513,0.883463230337,4
7585,61,True,finite_mle,1,,-172.622291585,-171.367482354,2.50961846172,4
7586,52,True,finite_mle,1,,-150.022457474,-148.965545562,2.11382382354,4
7587,62,True,finite_mle,1,,-170.905808333,-169.108161737,3.59529319149,4
7588,57,True,finite_mle,1,,-158.208259599,-158.100667965,0.215183269106,4
7589,56,True,finite_mle,1,,-160.153489275,-158.841271913,2.62443472288,4
7590,58,True,finite_mle,1,,-166.295313727,-165.954308858,0.682009737874,4
7591,58,True,finite_mle,1,,-167.444994292,-165.623425853,3.6431368781,4
7592,51,True,finite_mle,1,,-153.205845458,-153.159895834,0.091899249754,4
7593,62,True,finite_mle,1,,-172.992962547,-172.185155203,1.61561468821,4
7594,68,True,finite_mle,1,,-181.442780427,-180.521960859,1.84163913466,4
7595,59,True,finite_mle,1,,-169.120557592,-168.209463108,1.8221889697,4
7596,63,True,finite_mle,1,,-174.497066685,-173.805672251,1.38278886856,4
7597,50,True,finite_mle,1,,-149.067056872,-149.035346237,0.0634212707914,4
7598,62,True,finite_mle,1,,-174.072524605,-173.708436689,0.72817583225,4
7599,59,True,finite_mle,1,,-165.114724885,-164.154169879,1.92111001164,4
7600,62,True,finite_mle,1,,-172.826762009,-172.751945797,0.149632423008,4
7601,59,True,finite_mle,1,,-168.671236676,-168.228622516,0.885228320841,4
7602,45,True,finite_mle,1,,-135.923222567,-133.530480869,4.78548339669,4
7603,56,True,finite_mle,1,,-159.261302192,-158.970369529,0.581865325689,4
7604,55,True,finite_mle,1,,-158.309676026,-156.724349128,3.17065379462,4
7605,67,True,finite_mle,1,,-178.214334781,-177.878363387,0.671942789708,4
7606,57,True,finite_mle,1,,-156.041553641,-155.434533521,1.21404023884,4
7607,60,True,finite_mle,1,,-170.229969988,-169.450913766,1.55811244357,4
7608,48,True,finite_mle,1,,-145.041214262,-144.108744426,1.86493967228,4
7609,41,True,finite_mle,1,,-131.24422427,-130.563711123,1.36102629255,4
7610,53,True,finite_mle,1,,-151.927453032,-151.894876306,0.0651534519527,4
7611,54,True,finite_mle,1,,-157.391689509,-157.338961353,0.105456313184,4
7612,55,True,finite_mle,1,,-154.4714251,-153.160080748,2.62268870261,4
7613,61,True,finite_mle,1,,-169.407347112,-168.860850815,1.09299259395,4
7614,59,True,finite_mle,1,,-156.460414128,-156.176226777,0.568374702374,4
7615,48,True,finite_mle,1,,-147.305929622,-143.965976294,6.6799066566,4
7616,65,True,finite_mle,1,,-174.049798059,-173.683503484,0.73258914824,4
7617,57,True,finite_mle,1,,-159.609939387,-158.165551624,2.88877552612,4
7618,65,True,finite_mle,1,,-176.023043761,-175.447959117,1.15016928807,4
7619,59,True,finite_mle,1,,-169.272750571,-169.133102667,0.279295807133,4
7620,48,True,finite_mle,1,,-147.473755416,-143.688219019,7.57107279375,4
7621,53,True,finite_mle,1,,-157.761711995,-156.861959001,1.79950598868,4
7622,66,True,finite_mle,1,,-181.995275255,-181.957864676,0.0748211578898,4
7623,63,True,finite_mle,1,,-171.916716867,-171.042958953,1.74751582734,4
7624,52,True,finite_mle,1,,-149.950440919,-149.205250598,1.4903806422,4
7625,56,True,finite_mle,1,,-162.011211242,-159.476096626,5.07022923358,4
7626,63,True,finite_mle,1,,-166.443370673,-166.01371831,0.859304724978,4
7627,62,True,finite_mle,1,,-171.422712953,-170.842212181,1.16100154374,4
7628,44,True,finite_mle,1,,-135.263961238,-135.229766746,0.0683889836631,4
7629,67,True,finite_mle,1,,-178.735533686,-178.50534559,0.460376191679,4
7630,58,True,finite_mle,1,,-163.325230516,-163.19775846,0.254944112178,4
7631,54,True,finite_mle,1,,-156.986022025,-156.975236936,0.0215701770911,4
7632,77,True,finite_mle,1,,-199.331623593,-198.387859436,1.88752831386,4
7633,69,True,finite_mle,1,,-185.274702128,-183.965167816,2.61906862419,4
7634,53,True,finite_mle,1,,-146.561417027,-145.725981555,1.67087094312,4
7635,54,True,finite_mle,1,,-154.950760712,-152.984969352,3.93158271822,4
7636,45,True,finite_mle,1,,-137.835530974,-137.123386641,1.42428866609,4
7637,59,True,finite_mle,1,,-168.666498259,-168.051289924,1.2304166708,4
7638,54,True,finite_mle,1,,-157.239045257,-153.110924967,8.25624057918,4
7639,69,True,finite_mle,1,,-185.586907065,-184.564361994,2.04509014195,4
7640,53,True,finite_mle,1,,-155.162308676,-152.700184069,4.92424921385,4
7641,50,True,finite_mle,1,,-150.720351685,-150.195181474,1.05034042134,4
7642,59,True,finite_mle,1,,-161.143549749,-160.427925384,1.43124873054,4
7643,58,True,finite_mle,1,,-163.833080717,-163.440446053,0.785269328068,4
7644,58,True,finite_mle,1,,-161.760531367,-159.02197577,5.47711119377,4
7645,56,True,finite_mle,1,,-159.186717718,-158.987264406,0.398906623586,4
7646,58,True,finite_mle,1,,-162.810485126,-161.612054161,2.39686193027,4
7647,49,True,finite_mle,1,,-145.884640616,-143.896799974,3.97568128315,4
7648,58,True,finite_mle,1,,-162.349042688,-161.592205633,1.5136741093,4
7649,67,True,finite_mle,1,,-180.732360095,-178.956232458,3.55225527384,4
7650,47,True,finite_mle,1,,-143.624109452,-142.676246426,1.89572605168,4
7651,62,True,finite_mle,1,,-169.632882201,-169.560078111,0.145608179401,4
7652,54,True,finite_mle,1,,-150.806464528,-150.665703002,0.281523051561,4
7653,64,True,finite_mle,1,,-178.033130601,-177.66958467,0.727091860924,4
7654,58,True,finite_mle,1,,-161.616865296,-161.284754295,0.664222002718,4
7655,60,True,finite_mle,1,,-165.067145453,-163.110171609,3.91394768707,4
7656,57,True,finite_mle,1,,-162.23880153,-160.301785482,3.87403209548,4
7657,60,True,finite_mle,1,,-164.752506018,-161.540227245,6.42455754595,4
7658,65,True,finite_mle,1,,-172.711723843,-170.562106816,4.29923405403,4
7659,60,True,finite_mle,1,,-167.016880555,-165.640708449,2.75234421275,4
7660,60,True,finite_mle,1,,-170.676611422,-169.975957837,1.40130716961,4
7661,54,True,finite_mle,1,,-158.670967476,-158.265597466,0.810740019538,4
7662,46,True,finite_mle,1,,-139.892140387,-139.380064126,1.02415252098,4
7663,50,True,finite_mle,1,,-146.345299649,-145.863689359,0.963220579112,4
7664,55,True,finite_mle,1,,-159.933225876,-154.676379883,10.5136919856,4
7665,47,True,finite_mle,1,,-145.935784259,-145.297576451,1.27641561666,4
7666,58,True,finite_mle,1,,-166.396174907,-166.327491055,0.137367703941,4
7667,52,True,finite_mle,1,,-155.704815866,-154.929593463,1.55044480702,4
7668,56,True,finite_mle,1,,-157.644929315,-157.524616434,0.240625760777,4
7669,65,True,finite_mle,1,,-176.037073956,-176.025562819,0.0230222723016,4
7670,52,True,finite_mle,1,,-153.76595039,-153.489041926,0.553816928338,4
7671,55,True,finite_mle,1,,-156.108278588,-151.337530148,9.54149687966,4
7672,55,True,finite_mle,1,,-160.432735676,-159.102990009,2.65949133483,4
7673,74,True,finite_mle,1,,-193.021143495,-191.766249673,2.50978764454,4
7674,47,True,finite_mle,1,,-140.92431974,-140.885023057,0.0785933665513,4
7675,57,True,finite_mle,1,,-165.498054399,-163.560635279,3.87483823941,4
7676,64,True,finite_mle,1,,-175.414518596,-172.748182313,5.33267256681,4
7677,53,True,finite_mle,1,,-151.845071051,-151.714637805,0.260866492429,4
7678,66,True,finite_mle,1,,-176.686856615,-175.650765374,2.07218248265,4
7679,50,True,finite_mle,1,,-147.50000602,-146.887814868,1.22438230324,4
7680,56,True,finite_mle,1,,-163.737393632,-162.149828545,3.17513017366,4
7681,59,True,finite_mle,1,,-164.923806281,-164.409242139,1.02912828267,4
7682,45,True,finite_mle,1,,-137.781044413,-137.637889598,0.286309630285,4
7683,49,True,finite_mle,1,,-147.168250766,-145.71993578,2.89662997217,4
7684,62,True,finite_mle,1,,-172.485745327,-170.221245146,4.52900036266,4
7685,53,True,finite_mle,1,,-155.879616419,-154.41207188,2.93508907732,4
7686,57,True,finite_mle,1,,-165.507163297,-162.598412069,5.81750245535,4
7687,51,True,finite_mle,1,,-147.417922401,-145.140006001,4.5558328012,4
7688,56,True,finite_mle,1,,-160.266328883,-159.794485224,0.94368731925,4
7689,60,True,finite_mle,1,,-167.017621971,-166.299976039,1.43529186353,4
7690,54,True,finite_mle,1,,-156.0745782,-155.280931603,1.58729319532,4
7691,55,True,finite_mle,1,,-159.929471164,-159.555855565,0.747231197447,4
7692,51,True,finite_mle,1,,-149.831611796,-148.35954942,2.94412475306,4
7693,61,True,finite_mle,1,,-173.095911602,-172.265176258,1.66147068811,4
7694,52,True,finite_mle,1,,-153.545341445,-153.392810842,0.305061204868,4
7695,54,True,finite_mle,1,,-153.129280607,-152.726484291,0.80559263251,4
7696,52,True,finite_mle,1,,-154.284367744,-151.992756738,4.58322201283,4
7697,60,True,finite_mle,1,,-171.305300587,-169.841686883,2.92722740874,4
7698,51,True,finite_mle,1,,-153.091245604,-149.507967824,7.16655555936,4
7699,53,True,finite_mle,1,,-154.692988625,-153.706697137,1.9725829762,4
7700,58,True,finite_mle,1,,-164.53249226,-164.402072163,0.260840193175,4
7701,58,True,finite_mle,1,,-166.113124774,-166.084042377,0.058164793937,4
7702,62,True,finite_mle,1,,-172.171845991,-171.434727771,1.47423643999,4
7703,58,True,finite_mle,1,,-163.407238319,-163.034833066,0.744810506019,4
7704,47,True,finite_mle,1,,-145.439583831,-145.345529241,0.188109180046,4
7705,60,True,finite_mle,1,,-171.687016807,-170.824258551,1.72551651369,4
7706,64,True,finite_mle,1,,-177.83633591,-177.007253444,1.65816493315,4
7707,61,True,finite_mle,1,,-166.637089969,-165.481313505,2.31155292874,4
7708,52,True,finite_mle,1,,-148.858433514,-148.621757085,0.473352858184,4
7709,41,True,finite_mle,1,,-133.572709176,-131.703419143,3.73858006596,4
7710,46,True,finite_mle,1,,-141.134183302,-139.789124641,2.69011732181,4
7711,44,True,finite_mle,1,,-134.229448065,-133.561134894,1.33662634199,4
7712,58,True,finite_mle,1,,-161.62596886,-160.159127962,2.93368179503,4
7713,69,True,finite_mle,1,,-176.447413622,-174.563080139,3.76866696552,4
7714,48,True,finite_mle,1,,-143.944143459,-142.250537011,3.38721289538,4
7715,63,True,finite_mle,1,,-172.438504363,-171.734966688,1.40707535107,4
7716,62,True,finite_mle,1,,-175.317043103,-175.096542697,0.441000810984,4
7717,58,True,finite_mle,1,,-163.13315722,-162.740284213,0.785746012678,4
7718,51,True,finite_mle,1,,-151.5820566,-151.510968495,0.142176208425,4
7719,63,True,finite_mle,1,,-174.751274876,-174.703694338,0.0951610753812,4
7720,63,True,finite_mle,1,,-170.645718417,-170.54306116,0.205314515708,4
7721,59,True,finite_mle,1,,-167.496007786,-166.278851272,2.43431302748,4
7722,55,True,finite_mle,1,,-159.376887786,-156.648806997,5.45616157789,4
7723,66,True,finite_mle,1,,-180.402948553,-180.11349562,0.57890586614,4
7724,59,True,finite_mle,1,,-167.172178978,-162.610531416,9.12329512396,4
7725,60,True,finite_mle,1,,-171.555008758,-170.816498909,1.47701969696,4
7726,67,True,finite_mle,1,,-184.278538398,-183.993750706,0.569575384881,4
7727,49,True,finite_mle,1,,-145.067071548,-144.419706108,1.29473087857,4
7728,59,True,finite_mle,1,,-165.173151932,-165.127550787,0.0912022896936,4
7729,52,True,finite_mle,1,,-149.8376446,-149.786622268,0.102044664693,4
7730,64,True,finite_mle,1,,-176.38087356,-176.18144572,0.39885567935,4
7731,65,True,finite_mle,1,,-173.475916912,-173.223325255,0.505183313926,4
7732,55,True,finite_mle,1,,-155.115311035,-153.792542376,2.64553731671,4
7733,57,True,finite_mle,1,,-164.3177996,-164.049048443,0.537502312895,4
7734,60,True,finite_mle,1,,-167.385089458,-167.383693178,0.00279255894338,4
7735,54,True,finite_mle,1,,-159.203735952,-159.08381958,0.239832745142,4
7736,46,True,finite_mle,1,,-140.536186279,-140.456682234,0.159008088582,4
7737,49,True,finite_mle,1,,-141.841971857,-140.919399417,1.84514488072,4
7738,55,True,finite_mle,1,,-153.186843319,-153.133222175,0.107242287751,4
7739,56,True,finite_mle,1,,-157.03233827,-156.769276547,0.526123446154,4
7740,52,True,finite_mle,1,,-154.539766687,-153.013325987,3.05288140088,4
7741,48,True,finite_mle,1,,-143.136337599,-141.480743315,3.31118856802,4
7742,58,True,finite_mle,1,,-163.864381658,-163.340789224,1.04718486788,4
7743,68,True,finite_mle,1,,-184.743872422,-182.863571216,3.76060241112,4
7744,59,True,finite_mle,1,,-169.610690107,-169.438147765,0.345084684796,4
7745,53,True,finite_mle,1,,-155.368236658,-154.051780654,2.63291200717,4
7746,57,True,finite_mle,1,,-164.218088317,-163.361536632,1.71310336913,4
7747,59,True,finite_mle,1,,-163.766900253,-159.022836643,9.48812721968,4
7748,47,True,finite_mle,1,,-145.349457332,-144.178398146,2.34211837232,4
7749,48,True,finite_mle,1,,-140.762407179,-138.146560224,5.23169390962,4
7750,55,True,finite_mle,1,,-158.888766439,-158.339778893,1.09797509198,4
7751,51,True,finite_mle,1,,-148.137493568,-147.206321967,1.86234320138,4
7752,65,True,finite_mle,1,,-173.456273794,-172.055573888,2.80139981133,4
7753,62,True,finite_mle,1,,-169.429627126,-168.927612062,1.00403012682,4
7754,54,True,finite_mle,1,,-156.513713218,-156.018102333,0.991221770905,4
7755,60,True,finite_mle,1,,-166.937347277,-166.832060714,0.210573127222,4
7756,57,True,finite_mle,1,,-163.346537726,-162.329903865,2.0332677226,4
7757,55,True,finite_mle,1,,-158.182542342,-156.896597662,2.57188936009,4
7758,55,True,finite_mle,1,,-154.585607475,-154.288922277,0.593370396144,4
7759,58,True,finite_mle,1,,-168.355033927,-166.429399386,3.85126908228,4
7760,59,True,finite_mle,1,,-169.151330773,-168.637187805,1.02828593627,4
7761,58,True,finite_mle,1,,-166.211248334,-165.693620851,1.03525496662,4
7762,60,True,finite_mle,1,,-166.844764754,-166.141198209,1.40713309058,4
7763,48,True,finite_mle,1,,-144.266779594,-144.16305958,0.207440027292,4
7764,66,True,finite_mle,1,,-175.250043565,-170.471625172,9.55683678694,4
7765,51,True,finite_mle,1,,-144.256344541,-143.574938876,1.36281133001,4
7766,61,True,finite_mle,1,,-167.994589433,-167.758713423,0.471752019505,4
7767,65,True,finite_mle,1,,-178.18815518,-177.908943611,0.558423139309,4
7768,61,True,finite_mle,1,,-166.0713717,-165.700738981,0.741265439375,4
7769,65,True,finite_mle,1,,-170.971785413,-169.236274029,3.47102276822,4
7770,46,True,finite_mle,1,,-141.410224109,-141.011239425,0.797969368976,4
7771,53,True,finite_mle,1,,-153.657253035,-152.448555279,2.41739551072,4
7772,65,True,finite_mle,1,,-178.914198355,-176.248264604,5.33186750275,4
7773,49,True,finite_mle,1,,-148.774817739,-147.780128142,1.98937919305,4
7774,63,True,finite_mle,1,,-175.12853435,-174.674841043,0.907386615034,4
7775,53,True,finite_mle,1,,-154.587558497,-154.089101334,0.99691432592,4
7776,55,True,finite_mle,1,,-159.804539079,-159.343624549,0.921829059292,4
7777,52,True,finite_mle,1,,-149.239058043,-149.016859841,0.444396404211,4
7778,58,True,finite_mle,1,,-161.569440436,-160.818617937,1.50164499692,4
7779,67,True,finite_mle,1,,-177.328696155,-175.765662508,3.12606729441,4
7780,64,True,finite_mle,1,,-174.098236818,-174.021678012,0.153117611948,4
7781,55,True,finite_mle,1,,-157.584793567,-156.866511068,1.43656499675,4
7782,56,True,finite_mle,1,,-160.738799472,-159.730639403,2.01632013772,4
7783,45,True,finite_mle,1,,-140.640887683,-139.461945517,2.3578843323,4
7784,62,True,finite_mle,1,,-170.679847783,-170.544675573,0.270344421192,4
7785,66,True,finite_mle,1,,-177.941853836,-177.082607873,1.71849192539,4
7786,54,True,finite_mle,1,,-154.554308197,-154.118215263,0.872185868094,4
7787,65,True,finite_mle,1,,-175.209970402,-175.116691619,0.186557566557,4
7788,47,True,finite_mle,1,,-142.885388733,-142.762953102,0.244871262418,4
7789,63,True,finite_mle,1,,-174.447428407,-174.150712309,0.593432195554,4
7790,67,True,finite_mle,1,,-180.987813371,-180.039675487,1.89627576855,4
7791,58,True,finite_mle,1,,-163.784650468,-163.262224312,1.04485231282,4
7792,64,True,finite_mle,1,,-171.841029198,-170.505874055,2.67031028512,4
7793,66,True,finite_mle,1,,-178.501760237,-178.32522911,0.353062253585,4
7794,56,True,finite_mle,1,,-162.457314194,-160.615076877,3.68447463441,4
7795,64,True,finite_mle,1,,-174.895359631,-173.906204176,1.97831090905,4
7796,66,True,finite_mle,1,,-182.948749034,-182.937859979,0.0217781113459,4
7797,47,True,finite_mle,1,,-144.898966369,-143.862576202,2.07278033382,4
7798,49,True,finite_mle,1,,-143.502799722,-140.942412986,5.12077347312,4
7799,62,True,finite_mle,1,,-172.819173406,-172.657149026,0.324048759828,4
7800,54,True,finite_mle,1,,-156.263347351,-156.221262117,0.0841704664974,4
7801,59,True,finite_mle,1,,-160.783355177,-159.969260116,1.62819012076,4
7802,54,True,finite_mle,1,,-155.743649621,-155.210240159,1.06681892355,4
7803,53,True,finite_mle,1,,-154.930631776,-154.802943225,0.255377102714,4
7804,55,True,finite_mle,1,,-160.044513373,-159.914523859,0.259979026964,4
7805,57,True,finite_mle,1,,-160.878546759,-160.610690978,0.53571156196,4
7806,57,True,finite_mle,1,,-164.717135545,-164.625396231,0.1834786296,4
7807,56,True,finite_mle,1,,-164.395649513,-163.878677339,1.03394434683,4
7808,61,True,finite_mle,1,,-171.984751562,-170.292590456,3.38432221201,4
7809,66,True,finite_mle,1,,-181.201486405,-181.16847827,0.0660162700535,4
7810,54,True,finite_mle,1,,-156.271273969,-155.518018446,1.50651104498,4
7811,49,True,finite_mle,1,,-144.386516064,-140.47848614,7.81605984702,4
7812,64,True,finite_mle,1,,-169.634023995,-168.224210191,2.81962760964,4
7813,46,True,finite_mle,1,,-142.066950543,-141.737729796,0.658441493634,4
7814,53,True,finite_mle,1,,-154.507781115,-153.587986587,1.83958905734,4
7815,55,True,finite_mle,1,,-153.263111633,-152.886438298,0.753346669557,4
7816,50,True,finite_mle,1,,-149.885343256,-146.755018109,6.26065029469,4
7817,58,True,finite_mle,1,,-165.403909665,-161.932103637,6.9436120565,4
7818,57,True,finite_mle,1,,-160.674389921,-157.237748687,6.87328246803,4
7819,54,True,finite_mle,1,,-153.915104615,-153.36184917,1.1065108898,4
7820,52,True,finite_mle,1,,-153.925605625,-153.901157895,0.0488954597834,4
7821,59,True,finite_mle,1,,-169.306091661,-167.758749853,3.09468361534,4
7822,73,True,finite_mle,1,,-192.376815675,-190.792557751,3.16851584726,4
7823,53,True,finite_mle,1,,-156.318297009,-155.708527329,1.21953935917,4
7824,61,True,finite_mle,1,,-173.732192329,-173.358545368,0.74729392301,4
7825,56,True,finite_mle,1,,-160.664977592,-155.935051967,9.459851251,4
7826,52,True,finite_mle,1,,-152.979051439,-152.976991841,0.00411919622042,4
7827,54,True,finite_mle,1,,-159.745887227,-158.946995543,1.59778336739,4
7828,62,True,finite_mle,1,,-168.520014651,-168.287711453,0.464606394992,4
7829,47,True,finite_mle,1,,-144.393237012,-144.101336561,0.5838009016,4
7830,65,True,finite_mle,1,,-180.162903296,-177.973836886,4.37813282169,4
7831,53,True,finite_mle,1,,-152.284420534,-151.273765022,2.02131102433,4
7832,66,True,finite_mle,1,,-177.42624645,-176.386870594,2.07875171279,4
7833,53,True,finite_mle,1,,-156.520252023,-155.264380288,2.51174346916,4
7834,48,True,finite_mle,1,,-146.23315117,-145.645145228,1.17601188313,4
7835,53,True,finite_mle,1,,-157.22114045,-154.490019269,5.4622423614,4
7836,55,True,finite_mle,1,,-159.744248262,-156.951477106,5.58554231331,4
7837,57,True,finite_mle,1,,-160.266511546,-160.112684408,0.307654275731,4
7838,48,True,finite_mle,1,,-145.662115235,-140.835655746,9.65291897851,4
7839,71,True,finite_mle,1,,-186.886344091,-186.869336688,0.0340148065004,4
7840,56,True,finite_mle,1,,-162.86013731,-162.025066032,1.67014255692,4
7841,60,True,finite_mle,1,,-169.790372129,-167.852521655,3.87570094964,4
7842,60,True,finite_mle,1,,-168.025154331,-166.638732046,2.77284456996,4
7843,53,True,finite_mle,1,,-155.714681423,-154.161933543,3.10549575981,4
7844,53,True,finite_mle,1,,-153.397624592,-153.027416393,0.740416398305,4
7845,59,True,finite_mle,1,,-167.123368415,-166.878584002,0.4895688252,4
7846,57,True,finite_mle,1,,-158.804629064,-157.669590351,2.27007742423,4
7847,51,True,finite_mle,1,,-153.110885823,-151.541363719,3.13904420963,4
7848,51,True,finite_mle,1,,-154.538333235,-151.418729719,6.23920703203,4
7849,48,True,finite_mle,1,,-144.354152391,-144.239648017,0.229008747164,4
7850,61,True,finite_mle,1,,-170.696779254,-168.266075996,4.86140651671,4
7851,55,True,finite_mle,1,,-157.89481617,-157.699211963,0.391208413328,4
7852,45,True,finite_mle,1,,-140.485483657,-140.029004573,0.912958168225,4
7853,67,True,finite_mle,1,,-179.461260093,-178.993619608,0.935280969387,4
7854,44,True,finite_mle,1,,-133.317522859,-131.858863865,2.91731798676,4
7855,65,True,finite_mle,1,,-174.881657681,-174.048312149,1.6666910626,4
7856,54,True,finite_mle,1,,-156.317338488,-154.94921171,2.73625355731,4
7857,56,True,finite_mle,1,,-156.243672166,-155.716572349,1.05419963573,4
7858,56,True,finite_mle,1,,-160.476373712,-155.766586612,9.41957420155,4
7859,63,True,finite_mle,1,,-174.247315724,-172.335880396,3.82287065613,4
7860,63,True,finite_mle,1,,-174.115186826,-173.019690839,2.19099197373,4
7861,55,True,finite_mle,1,,-159.772353006,-159.501711819,0.541282373768,4
7862,50,True,finite_mle,1,,-151.163423698,-150.001769267,2.32330886218,4
7863,68,True,finite_mle,1,,-180.159802268,-177.893893582,4.53181737329,4
7864,55,True,finite_mle,1,,-159.967980069,-158.824151031,2.28765807568,4
7865,64,True,finite_mle,1,,-176.166524906,-175.985772089,0.361505632972,4
7866,62,True,finite_mle,1,,-173.453746256,-172.139129824,2.62923286459,4
7867,59,True,finite_mle,1,,-166.979153273,-166.741175136,0.475956274433,4
7868,61,True,finite_mle,1,,-172.964609254,-172.584010079,0.761198349061,4
7869,63,True,finite_mle,1,,-170.519669639,-169.629630313,1.78007865172,4
7870,50,True,finite_mle,1,,-149.619251902,-148.641294156,1.95591549159,4
7871,55,True,finite_mle,1,,-161.200572593,-158.541082135,5.31898091663,4
7872,47,True,finite_mle,1,,-141.157641074,-141.05900989,0.197262368379,4
7873,55,True,finite_mle,1,,-161.294033045,-161.189133766,0.209798558191,4
7874,58,True,finite_mle,1,,-162.355064165,-160.60666623,3.49679587048,4
7875,54,True,finite_mle,1,,-152.728236806,-152.497095401,0.462282811209,4
7876,57,True,finite_mle,1,,-161.597845542,-160.748357712,1.69897566062,4
7877,59,True,finite_mle,1,,-168.654966381,-166.601448226,4.10703630866,4
7878,59,True,finite_mle,1,,-166.922358277,-165.311960263,3.22079602749,4
7879,60,True,finite_mle,1,,-167.704542754,-165.912841065,3.58340337939,4
7880,53,True,finite_mle,1,,-156.181961011,-155.192519797,1.9788824285,4
7881,50,True,finite_mle,1,,-146.656735803,-146.123458781,1.06655404431,4
7882,67,True,finite_mle,1,,-174.000063525,-173.902773522,0.194580005989,4
7883,66,True,finite_mle,1,,-174.451299676,-173.550053953,1.80249144475,4
7884,71,True,finite_mle,1,,-186.970176919,-185.492328264,2.95569730872,4
7885,64,True,finite_mle,1,,-176.191236737,-175.708475685,0.965522103731,4
7886,65,True,finite_mle,1,,-177.373770089,-176.428197886,1.89114440605,4
7887,55,True,finite_mle,1,,-157.734927901,-156.29643382,2.87698816182,4
7888,59,True,finite_mle,1,,-165.211776133,-164.866249967,0.69105233181,4
7889,55,True,finite_mle,1,,-161.358782167,-160.989523349,0.738517636597,4
7890,52,True,finite_mle,1,,-153.671243455,-153.583359186,0.175768537725,4
7891,68,True,finite_mle,1,,-181.755730563,-181.414747904,0.681965317829,4
7892,49,True,finite_mle,1,,-147.12455626,-146.925000103,0.399112313321,4
7893,53,True,finite_mle,1,,-148.425069475,-147.594412464,1.66131402268,4
7894,53,True,finite_mle,1,,-152.967689305,-152.816477765,0.302423079952,4
7895,50,True,finite_mle,1,,-149.025615362,-148.499107308,1.05301610783,4
7896,55,True,finite_mle,1,,-159.430229838,-159.142782992,0.574893692796,4
7897,62,True,finite_mle,1,,-172.020836883,-171.028485449,1.98470286819,4
7898,57,True,finite_mle,1,,-159.9630638,-158.622263507,2.68160058676,4
7899,48,True,finite_mle,1,,-143.838748803,-142.468295079,2.74090744816,4
7900,62,True,finite_mle,1,,-166.208886258,-165.586708704,1.24435510882,4
7901,67,True,finite_mle,1,,-183.240554661,-181.016957886,4.44719354925,4
7902,54,True,finite_mle,1,,-160.698477625,-159.253046215,2.89086281975,4
7903,61,True,finite_mle,1,,-170.678513879,-169.678610201,1.99980735508,4
7904,46,True,finite_mle,1,,-142.589725411,-141.410511313,2.35842819604,4
7905,54,True,finite_mle,1,,-156.053911733,-156.003229961,0.101363542633,4
7906,47,True,finite_mle,1,,-143.091145978,-141.501625481,3.17904099515,4
7907,61,True,finite_mle,1,,-168.970616051,-168.721218505,0.498795092345,4
7908,61,True,finite_mle,1,,-171.178992263,-166.121896084,10.1141923593,4
7909,58,True,finite_mle,1,,-162.393620632,-162.122467832,0.542305600228,4
7910,65,True,finite_mle,1,,-178.913945152,-177.168879902,3.49013049962,4
7911,73,True,finite_mle,1,,-190.361515248,-190.134730706,0.453569083053,4
7912,65,True,finite_mle,1,,-179.953075121,-179.688266394,0.529617453115,4
7913,54,True,finite_mle,1,,-157.095825934,-156.783732664,0.624186538832,4
7914,60,True,finite_mle,1,,-170.509347188,-169.799276255,1.42014186653,4
7915,54,True,finite_mle,1,,-155.665819345,-155.477847463,0.375943765041,4
7916,73,True,finite_mle,1,,-190.47994169,-190.022781581,0.914320219477,4
7917,48,True,finite_mle,1,,-147.620923857,-144.808336535,5.62517464285,4
7918,58,True,finite_mle,1,,-165.516348971,-165.136518936,0.759660070002,4
7919,49,True,finite_mle,1,,-146.881902477,-146.389894858,0.984015238441,4
7920,62,True,finite_mle,1,,-171.366925939,-168.687832054,5.35818776959,4
7921,58,True,finite_mle,1,,-165.072594418,-164.507987661,1.12921351364,4
7922,62,True,finite_mle,1,,-174.500416575,-173.026101101,2.9486309469,4
7923,57,True,finite_mle,1,,-160.38229981,-160.316795227,0.131009164417,4
7924,59,True,finite_mle,1,,-158.410465097,-157.816092076,1.18874604209,4
7925,70,True,finite_mle,1,,-188.77129752,-186.541357387,4.45988026584,4
7926,57,True,finite_mle,1,,-160.001680262,-159.087737599,1.82788532659,4
7927,71,True,finite_mle,1,,-186.755177735,-183.713673258,6.08300895332,4
7928,53,True,finite_mle,1,,-151.995906455,-151.754988322,0.481836266795,4
7929,55,True,finite_mle,1,,-158.204654393,-157.03070611,2.34789656583,4
7930,59,True,finite_mle,1,,-166.858795324,-165.135216948,3.44715675187,4
7931,76,True,finite_mle,1,,-197.77144921,-197.318408382,0.906081656063,4
7932,59,True,finite_mle,1,,-167.0290384,-165.982791656,2.09249348695,4
7933,36,True,finite_mle,1,,-119.266510816,-118.356812063,1.81939750493,4
7934,60,True,finite_mle,1,,-172.339696,-171.723738201,1.23191559798,4
7935,54,True,finite_mle,1,,-153.047060322,-152.516854251,1.06041214106,4
7936,61,True,finite_mle,1,,-159.150198352,-157.270868682,3.7586593403,4
7937,58,True,finite_mle,1,,-167.444086948,-165.565664913,3.7568440707,4
7938,56,True,finite_mle,1,,-162.944226953,-162.542823007,0.802807892131,4
7939,62,True,finite_mle,1,,-164.078457233,-162.999844124,2.15722621861,4
7940,67,True,finite_mle,1,,-179.469760695,-179.096913581,0.745694228357,4
7941,59,True,finite_mle,1,,-166.303507338,-165.049568498,2.50787767878,4
7942,63,True,finite_mle,1,,-171.521902728,-170.557028204,1.92974904729,4
7943,52,True,finite_mle,1,,-152.688837456,-152.258064963,0.861544987433,4
7944,53,True,finite_mle,1,,-153.053169287,-149.360808605,7.38472136386,4
7945,62,True,finite_mle,1,,-171.34736674,-167.535013703,7.62470607424,4
7946,59,True,finite_mle,1,,-165.971277272,-165.871512615,0.199529314143,4
7947,59,True,finite_mle,1,,-158.472616457,-158.216791828,0.511649256778,4
7948,49,True,finite_mle,1,,-147.559733261,-145.358902146,4.40166223099,4
7949,58,True,finite_mle,1,,-165.972034337,-165.776652178,0.390764318867,4
7950,51,True,finite_mle,1,,-148.014808757,-146.877629199,2.2743591168,4
7951,70,True,finite_mle,1,,-187.284158628,-185.952320665,2.66367592679,4
7952,64,True,finite_mle,1,,-176.240394724,-173.83770952,4.80537040974,4
7953,55,True,finite_mle,1,,-159.399291296,-159.158189739,0.482203113983,4
7954,59,True,finite_mle,1,,-161.232822726,-160.607693646,1.25025815955,4
7955,48,True,finite_mle,1,,-141.733391945,-139.293985218,4.87881345392,4
7956,51,True,finite_mle,1,,-150.968494611,-147.788037421,6.36091437886,4
7957,45,True,finite_mle,1,,-136.791779131,-136.358513865,0.866530531552,4
7958,55,True,finite_mle,1,,-157.11072725,-156.191630776,1.83819294902,4
7959,55,True,finite_mle,1,,-156.641462834,-155.459879972,2.36316572454,4
7960,54,True,finite_mle,1,,-156.835008328,-152.45779144,8.75443377493,4
7961,51,True,finite_mle,1,,-150.182071182,-149.936671183,0.490799997896,4
7962,62,True,finite_mle,1,,-172.919380315,-172.723435168,0.391890294503,4
7963,59,True,finite_mle,1,,-169.316421769,-167.560937536,3.51096846707,4
7964,59,True,finite_mle,1,,-164.341187555,-162.750731475,3.18091215863,4
7965,63,True,finite_mle,1,,-169.754979399,-164.828735956,9.85248688525,4
7966,64,True,finite_mle,1,,-174.749582463,-174.291911082,0.915342761577,4
7967,65,True,finite_mle,1,,-176.492850696,-175.797532974,1.39063544385,4
7968,53,True,finite_mle,1,,-151.058773009,-150.720790789,0.675964440082,4
7969,59,True,finite_mle,1,,-169.175679703,-164.568434463,9.21449047895,4
7970,71,True,finite_mle,1,,-188.61405287,-188.162717282,0.902671175305,4
7971,54,True,finite_mle,1,,-157.236451417,-156.918315645,0.636271544314,4
7972,61,True,finite_mle,1,,-169.566490325,-168.079164605,2.974651439,4
7973,62,True,finite_mle,1,,-172.005063759,-171.718985636,0.572156245868,4
7974,58,True,finite_mle,1,,-168.326537066,-167.98412911,0.684815910737,4
7975,64,True,finite_mle,1,,-176.136820527,-176.131579636,0.0104817826233,4
7976,50,True,finite_mle,1,,-151.831134094,-146.78391694,10.0944343075,4
7977,61,True,finite_mle,1,,-170.411180109,-170.24267075,0.337018717762,4
7978,53,True,finite_mle,1,,-155.969370515,-155.280227568,1.37828589336,4
7979,51,True,finite_mle,1,,-152.122458244,-152.063005631,0.118905226675,4
7980,60,True,finite_mle,1,,-168.611359002,-168.382206037,0.458305929614,4
7981,61,True,finite_mle,1,,-163.640467354,-163.442902802,0.395129103359,4
7982,53,True,finite_mle,1,,-149.063261584,-148.879492835,0.367537498047,4
7983,71,True,finite_mle,1,,-185.963288429,-185.818852337,0.288872183824,4
7984,56,True,finite_mle,1,,-159.93748919,-159.904320398,0.0663375846067,4
7985,52,True,finite_mle,1,,-142.442781107,-139.948304491,4.98895323241,4
7986,58,True,finite_mle,1,,-162.772031704,-162.628561602,0.286940203186,4
7987,44,True,finite_mle,1,,-134.924646017,-130.247594477,9.35410307896,4
7988,64,True,finite_mle,1,,-174.567749683,-174.386369413,0.362760538954,4
7989,58,True,finite_mle,1,,-165.570165128,-164.594635094,1.95106006916,4
7990,56,True,finite_mle,1,,-160.112455081,-159.98562763,0.253654902738,4
7991,59,True,finite_mle,1,,-168.394374772,-167.754830086,1.27908937125,4
7992,53,True,finite_mle,1,,-156.361897428,-155.21383566,2.29612353668,4
7993,67,True,finite_mle,1,,-179.696271651,-179.077706135,1.23713103258,4
7994,63,True,finite_mle,1,,-174.440348317,-173.261231721,2.35823319096,4
7995,59,True,finite_mle,1,,-166.969081233,-166.785357666,0.367447133785,4
7996,72,True,finite_mle,1,,-186.75874932,-184.434141088,4.6492164641,4
7997,59,True,finite_mle,1,,-165.072780613,-162.196826181,5.75190886452,4
7998,59,True,finite_mle,1,,-165.879125353,-163.599809098,4.55863251063,4
7999,52,True,finite_mle,1,,-153.918786756,-153.611671982,0.614229547519,4
8000,59,True,finite_mle,1,,-160.219362592,-160.029264438,0.380196307462,4
8001,58,True,finite_mle,1,,-164.420040273,-163.40833921,2.02340212623,4
8002,48,True,finite_mle,1,,-143.296940171,-142.610658496,1.37256334965,4
8003,71,True,finite_mle,1,,-187.172203898,-186.575668841,1.19307011296,4
8004,58,True,finite_mle,1,,-167.104814099,-165.819032962,2.57156227585,4
8005,42,True,finite_mle,1,,-129.699475442,-128.182663918,3.03362304912,4
8006,64,True,finite_mle,1,,-174.00080063,-173.99636923,0.00886280006722,4
8007,73,True,finite_mle,1,,-193.751326487,-193.221552565,1.05954784346,4
8008,56,True,finite_mle,1,,-164.700797615,-164.624691183,0.152212865663,4
8009,54,True,finite_mle,1,,-157.682516582,-157.54934412,0.266344924879,4
8010,65,True,finite_mle,1,,-175.043195475,-173.693624318,2.69914231461,4
8011,53,True,finite_mle,1,,-155.586065491,-154.622022999,1.92808498313,4
8012,58,True,finite_mle,1,,-166.170799478,-165.439598358,1.4624022391,4
8013,58,True,finite_mle,1,,-166.106199344,-165.582976022,1.04644664294,4
8014,59,True,finite_mle,1,,-168.16268045,-167.229909363,1.86554217386,4
8015,56,True,finite_mle,1,,-162.620059066,-161.323676792,2.59276454866,4
8016,56,True,finite_mle,1,,-159.959380984,-159.341356329,1.23604930943,4
8017,50,True,finite_mle,1,,-147.457425979,-147.283855432,0.34714109287,4
8018,59,True,finite_mle,1,,-160.456416835,-158.988640907,2.93555185656,4
8019,53,True,finite_mle,1,,-158.926646845,-157.420729904,3.01183388239,4
8020,57,True,finite_mle,1,,-162.508024628,-160.078518553,4.85901214904,4
8021,57,True,finite_mle,1,,-161.230761691,-160.489600486,1.48232240993,4
8022,46,True,finite_mle,1,,-141.387290794,-139.884809075,3.00496343837,4
8023,61,True,finite_mle,1,,-169.863027629,-168.369733131,2.98658899582,4
8024,62,True,finite_mle,1,,-173.441177642,-170.408240066,6.0658751506,4
8025,56,True,finite_mle,1,,-162.359533332,-162.055664496,0.607737671851,4
8026,67,True,finite_mle,1,,-179.357020903,-176.054710013,6.60462178096,4
8027,58,True,finite_mle,1,,-167.303437977,-163.691079843,7.22471626858,4
8028,46,True,finite_mle,1,,-140.210619172,-139.710762715,0.999712913837,4
8029,46,True,finite_mle,1,,-137.417731922,-136.797187838,1.24108816761,4
8030,45,True,finite_mle,1,,-140.003616008,-137.785427767,4.4363764809,4
8031,64,True,finite_mle,1,,-179.018298167,-178.009501574,2.01759318533,4
8032,42,True,finite_mle,1,,-133.273336939,-131.040102557,4.46646876384,4
8033,56,True,finite_mle,1,,-159.205980193,-157.70760742,2.99674554526,4
8034,71,True,finite_mle,1,,-190.087983028,-188.669963368,2.83603932005,4
8035,56,True,finite_mle,1,,-162.570765476,-161.023852885,3.09382518236,4
8036,64,True,finite_mle,1,,-176.101655581,-174.32734062,3.54862992205,4
8037,54,True,finite_mle,1,,-157.324112819,-156.552120048,1.54398554145,4
8038,56,True,finite_mle,1,,-159.950182364,-157.951056854,3.99825102024,4
8039,55,True,finite_mle,1,,-153.576591942,-152.764824544,1.62353479641,4
8040,71,True,finite_mle,1,,-190.078284977,-187.024007361,6.10855523366,4
8041,56,True,finite_mle,1,,-162.083227525,-161.003205972,2.16004310603,4
8042,60,True,finite_mle,1,,-165.792774448,-165.181120733,1.22330743105,4
8043,74,True,finite_mle,1,,-193.51773043,-193.03759881,0.96026324073,4
8044,58,True,finite_mle,1,,-161.495126837,-160.853274696,1.2837042802,4
8045,56,True,finite_mle,1,,-162.851434209,-162.00560407,1.69166027877,4
8046,57,True,finite_mle,1,,-161.981822296,-161.885719067,0.192206457208,4
8047,64,True,finite_mle,1,,-174.908347404,-174.708625225,0.399444356701,4
8048,67,True,finite_mle,1,,-175.693960491,-175.207885286,0.972150410718,4
8049,48,True,finite_mle,1,,-147.614190284,-146.703928613,1.82052334013,4
8050,62,True,finite_mle,1,,-172.054244509,-171.972320026,0.163848965978,4
8051,69,True,finite_mle,1,,-183.18521734,-183.048539045,0.273356590777,4
8052,56,True,finite_mle,1,,-159.933841,-157.605809759,4.6560624823,4
8053,59,True,finite_mle,1,,-164.120424878,-163.079003376,2.08284300528,4
8054,72,True,finite_mle,1,,-190.470083877,-189.815289967,1.30958781942,4
8055,57,True,finite_mle,1,,-162.540624289,-160.124556587,4.83213540374,4
8056,63,True,finite_mle,1,,-175.933267243,-175.42908615,1.00836218681,4
8057,61,True,finite_mle,1,,-170.790049842,-168.032467411,5.51516486228,4
8058,52,True,finite_mle,1,,-155.7952115,-155.135886126,1.31865074724,4
8059,62,True,finite_mle,1,,-172.518696447,-169.063447249,6.91049839501,4
8060,64,True,finite_mle,1,,-175.410236005,-175.11314104,0.594189930109,4
8061,55,True,finite_mle,1,,-161.986875427,-161.430474536,1.11280178173,4
8062,56,True,finite_mle,1,,-161.428263586,-160.543291921,1.76994332965,4
8063,52,True,finite_mle,1,,-151.025519196,-149.977590769,2.09585685398,4
8064,57,True,finite_mle,1,,-160.773108566,-160.691712562,0.162792009311,4
8065,50,True,finite_mle,1,,-149.402834339,-148.780549257,1.24457016501,4
8066,67,True,finite_mle,1,,-178.408204448,-177.345593367,2.12522216155,4
8067,47,True,finite_mle,1,,-142.751884904,-138.854589803,7.79459020228,4
8068,54,True,finite_mle,1,,-154.221965059,-153.828602966,0.786724184586,4
8069,52,True,finite_mle,1,,-156.438537387,-155.226954836,2.42316510167,4
8070,59,True,finite_mle,1,,-165.576912387,-165.491661816,0.170501141184,4
8071,52,True,finite_mle,1,,-153.804975939,-153.401617776,0.806716325585,4
8072,58,True,finite_mle,1,,-165.42021931,-163.673555974,3.49332667142,4
8073,58,True,finite_mle,1,,-165.023359767,-164.052048372,1.94262278845,4
8074,61,True,finite_mle,1,,-168.377698077,-167.967116594,0.821162966266,4
8075,56,True,finite_mle,1,,-155.410136893,-151.854521618,7.11123055104,4
8076,54,True,finite_mle,1,,-155.071469299,-153.823754117,2.49543036351,4
8077,69,True,finite_mle,1,,-184.201905812,-183.332314877,1.739181869,4
8078,52,True,finite_mle,1,,-156.625975154,-155.615330369,2.02128957139,4
8079,48,True,finite_mle,1,,-145.820495039,-145.8161649,0.00866027800862,4
8080,63,True,finite_mle,1,,-173.341305324,-173.107441285,0.467728076745,4
8081,62,True,finite_mle,1,,-174.994525004,-172.180946374,5.62715725956,4
8082,62,True,finite_mle,1,,-173.099422584,-172.379759788,1.43932559376,4
8083,68,True,finite_mle,1,,-186.372353044,-184.610227396,3.52425129457,4
8084,62,True,finite_mle,1,,-171.433756328,-171.044807551,0.777897553601,4
8085,63,True,finite_mle,1,,-173.778226556,-173.745267884,0.065917343165,4
8086,55,True,finite_mle,1,,-155.943473033,-152.908559703,6.06982666062,4
8087,71,True,finite_mle,1,,-190.63773571,-190.522280187,0.230911047519,4
8088,59,True,finite_mle,1,,-167.268886345,-166.073169297,2.39143409526,4
8089,48,True,finite_mle,1,,-144.542705845,-142.755997523,3.57341664473,4
8090,54,True,finite_mle,1,,-157.844356174,-157.717184424,0.254343499527,4
8091,77,True,finite_mle,1,,-196.081536338,-196.039027726,0.0850172250159,4
8092,55,True,finite_mle,1,,-158.90826912,-157.8794058,2.05772663811,4
8093,65,True,finite_mle,1,,-177.006324315,-175.982842042,2.04696454752,4
8094,48,True,finite_mle,1,,-146.741880884,-144.065164738,5.35343229209,4
8095,47,True,finite_mle,1,,-139.992129148,-137.645152808,4.69395268128,4
8096,53,True,finite_mle,1,,-152.347453723,-150.313673653,4.06756014044,4
8097,65,True,finite_mle,1,,-176.270783423,-175.476042582,1.58948168228,4
8098,71,True,finite_mle,1,,-186.950819459,-186.079382513,1.74287389207,4
8099,58,True,finite_mle,1,,-164.00509568,-163.80997844,0.390234479878,4
8100,57,True,finite_mle,1,,-159.540795337,-157.201877582,4.67783551026,4
8101,63,True,finite_mle,1,,-171.91013869,-171.871693707,0.0768899646412,4
8102,55,True,finite_mle,1,,-161.207528177,-160.013765492,2.38752536976,4
8103,66,True,finite_mle,1,,-181.398386162,-181.150978636,0.4948150516,4
8104,62,True,finite_mle,1,,-173.605747858,-173.581994181,0.047507354346,4
8105,69,True,finite_mle,1,,-185.071175654,-184.551468808,1.03941369066,4
8106,64,True,finite_mle,1,,-174.418145772,-174.070491966,0.695307611121,4
8107,53,True,finite_mle,1,,-154.722526596,-154.108068334,1.22891652413,4
8108,60,True,finite_mle,1,,-165.42264467,-165.007202391,0.830884558102,4
8109,65,True,finite_mle,1,,-178.277982946,-177.206258869,2.14344815457,4
8110,57,True,finite_mle,1,,-165.972742218,-165.145886565,1.65371130651,4
8111,77,True,finite_mle,1,,-199.187689671,-197.688725723,2.99792789544,4
8112,67,True,finite_mle,1,,-177.567306633,-176.905460996,1.32369127323,4
8113,54,True,finite_mle,1,,-153.276521233,-152.222747012,2.1075484416,4
8114,73,True,finite_mle,1,,-188.898434021,-188.606111635,0.584644772002,4
8115,66,True,finite_mle,1,,-177.646367502,-177.43071475,0.431305503387,4
8116,51,True,finite_mle,1,,-150.692059616,-149.720183657,1.9437519189,4
8117,60,True,finite_mle,1,,-168.241657612,-166.052172994,4.37896923594,4
8118,64,True,finite_mle,1,,-176.270501397,-174.592718673,3.35556544747,4
8119,55,True,finite_mle,1,,-158.881753535,-157.858173206,2.04716065825,4
8120,61,True,finite_mle,1,,-166.514114108,-165.996762175,1.03470386605,4
8121,61,True,finite_mle,1,,-168.366097699,-167.95103501,0.830125378921,4
8122,56,True,finite_mle,1,,-162.018013815,-161.879002073,0.278023485251,4
8123,61,True,finite_mle,1,,-171.767506629,-171.315954394,0.903104469884,4
8124,52,True,finite_mle,1,,-147.497819793,-146.280216225,2.43520713604,4
8125,76,True,finite_mle,1,,-195.877855296,-195.764039304,0.227631984345,4
8126,48,True,finite_mle,1,,-141.822531976,-141.03783405,1.56939585151,4
8127,69,True,finite_mle,1,,-185.371445197,-184.915319595,0.912251202176,4
8128,53,True,finite_mle,1,,-151.407570793,-150.045378893,2.72438379982,4
8129,61,True,finite_mle,1,,-165.893388047,-165.078229905,1.63031628399,4
8130,48,True,finite_mle,1,,-145.098503744,-144.471263038,1.25448141264,4
8131,66,True,finite_mle,1,,-180.349904087,-180.133624538,0.43255909648,4
8132,49,True,finite_mle,1,,-148.855905525,-147.406170964,2.89946912278,4
8133,61,True,finite_mle,1,,-172.802413361,-171.713824364,2.17717799402,4
8134,69,True,finite_mle,1,,-185.611085052,-185.38662951,0.448911083442,4
8135,61,True,finite_mle,1,,-173.500376516,-173.429171908,0.142409214921,4
8136,54,True,finite_mle,1,,-155.018392849,-154.524905306,0.986975085482,4
8137,50,True,finite_mle,1,,-147.845307073,-147.63272962,0.425154907312,4
8138,56,True,finite_mle,1,,-160.847895107,-160.398794127,0.898201959572,4
8139,50,True,finite_mle,1,,-150.532228836,-150.295675821,0.473106031553,4
8140,53,True,finite_mle,1,,-150.623964133,-149.442255995,2.36341627592,4
8141,53,True,finite_mle,1,,-153.87798108,-153.805643186,0.144675788128,4
8142,59,True,finite_mle,1,,-169.216923794,-168.637703249,1.15844109069,4
8143,50,True,finite_mle,1,,-145.832080703,-145.376997196,0.910167014191,4
8144,63,True,finite_mle,1,,-170.713472051,-167.685874429,6.05519524443,4
8145,73,True,finite_mle,1,,-191.339317373,-190.909845979,0.858942787555,4
8146,55,True,finite_mle,1,,-157.754865129,-157.456239825,0.597250608312,4
8147,52,True,finite_mle,1,,-154.396141218,-152.356721145,4.07884014579,4
8148,58,True,finite_mle,1,,-164.898925656,-164.763633696,0.270583920172,4
8149,56,True,finite_mle,1,,-160.548500934,-159.355270735,2.38646039737,4
8150,58,True,finite_mle,1,,-165.208286661,-164.430417616,1.55573808852,4
8151,68,True,finite_mle,1,,-179.322428824,-178.586929003,1.47099964321,4
8152,56,True,finite_mle,1,,-162.792142042,-162.417781401,0.748721281992,4
8153,51,True,finite_mle,1,,-152.024348595,-148.433008781,7.18267962813,4
8154,59,True,finite_mle,1,,-168.558955826,-168.160375545,0.797160561231,4
8155,56,True,finite_mle,1,,-160.613503353,-160.600480711,0.0260452838244,4
8156,67,True,finite_mle,1,,-182.686055065,-180.026332671,5.31944478954,4
8157,65,True,finite_mle,1,,-176.969892742,-176.091829905,1.75612567459,4
8158,54,True,finite_mle,1,,-158.072541824,-157.494308764,1.15646612144,4
8159,52,True,finite_mle,1,,-153.999831692,-151.330982833,5.33769771779,4
8160,52,True,finite_mle,1,,-153.356952324,-153.259972954,0.193958739787,4
8161,67,True,finite_mle,1,,-182.350359965,-181.703402875,1.29391418026,4
8162,54,True,finite_mle,1,,-156.236416637,-155.991372569,0.490088135253,4
8163,45,True,finite_mle,1,,-139.749229056,-136.756329684,5.98579874542,4
8164,53,True,finite_mle,1,,-151.772986377,-150.792909233,1.96015428914,4
8165,66,True,finite_mle,1,,-179.876862937,-179.825570427,0.102585018171,4
8166,50,True,finite_mle,1,,-146.064455277,-144.655176382,2.81855779049,4
8167,66,True,finite_mle,1,,-173.996489668,-173.927210657,0.138558020563,4
8168,45,True,finite_mle,1,,-137.215653234,-137.12079725,0.189711968508,4
8169,56,True,finite_mle,1,,-162.687253217,-160.502920569,4.36866529529,4
8170,50,True,finite_mle,1,,-150.135395467,-148.647971359,2.97484821454,4
8171,52,True,finite_mle,1,,-154.886623633,-153.802754347,2.16773857167,4
8172,54,True,finite_mle,1,,-158.490624301,-157.615558157,1.75013228843,4
8173,76,True,finite_mle,1,,-193.730378288,-193.562156688,0.336443199752,4
8174,59,True,finite_mle,1,,-166.874533651,-166.784168448,0.180730405793,4
8175,62,True,finite_mle,1,,-171.166212565,-170.883385468,0.565654193891,4
8176,65,True,finite_mle,1,,-177.449214763,-176.578995752,1.74043802159,4
8177,55,True,finite_mle,1,,-159.325797274,-159.257827815,0.135938917838,4
8178,66,True,finite_mle,1,,-177.530004422,-176.508827979,2.04235288676,4
8179,50,True,finite_mle,1,,-150.551421344,-147.824302757,5.4542371747,4
8180,45,True,finite_mle,1,,-135.976498273,-135.892442224,0.168112099068,4
8181,63,True,finite_mle,1,,-173.537001901,-172.725884993,1.6222338168,4
8182,55,True,finite_mle,1,,-162.794254822,-162.057955046,1.47259955289,4
8183,59,True,finite_mle,1,,-157.906784764,-155.554928909,4.7037117115,4
8184,47,True,finite_mle,1,,-144.358372741,-143.17084408,2.37505732178,4
8185,48,True,finite_mle,1,,-144.457885487,-142.331635675,4.25249962297,4
8186,46,True,finite_mle,1,,-139.269979656,-138.637972146,1.26401502008,4
8187,49,True,finite_mle,1,,-149.439318714,-148.677595102,1.52344722373,4
8188,61,True,finite_mle,1,,-170.813697802,-170.541257757,0.544880091097,4
8189,46,True,finite_mle,1,,-140.802637866,-140.129502577,1.34627057838,4
8190,52,True,finite_mle,1,,-149.51553051,-149.046669807,0.937721405734,4
8191,56,True,finite_mle,1,,-161.964527845,-161.761518603,0.406018484467,4
8192,65,True,finite_mle,1,,-172.669021844,-172.357316539,0.623410609092,4
8193,58,True,finite_mle,1,,-164.096819806,-163.675037872,0.84356386671,4
8194,52,True,finite_mle,1,,-152.412182771,-150.865793261,3.09277902041,4
8195,53,True,finite_mle,1,,-150.486244372,-148.786439176,3.39961039145,4
8196,43,True,finite_mle,1,,-135.572959517,-135.456237872,0.233443288936,4
8197,62,True,finite_mle,1,,-173.179990914,-169.942037821,6.47590618546,4
8198,47,True,finite_mle,1,,-144.268684702,-143.386282173,1.76480505695,4
8199,61,True,finite_mle,1,,-172.648303072,-172.168136424,0.960333296132,4
8200,54,True,finite_mle,1,,-157.270078152,-156.035527558,2.46910118797,4
8201,57,True,finite_mle,1,,-155.929988497,-155.811862646,0.236251702636,4
8202,45,True,finite_mle,1,,-141.380252813,-140.70674045,1.34702472655,4
8203,52,True,finite_mle,1,,-151.162682148,-151.060705828,0.203952639952,4
8204,64,True,finite_mle,1,,-173.139369294,-172.931645218,0.415448152095,4
8205,64,True,finite_mle,1,,-178.677101376,-176.818700738,3.71680127435,4
8206,58,True,finite_mle,1,,-164.62659359,-163.418494299,2.41619858174,4
8207,50,True,finite_mle,1,,-145.279737579,-144.742370647,1.07473386365,4
8208,56,True,finite_mle,1,,-160.537134323,-160.249262015,0.575744615868,4
8209,54,True,finite_mle,1,,-152.549278183,-152.389082538,0.320391289508,4
8210,54,True,finite_mle,1,,-158.242908856,-158.231091502,0.0236347086048,4
8211,70,True,finite_mle,1,,-185.850441841,-185.069702176,1.56147933132,4
8212,58,True,finite_mle,1,,-166.392887285,-166.190866017,0.404042536377,4
8213,64,True,finite_mle,1,,-171.23904119,-170.674343841,1.12939469862,4
8214,56,True,finite_mle,1,,-159.938244952,-159.75851652,0.359456864003,4
8215,63,True,finite_mle,1,,-166.475092789,-164.638241269,3.67370303974,4
8216,57,True,finite_mle,1,,-160.985363906,-160.135357225,1.70001336203,4
8217,58,True,finite_mle,1,,-162.478386108,-161.998713287,0.959345640304,4
8218,53,True,finite_mle,1,,-153.952841851,-153.096095593,1.71349251764,4
8219,52,True,finite_mle,1,,-155.168960175,-155.069908581,0.19810318899,4
8220,49,True,finite_mle,1,,-141.766101586,-140.81219192,1.90781933204,4
8221,66,True,finite_mle,1,,-182.284085069,-180.858242917,2.85168430489,4
8222,58,True,finite_mle,1,,-164.682526455,-160.899738306,7.56557629782,4
8223,55,True,finite_mle,1,,-159.357953313,-158.557308199,1.6012902277,4
8224,67,True,finite_mle,1,,-185.03352357,-184.209092439,1.64886226254,4
8225,65,True,finite_mle,1,,-171.104360086,-168.602517336,5.00368549916,4
8226,60,True,finite_mle,1,,-167.449549754,-163.657292368,7.58451477057,4
8227,53,True,finite_mle,1,,-153.562618063,-153.468798639,0.187638847552,4
8228,54,True,finite_mle,1,,-160.425872999,-159.71239117,1.4269636581,4
8229,60,True,finite_mle,1,,-166.260502144,-165.656453769,1.20809675141,4
8230,58,True,finite_mle,1,,-159.607348979,-158.582444821,2.04980831611,4
8231,58,True,finite_mle,1,,-161.908353642,-161.890204246,0.0362987929163,4
8232,62,True,finite_mle,1,,-164.278045909,-163.93376592,0.688559978384,4
8233,67,True,finite_mle,1,,-175.472001423,-174.589948592,1.76410566198,4
8234,63,True,finite_mle,1,,-172.986873303,-172.981207321,0.0113319644415,4
8235,59,True,finite_mle,1,,-166.959996448,-165.465333596,2.98932570499,4
8236,58,True,finite_mle,1,,-162.532309104,-162.453978141,0.15666192549,4
8237,50,True,finite_mle,1,,-148.036532549,-147.058809113,1.95544687274,4
8238,76,True,finite_mle,1,,-193.631868773,-192.833867034,1.5960034776,4
8239,56,True,finite_mle,1,,-160.391767187,-159.554054676,1.67542502239,4
8240,63,True,finite_mle,1,,-177.674113071,-176.142808662,3.06260881729,4
8241,57,True,finite_mle,1,,-160.558498432,-160.360502284,0.39599229554,4
8242,59,True,finite_mle,1,,-164.993940735,-162.874998704,4.23788406025,4
8243,60,True,finite_mle,1,,-169.307250069,-169.028828105,0.556843928245,4
8244,48,True,finite_mle,1,,-144.943735098,-144.364338013,1.15879416952,4
8245,60,True,finite_mle,1,,-165.217241241,-165.214040004,0.00640247401066,4
8246,60,True,finite_mle,1,,-167.793866236,-166.627647381,2.33243770969,4
8247,53,True,finite_mle,1,,-157.162976163,-156.93097397,0.464004387369,4
8248,63,True,finite_mle,1,,-174.630773549,-173.73194354,1.79766001642,4
8249,60,True,finite_mle,1,,-165.328926925,-165.183470151,0.290913547276,4
8250,57,True,finite_mle,1,,-163.31002278,-163.039964427,0.540116707108,4
8251,63,True,finite_mle,1,,-174.574216137,-174.391426759,0.365578754236,4
8252,55,True,finite_mle,1,,-160.476893726,-158.538311353,3.87716474709,4
8253,52,True,finite_mle,1,,-153.281750514,-152.686674844,1.19015133934,4
8254,57,True,finite_mle,1,,-158.212052937,-155.197862815,6.02838024574,4
8255,58,True,finite_mle,1,,-161.487406639,-161.147409157,0.679994963742,4
8256,65,True,finite_mle,1,,-177.364255618,-174.281907486,6.16469626408,4
8257,59,True,finite_mle,1,,-165.067572793,-164.15372166,1.82770226657,4
8258,57,True,finite_mle,1,,-164.002792,-163.151375329,1.70283334188,4
8259,55,True,finite_mle,1,,-154.958316647,-154.939984208,0.0366648775221,4
8260,52,True,finite_mle,1,,-150.493353647,-149.551566062,1.88357517089,4
8261,72,True,finite_mle,1,,-190.899227,-190.001352694,1.79574861138,4
8262,53,True,finite_mle,1,,-151.630825254,-151.571629049,0.118392411625,4
8263,54,True,finite_mle,1,,-160.248208947,-158.272529866,3.95135816324,4
8264,68,True,finite_mle,1,,-180.99224172,-180.948442001,0.0875994367083,4
8265,64,True,finite_mle,1,,-178.239675626,-176.781998127,2.91535499791,4
8266,57,True,finite_mle,1,,-158.269443105,-157.919665165,0.699555880024,4
8267,51,True,finite_mle,1,,-151.43225905,-149.995978097,2.87256190743,4
8268,54,True,finite_mle,1,,-151.895311491,-147.675427742,8.43976749713,4
8269,56,True,finite_mle,1,,-160.765669894,-160.441272081,0.64879562607,4
8270,45,True,finite_mle,1,,-141.903638733,-139.742380593,4.32251627925,4
8271,57,True,finite_mle,1,,-161.043551832,-158.905155567,4.27679253012,4
8272,65,True,finite_mle,1,,-179.859123688,-178.264020511,3.1902063543,4
8273,63,True,finite_mle,1,,-176.264142636,-174.350607506,3.82707025964,4
8274,60,True,finite_mle,1,,-171.795766038,-171.330976036,0.929580004737,4
8275,54,True,finite_mle,1,,-158.543948183,-157.479655693,2.12858497987,4
8276,47,True,finite_mle,1,,-136.700504724,-135.958361313,1.48428682251,4
8277,68,True,finite_mle,1,,-183.664506085,-183.372845978,0.583320212721,4
8278,57,True,finite_mle,1,,-161.084506874,-160.423287307,1.32243913525,4
8279,41,True,finite_mle,1,,-131.192530205,-131.042607161,0.299846088934,4
8280,58,True,finite_mle,1,,-165.994312029,-165.842459223,0.303705612603,4
8281,54,True,finite_mle,1,,-156.546904333,-152.12723231,8.83934404661,4
8282,58,True,finite_mle,1,,-166.856135057,-166.759639091,0.19299193275,4
8283,58,True,finite_mle,1,,-168.176181375,-168.139305328,0.0737520931804,4
8284,62,True,finite_mle,1,,-173.054361986,-173.006079911,0.096564150278,4
8285,54,True,finite_mle,1,,-158.69598962,-158.484946356,0.422086528819,4
8286,57,True,finite_mle,1,,-160.122648602,-159.949908586,0.345480032937,4
8287,58,True,finite_mle,1,,-157.708504558,-156.807546519,1.80191607728,4
8288,58,True,finite_mle,1,,-166.713026339,-164.210209592,5.00563349303,4
8289,68,True,finite_mle,1,,-182.601844049,-182.252093521,0.69950105557,4
8290,63,True,finite_mle,1,,-174.015939343,-173.694287556,0.643303574713,4
8291,48,True,finite_mle,1,,-144.366021268,-142.055223012,4.62159651201,4
8292,65,True,finite_mle,1,,-176.787519902,-176.72353886,0.127962084659,4
8293,72,True,finite_mle,1,,-192.251566888,-188.790612535,6.92190870663,4
8294,54,True,finite_mle,1,,-158.358618221,-157.393352272,1.93053189705,4
8295,55,True,finite_mle,1,,-161.453305848,-159.34206139,4.22248891546,4
8296,53,True,finite_mle,1,,-152.241873164,-152.149972726,0.183800875502,4
8297,62,True,finite_mle,1,,-170.477795498,-167.896902203,5.16178658924,4
8298,63,True,finite_mle,1,,-172.22832221,-171.757787602,0.941069216116,4
8299,50,True,finite_mle,1,,-149.88025003,-149.708144236,0.344211587809,4
8300,58,True,finite_mle,1,,-167.611836816,-166.716337763,1.7909981052,4
8301,73,True,finite_mle,1,,-189.492812863,-188.1927827,2.60006032635,4
8302,54,True,finite_mle,1,,-154.651210218,-154.21834737,0.865725696451,4
8303,64,True,finite_mle,1,,-171.189926488,-170.116787194,2.1462785882,4
8304,49,True,finite_mle,1,,-147.699005745,-147.378322947,0.641365596027,4
8305,62,True,finite_mle,1,,-169.024593682,-168.605754847,0.83767767071,4
8306,53,True,finite_mle,1,,-153.180147839,-152.920453779,0.519388120592,4
8307,53,True,finite_mle,1,,-153.254296252,-151.386007295,3.73657791236,4
8308,54,True,finite_mle,1,,-153.437681626,-151.237811549,4.39974015392,4
8309,52,True,finite_mle,1,,-155.417350263,-155.374049106,0.0866023138058,4
8310,61,True,finite_mle,1,,-167.037400361,-164.06590637,5.94298798203,4
8311,53,True,finite_mle,1,,-157.893294455,-157.859539639,0.0675096305054,4
8312,63,True,finite_mle,1,,-170.305621755,-169.673465121,1.26431326808,4
8313,58,True,finite_mle,1,,-164.949957588,-163.13456714,3.63078089536,4
8314,66,True,finite_mle,1,,-179.353491158,-178.460996631,1.78498905375,4
8315,63,True,finite_mle,1,,-168.022030594,-167.201706209,1.64064876948,4
8316,65,True,finite_mle,1,,-180.05246188,-178.438298533,3.22832669402,4
8317,62,True,finite_mle,1,,-170.947591318,-170.279627695,1.33592724588,4
8318,65,True,finite_mle,1,,-179.083823822,-176.914013897,4.33961984859,4
8319,47,True,finite_mle,1,,-144.415070074,-143.531596372,1.76694740363,4
8320,44,True,finite_mle,1,,-133.686338553,-132.471619317,2.4294384732,4
8321,66,True,finite_mle,1,,-182.877219458,-179.789961859,6.17451519819,4
8322,62,True,finite_mle,1,,-174.566298775,-174.149052248,0.834493053245,4
8323,47,True,finite_mle,1,,-145.853186317,-145.284081487,1.13820965966,4
8324,57,True,finite_mle,1,,-161.108090394,-161.086025943,0.0441289027449,4
8325,63,True,finite_mle,1,,-171.241445156,-170.508513827,1.46586265676,4
8326,59,True,finite_mle,1,,-166.484857766,-160.373347624,12.223020285,4
8327,57,True,finite_mle,1,,-164.09972249,-163.661877607,0.875689765363,4
8328,57,True,finite_mle,1,,-164.344473272,-164.26586529,0.157215963825,4
8329,63,True,finite_mle,1,,-168.809505561,-167.176312248,3.26638662522,4
8330,47,True,finite_mle,1,,-144.337210638,-143.980854528,0.712712220101,4
8331,52,True,finite_mle,1,,-142.559191493,-139.081045534,6.95629191847,4
8332,54,True,finite_mle,1,,-158.114031395,-156.888013515,2.45203575971,4
8333,46,True,finite_mle,1,,-141.067237612,-140.020051285,2.09437265343,4
8334,52,True,finite_mle,1,,-155.715713512,-155.356023703,0.719379618413,4
8335,65,True,finite_mle,1,,-173.226166578,-173.202318967,0.0476952223405,4
8336,52,True,finite_mle,1,,-152.293462535,-151.559858004,1.46720906197,4
8337,57,True,finite_mle,1,,-161.05540286,-161.025081839,0.0606420406278,4
8338,55,True,finite_mle,1,,-155.266181592,-154.932961226,0.666440732503,4
8339,55,True,finite_mle,1,,-159.646410845,-158.539548199,2.21372529197,4
8340,56,True,finite_mle,1,,-161.326684441,-160.46803736,1.71729416153,4
8341,49,True,finite_mle,1,,-149.471367229,-149.016572524,0.909589411288,4
8342,63,True,finite_mle,1,,-175.840315011,-175.587438883,0.505752255387,4
8343,52,True,finite_mle,1,,-155.845222302,-152.534673579,6.62109744514,4
8344,54,True,finite_mle,1,,-157.579176957,-156.441572189,2.27520953492,4
8345,50,True,finite_mle,1,,-152.081906242,-150.569851449,3.02410958694,4
8346,50,True,finite_mle,1,,-148.264870406,-148.028276031,0.473188749909,4
8347,49,True,finite_mle,1,,-149.593397366,-148.772226916,1.64234090078,4
8348,63,True,finite_mle,1,,-175.047603837,-173.534773305,3.02566106569,4
8349,61,True,finite_mle,1,,-167.317403355,-167.162322135,0.310162439346,4
8350,56,True,finite_mle,1,,-158.948556161,-158.135775212,1.62556189809,4
8351,77,True,finite_mle,1,,-191.513377141,-190.873105958,1.28054236638,4
8352,53,True,finite_mle,1,,-153.662375167,-153.451423826,0.421902682644,4
8353,57,True,finite_mle,1,,-162.993974404,-162.337502901,1.31294300591,4
8354,49,True,finite_mle,1,,-146.773674711,-146.561591967,0.424165486801,4
8355,58,True,finite_mle,1,,-164.817179616,-162.364043921,4.90627138986,4
8356,59,True,finite_mle,1,,-164.802615862,-163.131971139,3.34128944618,4
8357,51,True,finite_mle,1,,-152.423516575,-151.913471472,1.02009020571,4
8358,67,True,finite_mle,1,,-178.950050604,-176.550118792,4.79986362352,4
8359,62,True,finite_mle,1,,-169.241505652,-167.922026221,2.63895886184,4
8360,57,True,finite_mle,1,,-160.829090013,-159.410933362,2.83631330052,4
8361,48,True,finite_mle,1,,-145.088301189,-143.049655041,4.07729229625,4
8362,51,True,finite_mle,1,,-147.726845672,-146.529950993,2.3937893587,4
8363,53,True,finite_mle,1,,-154.651504742,-154.128207271,1.04659494256,4
8364,58,True,finite_mle,1,,-162.942898027,-161.71574027,2.45431551283,4
8365,54,True,finite_mle,1,,-161.065241593,-160.533276482,1.06393022105,4
8366,64,True,finite_mle,1,,-171.020468364,-168.438020592,5.16489554441,4
8367,40,True,finite_mle,1,,-126.440849612,-122.0668769,8.74794542422,4
8368,57,True,finite_mle,1,,-162.653314703,-162.287107087,0.732415232589,4
8369,51,True,finite_mle,1,,-151.71994906,-149.500641609,4.43861490169,4
8370,60,True,finite_mle,1,,-163.768726675,-162.710914737,2.11562387656,4
8371,59,True,finite_mle,1,,-166.358310632,-166.348144919,0.0203314259815,4
8372,67,True,finite_mle,1,,-177.501952952,-175.966278833,3.07134823685,4
8373,64,True,finite_mle,1,,-170.408016902,-168.994226993,2.82757981847,4
8374,52,True,finite_mle,1,,-154.392953417,-152.986014842,2.81387715033,4
8375,55,True,finite_mle,1,,-157.46162663,-155.881179654,3.16089395363,4
8376,65,True,finite_mle,1,,-176.089431172,-174.244853105,3.68915613492,4
8377,60,True,finite_mle,1,,-170.371641974,-170.20189768,0.339488588192,4
8378,61,True,finite_mle,1,,-167.579329327,-166.87505403,1.40855059585,4
8379,49,True,finite_mle,1,,-149.519120965,-147.669811692,3.69861854518,4
8380,56,True,finite_mle,1,,-161.122932111,-160.916165843,0.413532537137,4
8381,76,True,finite_mle,1,,-197.324877901,-197.032576487,0.584602828275,4
8382,61,True,finite_mle,1,,-171.615846158,-171.268608911,0.694474493048,4
8383,57,True,finite_mle,1,,-161.243942198,-160.629878221,1.22812795439,4
8384,73,True,finite_mle,1,,-187.817280224,-186.698675598,2.2372092516,4
8385,54,True,finite_mle,1,,-159.438417889,-158.614224966,1.64838584636,4
8386,65,True,finite_mle,1,,-176.081644914,-174.240094188,3.68310145359,4
8387,64,True,finite_mle,1,,-173.716572019,-173.563779315,0.305585406075,4
8388,60,True,finite_mle,1,,-167.908267262,-167.788770998,0.238992526117,4
8389,54,True,finite_mle,1,,-147.529951943,-146.781031952,1.49783998158,4
8390,61,True,finite_mle,1,,-172.862466755,-172.456541771,0.811849968105,4
8391,57,True,finite_mle,1,,-158.661362073,-157.068770018,3.18518410888,4
8392,59,True,finite_mle,1,,-165.404395352,-164.162742993,2.48330471801,4
8393,61,True,finite_mle,1,,-172.045041177,-167.671846652,8.74638905008,4
8394,47,True,finite_mle,1,,-140.766717731,-140.571101939,0.391231584176,4
8395,69,True,finite_mle,1,,-183.90003022,-181.615675793,4.56870885355,4
8396,64,True,finite_mle,1,,-174.60971191,-174.248213799,0.722996222911,4
8397,60,True,finite_mle,1,,-166.391683672,-162.702439786,7.37848777165,4
8398,50,True,finite_mle,1,,-149.248606623,-148.612447797,1.27231765287,4
8399,55,True,finite_mle,1,,-162.15107855,-160.503478009,3.29520108189,4
8400,54,True,finite_mle,1,,-156.493203111,-155.904974494,1.17645723491,4
8401,65,True,finite_mle,1,,-175.109793851,-174.394633046,1.43032160932,4
8402,49,True,finite_mle,1,,-147.196097072,-146.668924219,1.05434570669,4
8403,59,True,finite_mle,1,,-165.881928687,-164.574879968,2.61409743793,4
8404,55,True,finite_mle,1,,-159.616077706,-157.595291415,4.04157258136,4
8405,54,True,finite_mle,1,,-157.419448115,-155.144155232,4.5505857654,4
8406,62,True,finite_mle,1,,-169.662079993,-168.39202259,2.54011480545,4
8407,46,True,finite_mle,1,,-143.767344275,-143.152079089,1.23053037087,4
8408,70,True,finite_mle,1,,-182.726243205,-182.230758241,0.99096992774,4
8409,49,True,finite_mle,1,,-147.195333971,-145.97122126,2.44822542266,4
8410,54,True,finite_mle,1,,-157.842026559,-157.743326105,0.197400907895,4
8411,65,True,finite_mle,1,,-177.584307651,-174.891687241,5.38524081873,4
8412,53,True,finite_mle,1,,-156.880158303,-152.788511923,8.18329275947,4
8413,59,True,finite_mle,1,,-168.132680758,-166.3959028,3.47355591709,4
8414,62,True,finite_mle,1,,-173.07145603,-171.649596907,2.84371824627,4
8415,56,True,finite_mle,1,,-156.920990001,-156.452479137,0.937021729342,4
8416,65,True,finite_mle,1,,-170.792986975,-170.533735181,0.518503588851,4
8417,57,True,finite_mle,1,,-161.302435179,-161.133750818,0.33736872245,4
8418,58,True,finite_mle,1,,-164.817183256,-164.584786376,0.464793760683,4
8419,60,True,finite_mle,1,,-165.558132938,-164.471808057,2.17264976131,4
8420,69,True,finite_mle,1,,-185.933210198,-184.177227056,3.51196628428,4
8421,61,True,finite_mle,1,,-171.170853768,-169.244281861,3.85314381327,4
8422,63,True,finite_mle,1,,-174.508392626,-173.033941851,2.94890154991,4
8423,60,True,finite_mle,1,,-167.848916186,-166.558518807,2.58079475776,4
8424,64,True,finite_mle,1,,-176.986061901,-175.602465617,2.76719256802,4
8425,59,True,finite_mle,1,,-168.65328892,-168.614982381,0.0766130783071,4
8426,52,True,finite_mle,1,,-156.062979919,-154.556384272,3.01319129461,4
8427,60,True,finite_mle,1,,-165.41391637,-164.844055939,1.13972086325,4
8428,57,True,finite_mle,1,,-165.919804955,-165.882992222,0.0736254654619,4
8429,61,True,finite_mle,1,,-169.355165184,-167.526552515,3.6572253375,4
8430,47,True,finite_mle,1,,-142.547752666,-141.287146233,2.5212128674,4
8431,61,True,finite_mle,1,,-172.479106376,-172.193900614,0.570411523712,4
8432,52,True,finite_mle,1,,-154.298591522,-153.766101966,1.06497911066,4
8433,59,True,finite_mle,1,,-170.182164206,-169.686993779,0.990340853994,4
8434,66,True,finite_mle,1,,-180.288073506,-178.061430776,4.45328545923,4
8435,55,True,finite_mle,1,,-161.155591431,-159.992672681,2.32583750062,4
8436,65,True,finite_mle,1,,-163.766731969,-160.790800643,5.95186265286,4
8437,60,True,finite_mle,1,,-165.099460913,-164.392484908,1.41395200994,4
8438,56,True,finite_mle,1,,-161.558299224,-161.104098834,0.908400778535,4
8439,58,True,finite_mle,1,,-165.867343333,-164.808379562,2.11792754114,4
8440,58,True,finite_mle,1,,-166.97098024,-166.331840941,1.27827859682,4
8441,58,True,finite_mle,1,,-166.061083902,-163.946441683,4.2292844378,4
8442,53,True,finite_mle,1,,-156.23142246,-153.854642256,4.75356040828,4
8443,50,True,finite_mle,1,,-148.461280963,-145.777047074,5.36846777815,4
8444,65,True,finite_mle,1,,-173.102208932,-171.85579648,2.49282490384,4
8445,53,True,finite_mle,1,,-157.123803541,-157.115058002,0.0174910789087,4
8446,54,True,finite_mle,1,,-157.032156831,-156.470103864,1.12410593547,4
8447,48,True,finite_mle,1,,-140.995828725,-140.743037461,0.505582528278,4
8448,53,True,finite_mle,1,,-157.1087769,-155.606447299,3.00465920256,4
8449,57,True,finite_mle,1,,-163.272696594,-161.808654505,2.92808417817,4
8450,61,True,finite_mle,1,,-168.634271902,-166.618983412,4.0305769798,4
8451,55,True,finite_mle,1,,-159.121985876,-158.653529232,0.936913288371,4
8452,71,True,finite_mle,1,,-189.425088322,-187.823529791,3.20311706221,4
8453,57,True,finite_mle,1,,-159.805000406,-156.018731123,7.57253856628,4
8454,61,True,finite_mle,1,,-171.298111514,-168.959206458,4.67781011109,4
8455,62,True,finite_mle,1,,-171.811830337,-170.141671969,3.34031673749,4
8456,58,True,finite_mle,1,,-165.474319057,-165.275552301,0.397533512758,4
8457,64,True,finite_mle,1,,-174.080721944,-173.960230618,0.240982652451,4
8458,56,True,finite_mle,1,,-159.562278931,-159.06747419,0.989609482752,4
8459,56,True,finite_mle,1,,-162.725389974,-159.724821883,6.00113618337,4
8460,52,True,finite_mle,1,,-147.713922646,-146.83827122,1.75130285132,4
8461,57,True,finite_mle,1,,-161.812436238,-161.418504501,0.78786347447,4
8462,55,True,finite_mle,1,,-154.701462506,-150.13344205,9.13604091221,4
8463,68,True,finite_mle,1,,-179.517869112,-179.487070313,0.0615975971127,4
8464,51,True,finite_mle,1,,-153.165345607,-151.46823873,3.39421375308,4
8465,64,True,finite_mle,1,,-176.169260296,-175.426372332,1.48577592803,4
8466,52,True,finite_mle,1,,-153.431732859,-150.632612038,5.59824164129,4
8467,57,True,finite_mle,1,,-164.432374975,-163.670595752,1.52355844576,4
8468,46,True,finite_mle,1,,-138.763017003,-137.916458479,1.69311704865,4
8469,57,True,finite_mle,1,,-158.641051707,-158.54148621,0.199130994202,4
8470,58,True,finite_mle,1,,-164.720208473,-162.800885604,3.83864573929,4
8471,57,True,finite_mle,1,,-156.782513386,-156.431733073,0.701560625675,4
8472,60,True,finite_mle,1,,-169.030556734,-168.841167734,0.378778000449,4
8473,53,True,finite_mle,1,,-148.485136754,-147.619824491,1.73062452626,4
8474,58,True,finite_mle,1,,-164.528233822,-162.370628917,4.31520980998,4
8475,42,True,finite_mle,1,,-134.448959628,-134.400216164,0.0974869271062,4
8476,68,True,finite_mle,1,,-183.11970924,-181.309625516,3.62016744867,4
8477,53,True,finite_mle,1,,-154.979461582,-152.360846274,5.23723061582,4
8478,62,True,finite_mle,1,,-174.511807123,-174.075331896,0.872950454731,4
8479,41,True,finite_mle,1,,-125.968528817,-125.349661764,1.23773410663,4
8480,52,True,finite_mle,1,,-153.535440746,-153.202572464,0.665736563471,4
8481,65,True,finite_mle,1,,-174.354831591,-173.887761059,0.934141064285,4
8482,57,True,finite_mle,1,,-157.774171944,-156.409498974,2.72934594061,4
8483,53,True,finite_mle,1,,-154.335945364,-154.268652824,0.134585078589,4
8484,55,True,finite_mle,1,,-156.562549636,-156.173944824,0.777209623446,4
8485,67,True,finite_mle,1,,-178.64942005,-177.065424522,3.1679910555,4
8486,56,True,finite_mle,1,,-156.623192646,-155.726345101,1.79369508959,4
8487,57,True,finite_mle,1,,-160.419835333,-159.137650697,2.56436927107,4
8488,56,True,finite_mle,1,,-164.160158256,-162.736863501,2.84658951044,4
8489,51,True,finite_mle,1,,-151.20414364,-150.072675837,2.26293560678,4
8490,65,True,finite_mle,1,,-177.376271839,-176.485673825,1.78119602798,4
8491,51,True,finite_mle,1,,-152.515562269,-152.432744744,0.16563504921,4
8492,66,True,finite_mle,1,,-174.83252552,-174.667673362,0.32970431648,4
8493,69,True,finite_mle,1,,-183.794038184,-183.300530161,0.987016045791,4
8494,60,True,finite_mle,1,,-168.239255977,-167.02760211,2.42330773373,4
8495,56,True,finite_mle,1,,-156.142004428,-153.385368783,5.51327129008,4
8496,54,True,finite_mle,1,,-154.762753711,-151.477434307,6.57063880765,4
8497,47,True,finite_mle,1,,-144.519369361,-143.844884297,1.34897012784,4
8498,52,True,finite_mle,1,,-156.11729971,-153.848886464,4.53682649272,4
8499,55,True,finite_mle,1,,-159.603071302,-158.219274185,2.76759423424,4
8500,59,True,finite_mle,1,,-163.95327355,-163.326477769,1.2535915622,4
8501,56,True,finite_mle,1,,-161.026032305,-160.761367543,0.529329524167,4
8502,53,True,finite_mle,1,,-156.241737315,-156.147723997,0.188026636384,4
8503,52,True,finite_mle,1,,-151.871714774,-151.441771047,0.859887454714,4
8504,56,True,finite_mle,1,,-161.115425269,-160.047686339,2.13547785956,4
8505,50,True,finite_mle,1,,-148.920720263,-148.807745468,0.225949589503,4
8506,63,True,finite_mle,1,,-173.333195136,-171.361423361,3.94354354995,4
8507,66,True,finite_mle,1,,-175.372872382,-174.133068233,2.4796082989,4
8508,50,True,finite_mle,1,,-147.038492647,-146.478155957,1.12067337905,4
8509,60,True,finite_mle,1,,-163.767685441,-163.089135386,1.35710011049,4
8510,55,True,finite_mle,1,,-161.319197104,-160.556184187,1.52602583434,4
8511,58,True,finite_mle,1,,-160.053876949,-160.042497291,0.022759314826,4
8512,60,True,finite_mle,1,,-161.454536001,-160.917414962,1.07424207719,4
8513,53,True,finite_mle,1,,-155.504609831,-155.311791467,0.385636727159,4
8514,56,True,finite_mle,1,,-158.385194673,-158.164315577,0.44175819335,4
8515,61,True,finite_mle,1,,-170.397099125,-168.547400207,3.6993978346,4
8516,60,True,finite_mle,1,,-168.450283248,-167.424821674,2.05092314734,4
8517,66,True,finite_mle,1,,-177.870754351,-177.850834184,0.0398403344122,4
8518,65,True,finite_mle,1,,-173.088162507,-173.029819989,0.116685036546,4
8519,55,True,finite_mle,1,,-158.908761852,-158.790643575,0.23623655457,4
8520,64,True,finite_mle,1,,-172.942353831,-172.630633329,0.623441005305,4
8521,57,True,finite_mle,1,,-158.208536399,-157.760828703,0.895415391162,4
8522,75,True,finite_mle,1,,-194.333481492,-193.319314197,2.02833459035,4
8523,61,True,finite_mle,1,,-172.522615902,-172.163090619,0.719050567017,4
8524,63,True,finite_mle,1,,-172.862829224,-172.438466197,0.848726054566,4
8525,51,True,finite_mle,1,,-150.342968221,-149.370832531,1.94427138079,4
8526,67,True,finite_mle,1,,-181.915661146,-180.213466583,3.40438912627,4
8527,54,True,finite_mle,1,,-155.150853152,-154.762971834,0.775762636063,4
8528,53,True,finite_mle,1,,-153.059393518,-152.02425654,2.07027395433,4
8529,64,True,finite_mle,1,,-171.292969039,-170.912988347,0.759961383609,4
8530,57,True,finite_mle,1,,-162.36237192,-160.73092509,3.26289365937,4
8531,59,True,finite_mle,1,,-167.194781572,-165.10401459,4.18153396318,4
8532,50,True,finite_mle,1,,-150.174827384,-149.820073485,0.7095077994,4
8533,60,True,finite_mle,1,,-166.783947377,-165.509721106,2.54845254118,4
8534,64,True,finite_mle,1,,-175.205384595,-174.424842693,1.5610838042,4
8535,52,True,finite_mle,1,,-152.804951598,-152.626953074,0.35599704898,4
8536,51,True,finite_mle,1,,-151.427465688,-149.211417444,4.43209648806,4
8537,62,True,finite_mle,1,,-167.471555764,-166.880549056,1.18201341574,4
8538,66,True,finite_mle,1,,-178.786847406,-178.439736475,0.694221862099,4
8539,44,True,finite_mle,1,,-139.462342993,-139.082838483,0.759009021078,4
8540,46,True,finite_mle,1,,-139.802371664,-139.54441423,0.515914867184,4
8541,63,True,finite_mle,1,,-171.396791038,-169.243661441,4.30625919511,4
8542,64,True,finite_mle,1,,-178.842761399,-178.758157031,0.169208735147,4
8543,63,True,finite_mle,1,,-171.675711459,-171.451681774,0.448059370775,4
8544,76,True,finite_mle,1,,-196.313235273,-195.400220568,1.82602940943,4
8545,57,True,finite_mle,1,,-159.16887595,-156.29318234,5.75138722025,4
8546,55,True,finite_mle,1,,-155.559008505,-155.365237289,0.38754243221,4
8547,55,True,finite_mle,1,,-161.67468392,-161.318443311,0.712481218338,4
8548,59,True,finite_mle,1,,-165.97864726,-164.257717595,3.44185933142,4
8549,57,True,finite_mle,1,,-162.692077667,-160.224248565,4.93565820365,4
8550,52,True,finite_mle,1,,-152.591448853,-150.828015301,3.52686710375,4
8551,62,True,finite_mle,1,,-175.274532109,-175.183729086,0.181606046896,4
8552,60,True,finite_mle,1,,-164.063758602,-162.239290924,3.6489353562,4
8553,47,True,finite_mle,1,,-144.724134604,-143.639696757,2.16887569429,4
8554,46,True,finite_mle,1,,-141.257727362,-139.939703079,2.63604856632,4
8555,58,True,finite_mle,1,,-164.914798463,-164.787917548,0.253761830676,4
8556,64,True,finite_mle,1,,-175.952270851,-174.627986895,2.64856791314,4
8557,63,True,finite_mle,1,,-170.534559821,-168.09003639,4.88904686232,4
8558,56,True,finite_mle,1,,-156.924288754,-156.496481299,0.855614910499,4
8559,67,True,finite_mle,1,,-182.511104881,-181.716650184,1.58890939309,4
8560,61,True,finite_mle,1,,-170.327122844,-169.524938905,1.60436787746,4
8561,57,True,finite_mle,1,,-162.186472044,-161.407678803,1.55758648321,4
8562,59,True,finite_mle,1,,-160.460907108,-155.540090121,9.84163397395,4
8563,52,True,finite_mle,1,,-150.877917558,-150.554525013,0.646785090218,4
8564,55,True,finite_mle,1,,-155.673026493,-154.86701422,1.61202454534,4
8565,64,True,finite_mle,1,,-172.516752537,-172.402921212,0.227662651123,4
8566,45,True,finite_mle,1,,-139.551553823,-139.008899782,1.0853080813,4
8567,61,True,finite_mle,1,,-167.859919671,-165.959427541,3.80098425916,4
8568,63,True,finite_mle,1,,-173.513089941,-171.076034527,4.87411082832,4
8569,50,True,finite_mle,1,,-151.302630635,-151.037634239,0.5299927906,4
8570,53,True,finite_mle,1,,-151.875187058,-149.865108565,4.02015698619,4
8571,57,True,finite_mle,1,,-163.279425693,-162.598054728,1.36274192984,4
8572,69,True,finite_mle,1,,-184.90484047,-183.469311609,2.87105772185,4
8573,53,True,finite_mle,1,,-153.081054471,-152.576324531,1.00945988048,4
8574,62,True,finite_mle,1,,-172.778337,-167.9453855,9.66590300047,4
8575,54,True,finite_mle,1,,-157.373348386,-156.35788742,2.03092193291,4
8576,72,True,finite_mle,1,,-189.031659288,-187.556643723,2.9500311315,4
8577,55,True,finite_mle,1,,-155.377765867,-150.752803046,9.24992564146,4
8578,56,True,finite_mle,1,,-163.996713364,-163.836518503,0.320389721353,4
8579,61,True,finite_mle,1,,-173.048635975,-172.967638069,0.161995810736,4
8580,60,True,finite_mle,1,,-169.07642354,-168.880314208,0.392218664872,4
8581,56,True,finite_mle,1,,-161.643717594,-158.835371307,5.61669257403,4
8582,49,True,finite_mle,1,,-149.23789744,-148.164016077,2.147762725,4
8583,63,True,finite_mle,1,,-170.228269835,-168.900377403,2.65578486369,4
8584,66,True,finite_mle,1,,-180.507087185,-178.392400054,4.22937426149,4
8585,57,True,finite_mle,1,,-166.13690316,-165.999559293,0.274687733321,4
8586,49,True,finite_mle,1,,-148.871586817,-148.49034184,0.7624899534,4
8587,50,True,finite_mle,1,,-150.622500052,-149.590267838,2.0644644277,4
8588,53,True,finite_mle,1,,-150.968664516,-149.813391355,2.3105463221,4
8589,66,True,finite_mle,1,,-182.745463201,-181.528493954,2.4339384933,4
8590,67,True,finite_mle,1,,-179.220795351,-178.069066219,2.30345826459,4
8591,57,True,finite_mle,1,,-160.803509643,-158.299857998,5.00730328995,4
8592,65,True,finite_mle,1,,-175.414881825,-174.092761086,2.64424147929,4
8593,55,True,finite_mle,1,,-160.881393414,-159.495425423,2.77193598104,4
8594,50,True,finite_mle,1,,-145.773259809,-145.155727993,1.23506363134,4
8595,54,True,finite_mle,1,,-149.987257008,-149.966886154,0.0407417086272,4
8596,69,True,finite_mle,1,,-182.339710317,-182.136175536,0.407069561519,4
8597,41,True,finite_mle,1,,-124.929681928,-124.183767013,1.49182982968,4
8598,61,True,finite_mle,1,,-173.301262751,-172.504197823,1.59412985571,4
8599,63,True,finite_mle,1,,-171.933904792,-170.731882791,2.40404400304,4
8600,60,True,finite_mle,1,,-167.737231955,-167.216736175,1.04099156119,4
8601,66,True,finite_mle,1,,-181.639633197,-181.034990157,1.20928608055,4
8602,54,True,finite_mle,1,,-160.738928557,-160.333695253,0.810466607939,4
8603,61,True,finite_mle,1,,-170.274260083,-170.073471627,0.401576912014,4
8604,60,True,finite_mle,1,,-165.65662695,-164.848321175,1.61661154987,4
8605,50,True,finite_mle,1,,-149.725574245,-149.006834142,1.4374802045,4
8606,54,True,finite_mle,1,,-154.078585831,-153.332655945,1.49185977262,4
8607,73,True,finite_mle,1,,-186.882108683,-186.825392345,0.113432675406,4
8608,55,True,finite_mle,1,,-157.697065302,-157.308860197,0.776410210258,4
8609,49,True,finite_mle,1,,-144.889461738,-144.012196404,1.75453066765,4
8610,68,True,finite_mle,1,,-183.200610264,-181.570278337,3.26066385438,4
8611,61,True,finite_mle,1,,-168.824567461,-168.75286491,0.143405102724,4
8612,63,True,finite_mle,1,,-174.55231277,-173.880008124,1.34460929061,4
8613,59,True,finite_mle,1,,-170.317223514,-170.302663573,0.0291198820675,4
8614,70,True,finite_mle,1,,-179.062746987,-179.040730405,0.0440331643558,4
8615,65,True,finite_mle,1,,-178.50967135,-178.44947842,0.120385860778,4
8616,59,True,finite_mle,1,,-168.051892774,-167.376608626,1.35056829459,4
8617,60,True,finite_mle,1,,-168.980083191,-168.650612223,0.65894193612,4
8618,60,True,finite_mle,1,,-171.555430224,-171.326598128,0.457664191209,4
8619,49,True,finite_mle,1,,-144.810674052,-144.192955876,1.23543635144,4
8620,57,True,finite_mle,1,,-156.570555547,-155.144719306,2.8516724832,4
8621,58,True,finite_mle,1,,-161.218199551,-159.790161612,2.856075878,4
8622,63,True,finite_mle,1,,-173.438532784,-172.329277528,2.21851051292,4
8623,59,True,finite_mle,1,,-165.937059137,-163.37655336,5.12101155455,4
8624,47,True,finite_mle,1,,-144.804600526,-142.687535343,4.23413036483,4
8625,50,True,finite_mle,1,,-151.309460021,-150.629513272,1.35989349811,4
8626,74,True,finite_mle,1,,-191.121814156,-190.176594933,1.89043844524,4
8627,54,True,finite_mle,1,,-156.10480068,-154.396578203,3.41644495528,4
8628,52,True,finite_mle,1,,-154.63845082,-153.57180854,2.13328455952,4
8629,47,True,finite_mle,1,,-137.330561639,-136.886422338,0.888278602708,4
8630,52,True,finite_mle,1,,-155.525872618,-155.080695329,0.890354577943,4
8631,61,True,finite_mle,1,,-171.211132896,-170.26400167,1.8942624509,4
8632,49,True,finite_mle,1,,-143.475337809,-140.163434593,6.62380643217,4
8633,66,True,finite_mle,1,,-180.388127381,-180.268721382,0.238811998608,4
8634,64,True,finite_mle,1,,-179.814435067,-179.500087078,0.628695976944,4
8635,52,True,finite_mle,1,,-153.25396948,-153.243991994,0.0199549714338,4
8636,52,True,finite_mle,1,,-155.359425609,-153.064419267,4.59001268447,4
8637,63,True,finite_mle,1,,-175.073615838,-172.75182325,4.64358517549,4
8638,56,True,finite_mle,1,,-161.943408701,-161.58487334,0.717070722503,4
8639,57,True,finite_mle,1,,-162.959667951,-162.144526177,1.63028354767,4
8640,61,True,finite_mle,1,,-171.926158644,-170.125259668,3.60179795192,4
8641,65,True,finite_mle,1,,-171.425277973,-169.524683622,3.80118870218,4
8642,49,True,finite_mle,1,,-150.213564386,-150.203275056,0.0205786606281,4
8643,60,True,finite_mle,1,,-166.513763712,-164.682303076,3.6629212717,4
8644,67,True,finite_mle,1,,-177.662254976,-177.078158214,1.16819352414,4
8645,55,True,finite_mle,1,,-151.963910212,-150.375986833,3.17584675898,4
8646,60,True,finite_mle,1,,-164.980625088,-164.934337181,0.0925758132777,4
8647,58,True,finite_mle,1,,-167.827946561,-166.197045609,3.26180190462,4
8648,63,True,finite_mle,1,,-169.435787686,-167.293947414,4.28368054475,4
8649,56,True,finite_mle,1,,-161.614149558,-159.578576335,4.07114644639,4
8650,51,True,finite_mle,1,,-150.420461431,-150.263132197,0.314658468468,4
8651,65,True,finite_mle,1,,-173.672403786,-173.107734752,1.12933806664,4
8652,46,True,finite_mle,1,,-141.739051233,-141.607803519,0.262495428164,4
8653,52,True,finite_mle,1,,-153.388041113,-151.830476093,3.11513003909,4
8654,47,True,finite_mle,1,,-139.897113661,-139.255057427,1.28411246925,4
8655,57,True,finite_mle,1,,-159.61673477,-159.413832127,0.405805286148,4
8656,50,True,finite_mle,1,,-149.539249276,-147.999271429,3.07995569311,4
8657,55,True,finite_mle,1,,-154.242188788,-154.191561119,0.101255339674,4
8658,60,True,finite_mle,1,,-170.393010655,-170.268263916,0.249493477374,4
8659,65,True,finite_mle,1,,-176.690453735,-176.144779893,1.09134768379,4
8660,71,True,finite_mle,1,,-185.549580729,-184.615023385,1.86911468847,4
8661,41,True,finite_mle,1,,-131.545652745,-131.395178891,0.30094770943,4
8662,54,True,finite_mle,1,,-159.255417028,-158.53052678,1.44978049595,4
8663,52,True,finite_mle,1,,-151.061470471,-150.135586167,1.85176860838,4
8664,56,True,finite_mle,1,,-156.698734124,-156.003922034,1.38962418051,4
8665,69,True,finite_mle,1,,-184.264377525,-184.077515332,0.373724386461,4
8666,59,True,finite_mle,1,,-165.075727338,-161.901799054,6.34785656801,4
8667,64,True,finite_mle,1,,-175.748241518,-175.617438117,0.261606800407,4
8668,57,True,finite_mle,1,,-162.711107783,-157.943475873,9.53526381901,4
8669,60,True,finite_mle,1,,-164.08986491,-163.956873093,0.2659836325,4
8670,55,True,finite_mle,1,,-157.505389329,-157.349607159,0.311564340296,4
8671,64,True,finite_mle,1,,-173.516369236,-172.341172983,2.35039250579,4
8672,53,True,finite_mle,1,,-155.338899757,-151.319696376,8.03840676224,4
8673,54,True,finite_mle,1,,-159.260551246,-158.629429434,1.26224362476,4
8674,59,True,finite_mle,1,,-161.435912493,-157.584236964,7.70335105827,4
8675,56,True,finite_mle,1,,-163.139880173,-160.722226084,4.83530817905,4
8676,50,True,finite_mle,1,,-150.056290879,-148.935930804,2.24072015037,4
8677,59,True,finite_mle,1,,-164.864764393,-164.467895859,0.79373706908,4
8678,53,True,finite_mle,1,,-147.243865542,-146.880081117,0.727568848327,4
8679,43,True,finite_mle,1,,-135.052533734,-133.87418746,2.35669254728,4
8680,49,True,finite_mle,1,,-147.407121927,-147.151202475,0.511838903352,4
8681,56,True,finite_mle,1,,-162.539120017,-162.028519643,1.02120074714,4
8682,61,True,finite_mle,1,,-169.039869242,-168.74711634,0.585505804184,4
8683,70,True,finite_mle,1,,-185.050883185,-183.364264938,3.37323649344,4
8684,54,True,finite_mle,1,,-156.437848205,-156.379847373,0.116001665633,4
8685,50,True,finite_mle,1,,-150.960133816,-148.634302149,4.65166333412,4
8686,54,True,finite_mle,1,,-158.71067597,-157.912006462,1.59733901794,4
8687,62,True,finite_mle,1,,-174.166608824,-171.056627475,6.21996269881,4
8688,45,True,finite_mle,1,,-136.849119513,-136.428570354,0.841098318589,4
8689,68,True,finite_mle,1,,-177.179782505,-171.745234457,10.8690960966,4
8690,59,True,finite_mle,1,,-165.706068142,-164.940846328,1.53044362729,4
8691,64,True,finite_mle,1,,-176.297951383,-175.786449014,1.02300473834,4
8692,59,True,finite_mle,1,,-168.59543344,-167.647567206,1.89573246821,4
8693,62,True,finite_mle,1,,-173.947064176,-173.552047262,0.790033828157,4
8694,65,True,finite_mle,1,,-178.518471924,-172.228048361,12.580847126,4
8695,55,True,finite_mle,1,,-159.418676665,-156.728446989,5.38045935272,4
8696,63,True,finite_mle,1,,-173.376799635,-173.123068324,0.507462623145,4
8697,70,True,finite_mle,1,,-184.036750322,-183.497624955,1.07825073452,4
8698,50,True,finite_mle,1,,-150.622970058,-150.593126294,0.0596875292891,4
8699,52,True,finite_mle,1,,-153.321256445,-152.715515665,1.21148155981,4
8700,53,True,finite_mle,1,,-158.240145817,-158.212889369,0.0545128959546,4
8701,61,True,finite_mle,1,,-173.746241326,-173.030482264,1.43151812233,4
8702,68,True,finite_mle,1,,-185.304319865,-184.821301959,0.966035811844,4
8703,50,True,finite_mle,1,,-144.931025522,-143.939008189,1.98403466731,4
8704,55,True,finite_mle,1,,-156.567503123,-156.198684657,0.7376369319,4
8705,63,True,finite_mle,1,,-175.51656002,-174.846630861,1.33985831789,4
8706,50,True,finite_mle,1,,-147.07876742,-145.372091712,3.41335141645,4
8707,60,True,finite_mle,1,,-169.480755734,-169.008767687,0.943976094172,4
8708,46,True,finite_mle,1,,-140.282166369,-139.828059893,0.908212951119,4
8709,51,True,finite_mle,1,,-149.705332002,-148.813462183,1.78373963841,4
8710,60,True,finite_mle,1,,-170.188340474,-169.7154924,0.945696148944,4
8711,53,True,finite_mle,1,,-153.277357125,-152.545421412,1.46387142546,4
8712,49,True,finite_mle,1,,-148.218201672,-143.843340355,8.74972263319,4
8713,55,True,finite_mle,1,,-158.896242953,-158.868196024,0.0560938585156,4
8714,68,True,finite_mle,1,,-184.086040598,-183.569212196,1.03365680403,4
8715,59,True,finite_mle,1,,-161.866794233,-160.167311285,3.39896589618,4
8716,54,True,finite_mle,1,,-159.429175662,-157.499697712,3.85895590099,4
8717,55,True,finite_mle,1,,-159.356601698,-158.650650094,1.41190320838,4
8718,61,True,finite_mle,1,,-167.742653718,-167.643782202,0.197743030942,4
8719,48,True,finite_mle,1,,-146.983938488,-141.365333345,11.237210287,4
8720,59,True,finite_mle,1,,-166.238320621,-165.903311041,0.670019159522,4
8721,51,True,finite_mle,1,,-148.427165798,-144.896572708,7.06118618154,4
8722,52,True,finite_mle,1,,-153.042809354,-151.408927821,3.26776306576,4
8723,59,True,finite_mle,1,,-169.35167256,-169.29312644,0.117092239965,4
8724,59,True,finite_mle,1,,-168.86939309,-167.791834502,2.15511717558,4
8725,58,True,finite_mle,1,,-161.629752085,-161.01368771,1.2321287514,4
8726,55,True,finite_mle,1,,-149.960984331,-148.083433215,3.75510223123,4
8727,59,True,finite_mle,1,,-165.454730894,-163.931240386,3.04698101657,4
8728,63,True,finite_mle,1,,-171.043529881,-170.8703624,0.346334960731,4
8729,60,True,finite_mle,1,,-168.601362632,-168.050824425,1.10107641513,4
8730,64,True,finite_mle,1,,-174.847343669,-172.040952441,5.61278245573,4
8731,59,True,finite_mle,1,,-167.618337818,-166.974835397,1.28700484153,4
8732,43,True,finite_mle,1,,-135.516025122,-135.178811862,0.674426519372,4
8733,59,True,finite_mle,1,,-166.147574628,-165.468626094,1.35789706916,4
8734,54,True,finite_mle,1,,-158.43214294,-158.05685663,0.750572619956,4
8735,48,True,finite_mle,1,,-145.460846844,-143.545049793,3.8315941023,4
8736,57,True,finite_mle,1,,-163.006712482,-161.774459003,2.4645069571,4
8737,57,True,finite_mle,1,,-160.022720539,-157.601457546,4.84252598612,4
8738,55,True,finite_mle,1,,-155.218304794,-154.106220893,2.2241678029,4
8739,54,True,finite_mle,1,,-159.309077257,-158.748166017,1.12182247984,4
8740,44,True,finite_mle,1,,-134.747682745,-133.987464527,1.52043643507,4
8741,59,True,finite_mle,1,,-169.071883763,-167.155825382,3.83211676213,4
8742,66,True,finite_mle,1,,-177.888231679,-177.672442205,0.431578947645,4
8743,60,True,finite_mle,1,,-168.043012935,-167.778151437,0.529722995723,4
8744,56,True,finite_mle,1,,-161.92410004,-159.919398712,4.00940265649,4
8745,56,True,finite_mle,1,,-163.221444642,-162.97152615,0.499836984202,4
8746,51,True,finite_mle,1,,-145.358082975,-142.569297906,5.57757013934,4
8747,48,True,finite_mle,1,,-140.25633561,-138.231068381,4.0505344585,4
8748,54,True,finite_mle,1,,-159.58358279,-157.447199402,4.27276677698,4
8749,58,True,finite_mle,1,,-161.803380196,-161.527267336,0.552225721433,4
8750,69,True,finite_mle,1,,-185.342218514,-184.891456378,0.901524271761,4
8751,60,True,finite_mle,1,,-168.888411116,-168.838881158,0.0990599142946,4
8752,52,True,finite_mle,1,,-153.885074075,-151.396847145,4.97645386133,4
8753,59,True,finite_mle,1,,-166.756309833,-165.546886405,2.41884685485,4
8754,52,True,finite_mle,1,,-152.12072265,-151.635465286,0.970514727422,4
8755,50,True,finite_mle,1,,-150.357810913,-149.912883245,0.889855337523,4
8756,67,True,finite_mle,1,,-182.399589706,-180.056118407,4.68694259791,4
8757,62,True,finite_mle,1,,-174.230401347,-170.314521211,7.83176027179,4
8758,57,True,finite_mle,1,,-164.952182307,-163.293766508,3.31683159786,4
8759,59,True,finite_mle,1,,-167.299902382,-167.177156824,0.245491116806,4
8760,67,True,finite_mle,1,,-176.226915529,-175.732501035,0.988828988179,4
8761,63,True,finite_mle,1,,-165.532278716,-160.722828754,9.61889992377,4
8762,58,True,finite_mle,1,,-166.943709466,-166.065283264,1.75685240411,4
8763,53,True,finite_mle,1,,-157.975732887,-157.081736174,1.78799342587,4
8764,55,True,finite_mle,1,,-150.984732763,-150.558214296,0.853036933179,4
8765,68,True,finite_mle,1,,-183.178126591,-182.663764717,1.02872374798,4
8766,51,True,finite_mle,1,,-151.909765001,-147.070295419,9.67893916337,4
8767,56,True,finite_mle,1,,-161.930474558,-158.33109708,7.19875495489,4
8768,67,True,finite_mle,1,,-179.151743938,-178.684780301,0.933927272653,4
8769,51,True,finite_mle,1,,-149.157085291,-148.21334228,1.88748602348,4
8770,65,True,finite_mle,1,,-176.650481652,-175.950879394,1.3992045171,4
8771,52,True,finite_mle,1,,-154.449753745,-153.533476017,1.83255545627,4
8772,45,True,finite_mle,1,,-140.993269663,-140.93191628,0.122706766735,4
8773,49,True,finite_mle,1,,-144.507475335,-144.271153734,0.472643200612,4
8774,61,True,finite_mle,1,,-169.349664173,-168.556998545,1.58533125608,4
8775,66,True,finite_mle,1,,-178.462947526,-178.264098963,0.397697125848,4
8776,48,True,finite_mle,1,,-138.910732328,-138.847965822,0.125533011039,4
8777,65,True,finite_mle,1,,-175.069004953,-174.415686573,1.30663675945,4
8778,52,True,finite_mle,1,,-149.679496112,-149.529496755,0.299998714111,4
8779,58,True,finite_mle,1,,-164.715022499,-164.479049737,0.471945524397,4
8780,49,True,finite_mle,1,,-147.327694971,-145.759536418,3.13631710714,4
8781,51,True,finite_mle,1,,-153.513105311,-151.57568758,3.8748354617,4
8782,50,True,finite_mle,1,,-140.017314239,-137.705861063,4.6229063537,4
8783,72,True,finite_mle,1,,-189.986788137,-189.87179579,0.229984694189,4
8784,48,True,finite_mle,1,,-146.240305617,-145.476235339,1.52814055553,4
8785,62,True,finite_mle,1,,-171.328259152,-169.747795947,3.16092641023,4
8786,48,True,finite_mle,1,,-145.901298492,-145.71324092,0.376115144299,4
8787,73,True,finite_mle,1,,-189.681404756,-188.776753453,1.80930260681,4
8788,55,True,finite_mle,1,,-156.688199792,-156.577656082,0.221087419889,4
8789,66,True,finite_mle,1,,-176.280944506,-175.552875288,1.45613843477,4
8790,52,True,finite_mle,1,,-153.339550473,-152.504770684,1.66955957687,4
8791,67,True,finite_mle,1,,-174.190583103,-173.007423278,2.36631965087,4
8792,55,True,finite_mle,1,,-153.664789429,-151.932086129,3.46540660034,4
8793,57,True,finite_mle,1,,-159.809576352,-159.573253293,0.472646116511,4
8794,56,True,finite_mle,1,,-162.949698071,-162.461206941,0.976982258713,4
8795,47,True,finite_mle,1,,-140.778211217,-140.419286968,0.717848498108,4
8796,46,True,finite_mle,1,,-141.683949879,-141.342768168,0.682363421803,4
8797,63,True,finite_mle,1,,-174.563964172,-174.506985869,0.113956606521,4
8798,57,True,finite_mle,1,,-164.3028194,-163.128953774,2.34773125263,4
8799,61,True,finite_mle,1,,-164.10565353,-162.069679284,4.07194849236,4
8800,61,True,finite_mle,1,,-170.159464888,-169.095769039,2.12739169881,4
8801,51,True,finite_mle,1,,-150.715020953,-150.410498649,0.609044606573,4
8802,52,True,finite_mle,1,,-155.620242592,-155.480519831,0.27944552206,4
8803,63,True,finite_mle,1,,-175.891782153,-174.360105075,3.06335415545,4
8804,54,True,finite_mle,1,,-151.121318015,-150.167473058,1.90768991365,4
8805,57,True,finite_mle,1,,-163.012439715,-161.847865075,2.32914927959,4
8806,58,True,finite_mle,1,,-162.39403233,-160.819981057,3.14810254423,4
8807,65,True,finite_mle,1,,-174.263176801,-174.07561039,0.375132821907,4
8808,71,True,finite_mle,1,,-188.34044454,-186.645928308,3.3890324631,4
8809,64,True,finite_mle,1,,-176.390250533,-174.008219981,4.76406110284,4
8810,56,True,finite_mle,1,,-160.648486868,-160.224554384,0.847864966873,4
8811,59,True,finite_mle,1,,-167.226876244,-166.757066383,0.939619722967,4
8812,58,True,finite_mle,1,,-164.801163954,-163.944287807,1.71375229327,4
8813,51,True,finite_mle,1,,-143.37126679,-141.894950602,2.95263237699,4
8814,63,True,finite_mle,1,,-172.806883266,-172.724784835,0.164196861601,4
8815,67,True,finite_mle,1,,-179.714347259,-178.848454697,1.73178512461,4
8816,52,True,finite_mle,1,,-150.644149581,-149.232253836,2.82379149093,4
8817,58,True,finite_mle,1,,-165.180913344,-164.915365804,0.53109507975,4
8818,57,True,finite_mle,1,,-162.535054752,-162.404324681,0.261460143153,4
8819,53,True,finite_mle,1,,-157.907021796,-157.414498984,0.985045623648,4
8820,60,True,finite_mle,1,,-166.975190651,-166.558072997,0.834235309003,4
8821,58,True,finite_mle,1,,-166.380236697,-165.617084809,1.52630377536,4
8822,76,True,finite_mle,1,,-197.524188037,-195.814729898,3.41891627628,4
8823,63,True,finite_mle,1,,-175.52365488,-174.733916261,1.57947723882,4
8824,64,True,finite_mle,1,,-177.061659366,-176.961536374,0.200245985417,4
8825,65,True,finite_mle,1,,-172.669069779,-172.363879369,0.610380820898,4
8826,59,True,finite_mle,1,,-166.808967708,-164.655978036,4.305979345,4
8827,57,True,finite_mle,1,,-163.119936463,-161.450548272,3.33877638036,4
8828,53,True,finite_mle,1,,-157.096200065,-154.861320876,4.46975837847,4
8829,53,True,finite_mle,1,,-153.01614735,-150.227217141,5.57786041858,4
8830,50,True,finite_mle,1,,-143.216201981,-142.577138243,1.27812747575,4
8831,52,True,finite_mle,1,,-149.361660624,-147.21294566,4.29742992855,4
8832,58,True,finite_mle,1,,-167.90923093,-166.66183561,2.49479064127,4
8833,48,True,finite_mle,1,,-145.824574448,-144.681635888,2.28587712065,4
8834,60,True,finite_mle,1,,-168.615132616,-167.532725438,2.16481435689,4
8835,60,True,finite_mle,1,,-161.086231167,-159.392354741,3.38775285087,4
8836,59,True,finite_mle,1,,-161.121446098,-160.943542367,0.355807461656,4
8837,60,True,finite_mle,1,,-170.47396738,-169.780070903,1.38779295485,4
8838,53,True,finite_mle,1,,-150.831601917,-147.370956434,6.92129096655,4
8839,56,True,finite_mle,1,,-156.989120071,-154.715818304,4.54660353348,4
8840,59,True,finite_mle,1,,-165.57433865,-165.56603211,0.0166130815944,4
8841,54,True,finite_mle,1,,-155.6222262,-155.504100817,0.236250764211,4
8842,59,True,finite_mle,1,,-164.553511155,-161.92018435,5.26665360951,4
8843,56,True,finite_mle,1,,-163.366119073,-163.304931123,0.122375900412,4
8844,65,True,finite_mle,1,,-176.765993055,-175.644175551,2.2436350063,4
8845,58,True,finite_mle,1,,-159.903741902,-159.517985191,0.771513422036,4
8846,53,True,finite_mle,1,,-155.946077711,-155.37284686,1.14646170246,4
8847,56,True,finite_mle,1,,-162.311719247,-161.822587655,0.978263183434,4
8848,48,True,finite_mle,1,,-147.538805982,-145.089308211,4.89899554274,4
8849,59,True,finite_mle,1,,-169.372324256,-167.960266233,2.8241160459,4
8850,60,True,finite_mle,1,,-166.21011964,-164.764835896,2.8905674887,4
8851,57,True,finite_mle,1,,-159.921659525,-157.787866976,4.26758509778,4
8852,64,True,finite_mle,1,,-179.098371524,-178.271893158,1.65295673129,4
8853,54,True,finite_mle,1,,-159.591275503,-159.506164058,0.170222889364,4
8854,61,True,finite_mle,1,,-171.132262082,-170.492616225,1.2792917149,4
8855,70,True,finite_mle,1,,-181.231952191,-177.888008414,6.68788755505,4
8856,57,True,finite_mle,1,,-164.572884891,-163.910817021,1.32413574139,4
8857,75,True,finite_mle,1,,-189.697071694,-189.578777138,0.236589113151,4
8858,54,True,finite_mle,1,,-160.309796349,-158.408643177,3.80230634539,4
8859,54,True,finite_mle,1,,-159.884481814,-159.270230775,1.22850207824,4
8860,54,True,finite_mle,1,,-152.402607003,-151.175082173,2.45504966051,4
8861,60,True,finite_mle,1,,-165.049474228,-163.154362958,3.79022254021,4
8862,56,True,finite_mle,1,,-160.650201218,-159.499506587,2.3013892631,4
8863,58,True,finite_mle,1,,-160.293011079,-160.063295663,0.459430831949,4
8864,70,True,finite_mle,1,,-184.630332041,-183.326169505,2.60832507139,4
8865,49,True,finite_mle,1,,-147.249919275,-146.640680124,1.2184783011,4
8866,57,True,finite_mle,1,,-163.434469701,-163.129090092,0.610759218706,4
8867,70,True,finite_mle,1,,-186.813823333,-185.577701981,2.4722427045,4
8868,53,True,finite_mle,1,,-149.138321325,-148.520257024,1.23612860086,4
8869,56,True,finite_mle,1,,-162.825559075,-161.539228717,2.57266071619,4
8870,58,True,finite_mle,1,,-164.15181902,-163.524204129,1.25522978237,4
8871,63,True,finite_mle,1,,-176.409662621,-174.816481584,3.18636207341,4
8872,58,True,finite_mle,1,,-160.078024412,-158.650181189,2.85568644658,4
8873,47,True,finite_mle,1,,-139.789425671,-139.729710536,0.119430269037,4
8874,63,True,finite_mle,1,,-171.189883846,-171.169541029,0.0406856336833,4
8875,48,True,finite_mle,1,,-146.399763048,-145.949232917,0.901060261442,4
8876,63,True,finite_mle,1,,-175.997733749,-175.932265969,0.130935560799,4
8877,49,True,finite_mle,1,,-145.690166711,-144.362846376,2.65464066944,4
8878,53,True,finite_mle,1,,-158.112726976,-158.066664496,0.0921249615167,4
8879,61,True,finite_mle,1,,-168.672104497,-167.345237016,2.65373496226,4
8880,61,True,finite_mle,1,,-172.813427429,-170.661465826,4.30392320427,4
8881,56,True,finite_mle,1,,-162.291575875,-160.332213567,3.9187246168,4
8882,55,True,finite_mle,1,,-154.487974614,-154.107398391,0.761152444791,4
8883,58,True,finite_mle,1,,-162.540054672,-160.960126292,3.15985676018,4
8884,47,True,finite_mle,1,,-144.992967697,-144.74803417,0.489867053532,4
8885,65,True,finite_mle,1,,-175.667631054,-175.12466765,1.08592680837,4
8886,52,True,finite_mle,1,,-155.265568744,-153.614126715,3.30288405886,4
8887,60,True,finite_mle,1,,-166.777650134,-163.182455119,7.19039002973,4
8888,50,True,finite_mle,1,,-152.162569294,-151.974452511,0.376233567214,4
8889,50,True,finite_mle,1,,-151.01652498,-150.489577178,1.05389560408,4
8890,51,True,finite_mle,1,,-149.892896825,-148.570471711,2.6448502291,4
8891,60,True,finite_mle,1,,-169.271238122,-168.074967082,2.39254208024,4
8892,62,True,finite_mle,1,,-170.416919503,-169.936627362,0.960584282108,4
8893,52,True,finite_mle,1,,-149.057554546,-148.362955915,1.38919726105,4
8894,64,True,finite_mle,1,,-176.572644726,-174.359796118,4.42569721553,4
8895,57,True,finite_mle,1,,-158.671491227,-158.056785626,1.22941120298,4
8896,69,True,finite_mle,1,,-181.369287993,-181.132573687,0.473428611525,4
8897,64,True,finite_mle,1,,-170.25393158,-169.923591768,0.660679622093,4
8898,61,True,finite_mle,1,,-168.839709818,-167.078286213,3.52284721164,4
8899,51,True,finite_mle,1,,-151.124867761,-150.309946704,1.62984211406,4
8900,69,True,finite_mle,1,,-183.937641729,-180.96001593,5.95525159779,4
8901,53,True,finite_mle,1,,-155.092177813,-154.585693804,1.01296801718,4
8902,67,True,finite_mle,1,,-181.913457199,-180.756009901,2.31489459594,4
8903,66,True,finite_mle,1,,-176.483320774,-176.428809665,0.109022217112,4
8904,62,True,finite_mle,1,,-176.326733774,-173.542052568,5.56936241346,4
8905,46,True,finite_mle,1,,-140.835079131,-139.085366581,3.49942510076,4
8906,49,True,finite_mle,1,,-144.164412004,-143.584721566,1.15938087566,4
8907,59,True,finite_mle,1,,-168.785879547,-164.558406973,8.45494514796,4
8908,57,True,finite_mle,1,,-160.552164517,-160.538975704,0.026377626624,4
8909,60,True,finite_mle,1,,-169.135598788,-168.984277442,0.302642691607,4
8910,56,True,finite_mle,1,,-162.565204801,-157.872618248,9.38517310482,4
8911,63,True,finite_mle,1,,-172.935634106,-172.198880167,1.47350787776,4
8912,52,True,finite_mle,1,,-155.056910749,-152.412618375,5.28858474843,4
8913,57,True,finite_mle,1,,-159.063890991,-158.237758073,1.65226583723,4
8914,58,True,finite_mle,1,,-167.002236385,-166.441589151,1.12129446848,4
8915,66,True,finite_mle,1,,-181.321056357,-181.121276084,0.399560544775,4
8916,59,True,finite_mle,1,,-167.783858526,-167.677921676,0.211873699964,4
8917,64,True,finite_mle,1,,-173.598950044,-172.945887312,1.30612546452,4
8918,47,True,finite_mle,1,,-141.46370926,-140.847669555,1.23207941085,4
8919,66,True,finite_mle,1,,-177.00625468,-176.287728777,1.43705180469,4
8920,64,True,finite_mle,1,,-174.212375803,-172.935384033,2.55398354029,4
8921,49,True,finite_mle,1,,-143.650855187,-142.240283635,2.82114310346,4
8922,57,True,finite_mle,1,,-160.247950582,-155.689348355,9.11720445469,4
8923,60,True,finite_mle,1,,-169.887576039,-169.45007112,0.875009836436,4
8924,58,True,finite_mle,1,,-168.033832854,-167.740808391,0.586048926251,4
8925,66,True,finite_mle,1,,-169.448472713,-168.73569078,1.42556386646,4
8926,56,True,finite_mle,1,,-163.757088163,-163.133332498,1.24751133,4
8927,61,True,finite_mle,1,,-170.215563207,-169.101598752,2.22792891129,4
8928,60,True,finite_mle,1,,-169.827157104,-169.821949828,0.0104145534406,4
8929,55,True,finite_mle,1,,-156.935604162,-154.28448562,5.30223708392,4
8930,60,True,finite_mle,1,,-171.070681447,-169.980171605,2.18101968411,4
8931,61,True,finite_mle,1,,-173.346603917,-170.845025323,5.00315718989,4
8932,58,True,finite_mle,1,,-166.575540544,-164.106381574,4.93831793958,4
8933,60,True,finite_mle,1,,-169.290123551,-167.944715196,2.69081670882,4
8934,56,True,finite_mle,1,,-161.30912829,-161.127472891,0.363310798549,4
8935,49,True,finite_mle,1,,-146.64770407,-146.080337151,1.13473383747,4
8936,59,True,finite_mle,1,,-165.431842119,-165.269659635,0.324364967966,4
8937,56,True,finite_mle,1,,-162.643909108,-162.484892498,0.318033220143,4
8938,58,True,finite_mle,1,,-163.218353212,-162.175894424,2.08491757736,4
8939,57,True,finite_mle,1,,-162.522921633,-158.612240677,7.82136191149,4
8940,67,True,finite_mle,1,,-180.734272527,-178.21134557,5.04585391258,4
8941,62,True,finite_mle,1,,-172.552273407,-172.287893469,0.528759875139,4
8942,55,True,finite_mle,1,,-161.29273957,-160.359137552,1.86720403609,4
8943,64,True,finite_mle,1,,-175.730467136,-172.029811355,7.40131156059,4
8944,63,True,finite_mle,1,,-166.871559504,-166.151196894,1.44072522076,4
8945,62,True,finite_mle,1,,-171.727346178,-168.738069959,5.97855243752,4
8946,63,True,finite_mle,1,,-173.094210525,-172.548638016,1.09114501745,4
8947,59,True,finite_mle,1,,-169.144873372,-168.303721358,1.68230402828,4
8948,56,True,finite_mle,1,,-162.383524578,-160.058060128,4.65092889993,4
8949,65,True,finite_mle,1,,-178.41930912,-176.838740518,3.1611372047,4
8950,59,True,finite_mle,1,,-166.193977516,-165.791685857,0.804583316685,4
8951,73,True,finite_mle,1,,-190.441935121,-189.323215756,2.23743872949,4
8952,69,True,finite_mle,1,,-183.537814168,-183.211565491,0.652497354652,4
8953,53,True,finite_mle,1,,-155.850608504,-155.80076907,0.0996788670876,4
8954,58,True,finite_mle,1,,-159.563785006,-158.153459953,2.82065010505,4
8955,55,True,finite_mle,1,,-161.914157834,-161.059908519,1.70849863055,4
8956,63,True,finite_mle,1,,-166.796923349,-164.800294261,3.99325817674,4
8957,63,True,finite_mle,1,,-171.338274128,-171.192017458,0.292513340881,4
8958,63,True,finite_mle,1,,-175.849843791,-175.20001984,1.29964790077,4
8959,49,True,finite_mle,1,,-145.431443384,-144.797037675,1.26881141625,4
8960,39,True,finite_mle,1,,-128.480769437,-128.259667744,0.442203385356,4
8961,60,True,finite_mle,1,,-166.794930365,-166.588819111,0.412222507836,4
8962,58,True,finite_mle,1,,-157.755638954,-156.535689136,2.43989963566,4
8963,64,True,finite_mle,1,,-174.936914539,-174.485254085,0.903320907697,4
8964,59,True,finite_mle,1,,-163.955221153,-163.679371375,0.551699555507,4
8965,46,True,finite_mle,1,,-143.368469718,-142.879997784,0.97694386712,4
8966,52,True,finite_mle,1,,-155.689039768,-155.324053789,0.729971957711,4
8967,56,True,finite_mle,1,,-160.377949733,-157.74047094,5.27495758509,4
8968,57,True,finite_mle,1,,-161.562053589,-159.475063771,4.17397963647,4
8969,55,True,finite_mle,1,,-156.099315746,-155.902272296,0.394086901026,4
8970,61,True,finite_mle,1,,-170.496967597,-170.02111994,0.951695314892,4
8971,44,True,finite_mle,1,,-134.740935484,-133.410304365,2.66126223748,4
8972,61,True,finite_mle,1,,-173.352008489,-171.899327599,2.90536177995,4
8973,54,True,finite_mle,1,,-157.448175268,-155.762740284,3.37086996851,4
8974,70,True,finite_mle,1,,-181.870404641,-181.619290028,0.502229226291,4
8975,50,True,finite_mle,1,,-148.806210991,-145.73204523,6.14833152277,4
8976,50,True,finite_mle,1,,-151.294301248,-150.280817587,2.02696732297,4
8977,61,True,finite_mle,1,,-169.757117113,-167.926955144,3.66032393973,4
8978,53,True,finite_mle,1,,-152.09701288,-151.864176077,0.46567360631,4
8979,53,True,finite_mle,1,,-152.266014605,-152.053305167,0.425418875961,4
8980,53,True,finite_mle,1,,-153.912412034,-153.614042549,0.59673897096,4
8981,59,True,finite_mle,1,,-167.35126923,-166.340479885,2.02157869034,4
8982,64,True,finite_mle,1,,-177.033629846,-176.452314283,1.16263112482,4
8983,52,True,finite_mle,1,,-156.373793532,-155.983452854,0.780681356054,4
8984,61,True,finite_mle,1,,-168.089528312,-167.249127,1.68080262439,4
8985,45,True,finite_mle,1,,-136.437728504,-136.075586551,0.72428390643,4
8986,58,True,finite_mle,1,,-164.012034409,-162.990955137,2.04215854384,4
8987,52,True,finite_mle,1,,-151.770346221,-151.362983999,0.814724444386,4
8988,70,True,finite_mle,1,,-184.874654516,-184.773728463,0.201852106334,4
8989,52,True,finite_mle,1,,-150.836497222,-150.016639419,1.6397156057,4
8990,54,True,finite_mle,1,,-157.953271962,-157.858430358,0.189683208333,4
8991,54,True,finite_mle,1,,-154.202688861,-152.394406735,3.61656425154,4
8992,47,True,finite_mle,1,,-140.729561706,-139.347176109,2.76477119394,4
8993,54,True,finite_mle,1,,-153.511640652,-153.390321361,0.242638580505,4
8994,56,True,finite_mle,1,,-161.745029514,-161.668178611,0.153701806419,4
8995,59,True,finite_mle,1,,-169.426095324,-168.045868642,2.76045336421,4
8996,48,True,finite_mle,1,,-143.746164577,-142.173500216,3.14532872181,4
8997,56,True,finite_mle,1,,-155.628508386,-155.541409244,0.174198284905,4
8998,63,True,finite_mle,1,,-172.610649355,-170.594864161,4.0315703875,4
8999,53,True,finite_mle,1,,-149.575309891,-149.140496993,0.869625795615,4
9000,57,True,finite_mle,1,,-162.165018798,-161.025074648,2.27988829953,4
9001,55,True,finite_mle,1,,-156.983186807,-156.516135238,0.934103139513,4
9002,52,True,finite_mle,1,,-153.282385186,-153.043705072,0.477360227831,4
9003,58,True,finite_mle,1,,-167.028344373,-166.804721928,0.447244889667,4
9004,58,True,finite_mle,1,,-165.058186575,-163.927457014,2.26145912249,4
9005,58,True,finite_mle,1,,-162.095604871,-160.463327728,3.26455428616,4
9006,61,True,finite_mle,1,,-170.478725825,-168.749808898,3.45783385435,4
9007,58,True,finite_mle,1,,-166.841643942,-166.325042189,1.03320350561,4
9008,56,True,finite_mle,1,,-162.864025887,-160.974258365,3.77953504504,4
9009,72,True,finite_mle,1,,-188.293260372,-188.086777234,0.412966276279,4
9010,53,True,finite_mle,1,,-157.213769781,-154.470913927,5.48571170858,4
9011,54,True,finite_mle,1,,-158.973563409,-157.764916307,2.41729420315,4
9012,49,True,finite_mle,1,,-147.231120529,-146.88885193,0.684537198261,4
9013,62,True,finite_mle,1,,-173.259130496,-173.173536495,0.171188002237,4
9014,52,True,finite_mle,1,,-154.874400374,-154.017180372,1.71444000534,4
9015,53,True,finite_mle,1,,-154.700652974,-152.181580606,5.03814473527,4
9016,62,True,finite_mle,1,,-167.014071101,-164.52607883,4.97598454366,4
9017,55,True,finite_mle,1,,-155.997475913,-153.262546725,5.46985837648,4
9018,57,True,finite_mle,1,,-161.520221376,-159.934277034,3.17188868456,4
9019,58,True,finite_mle,1,,-164.628588857,-164.431469619,0.394238476088,4
9020,54,True,finite_mle,1,,-157.00875165,-154.129963146,5.75757700786,4
9021,52,True,finite_mle,1,,-154.16682209,-153.528310547,1.27702308551,4
9022,64,True,finite_mle,1,,-179.184133819,-175.062728111,8.24281141617,4
9023,50,True,finite_mle,1,,-149.447953069,-149.099304637,0.697296862967,4
9024,59,True,finite_mle,1,,-166.753968928,-161.514176936,10.4795839839,4
9025,60,True,finite_mle,1,,-169.726371734,-167.765638478,3.92146651111,4
9026,53,True,finite_mle,1,,-156.219130903,-155.945244462,0.547772881782,4
9027,55,True,finite_mle,1,,-157.789563669,-157.759279171,0.060568996142,4
9028,59,True,finite_mle,1,,-163.817072357,-162.460422442,2.71329983131,4
9029,54,True,finite_mle,1,,-158.191574281,-157.982115792,0.418916977346,4
9030,52,True,finite_mle,1,,-147.694297287,-146.936045041,1.51650449293,4
9031,55,True,finite_mle,1,,-157.67433675,-157.263097978,0.822477545055,4
9032,61,True,finite_mle,1,,-173.142778611,-172.160602917,1.9643513893,4
9033,60,True,finite_mle,1,,-171.640553899,-169.405817221,4.46947335505,4
9034,67,True,finite_mle,1,,-183.229006705,-179.6372462,7.18352101008,4
9035,62,True,finite_mle,1,,-167.35445403,-166.914733357,0.879441346827,4
9036,63,True,finite_mle,1,,-170.136832169,-169.762941972,0.747780393586,4
9037,50,True,finite_mle,1,,-149.273990488,-148.375325853,1.79732926996,4
9038,49,True,finite_mle,1,,-150.160722944,-149.139626998,2.04219189248,4
9039,50,True,finite_mle,1,,-150.305062261,-149.393598473,1.82292757561,4
9040,50,True,finite_mle,1,,-148.431561754,-144.31764119,8.2278411273,4
9041,60,True,finite_mle,1,,-168.968508447,-167.461230869,3.01455515667,4
9042,64,True,finite_mle,1,,-177.975529471,-177.168675638,1.61370766508,4
9043,68,True,finite_mle,1,,-183.36797507,-183.32558959,0.0847709587251,4
9044,58,True,finite_mle,1,,-160.717060699,-159.745865317,1.94239076426,4
9045,54,True,finite_mle,1,,-159.550087246,-159.454272796,0.191628900503,4
9046,57,True,finite_mle,1,,-158.845980363,-157.846707268,1.99854619032,4
9047,67,True,finite_mle,1,,-181.208118857,-176.170957052,10.0743236098,4
9048,50,True,finite_mle,1,,-147.584120047,-146.170049652,2.82814078983,4
9049,46,True,finite_mle,1,,-139.690376604,-136.86419521,5.65236278804,4
9050,65,True,finite_mle,1,,-174.643431397,-174.273533016,0.739796761331,4
9051,51,True,finite_mle,1,,-152.491898768,-151.474888076,2.03402138525,4
9052,54,True,finite_mle,1,,-156.505359416,-154.781746273,3.44722628531,4
9053,70,True,finite_mle,1,,-180.676495045,-180.312564289,0.727861511201,4
9054,65,True,finite_mle,1,,-173.844002424,-172.830284145,2.02743655699,4
9055,51,True,finite_mle,1,,-150.962496788,-148.062900489,5.7991925995,4
9056,55,True,finite_mle,1,,-160.319240664,-159.890831935,0.856817459044,4
9057,55,True,finite_mle,1,,-161.444630515,-160.666351106,1.55655881855,4
9058,63,True,finite_mle,1,,-170.993321485,-170.494306413,0.998030143134,4
9059,65,True,finite_mle,1,,-177.947022476,-176.742340146,2.40936466086,4
9060,47,True,finite_mle,1,,-141.416534204,-140.985267858,0.862532690947,4
9061,46,True,finite_mle,1,,-141.510154204,-139.341534903,4.33723860176,4
9062,59,True,finite_mle,1,,-166.031830666,-164.941305223,2.18105088571,4
9063,42,True,finite_mle,1,,-133.492536019,-133.351803516,0.28146500683,4
9064,53,True,finite_mle,1,,-155.490382694,-154.753947594,1.47287020118,4
9065,59,True,finite_mle,1,,-170.715057443,-169.12057681,3.18896126718,4
9066,51,True,finite_mle,1,,-148.765416335,-148.443013243,0.644806184674,4
9067,60,True,finite_mle,1,,-171.42599091,-170.654425557,1.54313070673,4
9068,56,True,finite_mle,1,,-156.295514499,-154.588423698,3.41418160054,4
9069,54,True,finite_mle,1,,-154.127870815,-152.323192906,3.60935581796,4
9070,57,True,finite_mle,1,,-163.569028225,-162.830098663,1.47785912533,4
9071,52,True,finite_mle,1,,-155.062064467,-153.301302053,3.52152482788,4
9072,68,True,finite_mle,1,,-178.920947489,-178.410477542,1.02093989375,4
9073,68,True,finite_mle,1,,-179.384947134,-179.147974556,0.473945155658,4
9074,46,True,finite_mle,1,,-142.188656438,-140.694800489,2.98771189901,4
9075,59,True,finite_mle,1,,-165.813811708,-165.244657189,1.13830903644,4
9076,60,True,finite_mle,1,,-161.127106418,-160.831349352,0.591514131656,4
9077,61,True,finite_mle,1,,-162.263407231,-161.992780494,0.541253473333,4
9078,59,True,finite_mle,1,,-163.416291377,-162.3983097,2.03596335343,4
9079,60,True,finite_mle,1,,-167.890774307,-167.59199141,0.59756579419,4
9080,52,True,finite_mle,1,,-152.21642237,-151.566360382,1.30012397531,4
9081,57,True,finite_mle,1,,-162.925524976,-162.899640086,0.0517697814132,4
9082,53,True,finite_mle,1,,-151.998590316,-151.957771274,0.0816380836011,4
9083,51,True,finite_mle,1,,-151.471080505,-150.945295102,1.05157080729,4
9084,68,True,finite_mle,1,,-181.689648509,-180.468869451,2.44155811751,4
9085,61,True,finite_mle,1,,-167.796888986,-167.205740558,1.18229685654,4
9086,55,True,finite_mle,1,,-159.710379611,-159.350434952,0.71988931686,4
9087,61,True,finite_mle,1,,-170.889469612,-170.17081096,1.4373173043,4
9088,66,True,finite_mle,1,,-181.662067412,-179.049350486,5.22543385257,4
9089,53,True,finite_mle,1,,-155.022801102,-154.88867994,0.268242323861,4
9090,60,True,finite_mle,1,,-165.569600369,-165.439349178,0.260502380469,4
9091,63,True,finite_mle,1,,-172.241604262,-171.773551194,0.936106136667,4
9092,50,True,finite_mle,1,,-148.204831116,-147.868212962,0.67323630756,4
9093,58,True,finite_mle,1,,-161.747210158,-161.703601555,0.0872172072214,4
9094,55,True,finite_mle,1,,-157.109134836,-156.574247617,1.06977443943,4
9095,57,True,finite_mle,1,,-164.509937571,-163.829183169,1.36150880271,4
9096,60,True,finite_mle,1,,-167.154936458,-166.527054749,1.2557634164,4
9097,64,True,finite_mle,1,,-175.357157741,-174.713538333,1.28723881423,4
9098,53,True,finite_mle,1,,-154.814566072,-154.341571304,0.94598953656,4
9099,58,True,finite_mle,1,,-162.729573978,-161.827305963,1.80453603076,4
9100,58,True,finite_mle,1,,-167.224756034,-164.922194798,4.60512247124,4
9101,54,True,finite_mle,1,,-150.328299488,-149.989491413,0.677616149854,4
9102,63,True,finite_mle,1,,-168.545607021,-168.515555744,0.0601025547144,4
9103,59,True,finite_mle,1,,-165.602739053,-165.201093801,0.803290505345,4
9104,72,True,finite_mle,1,,-187.529266549,-187.308399117,0.441734865264,4
9105,56,True,finite_mle,1,,-162.647908571,-161.44178353,2.4122500823,4
9106,73,True,finite_mle,1,,-185.052262888,-184.978227466,0.148070844071,4
9107,67,True,finite_mle,1,,-177.757472331,-177.632148471,0.25064771918,4
9108,64,True,finite_mle,1,,-166.657436473,-166.269484197,0.775904553222,4
9109,63,True,finite_mle,1,,-173.605543369,-172.406786833,2.39751307183,4
9110,54,True,finite_mle,1,,-158.94945562,-158.560629262,0.77765271532,4
9111,56,True,finite_mle,1,,-160.121883943,-158.73302036,2.77772716667,4
9112,62,True,finite_mle,1,,-169.661514303,-168.878546428,1.56593575094,4
9113,62,True,finite_mle,1,,-167.044782299,-166.778411575,0.532741448412,4
9114,57,True,finite_mle,1,,-163.047112042,-159.969534158,6.15515576673,4
9115,63,True,finite_mle,1,,-173.286001602,-172.675578227,1.22084674979,4
9116,67,True,finite_mle,1,,-181.137857864,-178.382544855,5.510626017,4
9117,60,True,finite_mle,1,,-169.127674844,-169.052122829,0.151104030158,4
9118,51,True,finite_mle,1,,-149.835251903,-148.524137579,2.62222864893,4
9119,54,True,finite_mle,1,,-159.061940699,-158.00559566,2.11269007886,4
9120,48,True,finite_mle,1,,-146.582257606,-146.161827198,0.840860816238,4
9121,58,True,finite_mle,1,,-162.464382105,-162.275450042,0.377864126707,4
9122,57,True,finite_mle,1,,-164.205696989,-161.002479198,6.40643558149,4
9123,57,True,finite_mle,1,,-161.572360811,-158.998946683,5.14682825439,4
9124,65,True,finite_mle,1,,-173.041012744,-172.978323461,0.12537856602,4
9125,65,True,finite_mle,1,,-174.709995336,-171.040966067,7.33805853846,4
9126,76,True,finite_mle,1,,-197.451196928,-195.626593204,3.649207448,4
9127,60,True,finite_mle,1,,-171.660516771,-171.419170963,0.482691617123,4
9128,56,True,finite_mle,1,,-160.974163832,-160.566454863,0.815417937295,4
9129,56,True,finite_mle,1,,-159.135789344,-158.421409162,1.42876036258,4
9130,46,True,finite_mle,1,,-140.348017668,-139.403537466,1.88896040422,4
9131,64,True,finite_mle,1,,-175.152856314,-174.812129907,0.681452813489,4
9132,57,True,finite_mle,1,,-163.479083195,-162.748744597,1.46067719532,4
9133,58,True,finite_mle,1,,-165.582468769,-165.367578314,0.429780909012,4
9134,62,True,finite_mle,1,,-170.779664559,-168.211385242,5.13655863551,4
9135,65,True,finite_mle,1,,-177.852715961,-176.742609751,2.2202124186,4
9136,49,True,finite_mle,1,,-143.268077578,-140.642235496,5.25168416543,4
9137,60,True,finite_mle,1,,-164.564827286,-164.075768345,0.978117881303,4
9138,60,True,finite_mle,1,,-169.692165523,-169.584751876,0.214827294214,4
9139,59,True,finite_mle,1,,-163.111987349,-162.819459237,0.585056224854,4
9140,55,True,finite_mle,1,,-157.69244287,-157.691754968,0.00137580477957,4
9141,58,True,finite_mle,1,,-166.009897666,-164.535426418,2.9489424959,4
9142,58,True,finite_mle,1,,-165.125372118,-164.896700892,0.457342452461,4
9143,63,True,finite_mle,1,,-169.880854388,-166.741956022,6.27779673087,4
9144,69,True,finite_mle,1,,-178.243005255,-177.941302711,0.603405089064,4
9145,50,True,finite_mle,1,,-146.891595438,-146.733640321,0.315910233876,4
9146,59,True,finite_mle,1,,-165.397227687,-165.224333452,0.345788470336,4
9147,56,True,finite_mle,1,,-158.698899809,-158.593561243,0.210677131219,4
9148,61,True,finite_mle,1,,-163.812707217,-163.578384534,0.468645365238,4
9149,55,True,finite_mle,1,,-161.697856057,-161.555036851,0.285638412421,4
9150,64,True,finite_mle,1,,-167.322045716,-166.991326073,0.661439286134,4
9151,44,True,finite_mle,1,,-139.718215365,-138.114731632,3.20696746613,4
9152,53,True,finite_mle,1,,-154.866878545,-154.388992696,0.955771699491,4
9153,51,True,finite_mle,1,,-153.53239315,-151.627791139,3.80920402238,4
9154,55,True,finite_mle,1,,-161.565863652,-159.266810328,4.59810664899,4
9155,46,True,finite_mle,1,,-143.495327852,-143.295520117,0.399615469699,4
9156,59,True,finite_mle,1,,-167.39141935,-165.849020356,3.08479798655,4
9157,47,True,finite_mle,1,,-141.372417556,-141.255521563,0.233791985887,4
9158,56,True,finite_mle,1,,-161.000777874,-160.853102034,0.295351678824,4
9159,53,True,finite_mle,1,,-149.225735595,-147.646802421,3.15786634963,4
9160,49,True,finite_mle,1,,-149.664320446,-148.347804744,2.63303140265,4
9161,63,True,finite_mle,1,,-176.941606323,-176.617317532,0.648577582751,4
9162,63,True,finite_mle,1,,-175.677442399,-173.058552254,5.23778029059,4
9163,54,True,finite_mle,1,,-159.632076922,-158.339434151,2.58528554124,4
9164,61,True,finite_mle,1,,-170.149836513,-169.076812367,2.14604829162,4
9165,49,True,finite_mle,1,,-148.86147548,-148.670060253,0.382830454274,4
9166,58,True,finite_mle,1,,-161.705796214,-161.658020787,0.095550853541,4
9167,61,True,finite_mle,1,,-168.506867687,-164.669120698,7.67549397932,4
9168,69,True,finite_mle,1,,-182.897406279,-181.924628159,1.94555623932,4
9169,59,True,finite_mle,1,,-169.139513779,-168.956854468,0.365318620934,4
9170,66,True,finite_mle,1,,-174.437220864,-172.308508476,4.25742477597,4
9171,67,True,finite_mle,1,,-183.209773416,-182.668772012,1.08200280883,4
9172,55,True,finite_mle,1,,-150.894685549,-150.437755004,0.913861090615,4
9173,58,True,finite_mle,1,,-163.343496025,-159.981129811,6.72473242744,4
9174,55,True,finite_mle,1,,-159.161605634,-159.115788066,0.0916351358724,4
9175,53,True,finite_mle,1,,-156.944200804,-155.128893802,3.63061400323,4
9176,52,True,finite_mle,1,,-152.515596622,-150.920334056,3.19052513108,4
9177,46,True,finite_mle,1,,-139.362315173,-139.260093827,0.204442691482,4
9178,63,True,finite_mle,1,,-173.517911126,-173.3696837,0.296454851215,4
9179,62,True,finite_mle,1,,-175.802061387,-174.54398687,2.51614903546,4
9180,52,True,finite_mle,1,,-152.760267511,-151.077187076,3.36616086943,4
9181,56,True,finite_mle,1,,-159.260905444,-158.166391559,2.18902777098,4
9182,61,True,finite_mle,1,,-171.617845198,-169.512702366,4.21028566443,4
9183,47,True,finite_mle,1,,-139.648679627,-136.778506028,5.74034719832,4
9184,57,True,finite_mle,1,,-162.008545323,-161.862507704,0.292075239548,4
9185,47,True,finite_mle,1,,-146.108265679,-145.66894331,0.878644738026,4
9186,60,True,finite_mle,1,,-167.194036144,-164.514933272,5.35820574441,4
9187,46,True,finite_mle,1,,-137.709466045,-136.130916919,3.15709825131,4
9188,62,True,finite_mle,1,,-173.287077005,-171.658900518,3.25635297462,4
9189,61,True,finite_mle,1,,-169.999688831,-169.774134203,0.451109257208,4
9190,59,True,finite_mle,1,,-164.732704501,-163.057306682,3.35079563852,4
9191,69,True,finite_mle,1,,-181.738014104,-180.485015272,2.50599766407,4
9192,57,True,finite_mle,1,,-162.342527216,-162.235478472,0.214097487664,4
9193,62,True,finite_mle,1,,-168.881355113,-167.568926427,2.62485737269,4
9194,60,True,finite_mle,1,,-164.04806764,-163.918406574,0.259322133084,4
9195,53,True,finite_mle,1,,-155.558246445,-155.32895419,0.458584509672,4
9196,62,True,finite_mle,1,,-171.935717429,-170.643939974,2.58355490992,4
9197,53,True,finite_mle,1,,-154.669838545,-153.644344699,2.05098769259,4
9198,56,True,finite_mle,1,,-157.036417826,-156.77362395,0.525587753773,4
9199,59,True,finite_mle,1,,-167.740709064,-167.557662673,0.366092782489,4
9200,68,True,finite_mle,1,,-177.969994043,-177.91633567,0.107316745785,4
9201,68,True,finite_mle,1,,-175.110054797,-172.88259908,4.4549114349,4
9202,54,True,finite_mle,1,,-159.515403736,-159.064946986,0.900913498269,4
9203,48,True,finite_mle,1,,-147.102360354,-147.073398643,0.0579234223998,4
9204,55,True,finite_mle,1,,-157.175578611,-156.821585767,0.70798568891,4
9205,55,True,finite_mle,1,,-154.961620922,-154.922309918,0.0786220073802,4
9206,56,True,finite_mle,1,,-156.425113775,-156.128948078,0.59233139396,4
9207,56,True,finite_mle,1,,-159.529878476,-158.797634474,1.46448800488,4
9208,54,True,finite_mle,1,,-155.685370894,-155.460377711,0.44998636445,4
9209,54,True,finite_mle,1,,-155.819960048,-155.352189218,0.935541660888,4
9210,58,True,finite_mle,1,,-162.060743777,-161.191518477,1.73845060028,4
9211,60,True,finite_mle,1,,-168.633132664,-166.545132698,4.17599993188,4
9212,58,True,finite_mle,1,,-164.422434925,-164.215557357,0.413755136972,4
9213,65,True,finite_mle,1,,-177.245364287,-177.145255771,0.200217031076,4
9214,54,True,finite_mle,1,,-159.386542062,-159.253588982,0.265906159305,4
9215,61,True,finite_mle,1,,-170.259768335,-167.634301938,5.25093279347,4
9216,62,True,finite_mle,1,,-172.977768776,-172.062929489,1.82967857578,4
9217,65,True,finite_mle,1,,-176.560973184,-175.962386911,1.19717254698,4
9218,52,True,finite_mle,1,,-144.789780523,-143.112436418,3.35468820916,4
9219,53,True,finite_mle,1,,-154.771925791,-154.346894371,0.850062839179,4
9220,52,True,finite_mle,1,,-154.980964571,-153.614529688,2.73286976559,4
9221,68,True,finite_mle,1,,-179.84219939,-179.36431172,0.955775340239,4
9222,47,True,finite_mle,1,,-136.767805061,-136.628383484,0.278843154168,4
9223,69,True,finite_mle,1,,-179.090322357,-178.015343169,2.14995837789,4
9224,56,True,finite_mle,1,,-156.133328357,-155.663469455,0.939717803679,4
9225,62,True,finite_mle,1,,-168.947592301,-166.878473578,4.1382374466,4
9226,67,True,finite_mle,1,,-176.779601041,-175.248380185,3.06244171169,4
9227,44,True,finite_mle,1,,-134.746904923,-133.873835052,1.74613974061,4
9228,55,True,finite_mle,1,,-157.441766864,-156.63375196,1.61602980704,4
9229,53,True,finite_mle,1,,-150.035518463,-149.424506039,1.2220248472,4
9230,61,True,finite_mle,1,,-167.399007804,-166.345604941,2.10680572671,4
9231,65,True,finite_mle,1,,-178.348924815,-178.093384103,0.511081424051,4
9232,67,True,finite_mle,1,,-183.450761965,-183.427450777,0.0466223747214,4
9233,61,True,finite_mle,1,,-172.664599219,-172.368250109,0.592698220237,4
9234,39,True,finite_mle,1,,-128.484705978,-128.458814555,0.0517828463732,4
9235,58,True,finite_mle,1,,-162.312432893,-161.973908959,0.677047866576,4
9236,69,True,finite_mle,1,,-184.899603952,-184.190275824,1.41865625459,4
9237,63,True,finite_mle,1,,-173.647978821,-173.636557016,0.0228436111834,4
9238,53,True,finite_mle,1,,-151.373442355,-148.178159417,6.39056587599,4
9239,57,True,finite_mle,1,,-163.305496597,-163.286663297,0.0376665994737,4
9240,52,True,finite_mle,1,,-156.80882948,-156.273258622,1.07114171541,4
9241,57,True,finite_mle,1,,-162.429412174,-159.928491564,5.00184121833,4
9242,46,True,finite_mle,1,,-143.290685772,-142.613913744,1.35354405579,4
9243,55,True,finite_mle,1,,-159.161381536,-158.829229176,0.664304719977,4
9244,63,True,finite_mle,1,,-173.038490995,-172.40461851,1.26774497049,4
9245,57,True,finite_mle,1,,-161.332900781,-160.675603038,1.31459548645,4
9246,45,True,finite_mle,1,,-131.853889027,-129.289668077,5.12844190106,4
9247,61,True,finite_mle,1,,-171.878724871,-171.525125681,0.707198380847,4
9248,61,True,finite_mle,1,,-167.825079476,-166.370642516,2.90887392071,4
9249,64,True,finite_mle,1,,-173.857565779,-173.824344529,0.0664424996984,4
9250,63,True,finite_mle,1,,-171.700448631,-171.626853823,0.147189616269,4
9251,45,True,finite_mle,1,,-134.945576712,-132.280436309,5.33028080459,4
9252,56,True,finite_mle,1,,-159.978170163,-159.094402683,1.76753496133,4
9253,58,True,finite_mle,1,,-165.719013453,-165.682031439,0.0739640283946,4
9254,56,True,finite_mle,1,,-163.146480311,-162.228814886,1.83533085073,4
9255,56,True,finite_mle,1,,-162.222895378,-161.323310866,1.79916902394,4
9256,59,True,finite_mle,1,,-164.075621038,-161.856324715,4.43859264558,4
9257,70,True,finite_mle,1,,-183.783550841,-181.862632326,3.84183702908,4
9258,62,True,finite_mle,1,,-175.552153826,-175.163442624,0.777422403714,4
9259,68,True,finite_mle,1,,-186.175917616,-183.363510408,5.62481441439,4
9260,46,True,finite_mle,1,,-141.582506287,-141.049401291,1.06620999328,4
9261,61,True,finite_mle,1,,-169.731394336,-169.685732771,0.0913231286357,4
9262,57,True,finite_mle,1,,-158.250844045,-156.521225465,3.45923716025,4
9263,58,True,finite_mle,1,,-165.404533543,-164.256083077,2.29690093181,4
9264,50,True,finite_mle,1,,-149.767536726,-148.463931971,2.60720950995,4
9265,67,True,finite_mle,1,,-182.550384266,-182.299863646,0.501041240642,4
9266,69,True,finite_mle,1,,-182.81794246,-181.151197458,3.3334900052,4
9267,58,True,finite_mle,1,,-167.884777054,-166.430263905,2.90902629748,4
9268,53,True,finite_mle,1,,-155.263298985,-153.405907044,3.71478388055,4
9269,54,True,finite_mle,1,,-153.607263276,-150.630725592,5.95307536961,4
9270,56,True,finite_mle,1,,-163.763217776,-163.737928668,0.0505782163201,4
9271,65,True,finite_mle,1,,-178.710635922,-177.971386547,1.47849874832,4
9272,63,True,finite_mle,1,,-165.46414369,-162.815401909,5.29748356158,4
9273,56,True,finite_mle,1,,-163.066754026,-162.903329209,0.326849634042,4
9274,55,True,finite_mle,1,,-155.118040541,-152.590272457,5.05553616849,4
9275,59,True,finite_mle,1,,-162.46020575,-162.306877505,0.306656488629,4
9276,50,True,finite_mle,1,,-149.154465501,-148.494140021,1.32065096047,4
9277,54,True,finite_mle,1,,-154.846737548,-154.550133151,0.593208793762,4
9278,53,True,finite_mle,1,,-158.545410488,-158.488999884,0.112821208757,4
9279,65,True,finite_mle,1,,-174.059867849,-173.467140345,1.18545500645,4
9280,63,True,finite_mle,1,,-173.519435031,-173.372709706,0.293450650799,4
9281,56,True,finite_mle,1,,-159.781049733,-158.768941689,2.02421608744,4
9282,61,True,finite_mle,1,,-170.029701041,-168.756903064,2.54559595291,4
9283,55,True,finite_mle,1,,-160.99986422,-160.254843602,1.49004123527,4
9284,65,True,finite_mle,1,,-173.737836224,-173.611976622,0.251719205087,4
9285,52,True,finite_mle,1,,-149.21281849,-148.814111792,0.797413396335,4
9286,58,True,finite_mle,1,,-166.840340998,-165.280413662,3.11985467214,4
9287,53,True,finite_mle,1,,-153.828071083,-153.812154961,0.0318322433467,4
9288,56,True,finite_mle,1,,-161.85602074,-161.00425474,1.70353200039,4
9289,65,True,finite_mle,1,,-174.532124494,-170.771351363,7.52154626164,4
9290,59,True,finite_mle,1,,-167.953629697,-167.547533159,0.812193075484,4
9291,59,True,finite_mle,1,,-170.220764141,-168.794759293,2.85200969753,4
9292,59,True,finite_mle,1,,-164.729499664,-163.258147479,2.94270437035,4
9293,64,True,finite_mle,1,,-171.35773694,-171.006189254,0.703095370905,4
9294,59,True,finite_mle,1,,-166.132699735,-163.366518532,5.53236240664,4
9295,56,True,finite_mle,1,,-162.637895691,-161.36397059,2.54785020295,4
9296,54,True,finite_mle,1,,-157.950529699,-155.539845007,4.82136938236,4
9297,58,True,finite_mle,1,,-164.703695718,-163.413743168,2.57990510001,4
9298,67,True,finite_mle,1,,-184.32900101,-183.237516553,2.18296891397,4
9299,56,True,finite_mle,1,,-158.93808495,-157.588008556,2.7001527869,4
9300,58,True,finite_mle,1,,-166.362171056,-164.725007067,3.27432797856,4
9301,61,True,finite_mle,1,,-171.791717305,-171.718985744,0.145463122008,4
9302,54,True,finite_mle,1,,-156.051632904,-154.591168661,2.92092848694,4
9303,51,True,finite_mle,1,,-154.471476447,-154.333924673,0.275103549528,4
9304,51,True,finite_mle,1,,-149.965783278,-149.862160659,0.207245238767,4
9305,49,True,finite_mle,1,,-136.678465836,-136.447683747,0.461564178195,4
9306,64,True,finite_mle,1,,-177.689661176,-176.751283853,1.87675464586,4
9307,60,True,finite_mle,1,,-167.219633924,-166.108691169,2.22188551053,4
9308,60,True,finite_mle,1,,-169.915254534,-167.598548874,4.63341131893,4
9309,62,True,finite_mle,1,,-169.259106385,-168.652440806,1.21333115763,4
9310,58,True,finite_mle,1,,-162.249773869,-159.394995722,5.70955629354,4
9311,71,True,finite_mle,1,,-183.847782749,-183.660979646,0.373606206216,4
9312,64,True,finite_mle,1,,-170.680828011,-168.437007187,4.48764164706,4
9313,47,True,finite_mle,1,,-142.125354362,-141.373742059,1.50322460549,4
9314,56,True,finite_mle,1,,-162.728250664,-162.336440677,0.78361997536,4
9315,53,True,finite_mle,1,,-146.337702058,-145.916810817,0.841782481691,4
9316,51,True,finite_mle,1,,-152.465811198,-152.454107929,0.0234065392368,4
9317,65,True,finite_mle,1,,-178.213041604,-177.006320221,2.41344276659,4
9318,60,True,finite_mle,1,,-170.226257314,-169.304491409,1.84353180964,4
9319,68,True,finite_mle,1,,-182.683723214,-182.431086114,0.505274199488,4
9320,61,True,finite_mle,1,,-172.985057216,-171.635603547,2.69890733785,4
9321,67,True,finite_mle,1,,-182.126641272,-181.402926468,1.44742960899,4
9322,55,True,finite_mle,1,,-159.659398171,-159.132681234,1.05343387316,4
9323,41,True,finite_mle,1,,-126.223676586,-125.649131506,1.14909016011,4
9324,64,True,finite_mle,1,,-176.766988189,-176.264775046,1.00442628532,4
9325,59,True,finite_mle,1,,-164.706253592,-164.310587779,0.791331626113,4
9326,48,True,finite_mle,1,,-141.066900652,-140.110038141,1.91372502116,4
9327,58,True,finite_mle,1,,-166.496616864,-166.110834633,0.771564462353,4
9328,61,True,finite_mle,1,,-171.585999445,-171.362912105,0.446174679499,4
9329,56,True,finite_mle,1,,-164.019237875,-161.331830083,5.37481558296,4
9330,60,True,finite_mle,1,,-169.361205292,-169.281895586,0.158619412121,4
9331,53,True,finite_mle,1,,-156.99357051,-156.677690088,0.631760843818,4
9332,61,True,finite_mle,1,,-166.388536463,-163.848573914,5.07992509772,4
9333,58,True,finite_mle,1,,-162.381715438,-161.003726511,2.75597785316,4
9334,62,True,finite_mle,1,,-173.168433741,-169.220893334,7.89508081502,4
9335,56,True,finite_mle,1,,-158.860505846,-158.401408524,0.918194644219,4
9336,60,True,finite_mle,1,,-166.038503548,-165.993293,0.0904210967997,4
9337,58,True,finite_mle,1,,-166.342588748,-166.034272161,0.616633173992,4
9338,53,True,finite_mle,1,,-150.43184481,-150.150608202,0.562473216142,4
9339,59,True,finite_mle,1,,-165.756888815,-165.356520229,0.800737172209,4
9340,57,True,finite_mle,1,,-161.53550371,-160.662888762,1.74522989598,4
9341,66,True,finite_mle,1,,-181.760422036,-180.99670574,1.52743259219,4
9342,62,True,finite_mle,1,,-171.647963329,-171.478304018,0.339318622241,4
9343,56,True,finite_mle,1,,-161.057529507,-159.245189566,3.62467988116,4
9344,61,True,finite_mle,1,,-171.130957906,-169.421522063,3.41887168728,4
9345,56,True,finite_mle,1,,-158.426549511,-157.744544412,1.36401019682,4
9346,63,True,finite_mle,1,,-177.343059917,-177.160382162,0.365355511052,4
9347,54,True,finite_mle,1,,-160.122448391,-160.027447439,0.19000190437,4
9348,64,True,finite_mle,1,,-173.036311754,-172.963543951,0.145535605173,4
9349,58,True,finite_mle,1,,-165.725330285,-163.781998861,3.88666284887,4
9350,60,True,finite_mle,1,,-169.083763731,-169.042373088,0.0827812860757,4
9351,54,True,finite_mle,1,,-157.602327793,-156.568868875,2.06691783506,4
9352,60,True,finite_mle,1,,-168.738163693,-168.617530154,0.241267078162,4
9353,60,True,finite_mle,1,,-167.203761148,-166.881004933,0.645512429885,4
9354,59,True,finite_mle,1,,-168.316220876,-168.089907824,0.452626104951,4
9355,60,True,finite_mle,1,,-167.568565304,-166.92630296,1.28452468845,4
9356,55,True,finite_mle,1,,-156.804732837,-155.976487749,1.65649017617,4
9357,61,True,finite_mle,1,,-171.148616911,-170.82477659,0.647680641569,4
9358,56,True,finite_mle,1,,-164.619351361,-163.779835727,1.67903126669,4
9359,51,True,finite_mle,1,,-151.010242682,-150.544281228,0.931922906996,4
9360,56,True,finite_mle,1,,-156.24142568,-154.133018915,4.21681353162,4
9361,66,True,finite_mle,1,,-174.029119427,-171.794279,4.46968085417,4
9362,52,True,finite_mle,1,,-152.054829208,-150.871984095,2.36569022649,4
9363,58,True,finite_mle,1,,-165.703480694,-164.314735957,2.77748947502,4
9364,53,True,finite_mle,1,,-153.590179022,-151.69667401,3.78701002377,4
9365,71,True,finite_mle,1,,-186.45047874,-185.846158825,1.20863982918,4
9366,47,True,finite_mle,1,,-141.114048233,-140.753073157,0.721950152162,4
9367,53,True,finite_mle,1,,-153.474136439,-152.506041422,1.93619003253,4
9368,67,True,finite_mle,1,,-179.709986039,-179.005865338,1.40824140333,4
9369,57,True,finite_mle,1,,-164.365355341,-161.093982908,6.54274486587,4
9370,62,True,finite_mle,1,,-173.513022302,-172.317820707,2.39040319119,4
9371,58,True,finite_mle,1,,-165.538672268,-165.066760359,0.943823819621,4
9372,61,True,finite_mle,1,,-171.423527065,-170.437588969,1.97187619061,4
9373,60,True,finite_mle,1,,-164.408160846,-163.5819078,1.65250609196,4
9374,63,True,finite_mle,1,,-172.482139839,-172.062426334,0.839427010492,4
9375,65,True,finite_mle,1,,-172.738857755,-172.565278235,0.347159040704,4
9376,66,True,finite_mle,1,,-181.939106891,-181.761397157,0.355419469071,4
9377,60,True,finite_mle,1,,-169.579923743,-168.07559446,3.0086585657,4
9378,48,True,finite_mle,1,,-141.267902206,-141.010883327,0.514037759774,4
9379,62,True,finite_mle,1,,-166.048506783,-165.671759003,0.753495559235,4
9380,56,True,finite_mle,1,,-151.602151434,-150.678438725,1.84742541709,4
9381,53,True,finite_mle,1,,-154.424106912,-154.290424641,0.267364541137,4
9382,57,True,finite_mle,1,,-163.122477016,-163.042796683,0.159360666065,4
9383,59,True,finite_mle,1,,-167.956641515,-167.665755402,0.581772224618,4
9384,59,True,finite_mle,1,,-164.641563603,-164.133851595,1.01542401567,4
9385,57,True,finite_mle,1,,-164.242230659,-163.375664116,1.73313308587,4
9386,71,True,finite_mle,1,,-186.990330803,-184.45970587,5.0612498654,4
9387,61,True,finite_mle,1,,-170.56582559,-170.304023057,0.523605066018,4
9388,47,True,finite_mle,1,,-144.731400622,-144.591452495,0.279896255565,4
9389,63,True,finite_mle,1,,-176.704364344,-176.686848388,0.0350319117332,4
9390,59,True,finite_mle,1,,-160.550618872,-158.593187296,3.91486315152,4
9391,54,True,finite_mle,1,,-158.229824594,-157.713219568,1.03321005362,4
9392,56,True,finite_mle,1,,-163.653432075,-163.294030695,0.718802760543,4
9393,57,True,finite_mle,1,,-159.423473045,-158.828796529,1.18935303149,4
9394,47,True,finite_mle,1,,-145.501301058,-143.145411015,4.71178008588,4
9395,58,True,finite_mle,1,,-163.323544548,-161.616644102,3.41380089175,4
9396,58,True,finite_mle,1,,-166.408637856,-166.348846553,0.119582606737,4
9397,56,True,finite_mle,1,,-160.130131758,-158.545357837,3.1695478411,4
9398,63,True,finite_mle,1,,-170.061234205,-169.694170313,0.734127784009,4
9399,58,True,finite_mle,1,,-162.30986794,-160.099086363,4.42156315507,4
9400,62,True,finite_mle,1,,-168.386516524,-166.454396483,3.8642400829,4
9401,51,True,finite_mle,1,,-150.751592141,-150.342916907,0.817350467371,4
9402,44,True,finite_mle,1,,-140.258745965,-138.401954009,3.7135839112,4
9403,59,True,finite_mle,1,,-166.807109221,-165.979974818,1.65426880629,4
9404,55,True,finite_mle,1,,-160.044199597,-159.73248249,0.62343421458,4
9405,49,True,finite_mle,1,,-149.776212295,-149.535159449,0.482105690991,4
9406,60,True,finite_mle,1,,-171.924930153,-171.368141758,1.11357679138,4
9407,60,True,finite_mle,1,,-170.008151345,-169.539013567,0.938275555975,4
9408,61,True,finite_mle,1,,-169.481131954,-168.771205247,1.41985341299,4
9409,62,True,finite_mle,1,,-171.206967362,-168.546856473,5.32022177641,4
9410,56,True,finite_mle,1,,-157.813069933,-157.085040147,1.45605957243,4
9411,60,True,finite_mle,1,,-167.142327719,-166.128664616,2.0273262065,4
9412,54,True,finite_mle,1,,-156.796824405,-156.112186614,1.36927558154,4
9413,62,True,finite_mle,1,,-170.358677484,-169.484000504,1.74935395989,4
9414,59,True,finite_mle,1,,-165.734543446,-163.905855546,3.65737580055,4
9415,54,True,finite_mle,1,,-150.514622228,-149.11699229,2.79525987496,4
9416,58,True,finite_mle,1,,-164.284101422,-163.580316856,1.40756913266,4
9417,62,True,finite_mle,1,,-172.72512449,-172.401911992,0.646424995514,4
9418,66,True,finite_mle,1,,-176.139251619,-174.200384776,3.87773368669,4
9419,46,True,finite_mle,1,,-137.443311871,-137.418630899,0.0493619435844,4
9420,47,True,finite_mle,1,,-141.750834268,-141.462113592,0.577441351883,4
9421,58,True,finite_mle,1,,-166.234156961,-165.59100154,1.28631084336,4
9422,58,True,finite_mle,1,,-163.939656604,-162.925743667,2.02782587563,4
9423,64,True,finite_mle,1,,-178.712928226,-176.776792713,3.87227102513,4
9424,55,True,finite_mle,1,,-152.755493627,-152.535181122,0.440625009132,4
9425,52,True,finite_mle,1,,-151.249265582,-151.084607847,0.329315471351,4
9426,53,True,finite_mle,1,,-156.060712843,-155.906587571,0.308250544202,4
9427,55,True,finite_mle,1,,-161.010673209,-160.751162149,0.51902211921,4
9428,54,True,finite_mle,1,,-157.712991036,-157.312304586,0.801372899482,4
9429,65,True,finite_mle,1,,-177.615209556,-175.805702226,3.61901465898,4
9430,58,True,finite_mle,1,,-165.458400343,-164.083618995,2.7495626961,4
9431,57,True,finite_mle,1,,-163.985191734,-160.790771704,6.38884005944,4
9432,70,True,finite_mle,1,,-182.369239897,-180.776448292,3.18558320996,4
9433,44,True,finite_mle,1,,-137.451241402,-137.14534855,0.611785702171,4
9434,63,True,finite_mle,1,,-173.550243834,-173.427279709,0.245928249457,4
9435,56,True,finite_mle,1,,-159.624591342,-159.295634076,0.657914531185,4
9436,56,True,finite_mle,1,,-161.561734491,-161.332359866,0.458749250892,4
9437,69,True,finite_mle,1,,-186.638537589,-185.529358191,2.2183587961,4
9438,54,True,finite_mle,1,,-159.91472101,-159.225384386,1.37867324664,4
9439,67,True,finite_mle,1,,-183.675065489,-181.600075257,4.14998046437,4
9440,46,True,finite_mle,1,,-143.671940057,-143.019559343,1.30476142836,4
9441,54,True,finite_mle,1,,-160.233085962,-160.076768884,0.312634154443,4
9442,57,True,finite_mle,1,,-157.789460396,-155.619979512,4.3389617684,4
9443,51,True,finite_mle,1,,-149.154847204,-148.630436321,1.04882176673,4
9444,52,True,finite_mle,1,,-151.463887471,-145.346230243,12.2353144576,4
9445,55,True,finite_mle,1,,-158.6212584,-157.643000789,1.95651522197,4
9446,59,True,finite_mle,1,,-164.637323525,-161.422449127,6.42974879582,4
9447,58,True,finite_mle,1,,-166.639707187,-164.846188539,3.58703729515,4
9448,59,True,finite_mle,1,,-162.540093707,-161.630345406,1.81949660264,4
9449,62,True,finite_mle,1,,-165.511205538,-164.482027367,2.05835634152,4
9450,58,True,finite_mle,1,,-164.756297509,-164.680114363,0.152366291401,4
9451,52,True,finite_mle,1,,-154.947724813,-153.448429777,2.99859007169,4
9452,52,True,finite_mle,1,,-151.309143739,-150.096271732,2.4257440153,4
9453,56,True,finite_mle,1,,-159.897405717,-159.658364439,0.478082554911,4
9454,46,True,finite_mle,1,,-134.724385967,-134.162197306,1.12437732089,4
9455,63,True,finite_mle,1,,-173.958796859,-172.605783498,2.70602672078,4
9456,45,True,finite_mle,1,,-139.13192408,-138.566300087,1.13124798603,4
9457,55,True,finite_mle,1,,-156.120249035,-154.266877204,3.70674366374,4
9458,61,True,finite_mle,1,,-167.976576809,-166.87516558,2.20282245989,4
9459,60,True,finite_mle,1,,-165.519629544,-164.43299735,2.17326438775,4
9460,57,True,finite_mle,1,,-163.102825605,-163.047654843,0.110341524776,4
9461,56,True,finite_mle,1,,-163.48592836,-160.829036115,5.31378448998,4
9462,56,True,finite_mle,1,,-161.953438449,-159.160451379,5.5859741391,4
9463,56,True,finite_mle,1,,-157.583112341,-155.758679843,3.64886499589,4
9464,70,True,finite_mle,1,,-184.386666091,-182.90772733,2.95787752278,4
9465,73,True,finite_mle,1,,-186.945598191,-186.745551902,0.400092577457,4
9466,60,True,finite_mle,1,,-163.866648215,-163.328866512,1.07556340496,4
9467,61,True,finite_mle,1,,-166.986693974,-166.072179434,1.82902907963,4
9468,51,True,finite_mle,1,,-149.445965587,-148.216318757,2.45929365851,4
9469,49,True,finite_mle,1,,-146.726037097,-146.548751119,0.354571955135,4
9470,63,True,finite_mle,1,,-174.563913591,-174.256047838,0.615731504704,4
9471,64,True,finite_mle,1,,-169.419741015,-169.069797568,0.699886894491,4
9472,58,True,finite_mle,1,,-166.393758832,-164.871493242,3.04453117963,4
9473,63,True,finite_mle,1,,-173.627903092,-171.395707088,4.4643920081,4
9474,62,True,finite_mle,1,,-169.650013776,-167.055865466,5.18829661819,4
9475,66,True,finite_mle,1,,-179.195959977,-178.575114594,1.24169076472,4
9476,59,True,finite_mle,1,,-169.399467476,-167.307512228,4.18391049687,4
9477,65,True,finite_mle,1,,-171.983605423,-171.881614931,0.20398098233,4
9478,57,True,finite_mle,1,,-157.121259419,-155.748374017,2.74577080394,4
9479,61,True,finite_mle,1,,-169.868471518,-169.60491798,0.527107076919,4
9480,62,True,finite_mle,1,,-172.547909717,-169.231137502,6.63354443022,4
9481,53,True,finite_mle,1,,-156.891842102,-155.947085341,1.88951352264,4
9482,53,True,finite_mle,1,,-151.132031058,-150.197973374,1.86811536805,4
9483,62,True,finite_mle,1,,-171.779144091,-171.688751418,0.180785346327,4
9484,63,True,finite_mle,1,,-173.034822576,-172.67293581,0.723773533876,4
9485,67,True,finite_mle,1,,-178.923819432,-178.711086153,0.42546655798,4
9486,64,True,finite_mle,1,,-177.914321963,-174.320186259,7.18827140676,4
9487,49,True,finite_mle,1,,-148.5925751,-147.662949071,1.8592520594,4
9488,67,True,finite_mle,1,,-181.539607501,-179.720663994,3.63788701449,4
9489,61,True,finite_mle,1,,-171.72990701,-171.632013793,0.195786433908,4
9490,52,True,finite_mle,1,,-156.415032969,-152.848780807,7.13250432415,4
9491,49,True,finite_mle,1,,-145.791727955,-143.788170439,4.00711503192,4
9492,54,True,finite_mle,1,,-158.888736208,-157.02489028,3.72769185458,4
9493,52,True,finite_mle,1,,-150.212105964,-150.101721282,0.220769363587,4
9494,55,True,finite_mle,1,,-159.714358109,-158.426241308,2.57623360212,4
9495,61,True,finite_mle,1,,-172.049906672,-169.651695693,4.79642195722,4
9496,63,True,finite_mle,1,,-174.687082956,-173.705054322,1.96405726918,4
9497,50,True,finite_mle,1,,-144.759859381,-144.70654879,0.106621183334,4
9498,58,True,finite_mle,1,,-165.66031148,-165.254751263,0.811120435928,4
9499,55,True,finite_mle,1,,-158.266920966,-157.98239088,0.569060172053,4
9500,53,True,finite_mle,1,,-157.682372622,-156.442503698,2.47973784942,4
9501,56,True,finite_mle,1,,-152.422276536,-151.430433311,1.98368644892,4
9502,58,True,finite_mle,1,,-160.983869448,-159.612149795,2.74343930524,4
9503,54,True,finite_mle,1,,-157.85401907,-157.299220293,1.10959755341,4
9504,48,True,finite_mle,1,,-143.349668865,-143.090644755,0.518048220022,4
9505,60,True,finite_mle,1,,-167.418715249,-163.270590708,8.29624908339,4
9506,69,True,finite_mle,1,,-184.581969754,-184.133775948,0.896387613386,4
9507,69,True,finite_mle,1,,-180.307525171,-179.82816912,0.958712101933,4
9508,60,True,finite_mle,1,,-169.961892562,-167.670401303,4.58298251884,4
9509,56,True,finite_mle,1,,-162.535472688,-162.284629936,0.501685502566,4
9510,64,True,finite_mle,1,,-174.566299592,-172.986803269,3.15899264582,4
9511,65,True,finite_mle,1,,-178.56395764,-178.137983624,0.851948030989,4
9512,64,True,finite_mle,1,,-172.358934716,-172.274582833,0.168703766701,4
9513,68,True,finite_mle,1,,-177.244533418,-176.808849306,0.871368223837,4
9514,54,True,finite_mle,1,,-157.682667387,-157.538891012,0.287552749611,4
9515,55,True,finite_mle,1,,-160.346332023,-159.496034601,1.70059484299,4
9516,57,True,finite_mle,1,,-161.35435715,-161.315249353,0.0782155946029,4
9517,48,True,finite_mle,1,,-143.13400217,-142.165453726,1.93709688768,4
9518,59,True,finite_mle,1,,-167.650199296,-167.396216602,0.507965388904,4
9519,71,True,finite_mle,1,,-188.592829247,-181.64668127,13.8922959531,4
9520,50,True,finite_mle,1,,-149.817419899,-147.658203808,4.31843218275,4
9521,62,True,finite_mle,1,,-168.261607919,-168.052042995,0.419129847278,4
9522,57,True,finite_mle,1,,-160.023576644,-158.416714713,3.21372386132,4
9523,47,True,finite_mle,1,,-140.57537824,-139.013936587,3.12288330537,4
9524,62,True,finite_mle,1,,-167.899541291,-167.328098282,1.14288601793,4
9525,56,True,finite_mle,1,,-157.108582034,-156.797989808,0.621184452305,4
9526,57,True,finite_mle,1,,-164.658471916,-161.536880193,6.24318344517,4
9527,51,True,finite_mle,1,,-149.44617674,-146.865342958,5.16166756304,4
9528,53,True,finite_mle,1,,-158.100036652,-157.428401189,1.34327092687,4
9529,58,True,finite_mle,1,,-165.230502656,-164.204526246,2.0519528207,4
9530,65,True,finite_mle,1,,-181.160452868,-180.124783734,2.07133826851,4
9531,62,True,finite_mle,1,,-165.577290449,-162.933967404,5.28664609025,4
9532,65,True,finite_mle,1,,-178.297627973,-178.116016732,0.363222481574,4
9533,50,True,finite_mle,1,,-142.031660786,-141.96655072,0.130220131274,4
9534,70,True,finite_mle,1,,-184.259570961,-184.123133671,0.272874580471,4
9535,68,True,finite_mle,1,,-183.616353062,-182.387344601,2.45801692258,4
9536,59,True,finite_mle,1,,-166.814715151,-164.67510148,4.27922734088,4
9537,48,True,finite_mle,1,,-144.088642882,-141.293842843,5.58960007719,4
9538,55,True,finite_mle,1,,-158.85083699,-158.262324147,1.17702568626,4
9539,59,True,finite_mle,1,,-166.111322625,-162.225314532,7.7720161858,4
9540,66,True,finite_mle,1,,-178.185563726,-177.1999649,1.97119765082,4
9541,42,True,finite_mle,1,,-133.813260292,-133.440666978,0.745186626584,4
9542,58,True,finite_mle,1,,-166.223661555,-166.081455935,0.284411239708,4
9543,56,True,finite_mle,1,,-163.0930076,-163.009680051,0.166655098949,4
9544,54,True,finite_mle,1,,-158.022377263,-157.466300444,1.1121536369,4
9545,51,True,finite_mle,1,,-142.803284009,-142.281665513,1.04323699319,4
9546,56,True,finite_mle,1,,-161.247718829,-160.68691062,1.12161641842,4
9547,54,True,finite_mle,1,,-156.235945683,-152.908865307,6.65416075266,4
9548,50,True,finite_mle,1,,-150.89612268,-150.357745533,1.07675429483,4
9549,60,True,finite_mle,1,,-169.63824275,-169.256797053,0.76289139219,4
9550,65,True,finite_mle,1,,-180.770460142,-179.646504855,2.24791057455,4
9551,61,True,finite_mle,1,,-169.403789996,-168.963434851,0.880710289844,4
9552,53,True,finite_mle,1,,-156.056632794,-156.04072045,0.0318246894321,4
9553,57,True,finite_mle,1,,-164.244965265,-163.349562452,1.79080562756,4
9554,60,True,finite_mle,1,,-168.401953892,-165.647844904,5.50821797543,4
9555,61,True,finite_mle,1,,-164.220924124,-163.946422265,0.54900371902,4
9556,66,True,finite_mle,1,,-178.087594213,-176.564068165,3.04705209668,4
9557,66,True,finite_mle,1,,-175.641204335,-175.579391894,0.123624881792,4
9558,60,True,finite_mle,1,,-169.301102126,-168.084163732,2.43387678767,4
9559,43,True,finite_mle,1,,-134.232885668,-131.661035994,5.14369934845,4
9560,47,True,finite_mle,1,,-145.174005227,-144.504023473,1.33996350688,4
9561,56,True,finite_mle,1,,-160.151915225,-159.806141941,0.691546567414,4
9562,60,True,finite_mle,1,,-165.385815385,-163.741128012,3.28937474599,4
9563,53,True,finite_mle,1,,-151.821754797,-151.275990207,1.09152917992,4
9564,56,True,finite_mle,1,,-162.389647158,-161.817144385,1.14500554596,4
9565,57,True,finite_mle,1,,-165.246041038,-165.182988259,0.126105557529,4
9566,53,True,finite_mle,1,,-147.645605177,-146.328031984,2.63514638625,4
9567,53,True,finite_mle,1,,-154.851767495,-148.122597858,13.4583392746,4
9568,64,True,finite_mle,1,,-174.575428459,-174.368549811,0.413757295971,4
9569,55,True,finite_mle,1,,-156.989201296,-155.436524133,3.1053543262,4
9570,58,True,finite_mle,1,,-162.274653351,-160.963015692,2.6232753171,4
9571,64,True,finite_mle,1,,-175.6728866,-173.440643703,4.46448579372,4
9572,63,True,finite_mle,1,,-177.519714686,-175.27432179,4.49078579329,4
9573,63,True,finite_mle,1,,-170.30665726,-169.530122808,1.55306890348,4
9574,59,True,finite_mle,1,,-165.766592889,-162.890665091,5.75185559756,4
9575,60,True,finite_mle,1,,-167.862450282,-167.539810835,0.64527889282,4
9576,56,True,finite_mle,1,,-157.046353503,-156.653205072,0.786296862863,4
9577,53,True,finite_mle,1,,-155.21762865,-152.743877625,4.9475020502,4
9578,51,True,finite_mle,1,,-151.86698376,-149.464000114,4.80596729102,4
9579,57,True,finite_mle,1,,-165.366785019,-163.27653129,4.18050745918,4
9580,59,True,finite_mle,1,,-167.135182967,-166.563864506,1.14263692356,4
9581,59,True,finite_mle,1,,-169.167722938,-167.716537257,2.90237136235,4
9582,66,True,finite_mle,1,,-181.445710119,-181.28800127,0.31541769721,4
9583,60,True,finite_mle,1,,-165.858062016,-164.139308218,3.43750759606,4
9584,50,True,finite_mle,1,,-147.576579469,-147.393659937,0.36583906352,4
9585,61,True,finite_mle,1,,-165.522043403,-165.19816559,0.647755625932,4
9586,62,True,finite_mle,1,,-172.038414743,-170.164605552,3.7476183816,4
9587,59,True,finite_mle,1,,-164.362605913,-163.840278612,1.0446546008,4
9588,52,True,finite_mle,1,,-154.346806829,-152.229070241,4.23547317571,4
9589,66,True,finite_mle,1,,-179.381084258,-178.021584619,2.71899927773,4
9590,53,True,finite_mle,1,,-157.264972341,-154.636229463,5.25748575704,4
9591,48,True,finite_mle,1,,-140.837968068,-140.833937803,0.00806053054851,4
9592,50,True,finite_mle,1,,-145.875963413,-145.354503281,1.04292026337,4
9593,56,True,finite_mle,1,,-160.410169241,-158.525074584,3.77018931448,4
9594,61,True,finite_mle,1,,-165.863684085,-165.646846545,0.433675080219,4
9595,58,True,finite_mle,1,,-165.863350564,-163.150310774,5.42607957928,4
9596,51,True,finite_mle,1,,-147.902536658,-146.906583534,1.99190624637,4
9597,64,True,finite_mle,1,,-174.47459413,-173.368687209,2.21181384216,4
9598,67,True,finite_mle,1,,-183.145985915,-182.354828985,1.58231385879,4
9599,70,True,finite_mle,1,,-183.698470834,-181.997487654,3.40196636077,4
9600,49,True,finite_mle,1,,-148.507838675,-146.638750078,3.73817719367,4
9601,56,True,finite_mle,1,,-162.271409478,-160.758035563,3.02674782843,4
9602,53,True,finite_mle,1,,-154.536275532,-152.567790312,3.93697044163,4
9603,55,True,finite_mle,1,,-158.196080488,-156.630724885,3.13071120713,4
9604,53,True,finite_mle,1,,-155.751818059,-154.234657443,3.03432123229,4
9605,58,True,finite_mle,1,,-159.425798091,-157.618133817,3.61532854838,4
9606,52,True,finite_mle,1,,-151.556857587,-150.957901183,1.19791280858,4
9607,46,True,finite_mle,1,,-138.761251795,-138.257325263,1.00785306456,4
9608,58,True,finite_mle,1,,-163.890744427,-163.242287559,1.29691373599,4
9609,66,True,finite_mle,1,,-176.079026968,-175.520888763,1.11627641074,4
9610,59,True,finite_mle,1,,-159.120288107,-159.059324848,0.121926517735,4
9611,54,True,finite_mle,1,,-153.943168172,-153.342198663,1.20193901894,4
9612,56,True,finite_mle,1,,-163.075613314,-161.852812417,2.44560179283,4
9613,60,True,finite_mle,1,,-167.871385893,-166.795549867,2.15167205331,4
9614,59,True,finite_mle,1,,-165.136983009,-164.854358859,0.565248300685,4
9615,59,True,finite_mle,1,,-161.410161209,-160.269580725,2.28116096741,4
9616,61,True,finite_mle,1,,-172.020908907,-171.981766959,0.0782838963132,4
9617,56,True,finite_mle,1,,-162.509098879,-161.361839767,2.2945182241,4
9618,66,True,finite_mle,1,,-177.238884667,-175.550164961,3.37743941241,4
9619,51,True,finite_mle,1,,-153.412067563,-153.027864846,0.768405434293,4
9620,59,True,finite_mle,1,,-169.253640866,-167.290933777,3.92541417772,4
9621,46,True,finite_mle,1,,-139.797809008,-138.805631093,1.98435582992,4
9622,61,True,finite_mle,1,,-171.194027755,-169.081432151,4.22519120817,4
9623,52,True,finite_mle,1,,-155.150784593,-153.347908202,3.60575278243,4
9624,49,True,finite_mle,1,,-147.248225904,-146.213036303,2.07037920048,4
9625,39,True,finite_mle,1,,-127.871219871,-127.576818516,0.588802711492,4
9626,60,True,finite_mle,1,,-169.757129975,-169.705141832,0.103976285923,4
9627,49,True,finite_mle,1,,-149.965069641,-145.779611162,8.37091695734,4
9628,47,True,finite_mle,1,,-145.873964016,-142.905880582,5.93616686792,4
9629,52,True,finite_mle,1,,-151.412380699,-151.277783162,0.269195073865,4
9630,47,True,finite_mle,1,,-145.323774363,-145.26118455,0.125179625369,4
9631,54,True,finite_mle,1,,-159.779947,-158.727305797,2.10528240662,4
9632,59,True,finite_mle,1,,-166.596425095,-166.205488987,0.781872215744,4
9633,63,True,finite_mle,1,,-170.510491156,-169.825794934,1.36939244483,4
9634,67,True,finite_mle,1,,-183.969390791,-183.459046878,1.02068782593,4
9635,61,True,finite_mle,1,,-171.046064914,-170.955697549,0.180734730074,4
9636,62,True,finite_mle,1,,-173.097187112,-172.910046605,0.37428101313,4
9637,62,True,finite_mle,1,,-167.675326827,-167.127260235,1.09613318547,4
9638,61,True,finite_mle,1,,-168.993592581,-168.385446747,1.21629166674,4
9639,60,True,finite_mle,1,,-164.367936109,-162.769402945,3.19706632808,4
9640,65,True,finite_mle,1,,-170.08104833,-164.585485214,10.9911262324,4
9641,57,True,finite_mle,1,,-156.817803413,-156.49286239,0.649882045527,4
9642,69,True,finite_mle,1,,-186.092639918,-185.336714735,1.51185036567,4
9643,53,True,finite_mle,1,,-151.523107019,-150.166869788,2.7124744615,4
9644,53,True,finite_mle,1,,-157.295742293,-157.095632795,0.40021899652,4
9645,66,True,finite_mle,1,,-179.049800335,-173.534569807,11.0304610547,4
9646,56,True,finite_mle,1,,-156.51597684,-154.86150442,3.30894483949,4
9647,41,True,finite_mle,1,,-131.907693745,-131.428296515,0.958794459028,4
9648,51,True,finite_mle,1,,-148.527534326,-147.026221569,3.00262551486,4
9649,56,True,finite_mle,1,,-158.459171225,-157.263744879,2.39085269192,4
9650,63,True,finite_mle,1,,-175.806984451,-174.815417111,1.98313468004,4
9651,54,True,finite_mle,1,,-157.803242067,-156.585414744,2.43565464637,4
9652,56,True,finite_mle,1,,-162.880388833,-161.520801363,2.71917494097,4
9653,57,True,finite_mle,1,,-159.737826114,-157.716206345,4.04323953817,4
9654,66,True,finite_mle,1,,-176.218129734,-169.845925651,12.7444081655,4
9655,49,True,finite_mle,1,,-149.768967102,-149.59500752,0.347919165418,4
9656,66,True,finite_mle,1,,-169.992569916,-165.551784185,8.88157146181,4
9657,57,True,finite_mle,1,,-161.261326024,-161.260449912,0.00175222453004,4
9658,59,True,finite_mle,1,,-170.127974085,-170.060314044,0.135320083143,4
9659,52,True,finite_mle,1,,-151.078496373,-149.468215404,3.22056193838,4
9660,52,True,finite_mle,1,,-154.865676549,-154.613807684,0.50373772953,4
9661,56,True,finite_mle,1,,-162.719332962,-161.960963488,1.51673894889,4
9662,53,True,finite_mle,1,,-153.252793787,-153.133971666,0.23764424366,4
9663,62,True,finite_mle,1,,-171.792603641,-171.632459458,0.32028836759,4
9664,58,True,finite_mle,1,,-159.6170351,-158.63354612,1.96697796109,4
9665,59,True,finite_mle,1,,-159.428696666,-158.65266772,1.55205789151,4
9666,58,True,finite_mle,1,,-162.676828925,-161.611017902,2.13162204778,4
9667,61,True,finite_mle,1,,-167.470537371,-166.341575414,2.25792391296,4
9668,54,True,finite_mle,1,,-152.023885296,-147.252086744,9.54359710307,4
9669,61,True,finite_mle,1,,-167.232510716,-166.130697366,2.20362669961,4
9670,55,True,finite_mle,1,,-159.227059327,-158.615797013,1.22252462897,4
9671,61,True,finite_mle,1,,-169.156205947,-168.643598657,1.02521458027,4
9672,67,True,finite_mle,1,,-182.147829143,-181.451155749,1.3933467886,4
9673,55,True,finite_mle,1,,-155.36112939,-155.21752858,0.287201620506,4
9674,57,True,finite_mle,1,,-163.252095131,-162.558584351,1.38702155953,4
9675,52,True,finite_mle,1,,-154.573140988,-153.917729335,1.31082330616,4
9676,56,True,finite_mle,1,,-161.579754636,-159.611637371,3.9362345296,4
9677,50,True,finite_mle,1,,-146.261771592,-146.046327063,0.430889058355,4
9678,60,True,finite_mle,1,,-168.116945609,-167.309515438,1.61486034122,4
9679,61,True,finite_mle,1,,-163.845040709,-163.635542202,0.418997013325,4
9680,57,True,finite_mle,1,,-162.88869817,-161.100911034,3.57557427256,4
9681,49,True,finite_mle,1,,-148.658958991,-147.364352149,2.58921368393,4
9682,54,True,finite_mle,1,,-157.939732721,-154.922088003,6.03528943481,4
9683,65,True,finite_mle,1,,-177.69409177,-175.521669505,4.34484453035,4
9684,52,True,finite_mle,1,,-153.818311725,-153.598056036,0.440511378217,4
9685,68,True,finite_mle,1,,-184.845691556,-182.947189005,3.79700510288,4
9686,58,True,finite_mle,1,,-165.254776326,-164.724265616,1.06102141966,4
9687,66,True,finite_mle,1,,-178.660205057,-178.440283092,0.439843929967,4
9688,57,True,finite_mle,1,,-162.761805019,-162.25556614,1.01247775748,4
9689,54,True,finite_mle,1,,-154.92509294,-154.741989965,0.366205950432,4
9690,60,True,finite_mle,1,,-170.227357314,-169.804638399,0.845437830158,4
9691,58,True,finite_mle,1,,-163.818912243,-163.006689808,1.62444487024,4
9692,61,True,finite_mle,1,,-169.77269288,-168.969986774,1.60541221218,4
9693,51,True,finite_mle,1,,-148.293977644,-145.602460614,5.38303406027,4
9694,57,True,finite_mle,1,,-157.400833034,-156.826611363,1.14844334117,4
9695,56,True,finite_mle,1,,-159.223706799,-158.143940223,2.15953315152,4
9696,58,True,finite_mle,1,,-161.618001428,-159.577018786,4.08196528357,4
9697,54,True,finite_mle,1,,-154.868908877,-154.798960633,0.139896488566,4
9698,60,True,finite_mle,1,,-167.731806796,-167.028428546,1.40675649926,4
9699,51,True,finite_mle,1,,-152.269135696,-151.045080234,2.44811092546,4
9700,61,True,finite_mle,1,,-168.276500325,-167.957771183,0.637458284832,4
9701,52,True,finite_mle,1,,-149.888362624,-147.83659547,4.10353430971,4
9702,60,True,finite_mle,1,,-165.041512267,-164.875130194,0.332764146464,4
9703,45,True,finite_mle,1,,-136.684426947,-136.2003994,0.968055094077,4
9704,56,True,finite_mle,1,,-161.371538744,-158.876945019,4.98918744961,4
9705,57,True,finite_mle,1,,-165.427950453,-165.287255357,0.28139019197,4
9706,56,True,finite_mle,1,,-161.484792816,-160.955430395,1.05872484239,4
9707,64,True,finite_mle,1,,-171.512662737,-171.497723288,0.0298788989488,4
9708,58,True,finite_mle,1,,-155.844067389,-154.242991172,3.20215243311,4
9709,66,True,finite_mle,1,,-175.084836967,-174.711962268,0.745749398793,4
9710,56,True,finite_mle,1,,-160.073525065,-159.594847133,0.957355863626,4
9711,57,True,finite_mle,1,,-160.222481922,-157.95124328,4.54247728372,4
9712,58,True,finite_mle,1,,-167.333968252,-166.735735518,1.19646546801,4
9713,49,True,finite_mle,1,,-147.000990467,-145.930927116,2.14012670175,4
9714,68,True,finite_mle,1,,-182.101434283,-181.876678224,0.449512118058,4
9715,67,True,finite_mle,1,,-183.902223157,-183.689409727,0.425626859463,4
9716,68,True,finite_mle,1,,-180.392695689,-180.345317666,0.0947560455414,4
9717,57,True,finite_mle,1,,-165.708435194,-165.509899649,0.397071089361,4
9718,60,True,finite_mle,1,,-166.515234381,-166.272895902,0.484676957968,4
9719,58,True,finite_mle,1,,-160.27209848,-159.5865497,1.37109756026,4
9720,49,True,finite_mle,1,,-142.192707367,-140.965451392,2.4545119509,4
9721,53,True,finite_mle,1,,-156.812436883,-153.918292491,5.78828878464,4
9722,56,True,finite_mle,1,,-159.543934669,-158.153794466,2.78028040619,4
9723,58,True,finite_mle,1,,-160.078415016,-156.762870826,6.63108838007,4
9724,61,True,finite_mle,1,,-163.083851094,-162.572679957,1.02234227392,4
9725,54,True,finite_mle,1,,-155.662823751,-153.892301244,3.54104501454,4
9726,61,True,finite_mle,1,,-167.877086832,-167.496573295,0.761027074113,4
9727,62,True,finite_mle,1,,-174.55660846,-173.901063978,1.31108896437,4
9728,51,True,finite_mle,1,,-147.809025836,-147.424212241,0.76962718973,4
9729,55,True,finite_mle,1,,-149.82223351,-149.025198278,1.59407046341,4
9730,50,True,finite_mle,1,,-150.821757206,-150.053927283,1.53565984665,4
9731,45,True,finite_mle,1,,-138.938161384,-138.268859989,1.33860278953,4
9732,54,True,finite_mle,1,,-153.864477026,-153.10032404,1.5283059706,4
9733,67,True,finite_mle,1,,-180.342895045,-180.139067425,0.407655239771,4
9734,55,True,finite_mle,1,,-160.762279683,-159.267999534,2.98856029817,4
9735,66,True,finite_mle,1,,-181.817202032,-180.350582591,2.93323888302,4
9736,68,True,finite_mle,1,,-180.836182173,-180.777746242,0.116871862174,4
9737,51,True,finite_mle,1,,-148.820973316,-145.784835442,6.07227574912,4
9738,53,True,finite_mle,1,,-153.288476014,-153.127169289,0.322613450424,4
9739,60,True,finite_mle,1,,-171.501077737,-171.058158554,0.885838367641,4
9740,52,True,finite_mle,1,,-154.930601315,-153.49209253,2.87701757074,4
9741,56,True,finite_mle,1,,-161.117619813,-160.843238679,0.548762267844,4
9742,59,True,finite_mle,1,,-161.242366163,-160.745678316,0.993375694006,4
9743,55,True,finite_mle,1,,-157.966748734,-155.596872662,4.73975214377,4
9744,64,True,finite_mle,1,,-175.527421827,-174.82747403,1.3998955926,4
9745,59,True,finite_mle,1,,-168.436049632,-167.298200898,2.27569746773,4
9746,59,True,finite_mle,1,,-169.289139795,-168.970678297,0.636922995953,4
9747,68,True,finite_mle,1,,-185.064914932,-184.631953014,0.865923836049,4
9748,54,True,finite_mle,1,,-159.325633013,-158.467355274,1.71655547851,4
9749,49,True,finite_mle,1,,-143.472680344,-142.349755745,2.24584919796,4
9750,60,True,finite_mle,1,,-169.695641912,-168.565920055,2.2594437127,4
9751,67,True,finite_mle,1,,-183.17312288,-182.14638232,2.05348112016,4
9752,63,True,finite_mle,1,,-171.935407987,-170.638094912,2.59462615016,4
9753,56,True,finite_mle,1,,-159.845043801,-159.532650586,0.624786430823,4
9754,72,True,finite_mle,1,,-186.848727178,-185.208460603,3.28053315136,4
9755,58,True,finite_mle,1,,-161.313761852,-159.842181311,2.94316108178,4
9756,43,True,finite_mle,1,,-133.404430421,-133.285589866,0.237681109989,4
9757,50,True,finite_mle,1,,-150.99376925,-150.965720042,0.0560984154301,4
9758,54,True,finite_mle,1,,-152.201982296,-151.105892382,2.19217982856,4
9759,64,True,finite_mle,1,,-176.030789024,-174.77829058,2.50499688828,4
9760,61,True,finite_mle,1,,-174.09629748,-172.216957305,3.75868034948,4
9761,51,True,finite_mle,1,,-147.143619866,-147.129877241,0.0274852490062,4
9762,67,True,finite_mle,1,,-181.242760999,-181.196243609,0.0930347799929,4
9763,51,True,finite_mle,1,,-153.401606767,-152.865044964,1.07312360478,4
9764,62,True,finite_mle,1,,-173.06317624,-170.87170392,4.38294464061,4
9765,56,True,finite_mle,1,,-162.748987228,-161.32568018,2.84661409501,4
9766,50,True,finite_mle,1,,-149.467810641,-148.006190518,2.92324024563,4
9767,61,True,finite_mle,1,,-167.593576418,-166.757330117,1.67249260352,4
9768,47,True,finite_mle,1,,-142.239609615,-140.29424394,3.89073134962,4
9769,56,True,finite_mle,1,,-164.042354458,-158.45302011,11.1786686968,4
9770,59,True,finite_mle,1,,-169.011516489,-165.64356607,6.73590083787,4
9771,54,True,finite_mle,1,,-153.615581243,-152.141218471,2.94872554352,4
9772,57,True,finite_mle,1,,-156.816291009,-156.013914241,1.60475353663,4
9773,56,True,finite_mle,1,,-159.000717638,-157.104737178,3.79196092054,4
9774,58,True,finite_mle,1,,-162.000443365,-160.967629749,2.06562723224,4
9775,48,True,finite_mle,1,,-144.671311033,-144.299086275,0.744449514875,4
9776,63,True,finite_mle,1,,-170.607888221,-170.207671288,0.800433866996,4
9777,61,True,finite_mle,1,,-171.536593333,-169.724883444,3.6234197793,4
9778,45,True,finite_mle,1,,-140.500630362,-140.251193895,0.498872933022,4
9779,51,True,finite_mle,1,,-150.59957625,-150.125980733,0.94719103474,4
9780,58,True,finite_mle,1,,-162.717812636,-162.306785611,0.822054049828,4
9781,71,True,finite_mle,1,,-179.998390607,-177.221568287,5.55364463957,4
9782,49,True,finite_mle,1,,-150.237593095,-150.204742493,0.0657012041241,4
9783,49,True,finite_mle,1,,-147.461944625,-145.914520547,3.09484815589,4
9784,74,True,finite_mle,1,,-194.053852806,-191.498162354,5.11138090255,4
9785,45,True,finite_mle,1,,-139.938479559,-138.675585882,2.52578735357,4
9786,60,True,finite_mle,1,,-169.631820361,-168.335295078,2.593050566,4
9787,65,True,finite_mle,1,,-172.734167253,-172.668512088,0.131310330966,4
9788,59,True,finite_mle,1,,-165.336587309,-163.98196159,2.70925143685,4
9789,67,True,finite_mle,1,,-182.613346724,-180.241781633,4.74313018319,4
9790,60,True,finite_mle,1,,-170.220247742,-170.116853275,0.206788933455,4
9791,51,True,finite_mle,1,,-147.144009922,-146.199443482,1.88913288147,4
9792,59,True,finite_mle,1,,-167.24235495,-163.045249916,8.39421006897,4
9793,49,True,finite_mle,1,,-149.548403696,-148.744397659,1.60801207352,4
9794,55,True,finite_mle,1,,-160.930947912,-159.550334112,2.76122759927,4
9795,59,True,finite_mle,1,,-169.145592509,-169.049761811,0.191661395771,4
9796,52,True,finite_mle,1,,-152.886298424,-151.914680703,1.94323544187,4
9797,59,True,finite_mle,1,,-165.832571944,-165.675811848,0.313520190776,4
9798,64,True,finite_mle,1,,-175.583637581,-174.810700365,1.5458744332,4
9799,65,True,finite_mle,1,,-179.475456166,-178.947583326,1.05574568061,4
9800,56,True,finite_mle,1,,-164.22070942,-160.407998656,7.62542152671,4
9801,61,True,finite_mle,1,,-171.84412305,-169.723388204,4.24146969209,4
9802,62,True,finite_mle,1,,-173.160743232,-172.895106779,0.531272906794,4
9803,64,True,finite_mle,1,,-177.561649139,-177.211888498,0.69952128327,4
9804,62,True,finite_mle,1,,-170.445320942,-170.285555705,0.319530472202,4
9805,63,True,finite_mle,1,,-173.091717564,-172.619301707,0.94483171452,4
9806,59,True,finite_mle,1,,-164.11412884,-163.517538824,1.19318003317,4
9807,73,True,finite_mle,1,,-188.951699431,-188.876140151,0.151118559899,4
9808,50,True,finite_mle,1,,-148.709453887,-148.460592635,0.497722503391,4
9809,46,True,finite_mle,1,,-140.289670188,-139.594716793,1.38990679042,4
9810,60,True,finite_mle,1,,-165.117486746,-164.912553457,0.409866576603,4
9811,57,True,finite_mle,1,,-161.120615212,-160.634539022,0.972152379575,4
9812,61,True,finite_mle,1,,-172.50854863,-169.963943863,5.08920953242,4
9813,54,True,finite_mle,1,,-156.078248224,-155.343913769,1.46866890997,4
9814,50,True,finite_mle,1,,-143.876605724,-141.506505598,4.74020025157,4
9815,56,True,finite_mle,1,,-158.616938351,-157.817803604,1.59826949402,4
9816,62,True,finite_mle,1,,-173.418154325,-172.777485956,1.28133673788,4
9817,58,True,finite_mle,1,,-166.861142947,-164.260586119,5.20111365624,4
9818,44,True,finite_mle,1,,-137.02801977,-136.507148371,1.04174279711,4
9819,60,True,finite_mle,1,,-169.661299677,-169.518795687,0.28500798161,4
9820,54,True,finite_mle,1,,-155.052391328,-154.881337366,0.34210792325,4
9821,55,True,finite_mle,1,,-161.377949468,-158.458170307,5.83955832123,4
9822,61,True,finite_mle,1,,-170.842240739,-168.366341149,4.95179917908,4
9823,55,True,finite_mle,1,,-161.402768469,-158.744309679,5.31691758141,4
9824,57,True,finite_mle,1,,-163.121948021,-160.940852115,4.36219181323,4
9825,65,True,finite_mle,1,,-174.652727041,-174.145484323,1.01448543623,4
9826,52,True,finite_mle,1,,-154.200396432,-153.89421779,0.612357282931,4
9827,58,True,finite_mle,1,,-167.874802504,-166.628391569,2.49282186984,4
9828,48,True,finite_mle,1,,-145.297238954,-143.546285147,3.50190761396,4
9829,73,True,finite_mle,1,,-191.971188875,-187.366357764,9.20966222181,4
9830,57,True,finite_mle,1,,-164.756210209,-163.476588524,2.5592433703,4
9831,59,True,finite_mle,1,,-167.219721484,-166.736023974,0.967395020018,4
9832,48,True,finite_mle,1,,-147.218367764,-145.701302671,3.03413018603,4
9833,56,True,finite_mle,1,,-161.3750596,-161.080500477,0.589118246494,4
9834,46,True,finite_mle,1,,-142.776896884,-142.105639992,1.34251378306,4
9835,53,True,finite_mle,1,,-154.402928681,-154.301385318,0.203086726582,4
9836,58,True,finite_mle,1,,-164.011859554,-161.983586557,4.05654599399,4
9837,69,True,finite_mle,1,,-183.041150187,-178.317561855,9.4471766636,4
9838,57,True,finite_mle,1,,-160.299993868,-160.069219967,0.461547801039,4
9839,46,True,finite_mle,1,,-143.449637802,-140.705071661,5.48913228139,4
9840,56,True,finite_mle,1,,-157.751693291,-155.580717794,4.34195099334,4
9841,58,True,finite_mle,1,,-166.485898079,-166.038433677,0.894928803045,4
9842,51,True,finite_mle,1,,-146.167503912,-143.725479797,4.88404822928,4
9843,61,True,finite_mle,1,,-166.529203761,-165.517524619,2.02335828502,4
9844,57,True,finite_mle,1,,-163.429696333,-163.259074242,0.341244181897,4
9845,60,True,finite_mle,1,,-169.300943096,-168.537600789,1.52668461437,4
9846,53,True,finite_mle,1,,-154.16808348,-153.592220885,1.15172518946,4
9847,56,True,finite_mle,1,,-157.103345099,-156.76302732,0.680635557638,4
9848,65,True,finite_mle,1,,-178.537099966,-177.995036042,1.08412784691,4
9849,60,True,finite_mle,1,,-170.082987988,-166.944771031,6.2764339149,4
9850,44,True,finite_mle,1,,-136.847102682,-135.859968599,1.9742681661,4
9851,48,True,finite_mle,1,,-146.475529007,-145.72700893,1.49704015455,4
9852,53,True,finite_mle,1,,-158.25921799,-157.809081576,0.900272827795,4
9853,58,True,finite_mle,1,,-164.057172789,-163.863757552,0.386830475161,4
9854,58,True,finite_mle,1,,-165.698402484,-165.652987315,0.0908303366258,4
9855,66,True,finite_mle,1,,-176.444235647,-172.96216412,6.96414305269,4
9856,62,True,finite_mle,1,,-169.57483238,-169.561554292,0.0265561768759,4
9857,63,True,finite_mle,1,,-174.696776786,-174.45023313,0.493087313678,4
9858,54,True,finite_mle,1,,-154.698154144,-153.238582205,2.91914387805,4
9859,61,True,finite_mle,1,,-171.068788001,-170.544041031,1.04949394045,4
9860,58,True,finite_mle,1,,-165.328181932,-165.300459838,0.0554441876524,4
9861,52,True,finite_mle,1,,-152.542553621,-152.353775717,0.377555809134,4
9862,64,True,finite_mle,1,,-174.821416541,-174.703282225,0.236268632595,4
9863,58,True,finite_mle,1,,-153.266999687,-153.258150761,0.0176978512109,4
9864,62,True,finite_mle,1,,-169.499470186,-169.21468579,0.569568792276,4
9865,53,True,finite_mle,1,,-156.214663958,-155.500661157,1.42800560178,4
9866,66,True,finite_mle,1,,-180.609679307,-180.564142513,0.091073586819,4
9867,51,True,finite_mle,1,,-152.081757659,-151.919305191,0.324904936768,4
9868,61,True,finite_mle,1,,-172.555457898,-172.435050985,0.240813827048,4
9869,51,True,finite_mle,1,,-153.542422367,-152.198720392,2.68740395066,4
9870,52,True,finite_mle,1,,-153.370478033,-151.470725169,3.79950572823,4
9871,59,True,finite_mle,1,,-168.148426955,-166.354078145,3.58869762008,4
9872,56,True,finite_mle,1,,-159.663942449,-159.106915718,1.1140534633,4
9873,54,True,finite_mle,1,,-156.512237194,-155.779277759,1.46591887038,4
9874,49,True,finite_mle,1,,-148.386692566,-145.725330839,5.32272345276,4
9875,63,True,finite_mle,1,,-175.557505718,-173.511615598,4.09178024029,4
9876,65,True,finite_mle,1,,-179.058116615,-176.236444374,5.64334448277,4
9877,66,True,finite_mle,1,,-179.744829828,-179.099321263,1.29101712873,4
9878,60,True,finite_mle,1,,-165.715250166,-164.405761861,2.61897661076,4
9879,58,True,finite_mle,1,,-167.667544909,-165.30633354,4.72242273792,4
9880,62,True,finite_mle,1,,-169.14220264,-168.823012634,0.638380012074,4
9881,55,True,finite_mle,1,,-157.071350548,-154.71169315,4.71931479727,4
9882,56,True,finite_mle,1,,-161.556241086,-160.446550476,2.21938122082,4
9883,63,True,finite_mle,1,,-174.386331403,-173.75081295,1.27103690612,4
9884,63,True,finite_mle,1,,-174.729156491,-172.144208096,5.16989679116,4
9885,72,True,finite_mle,1,,-191.032863011,-190.480640157,1.10444570864,4
9886,68,True,finite_mle,1,,-179.286113687,-179.137984308,0.296258757417,4
9887,63,True,finite_mle,1,,-174.640553979,-174.061164844,1.15877827066,4
9888,55,True,finite_mle,1,,-158.871466033,-158.587293326,0.568345414073,4
9889,52,True,finite_mle,1,,-154.914767661,-152.745581611,4.33837209863,4
9890,61,True,finite_mle,1,,-166.6051744,-166.463338975,0.283670848978,4
9891,61,True,finite_mle,1,,-173.055441761,-171.546756146,3.0173712309,4
9892,60,True,finite_mle,1,,-171.457555257,-170.882725382,1.14965974959,4
9893,50,True,finite_mle,1,,-145.153359034,-144.710174989,0.886368090754,4
9894,59,True,finite_mle,1,,-165.386914517,-164.111367197,2.55109463934,4
9895,50,True,finite_mle,1,,-145.460068473,-143.567038398,3.7860601505,4
9896,66,True,finite_mle,1,,-181.553945185,-180.072627017,2.96263633657,4
9897,64,True,finite_mle,1,,-177.77748288,-173.605147681,8.34467039725,4
9898,58,True,finite_mle,1,,-163.996625104,-163.930430639,0.132388929654,4
9899,68,True,finite_mle,1,,-183.153890916,-178.096196705,10.1153884222,4
9900,57,True,finite_mle,1,,-165.049107223,-163.533093997,3.03202645186,4
9901,60,True,finite_mle,1,,-169.463193051,-168.125274325,2.67583745268,4
9902,51,True,finite_mle,1,,-148.236989575,-147.841580931,0.790817286934,4
9903,60,True,finite_mle,1,,-169.901363446,-169.748682425,0.305362041868,4
9904,56,True,finite_mle,1,,-157.010443058,-155.884549768,2.25178658154,4
9905,62,True,finite_mle,1,,-175.260089002,-174.63389022,1.25239756465,4
9906,58,True,finite_mle,1,,-165.156872373,-163.68865402,2.93643670588,4
9907,53,True,finite_mle,1,,-152.96207832,-152.618182769,0.68779110099,4
9908,60,True,finite_mle,1,,-165.37730748,-163.662948028,3.42871890478,4
9909,68,True,finite_mle,1,,-186.547874697,-186.17896407,0.737821254197,4
9910,49,True,finite_mle,1,,-149.625590578,-149.311442921,0.628295312268,4
9911,54,True,finite_mle,1,,-159.328369707,-158.856750883,0.943237647967,4
9912,63,True,finite_mle,1,,-173.644314807,-172.982074441,1.3244807322,4
9913,55,True,finite_mle,1,,-160.811165932,-159.700328694,2.22167447555,4
9914,54,True,finite_mle,1,,-159.007385135,-158.791971028,0.43082821344,4
9915,50,True,finite_mle,1,,-152.375758837,-151.703973428,1.34357081626,4
9916,64,True,finite_mle,1,,-170.700241246,-166.999623348,7.40123579618,4
9917,53,True,finite_mle,1,,-154.932951148,-154.099359284,1.66718372909,4
9918,54,True,finite_mle,1,,-159.63082154,-159.132829264,0.99598455145,4
9919,51,True,finite_mle,1,,-148.565270053,-147.282880275,2.5647795562,4
9920,46,True,finite_mle,1,,-136.764283547,-135.17499093,3.17858523382,4
9921,68,True,finite_mle,1,,-183.757617924,-183.489588157,0.536059533686,4
9922,64,True,finite_mle,1,,-172.917146728,-171.066510629,3.70127219741,4
9923,59,True,finite_mle,1,,-166.42907459,-166.196713962,0.46472125588,4
9924,51,True,finite_mle,1,,-149.430402401,-149.393337269,0.0741302636216,4
9925,52,True,finite_mle,1,,-145.601750887,-144.355872242,2.49175728932,4
9926,66,True,finite_mle,1,,-181.683263419,-181.664217197,0.0380924443533,4
9927,41,True,finite_mle,1,,-132.285237587,-131.657773572,1.25492802949,4
9928,69,True,finite_mle,1,,-187.061476026,-185.360158914,3.40263422477,4
9929,57,True,finite_mle,1,,-165.949654571,-165.897093397,0.105122347354,4
9930,66,True,finite_mle,1,,-180.232923159,-180.107425793,0.250994732775,4
9931,50,True,finite_mle,1,,-151.255123162,-149.240714549,4.02881722623,4
9932,57,True,finite_mle,1,,-160.651020792,-159.181190816,2.93965995296,4
9933,50,True,finite_mle,1,,-144.481268489,-143.746452112,1.4696327543,4
9934,55,True,finite_mle,1,,-159.579852298,-159.3221643,0.515375996952,4
9935,63,True,finite_mle,1,,-173.893686985,-173.527245861,0.732882248312,4
9936,44,True,finite_mle,1,,-138.402966816,-138.017695306,0.770543019994,4
9937,44,True,finite_mle,1,,-138.322318128,-138.013698436,0.617239383041,4
9938,52,True,finite_mle,1,,-154.940304203,-152.2055362,5.46953600527,4
9939,44,True,finite_mle,1,,-130.496441638,-130.090309822,0.81226363295,4
9940,66,True,finite_mle,1,,-175.503589837,-175.236571981,0.534035711287,4
9941,58,True,finite_mle,1,,-159.215579181,-156.065298965,6.30056043269,4
9942,65,True,finite_mle,1,,-175.810996881,-175.322111882,0.97776999747,4
9943,64,True,finite_mle,1,,-175.685551603,-175.483850916,0.403401372807,4
9944,63,True,finite_mle,1,,-174.332209481,-173.224947148,2.21452466571,4
9945,64,True,finite_mle,1,,-172.985900437,-172.132811069,1.70617873578,4
9946,51,True,finite_mle,1,,-153.805358405,-153.052846514,1.50502378229,4
9947,56,True,finite_mle,1,,-161.18909331,-156.639095063,9.09999649494,4
9948,54,True,finite_mle,1,,-156.872529359,-156.582203772,0.580651175374,4
9949,65,True,finite_mle,1,,-179.440469085,-179.032432657,0.816072855867,4
9950,58,True,finite_mle,1,,-168.086188151,-167.345834871,1.48070655906,4
9951,57,True,finite_mle,1,,-162.3377191,-162.030128268,0.615181664382,4
9952,54,True,finite_mle,1,,-157.475424067,-157.356403098,0.238041937589,4
9953,66,True,finite_mle,1,,-178.31667627,-178.057658224,0.518036092862,4
9954,62,True,finite_mle,1,,-174.396203718,-173.932582167,0.92724310179,4
9955,55,True,finite_mle,1,,-159.837555766,-159.545342214,0.584427103728,4
9956,72,True,finite_mle,1,,-191.159695596,-187.559164922,7.20106134755,4
9957,45,True,finite_mle,1,,-139.60146057,-139.550878397,0.101164346202,4
9958,58,True,finite_mle,1,,-162.172725823,-161.533151956,1.27914773566,4
9959,52,True,finite_mle,1,,-153.11176829,-151.915823025,2.39189052919,4
9960,50,True,finite_mle,1,,-151.147683093,-150.36890494,1.55755630704,4
9961,58,True,finite_mle,1,,-162.346442539,-162.237792713,0.21729965298,4
9962,57,True,finite_mle,1,,-157.459973965,-157.401878709,0.116190512748,4
9963,62,True,finite_mle,1,,-172.926371896,-172.876714407,0.0993149785169,4
9964,54,True,finite_mle,1,,-160.196899668,-160.008250251,0.377298834305,4
9965,55,True,finite_mle,1,,-159.143875492,-158.929526518,0.428697949383,4
9966,55,True,finite_mle,1,,-157.745883128,-157.608773411,0.27421943249,4
9967,64,True,finite_mle,1,,-177.540776053,-177.065771125,0.950009856651,4
9968,61,True,finite_mle,1,,-173.646919751,-173.370174246,0.553491009181,4
9969,67,True,finite_mle,1,,-180.884792629,-180.113232882,1.54311949386,4
9970,62,True,finite_mle,1,,-172.877798055,-172.10304463,1.54950685164,4
9971,45,True,finite_mle,1,,-137.105161416,-137.025185536,0.159951760657,4
9972,51,True,finite_mle,1,,-146.741153963,-146.597500403,0.287307121124,4
9973,61,True,finite_mle,1,,-172.617477607,-172.461587825,0.31177956413,4
9974,55,True,finite_mle,1,,-157.050384381,-156.74361881,0.613531142378,4
9975,53,True,finite_mle,1,,-154.570016842,-153.411934643,2.31616439823,4
9976,48,True,finite_mle,1,,-141.514210205,-140.255592682,2.51723504621,4
9977,58,True,finite_mle,1,,-160.830938769,-158.644704113,4.37246931123,4
9978,46,True,finite_mle,1,,-139.591537744,-137.150122078,4.8828313319,4
9979,54,True,finite_mle,1,,-155.332190481,-154.245212442,2.17395607768,4
9980,47,True,finite_mle,1,,-143.596397855,-143.145577303,0.901641105674,4
9981,55,True,finite_mle,1,,-159.374850019,-158.540306837,1.66908636432,4
9982,58,True,finite_mle,1,,-166.166574239,-164.705237387,2.92267370405,4
9983,57,True,finite_mle,1,,-161.960114258,-161.741936287,0.436355940447,4
9984,67,True,finite_mle,1,,-181.950576045,-180.479827189,2.94149771288,4
9985,52,True,finite_mle,1,,-153.109677738,-150.925535469,4.36828453764,4
9986,52,True,finite_mle,1,,-153.933453684,-153.220628318,1.4256507303,4
9987,58,True,finite_mle,1,,-164.842961834,-164.009072213,1.66777924233,4
9988,56,True,finite_mle,1,,-161.316410783,-160.923957421,0.784906723996,4
9989,59,True,finite_mle,1,,-166.446083841,-165.191550757,2.50906616705,4
9990,54,True,finite_mle,1,,-156.721059066,-156.509380317,0.423357496857,4
9991,61,True,finite_mle,1,,-169.287055533,-168.773122622,1.02786582193,4
9992,57,True,finite_mle,1,,-161.287887746,-160.608817793,1.35813990575,4
9993,55,True,finite_mle,1,,-157.020974148,-156.443340555,1.15526718534,4
9994,54,True,finite_mle,1,,-156.765109082,-156.756031447,0.0181552693585,4
9995,51,True,finite_mle,1,,-152.448758732,-151.764585715,1.36834603395,4
9996,56,True,finite_mle,1,,-160.367495164,-159.259904641,2.21518104701,4
9997,60,True,finite_mle,1,,-168.052126363,-166.762933293,2.57838614083,4
9998,70,True,finite_mle,1,,-181.342229424,-179.158247318,4.36796421273,4
9999,61,True,finite_mle,1,,-169.501464351,-168.631106169,1.74071636395,4
