dataset_id,dataset_label,bin_start_ka,bin_end_ka,bin_center_ka,dt_ka,lr04,lr04_scaled,co2,co2_scaled,precession_index,pre_phase_unwrapped_rad,pre_phase_rad,pre_phase_deg,pre_phase_sin,pre_phase_cos,pre_phase_extrapolated,event_count,n_events_total,source,same_type_history_count,same_type_history_rate_per_kyr,same_type_history_window_ka,same_type_history_coverage_ka,same_type_history_complete
warming,NGRIP warming starts (GI),12.0,12.2,12.1,0.1999999999999993,3.9339999999999997,-0.18360563320356588,254.70127696207433,0.3332970632849838,-0.019358,25.305672934420535,0.17293170570219019,9.90825688073393,0.1720710623570346,0.985084539265195,False,0,34,NGRIP/data/processed/ngrip_warming_cooling_starts.csv,1.0,0.2,5.0,5.000000000000002,True
warming,NGRIP warming starts (GI),12.2,12.4,12.3,0.20000000000000107,3.9619999999999997,-0.16752292211798286,248.94719084310452,0.2738068022806532,-0.01915,25.363316836321264,0.23057560760291906,13.211009174311839,0.22853793551668758,0.9735350081172071,False,0,34,NGRIP/data/processed/ngrip_warming_cooling_starts.csv,1.0,0.2,5.0,5.0,True
warming,NGRIP warming starts (GI),12.4,12.6,12.5,0.1999999999999993,3.9899999999999998,-0.15144021103239982,244.80021790799577,0.23093213944337132,-0.018881,25.420960738221996,0.2882195095036515,16.51376146788995,0.28424562863766545,0.958751491576612,False,0,34,NGRIP/data/processed/ngrip_warming_cooling_starts.csv,1.0,0.2,5.0,5.0,True
warming,NGRIP warming starts (GI),12.6,12.8,12.7,0.20000000000000107,4.018,-0.1353574999468168,243.9080845945943,0.22170856465363323,-0.01855,25.478604640122725,0.34586341140438037,19.81651376146786,0.3390090863657041,0.940783098998643,False,0,34,NGRIP/data/processed/ngrip_warming_cooling_starts.csv,1.0,0.2,5.0,5.0,True
warming,NGRIP warming starts (GI),12.8,13.0,12.9,0.1999999999999993,4.045999999999999,-0.11927478886123406,239.2565964767388,0.17361782765936154,-0.01816,25.536248542023458,0.4035073133051128,23.119266055045973,0.39264639000157037,0.9196895195764354,False,0,34,NGRIP/data/processed/ngrip_warming_cooling_starts.csv,1.0,0.2,5.0,4.999999999999998,True
warming,NGRIP warming starts (GI),13.0,13.2,13.1,0.1999999999999993,4.082,-0.09859701746548422,239.5825564237581,0.17698785756927324,-0.017711,25.593892443924187,0.4611512152058417,26.42201834862388,0.44497936181665954,0.8955408240595392,False,0,34,NGRIP/data/processed/ngrip_warming_cooling_starts.csv,1.0,0.2,5.0,5.000000000000002,True
warming,NGRIP warming starts (GI),13.2,13.4,13.3,0.20000000000000107,4.126,-0.07332418575956778,237.25739665532092,0.1529485299260746,-0.017205,25.651536345824915,0.5187951171065706,29.72477064220179,0.49583415694151406,0.8684172319859262,False,0,34,NGRIP/data/processed/ngrip_warming_cooling_starts.csv,1.0,0.2,5.0,5.0,True
warming,NGRIP warming starts (GI),13.4,13.6,13.5,0.1999999999999993,4.17,-0.04805135405365188,238.94932295933182,0.17044099273330868,-0.016644,25.709180247725648,0.576439019007303,33.0275229357799,0.5450418408609871,0.8384088452007568,False,0,34,NGRIP/data/processed/ngrip_warming_cooling_starts.csv,1.0,0.2,5.0,5.0,True
warming,NGRIP warming starts (GI),13.6,13.8,13.7,0.20000000000000107,4.2139999999999995,-0.022778522347735964,241.01283076220435,0.19177515688018407,-0.016028,25.766824149626377,0.6340829209080319,36.33027522935781,0.5924389505977037,0.8056153485471163,False,0,34,NGRIP/data/processed/ngrip_warming_cooling_starts.csv,1.0,0.2,5.0,5.0,True
warming,NGRIP warming starts (GI),13.8,14.0,13.9,0.1999999999999993,4.258,0.0024943093581804576,239.03605163125755,0.1713376618520434,-0.015357,25.824468051527106,0.6917268228087607,39.63302752293572,0.6378680377196515,0.7701456787229812,False,0,34,NGRIP/data/processed/ngrip_warming_cooling_starts.csv,1.0,0.2,5.0,4.999999999999998,True
warming,NGRIP warming starts (GI),14.0,14.2,14.1,0.1999999999999993,4.301,0.027192758525325867,234.41515683511275,0.12356322264267271,-0.014632,25.882111953427838,0.7493707247094932,42.93577981651383,0.6811781913680279,0.7321176624044679,False,0,34,NGRIP/data/processed/ngrip_warming_cooling_starts.csv,1.0,0.2,5.0,5.000000000000002,True
warming,NGRIP warming starts (GI),14.2,14.4,14.3,0.20000000000000107,4.343,0.051316825153700264,238.61709992155164,0.16700621007268124,-0.013856,25.939755855328567,0.807014626610222,46.23853211009174,0.7222255395679296,0.691657624837472,False,0,34,NGRIP/data/processed/ngrip_warming_cooling_starts.csv,1.0,0.2,5.0,5.0,True
warming,NGRIP warming starts (GI),14.4,14.6,14.5,0.1999999999999993,4.385,0.07544089178207466,241.94781334877445,0.2014417411056419,-0.01303,25.997399757229296,0.8646585285109509,49.54128440366965,0.7608737271565997,0.6488999701978914,False,0,34,NGRIP/data/processed/ngrip_warming_cooling_starts.csv,1.0,0.2,5.0,5.0,True
warming,NGRIP warming starts (GI),14.6,14.8,14.7,0.20000000000000107,4.4270000000000005,0.09956495841044957,228.67238914242154,0.06418998041761481,-0.01216,26.05504365913003,0.9223024304116834,52.84403669724776,0.7969943687415582,0.6039867351144768,False,1,34,NGRIP/data/processed/ngrip_warming_cooling_starts.csv,0.0,0.0,5.0,5.0,True
warming,NGRIP warming starts (GI),14.8,15.0,14.9,0.1999999999999993,4.469,0.12368902503882397,229.40141122334438,0.0717271831940976,-0.011249,26.112687561030757,0.9799463323124122,56.14678899082567,0.8304674751839578,0.557067116837444,False,0,34,NGRIP/data/processed/ngrip_warming_cooling_starts.csv,0.0,0.0,5.0,4.999999999999998,True
warming,NGRIP warming starts (GI),15.0,15.2,15.1,0.1999999999999993,4.516,0.1506850043610524,233.9409307606567,0.11866030107334785,-0.010301,26.170331462931486,1.0375902342131411,59.44954128440358,0.86118185219045,0.508296977620196,False,0,34,NGRIP/data/processed/ngrip_warming_cooling_starts.csv,0.0,0.0,5.0,5.000000000000002,True
warming,NGRIP warming starts (GI),15.2,15.4,15.3,0.20000000000000107,4.5680000000000005,0.1805528963771354,226.6681270451256,0.043468344900875366,-0.009319,26.22797536483222,1.0952341361138735,62.75229357798169,0.8890354696894376,0.4578383269605997,False,0,34,NGRIP/data/processed/ngrip_warming_cooling_starts.csv,0.0,0.0,5.0,5.0,True
warming,NGRIP warming starts (GI),15.4,15.6,15.5,0.1999999999999993,4.62,0.2104207883932179,223.38628461026934,0.009538080565582224,-0.008308,26.285619266732947,1.1528780380146024,66.0550458715596,0.9139358007647082,0.4058587834217362,False,0,34,NGRIP/data/processed/ngrip_warming_cooling_starts.csv,0.0,0.0,5.0,5.0,True
warming,NGRIP warming starts (GI),15.6,15.8,15.7,0.20000000000000107,4.672,0.24028868040930038,222.20958911636168,-0.0026275215140264107,-0.007274,26.343263168633676,1.2105219399153313,69.35779816513751,0.9358001290205535,0.35253101781987245,False,0,34,NGRIP/data/processed/ngrip_warming_cooling_starts.csv,0.0,0.0,5.0,5.0,True
warming,NGRIP warming starts (GI),15.8,16.0,15.9,0.1999999999999993,4.724,0.2701565724253834,223.20248123880526,0.007637776969877312,-0.006221,26.40090707053441,1.2681658418160637,72.66055045871562,0.9545558233573137,0.29803217962938333,False,0,34,NGRIP/data/processed/ngrip_warming_cooling_starts.csv,0.0,0.0,5.0,4.999999999999998,True
warming,NGRIP warming starts (GI),16.0,16.2,16.1,0.1999999999999993,4.763,0.29255749143744525,223.2426998599974,0.00805358865960277,-0.005155,26.458550972435138,1.3258097437167926,75.96330275229353,0.9701405792445813,0.24254330851002315,False,0,34,NGRIP/data/processed/ngrip_warming_cooling_starts.csv,0.0,0.0,5.0,5.0,True
warming,NGRIP warming starts (GI),16.2,16.4,16.299999999999997,0.1999999999999993,4.789,0.3074914374454865,213.1043452013077,-0.09676468349164971,-0.004078000000000019,26.516194874335866,1.3834536456175215,79.26605504587144,0.9825026256905942,0.18624873291136265,False,0,34,NGRIP/data/processed/ngrip_warming_cooling_starts.csv,0.0,0.0,5.0,5.0,True
warming,NGRIP warming starts (GI),16.4,16.6,16.5,0.20000000000000284,4.8149999999999995,0.3224253834535277,209.51713116734007,-0.1338521192280719,-0.002991,26.5738387762366,1.441097547518254,82.56880733944955,0.9916008972202588,0.1293354577522261,False,0,34,NGRIP/data/processed/ngrip_warming_cooling_starts.csv,0.0,0.0,5.0,5.0,True
warming,NGRIP warming starts (GI),16.6,16.8,16.700000000000003,0.1999999999999993,4.841,0.3373593294615695,211.50387093060155,-0.11331164336093832,-0.0018959999999999804,26.63148267813733,1.4987414494189863,85.87155963302766,0.9974051702905277,0.07199254320916468,False,0,34,NGRIP/data/processed/ngrip_warming_cooling_starts.csv,0.0,0.0,5.0,5.0,True
warming,NGRIP warming starts (GI),16.8,17.0,16.9,0.1999999999999993,4.867,0.35229327546961076,204.02193047121378,-0.19066581942730718,-0.000794,26.68912658003806,1.5563853513197152,89.17431192660557,0.9998961636899731,0.014410476677556034,False,0,34,NGRIP/data/processed/ngrip_warming_cooling_starts.csv,0.0,0.0,5.0,5.0,True
warming,NGRIP warming starts (GI),17.0,17.2,17.1,0.1999999999999993,4.894,0.367801604016423,201.70745785584967,-0.21459465488937318,0.000313,26.74677048193879,1.614029253220444,92.47706422018348,0.9990656025890314,-0.04321946000837385,False,0,34,NGRIP/data/processed/ngrip_warming_cooling_starts.csv,0.0,0.0,5.0,5.0,True
warming,NGRIP warming starts (GI),17.2,17.4,17.299999999999997,0.1999999999999993,4.922,0.38388431510200577,195.25767841300186,-0.2812775398066532,0.0014209999999999802,26.804414383839518,1.671673155121173,95.77981651376139,0.9949162460281539,-0.10070582599455692,False,0,34,NGRIP/data/processed/ngrip_warming_cooling_starts.csv,0.0,0.0,5.0,5.0,True
warming,NGRIP warming starts (GI),17.4,17.6,17.5,0.20000000000000284,4.949999999999999,0.3999670261875885,191.5391553913457,-0.319722550975263,0.002525,26.86205828574025,1.7293170570219054,99.0825688073395,0.9874618777525516,-0.1578576573543549,False,0,34,NGRIP/data/processed/ngrip_warming_cooling_starts.csv,0.0,0.0,5.0,5.0,True
warming,NGRIP warming starts (GI),17.6,17.8,17.700000000000003,0.1999999999999993,4.978,0.4160497372731718,190.8402182840855,-0.32694871166817346,0.003619000000000019,26.91970218764098,1.7869609589226343,102.38532110091741,0.9767272604239823,-0.21448510145150504,False,0,34,NGRIP/data/processed/ngrip_warming_cooling_starts.csv,0.0,0.0,5.0,5.0,True
warming,NGRIP warming starts (GI),17.8,18.0,17.9,0.1999999999999993,5.005999999999999,0.43213244835875453,191.3234765587536,-0.321952408120034,0.0047,26.977346089541708,1.8446048608233632,105.68807339449532,0.9627480533616752,-0.2704000476115062,False,0,34,NGRIP/data/processed/ngrip_warming_cooling_starts.csv,1.0,0.2,5.0,5.0,True
warming,NGRIP warming starts (GI),18.0,18.2,18.1,0.1999999999999993,5.013999999999999,0.4367275086689211,188.60885009508044,-0.35001834830830725,0.005763,27.03498999144244,1.9022487627240956,108.99082568807343,0.94557069408566,-0.32541675200635145,False,0,34,NGRIP/data/processed/ngrip_warming_cooling_starts.csv,1.0,0.2,5.0,5.0,True
warming,NGRIP warming starts (GI),18.2,18.4,18.299999999999997,0.1999999999999993,5.002,0.42983491820367153,188.75166342733996,-0.3485418319275378,0.006804999999999982,27.09263389334317,1.9598926646248245,112.29357798165134,0.9252522440559978,-0.37935245467683504,False,0,34,NGRIP/data/processed/ngrip_warming_cooling_starts.csv,2.0,0.4,5.0,5.0,True
warming,NGRIP warming starts (GI),18.4,18.6,18.5,0.20000000000000284,4.99,0.4229423277384219,187.31987546879793,-0.36334478023165057,0.007822,27.150277795243902,2.017536566525557,115.59633027522945,0.9018601991203431,-0.4320279866427811,False,0,34,NGRIP/data/processed/ngrip_warming_cooling_starts.csv,2.0,0.4,5.0,5.0,True
warming,NGRIP warming starts (GI),18.6,18.8,18.700000000000003,0.1999999999999993,4.978,0.4160497372731718,193.04876599050695,-0.3041150110980035,0.008807000000000018,27.20792169714463,2.075180468426286,118.89908256880736,0.8754722652995345,-0.48326836508435106,False,0,34,NGRIP/data/processed/ngrip_warming_cooling_starts.csv,2.0,0.4,5.0,5.0,True
warming,NGRIP warming starts (GI),18.8,19.0,18.9,0.1999999999999993,4.966,0.40915714680792215,189.59702766801664,-0.3398017925395651,0.009756,27.26556559904536,2.1328243703270147,122.20183486238527,0.8461761006559986,-0.5329033746173966,False,0,34,NGRIP/data/processed/ngrip_warming_cooling_starts.csv,2.0,0.4,5.0,5.0,True
warming,NGRIP warming starts (GI),19.0,19.2,19.1,0.1999999999999993,4.963,0.40743399919160966,191.62489003394273,-0.3188361589123434,0.010661,27.323209500946092,2.190468272227747,125.50458715596338,0.8140690241024862,-0.580768132731838,False,0,34,NGRIP/data/processed/ngrip_warming_cooling_starts.csv,2.0,0.4,5.0,5.0,True
warming,NGRIP warming starts (GI),19.2,19.4,19.299999999999997,0.1999999999999993,4.969,0.4108802944242347,191.57676221107488,-0.31933374214011956,0.011521999999999984,27.38085340284682,2.248112174128476,128.8073394495413,0.779257692118437,-0.6267036375147725,False,0,34,NGRIP/data/processed/ngrip_warming_cooling_starts.csv,2.0,0.4,5.0,5.0,True
warming,NGRIP warming starts (GI),19.4,19.6,19.5,0.20000000000000284,4.975,0.41432658965685926,190.34597592549989,-0.33205857730169613,0.012338,27.43849730474755,2.305756076029205,132.1100917431192,0.7418577444478694,-0.6705572958388565,False,0,34,NGRIP/data/processed/ngrip_warming_cooling_starts.csv,2.0,0.4,5.0,5.0,True
warming,NGRIP warming starts (GI),19.6,19.8,19.700000000000003,0.1999999999999993,4.981,0.41777288488948433,192.37017003713598,-0.31113086896801906,0.013111000000000013,27.496141206648282,2.3633999779299373,135.41284403669732,0.7019934199557859,-0.7121834302613195,False,0,34,NGRIP/data/processed/ngrip_warming_cooling_starts.csv,2.0,0.4,5.0,5.0,True
warming,NGRIP warming starts (GI),19.8,20.0,19.9,0.1999999999999993,4.987,0.42121918012210935,195.77632847688537,-0.275915328148294,0.013841,27.55378510854901,2.421043879830666,138.71559633027522,0.6597971439191648,-0.7514437629497718,False,0,34,NGRIP/data/processed/ngrip_warming_cooling_starts.csv,2.0,0.4,5.0,5.0,True
warming,NGRIP warming starts (GI),20.0,20.2,20.1,0.1999999999999993,4.982,0.41834726742825534,192.3652443313857,-0.31118179478224156,0.014531,27.611429010449744,2.4786877817313986,142.01834862385334,0.615409088123491,-0.7882078750272755,False,0,34,NGRIP/data/processed/ngrip_warming_cooling_starts.csv,2.0,0.4,5.0,5.0,True
warming,NGRIP warming starts (GI),20.2,20.4,20.299999999999997,0.1999999999999993,4.966,0.40915714680792215,190.25759801976974,-0.33297229749465074,0.015177999999999988,27.669072912350472,2.5363316836321275,145.32110091743124,0.5689767052262016,-0.8223536398107181,False,0,34,NGRIP/data/processed/ngrip_warming_cooling_starts.csv,2.0,0.4,5.0,5.0,True
warming,NGRIP warming starts (GI),20.4,20.6,20.5,0.20000000000000284,4.95,0.399967026187589,192.8048456078173,-0.3066368515658833,0.015778,27.7267168142512,2.5939755855328563,148.62385321100916,0.5206542389337672,-0.8537676285033884,False,0,34,NGRIP/data/processed/ngrip_warming_cooling_starts.csv,2.0,0.4,5.0,5.0,True
warming,NGRIP warming starts (GI),20.6,20.8,20.700000000000003,0.1999999999999993,4.934,0.39077690556725586,188.77473245423263,-0.3483033262113239,0.01632500000000001,27.784360716151934,2.6516194874335888,151.92660550458726,0.47060221161961896,-0.8823454869940252,False,0,34,NGRIP/data/processed/ngrip_warming_cooling_starts.csv,2.0,0.4,5.0,5.0,True
warming,NGRIP warming starts (GI),20.8,21.0,20.9,0.1999999999999993,4.918,0.3815867849469227,191.71699145433823,-0.31788394210068777,0.016816,27.842004618052663,2.7092633893343177,155.22935779816518,0.41898689108497705,-0.9079922825106751,False,0,34,NGRIP/data/processed/ngrip_warming_cooling_starts.csv,2.0,0.4,5.0,5.0,True
warming,NGRIP warming starts (GI),21.0,21.2,21.1,0.1999999999999993,4.907,0.3752685770204436,188.7689430650394,-0.34836318146323375,0.017245,27.89964851995339,2.7669072912350465,158.53211009174308,0.36597973823391666,-0.9306228189778251,False,0,34,NGRIP/data/processed/ngrip_warming_cooling_starts.csv,2.0,0.4,5.0,5.0,True
warming,NGRIP warming starts (GI),21.2,21.4,21.299999999999997,0.1999999999999993,4.901,0.37182228178781856,188.20081307421907,-0.3542369554630466,0.017610999999999995,27.95729242185412,2.8245511931357754,161.834862385321,0.3117568374975006,-0.9501619200291901,False,0,34,NGRIP/data/processed/ngrip_warming_cooling_starts.csv,2.0,0.4,5.0,5.0,True
warming,NGRIP warming starts (GI),21.4,21.6,21.5,0.20000000000000284,4.895,0.3683759865551935,185.80839309376046,-0.37897167199783144,0.017914,28.014936323754853,2.882195095036508,165.1376146788991,0.2564983118990005,-0.9665446787360443,False,0,34,NGRIP/data/processed/ngrip_warming_cooling_starts.csv,2.0,0.4,5.0,5.0,True
warming,NGRIP warming starts (GI),21.6,21.8,21.700000000000003,0.1999999999999993,4.889,0.3649296913225689,186.87075914898352,-0.36798809743870114,0.018153000000000002,28.072580225655585,2.9398389969372403,168.44036697247722,0.20038772470333835,-0.979716673221508,False,0,34,NGRIP/data/processed/ngrip_warming_cooling_starts.csv,2.0,0.4,5.0,5.0,True
warming,NGRIP warming starts (GI),21.8,22.0,21.9,0.1999999999999993,4.883,0.3614833960899439,190.4695358864137,-0.3307811173936468,0.01833,28.130224127556314,2.997482898837969,171.74311926605512,0.14361146963837365,-0.9896341474445526,False,0,34,NGRIP/data/processed/ngrip_warming_cooling_starts.csv,2.0,0.4,5.0,5.0,True
warming,NGRIP warming starts (GI),22.0,22.2,22.1,0.1999999999999993,4.878,0.35861148339608984,188.36642222066652,-0.35252475805355993,0.018442,28.187868029457043,3.055126800738698,175.04587155963304,0.08635815171367738,-0.9962641565531691,False,0,34,NGRIP/data/processed/ngrip_warming_cooling_starts.csv,2.0,0.4,5.0,5.0,True
warming,NGRIP warming starts (GI),22.2,22.4,22.299999999999997,0.1999999999999993,4.874,0.3563139532410063,187.1956916440011,-0.3646286901344454,0.018492,28.245511931357772,3.112770702639427,178.34862385321094,0.02881796069366777,-0.9995846763238512,False,0,34,NGRIP/data/processed/ngrip_warming_cooling_starts.csv,2.0,0.4,5.0,5.0,True
warming,NGRIP warming starts (GI),22.4,22.6,22.5,0.20000000000000284,4.87,0.35401642308592324,185.25875246004816,-0.38465428850409683,0.01848,28.30238381671519,3.1696425879968437,181.6071428571428,-0.028046256275867727,-0.9996066263830529,False,0,34,NGRIP/data/processed/ngrip_warming_cooling_starts.csv,2.0,0.4,5.0,5.0,True
warming,NGRIP warming starts (GI),22.6,22.8,22.700000000000003,0.1999999999999993,4.8660000000000005,0.35171889293084024,189.24932214657923,-0.3433966452746961,0.018405999999999995,28.358483685529293,3.2257424568109485,184.82142857142858,-0.08405052492924764,-0.9964614941176191,False,0,34,NGRIP/data/processed/ngrip_warming_cooling_starts.csv,3.0,0.6,5.0,5.0,True
warming,NGRIP warming starts (GI),22.8,23.0,22.9,0.1999999999999993,4.862,0.3494213627757567,187.48472635495108,-0.3616404223125512,0.018273,28.414583554343398,3.2818423256250533,188.03571428571436,-0.13979033953550088,-0.9901811253364454,False,1,34,NGRIP/data/processed/ngrip_warming_cooling_starts.csv,2.0,0.4,5.0,5.0,True
warming,NGRIP warming starts (GI),23.0,23.2,23.1,0.1999999999999993,4.855,0.3454006850043611,190.11560192201068,-0.33444036466337695,0.018083,28.4706834231575,3.3379421944391545,191.24999999999997,-0.1950903220161275,-0.9807852804032307,False,0,34,NGRIP/data/processed/ngrip_warming_cooling_starts.csv,2.0,0.4,5.0,5.0,True
warming,NGRIP warming starts (GI),23.2,23.4,23.299999999999997,0.1999999999999993,4.845000000000001,0.33965685961665304,196.49146631243423,-0.2685216716038399,0.017836000000000005,28.526783291971604,3.3940420632532593,194.46428571428575,-0.24977647816722737,-0.9683035221222613,False,1,34,NGRIP/data/processed/ngrip_warming_cooling_starts.csv,1.0,0.2,5.0,5.0,True
warming,NGRIP warming starts (GI),23.4,23.6,23.5,0.20000000000000284,4.835,0.3339130342289444,187.2049129757371,-0.3645333527654106,0.017534,28.58288316078571,3.450141932067364,197.67857142857153,-0.3036767451096165,-0.9527751227228958,False,0,34,NGRIP/data/processed/ngrip_warming_cooling_starts.csv,1.0,0.2,5.0,5.0,True
warming,NGRIP warming starts (GI),23.6,23.8,23.700000000000003,0.1999999999999993,4.824999999999999,0.32816920884123585,186.21747326731506,-0.37474227991135756,0.017179999999999994,28.63898302959981,3.5062418008814653,200.89285714285714,-0.35662153266231267,-0.9342489402945999,False,0,34,NGRIP/data/processed/ngrip_warming_cooling_starts.csv,1.0,0.2,5.0,5.0,True
warming,NGRIP warming starts (GI),23.8,24.0,23.9,0.1999999999999993,4.8149999999999995,0.3224253834535277,183.32899018240448,-0.40460568638027034,0.016776,28.695082898413915,3.56234166969557,204.10714285714292,-0.408444256935997,-0.9127832650613185,False,0,34,NGRIP/data/processed/ngrip_warming_cooling_starts.csv,2.0,0.4,5.0,5.0,True
warming,NGRIP warming starts (GI),24.0,24.2,24.1,0.1999999999999993,4.811,0.3201278532984447,184.91971579470422,-0.3881595157972469,0.016323,28.75118276722802,3.618441538509675,207.3214285714287,-0.45898186446753975,-0.8884456359788713,False,0,34,NGRIP/data/processed/ngrip_warming_cooling_starts.csv,2.0,0.4,5.0,5.0,True
warming,NGRIP warming starts (GI),24.2,24.4,24.299999999999997,0.1999999999999993,4.813,0.3212766183759862,186.2291056291505,-0.37462201541976337,0.01582200000000001,28.80728263604212,3.674541407323776,210.5357142857143,-0.5080753452465295,-0.861312628232409,False,0,34,NGRIP/data/processed/ngrip_warming_cooling_starts.csv,2.0,0.4,5.0,5.0,True
warming,NGRIP warming starts (GI),24.4,24.6,24.5,0.20000000000000284,4.8149999999999995,0.3224253834535277,182.93248813958382,-0.4087050358735612,0.015272,28.863382504856226,3.730641276137881,213.75000000000009,-0.5555702330196034,-0.8314696123025445,False,0,34,NGRIP/data/processed/ngrip_warming_cooling_starts.csv,2.0,0.4,5.0,5.0,True
warming,NGRIP warming starts (GI),24.6,24.8,24.700000000000003,0.1999999999999993,4.817,0.32357414853106975,180.57941971761974,-0.4330329050936962,0.014670999999999988,28.919482373670327,3.786741144951982,216.96428571428567,-0.6013170912984052,-0.7990104853582495,False,0,34,NGRIP/data/processed/ngrip_warming_cooling_starts.csv,2.0,0.4,5.0,5.0,True
warming,NGRIP warming starts (GI),24.8,25.0,24.9,0.1999999999999993,4.819,0.3247229136086113,180.62872090749474,-0.43252319067635053,0.014018,28.975582242484432,3.842841013766087,220.17857142857147,-0.645171983542088,-0.7640373758216071,False,0,34,NGRIP/data/processed/ngrip_warming_cooling_starts.csv,2.0,0.4,5.0,5.0,True
warming,NGRIP warming starts (GI),25.0,25.2,25.1,0.1999999999999993,4.805,0.31668155806581966,180.67802209736973,-0.4320134762590048,0.013312,29.031682111298537,3.8989408825801917,223.39285714285725,-0.6869969260349029,-0.7266603220340258,False,0,34,NGRIP/data/processed/ngrip_warming_cooling_starts.csv,2.0,0.4,5.0,5.0,True
warming,NGRIP warming starts (GI),25.2,25.4,25.299999999999997,0.1999999999999993,4.775,0.29945008190269534,182.1244209309244,-0.4170594692550339,0.012557000000000014,29.087781980112638,3.955040751394293,226.60714285714283,-0.7266603220340268,-0.6869969260349019,False,0,34,NGRIP/data/processed/ngrip_warming_cooling_starts.csv,2.0,0.4,5.0,5.0,True
warming,NGRIP warming starts (GI),25.4,25.6,25.5,0.20000000000000284,4.745,0.2822186057395706,183.2161823906421,-0.40577198191991154,0.011762,29.143881848926743,4.011140620208398,229.82142857142864,-0.764037375821608,-0.6451719835420869,False,0,34,NGRIP/data/processed/ngrip_warming_cooling_starts.csv,2.0,0.4,5.0,5.0,True
warming,NGRIP warming starts (GI),25.6,25.8,25.700000000000003,0.1999999999999993,4.715,0.26498712957644577,185.41924355974754,-0.38299500548111387,0.010936999999999985,29.199981717740847,4.0672404890225025,233.03571428571442,-0.7990104853582504,-0.6013170912984039,False,0,34,NGRIP/data/processed/ngrip_warming_cooling_starts.csv,3.0,0.6,5.0,5.0,True
warming,NGRIP warming starts (GI),25.8,26.0,25.9,0.1999999999999993,4.6850000000000005,0.2477556534133215,185.53845231906308,-0.3817625317122031,0.010092,29.25608158655495,4.123340357836604,236.25,-0.8314696123025452,-0.5555702330196022,False,0,34,NGRIP/data/processed/ngrip_warming_cooling_starts.csv,3.0,0.6,5.0,5.0,True
warming,NGRIP warming starts (GI),26.0,26.2,26.1,0.1999999999999993,4.678,0.24373497564192545,184.53700526835567,-0.39211627776271707,0.009233,29.312181455369053,4.1794402266507085,239.4642857142858,-0.8613126282324096,-0.5080753452465283,False,0,34,NGRIP/data/processed/ngrip_warming_cooling_starts.csv,3.0,0.6,5.0,5.0,True
warming,NGRIP warming starts (GI),26.2,26.4,26.299999999999997,0.1999999999999993,4.694,0.25292509626225856,183.96673878644222,-0.3980121404852455,0.008365000000000015,29.368281324183155,4.23554009546481,242.6785714285714,-0.8884456359788719,-0.4589818644675384,False,0,34,NGRIP/data/processed/ngrip_warming_cooling_starts.csv,3.0,0.6,5.0,5.0,True
warming,NGRIP warming starts (GI),26.4,26.6,26.5,0.20000000000000284,4.71,0.26211521688259176,185.75580927801857,-0.37951532477924793,0.007483,29.42438119299726,4.2916399642789145,245.89285714285717,-0.9127832650613191,-0.4084442569359957,False,0,34,NGRIP/data/processed/ngrip_warming_cooling_starts.csv,3.0,0.6,5.0,5.0,True
warming,NGRIP warming starts (GI),26.6,26.8,26.700000000000003,0.1999999999999993,4.726,0.2713053375029249,185.43830504833983,-0.38279793284298497,0.006583999999999983,29.480481061811364,4.347739833093019,249.10714285714297,-0.9342489402946005,-0.35662153266231134,False,0,34,NGRIP/data/processed/ngrip_warming_cooling_starts.csv,3.0,0.6,5.0,5.0,True
warming,NGRIP warming starts (GI),26.8,27.0,26.9,0.1999999999999993,4.742,0.28049545812325805,187.14975608739618,-0.365103607992,0.005667,29.536580930625465,4.4038397019071205,252.32142857142856,-0.9527751227228962,-0.3036767451096151,False,0,34,NGRIP/data/processed/ngrip_warming_cooling_starts.csv,3.0,0.6,5.0,5.0,True
warming,NGRIP warming starts (GI),27.0,27.2,27.1,0.1999999999999993,4.75,0.28509051843342464,187.81214666443117,-0.3582552940286915,0.004728,29.59268079943957,4.459939570721225,255.53571428571433,-0.9683035221222617,-0.24977647816722595,False,0,34,NGRIP/data/processed/ngrip_warming_cooling_starts.csv,3.0,0.6,5.0,5.0,True
warming,NGRIP warming starts (GI),27.2,27.4,27.299999999999997,0.1999999999999993,4.75,0.28509051843342464,190.29411706554006,-0.3325947349209271,0.003773000000000017,29.64878066825367,4.5160394395353265,258.74999999999994,-0.9807852804032302,-0.19509032201612952,False,0,34,NGRIP/data/processed/ngrip_warming_cooling_starts.csv,3.0,0.6,5.0,5.0,True
warming,NGRIP warming starts (GI),27.4,27.6,27.5,0.20000000000000284,4.75,0.28509051843342464,191.2668708429512,-0.3225376424626903,0.002806,29.704880537067776,4.572139308349431,261.9642857142857,-0.9901811253364456,-0.13979033953549944,False,0,34,NGRIP/data/processed/ngrip_warming_cooling_starts.csv,4.0,0.8,5.0,5.0,True
warming,NGRIP warming starts (GI),27.6,27.8,27.700000000000003,0.1999999999999993,4.75,0.28509051843342464,191.7028311996386,-0.318030341933876,0.0018359999999999828,29.76098040588188,4.628239177163536,265.1785714285715,-0.9964614941176193,-0.08405052492924618,False,1,34,NGRIP/data/processed/ngrip_warming_cooling_starts.csv,3.0,0.6,5.0,5.0,True
warming,NGRIP warming starts (GI),27.8,28.0,27.9,0.1999999999999993,4.75,0.28509051843342464,189.17440217010716,-0.3441712268264161,0.000867,29.817080274695982,4.684339045977637,268.3928571428571,-0.9996066263830529,-0.028046256275869808,False,0,34,NGRIP/data/processed/ngrip_warming_cooling_starts.csv,3.0,0.6,5.0,5.0,True
warming,NGRIP warming starts (GI),28.0,28.2,28.1,0.1999999999999993,4.748,0.2839417533558831,190.00054291979356,-0.33562993498458377,-9.3e-05,29.873180143510087,4.740438914791742,271.6071428571429,-0.9996066263830529,0.02804625627586944,False,0,34,NGRIP/data/processed/ngrip_warming_cooling_starts.csv,3.0,0.6,5.0,5.0,True
warming,NGRIP warming starts (GI),28.2,28.4,28.299999999999997,0.1999999999999993,4.744,0.28164422320079957,191.8951888609799,-0.31604159737170295,-0.0010429999999999834,29.929280012324188,4.796538783605843,274.8214285714285,-0.9964614941176193,0.0840505249292458,False,0,34,NGRIP/data/processed/ngrip_warming_cooling_starts.csv,3.0,0.6,5.0,5.0,True
warming,NGRIP warming starts (GI),28.4,28.6,28.5,0.20000000000000284,4.74,0.2793466930457165,191.32364098910003,-0.321950708109985,-0.001978,29.985379881138293,4.852638652419948,278.0357142857143,-0.9901811253364456,0.13979033953549908,False,0,34,NGRIP/data/processed/ngrip_warming_cooling_starts.csv,3.0,0.6,5.0,5.0,True
warming,NGRIP warming starts (GI),28.6,28.8,28.700000000000003,0.1999999999999993,4.736000000000001,0.27704916289063347,193.55750124952098,-0.29885530647852016,-0.002896000000000016,30.041479749952398,4.908738521234053,281.25000000000006,-0.9807852804032303,0.19509032201612916,False,0,34,NGRIP/data/processed/ngrip_warming_cooling_starts.csv,4.0,0.8,5.0,5.0,True
warming,NGRIP warming starts (GI),28.8,29.0,28.9,0.1999999999999993,4.732,0.27475163273555,192.74097739395995,-0.30729717131669965,-0.003795,30.0975796187665,4.964838390048154,284.46428571428567,-0.9683035221222618,0.2497764781672256,False,1,34,NGRIP/data/processed/ngrip_warming_cooling_starts.csv,3.0,0.6,5.0,5.0,True
warming,NGRIP warming starts (GI),29.0,29.2,29.1,0.1999999999999993,4.719,0.2672846597315293,192.48177688984026,-0.3099769896794626,-0.004673,30.153679487580604,5.020938258862259,287.67857142857144,-0.9527751227228963,0.30367674510961473,False,0,34,NGRIP/data/processed/ngrip_warming_cooling_starts.csv,3.0,0.6,5.0,5.0,True
warming,NGRIP warming starts (GI),29.2,29.4,29.299999999999997,0.1999999999999993,4.697000000000001,0.25464824387857166,191.45568285917045,-0.32058555556419793,-0.005526999999999985,30.209779356394705,5.07703812767636,290.89285714285705,-0.9342489402946006,0.35662153266231095,False,0,34,NGRIP/data/processed/ngrip_warming_cooling_starts.csv,3.0,0.6,5.0,5.0,True
warming,NGRIP warming starts (GI),29.4,29.6,29.5,0.20000000000000284,4.675000000000001,0.2420118280256134,189.22646077788986,-0.3436330040573295,-0.006355,30.26587922520881,5.133137996490465,294.10714285714283,-0.9127832650613192,0.40844425693599534,False,0,34,NGRIP/data/processed/ngrip_warming_cooling_starts.csv,3.0,0.6,5.0,5.0,True
warming,NGRIP warming starts (GI),29.6,29.8,29.700000000000003,0.1999999999999993,4.653,0.2293754121726547,190.23413941497344,-0.33321483097316934,-0.007156000000000014,30.321979094022915,5.18923786530457,297.3214285714286,-0.888445635978872,0.4589818644675381,False,0,34,NGRIP/data/processed/ngrip_warming_cooling_starts.csv,3.0,0.6,5.0,5.0,True
warming,NGRIP warming starts (GI),29.8,30.0,29.9,0.1999999999999993,4.631,0.216738996319697,191.1892621296358,-0.323340022287372,-0.007928,30.378078962837016,5.245337734118671,300.5357142857142,-0.8613126282324098,0.508075345246528,False,0,34,NGRIP/data/processed/ngrip_warming_cooling_starts.csv,3.0,0.6,5.0,5.0,True
warming,NGRIP warming starts (GI),30.0,30.2,30.1,0.1999999999999993,4.62,0.2104207883932179,188.29537198711853,-0.35325933116400643,-0.008667,30.43417883165112,5.301437602932776,303.75,-0.8314696123025455,0.5555702330196018,False,0,34,NGRIP/data/processed/ngrip_warming_cooling_starts.csv,3.0,0.6,5.0,5.0,True
warming,NGRIP warming starts (GI),30.2,30.4,30.299999999999997,0.1999999999999993,4.62,0.2104207883932179,186.18160660041323,-0.37511309768002293,-0.009372999999999987,30.490278700465222,5.357537471746877,306.96428571428555,-0.7990104853582506,0.6013170912984037,False,0,34,NGRIP/data/processed/ngrip_warming_cooling_starts.csv,3.0,0.6,5.0,5.0,True
warming,NGRIP warming starts (GI),30.4,30.6,30.5,0.20000000000000284,4.62,0.2104207883932179,183.24183721332372,-0.40550674221619604,-0.010045,30.546378569279327,5.413637340560982,310.1785714285714,-0.7640373758216082,0.6451719835420866,False,0,34,NGRIP/data/processed/ngrip_warming_cooling_starts.csv,4.0,0.8,5.0,5.0,True
warming,NGRIP warming starts (GI),30.6,30.8,30.700000000000003,0.1999999999999993,4.62,0.2104207883932179,186.84635616845466,-0.36824039461516495,-0.010682000000000011,30.60247843809343,5.4697372093750865,313.39285714285717,-0.7266603220340271,0.6869969260349017,False,1,34,NGRIP/data/processed/ngrip_warming_cooling_starts.csv,3.0,0.6,5.0,5.0,True
warming,NGRIP warming starts (GI),30.8,31.0,30.9,0.1999999999999993,4.62,0.2104207883932179,189.4522545428439,-0.34129857079850456,-0.011285,30.658578306907533,5.525837078189188,316.6071428571427,-0.6869969260349033,0.7266603220340255,False,0,34,NGRIP/data/processed/ngrip_warming_cooling_starts.csv,3.0,0.6,5.0,5.0,True
warming,NGRIP warming starts (GI),31.0,31.2,31.1,0.1999999999999993,4.618,0.20927202331567638,188.0363763403401,-0.3559370315507001,-0.011855,30.714678175721637,5.5819369470032925,319.82142857142856,-0.6451719835420883,0.7640373758216068,False,0,34,NGRIP/data/processed/ngrip_warming_cooling_starts.csv,3.0,0.6,5.0,5.0,True
warming,NGRIP warming starts (GI),31.2,31.4,31.299999999999997,0.1999999999999993,4.614,0.20697449316059283,188.36850618335362,-0.35250321241075666,-0.012389999999999991,30.770778044535742,5.638036815817397,323.03571428571433,-0.6013170912984055,0.7990104853582493,False,0,34,NGRIP/data/processed/ngrip_warming_cooling_starts.csv,3.0,0.6,5.0,5.0,True
warming,NGRIP warming starts (GI),31.4,31.6,31.5,0.20000000000000284,4.609999999999999,0.20467696300550928,189.73539146137358,-0.33837127898621083,-0.012884,30.826877913349843,5.6941366846314985,326.2499999999999,-0.5555702330196037,0.8314696123025442,False,0,34,NGRIP/data/processed/ngrip_warming_cooling_starts.csv,3.0,0.6,5.0,5.0,True
warming,NGRIP warming starts (GI),31.6,31.8,31.700000000000003,0.1999999999999993,4.606,0.20237943285042626,192.41863643109266,-0.31062978532644536,-0.013333000000000006,30.882977782163948,5.750236553445603,329.4642857142857,-0.5080753452465299,0.8613126282324087,False,0,34,NGRIP/data/processed/ngrip_warming_cooling_starts.csv,3.0,0.6,5.0,5.0,True
warming,NGRIP warming starts (GI),31.8,32.0,31.9,0.1999999999999993,4.601999999999999,0.2000819026953427,192.63057085588596,-0.3084386408099964,-0.013734,30.939077650978053,5.806336422259708,332.6785714285715,-0.4589818644675369,0.8884456359788727,False,0,34,NGRIP/data/processed/ngrip_warming_cooling_starts.csv,3.0,0.6,5.0,5.0,True
warming,NGRIP warming starts (GI),32.0,32.2,32.1,0.20000000000000284,4.598,0.19778437254025968,194.6596257733727,-0.2874606776482253,-0.014082,30.995177519792154,5.862436291073809,335.89285714285705,-0.40844425693599734,0.9127832650613183,False,0,34,NGRIP/data/processed/ngrip_warming_cooling_starts.csv,3.0,0.6,5.0,5.0,True
warming,NGRIP warming starts (GI),32.2,32.4,32.3,0.19999999999999574,4.593999999999999,0.19548684238517613,192.68831970123586,-0.3078415878963742,-0.014377,31.05127738860626,5.918536159887914,339.1071428571429,-0.35662153266231306,0.9342489402945998,False,0,34,NGRIP/data/processed/ngrip_warming_cooling_starts.csv,3.0,0.6,5.0,5.0,True
warming,NGRIP warming starts (GI),32.4,32.6,32.5,0.20000000000000284,4.59,0.1931893122300931,194.5346142375978,-0.28875314507711625,-0.014624,31.107377257420364,5.974636028702019,342.32142857142867,-0.30367674510961346,0.9527751227228967,False,1,34,NGRIP/data/processed/ngrip_warming_cooling_starts.csv,2.0,0.4,5.0,5.0,True
warming,NGRIP warming starts (GI),32.6,32.8,32.7,0.19999999999999574,4.586,0.19089178207501006,195.60515136633603,-0.27768509154321,-0.014826,31.163477126234465,6.03073589751612,345.5357142857142,-0.24977647816722773,0.9683035221222612,False,0,34,NGRIP/data/processed/ngrip_warming_cooling_starts.csv,2.0,0.4,5.0,5.0,True
warming,NGRIP warming starts (GI),32.8,33.0,32.9,0.20000000000000284,4.582,0.18859425191992651,196.64579538938875,-0.26692609641105397,-0.014987,31.21957699504857,6.086835766330225,348.75000000000006,-0.19509032201612786,0.9807852804032305,False,0,34,NGRIP/data/processed/ngrip_warming_cooling_starts.csv,2.0,0.4,5.0,5.0,True
warming,NGRIP warming starts (GI),33.0,33.2,33.1,0.20000000000000284,4.581,0.18801986938115603,197.18834815953014,-0.2613167598045118,-0.015108,31.27567686386267,6.142935635144326,351.9642857142856,-0.13979033953550127,0.9901811253364453,False,0,34,NGRIP/data/processed/ngrip_warming_cooling_starts.csv,3.0,0.6,5.0,5.0,True
warming,NGRIP warming starts (GI),33.2,33.4,33.3,0.19999999999999574,4.583,0.18916863445869755,197.2234899509596,-0.26095343636772733,-0.015191,31.331776732676776,6.199035503958431,355.1785714285714,-0.08405052492924801,0.9964614941176191,False,0,34,NGRIP/data/processed/ngrip_warming_cooling_starts.csv,3.0,0.6,5.0,5.0,True
warming,NGRIP warming starts (GI),33.4,33.6,33.5,0.20000000000000284,4.585,0.19031739953623905,197.2160401219438,-0.26103045855047263,-0.015234,31.38787660149088,6.255135372772536,358.3928571428572,-0.02804625627586809,0.9996066263830529,False,0,34,NGRIP/data/processed/ngrip_warming_cooling_starts.csv,3.0,0.6,5.0,5.0,True
warming,NGRIP warming starts (GI),33.6,33.8,33.7,0.19999999999999574,4.587,0.19146616461378058,199.39182028264528,-0.23853553460043792,-0.015236,31.43919759259119,0.023271056693257464,1.3333333333333182,0.023268956374056057,0.9997292411794617,False,1,34,NGRIP/data/processed/ngrip_warming_cooling_starts.csv,2.0,0.4,5.0,5.0,True
warming,NGRIP warming starts (GI),33.8,34.0,33.9,0.20000000000000284,4.5889999999999995,0.1926149296913221,194.73776975746475,-0.2866527637739043,-0.015198,31.485739705977704,0.06981317007977239,3.9999999999999547,0.06975647374412451,0.9975640502598243,False,0,34,NGRIP/data/processed/ngrip_warming_cooling_starts.csv,2.0,0.4,5.0,5.0,True
warming,NGRIP warming starts (GI),34.0,34.2,34.1,0.20000000000000284,4.585,0.19031739953623905,195.63528533923454,-0.277373542867058,-0.01512,31.53228181936422,0.11635528346628732,6.6666666666665915,0.11609291412522892,0.9932383577419431,False,0,34,NGRIP/data/processed/ngrip_warming_cooling_starts.csv,2.0,0.4,5.0,5.0,True
warming,NGRIP warming starts (GI),34.2,34.4,34.3,0.19999999999999574,4.575,0.18457357414853096,196.16849102656772,-0.2718608437428879,-0.015003,31.578823932750733,0.16289739685280225,9.333333333333227,0.1621779231055656,0.9867615321125794,False,0,34,NGRIP/data/processed/ngrip_warming_cooling_starts.csv,2.0,0.4,5.0,5.0,True
warming,NGRIP warming starts (GI),34.4,34.6,34.5,0.20000000000000284,4.5649999999999995,0.17882974876082236,198.76632977449412,-0.24500234667385642,-0.014847,31.625366046137252,0.20943951023932073,12.000000000000068,0.20791169081776048,0.9781476007338054,False,0,34,NGRIP/data/processed/ngrip_warming_cooling_starts.csv,2.0,0.4,5.0,5.0,True
warming,NGRIP warming starts (GI),34.6,34.8,34.7,0.19999999999999574,4.555,0.17308592337311426,197.4533800277773,-0.25857665222000575,-0.014651,31.671908159523767,0.25598162362583565,14.666666666666705,0.25319516810480236,0.9674152194628638,False,0,34,NGRIP/data/processed/ngrip_warming_cooling_starts.csv,2.0,0.4,5.0,5.0,True
warming,NGRIP warming starts (GI),34.8,35.0,34.9,0.20000000000000284,4.545,0.16734209798540617,202.4496904029269,-0.20692087193955538,-0.014414,31.71845027291028,0.3025237370123506,17.33333333333334,0.2979302810384821,0.9545876322477319,False,0,34,NGRIP/data/processed/ngrip_warming_cooling_starts.csv,2.0,0.4,5.0,5.0,True
warming,NGRIP warming starts (GI),35.0,35.2,35.1,0.20000000000000284,4.531,0.15930074244261455,199.44036160641156,-0.23803367627565006,-0.014138,31.764992386296797,0.3490658503988655,19.99999999999998,0.3420201433256683,0.9396926207859085,False,0,34,NGRIP/data/processed/ngrip_warming_cooling_starts.csv,3.0,0.6,5.0,5.0,True
warming,NGRIP warming starts (GI),35.2,35.4,35.3,0.19999999999999574,4.513,0.14896185674473988,205.075335838199,-0.17977488750004333,-0.013822,31.81153449968331,0.39560796378538043,22.666666666666615,0.38536926614244743,0.9227624443554427,False,0,34,NGRIP/data/processed/ngrip_warming_cooling_starts.csv,3.0,0.6,5.0,5.0,True
warming,NGRIP warming starts (GI),35.4,35.6,35.5,0.20000000000000284,4.495,0.13862297104686522,201.3118987058626,-0.21868425601609298,-0.013469,31.858076613069827,0.44215007717189536,25.33333333333325,0.427883764941653,0.9038337699485212,False,1,34,NGRIP/data/processed/ngrip_warming_cooling_starts.csv,2.0,0.4,5.0,5.0,True
warming,NGRIP warming starts (GI),35.6,35.8,35.7,0.19999999999999574,4.477,0.12828408534899055,200.57406506520257,-0.22631255961689123,-0.013085,31.90461872645634,0.4886921905584103,27.999999999999886,0.46947156278588903,0.8829475928589279,False,0,34,NGRIP/data/processed/ngrip_warming_cooling_starts.csv,2.0,0.4,5.0,5.0,True
warming,NGRIP warming starts (GI),35.8,36.0,35.9,0.20000000000000284,4.4590000000000005,0.11794519965111587,201.1137640958452,-0.22073272721034007,-0.01267,31.951160839842856,0.5352343039449252,30.666666666666522,0.5100425897656731,0.8601491478953667,False,0,34,NGRIP/data/processed/ngrip_warming_cooling_starts.csv,2.0,0.4,5.0,5.0,True
warming,NGRIP warming starts (GI),36.0,36.2,36.1,0.20000000000000284,4.4510000000000005,0.1133501393409493,203.75773006924481,-0.1933973306604753,-0.012228,31.997702953229375,0.5817764173314437,33.333333333333364,0.5495089780708065,0.8354878114129362,False,0,34,NGRIP/data/processed/ngrip_warming_cooling_starts.csv,2.0,0.4,5.0,5.0,True
warming,NGRIP warming starts (GI),36.2,36.4,36.3,0.19999999999999574,4.453,0.11449890441849081,199.915116590032,-0.23312528642802932,-0.011762,32.044245066615886,0.6283185307179551,35.999999999999794,0.5877852522924703,0.8090169943749496,False,0,34,NGRIP/data/processed/ngrip_warming_cooling_starts.csv,2.0,0.4,5.0,5.0,True
warming,NGRIP warming starts (GI),36.4,36.6,36.5,0.20000000000000284,4.455,0.11564766949603232,198.99087804177026,-0.24268079034811985,-0.011274,32.0907871800024,0.67486064410447,38.66666666666643,0.624788514543957,0.7807940266766618,False,0,34,NGRIP/data/processed/ngrip_warming_cooling_starts.csv,3.0,0.6,5.0,5.0,True
warming,NGRIP warming starts (GI),36.6,36.8,36.7,0.19999999999999574,4.457,0.11679643457357385,203.75882513761482,-0.19338600898370467,-0.010765,32.13732929338892,0.721402757490992,41.33333333333348,0.6604386239990095,0.7508800329814975,False,0,34,NGRIP/data/processed/ngrip_warming_cooling_starts.csv,3.0,0.6,5.0,5.0,True
warming,NGRIP warming starts (GI),36.8,37.0,36.9,0.20000000000000284,4.459,0.11794519965111536,203.2634290290704,-0.19850780299034584,-0.010239,32.18387140677544,0.767944870877507,44.000000000000114,0.6946583704589987,0.7193398003386499,False,0,34,NGRIP/data/processed/ngrip_warming_cooling_starts.csv,3.0,0.6,5.0,5.0,True
warming,NGRIP warming starts (GI),37.0,37.2,37.1,0.20000000000000284,4.455,0.11564766949603232,209.41467584260653,-0.134911382833736,-0.009697,32.23041352016195,0.8144869842640219,46.66666666666675,0.7273736415730496,0.6862416378687326,False,0,34,NGRIP/data/processed/ngrip_warming_cooling_starts.csv,3.0,0.6,5.0,5.0,True
warming,NGRIP warming starts (GI),37.2,37.4,37.3,0.19999999999999574,4.445,0.10990384410832424,209.14567078909008,-0.13769256832771376,-0.00914,32.27695563354847,0.8610290976505368,49.333333333333385,0.7585135833488695,0.6516572288214545,False,0,34,NGRIP/data/processed/ngrip_warming_cooling_starts.csv,3.0,0.6,5.0,5.0,True
warming,NGRIP warming starts (GI),37.4,37.6,37.5,0.20000000000000284,4.4350000000000005,0.10416001872061614,210.9337652991428,-0.11920584308514955,-0.008565,32.32349774693498,0.9075712110370517,52.00000000000002,0.7880107536067222,0.615661475325658,False,0,34,NGRIP/data/processed/ngrip_warming_cooling_starts.csv,3.0,0.6,5.0,5.0,True
warming,NGRIP warming starts (GI),37.6,37.8,37.7,0.19999999999999574,4.425,0.09841619333290753,212.1183011115565,-0.1069591816357927,-0.007972,32.3700398603215,0.9541133244235667,54.66666666666666,0.815801268044172,0.5783323361679866,False,0,34,NGRIP/data/processed/ngrip_warming_cooling_starts.csv,3.0,0.6,5.0,5.0,True
warming,NGRIP warming starts (GI),37.8,38.0,37.9,0.20000000000000284,4.415,0.09267236794519945,214.06430327576328,-0.08683988305908305,-0.007358,32.41658197370801,1.0006554378100816,57.33333333333329,0.8418249385952571,0.5397506579515134,False,0,34,NGRIP/data/processed/ngrip_warming_cooling_starts.csv,3.0,0.6,5.0,5.0,True
warming,NGRIP warming starts (GI),38.0,38.2,38.1,0.20000000000000284,4.424,0.09784181079413704,213.46167237034877,-0.09307035460767435,-0.006724,32.46312408709453,1.0471975511965965,59.99999999999993,0.866025403784438,0.5000000000000011,False,1,34,NGRIP/data/processed/ngrip_warming_cooling_starts.csv,2.0,0.4,5.0,5.0,True
warming,NGRIP warming starts (GI),38.2,38.4,38.3,0.19999999999999574,4.452,0.1139245218797198,207.5351601787093,-0.15434329175813563,-0.006071,32.50966620048104,1.0937396645831114,62.66666666666657,0.8883502507930033,0.45916645338701323,False,0,34,NGRIP/data/processed/ngrip_warming_cooling_starts.csv,3.0,0.6,5.0,5.0,True
warming,NGRIP warming starts (GI),38.4,38.6,38.5,0.20000000000000284,4.48,0.13000723296530306,208.51035782955637,-0.14426093261713469,-0.005405,32.55620831386756,1.1402817779696264,65.3333333333332,0.9087511289735632,0.41733845448182,False,0,34,NGRIP/data/processed/ngrip_warming_cooling_starts.csv,3.0,0.6,5.0,5.0,True
warming,NGRIP warming starts (GI),38.6,38.8,38.7,0.19999999999999574,4.508,0.14608994405088582,205.61491609259772,-0.17419628309557716,-0.004733,32.60275042725407,1.1868238913561413,67.99999999999984,0.9271838545667863,0.3746065934159146,False,0,34,NGRIP/data/processed/ngrip_warming_cooling_starts.csv,3.0,0.6,5.0,5.0,True
warming,NGRIP warming starts (GI),38.8,39.0,38.9,0.20000000000000284,4.536,0.16217265513646859,205.75641166715045,-0.1727333907288209,-0.004059,32.64929254064059,1.2333660047426562,70.66666666666647,0.9436085063935824,0.33106341788496124,False,0,34,NGRIP/data/processed/ngrip_warming_cooling_starts.csv,3.0,0.6,5.0,5.0,True
warming,NGRIP warming starts (GI),39.0,39.2,39.1,0.20000000000000284,4.55,0.17021401067926023,206.39186288671291,-0.1661635969986465,-0.003387,32.6958346540271,1.2799081181291712,73.33333333333312,0.9579895123154878,0.286803232711094,False,0,34,NGRIP/data/processed/ngrip_warming_cooling_starts.csv,3.0,0.6,5.0,5.0,True
warming,NGRIP warming starts (GI),39.2,39.4,39.3,0.19999999999999574,4.55,0.17021401067926023,209.4264749012884,-0.1347893948992357,-0.002719,32.74237676741362,1.326450231515686,75.99999999999974,0.9702957262759954,0.24192189559967198,False,0,34,NGRIP/data/processed/ngrip_warming_cooling_starts.csv,3.0,0.6,5.0,5.0,True
warming,NGRIP warming starts (GI),39.4,39.6,39.5,0.20000000000000284,4.55,0.17021401067926023,199.8312879452392,-0.23399197278886105,-0.002054,32.78891888080013,1.372992344902201,78.66666666666639,0.9805004957559783,0.19651660953283495,False,0,34,NGRIP/data/processed/ngrip_warming_cooling_starts.csv,3.0,0.6,5.0,5.0,True
warming,NGRIP warming starts (GI),39.6,39.8,39.7,0.19999999999999574,4.55,0.17021401067926023,196.57281223487914,-0.26768065357633214,-0.001391,32.835460994186654,1.419534458288723,81.33333333333343,0.9885817194971119,0.1506857122494815,False,0,34,NGRIP/data/processed/ngrip_warming_cooling_starts.csv,3.0,0.6,5.0,5.0,True
warming,NGRIP warming starts (GI),39.8,40.0,39.9,0.20000000000000284,4.55,0.17021401067926023,197.433816744064,-0.25877891281015764,-0.000729,32.88200310757316,1.4660765716752309,83.99999999999966,0.9945218953682727,0.10452846326765941,False,0,34,NGRIP/data/processed/ngrip_warming_cooling_starts.csv,3.0,0.6,5.0,5.0,True
warming,NGRIP warming starts (GI),40.0,40.2,40.1,0.20000000000000284,4.545999999999999,0.16791648052417668,192.99663893459245,-0.3046539415376292,-6.8e-05,32.928545220959684,1.512618685061753,86.6666666666667,0.9983081582712683,0.05814482891047523,False,1,34,NGRIP/data/processed/ngrip_warming_cooling_starts.csv,2.0,0.4,5.0,5.0,True
warming,NGRIP warming starts (GI),40.2,40.4,40.3,0.19999999999999574,4.538,0.1633214202140106,197.6875067062792,-0.2561560667570533,0.00059,32.9750873343462,1.5591607984482678,89.33333333333334,0.9999323080037622,0.011635265801396944,False,0,34,NGRIP/data/processed/ngrip_warming_cooling_starts.csv,2.0,0.4,5.0,5.0,True
warming,NGRIP warming starts (GI),40.4,40.6,40.5,0.20000000000000284,4.529999999999999,0.15872635990384354,201.3563690935376,-0.21822448622553875,0.001245,33.021629447732714,1.6057029118347828,91.99999999999997,0.9993908270190958,-0.03489949670250051,False,0,34,NGRIP/data/processed/ngrip_warming_cooling_starts.csv,2.0,0.4,5.0,5.0,True
warming,NGRIP warming starts (GI),40.6,40.8,40.7,0.19999999999999574,4.521999999999999,0.15413129959367694,200.74144240258747,-0.22458208126092602,0.001895,33.06817156111923,1.6522450252212977,94.66666666666661,0.9966848880445062,-0.0813586746678573,False,0,34,NGRIP/data/processed/ngrip_warming_cooling_starts.csv,2.0,0.4,5.0,5.0,True
warming,NGRIP warming starts (GI),40.8,41.0,40.9,0.20000000000000284,4.514,0.1495362392835109,200.9420643453903,-0.22250789406703103,0.002542,33.114713674505744,1.6987871386078126,97.33333333333324,0.9918203515412619,-0.1276416478605931,False,0,34,NGRIP/data/processed/ngrip_warming_cooling_starts.csv,2.0,0.4,5.0,5.0,True
warming,NGRIP warming starts (GI),41.0,41.2,41.1,0.20000000000000284,4.5089999999999995,0.14666432658965634,201.3845446981945,-0.2179331846981828,0.003183,33.16125578789226,1.7453292519943275,99.99999999999989,0.9848077530122085,-0.17364817766692833,False,0,34,NGRIP/data/processed/ngrip_warming_cooling_starts.csv,2.0,0.4,5.0,5.0,True
warming,NGRIP warming starts (GI),41.2,41.4,41.3,0.19999999999999574,4.507,0.1455155615121148,204.11511444464875,-0.1897024103321962,0.003817,33.207797901278774,1.7918713653808425,102.66666666666653,0.9756622801842149,-0.2192786241879008,False,0,34,NGRIP/data/processed/ngrip_warming_cooling_starts.csv,2.0,0.4,5.0,5.0,True
warming,NGRIP warming starts (GI),41.4,41.6,41.5,0.20000000000000284,4.505,0.14436679643457329,205.03282474856312,-0.18021440052882481,0.004442,33.25434001466529,1.8384134787673574,105.33333333333316,0.9644037401149398,-0.2644341620371992,False,1,34,NGRIP/data/processed/ngrip_warming_cooling_starts.csv,1.0,0.2,5.0,5.0,True
warming,NGRIP warming starts (GI),41.6,41.8,41.7,0.19999999999999574,4.503,0.1432180313570318,202.81120298397252,-0.20318327097945654,0.005054,33.3008821280518,1.8849555921538723,107.9999999999998,0.9510565162951546,-0.30901699437494395,False,0,34,NGRIP/data/processed/ngrip_warming_cooling_starts.csv,1.0,0.2,5.0,5.0,True
warming,NGRIP warming starts (GI),41.8,42.0,41.9,0.20000000000000284,4.501,0.14206926627949026,199.8965550699326,-0.23331718999925163,0.005653,33.34742424143832,1.9314977055403872,110.66666666666643,0.9356495158395329,-0.352930564713865,False,0,34,NGRIP/data/processed/ngrip_warming_cooling_starts.csv,2.0,0.4,5.0,5.0,True
warming,NGRIP warming starts (GI),42.0,42.2,42.1,0.20000000000000284,4.4959999999999996,0.1391973535856357,200.3733404669805,-0.22838780814312615,0.006234,33.39396635482483,1.9780398189269022,113.33333333333307,0.9182161068802759,-0.3960797660391525,False,0,34,NGRIP/data/processed/ngrip_warming_cooling_starts.csv,2.0,0.4,5.0,5.0,True
warming,NGRIP warming starts (GI),42.2,42.4,42.3,0.19999999999999574,4.488,0.13460229327546963,200.85777872769884,-0.22337930497255173,0.006799,33.44050846821135,2.024581932313417,115.9999999999997,0.8987940462991693,-0.43837114678907274,False,0,34,NGRIP/data/processed/ngrip_warming_cooling_starts.csv,2.0,0.4,5.0,5.0,True
warming,NGRIP warming starts (GI),42.4,42.6,42.5,0.20000000000000284,4.48,0.13000723296530306,203.21288398153186,-0.19903037738502366,0.007345,33.48705058159786,2.071124045699932,118.66666666666634,0.8774253979545846,-0.4797131132502412,False,0,34,NGRIP/data/processed/ngrip_warming_cooling_starts.csv,2.0,0.4,5.0,5.0,True
warming,NGRIP warming starts (GI),42.6,42.8,42.7,0.19999999999999574,4.4719999999999995,0.125412172655136,205.32101961961345,-0.1772348156313427,0.007873,33.533592694984385,2.117666159086454,121.33333333333339,0.8541564415805252,-0.5200161279292161,False,0,34,NGRIP/data/processed/ngrip_warming_cooling_starts.csv,2.0,0.4,5.0,5.0,True
warming,NGRIP warming starts (GI),42.8,43.0,42.9,0.20000000000000284,4.464,0.12081711234496992,205.46623315557054,-0.17573348405985845,0.00838,33.58013480837089,2.164208272472962,123.99999999999962,0.8290375725550455,-0.5591929034707412,False,0,34,NGRIP/data/processed/ngrip_warming_cooling_starts.csv,2.0,0.4,5.0,5.0,True
warming,NGRIP warming starts (GI),43.0,43.2,43.1,0.20000000000000284,4.462,0.1196683472674279,203.54949250754166,-0.1955502541031373,0.008866,33.626676921757415,2.210750385859484,126.66666666666666,0.802123192755044,-0.597158591702786,False,0,34,NGRIP/data/processed/ngrip_warming_cooling_starts.csv,2.0,0.4,5.0,5.0,True
warming,NGRIP warming starts (GI),43.2,43.4,43.3,0.19999999999999574,4.466,0.12196587742251143,202.08897522972822,-0.21065022867112512,0.009329,33.67321903514393,2.257292499245999,129.3333333333333,0.7734715927339645,-0.6338309673987097,False,1,34,NGRIP/data/processed/ngrip_warming_cooling_starts.csv,1.0,0.2,5.0,5.0,True
warming,NGRIP warming starts (GI),43.4,43.6,43.5,0.20000000000000284,4.470000000000001,0.12426340757759498,203.97698313034934,-0.19113052033448702,0.009774,33.719761148530445,2.3038346126325138,131.99999999999994,0.743144825477395,-0.6691306063588572,False,0,34,NGRIP/data/processed/ngrip_warming_cooling_starts.csv,1.0,0.2,5.0,5.0,True
warming,NGRIP warming starts (GI),43.6,43.8,43.7,0.19999999999999574,4.474,0.126560937732678,202.78915246019093,-0.2034112466106735,0.010201,33.76630326191696,2.3503767260190287,134.66666666666657,0.7112085720101385,-0.7029810574256604,False,0,34,NGRIP/data/processed/ngrip_warming_cooling_starts.csv,1.0,0.2,5.0,5.0,True
warming,NGRIP warming starts (GI),43.8,44.0,43.9,0.20000000000000284,4.478000000000001,0.12885846788776156,202.52148200949026,-0.20617863393267294,0.010614,33.812845375303475,2.3969188394055436,137.3333333333332,0.677731999145734,-0.735309008059827,False,0,34,NGRIP/data/processed/ngrip_warming_cooling_starts.csv,1.0,0.2,5.0,5.0,True
warming,NGRIP warming starts (GI),44.0,44.2,44.1,0.20000000000000284,4.465,0.12139149488374042,204.20438426377396,-0.18877946883814037,0.011015,33.85938748868999,2.4434609527920585,139.99999999999983,0.6427876096865415,-0.7660444431189762,False,0,34,NGRIP/data/processed/ngrip_warming_cooling_starts.csv,1.0,0.2,5.0,5.0,True
warming,NGRIP warming starts (GI),44.2,44.4,44.3,0.19999999999999574,4.4350000000000005,0.10416001872061614,204.76145369651394,-0.1830200475736618,0.011402,33.905929602076505,2.4900030661785735,142.6666666666665,0.6064510853988161,-0.7951207964948457,False,0,34,NGRIP/data/processed/ngrip_warming_cooling_starts.csv,2.0,0.4,5.0,5.0,True
warming,NGRIP warming starts (GI),44.4,44.6,44.5,0.20000000000000284,4.405,0.08692854255749136,205.2554273787677,-0.17791295972705026,0.011769,33.95247171546302,2.5365451795650884,145.33333333333312,0.568801123102855,-0.82247509528066,False,0,34,NGRIP/data/processed/ngrip_warming_cooling_starts.csv,2.0,0.4,5.0,5.0,True
warming,NGRIP warming starts (GI),44.6,44.8,44.7,0.19999999999999574,4.375,0.06969706639436657,211.77359437152924,-0.11052303061375071,0.012111,33.999013828849534,2.5830872929516033,147.99999999999974,0.5299192642332087,-0.8480480961564236,False,0,34,NGRIP/data/processed/ngrip_warming_cooling_starts.csv,2.0,0.4,5.0,5.0,True
warming,NGRIP warming starts (GI),44.8,45.0,44.9,0.20000000000000284,4.345000000000001,0.05246559023124229,210.9272958786704,-0.1192727290344545,0.012423,34.04555594223605,2.6296294063381183,150.66666666666637,0.48988971823809135,-0.87178441369676,False,0,34,NGRIP/data/processed/ngrip_warming_cooling_starts.csv,2.0,0.4,5.0,5.0,True
warming,NGRIP warming starts (GI),45.0,45.2,45.1,0.20000000000000284,4.333,0.04557299976599217,208.9712533809977,-0.13949583246324815,0.0127,34.092098055622564,2.676171519724633,153.33333333333303,0.4487991802004671,-0.8936326403234098,False,0,34,NGRIP/data/processed/ngrip_warming_cooling_starts.csv,2.0,0.4,5.0,5.0,True
warming,NGRIP warming starts (GI),45.2,45.4,45.3,0.19999999999999574,4.339,0.04901929499861723,213.9817905431903,-0.08769296448599535,0.012943,34.13864016900908,2.722713633111148,155.99999999999966,0.4067366430758057,-0.9135454576425984,False,0,34,NGRIP/data/processed/ngrip_warming_cooling_starts.csv,2.0,0.4,5.0,5.0,True
warming,NGRIP warming starts (GI),45.4,45.6,45.5,0.20000000000000284,4.345000000000001,0.05246559023124229,215.00808679519048,-0.0770823078783414,0.013154,34.185182282395594,2.769255746497663,158.6666666666663,0.3637932049531576,-0.93147973892614,False,0,34,NGRIP/data/processed/ngrip_warming_cooling_starts.csv,2.0,0.4,5.0,5.0,True
warming,NGRIP warming starts (GI),45.6,45.8,45.7,0.19999999999999574,4.351,0.05591188546386684,217.6252952196156,-0.05002355188258328,0.013339,34.231724395782116,2.815797859884185,161.33333333333334,0.32006187175697154,-0.9473966425143293,False,0,34,NGRIP/data/processed/ngrip_warming_cooling_starts.csv,2.0,0.4,5.0,5.0,True
warming,NGRIP warming starts (GI),45.8,46.0,45.9,0.20000000000000284,4.357,0.059358180696491895,222.59740071309682,0.001381979322990926,0.0135,34.278266509168624,2.862339973270693,163.99999999999957,0.2756373558170065,-0.9612616959383168,False,0,34,NGRIP/data/processed/ngrip_warming_cooling_starts.csv,2.0,0.4,5.0,5.0,True
warming,NGRIP warming starts (GI),46.0,46.2,46.1,0.20000000000000284,4.362,0.06223009339034594,220.90271048888403,-0.01613905906180762,0.01364,34.324808622555146,2.908882086657215,166.6666666666666,0.2306158707424412,-0.9730448705798236,False,0,34,NGRIP/data/processed/ngrip_warming_cooling_starts.csv,2.0,0.4,5.0,5.0,True
warming,NGRIP warming starts (GI),46.2,46.4,46.3,0.19999999999999574,4.3660000000000005,0.06452762354542949,218.40918109752266,-0.04191912408812243,0.013759,34.37135073594166,2.95542420004373,169.33333333333326,0.18509492304471614,-0.982720646706413,False,0,34,NGRIP/data/processed/ngrip_warming_cooling_starts.csv,2.0,0.4,5.0,5.0,True
warming,NGRIP warming starts (GI),46.4,46.6,46.5,0.20000000000000284,4.37,0.06682515370051252,217.21881045945372,-0.05422611054721481,0.013854,34.417892849328176,3.001966313430245,171.9999999999999,0.13917310096006752,-0.99026806874157,False,0,34,NGRIP/data/processed/ngrip_warming_cooling_starts.csv,2.0,0.4,5.0,5.0,True
warming,NGRIP warming starts (GI),46.6,46.8,46.7,0.19999999999999574,4.374,0.06912268385559556,215.1212942613185,-0.07591188019124234,0.013925,34.46443496271469,3.0485084268167597,174.66666666666652,0.09294986092939482,-0.9956707906498041,False,0,34,NGRIP/data/processed/ngrip_warming_cooling_starts.csv,2.0,0.4,5.0,5.0,True
warming,NGRIP warming starts (GI),46.8,47.0,46.9,0.20000000000000284,4.378,0.07142021401067909,210.80322662288867,-0.12055545443279975,0.013968,34.510977076101206,3.0950505402032746,177.33333333333317,0.046525312197749795,-0.9989171113385243,False,1,34,NGRIP/data/processed/ngrip_warming_cooling_starts.csv,1.0,0.2,5.0,5.0,True
warming,NGRIP warming starts (GI),47.0,47.2,47.1,0.20000000000000284,4.3870000000000005,0.07658965685961669,210.11146759569397,-0.12770740249701865,0.013982,34.55751918948772,3.1415926535897896,179.9999999999998,3.675178358715236e-15,-1.0,False,0,34,NGRIP/data/processed/ngrip_warming_cooling_starts.csv,1.0,0.2,5.0,5.0,True
warming,NGRIP warming starts (GI),47.2,47.4,47.3,0.19999999999999574,4.401,0.08463101240240781,207.77180330284662,-0.15189668930402958,0.013967,34.60548243610741,3.189555900209477,182.748091603053,-0.047944859042300524,-0.9988499839772808,False,0,34,NGRIP/data/processed/ngrip_warming_cooling_starts.csv,1.0,0.2,5.0,5.0,True
warming,NGRIP warming starts (GI),47.4,47.6,47.5,0.20000000000000284,4.415,0.09267236794519945,204.64808447954144,-0.18419214756801472,0.013922,34.6534456827271,3.2375191468291717,185.49618320610662,-0.09577944337240045,-0.9954025809828269,False,0,34,NGRIP/data/processed/ngrip_warming_cooling_starts.csv,1.0,0.2,5.0,5.0,True
warming,NGRIP warming starts (GI),47.6,47.8,47.7,0.19999999999999574,4.429,0.10071372348799108,203.8142584605085,-0.1928128957596236,0.013847,34.7014089293468,3.2854823934488664,188.24427480916023,-0.14339373191344948,-0.9896657201539991,False,0,34,NGRIP/data/processed/ngrip_warming_cooling_starts.csv,1.0,0.2,5.0,5.0,True
warming,NGRIP warming starts (GI),47.8,48.0,47.9,0.20000000000000284,4.443,0.1087550790307822,205.30872961816573,-0.17736187931769565,0.013743,34.749372175966485,3.333445640068554,190.99236641221344,-0.19067821027597545,-0.9816525964545456,False,0,34,NGRIP/data/processed/ngrip_warming_cooling_starts.csv,1.0,0.2,5.0,5.0,True
warming,NGRIP warming starts (GI),48.0,48.2,48.1,0.20000000000000284,4.4510000000000005,0.1133501393409493,205.9517786197447,-0.17071353375046672,0.01361,34.79733542258618,3.3814088866882486,193.74045801526705,-0.23752412264450662,-0.9713816403257565,False,0,34,NGRIP/data/processed/ngrip_warming_cooling_starts.csv,1.0,0.2,5.0,5.0,True
warming,NGRIP warming starts (GI),48.2,48.4,48.3,0.19999999999999574,4.453,0.11449890441849081,204.22785504349022,-0.1885368094857382,0.013449,34.84529866920587,3.429372133307936,196.48854961832026,-0.28382372191938365,-0.9588764752958685,False,0,34,NGRIP/data/processed/ngrip_warming_cooling_starts.csv,1.0,0.2,5.0,5.0,True
warming,NGRIP warming starts (GI),48.4,48.6,48.5,0.20000000000000284,4.455,0.11564766949603232,201.05287285004104,-0.22136226872759784,0.013259,34.89326191582556,3.4773353799276308,199.23664122137387,-0.32947051753859713,-0.9441658636451802,False,0,34,NGRIP/data/processed/ngrip_warming_cooling_starts.csv,1.0,0.2,5.0,5.0,True
warming,NGRIP warming starts (GI),48.6,48.8,48.7,0.19999999999999574,4.457,0.11679643457357385,201.26836766736895,-0.21913431407713582,0.013037,34.94122516244526,3.5252986265473254,201.9847328244275,-0.3743595204094442,-0.9272836402518978,False,0,34,NGRIP/data/processed/ngrip_warming_cooling_starts.csv,1.0,0.2,5.0,5.0,True
warming,NGRIP warming starts (GI),48.8,49.0,48.9,0.20000000000000284,4.459,0.11794519965111536,201.48386248469689,-0.2169063594266735,0.012783,34.989188409064944,3.573261873167013,204.7328244274807,-0.4183874843868277,-0.908268634770827,False,0,34,NGRIP/data/processed/ngrip_warming_cooling_starts.csv,1.0,0.2,5.0,5.0,True
warming,NGRIP warming starts (GI),49.0,49.2,49.1,0.20000000000000284,4.4479999999999995,0.11162699172463625,201.05984729967673,-0.22129016139020138,0.012495,35.03715165568464,3.6212251197867076,207.48091603053433,-0.46145314374271723,-0.887164582323913,False,0,34,NGRIP/data/processed/ngrip_warming_cooling_starts.csv,2.0,0.4,5.0,5.0,True
warming,NGRIP warming starts (GI),49.2,49.4,49.3,0.19999999999999574,4.424,0.09784181079413704,200.1338425592767,-0.2308639255916152,0.012173,35.085114902304326,3.669188366406395,210.22900763358754,-0.5034574460805236,-0.8640200229080787,False,1,34,NGRIP/data/processed/ngrip_warming_cooling_starts.csv,1.0,0.2,5.0,5.0,True
warming,NGRIP warming starts (GI),49.4,49.6,49.5,0.20000000000000284,4.4,0.08405662986363731,204.031791535904,-0.1905638679966068,0.011821,35.13307814892402,3.7171516130260898,212.97709923664115,-0.5443037801588357,-0.8388881897516509,False,0,34,NGRIP/data/processed/ngrip_warming_cooling_starts.csv,1.0,0.2,5.0,5.0,True
warming,NGRIP warming starts (GI),49.6,49.8,49.7,0.19999999999999574,4.3759999999999994,0.07027144893313707,203.89122924528772,-0.19201711134111665,0.011444,35.18104139554371,3.7651148596457773,215.72519083969436,-0.583898198100323,-0.8118268868762576,False,0,34,NGRIP/data/processed/ngrip_warming_cooling_starts.csv,1.0,0.2,5.0,5.0,True
warming,NGRIP warming starts (GI),49.8,50.0,49.9,0.20000000000000284,4.352,0.056486268002637854,204.18325033831715,-0.18899796795606752,0.011046,35.2290046421634,3.813078106265472,218.47328244274797,-0.622149631474911,-0.7828983561456957,False,0,34,NGRIP/data/processed/ngrip_warming_cooling_starts.csv,2.0,0.4,5.0,5.0,True
warming,NGRIP warming starts (GI),50.0,50.2,50.1,0.20000000000000284,4.3389999999999995,0.04901929499861672,205.41076769032784,-0.17630692959678498,0.010633,35.27696788878309,3.8610413528851595,221.22137404580118,-0.6589701007600428,-0.7521691341076813,False,0,34,NGRIP/data/processed/ngrip_warming_cooling_starts.csv,2.0,0.4,5.0,5.0,True
warming,NGRIP warming starts (GI),50.2,50.4,50.3,0.19999999999999574,4.337,0.047870529921075204,206.91645573647165,-0.16073994415301615,0.010205,35.324931135402785,3.909004599504854,223.9694656488548,-0.6942749176964456,-0.7197098989576243,False,0,34,NGRIP/data/processed/ngrip_warming_cooling_starts.csv,2.0,0.4,5.0,5.0,True
warming,NGRIP warming starts (GI),50.4,50.6,50.5,0.20000000000000284,4.335,0.046721764843533686,207.35049493137686,-0.15625250610340222,0.009755,35.37289438202248,3.9569678461245488,226.7175572519084,-0.7279828800738016,-0.6855953079765446,False,0,34,NGRIP/data/processed/ngrip_warming_cooling_starts.csv,2.0,0.4,5.0,5.0,True
warming,NGRIP warming starts (GI),50.6,50.8,50.7,0.19999999999999574,4.333,0.04557299976599217,207.4878792111842,-0.1548321195303395,0.009279,35.42085762864217,4.004931092744236,229.46564885496161,-0.7600164584984518,-0.6499038258169212,False,0,34,NGRIP/data/processed/ngrip_warming_cooling_starts.csv,3.0,0.6,5.0,5.0,True
warming,NGRIP warming starts (GI),50.8,51.0,50.9,0.20000000000000284,4.331,0.04442423468845066,207.5781405744406,-0.15389892667439203,0.008771,35.46882087526186,4.052894339363931,232.21374045801522,-0.790301974713499,-0.61271754403146,False,0,34,NGRIP/data/processed/ngrip_warming_cooling_starts.csv,3.0,0.6,5.0,5.0,True
warming,NGRIP warming starts (GI),51.0,51.2,51.1,0.20000000000000284,4.328,0.04270108707213813,208.32917822818104,-0.1461341096172052,0.008227,35.51678412188155,4.1008575859836185,234.96183206106843,-0.8187697710611268,-0.574121992259929,False,0,34,NGRIP/data/processed/ngrip_warming_cooling_starts.csv,3.0,0.6,5.0,5.0,True
warming,NGRIP warming starts (GI),51.2,51.4,51.3,0.19999999999999574,4.324,0.04040355691705458,210.28525131920827,-0.12591068989028736,0.007646,35.564747368501244,4.148820832603313,237.70992366412204,-0.8453543706974811,-0.5342059415082031,False,0,34,NGRIP/data/processed/ngrip_warming_cooling_starts.csv,3.0,0.6,5.0,5.0,True
warming,NGRIP warming starts (GI),51.4,51.6,51.5,0.20000000000000284,4.32,0.03810602676197155,212.261393100284,-0.10547978428562706,0.007036,35.61271061512093,4.196784079223001,240.45801526717526,-0.8699946281914752,-0.49306119997215025,False,0,34,NGRIP/data/processed/ngrip_warming_cooling_starts.csv,3.0,0.6,5.0,5.0,True
warming,NGRIP warming starts (GI),51.6,51.8,51.7,0.19999999999999574,4.316,0.03580849660688801,214.2760152641464,-0.0846510382649227,0.006401,35.66067386174063,4.244747325842695,243.20610687022887,-0.8926338701612725,-0.45078240187579255,False,0,34,NGRIP/data/processed/ngrip_warming_cooling_starts.csv,3.0,0.6,5.0,5.0,True
warming,NGRIP warming starts (GI),51.8,52.0,51.9,0.20000000000000284,4.311999999999999,0.033510966451804465,214.5834285023465,-0.08147275879558719,0.005748,35.708637108360314,4.292710572462383,245.95419847328208,-0.9132200256248512,-0.4074667898096067,False,0,34,NGRIP/data/processed/ngrip_warming_cooling_starts.csv,3.0,0.6,5.0,5.0,True
warming,NGRIP warming starts (GI),52.0,52.2,52.1,0.20000000000000284,4.3229999999999995,0.039829174378283566,214.050699462271,-0.08698052996609425,0.005081,35.75660035498001,4.3406738190820775,248.70229007633571,-0.9317057457649587,-0.36321399106940006,False,0,34,NGRIP/data/processed/ngrip_warming_cooling_starts.csv,3.0,0.6,5.0,5.0,True
warming,NGRIP warming starts (GI),52.2,52.4,52.3,0.19999999999999574,4.348999999999999,0.05476312038632481,217.58453306669816,-0.05044498303012247,0.004403,35.8045636015997,4.388637065701772,251.45038167938932,-0.9480485128328865,-0.3181257885103818,False,0,34,NGRIP/data/processed/ngrip_warming_cooling_starts.csv,3.0,0.6,5.0,5.0,True
warming,NGRIP warming starts (GI),52.4,52.6,52.5,0.20000000000000284,4.375,0.06969706639436657,220.08353347296085,-0.024608354355348215,0.003712,35.85252684821939,4.43660031232146,254.19847328244254,-0.9622107379406655,-0.2723058864433157,False,0,34,NGRIP/data/processed/ngrip_warming_cooling_starts.csv,3.0,0.6,5.0,5.0,True
warming,NGRIP warming starts (GI),52.6,52.8,52.7,0.19999999999999574,4.401000000000001,0.08463101240240832,220.95965905794503,-0.01555028003292006,0.003009,35.900490094839085,4.484563558941154,256.9465648854961,-0.974159847516717,-0.22585967211126146,False,0,34,NGRIP/data/processed/ngrip_warming_cooling_starts.csv,3.0,0.6,5.0,5.0,True
warming,NGRIP warming starts (GI),52.8,53.0,52.9,0.20000000000000284,4.4270000000000005,0.09956495841044957,221.9772223801515,-0.00502991131147767,0.002293,35.94845334145877,4.532526805560842,259.69465648854936,-0.9838683582260984,-0.1788939732955858,False,0,34,NGRIP/data/processed/ngrip_warming_cooling_starts.csv,4.0,0.8,5.0,5.0,True
warming,NGRIP warming starts (GI),53.0,53.2,53.1,0.20000000000000284,4.434,0.10358563618184513,223.6482626510157,0.012246615283202025,0.001566,35.99641658807847,4.5804900521805365,262.44274809160294,-0.9913139401830672,-0.13151681260858736,False,0,34,NGRIP/data/processed/ngrip_warming_cooling_starts.csv,4.0,0.8,5.0,5.0,True
warming,NGRIP warming starts (GI),53.2,53.4,53.3,0.19999999999999574,4.422000000000001,0.09669304571659552,223.41848770806314,0.009871021479793629,0.000827,36.044379834698155,4.628453298800224,265.1908396946562,-0.9964794683105234,-0.08383715903808214,False,0,34,NGRIP/data/processed/ngrip_warming_cooling_starts.csv,5.0,1.0,5.0,5.0,True
warming,NGRIP warming starts (GI),53.4,53.6,53.5,0.20000000000000284,4.41,0.0898004552513454,222.7409302337339,0.0028659002216332194,7.7e-05,36.09234308131785,4.676416545419919,267.9389312977098,-0.9993530617282437,-0.0359646773151837,False,0,34,NGRIP/data/processed/ngrip_warming_cooling_starts.csv,5.0,1.0,5.0,5.0,True
warming,NGRIP warming starts (GI),53.6,53.8,53.7,0.19999999999999574,4.398,0.08290786478609528,221.69406629208203,-0.007957401313527434,-0.000684,36.140306327937544,4.724379792039613,270.6870229007634,-0.9999281110792807,0.011990524318043564,False,0,34,NGRIP/data/processed/ngrip_warming_cooling_starts.csv,5.0,1.0,5.0,5.0,True
warming,NGRIP warming starts (GI),53.8,54.0,53.9,0.20000000000000284,4.386,0.07601527432084568,220.93359774865317,-0.015819722314427836,-0.001456,36.18826957455723,4.772343038659301,273.43511450381664,-0.9982032937317,0.059918147361090614,False,0,34,NGRIP/data/processed/ngrip_warming_cooling_starts.csv,5.0,1.0,5.0,5.0,True
warming,NGRIP warming starts (GI),54.0,54.2,54.1,0.20000000000000284,4.372999999999999,0.06854830131682454,220.49772401686292,-0.02032612724702835,-0.002238,36.23623282117693,4.8203062852789955,276.1832061068702,-0.994182576820673,0.10770795674511088,False,1,34,NGRIP/data/processed/ngrip_warming_cooling_starts.csv,5.0,1.0,5.0,5.0,True
warming,NGRIP warming starts (GI),54.2,54.4,54.3,0.19999999999999574,4.359,0.06050694577403341,218.87047274810158,-0.037149928750293305,-0.003029,36.284196067796614,4.868269531898683,278.93129770992346,-0.9878752081239417,0.15525003437706156,False,0,34,NGRIP/data/processed/ngrip_warming_cooling_starts.csv,6.0,1.2,5.0,5.0,True
warming,NGRIP warming starts (GI),54.4,54.6,54.5,0.20000000000000284,4.345,0.05246559023124178,216.46279093652288,-0.062042434080373465,-0.003824,36.33215931441631,4.916232778518378,281.67938931297704,-0.9792956947916294,0.20243503195489645,False,0,34,NGRIP/data/processed/ngrip_warming_cooling_starts.csv,6.0,1.2,5.0,5.0,True
warming,NGRIP warming starts (GI),54.6,54.8,54.7,0.19999999999999574,4.3309999999999995,0.044424234688450144,213.9370511010014,-0.08815551597340379,-0.00462,36.380122561035996,4.964196025138065,284.4274809160303,-0.9684637699793369,0.24915442247210862,False,0,34,NGRIP/data/processed/ngrip_warming_cooling_starts.csv,6.0,1.2,5.0,5.0,True
warming,NGRIP warming starts (GI),54.8,55.0,54.9,0.20000000000000284,4.317,0.03638287914565902,215.79458133605877,-0.06895090967759418,-0.005414,36.42808580765569,5.01215927175776,287.17557251908386,-0.9554043474612434,0.2953007498333789,False,1,34,NGRIP/data/processed/ngrip_warming_cooling_starts.csv,5.0,1.0,5.0,5.0,True
warming,NGRIP warming starts (GI),55.0,55.2,55.1,0.20000000000000284,4.314,0.03465973152934649,214.20202944033244,-0.08541596181286931,-0.006203,36.476049054275386,5.0601225183774545,289.9236641221375,-0.9401474643276365,0.34076787600699004,False,0,34,NGRIP/data/processed/ngrip_warming_cooling_starts.csv,5.0,1.0,5.0,5.0,True
warming,NGRIP warming starts (GI),55.2,55.4,55.3,0.19999999999999574,4.321999999999999,0.039254791839512554,208.3593284288786,-0.1458223931653228,-0.006984,36.52401230089507,5.108085764997142,292.6717557251907,-0.9227282118986402,0.38545122514572216,False,0,34,NGRIP/data/processed/ngrip_warming_cooling_starts.csv,5.0,1.0,5.0,5.0,True
warming,NGRIP warming starts (GI),55.4,55.6,55.5,0.20000000000000284,4.33,0.04384985214967964,213.4296998015273,-0.09340091213233441,-0.007755,36.57197554751477,5.156049011616837,295.4198473282443,-0.9031866550130433,0.42924802411467183,False,0,34,NGRIP/data/processed/ngrip_warming_cooling_starts.csv,5.0,1.0,5.0,5.0,True
warming,NGRIP warming starts (GI),55.6,55.8,55.7,0.19999999999999574,4.338,0.048444912459846216,212.92153409599987,-0.09865472826060069,-0.008513,36.619938794134455,5.204012258236524,298.1679389312975,-0.8815677398779064,0.4720575388727099,False,1,34,NGRIP/data/processed/ngrip_warming_cooling_starts.csv,4.0,0.8,5.0,5.0,True
warming,NGRIP warming starts (GI),55.8,56.0,55.9,0.20000000000000284,4.345999999999999,0.05303997277001228,210.39534105362046,-0.12477249576203354,-0.009254,36.66790204075415,5.251975504856219,300.91603053435114,-0.8579211906908214,0.5137813061640558,False,0,34,NGRIP/data/processed/ngrip_warming_cooling_starts.csv,4.0,0.8,5.0,5.0,True
warming,NGRIP warming starts (GI),56.0,56.2,56.1,0.20000000000000284,4.358,0.0599325632352624,208.7627869554789,-0.14165112207976388,-0.009976,36.71586528737384,5.299938751475906,303.6641221374043,-0.8323013952726899,0.5543233599868705,False,0,34,NGRIP/data/processed/ngrip_warming_cooling_starts.csv,4.0,0.8,5.0,5.0,True
warming,NGRIP warming starts (GI),56.2,56.4,56.3,0.19999999999999574,4.374,0.06912268385559556,208.79786113284874,-0.1412884976902253,-0.010676,36.76382853399353,5.347901998095601,306.41221374045796,-0.8047672799739634,0.593590452318186,False,0,34,NGRIP/data/processed/ngrip_warming_cooling_starts.csv,4.0,0.8,5.0,5.0,True
warming,NGRIP warming starts (GI),56.4,56.6,56.5,0.20000000000000284,4.39,0.0783128044759287,212.37265776990395,-0.1043294427545142,-0.011358,36.81179178061322,5.395865244715289,309.16030534351114,-0.7753821741421799,0.6314922675872969,False,0,34,NGRIP/data/processed/ngrip_warming_cooling_starts.csv,4.0,0.8,5.0,5.0,True
warming,NGRIP warming starts (GI),56.6,56.8,56.7,0.19999999999999574,4.406,0.08750292509626185,213.34187205509286,-0.09430894434644778,-0.012023,36.859755027232914,5.443828491334983,311.9083969465648,-0.7442136644624026,0.6679416304045156,False,0,34,NGRIP/data/processed/ngrip_warming_cooling_starts.csv,4.0,0.8,5.0,5.0,True
warming,NGRIP warming starts (GI),56.8,57.0,56.9,0.20000000000000284,4.422,0.09669304571659501,214.26356257699436,-0.08477978392384455,-0.012671,36.90771827385261,5.491791737954678,314.6564885496184,-0.7113334395057077,0.7028547060673207,False,0,34,NGRIP/data/processed/ngrip_warming_cooling_starts.csv,4.0,0.8,5.0,5.0,True
warming,NGRIP warming starts (GI),57.0,57.2,57.1,0.20000000000000284,4.436,0.10473440125938664,215.1852530988959,-0.07525062350124075,-0.013303,36.9556815204723,5.539754984574365,317.4045801526716,-0.6768171248431621,0.736151193382878,False,0,34,NGRIP/data/processed/ngrip_warming_cooling_starts.csv,4.0,0.8,5.0,5.0,True
warming,NGRIP warming starts (GI),57.2,57.4,57.3,0.19999999999999574,4.4479999999999995,0.11162699172463625,216.26036307014735,-0.06413529233036191,-0.013916,37.00364476709199,5.58771823119406,320.15267175572524,-0.64074410910457,0.7677545093633712,False,0,34,NGRIP/data/processed/ngrip_warming_cooling_starts.csv,4.0,0.8,5.0,5.0,True
warming,NGRIP warming starts (GI),57.4,57.6,57.5,0.20000000000000284,4.46,0.11851958218988637,217.78596552783017,-0.048362416061237125,-0.014503,37.05160801371168,5.635681477813748,322.9007633587784,-0.6031973613821164,0.7975919653692936,False,0,34,NGRIP/data/processed/ngrip_warming_cooling_starts.csv,4.0,0.8,5.0,5.0,True
warming,NGRIP warming starts (GI),57.6,57.8,57.7,0.19999999999999574,4.472,0.1254121726551365,221.23775525000713,-0.012675103209350657,-0.015059,37.09957126033137,5.683644724433442,325.64885496183206,-0.5642632403987539,0.825594934295686,False,0,34,NGRIP/data/processed/ngrip_warming_cooling_starts.csv,4.0,0.8,5.0,5.0,True
warming,NGRIP warming starts (GI),57.8,58.0,57.9,0.20000000000000284,4.484,0.1323047631203861,223.81403830507534,0.013960534179142618,-0.015578,37.14753450695106,5.73160797105313,328.39694656488524,-0.5240312958804166,0.851699008416642,False,1,34,NGRIP/data/processed/ngrip_warming_cooling_starts.csv,3.0,0.6,5.0,5.0,True
warming,NGRIP warming starts (GI),58.0,58.2,58.1,0.20000000000000284,4.484,0.1323047631203861,224.15431492253745,0.017478581071029575,-0.016056,37.195497753570756,5.7795712176728244,331.1450381679389,-0.48259406258873533,0.8758441475251746,False,0,34,NGRIP/data/processed/ngrip_warming_cooling_starts.csv,3.0,0.6,5.0,5.0,True
warming,NGRIP warming starts (GI),58.2,58.4,58.3,0.19999999999999574,4.472,0.1254121726551365,223.89115103529,0.014757786141031473,-0.016492,37.24346100019044,5.827534464292512,333.89312977099206,-0.44004684748816747,0.8979748170275854,False,1,34,NGRIP/data/processed/ngrip_warming_cooling_starts.csv,2.0,0.4,5.0,5.0,True
warming,NGRIP warming starts (GI),58.4,58.6,58.5,0.20000000000000284,4.46,0.11851958218988637,223.95705205016205,0.015439122585104485,-0.016886,37.29142424681014,5.875497710912207,336.6412213740457,-0.39648751053687586,0.9180401156748385,False,0,34,NGRIP/data/processed/ngrip_warming_cooling_starts.csv,2.0,0.4,5.0,5.0,True
warming,NGRIP warming starts (GI),58.6,58.8,58.7,0.19999999999999574,4.4479999999999995,0.11162699172463625,226.38207209425286,0.04051088417867697,-0.017238,37.33938749342983,5.923460957531901,339.3893129770993,-0.35201623960573286,0.9359938926370402,False,0,34,NGRIP/data/processed/ngrip_warming_cooling_starts.csv,2.0,0.4,5.0,5.0,True
warming,NGRIP warming starts (GI),58.8,59.0,58.9,0.20000000000000284,4.436,0.10473440125938664,228.8070921383436,0.06558264577224858,-0.017546,37.38735074004952,5.971424204151589,342.1374045801525,-0.3067353200429883,0.9517948536518389,False,0,34,NGRIP/data/processed/ngrip_warming_cooling_starts.csv,2.0,0.4,5.0,5.0,True
warming,NGRIP warming starts (GI),59.0,59.2,59.1,0.20000000000000284,4.447,0.11105260918586575,231.23211218243438,0.09065440736582077,-0.01781,37.435313986669215,6.0193874507712835,344.88549618320616,-0.26074889941467005,0.9654066560025564,False,1,34,NGRIP/data/processed/ngrip_warming_cooling_starts.csv,2.0,0.4,5.0,4.999999999999993,True
warming,NGRIP warming starts (GI),59.2,59.4,59.3,0.19999999999999574,4.480999999999999,0.13058161550407307,227.79597923252524,0.05512896652096373,-0.018029,37.4832772332889,6.067350697390971,347.63358778625934,-0.2141627479618919,0.9767979921075858,False,1,34,NGRIP/data/processed/ngrip_warming_cooling_starts.csv,1.0,0.2,5.0,5.0,True
warming,NGRIP warming starts (GI),59.4,59.6,59.5,0.20000000000000284,4.515,0.15011062182228138,225.37147874213483,0.03006257648155354,-0.018202,37.5312404799086,6.115313944010666,350.381679389313,-0.16708401532585515,0.9859426615288485,False,0,34,NGRIP/data/processed/ngrip_warming_cooling_starts.csv,1.0,0.2,5.0,5.0,True
warming,NGRIP warming starts (GI),59.6,59.8,59.7,0.19999999999999574,4.549,0.16963962814048972,223.72958217101325,0.01308736034147502,-0.01833,37.57920372652829,6.16327719063036,353.12977099236656,-0.11962098410028818,0.9928196312336287,False,0,34,NGRIP/data/processed/ngrip_warming_cooling_starts.csv,1.0,0.2,5.0,5.0,True
warming,NGRIP warming starts (GI),59.8,60.0,59.9,0.20000000000000284,4.582999999999999,0.18916863445869703,220.4489963821734,-0.020829911800451514,-0.018413,37.62716697314798,6.211240437250048,355.8778625954198,-0.07188282077799062,0.9974130839712297,False,0,34,NGRIP/data/processed/ngrip_warming_cooling_starts.csv,1.0,0.2,5.0,5.000000000000007,True
warming,NGRIP warming starts (GI),60.0,60.2,60.1,0.20000000000000284,4.590999999999999,0.1937636947688636,216.83906663791717,-0.058152200388573654,-0.018452,37.675130219767674,6.2592036838697425,358.6259541984734,-0.023979324664380023,0.9997124546531568,False,0,34,NGRIP/data/processed/ngrip_warming_cooling_starts.csv,1.0,0.2,5.0,4.999999999999993,True
warming,NGRIP warming starts (GI),60.2,60.4,60.3,0.19999999999999574,4.5729999999999995,0.18342480907098893,213.9229725942332,-0.08830107063228024,-0.018445,37.72643004006525,0.027318196987735632,1.5652173913042504,0.027314799259484174,0.9996268812619107,False,0,34,NGRIP/data/processed/ngrip_warming_cooling_starts.csv,1.0,0.2,5.0,5.0,True
warming,NGRIP warming starts (GI),60.4,60.6,60.5,0.20000000000000284,4.555,0.17308592337311426,216.74549302157178,-0.05911963791808065,-0.01839,37.78106643404073,0.081954590963214,4.6956521739131585,0.0818628796818151,0.9966436017605294,False,0,34,NGRIP/data/processed/ngrip_warming_cooling_starts.csv,1.0,0.2,5.0,5.0,True
warming,NGRIP warming starts (GI),60.6,60.8,60.7,0.19999999999999574,4.537,0.1627470376752396,215.13657069920754,-0.07575394037969876,-0.018282,37.8357028280162,0.13659098493868527,7.826086956521659,0.1361666490962452,0.990685946036331,False,0,34,NGRIP/data/processed/ngrip_warming_cooling_starts.csv,1.0,0.2,5.0,5.0,True
warming,NGRIP warming starts (GI),60.8,61.0,60.9,0.20000000000000284,4.519,0.15240815197736493,211.80635652925258,-0.11018430969895573,-0.018119,37.89033922199168,0.19122737891416364,10.956521739130567,0.19006404371160954,0.9817716940755582,False,0,34,NGRIP/data/processed/ngrip_warming_cooling_starts.csv,1.0,0.2,5.0,5.000000000000007,True
warming,NGRIP warming starts (GI),61.0,61.2,61.1,0.20000000000000284,4.519,0.15240815197736493,208.5419847844154,-0.14393394832103015,-0.017897,37.94497561596715,0.2458637728896349,14.086956521739069,0.2433942125188347,0.9699274495096715,False,0,34,NGRIP/data/processed/ngrip_warming_cooling_starts.csv,1.0,0.2,5.0,4.999999999999993,True
warming,NGRIP warming starts (GI),61.2,61.4,61.3,0.19999999999999574,4.537,0.1627470376752396,210.63621590366668,-0.12228214240229021,-0.017616,37.999612009942624,0.30050016686510617,17.21739130434757,0.2959979973336191,0.9551885602196494,False,0,34,NGRIP/data/processed/ngrip_warming_cooling_starts.csv,1.0,0.2,5.0,5.0,True
warming,NGRIP warming starts (GI),61.4,61.6,61.5,0.20000000000000284,4.555,0.17308592337311426,210.8465076393965,-0.12010798129538972,-0.017279,38.0542484039181,0.35513656084058454,20.347826086956477,0.34771840778698804,0.9375990128440206,False,0,34,NGRIP/data/processed/ngrip_warming_cooling_starts.csv,1.0,0.2,5.0,5.0,True
warming,NGRIP warming starts (GI),61.6,61.8,61.7,0.19999999999999574,4.5729999999999995,0.18342480907098893,208.99819160293904,-0.13921732397012704,-0.016887,38.10888479789358,0.4097729548160629,23.478260869565386,0.3984010898462441,0.9172113015054518,False,0,34,NGRIP/data/processed/ngrip_warming_cooling_starts.csv,1.0,0.2,5.0,5.0,True
warming,NGRIP warming starts (GI),61.8,62.0,61.9,0.20000000000000284,4.590999999999999,0.1937636947688636,206.3863309487905,-0.16622079051714111,-0.016441,38.16352119186905,0.46440934879153417,26.608695652173886,0.4478947864680815,0.8940862711476514,False,0,34,NGRIP/data/processed/ngrip_warming_cooling_starts.csv,1.0,0.2,5.0,5.000000000000007,True
warming,NGRIP warming starts (GI),62.0,62.2,62.1,0.20000000000000284,4.593,0.19491245984640562,205.20801588392084,-0.17840313699321025,-0.015945,38.21815758584453,0.5190457427670125,29.739130434782794,0.4960517890090709,0.8682929359501321,False,0,34,NGRIP/data/processed/ngrip_warming_cooling_starts.csv,1.0,0.2,5.0,4.999999999999993,True
warming,NGRIP warming starts (GI),62.2,62.4,62.3,0.19999999999999574,4.579,0.186871104303614,204.03490405417466,-0.19053168833845194,-0.015399,38.27279397982,0.5736821367424838,32.8695652173913,0.5427283780462615,0.8399082733627966,False,0,34,NGRIP/data/processed/ngrip_warming_cooling_starts.csv,1.0,0.2,5.0,5.0,True
warming,NGRIP warming starts (GI),62.4,62.6,62.5,0.20000000000000284,4.5649999999999995,0.17882974876082236,202.86179222442843,-0.20266023968369423,-0.014804,38.32743037379547,0.6283185307179551,35.999999999999794,0.5877852522924703,0.8090169943749496,False,0,34,NGRIP/data/processed/ngrip_warming_cooling_starts.csv,1.0,0.2,5.0,5.0,True
warming,NGRIP warming starts (GI),62.6,62.8,62.7,0.19999999999999574,4.551,0.17078839321803124,202.65777247905052,-0.20476955602891808,-0.014163,38.38206676777095,0.6829549246934334,39.1304347826087,0.6310879443260529,0.7757112907044197,False,0,34,NGRIP/data/processed/ngrip_warming_cooling_starts.csv,1.0,0.2,5.0,5.0,True
warming,NGRIP warming starts (GI),62.8,63.0,62.9,0.20000000000000284,4.537,0.1627470376752396,200.98499529029297,-0.22206404024478757,-0.013477,38.43670316174642,0.7375913186689047,42.260869565217206,0.6725072218945248,0.740090559661254,False,0,34,NGRIP/data/processed/ngrip_warming_cooling_starts.csv,1.0,0.2,5.0,5.000000000000007,True
warming,NGRIP warming starts (GI),63.0,63.2,63.1,0.20000000000000284,4.513,0.14896185674473988,199.5063426348572,-0.2373515125884184,-0.012746,38.4913395557219,0.7922277126443831,45.391304347826114,0.711919473594434,0.7022611075070468,False,0,34,NGRIP/data/processed/ngrip_warming_cooling_starts.csv,1.0,0.2,5.0,4.999999999999993,True
warming,NGRIP warming starts (GI),63.2,63.4,63.3,0.19999999999999574,4.479000000000001,0.12943285042653258,198.58359558109586,-0.24689159626708718,-0.01197,38.54597594969737,0.8468641066198543,48.52173913043461,0.749207077776329,0.6623358321953099,False,0,34,NGRIP/data/processed/ngrip_warming_cooling_starts.csv,1.0,0.2,5.0,5.0,True
warming,NGRIP warming starts (GI),63.4,63.6,63.5,0.20000000000000284,4.445,0.10990384410832424,197.66084852733454,-0.25643167994575594,-0.01115,38.60061234367285,0.9015005005953327,51.65217391304352,0.7842587535740317,0.6204338864395674,False,0,34,NGRIP/data/processed/ngrip_warming_cooling_starts.csv,1.0,0.2,5.0,5.0,True
warming,NGRIP warming starts (GI),63.6,63.8,63.7,0.19999999999999574,4.411,0.0903748377901159,197.33533780989862,-0.2597970653674529,-0.010286,38.65524873764833,0.9561368945708111,54.78260869565243,0.8169698930104445,0.5766803221148635,False,0,34,NGRIP/data/processed/ngrip_warming_cooling_starts.csv,1.0,0.2,5.0,5.0,True
warming,NGRIP warming starts (GI),63.8,64.0,63.9,0.20000000000000284,4.377000000000001,0.0708458314719086,197.27812240724168,-0.2603886031316006,-0.009383,38.7098851316238,1.0107732885462823,57.91304347826093,0.8472428731888841,0.5312057170538025,False,0,34,NGRIP/data/processed/ngrip_warming_cooling_starts.csv,1.0,0.2,5.0,5.000000000000007,True
warming,NGRIP warming starts (GI),64.0,64.2,64.1,0.20000000000000284,4.372,0.06797391877805403,199.5701229192682,-0.23669210192126977,-0.008441,38.76452152559927,1.0654096825217536,61.043478260869435,0.8749873476381814,0.48414578535096253,False,1,34,NGRIP/data/processed/ngrip_warming_cooling_starts.csv,0.0,0.0,5.0,5.0,True
warming,NGRIP warming starts (GI),64.2,64.4,64.30000000000001,0.20000000000000284,4.396000000000002,0.08175909970855479,201.087366731965,-0.221005643888087,-0.007464999999999929,38.81915791957475,1.120046076497232,64.17391304347834,0.9001205159420516,0.43564097233870797,False,0,34,NGRIP/data/processed/ngrip_warming_cooling_starts.csv,0.0,0.0,5.0,5.0,True
warming,NGRIP warming starts (GI),64.4,64.6,64.5,0.19999999999998863,4.42,0.09554428063905349,202.54728433105532,-0.20591186926966887,-0.006457,38.87379431355022,1.1746824704727032,67.30434782608684,0.922567370848071,0.38583603544313727,False,0,34,NGRIP/data/processed/ngrip_warming_cooling_starts.csv,1.0,0.2,5.0,5.0,True
warming,NGRIP warming starts (GI),64.6,64.8,64.69999999999999,0.20000000000000284,4.443999999999999,0.10932946156955271,203.283873824101,-0.19829642864394187,-0.005418000000000075,38.92843070752569,1.2293188644481745,70.43478260869534,0.9422609221188186,0.33487961217099127,False,0,34,NGRIP/data/processed/ngrip_warming_cooling_starts.csv,1.0,0.2,5.0,5.0,True
warming,NGRIP warming starts (GI),64.8,65.0,64.9,0.20000000000000284,4.468000000000001,0.12311464250005345,201.2161397695316,-0.21967428709975162,-0.00435,38.98306710150118,1.28395525842366,73.56521739130466,0.9591423964570648,0.28292377651692485,False,0,34,NGRIP/data/processed/ngrip_warming_cooling_starts.csv,1.0,0.2,5.0,5.0,True
warming,NGRIP warming starts (GI),65.0,65.2,65.1,0.20000000000000284,4.489,0.13517667581424014,200.21618415210267,-0.2300126135418042,-0.003253,39.03770349547665,1.3385916523991312,76.69565217391316,0.9731614129083759,0.2301235851149845,False,0,34,NGRIP/data/processed/ngrip_warming_cooling_starts.csv,1.0,0.2,5.0,5.0,True
warming,NGRIP warming starts (GI),65.2,65.4,65.30000000000001,0.20000000000000284,4.5070000000000014,0.14551556151211584,204.14032657995745,-0.18944174747818612,-0.0021289999999999187,39.09233988945213,1.3932280463746096,79.82608695652206,0.9842761332177125,0.1766366144885818,False,0,34,NGRIP/data/processed/ngrip_warming_cooling_starts.csv,1.0,0.2,5.0,5.0,True
warming,NGRIP warming starts (GI),65.4,65.6,65.5,0.19999999999998863,4.525,0.15585444720999,208.06446900781165,-0.1488708814145739,-0.000984,39.1469762834276,1.4478644403500809,82.95652173913057,0.9924533866912019,0.12262249078029626,False,0,34,NGRIP/data/processed/ngrip_warming_cooling_starts.csv,1.0,0.2,5.0,5.0,True
warming,NGRIP warming starts (GI),65.6,65.8,65.69999999999999,0.20000000000000284,4.542999999999999,0.16619333290786414,201.36932043414805,-0.21809058509556936,0.00017499999999991746,39.20161267740307,1.5025008343255521,86.08695652173907,0.9976687691905392,0.06824241336467211,False,0,34,NGRIP/data/processed/ngrip_warming_cooling_starts.csv,1.0,0.2,5.0,5.0,True
warming,NGRIP warming starts (GI),65.8,66.0,65.9,0.20000000000000284,4.561000000000001,0.17653221860573984,200.0699556026975,-0.2315244391194089,0.00134,39.25624907137855,1.5571372283010305,89.21739130434797,0.9999067159645221,0.013658673765948537,False,0,34,NGRIP/data/processed/ngrip_warming_cooling_starts.csv,1.0,0.2,5.0,5.0,True
warming,NGRIP warming starts (GI),66.0,66.2,66.1,0.20000000000000284,4.557000000000001,0.17423468845065682,201.8213593466747,-0.21341705182993595,0.002505,39.31088546535402,1.6117736222765018,92.34782608695647,0.9991605481003866,-0.04096582868361342,False,0,34,NGRIP/data/processed/ngrip_warming_cooling_starts.csv,1.0,0.2,5.0,5.0,True
warming,NGRIP warming starts (GI),66.2,66.4,66.30000000000001,0.20000000000000284,4.530999999999999,0.15930074244261402,203.33305802282476,-0.1977879237729912,0.0036660000000000824,39.3655218593295,1.6664100162519802,95.47826086956539,0.9954324924563085,-0.09546807299941296,False,0,34,NGRIP/data/processed/ngrip_warming_cooling_starts.csv,1.0,0.2,5.0,5.0,True
warming,NGRIP warming starts (GI),66.4,66.6,66.5,0.19999999999998863,4.505000000000001,0.1443667964345738,204.7148022306522,-0.1835023670633198,0.004822,39.42015825330497,1.7210464102274514,98.60869565217389,0.9887336750155848,-0.14968540306314373,False,0,34,NGRIP/data/processed/ngrip_warming_cooling_starts.csv,1.0,0.2,5.0,5.0,True
warming,NGRIP warming starts (GI),66.6,66.8,66.69999999999999,0.20000000000000284,4.479000000000002,0.12943285042653307,205.7982760484627,-0.17230056387855183,0.005973999999999919,39.47479464728044,1.7756828042029227,101.73913043478238,0.9790840876823237,-0.20345601305262995,False,0,34,NGRIP/data/processed/ngrip_warming_cooling_starts.csv,1.0,0.2,5.0,5.0,True
warming,NGRIP warming starts (GI),66.8,67.0,66.9,0.20000000000000284,4.452999999999999,0.1144989044184903,206.88174986627337,-0.1610987606937821,0.007124,39.52943104125592,1.830319198178401,104.8695652173913,0.9665125286177448,-0.2566194303339734,False,0,34,NGRIP/data/processed/ngrip_warming_cooling_starts.csv,1.0,0.2,5.0,5.0,True
warming,NGRIP warming starts (GI),67.0,67.2,67.1,0.20000000000000284,4.438000000000001,0.10588316633692867,204.80828082073714,-0.18253591198991787,0.00827,39.58406743523139,1.8849555921538723,107.9999999999998,0.9510565162951546,-0.30901699437494395,False,0,34,NGRIP/data/processed/ngrip_warming_cooling_starts.csv,1.0,0.2,5.0,5.0,True
warming,NGRIP warming starts (GI),67.2,67.4,67.30000000000001,0.20000000000000284,4.434,0.10358563618184513,201.39113753767947,-0.21786502274620448,0.00941000000000008,39.638703829206875,1.9395919861293578,111.13043478260911,0.9327621775300611,-0.3604923302504214,False,0,34,NGRIP/data/processed/ngrip_warming_cooling_starts.csv,2.0,0.4,5.0,5.0,True
warming,NGRIP warming starts (GI),67.4,67.6,67.5,0.19999999999998863,4.43,0.10128810602676158,202.31081655166577,-0.20835665887207366,0.010538,39.69334022318235,1.994228380104829,114.26086956521762,0.9116841098196519,-0.4108918153265516,False,0,34,NGRIP/data/processed/ngrip_warming_cooling_starts.csv,2.0,0.4,5.0,5.0,True
warming,NGRIP warming starts (GI),67.6,67.8,67.69999999999999,0.20000000000000284,4.426,0.09899057587167855,203.57169907274042,-0.1953206651932097,0.011646999999999921,39.74797661715782,2.0488647740803003,117.39130434782611,0.8878852184023751,-0.4600650377311525,False,0,34,NGRIP/data/processed/ngrip_warming_cooling_starts.csv,2.0,0.4,5.0,5.0,True
warming,NGRIP warming starts (GI),67.8,68.0,67.9,0.20000000000000284,4.422,0.09669304571659501,202.29143054635315,-0.20855708661890152,0.01273,39.802613011133296,2.1035011680557787,120.52173913043502,0.8614365285239979,-0.5078652452418095,False,0,34,NGRIP/data/processed/ngrip_warming_cooling_starts.csv,2.0,0.4,5.0,5.0,True
warming,NGRIP warming starts (GI),68.0,68.2,68.1,0.20000000000000284,4.425,0.09841619333290753,200.56836676885513,-0.22637147307942562,0.013783,39.85724940510877,2.15813756203125,123.65217391304353,0.8324169734703678,-0.5541497832521753,False,0,34,NGRIP/data/processed/ngrip_warming_cooling_starts.csv,2.0,0.4,5.0,5.0,True
warming,NGRIP warming starts (GI),68.2,68.4,68.30000000000001,0.20000000000000284,4.4350000000000005,0.10416001872061614,201.22712125267694,-0.21956075190319324,0.01480000000000007,39.911885799084246,2.2127739560067283,126.78260869565243,0.800913158999439,-0.5987805205094261,False,0,34,NGRIP/data/processed/ngrip_warming_cooling_starts.csv,2.0,0.4,5.0,5.0,True
warming,NGRIP warming starts (GI),68.4,68.6,68.5,0.19999999999998863,4.445,0.10990384410832424,202.60111882796423,-0.20535528596418282,0.015778,39.96652219305972,2.2674103499821996,129.91304347826093,0.7670191048756821,-0.6416242613521619,False,0,34,NGRIP/data/processed/ngrip_warming_cooling_starts.csv,2.0,0.4,5.0,5.0,True
warming,NGRIP warming starts (GI),68.6,68.8,68.69999999999999,0.20000000000000284,4.454999999999999,0.11564766949603182,203.77128364016747,-0.19325720320060444,0.016712999999999933,40.02115858703519,2.322046743957671,133.04347826086942,0.7308359642781257,-0.6825531432186523,False,0,34,NGRIP/data/processed/ngrip_warming_cooling_starts.csv,2.0,0.4,5.0,5.0,True
warming,NGRIP warming starts (GI),68.8,69.0,68.9,0.20000000000000284,4.465,0.12139149488374042,204.63574092020215,-0.18431976497790986,0.017603,40.07579498101067,2.3766831379331492,136.17391304347834,0.6924717219195247,-0.7214450182389566,False,0,34,NGRIP/data/processed/ngrip_warming_cooling_starts.csv,2.0,0.4,5.0,5.0,True
warming,NGRIP warming starts (GI),69.0,69.2,69.1,0.20000000000000284,4.455000000000001,0.11564766949603283,205.6316020808552,-0.17402377024539925,0.018446,40.13043137498614,2.4313195319086205,139.30434782608685,0.652040871777552,-0.7581838177721615,False,0,34,NGRIP/data/processed/ngrip_warming_cooling_starts.csv,2.0,0.4,5.0,5.0,True
warming,NGRIP warming starts (GI),69.2,69.4,69.30000000000001,0.20000000000000284,4.424999999999998,0.09841619333290652,207.91883369560648,-0.15037657364013343,0.01923900000000005,40.18506776896162,2.485955925884106,142.43478260869617,0.6096640753997277,-0.7926598988008635,False,0,34,NGRIP/data/processed/ngrip_warming_cooling_starts.csv,2.0,0.4,5.0,5.0,True
warming,NGRIP warming starts (GI),69.4,69.6,69.5,0.19999999999998863,4.395,0.08118471716978275,210.20606531035747,-0.12672937703487056,0.019981,40.239704162937095,2.5405923198595772,145.56521739130466,0.5654678018020015,-0.8247703711489716,False,1,34,NGRIP/data/processed/ngrip_warming_cooling_starts.csv,1.0,0.2,5.0,5.0,True
warming,NGRIP warming starts (GI),69.6,69.8,69.69999999999999,0.20000000000000284,4.365000000000002,0.0639532410066595,212.26569138521432,-0.10543534524055743,0.02066799999999995,40.294340556912566,2.5952287138350485,148.69565217391315,0.519583950035432,-0.8544194045464896,False,0,34,NGRIP/data/processed/ngrip_warming_cooling_starts.csv,1.0,0.2,5.0,5.0,True
warming,NGRIP warming starts (GI),69.8,70.0,69.9,0.20000000000000284,4.334999999999999,0.04672176484353318,214.13136438252906,-0.086146552673988,0.0213,40.348976950888044,2.649865107810527,151.82608695652206,0.47214945554761356,-0.8815185146246742,False,0,34,NGRIP/data/processed/ngrip_warming_cooling_starts.csv,1.0,0.2,5.0,5.0,True
warming,NGRIP warming starts (GI),70.0,70.2,70.1,0.20000000000000284,4.3100000000000005,0.032362201374263454,216.1598575743881,-0.06517439707288147,0.021872,40.403613344863516,2.704501501785998,154.95652173913058,0.4233058815134958,-0.9059868269881645,False,0,34,NGRIP/data/processed/ngrip_warming_cooling_starts.csv,1.0,0.2,5.0,5.0,True
warming,NGRIP warming starts (GI),70.2,70.4,70.30000000000001,0.20000000000000284,4.289999999999999,0.020874550598846252,218.70628530689618,-0.03884742745451693,0.022383000000000035,40.458249738838994,2.7591378957614765,158.08695652173947,0.3731989963551859,-0.9277513185759867,False,0,34,NGRIP/data/processed/ngrip_warming_cooling_starts.csv,1.0,0.2,5.0,5.0,True
warming,NGRIP warming starts (GI),70.4,70.6,70.5,0.19999999999998863,4.27,0.009386899823430066,221.0292538756059,-0.014830754154858574,0.02283,40.512886132814465,2.8137742897369478,161.21739130434798,0.3219783387117359,-0.9467470355910446,False,0,34,NGRIP/data/processed/ngrip_warming_cooling_starts.csv,1.0,0.2,5.0,5.0,True
warming,NGRIP warming starts (GI),70.6,70.8,70.69999999999999,0.20000000000000284,4.250000000000001,-0.002100750951985608,222.96125390350156,0.0051437793407340966,0.023211999999999976,40.567522526789936,2.868410683712419,164.34782608695647,0.2697967711570251,-0.962917287347799,False,0,34,NGRIP/data/processed/ngrip_warming_cooling_starts.csv,1.0,0.2,5.0,5.0,True
warming,NGRIP warming starts (GI),70.8,71.0,70.9,0.20000000000000284,4.2299999999999995,-0.013588401727402813,224.89325393139748,0.025118312836329412,0.023527,40.622158920765415,2.9230470776878974,167.4782608695654,0.21681002399777793,-0.9762138154595452,False,0,34,NGRIP/data/processed/ngrip_warming_cooling_starts.csv,1.0,0.2,5.0,5.0,True
warming,NGRIP warming starts (GI),71.0,71.2,71.1,0.20000000000000284,4.218999999999999,-0.01990660965388192,229.98098264211646,0.07771924766107396,0.023775,40.676795314740886,2.9776834716633687,170.60869565217388,0.16317623051314276,-0.9865969378604019,False,0,34,NGRIP/data/processed/ngrip_warming_cooling_starts.csv,1.0,0.2,5.0,5.0,True
warming,NGRIP warming starts (GI),71.2,71.4,71.30000000000001,0.20000000000000284,4.217,-0.021055374731423434,235.14381096053887,0.13109662120627344,0.02395400000000001,40.731431708716364,3.032319865638847,173.7391304347828,0.1090554550227866,-0.9940356672322039,False,0,34,NGRIP/data/processed/ngrip_warming_cooling_starts.csv,2.0,0.4,5.0,5.0,True
warming,NGRIP warming starts (GI),71.4,71.6,71.5,0.19999999999998863,4.215,-0.022204139808964952,236.37314271981188,0.14380641833269492,0.02406,40.786068102691836,3.0869562596143183,176.86956521739128,0.054609215192110296,-0.998507803482828,False,0,34,NGRIP/data/processed/ngrip_warming_cooling_starts.csv,2.0,0.4,5.0,5.0,True
warming,NGRIP warming starts (GI),71.6,71.8,71.69999999999999,0.20000000000000284,4.213,-0.02335290488650647,237.59355634235934,0.1564240127581998,0.02409,40.84070449666731,3.1415926535897896,179.9999999999998,3.675178358715236e-15,-1.0,False,0,34,NGRIP/data/processed/ngrip_warming_cooling_starts.csv,2.0,0.4,5.0,5.0,True
warming,NGRIP warming starts (GI),71.8,72.0,71.9,0.20000000000000284,4.211,-0.024501669964047984,238.5419915838939,0.16622968109510292,0.024039,40.89630790646537,3.1971960633878496,183.185840707965,-0.05557476235348972,-0.9984545286538357,False,0,34,NGRIP/data/processed/ngrip_warming_cooling_starts.csv,2.0,0.4,5.0,5.0,True
warming,NGRIP warming starts (GI),72.0,72.2,72.1,0.20000000000000284,4.212,-0.023927287425277482,239.3358195869324,0.1744368983867624,0.023904,40.95191131626341,3.2527994731858954,186.3716814159294,-0.11097774630139455,-0.9938228915787074,False,0,34,NGRIP/data/processed/ngrip_warming_cooling_starts.csv,2.0,0.4,5.0,5.0,True
warming,NGRIP warming starts (GI),72.2,72.4,72.30000000000001,0.20000000000000284,4.216,-0.02162975727019394,235.98072331905865,0.13974927839921195,0.02368799999999998,41.007514726061466,3.3084028829839482,189.5575221238942,-0.1660377043953651,-0.9861194048993851,False,1,34,NGRIP/data/processed/ngrip_warming_cooling_starts.csv,1.0,0.2,5.0,5.0,True
warming,NGRIP warming starts (GI),72.4,72.6,72.5,0.19999999999998863,4.220000000000001,-0.019332227115110394,232.7789136804142,0.10664645596122559,0.023395,41.06311813585951,3.364006292781994,192.74336283185858,-0.22058444946027694,-0.9753678796517273,False,0,34,NGRIP/data/processed/ngrip_warming_cooling_starts.csv,1.0,0.2,5.0,5.0,True
warming,NGRIP warming starts (GI),72.6,72.8,72.69999999999999,0.20000000000000284,4.224,-0.01703469696002736,232.5362362801268,0.10413746642153901,0.023028000000000028,41.11872154565756,3.41960970258004,195.929203539823,-0.27444938063308844,-0.9616015481841292,False,0,34,NGRIP/data/processed/ngrip_warming_cooling_starts.csv,1.0,0.2,5.0,5.0,True
warming,NGRIP warming starts (GI),72.8,73.0,72.9,0.20000000000000284,4.228000000000001,-0.01473716680494382,232.19598370490422,0.10061966809720493,0.022592,41.17432495545561,3.4752131123780927,199.11504424778778,-0.327466004498425,-0.9448629614382381,False,0,34,NGRIP/data/processed/ngrip_warming_cooling_starts.csv,1.0,0.2,5.0,5.0,True
warming,NGRIP warming starts (GI),73.0,73.2,73.1,0.20000000000000284,4.210000000000002,-0.025076052502817976,231.37859657976378,0.09216887810018447,0.022091,41.229928365253656,3.5308165221761385,202.30088495575217,-0.3794704497101646,-0.9252038574264406,False,0,34,NGRIP/data/processed/ngrip_warming_cooling_starts.csv,1.0,0.2,5.0,5.0,True
warming,NGRIP warming starts (GI),73.2,73.4,73.30000000000001,0.20000000000000284,4.169999999999998,-0.0480513540536529,231.1708294597923,0.09002081845358414,0.021524999999999954,41.285531775051716,3.5864199319741985,205.48672566371738,-0.4303019735084312,-0.9026850013126115,False,0,34,NGRIP/data/processed/ngrip_warming_cooling_starts.csv,1.0,0.2,5.0,5.0,True
warming,NGRIP warming starts (GI),73.4,73.6,73.5,0.19999999999998863,4.130000000000001,-0.07102665560448425,231.86457843035643,0.09719334011506661,0.02089,41.34113518484976,3.6420233417722443,208.67256637168177,-0.4798034585661746,-0.8773759975905069,False,0,34,NGRIP/data/processed/ngrip_warming_cooling_starts.csv,1.0,0.2,5.0,5.0,True
warming,NGRIP warming starts (GI),73.6,73.8,73.69999999999999,0.20000000000000284,4.0900000000000025,-0.0940019571553161,232.5583274009206,0.10436586177654938,0.020185000000000054,41.39673859464781,3.69762675157029,211.85840707964616,-0.5278218986299095,-0.8493550749402263,False,0,34,NGRIP/data/processed/ngrip_warming_cooling_starts.csv,1.0,0.2,5.0,5.0,True
warming,NGRIP warming starts (GI),73.8,74.0,73.9,0.20000000000000284,4.049999999999999,-0.11697725870615103,232.2912664586517,0.10160477603136703,0.019408,41.45234200444586,3.753230161368343,215.04424778761097,-0.5742088714532296,-0.818708844427864,False,0,34,NGRIP/data/processed/ngrip_warming_cooling_starts.csv,1.0,0.2,5.0,5.0,True
warming,NGRIP warming starts (GI),74.0,74.2,74.1,0.20000000000000284,4.022000000000001,-0.13305996979173276,231.6957213093458,0.09544756259389861,0.018559,41.507945414243906,3.8088335711663888,218.23008849557536,-0.6188209975614558,-0.7855320317956771,False,0,34,NGRIP/data/processed/ngrip_warming_cooling_starts.csv,1.0,0.2,5.0,5.0,True
warming,NGRIP warming starts (GI),74.2,74.4,74.30000000000001,0.20000000000000284,4.005999999999999,-0.14225009041206693,233.8912583923857,0.11814674912225653,0.01763999999999993,41.56354882404196,3.8644369809644417,221.41592920354014,-0.6615203834294159,-0.7499271846702176,False,0,34,NGRIP/data/processed/ngrip_warming_cooling_starts.csv,1.0,0.2,5.0,5.0,True
warming,NGRIP warming starts (GI),74.4,74.6,74.5,0.19999999999998863,3.99,-0.15144021103239957,240.40515077691444,0.1854924839787787,0.016655,41.619152233840005,3.9200403907624874,224.60176991150456,-0.7021750477023835,-0.7120043555935283,False,0,34,NGRIP/data/processed/ngrip_warming_cooling_starts.csv,1.0,0.2,5.0,5.0,True
warming,NGRIP warming starts (GI),74.6,74.8,74.69999999999999,0.20000000000000284,3.974000000000001,-0.16063033165273222,241.89292761368105,0.20087428927426312,0.015608000000000075,41.67475564363805,3.9756438005605332,227.78761061946895,-0.7406593291429208,-0.6718807618570118,False,0,34,NGRIP/data/processed/ngrip_warming_cooling_starts.csv,1.0,0.2,5.0,5.0,True
warming,NGRIP warming starts (GI),74.8,75.0,74.9,0.20000000000000284,3.9579999999999997,-0.16982045227306614,242.64143839428445,0.20861298153259583,0.014504,41.7303590534361,4.031247210358586,230.97345132743374,-0.7768542750425439,-0.6296804231895125,False,0,34,NGRIP/data/processed/ngrip_warming_cooling_starts.csv,1.0,0.2,5.0,5.0,True
warming,NGRIP warming starts (GI),75.0,75.2,75.1,0.20000000000000284,3.9609999999999994,-0.16809730465675388,243.69001490934696,0.21945398899656618,0.013347,41.785962463234156,4.086850620156639,234.15929203539855,-0.8106480088977204,-0.5855337784194533,False,0,34,NGRIP/data/processed/ngrip_warming_cooling_starts.csv,1.0,0.2,5.0,5.0,True
warming,NGRIP warming starts (GI),75.2,75.4,75.30000000000001,0.20000000000000284,3.9830000000000014,-0.15546088880379463,246.31109841228658,0.2465528085971217,0.01214299999999991,41.84156587303221,4.142454029954692,237.34513274336334,-0.841936076213744,-0.5395772822958772,False,0,34,NGRIP/data/processed/ngrip_warming_cooling_starts.csv,1.0,0.2,5.0,5.0,True
warming,NGRIP warming starts (GI),75.4,75.6,75.5,0.19999999999998863,4.005,-0.14282447295083744,248.93218191522587,0.2736516281976737,0.010895,41.897169282830255,4.198057439752738,240.53097345132772,-0.8706217673675836,-0.4919529837146484,False,0,34,NGRIP/data/processed/ngrip_warming_cooling_starts.csv,1.0,0.2,5.0,5.0,True
warming,NGRIP warming starts (GI),75.6,75.8,75.69999999999999,0.20000000000000284,4.026999999999998,-0.13018805709788026,249.7344943842541,0.28194656456161954,0.009604000000000092,41.9527726926283,4.2536608495507835,243.71681415929214,-0.8966164165317971,-0.4428080866534381,False,0,34,NGRIP/data/processed/ngrip_warming_cooling_starts.csv,1.0,0.2,5.0,5.0,True
warming,NGRIP warming starts (GI),75.8,76.0,75.9,0.20000000000000284,4.049,-0.11755164124492101,248.6215640940589,0.27044021723305506,0.008273,42.008376102426354,4.309264259348836,246.90265486725693,-0.9198396757355137,-0.39229449517267634,False,0,34,NGRIP/data/processed/ngrip_warming_cooling_starts.csv,1.0,0.2,5.0,5.0,True
warming,NGRIP warming starts (GI),76.0,76.2,76.1,0.20000000000000284,4.061999999999999,-0.11008466824090091,243.28003775280374,0.2152153231955517,0.006905,42.0639795122244,4.364867669146882,250.08849557522132,-0.9402197632153995,-0.3405683438888267,False,0,34,NGRIP/data/processed/ngrip_warming_cooling_starts.csv,1.0,0.2,5.0,5.0,True
warming,NGRIP warming starts (GI),76.2,76.4,76.30000000000001,0.20000000000000284,4.066,-0.10778713808581736,239.1861087687065,0.1728890703794499,0.005500999999999898,42.11958292202245,4.420471078944935,253.27433628318613,-0.9576936852889948,-0.2877895153711889,False,1,34,NGRIP/data/processed/ngrip_warming_cooling_starts.csv,0.0,0.0,5.0,5.0,True
warming,NGRIP warming starts (GI),76.4,76.6,76.5,0.19999999999998863,4.07,-0.10548960793073382,238.5948158865066,0.16677582021864545,0.004067,42.1751863318205,4.476074488742981,256.4601769911505,-0.9722074310645554,-0.2341211459540928,False,0,34,NGRIP/data/processed/ngrip_warming_cooling_starts.csv,0.0,0.0,5.0,5.0,True
warming,NGRIP warming starts (GI),76.6,76.8,76.69999999999999,0.20000000000000284,4.074,-0.10319207777565079,237.9557426065839,0.16016857878404864,0.002608000000000104,42.23078974161855,4.531677898541034,259.6460176991153,-0.983716139385642,-0.17972912149178355,False,0,34,NGRIP/data/processed/ngrip_warming_cooling_starts.csv,0.0,0.0,5.0,5.0,True
warming,NGRIP warming starts (GI),76.8,77.0,76.9,0.20000000000000284,4.078,-0.10089454762056725,234.43672927569602,0.12378625547434485,0.00113,42.286393151416604,4.587281308339087,262.8318584070801,-0.9921842374943689,-0.1247815646148007,False,0,34,NGRIP/data/processed/ngrip_warming_cooling_starts.csv,0.0,0.0,5.0,5.0,True
warming,NGRIP warming starts (GI),77.0,77.2,77.1,0.20000000000000284,4.077,-0.10146893015933826,231.15714374960305,0.08987932483420587,-0.00036,42.34199656121465,4.642884718137132,266.01769911504454,-0.997585550984769,-0.06944831507254151,False,0,34,NGRIP/data/processed/ngrip_warming_cooling_starts.csv,0.0,0.0,5.0,5.0,True
warming,NGRIP warming starts (GI),77.2,77.4,77.30000000000001,0.20000000000000284,4.071,-0.10491522539196332,228.7384546632239,0.06487301765318257,-0.0018570000000001066,42.3975999710127,4.698488127935185,269.2035398230093,-0.9999033847063812,-0.013900404768307301,False,0,34,NGRIP/data/processed/ngrip_warming_cooling_starts.csv,0.0,0.0,5.0,5.0,True
warming,NGRIP warming starts (GI),77.4,77.6,77.5,0.19999999999998863,4.0649999999999995,-0.10836152062458838,226.3197655768451,0.03986671047216278,-0.003359,42.45320338081075,4.754091537733231,272.3893805309737,-0.9991305743680011,0.04169047089045882,False,0,34,NGRIP/data/processed/ngrip_warming_cooling_starts.csv,0.0,0.0,5.0,5.0,True
warming,NGRIP warming starts (GI),77.6,77.8,77.69999999999999,0.20000000000000284,4.059,-0.11180781585721293,225.23075359495496,0.028607649397997512,-0.0048629999999998934,42.508806790608794,4.809694947531277,275.57522123893807,-0.9952695086820973,0.09715248369288638,False,0,34,NGRIP/data/processed/ngrip_warming_cooling_starts.csv,0.0,0.0,5.0,5.0,True
warming,NGRIP warming starts (GI),77.8,78.0,77.9,0.20000000000000284,4.053,-0.11525411108983799,225.97476202772557,0.036299792848723464,-0.006367,42.56441020040685,4.86529835732933,278.7610619469029,-0.9883321219814352,0.15231420373580898,False,0,34,NGRIP/data/processed/ngrip_warming_cooling_starts.csv,0.0,0.0,5.0,5.0,True
warming,NGRIP warming starts (GI),78.0,78.2,78.1,0.20000000000000284,4.05,-0.11697725870615051,226.53433635488625,0.04208511167882662,-0.007869,42.62001361020489,4.920901767127376,281.9469026548673,-0.9783398573307427,0.20700512930374962,False,0,34,NGRIP/data/processed/ngrip_warming_cooling_starts.csv,0.0,0.0,5.0,5.0,True
warming,NGRIP warming starts (GI),78.2,78.4,78.30000000000001,0.20000000000000284,4.05,-0.11697725870615051,225.36184761292927,0.029963002304462895,-0.009365000000000106,42.67561702000295,4.976505176925436,285.1327433628325,-0.9653236002474173,0.2610562138800082,False,0,34,NGRIP/data/processed/ngrip_warming_cooling_starts.csv,0.0,0.0,5.0,5.0,True
warming,NGRIP warming starts (GI),78.4,78.6,78.5,0.19999999999998863,4.05,-0.11697725870615051,224.18935887097246,0.017840892930100934,-0.010846,42.731220429801,5.032108586723481,288.3185840707969,-0.9493235832361787,0.31430038865967386,False,0,34,NGRIP/data/processed/ngrip_warming_cooling_starts.csv,0.0,0.0,5.0,5.0,True
warming,NGRIP warming starts (GI),78.6,78.8,78.69999999999999,0.20000000000000284,4.05,-0.11697725870615051,225.45609006741415,0.030937354807897152,-0.012304999999999898,42.786823839599045,5.087711996521527,291.5044247787613,-0.9303892614326822,0.36657307894981617,False,0,34,NGRIP/data/processed/ngrip_warming_cooling_starts.csv,0.0,0.0,5.0,5.0,True
warming,NGRIP warming starts (GI),78.8,79.0,78.9,0.20000000000000284,4.05,-0.11697725870615051,226.82379391946768,0.04507775129363132,-0.013734,42.8424272493971,5.14331540631958,294.6902654867261,-0.9085791597405374,0.41771271286038103,False,0,34,NGRIP/data/processed/ngrip_warming_cooling_starts.csv,0.0,0.0,5.0,5.0,True
warming,NGRIP warming starts (GI),79.0,79.2,79.1,0.20000000000000284,4.035000000000001,-0.12559299678771216,227.87821318573123,0.05597916570785353,-0.015127,42.89803065919514,5.198918816117626,297.87610619469046,-0.883960691934194,0.46756122071363115,False,0,34,NGRIP/data/processed/ngrip_warming_cooling_starts.csv,0.0,0.0,5.0,5.0,True
warming,NGRIP warming starts (GI),79.2,79.4,79.30000000000001,0.20000000000000284,4.004999999999998,-0.14282447295083847,228.76563970224169,0.06515407793506625,-0.016479000000000094,42.953634068993196,5.254522225915679,301.0619469026553,-0.8566099522868083,0.5159645236285069,False,0,34,NGRIP/data/processed/ngrip_warming_cooling_starts.csv,0.0,0.0,5.0,5.0,True
warming,NGRIP warming starts (GI),79.4,79.6,79.5,0.19999999999998863,3.9749999999999996,-0.16005594911396223,230.3076983892693,0.08109709162629893,-0.017789,43.00923747879124,5.3101256357137245,304.24778761061964,-0.82661148036723,0.5627730097695665,False,0,34,NGRIP/data/processed/ngrip_warming_cooling_starts.csv,0.0,0.0,5.0,5.0,True
warming,NGRIP warming starts (GI),79.6,79.8,79.69999999999999,0.20000000000000284,3.9450000000000016,-0.17728742527708574,232.65575426757695,0.10537313723374361,-0.01905499999999991,43.06484088858929,5.36572904551177,307.43362831858406,-0.7940579997330165,0.6078419967886397,False,0,34,NGRIP/data/processed/ngrip_warming_cooling_starts.csv,1.0,0.2,5.0,5.0,True
warming,NGRIP warming starts (GI),79.8,80.0,79.9,0.20000000000000284,3.914999999999999,-0.1945189014402118,234.53913086497826,0.12484496352071472,-0.020275,43.12044429838735,5.42133245530983,310.61946902654927,-0.7590501313272349,0.6510321790296602,False,0,34,NGRIP/data/processed/ngrip_warming_cooling_starts.csv,1.0,0.2,5.0,5.0,True
warming,NGRIP warming starts (GI),80.0,80.2,80.1,0.20000000000000284,3.8920000000000003,-0.20772969983194,232.7087919864577,0.10592148282226163,-0.021445,43.17604770818539,5.476935865107876,313.8053097345137,-0.7216960824649257,0.6922100581144276,False,0,34,NGRIP/data/processed/ngrip_warming_cooling_starts.csv,2.0,0.4,5.0,5.0,True
warming,NGRIP warming starts (GI),80.2,80.4,80.30000000000001,0.20000000000000284,3.875999999999999,-0.21691982045227393,230.87845310793685,0.0869980021238056,-0.022561000000000078,43.231651117983446,5.532539274905929,316.99115044247844,-0.682111312370435,0.7312483555785154,False,0,34,NGRIP/data/processed/ngrip_warming_cooling_starts.csv,2.0,0.4,5.0,5.0,True
warming,NGRIP warming starts (GI),80.4,80.6,80.5,0.19999999999998863,3.86,-0.22610994107260657,232.04048287100647,0.09901197836095464,-0.02362,43.28725452778149,5.588142684703975,320.17699115044286,-0.6404181752996239,0.7680264062816462,False,0,34,NGRIP/data/processed/ngrip_warming_cooling_starts.csv,2.0,0.4,5.0,5.0,True
warming,NGRIP warming starts (GI),80.6,80.8,80.69999999999999,0.20000000000000284,3.8440000000000007,-0.2353000616929392,233.7381005369877,0.11656328293768678,-0.02461699999999993,43.34285793757954,5.643746094502021,323.3628318584072,-0.5967455423498367,0.8024305313767661,False,0,34,NGRIP/data/processed/ngrip_warming_cooling_starts.csv,2.0,0.4,5.0,5.0,True
warming,NGRIP warming starts (GI),80.8,81.0,80.9,0.20000000000000284,3.8279999999999994,-0.24449018231327313,232.60301240165063,0.10482785040540292,-0.025549,43.39846134737759,5.6993495043000735,326.54867256637203,-0.5512284031267384,0.8343543896848306,False,0,34,NGRIP/data/processed/ngrip_warming_cooling_starts.csv,2.0,0.4,5.0,5.0,True
warming,NGRIP warming starts (GI),81.0,81.2,81.1,0.20000000000000284,3.818,-0.250234007700981,231.12164541563277,0.08951231518064007,-0.02641,43.45406475717564,5.754952914098119,329.73451327433645,-0.5040074484991978,0.863699306389283,False,0,34,NGRIP/data/processed/ngrip_warming_cooling_starts.csv,2.0,0.4,5.0,5.0,True
warming,NGRIP warming starts (GI),81.2,81.4,81.30000000000001,0.20000000000000284,3.8139999999999996,-0.2525315378560645,231.03133760325562,0.08857864209720549,-0.02719700000000005,43.50966816697369,5.810556323896172,332.9203539823012,-0.45522863573183353,0.8903745780342864,False,0,34,NGRIP/data/processed/ngrip_warming_cooling_starts.csv,2.0,0.4,5.0,5.0,True
warming,NGRIP warming starts (GI),81.4,81.6,81.5,0.19999999999998863,3.8099999999999996,-0.2548290680111478,232.53964726584837,0.10417273187058924,-0.027907,43.56527157677174,5.866159733694225,336.106194690266,-0.4050427373395155,0.9142977528838798,False,0,34,NGRIP/data/processed/ngrip_warming_cooling_starts.csv,2.0,0.4,5.0,5.0,True
warming,NGRIP warming starts (GI),81.6,81.8,81.69999999999999,0.20000000000000284,3.806,-0.25712659816623085,234.0479569284411,0.11976682164397272,-0.02853399999999996,43.62087498656979,5.921763143492271,339.29203539823044,-0.35360487505814386,0.9353948857755822,False,0,34,NGRIP/data/processed/ngrip_warming_cooling_starts.csv,2.0,0.4,5.0,5.0,True
warming,NGRIP warming starts (GI),81.8,82.0,81.9,0.20000000000000284,3.8019999999999996,-0.2594241283213144,236.64314523814514,0.14659791640126185,-0.029079,43.67647839636784,5.977366553290324,342.47787610619525,-0.3010740403722331,0.9536007666806581,False,0,34,NGRIP/data/processed/ngrip_warming_cooling_starts.csv,2.0,0.4,5.0,5.0,True
warming,NGRIP warming starts (GI),82.0,82.2,82.1,0.20000000000000284,3.8029999999999995,-0.2588497457825436,239.02418183884302,0.17121494261666742,-0.029538,43.73208180616589,6.0329699630883695,345.6637168141596,-0.24761260308139094,0.9688591222645621,False,0,34,NGRIP/data/processed/ngrip_warming_cooling_starts.csv,2.0,0.4,5.0,5.0,True
warming,NGRIP warming starts (GI),82.2,82.4,82.30000000000001,0.20000000000000284,3.809,-0.2554034505499183,239.89068754101763,0.18017355903607846,-0.029912000000000022,43.78768521596394,6.088573372886422,348.8495575221244,-0.19338580942451916,0.9811227898246089,False,0,34,NGRIP/data/processed/ngrip_warming_cooling_starts.csv,2.0,0.4,5.0,5.0,True
warming,NGRIP warming starts (GI),82.4,82.6,82.5,0.19999999999998863,3.815,-0.2519571553172935,240.75719324319212,0.18913217545548833,-0.030199,43.843288625761986,6.144176782684468,352.0353982300888,-0.13856127131321372,0.9903538630671695,False,0,34,NGRIP/data/processed/ngrip_warming_cooling_starts.csv,2.0,0.4,5.0,5.0,True
warming,NGRIP warming starts (GI),82.6,82.8,82.69999999999999,0.20000000000000284,3.8209999999999997,-0.2485108600846687,242.91891331345093,0.21148173514908233,-0.030397999999999988,43.89889203556003,6.199780192482514,355.2212389380532,-0.0833084482529031,0.9965238092738644,False,0,34,NGRIP/data/processed/ngrip_warming_cooling_starts.csv,2.0,0.4,5.0,5.0,True
warming,NGRIP warming starts (GI),82.8,83.0,82.9,0.20000000000000284,3.8270000000000004,-0.24506456485204337,245.2803502117933,0.23589612424981332,-0.030507,43.954495445358084,6.255383602280567,358.407079646018,-0.02779812355324891,0.9996135574945542,False,0,34,NGRIP/data/processed/ngrip_warming_cooling_starts.csv,2.0,0.4,5.0,5.0,True
warming,NGRIP warming starts (GI),83.0,83.2,83.1,0.20000000000000284,3.829,-0.24391579977450187,246.47607735623066,0.24825849047822798,-0.030523,44.009615347244846,0.027318196987742738,1.5652173913046576,0.027314799259491276,0.9996268812619105,False,0,34,NGRIP/data/processed/ngrip_warming_cooling_starts.csv,2.0,0.4,5.0,5.0,True
warming,NGRIP warming starts (GI),83.2,83.4,83.30000000000001,0.20000000000000284,3.827,-0.24506456485204361,246.7510274345646,0.2511011403074203,-0.03044499999999999,44.064251741220325,0.08195459096322111,4.695652173913565,0.08186287968182218,0.9966436017605288,False,0,34,NGRIP/data/processed/ngrip_warming_cooling_starts.csv,2.0,0.4,5.0,5.0,True
warming,NGRIP warming starts (GI),83.4,83.6,83.5,0.19999999999998863,3.825,-0.24621332992958514,247.0259775128985,0.25394379013661206,-0.030273,44.118888135195796,0.13659098493869237,7.826086956522067,0.13616664909625226,0.99068594603633,False,0,34,NGRIP/data/processed/ngrip_warming_cooling_starts.csv,2.0,0.4,5.0,5.0,True
warming,NGRIP warming starts (GI),83.6,83.8,83.69999999999999,0.20000000000000284,3.823,-0.24736209500712691,248.49105528316142,0.26909091465691526,-0.030009000000000022,44.17352452917127,0.19122737891416364,10.956521739130567,0.19006404371160954,0.9817716940755582,False,0,34,NGRIP/data/processed/ngrip_warming_cooling_starts.csv,2.0,0.4,5.0,5.0,True
warming,NGRIP warming starts (GI),83.8,84.0,83.9,0.20000000000000284,3.8209999999999997,-0.2485108600846687,250.39757074256448,0.2888019686702997,-0.029656,44.228160923146746,0.245863772889642,14.086956521739475,0.2433942125188416,0.9699274495096698,False,0,34,NGRIP/data/processed/ngrip_warming_cooling_starts.csv,2.0,0.4,5.0,5.0,True
warming,NGRIP warming starts (GI),84.0,84.2,84.1,0.20000000000000284,3.8329999999999993,-0.24161826961941907,247.87436824382456,0.2627151197574977,-0.029215,44.28279731712222,0.30050016686511327,17.217391304347977,0.29599799733362586,0.9551885602196473,False,0,34,NGRIP/data/processed/ngrip_warming_cooling_starts.csv,2.0,0.4,5.0,5.0,True
warming,NGRIP warming starts (GI),84.2,84.4,84.30000000000001,0.20000000000000284,3.8590000000000013,-0.22668432361137655,244.2124136112824,0.22485495701892633,-0.02868799999999996,44.337433711097695,0.35513656084059164,20.347826086956886,0.3477184077869947,0.9375990128440181,False,0,34,NGRIP/data/processed/ngrip_warming_cooling_starts.csv,2.0,0.4,5.0,5.0,True
warming,NGRIP warming starts (GI),84.4,84.6,84.5,0.19999999999998863,3.885,-0.2117503776033361,241.99489436996646,0.20192850167563572,-0.028072,44.39207010507317,0.4097729548160629,23.478260869565386,0.3984010898462441,0.9172113015054518,False,0,34,NGRIP/data/processed/ngrip_warming_cooling_starts.csv,2.0,0.4,5.0,5.0,True
warming,NGRIP warming starts (GI),84.6,84.8,84.69999999999999,0.20000000000000284,3.9109999999999987,-0.19681643159529535,240.35934292654082,0.18501888644853148,-0.027366000000000053,44.44670649904864,0.46440934879153417,26.608695652173886,0.4478947864680815,0.8940862711476514,False,1,34,NGRIP/data/processed/ngrip_warming_cooling_starts.csv,1.0,0.2,5.0,5.0,True
warming,NGRIP warming starts (GI),84.8,85.0,84.9,0.20000000000000284,3.9370000000000007,-0.18188248558725284,238.72379148311492,0.1681092712214246,-0.02657,44.50134289302412,0.5190457427670196,29.739130434783203,0.49605178900907704,0.8682929359501286,False,0,34,NGRIP/data/processed/ngrip_warming_cooling_starts.csv,2.0,0.4,5.0,5.0,True
warming,NGRIP warming starts (GI),85.0,85.2,85.1,0.20000000000000284,3.9609999999999994,-0.16809730465675388,237.0068188468764,0.1503578597626384,-0.025683,44.555979286999595,0.5736821367424909,32.8695652173917,0.5427283780462675,0.8399082733627927,False,1,34,NGRIP/data/processed/ngrip_warming_cooling_starts.csv,1.0,0.2,5.0,5.0,True
warming,NGRIP warming starts (GI),85.2,85.4,85.30000000000001,0.20000000000000284,3.9830000000000014,-0.15546088880379463,235.2715054797805,0.1324168274252007,-0.024706999999999927,44.61061568097507,0.6283185307179693,36.00000000000061,0.5877852522924817,0.8090169943749411,False,0,34,NGRIP/data/processed/ngrip_warming_cooling_starts.csv,1.0,0.2,5.0,5.0,True
warming,NGRIP warming starts (GI),85.4,85.6,85.5,0.19999999999998863,4.005,-0.14282447295083744,233.1858156233478,0.11085332778896635,-0.023647,44.665252074950544,0.6829549246934405,39.130434782609115,0.6310879443260584,0.7757112907044152,False,0,34,NGRIP/data/processed/ngrip_warming_cooling_starts.csv,1.0,0.2,5.0,5.0,True
warming,NGRIP warming starts (GI),85.6,85.8,85.69999999999999,0.20000000000000284,4.026999999999998,-0.13018805709788026,230.92175446051618,0.08744568551149294,-0.022507000000000082,44.719888468926015,0.7375913186689118,42.26086956521761,0.6725072218945302,0.7400905596612494,False,0,34,NGRIP/data/processed/ngrip_warming_cooling_starts.csv,1.0,0.2,5.0,5.0,True
warming,NGRIP warming starts (GI),85.8,86.0,85.9,0.20000000000000284,4.049,-0.11755164124492101,228.68055841731615,0.06427444079683896,-0.021293,44.774524862901494,0.7922277126443902,45.39130434782652,0.711919473594439,0.7022611075070417,False,0,34,NGRIP/data/processed/ngrip_warming_cooling_starts.csv,1.0,0.2,5.0,5.0,True
warming,NGRIP warming starts (GI),86.0,86.2,86.1,0.20000000000000284,4.071999999999999,-0.10434084285319281,226.9078944204883,0.045947248317636226,-0.020009,44.829161256876965,0.8468641066198614,48.52173913043502,0.7492070777763338,0.6623358321953046,False,0,34,NGRIP/data/processed/ngrip_warming_cooling_starts.csv,1.0,0.2,5.0,5.0,True
warming,NGRIP warming starts (GI),86.2,86.4,86.30000000000001,0.20000000000000284,4.096000000000001,-0.09055566192269207,225.1352304236602,0.027620055838430847,-0.018658999999999898,44.88379765085244,0.9015005005953398,51.65217391304393,0.7842587535740362,0.6204338864395619,False,0,34,NGRIP/data/processed/ngrip_warming_cooling_starts.csv,1.0,0.2,5.0,5.0,True
warming,NGRIP warming starts (GI),86.4,86.6,86.5,0.19999999999998863,4.119999999999999,-0.07677048099219336,223.3700672487091,0.009370412746214642,-0.017245,44.938434044827915,0.9561368945708111,54.78260869565243,0.8169698930104445,0.5766803221148635,False,0,34,NGRIP/data/processed/ngrip_warming_cooling_starts.csv,1.0,0.2,5.0,5.0,True
warming,NGRIP warming starts (GI),86.6,86.8,86.69999999999999,0.20000000000000284,4.143999999999998,-0.06298530006169414,222.49277431786925,0.00030026948560936076,-0.015772000000000105,44.993070438803386,1.0107732885462823,57.91304347826093,0.8472428731888841,0.5312057170538025,False,0,34,NGRIP/data/processed/ngrip_warming_cooling_starts.csv,1.0,0.2,5.0,5.0,True
warming,NGRIP warming starts (GI),86.8,87.0,86.9,0.20000000000000284,4.168,-0.0492001191311934,221.6154813870293,-0.008769873774997095,-0.014242,45.047706832778864,1.0654096825217607,61.04347826086984,0.8749873476381849,0.4841457853509563,False,0,34,NGRIP/data/processed/ngrip_warming_cooling_starts.csv,1.0,0.2,5.0,5.0,True
warming,NGRIP warming starts (GI),87.0,87.2,87.1,0.20000000000000284,4.173,-0.04632820643733935,221.39212329784283,-0.011079125104991117,-0.012658,45.102343226754336,1.120046076497232,64.17391304347834,0.9001205159420516,0.43564097233870797,False,0,34,NGRIP/data/processed/ngrip_warming_cooling_starts.csv,1.0,0.2,5.0,5.0,True
warming,NGRIP warming starts (GI),87.2,87.4,87.30000000000001,0.20000000000000284,4.158999999999999,-0.054369561980131494,222.32217888740982,-0.0014634800437415372,-0.011023999999999883,45.156979620729814,1.1746824704727103,67.30434782608725,0.9225673708480737,0.3858360354431307,False,0,34,NGRIP/data/processed/ngrip_warming_cooling_starts.csv,1.0,0.2,5.0,5.0,True
warming,NGRIP warming starts (GI),87.4,87.6,87.5,0.19999999999998863,4.145,-0.06241091752292262,223.2522344769767,0.008152165017506867,-0.009342,45.211616014705285,1.2293188644481816,70.43478260869576,0.9422609221188211,0.3348796121709846,False,0,34,NGRIP/data/processed/ngrip_warming_cooling_starts.csv,1.0,0.2,5.0,5.0,True
warming,NGRIP warming starts (GI),87.6,87.8,87.69999999999999,0.20000000000000284,4.131000000000001,-0.07045227306571324,222.38185977194317,-0.0008464521918028255,-0.007618000000000123,45.26625240868076,1.2839552584236529,73.56521739130424,0.9591423964570627,0.2829237765169317,False,0,34,NGRIP/data/processed/ngrip_warming_cooling_starts.csv,1.0,0.2,5.0,5.0,True
warming,NGRIP warming starts (GI),87.8,88.0,87.9,0.20000000000000284,4.117,-0.07849362860850538,220.28139811761093,-0.022562674275073375,-0.005855,45.320888802656235,1.3385916523991312,76.69565217391316,0.9731614129083759,0.2301235851149845,False,0,34,NGRIP/data/processed/ngrip_warming_cooling_starts.csv,1.0,0.2,5.0,5.0,True
warming,NGRIP warming starts (GI),88.0,88.2,88.1,0.20000000000000284,4.107,-0.08423745399621348,218.18093646327898,-0.04427889635834099,-0.004062,45.375525196631706,1.3932280463746025,79.82608695652166,0.9842761332177112,0.1766366144885888,False,0,34,NGRIP/data/processed/ngrip_warming_cooling_starts.csv,1.0,0.2,5.0,5.0,True
warming,NGRIP warming starts (GI),88.2,88.4,88.30000000000001,0.20000000000000284,4.101,-0.08768374922883854,219.59569940971548,-0.02965196599918406,-0.00224499999999987,45.430161590607185,1.4478644403500809,82.95652173913057,0.9924533866912019,0.12262249078029626,False,0,34,NGRIP/data/processed/ngrip_warming_cooling_starts.csv,1.0,0.2,5.0,5.0,True
warming,NGRIP warming starts (GI),88.4,88.6,88.5,0.19999999999998863,4.095000000000001,-0.09113004446146308,221.7868072838516,-0.006998572110748625,-0.000411,45.484797984582656,1.5025008343255521,86.08695652173907,0.9976687691905392,0.06824241336467211,False,0,34,NGRIP/data/processed/ngrip_warming_cooling_starts.csv,1.0,0.2,5.0,5.0,True
warming,NGRIP warming starts (GI),88.6,88.8,88.69999999999999,0.20000000000000284,4.089,-0.09457633969408814,223.97791515798775,0.0156548217776871,0.0014359999999998686,45.53943437855813,1.5571372283010234,89.21739130434757,0.999906715964522,0.013658673765955642,False,0,34,NGRIP/data/processed/ngrip_warming_cooling_starts.csv,1.0,0.2,5.0,5.0,True
warming,NGRIP warming starts (GI),88.8,89.0,88.9,0.20000000000000284,4.083,-0.0980226349267132,225.22957687734606,0.028595483567275752,0.00329,45.59407077253361,1.6117736222765089,92.34782608695689,0.9991605481003862,-0.04096582868362052,False,0,34,NGRIP/data/processed/ngrip_warming_cooling_starts.csv,1.0,0.2,5.0,5.0,True
warming,NGRIP warming starts (GI),89.0,89.2,89.1,0.20000000000000284,4.078,-0.10089454762056725,226.4762823730221,0.04148490402429502,0.005149,45.648707166509084,1.6664100162519802,95.47826086956539,0.9954324924563085,-0.09546807299941296,False,0,34,NGRIP/data/processed/ngrip_warming_cooling_starts.csv,1.0,0.2,5.0,5.0,True
warming,NGRIP warming starts (GI),89.2,89.4,89.30000000000001,0.20000000000000284,4.074,-0.10319207777565079,227.5620210012496,0.05271012259771862,0.007008000000000132,45.70334356048456,1.7210464102274585,98.60869565217429,0.9887336750155838,-0.14968540306315076,False,0,34,NGRIP/data/processed/ngrip_warming_cooling_starts.csv,1.0,0.2,5.0,5.0,True
warming,NGRIP warming starts (GI),89.4,89.6,89.5,0.19999999999998863,4.07,-0.10548960793073382,228.22639935906048,0.0595789877997003,0.008862,45.75797995446003,1.7756828042029298,101.7391304347828,0.9790840876823222,-0.20345601305263689,False,0,34,NGRIP/data/processed/ngrip_warming_cooling_starts.csv,1.0,0.2,5.0,5.0,True
warming,NGRIP warming starts (GI),89.6,89.8,89.69999999999999,0.20000000000000284,4.066,-0.10778713808581736,228.88352233697188,0.06637284118660287,0.01070299999999987,45.812616348435505,1.830319198178401,104.8695652173913,0.9665125286177448,-0.2566194303339734,False,0,34,NGRIP/data/processed/ngrip_warming_cooling_starts.csv,1.0,0.2,5.0,5.0,True
warming,NGRIP warming starts (GI),89.8,90.0,89.9,0.20000000000000284,4.061999999999999,-0.11008466824090091,229.16016818861948,0.06923302325200922,0.012523,45.86725274241098,1.8849555921538794,108.0000000000002,0.9510565162951525,-0.3090169943749507,False,1,34,NGRIP/data/processed/ngrip_warming_cooling_starts.csv,0.0,0.0,5.0,5.0,True
warming,NGRIP warming starts (GI),90.0,90.2,90.1,0.20000000000000284,4.0569999999999995,-0.11295658093475495,229.43681404026702,0.07209320531741499,0.014313,45.921889136386454,1.9395919861293507,111.1304347826087,0.9327621775300636,-0.36049233025041477,False,0,34,NGRIP/data/processed/ngrip_warming_cooling_starts.csv,0.0,0.0,5.0,5.0,True
warming,NGRIP warming starts (GI),90.2,90.4,90.30000000000001,0.20000000000000284,4.050999999999999,-0.11640287616738001,229.7134598919146,0.07495338738282104,0.016067000000000123,45.97652553036193,1.994228380104829,114.26086956521762,0.9116841098196519,-0.4108918153265516,False,0,34,NGRIP/data/processed/ngrip_warming_cooling_starts.csv,0.0,0.0,5.0,5.0,True
warming,NGRIP warming starts (GI),90.4,90.6,90.5,0.19999999999998863,4.045,-0.11984917140000456,230.38135911650815,0.08185865407055257,0.017783,46.031161924337404,2.0488647740803003,117.39130434782611,0.8878852184023751,-0.4600650377311525,False,0,34,NGRIP/data/processed/ngrip_warming_cooling_starts.csv,0.0,0.0,5.0,5.0,True
warming,NGRIP warming starts (GI),90.6,90.8,90.69999999999999,0.20000000000000284,4.039000000000001,-0.12329546663262911,231.08629235110539,0.08914680743665558,0.01945699999999988,46.085798318312875,2.1035011680557716,120.52173913043461,0.8614365285240015,-0.5078652452418034,False,0,34,NGRIP/data/processed/ngrip_warming_cooling_starts.csv,0.0,0.0,5.0,5.0,True
warming,NGRIP warming starts (GI),90.8,91.0,90.9,0.20000000000000284,4.033,-0.12674176186525418,231.51136128545897,0.09354150388830604,0.021088,46.140434712288354,2.15813756203125,123.65217391304353,0.8324169734703678,-0.5541497832521753,False,0,34,NGRIP/data/processed/ngrip_warming_cooling_starts.csv,0.0,0.0,5.0,5.0,True
warming,NGRIP warming starts (GI),91.0,91.2,91.1,0.20000000000000284,4.025,-0.13133682217542075,231.36802809513043,0.09205961280657239,0.022671,46.195071106263825,2.212773956006721,126.78260869565203,0.8009131589994434,-0.5987805205094204,False,0,34,NGRIP/data/processed/ngrip_warming_cooling_starts.csv,0.0,0.0,5.0,5.0,True
warming,NGRIP warming starts (GI),91.2,91.4,91.30000000000001,0.20000000000000284,4.015,-0.13708064756312935,231.22469490480182,0.09057772172483816,0.024202000000000105,46.2497075002393,2.2674103499821996,129.91304347826093,0.7670191048756821,-0.6416242613521619,False,0,34,NGRIP/data/processed/ngrip_warming_cooling_starts.csv,0.0,0.0,5.0,5.0,True
warming,NGRIP warming starts (GI),91.4,91.6,91.5,0.19999999999998863,4.005,-0.14282447295083744,231.40622722351654,0.0924545453937535,0.025673,46.304343894214774,2.322046743957671,133.04347826086942,0.7308359642781257,-0.6825531432186523,False,0,34,NGRIP/data/processed/ngrip_warming_cooling_starts.csv,0.0,0.0,5.0,5.0,True
warming,NGRIP warming starts (GI),91.6,91.8,91.69999999999999,0.20000000000000284,3.9950000000000006,-0.1485682983385453,232.4448822049319,0.10319297625146036,0.0270749999999999,46.358980288190246,2.376683137933142,136.17391304347794,0.6924717219195299,-0.7214450182389517,False,0,34,NGRIP/data/processed/ngrip_warming_cooling_starts.csv,0.0,0.0,5.0,5.0,True
warming,NGRIP warming starts (GI),91.8,92.0,91.9,0.20000000000000284,3.985,-0.15431212372625389,233.48353718634743,0.11393140710916896,0.028403,46.413616682165724,2.4313195319086205,139.30434782608685,0.652040871777552,-0.7581838177721615,False,0,34,NGRIP/data/processed/ngrip_warming_cooling_starts.csv,0.0,0.0,5.0,5.0,True
warming,NGRIP warming starts (GI),92.0,92.2,92.1,0.20000000000000284,3.9720000000000004,-0.16177909673027424,233.47270614226784,0.11381942726981267,0.029649,46.468253076141195,2.4859559258840918,142.43478260869534,0.6096640753997389,-0.7926598988008549,False,0,34,NGRIP/data/processed/ngrip_warming_cooling_starts.csv,0.0,0.0,5.0,5.0,True
warming,NGRIP warming starts (GI),92.2,92.4,92.30000000000001,0.20000000000000284,3.955999999999999,-0.17096921735060816,233.11448629771928,0.11011586920541934,0.030811000000000078,46.522889470116674,2.54059231985957,145.56521739130426,0.5654678018020074,-0.8247703711489676,False,0,34,NGRIP/data/processed/ngrip_warming_cooling_starts.csv,0.0,0.0,5.0,5.0,True
warming,NGRIP warming starts (GI),92.4,92.6,92.5,0.19999999999998863,3.94,-0.1801593379709408,232.75626645317078,0.10641231114102659,0.031886,46.577525864092145,2.5952287138350414,148.69565217391275,0.519583950035438,-0.8544194045464859,False,0,34,NGRIP/data/processed/ngrip_warming_cooling_starts.csv,0.0,0.0,5.0,5.0,True
warming,NGRIP warming starts (GI),92.6,92.8,92.69999999999999,0.20000000000000284,3.924000000000001,-0.18934945859127345,232.57067418448466,0.1044935125210122,0.03287099999999993,46.632162258067616,2.6498651078105127,151.82608695652127,0.4721494555476261,-0.8815185146246676,False,0,34,NGRIP/data/processed/ngrip_warming_cooling_starts.csv,0.0,0.0,5.0,5.0,True
warming,NGRIP warming starts (GI),92.8,93.0,92.9,0.20000000000000284,3.9079999999999995,-0.19853957921160736,233.28525835368603,0.11188144482796963,0.033763,46.6867986520431,2.704501501785998,154.95652173913058,0.4233058815134958,-0.9059868269881645,False,0,34,NGRIP/data/processed/ngrip_warming_cooling_starts.csv,0.0,0.0,5.0,5.0,True
warming,NGRIP warming starts (GI),93.0,93.2,93.1,0.20000000000000284,3.894,-0.20658093475439848,233.99984252288732,0.1192693771349262,0.03456,46.74143504601857,2.7591378957614694,158.08695652173907,0.3731989963551925,-0.927751318575984,False,0,34,NGRIP/data/processed/ngrip_warming_cooling_starts.csv,0.0,0.0,5.0,5.0,True
warming,NGRIP warming starts (GI),93.2,93.4,93.30000000000001,0.20000000000000284,3.8819999999999992,-0.21347352521964885,234.7144266920887,0.12665730944188364,0.03525700000000004,46.79607143999405,2.8137742897369478,161.21739130434798,0.3219783387117359,-0.9467470355910446,False,0,34,NGRIP/data/processed/ngrip_warming_cooling_starts.csv,0.0,0.0,5.0,5.0,True
warming,NGRIP warming starts (GI),93.4,93.6,93.5,0.19999999999998863,3.87,-0.22036611568489822,235.73569899458687,0.13721602451425863,0.035852,46.85070783396952,2.868410683712419,164.34782608695647,0.2697967711570251,-0.962917287347799,False,0,34,NGRIP/data/processed/ngrip_warming_cooling_starts.csv,0.0,0.0,5.0,5.0,True
warming,NGRIP warming starts (GI),93.6,93.8,93.69999999999999,0.20000000000000284,3.8580000000000005,-0.22725870615014782,237.26496374271156,0.1530267644179825,0.036342999999999966,46.905344227944994,2.9230470776878903,167.478260869565,0.21681002399778487,-0.9762138154595437,False,0,34,NGRIP/data/processed/ngrip_warming_cooling_starts.csv,0.0,0.0,5.0,5.0,True
warming,NGRIP warming starts (GI),93.8,94.0,93.9,0.20000000000000284,3.8459999999999996,-0.2341512966153982,238.63971461076554,0.16724001848917872,0.036725,46.95998062192047,2.9776834716633687,170.60869565217388,0.16317623051314276,-0.9865969378604019,False,0,34,NGRIP/data/processed/ngrip_warming_cooling_starts.csv,0.0,0.0,5.0,5.0,True
warming,NGRIP warming starts (GI),94.0,94.2,94.1,0.20000000000000284,3.833,-0.24161826961941857,239.76652784606657,0.17888989860657847,0.036998,47.01461701589594,3.03231986563884,173.7391304347824,0.10905545502279367,-0.9940356672322032,False,0,34,NGRIP/data/processed/ngrip_warming_cooling_starts.csv,0.0,0.0,5.0,5.0,True
warming,NGRIP warming starts (GI),94.2,94.4,94.30000000000001,0.20000000000000284,3.818999999999999,-0.2496596251622107,240.89334108136774,0.1905397787239797,0.037158000000000004,47.06925340987142,3.0869562596143183,176.86956521739128,0.054609215192110296,-0.998507803482828,False,0,34,NGRIP/data/processed/ngrip_warming_cooling_starts.csv,0.0,0.0,5.0,5.0,True
warming,NGRIP warming starts (GI),94.4,94.6,94.5,0.19999999999998863,3.8049999999999997,-0.25770098070500186,242.02015431666874,0.20218965884137918,0.037204,47.12388980384689,3.1415926535897896,179.9999999999998,3.675178358715236e-15,-1.0,False,0,34,NGRIP/data/processed/ngrip_warming_cooling_starts.csv,0.0,0.0,5.0,5.0,True
warming,NGRIP warming starts (GI),94.6,94.8,94.69999999999999,0.20000000000000284,3.791000000000001,-0.2657423362477927,242.50664404045884,0.2072193716482114,0.03713700000000001,47.1810096702758,3.198712520018695,183.27272727272708,-0.057088810862764634,-0.9983691039261359,False,0,34,NGRIP/data/processed/ngrip_warming_cooling_starts.csv,0.0,0.0,5.0,5.0,True
warming,NGRIP warming starts (GI),94.8,95.0,94.9,0.20000000000000284,3.7769999999999997,-0.27378369179058487,242.65922312909893,0.20879685408753004,0.036956,47.238129536704704,3.255832386447601,186.5454545454544,-0.11399140989053762,-0.9934817353485506,False,0,34,NGRIP/data/processed/ngrip_warming_cooling_starts.csv,0.0,0.0,5.0,5.0,True
warming,NGRIP warming starts (GI),95.0,95.2,95.1,0.20000000000000284,3.7680000000000002,-0.2789531346395219,242.81180221773897,0.21037433652684812,0.036664,47.29524940313361,3.3129522528765065,189.81818181818167,-0.1705221926326211,-0.9853538358476934,False,0,34,NGRIP/data/processed/ngrip_warming_cooling_starts.csv,0.0,0.0,5.0,5.0,True
warming,NGRIP warming starts (GI),95.2,95.4,95.30000000000001,0.20000000000000284,3.764,-0.2812506647946055,243.22873819624638,0.21468494809411862,0.03626099999999997,47.352369269562516,3.370072119305412,193.09090909090895,-0.22649676742576205,-0.974011916942334,False,0,34,NGRIP/data/processed/ngrip_warming_cooling_starts.csv,0.0,0.0,5.0,5.0,True
warming,NGRIP warming starts (GI),95.4,95.6,95.5,0.19999999999998863,3.76,-0.28354819494968875,244.18378484967212,0.2245589703991205,0.035745,47.40948913599142,3.427191985734318,196.36363636363626,-0.28173255684142773,-0.9594929736144979,False,0,34,NGRIP/data/processed/ngrip_warming_cooling_starts.csv,0.0,0.0,5.0,5.0,True
warming,NGRIP warming starts (GI),95.6,95.8,95.69999999999999,0.20000000000000284,3.7560000000000002,-0.2858457251047718,245.13883150309786,0.2344329927041224,0.03511500000000005,47.46660900242032,3.4843118521632164,199.63636363636314,-0.33604939321542177,-0.9418443636395277,False,0,34,NGRIP/data/processed/ngrip_warming_cooling_starts.csv,0.0,0.0,5.0,5.0,True
warming,NGRIP warming starts (GI),95.8,96.0,95.9,0.20000000000000284,3.752,-0.28814325525985535,246.09387815652374,0.24430701500912577,0.034368,47.52372886884923,3.541431718592129,202.90909090909082,-0.3892701063173902,-0.9211236531148507,False,0,34,NGRIP/data/processed/ngrip_warming_cooling_starts.csv,0.0,0.0,5.0,5.0,True
warming,NGRIP warming starts (GI),96.0,96.2,96.1,0.20000000000000284,3.7579999999999996,-0.28469696002723055,246.05719441736213,0.2439277497057886,0.033502,47.58084873527813,3.5985515850210277,206.18181818181773,-0.4412211012432139,-0.897398428691362,False,0,34,NGRIP/data/processed/ngrip_warming_cooling_starts.csv,0.0,0.0,5.0,5.0,True
warming,NGRIP warming starts (GI),96.2,96.4,96.30000000000001,0.20000000000000284,3.774000000000001,-0.27550683940689663,245.90116333759119,0.24231457787129707,0.03251799999999992,47.637968601707044,3.6556714514499404,209.4545454545454,-0.4917329246456031,-0.8707460771197776,False,0,34,NGRIP/data/processed/ngrip_warming_cooling_starts.csv,0.0,0.0,5.0,5.0,True
warming,NGRIP warming starts (GI),96.4,96.6,96.5,0.19999999999998863,3.79,-0.266316718786564,245.6570993733425,0.23979125294450482,0.031425,47.69508846813595,3.712791317878846,212.72727272727272,-0.5406408174555972,-0.8412535328311814,False,0,34,NGRIP/data/processed/ngrip_warming_cooling_starts.csv,0.0,0.0,5.0,5.0,True
warming,NGRIP warming starts (GI),96.6,96.8,96.69999999999999,0.20000000000000284,3.805999999999999,-0.25712659816623135,244.80016023100845,0.2309315431333824,0.030228000000000088,47.75220833456485,3.7699111843077446,215.9999999999996,-0.5877852522924673,-0.8090169943749517,False,0,34,NGRIP/data/processed/ngrip_warming_cooling_starts.csv,0.0,0.0,5.0,5.0,True
warming,NGRIP warming starts (GI),96.8,97.0,96.9,0.20000000000000284,3.8220000000000005,-0.24793647754589743,243.94322108867425,0.2220718333222585,0.028935,47.80932820099376,3.8270310507366574,219.27272727272728,-0.6330124538088705,-0.7741416106390824,False,0,34,NGRIP/data/processed/ngrip_warming_cooling_starts.csv,0.0,0.0,5.0,5.0,True
warming,NGRIP warming starts (GI),97.0,97.2,97.1,0.20000000000000284,3.8369999999999997,-0.23932073946433555,243.0862819463402,0.21321212351113608,0.027555,47.86644806742266,3.884150917165556,222.54545454545416,-0.6761749002740146,-0.7367411378764094,False,0,34,NGRIP/data/processed/ngrip_warming_cooling_starts.csv,0.0,0.0,5.0,5.0,True
warming,NGRIP warming starts (GI),97.2,97.4,97.30000000000001,0.20000000000000284,3.851000000000001,-0.2312793839215434,242.2434257986052,0.20449801475760956,0.026088999999999894,47.92356793385157,3.9412707835944687,225.81818181818187,-0.717131804758964,-0.6969375686552929,False,0,34,NGRIP/data/processed/ngrip_warming_cooling_starts.csv,0.0,0.0,5.0,5.0,True
warming,NGRIP warming starts (GI),97.4,97.6,97.5,0.19999999999998863,3.865,-0.22323802837875226,241.48324707125727,0.1966386901029476,0.024537,47.98068780028047,3.9983906500233672,229.09090909090875,-0.7557495743542544,-0.6548607339452895,False,0,34,NGRIP/data/processed/ngrip_warming_cooling_starts.csv,0.0,0.0,5.0,5.0,True
warming,NGRIP warming starts (GI),97.6,97.8,97.69999999999999,0.20000000000000284,3.878999999999999,-0.2151966728359614,240.72306834390935,0.18877936544828564,0.02289700000000012,48.03780766670938,4.055510516452273,232.36363636363606,-0.7919022459222717,-0.6106478796354426,False,0,34,NGRIP/data/processed/ngrip_warming_cooling_starts.csv,0.0,0.0,5.0,5.0,True
warming,NGRIP warming starts (GI),97.8,98.0,97.9,0.20000000000000284,3.8930000000000002,-0.20715531729316924,239.96288961656134,0.18092004079362278,0.021171,48.09492753313829,4.112630382881186,235.63636363636374,-0.8254718969627749,-0.5644432188667677,False,0,34,NGRIP/data/processed/ngrip_warming_cooling_starts.csv,0.0,0.0,5.0,5.0,True
warming,NGRIP warming starts (GI),98.0,98.2,98.1,0.20000000000000284,3.888000000000001,-0.21002722998702303,240.7317175144931,0.18886878736600823,0.01936,48.15204739956719,4.169750249310084,238.90909090909062,-0.8563490302515864,-0.5163974616389662,False,0,34,NGRIP/data/processed/ngrip_warming_cooling_starts.csv,0.0,0.0,5.0,5.0,True
warming,NGRIP warming starts (GI),98.2,98.4,98.30000000000001,0.20000000000000284,3.8639999999999985,-0.22381241091752405,241.74393533774486,0.1993338901214155,0.01746999999999986,48.2091672659961,4.226870115738997,242.18181818181833,-0.8844329309978154,-0.46666732322567156,False,0,34,NGRIP/data/processed/ngrip_warming_cooling_starts.csv,0.0,0.0,5.0,5.0,True
warming,NGRIP warming starts (GI),98.4,98.6,98.5,0.19999999999998863,3.84,-0.237597591848023,242.75615316099643,0.20979899287682102,0.015509,48.266287132425,4.2839899821678955,245.4545454545452,-0.9096319953545166,-0.4154150130018904,False,0,34,NGRIP/data/processed/ngrip_warming_cooling_starts.csv,0.0,0.0,5.0,5.0,True
warming,NGRIP warming starts (GI),98.6,98.8,98.69999999999999,0.20000000000000284,3.816000000000001,-0.25138277277852195,243.15145416796832,0.2138859251183292,0.013487000000000145,48.323406998853905,4.341109848596801,248.7272727272725,-0.9318640292114508,-0.36280770535064477,False,0,34,NGRIP/data/processed/ngrip_warming_cooling_starts.csv,0.0,0.0,5.0,5.0,True
warming,NGRIP warming starts (GI),98.8,99.0,98.9,0.20000000000000284,3.791999999999999,-0.26516795370902296,243.10254705352054,0.213380284962219,0.011412,48.38052686528281,4.398229715025707,251.9999999999998,-0.9510565162951524,-0.30901699437495095,False,0,34,NGRIP/data/processed/ngrip_warming_cooling_starts.csv,1.0,0.2,5.0,5.0,True
warming,NGRIP warming starts (GI),99.0,99.2,99.1,0.20000000000000284,3.7829999999999995,-0.2703373965579601,243.05363993907275,0.2128746448061088,0.00929,48.437646731711716,4.4553495814546125,255.27272727272708,-0.9671468547019563,-0.2542183341934902,False,0,34,NGRIP/data/processed/ngrip_warming_cooling_starts.csv,1.0,0.2,5.0,5.0,True
warming,NGRIP warming starts (GI),99.2,99.4,99.30000000000001,0.20000000000000284,3.789,-0.2668911013253347,243.00473282462497,0.21236900464999858,0.007128999999999845,48.49476659814063,4.512469447883525,258.5454545454548,-0.9800825610923942,-0.1985904666457415,False,0,34,NGRIP/data/processed/ngrip_warming_cooling_starts.csv,1.0,0.2,5.0,5.0,True
warming,NGRIP warming starts (GI),99.4,99.6,99.5,0.19999999999998863,3.795,-0.2634448060927099,243.5002776901544,0.2174923366231704,0.004935,48.55188646456953,4.569589314312424,261.81818181818164,-0.9898214418809324,-0.14231483827328786,False,0,34,NGRIP/data/processed/ngrip_warming_cooling_starts.csv,2.0,0.4,5.0,5.0,True
warming,NGRIP warming starts (GI),99.6,99.8,99.69999999999999,0.20000000000000284,3.8009999999999997,-0.25999851086008513,244.2371421838935,0.22511062042202512,0.002714000000000158,48.60900633099843,4.626709180741329,265.09090909090895,-0.9963317308626912,-0.08557500847884218,False,0,34,NGRIP/data/processed/ngrip_warming_cooling_starts.csv,2.0,0.4,5.0,5.0,True
warming,NGRIP warming starts (GI),99.8,100.0,99.9,0.20000000000000284,3.8070000000000004,-0.25655221562745983,244.97400667763267,0.23272890422088072,0.000475,48.66612619742734,4.683829047170235,268.36363636363626,-0.9995921928281891,-0.028556050793698374,False,0,34,NGRIP/data/processed/ngrip_warming_cooling_starts.csv,2.0,0.4,5.0,5.0,True
warming,NGRIP warming starts (GI),100.0,100.2,100.1,0.20000000000000284,3.8209999999999993,-0.24851086008466894,245.7371044541027,0.24061840829770784,-0.001777,48.723246063856244,4.740948913599141,271.63636363636357,-0.9995921928281892,0.028556050793694453,False,0,34,NGRIP/data/processed/ngrip_warming_cooling_starts.csv,2.0,0.4,5.0,5.0,True
warming,NGRIP warming starts (GI),100.2,100.4,100.30000000000001,0.20000000000000284,3.8430000000000013,-0.23587444423170972,246.70060311637172,0.2505798141075273,-0.004033000000000161,48.78036593028515,4.798068780028046,274.9090909090908,-0.9963317308626916,0.08557500847883827,False,0,34,NGRIP/data/processed/ngrip_warming_cooling_starts.csv,2.0,0.4,5.0,5.0,True
warming,NGRIP warming starts (GI),100.4,100.6,100.5,0.19999999999998863,3.865,-0.22323802837875226,247.6641017786406,0.26054121991734525,-0.00629,48.837485796714056,4.855188646456952,278.18181818181813,-0.9898214418809329,0.142314838273284,False,0,34,NGRIP/data/processed/ngrip_warming_cooling_starts.csv,2.0,0.4,5.0,5.0,True
warming,NGRIP warming starts (GI),100.6,100.8,100.69999999999999,0.20000000000000284,3.8869999999999987,-0.21060161252579507,247.24889442996064,0.25624848028273073,-0.008539999999999841,48.894605663142954,4.912308512885851,281.454545454545,-0.980082561092395,0.19859046664573768,False,0,34,NGRIP/data/processed/ngrip_warming_cooling_starts.csv,2.0,0.4,5.0,5.0,True
warming,NGRIP warming starts (GI),100.8,101.0,100.9,0.20000000000000284,3.9090000000000007,-0.19796519667283585,246.45408247067547,0.24803109007868848,-0.010778,48.95172552957187,4.969428379314763,284.7272727272727,-0.9671468547019573,0.25421833419348644,False,0,34,NGRIP/data/processed/ngrip_warming_cooling_starts.csv,2.0,0.4,5.0,5.0,True
warming,NGRIP warming starts (GI),101.0,101.2,101.1,0.20000000000000284,3.914,-0.19509328397898204,245.65927051139042,0.2398136998746474,-0.012996,49.00884539600077,5.026548245743669,288.0,-0.9510565162951536,0.30901699437494723,False,0,34,NGRIP/data/processed/ngrip_warming_cooling_starts.csv,2.0,0.4,5.0,5.0,True
warming,NGRIP warming starts (GI),101.2,101.4,101.30000000000001,0.20000000000000284,3.9019999999999992,-0.20198587444423244,244.86445855210525,0.23159630967060513,-0.015187000000000155,49.06596526242968,5.083668112172575,291.2727272727273,-0.9318640292114523,0.3628077053506411,False,0,34,NGRIP/data/processed/ngrip_warming_cooling_starts.csv,2.0,0.4,5.0,5.0,True
warming,NGRIP warming starts (GI),101.4,101.6,101.5,0.19999999999998863,3.8899999999999997,-0.20887846490948203,243.49698572832008,0.21745830173653666,-0.01734,49.123085128858584,5.14078797860148,294.54545454545456,-0.9096319953545182,0.4154150130018868,False,0,34,NGRIP/data/processed/ngrip_warming_cooling_starts.csv,2.0,0.4,5.0,5.0,True
warming,NGRIP warming starts (GI),101.6,101.8,101.69999999999999,0.20000000000000284,3.8780000000000006,-0.2157710553747314,242.0451700524136,0.20244829116246504,-0.019448999999999852,49.18020499528748,5.197907845030379,297.8181818181815,-0.8844329309978173,0.46666732322566806,False,0,34,NGRIP/data/processed/ngrip_warming_cooling_starts.csv,3.0,0.6,5.0,5.0,True
warming,NGRIP warming starts (GI),101.8,102.0,101.9,0.20000000000000284,3.8659999999999997,-0.22266364583998177,240.59335437650688,0.18743828058839104,-0.021506,49.237324861716395,5.255027711459292,301.0909090909092,-0.8563490302515885,0.5163974616389628,False,0,34,NGRIP/data/processed/ngrip_warming_cooling_starts.csv,3.0,0.6,5.0,5.0,True
warming,NGRIP warming starts (GI),102.0,102.2,102.1,0.20000000000000284,3.8619999999999997,-0.22496117599506504,239.5870783373933,0.17703460866351062,-0.023503,49.294444728145294,5.31214757788819,304.36363636363603,-0.8254718969627771,0.5644432188667645,False,0,34,NGRIP/data/processed/ngrip_warming_cooling_starts.csv,3.0,0.6,5.0,5.0,True
warming,NGRIP warming starts (GI),102.2,102.4,102.30000000000001,0.20000000000000284,3.866,-0.2226636458399815,238.83079345303017,0.1692155416154755,-0.02543400000000013,49.35156459457421,5.369267444317103,307.63636363636374,-0.791902245922274,0.6106478796354395,False,0,34,NGRIP/data/processed/ngrip_warming_cooling_starts.csv,3.0,0.6,5.0,5.0,True
warming,NGRIP warming starts (GI),102.4,102.6,102.5,0.19999999999998863,3.87,-0.22036611568489822,238.07450856866714,0.16139647456744155,-0.027291,49.40868446100311,5.4263873107460086,310.90909090909105,-0.7557495743542569,0.6548607339452867,False,0,34,NGRIP/data/processed/ngrip_warming_cooling_starts.csv,3.0,0.6,5.0,5.0,True
warming,NGRIP warming starts (GI),102.6,102.8,102.69999999999999,0.20000000000000284,3.8739999999999997,-0.21806858552981517,237.31822368430412,0.1535774075194076,-0.029064999999999876,49.46580432743201,5.483507177174907,314.1818181818179,-0.7171318047589668,0.6969375686552901,False,0,34,NGRIP/data/processed/ngrip_warming_cooling_starts.csv,3.0,0.6,5.0,5.0,True
warming,NGRIP warming starts (GI),102.8,103.0,102.9,0.20000000000000284,3.878,-0.21577105537473165,237.97088012498992,0.16032508233688272,-0.030749,49.52292419386092,5.54062704360382,317.4545454545456,-0.6761749002740175,0.7367411378764067,False,0,34,NGRIP/data/processed/ngrip_warming_cooling_starts.csv,3.0,0.6,5.0,5.0,True
warming,NGRIP warming starts (GI),103.0,103.2,103.1,0.20000000000000284,3.8839999999999995,-0.2123247601421071,239.29846832719764,0.17405073173153365,-0.032334,49.58004406028982,5.597746910032718,320.7272727272725,-0.6330124538088736,0.7741416106390798,False,0,34,NGRIP/data/processed/ngrip_warming_cooling_starts.csv,3.0,0.6,5.0,5.0,True
warming,NGRIP warming starts (GI),103.2,103.4,103.30000000000001,0.20000000000000284,3.8920000000000003,-0.20772969983194,240.6260565294056,0.18777638112618697,-0.0338180000000001,49.637163926718735,5.654866776461631,324.0000000000002,-0.5877852522924705,0.8090169943749494,False,0,34,NGRIP/data/processed/ngrip_warming_cooling_starts.csv,4.0,0.8,5.0,5.0,True
warming,NGRIP warming starts (GI),103.4,103.6,103.5,0.19999999999998863,3.9,-0.20313463952177369,242.08596000378083,0.20287000971220842,-0.035196,49.69428379314763,5.71198664289053,327.2727272727271,-0.5406408174556004,0.8412535328311793,False,0,34,NGRIP/data/processed/ngrip_warming_cooling_starts.csv,4.0,0.8,5.0,5.0,True
warming,NGRIP warming starts (GI),103.6,103.8,103.69999999999999,0.20000000000000284,3.9079999999999995,-0.19853957921160736,243.55190988346166,0.21802615078454496,-0.03646599999999991,49.75140365957654,5.769106509319435,330.5454545454544,-0.49173292464560653,0.8707460771197757,False,0,34,NGRIP/data/processed/ngrip_warming_cooling_starts.csv,4.0,0.8,5.0,5.0,True
warming,NGRIP warming starts (GI),103.8,104.0,103.9,0.20000000000000284,3.9160000000000004,-0.1939445189014403,245.01785976314272,0.23318229185688386,-0.037625,49.80852352600545,5.826226375748348,333.8181818181821,-0.44122110124321745,0.8973984286913603,False,1,34,NGRIP/data/processed/ngrip_warming_cooling_starts.csv,3.0,0.6,5.0,5.0,True
warming,NGRIP warming starts (GI),104.0,104.2,104.1,0.20000000000000284,3.9130000000000003,-0.1956676665177528,246.48380964282353,0.2483384329292201,-0.038669,49.86564339243435,5.883346242177247,337.09090909090895,-0.3892701063173938,0.9211236531148491,False,0,34,NGRIP/data/processed/ngrip_warming_cooling_starts.csv,3.0,0.6,5.0,5.0,True
warming,NGRIP warming starts (GI),104.2,104.4,104.30000000000001,0.20000000000000284,3.898999999999999,-0.20370902206054495,243.7549717074201,0.22012556338587502,-0.03959200000000006,49.92276325886326,5.940466108606159,340.36363636363666,-0.3360493932154255,0.9418443636395264,False,0,34,NGRIP/data/processed/ngrip_warming_cooling_starts.csv,3.0,0.6,5.0,5.0,True
warming,NGRIP warming starts (GI),104.4,104.6,104.5,0.19999999999998863,3.885,-0.2117503776033361,239.80460269800696,0.17928354632626897,-0.040386,49.97988312529216,5.997585975035058,343.63636363636357,-0.28173255684143145,0.9594929736144968,False,1,34,NGRIP/data/processed/ngrip_warming_cooling_starts.csv,2.0,0.4,5.0,5.0,True
warming,NGRIP warming starts (GI),104.6,104.8,104.69999999999999,0.20000000000000284,3.871000000000001,-0.21979173314612696,240.9002923556468,0.19061164645633963,-0.04104599999999996,50.03700299172107,6.054705841463964,346.9090909090908,-0.22649676742576588,0.9740119169423331,False,0,34,NGRIP/data/processed/ngrip_warming_cooling_starts.csv,2.0,0.4,5.0,5.0,True
warming,NGRIP warming starts (GI),104.8,105.0,104.9,0.20000000000000284,3.8569999999999998,-0.2278330886889191,241.9959820132868,0.20193974658641203,-0.041567,50.09412285814997,6.111825707892869,350.18181818181813,-0.17052219263262497,0.9853538358476928,False,0,34,NGRIP/data/processed/ngrip_warming_cooling_starts.csv,2.0,0.4,5.0,5.0,True
warming,NGRIP warming starts (GI),105.0,105.2,105.1,0.20000000000000284,3.8649999999999993,-0.22323802837875278,243.94575065010744,0.22209798591482938,-0.041949,50.15124272457888,6.168945574321775,353.45454545454544,-0.1139914098905415,0.9934817353485501,False,0,34,NGRIP/data/processed/ngrip_warming_cooling_starts.csv,2.0,0.4,5.0,5.0,True
warming,NGRIP warming starts (GI),105.2,105.4,105.30000000000001,0.20000000000000284,3.895000000000002,-0.20600655221562672,246.32043680505748,0.24664935623506376,-0.042190000000000005,50.20836259100779,6.226065440750688,356.7272727272731,-0.057088810862761456,0.9983691039261361,False,0,34,NGRIP/data/processed/ngrip_warming_cooling_starts.csv,2.0,0.4,5.0,5.0,True
warming,NGRIP warming starts (GI),105.4,105.6,105.5,0.19999999999998863,3.925,-0.1887750760525032,248.69512296000715,0.27120072655529437,-0.042289,50.26548245743669,0.0,0.0,0.0,1.0,False,0,34,NGRIP/data/processed/ngrip_warming_cooling_starts.csv,2.0,0.4,5.0,5.0,True
warming,NGRIP warming starts (GI),105.6,105.8,105.69999999999999,0.20000000000000284,3.9549999999999983,-0.17154359988937942,252.29565797650926,0.3084258850701779,-0.042245000000000005,50.324757790523286,0.05927533308659605,3.396226415094121,0.05924062789371047,0.9982437317643217,False,0,34,NGRIP/data/processed/ngrip_warming_cooling_starts.csv,2.0,0.4,5.0,5.0,True
warming,NGRIP warming starts (GI),105.8,106.0,105.9,0.20000000000000284,3.9850000000000008,-0.15431212372625336,255.94163189976072,0.3461208266863881,-0.042056,50.38403312360989,0.1185506661731992,6.792452830188648,0.11827317092136527,0.992981096013517,False,0,34,NGRIP/data/processed/ngrip_warming_cooling_starts.csv,2.0,0.4,5.0,5.0,True
warming,NGRIP warming starts (GI),106.0,106.2,106.1,0.20000000000000284,4.004,-0.14339885548960846,250.8939249084676,0.2939336678262814,-0.041721,50.443308456696485,0.17782599925979525,10.188679245282769,0.17689027512256866,0.9842305779475976,False,0,34,NGRIP/data/processed/ngrip_warming_cooling_starts.csv,2.0,0.4,5.0,5.0,True
warming,NGRIP warming starts (GI),106.2,106.4,106.30000000000001,0.20000000000000284,4.0120000000000005,-0.13880379517944136,242.73743986998932,0.20960552017876855,-0.041238999999999956,50.502583789783095,0.2371013323464055,13.584905660377704,0.23488604578098954,0.9720229140804094,False,0,34,NGRIP/data/processed/ngrip_warming_cooling_starts.csv,2.0,0.4,5.0,5.0,True
warming,NGRIP warming starts (GI),106.4,106.6,106.5,0.19999999999998863,4.02,-0.13420873486927531,243.8547732382123,0.22115738998573853,-0.040614,50.56185912286969,0.29637666543300156,16.981132075471823,0.29205677063697794,0.9564009842765218,False,0,34,NGRIP/data/processed/ngrip_warming_cooling_starts.csv,2.0,0.4,5.0,5.0,True
warming,NGRIP warming starts (GI),106.6,106.8,106.69999999999999,0.20000000000000284,4.028,-0.12961367455910872,242.37430202931574,0.2058511160083131,-0.03984800000000006,50.62113445595629,0.3556519985195976,20.377358490565946,0.34820163543439725,0.9374196611341215,False,1,34,NGRIP/data/processed/ngrip_warming_cooling_starts.csv,1.0,0.2,5.0,5.0,True
warming,NGRIP warming starts (GI),106.8,107.0,106.9,0.20000000000000284,4.0360000000000005,-0.12501861424894165,240.893830820419,0.19054484203088565,-0.038946,50.68040978904289,0.41492733160620077,23.773584905660474,0.40312342928797373,0.9151456172430178,False,0,34,NGRIP/data/processed/ngrip_warming_cooling_starts.csv,1.0,0.2,5.0,5.0,True
warming,NGRIP warming starts (GI),107.0,107.2,107.1,0.20000000000000284,4.047,-0.11870040632246305,239.9970219136196,0.18127292728483785,-0.03791,50.73968512212949,0.4742026646927968,27.169811320754594,0.45662923739371114,0.8896570909947482,False,0,34,NGRIP/data/processed/ngrip_warming_cooling_starts.csv,1.0,0.2,5.0,5.0,True
warming,NGRIP warming starts (GI),107.2,107.4,107.30000000000001,0.20000000000000284,4.061000000000001,-0.1106590507796709,239.4490540196203,0.17560760487533453,-0.03674299999999991,50.79896045521609,0.5334779977794,30.56603773584912,0.5085311186492214,0.861043611767355,False,0,34,NGRIP/data/processed/ngrip_warming_cooling_starts.csv,1.0,0.2,5.0,5.0,True
warming,NGRIP warming starts (GI),107.4,107.6,107.5,0.19999999999998863,4.075,-0.10261769523687977,238.9010861256211,0.16994228246583237,-0.035446,50.85823578830269,0.5927533308660031,33.962264150943646,0.5586467658036561,0.8294056854501993,False,0,34,NGRIP/data/processed/ngrip_warming_cooling_starts.csv,1.0,0.2,5.0,5.0,True
warming,NGRIP warming starts (GI),107.6,107.8,107.69999999999999,0.20000000000000284,4.0889999999999995,-0.09457633969408864,238.3531182316219,0.16427696005632994,-0.0340220000000001,50.91751112138929,0.6520286639525992,37.35849056603777,0.6068001458185939,0.7948544414133529,False,0,34,NGRIP/data/processed/ngrip_warming_cooling_starts.csv,1.0,0.2,5.0,5.0,True
warming,NGRIP warming starts (GI),107.8,108.0,107.9,0.20000000000000284,4.103000000000001,-0.0865349841512965,237.8051503376226,0.15861163764682662,-0.032474,50.97678645447589,0.7113039970392023,40.7547169811323,0.6528221181905246,0.7575112421616176,False,0,34,NGRIP/data/processed/ngrip_warming_cooling_starts.csv,1.0,0.2,5.0,5.0,True
warming,NGRIP warming starts (GI),108.0,108.2,108.1,0.20000000000000284,4.111000000000001,-0.08193992384112993,237.2571824436234,0.15294631523732446,-0.030804,51.03606178756249,0.7705793301257984,44.15094339622642,0.696551029062997,0.7175072570443312,False,0,34,NGRIP/data/processed/ngrip_warming_cooling_starts.csv,1.0,0.2,5.0,5.0,True
warming,NGRIP warming starts (GI),108.2,108.4,108.30000000000001,0.20000000000000284,4.113,-0.08079115876358842,236.7092145496241,0.14728099282782114,-0.029018999999999868,51.09533712064909,0.8298546632124015,47.54716981132095,0.7378332790417296,0.6749830015182081,False,1,34,NGRIP/data/processed/ngrip_warming_cooling_starts.csv,0.0,0.0,5.0,5.0,True
warming,NGRIP warming starts (GI),108.4,108.6,108.5,0.19999999999998863,4.115,-0.07964239368604689,237.50999775073106,0.15556011841905665,-0.027126,51.15461245373569,0.8891299962989976,50.94339622641507,0.7765238627180421,0.6300878435817114,False,0,34,NGRIP/data/processed/ngrip_warming_cooling_starts.csv,0.0,0.0,5.0,5.0,True
warming,NGRIP warming starts (GI),108.6,108.8,108.69999999999999,0.20000000000000284,4.117,-0.07849362860850538,239.7120320895708,0.17832647868019383,-0.025132000000000144,51.21388778682228,0.9484053293855936,54.33962264150919,0.8124868780056788,0.5829794791144756,False,0,34,NGRIP/data/processed/ngrip_warming_cooling_starts.csv,0.0,0.0,5.0,5.0,True
warming,NGRIP warming starts (GI),108.8,109.0,108.9,0.20000000000000284,4.119,-0.07734486353096386,241.91406642841085,0.20109283894133395,-0.023045,51.273163119908894,1.007680662472204,57.735849056604124,0.8455960035018293,0.5338233779647855,False,0,34,NGRIP/data/processed/ngrip_warming_cooling_starts.csv,0.0,0.0,5.0,5.0,True
warming,NGRIP warming starts (GI),109.0,109.2,109.1,0.20000000000000284,4.112000000000001,-0.08136554130235892,244.1161007672506,0.22385919920247116,-0.020874,51.33243845299549,1.0669559955588,61.13207547169824,0.8757349421956379,0.4827922027307429,False,0,34,NGRIP/data/processed/ngrip_warming_cooling_starts.csv,0.0,0.0,5.0,5.0,True
warming,NGRIP warming starts (GI),109.2,109.4,109.30000000000001,0.20000000000000284,4.095999999999999,-0.09055566192269308,244.36557842393017,0.22643849513300787,-0.018626999999999838,51.39171378608209,1.126231328645403,64.52830188679278,0.9027978299657459,0.43006520227651546,False,0,34,NGRIP/data/processed/ngrip_warming_cooling_starts.csv,0.0,0.0,5.0,5.0,True
warming,NGRIP warming starts (GI),109.4,109.6,109.5,0.19999999999998863,4.08,-0.09974578254302573,244.2783222592779,0.22553637238022398,-0.016312,51.45098911916869,1.1855066617319991,67.9245283018869,0.926689607431834,0.3758275821142366,False,0,34,NGRIP/data/processed/ngrip_warming_cooling_starts.csv,0.0,0.0,5.0,5.0,True
warming,NGRIP warming starts (GI),109.6,109.8,109.69999999999999,0.20000000000000284,4.064000000000001,-0.10893590316335837,244.1910660946256,0.22463424962743977,-0.01393600000000017,51.510264452255285,1.2447819948185952,71.32075471698101,0.9473263538541907,0.3202698538628396,False,0,34,NGRIP/data/processed/ngrip_warming_cooling_starts.csv,0.0,0.0,5.0,5.0,True
warming,NGRIP warming starts (GI),109.8,110.0,109.9,0.20000000000000284,4.047999999999999,-0.11812602378369254,244.3448153168418,0.22622382982657863,-0.011506,51.56953978534189,1.3040573279051983,74.71698113207555,0.964635581908359,0.2635871660690665,False,0,34,NGRIP/data/processed/ngrip_warming_cooling_starts.csv,0.0,0.0,5.0,5.0,True
warming,NGRIP warming starts (GI),110.0,110.2,110.1,0.20000000000000284,4.038,-0.12386984917140012,245.0605049135886,0.23362319091159742,-0.00903,51.628815118428484,1.3633326609917944,78.11320754716967,0.9785564922995035,0.205978618741101,False,0,34,NGRIP/data/processed/ngrip_warming_cooling_starts.csv,0.0,0.0,5.0,5.0,True
warming,NGRIP warming starts (GI),110.2,110.4,110.30000000000001,0.20000000000000284,4.034,-0.12616737932648367,245.77619451033553,0.24102255199661737,-0.006513999999999819,51.688090451515095,1.4226079940784047,81.5094339622646,0.9890401873221651,0.14764656400247358,False,0,34,NGRIP/data/processed/ngrip_warming_cooling_starts.csv,1.0,0.2,5.0,5.0,True
warming,NGRIP warming starts (GI),110.4,110.6,110.5,0.19999999999998863,4.029999999999999,-0.12846490948156722,246.49188410708234,0.24842191308163616,-0.003967,51.74736578460169,1.4818833271650007,84.90566037735871,0.9960498426152172,0.08879589532293092,False,0,34,NGRIP/data/processed/ngrip_warming_cooling_starts.csv,1.0,0.2,5.0,5.0,True
warming,NGRIP warming starts (GI),110.6,110.8,110.69999999999999,0.20000000000000284,4.026,-0.13076243963665024,247.92026183629372,0.2631896037568622,-0.0013990000000001826,51.80664111768829,1.5411586602515968,88.30188679245283,0.9995608365087943,0.029633327822559667,False,0,34,NGRIP/data/processed/ngrip_warming_cooling_starts.csv,1.0,0.2,5.0,5.0,True
warming,NGRIP warming starts (GI),110.8,111.0,110.9,0.20000000000000284,4.021999999999999,-0.1330599697917338,249.62144099395974,0.2807777298314851,0.001179,51.86591645077489,1.6004339933382,91.69811320754737,0.9995608365087942,-0.029633327822563095,False,0,34,NGRIP/data/processed/ngrip_warming_cooling_starts.csv,1.0,0.2,5.0,5.0,True
warming,NGRIP warming starts (GI),111.0,111.2,111.1,0.20000000000000284,4.021,-0.1336343523305043,251.32262015162553,0.29836585590610565,0.003753,51.925191783861486,1.659709326424796,95.09433962264148,0.996049842615217,-0.08879589532293433,False,0,34,NGRIP/data/processed/ngrip_warming_cooling_starts.csv,1.0,0.2,5.0,5.0,True
warming,NGRIP warming starts (GI),111.2,111.4,111.30000000000001,0.20000000000000284,4.023,-0.13248558725296278,253.02379930929155,0.3159539819807286,0.006315000000000182,51.98446711694809,1.7189846595113991,98.49056603773602,0.9890401873221636,-0.14764656400248402,False,0,34,NGRIP/data/processed/ngrip_warming_cooling_starts.csv,1.0,0.2,5.0,5.0,True
warming,NGRIP warming starts (GI),111.4,111.6,111.5,0.19999999999998863,4.025,-0.13133682217542075,254.72497846695734,0.3335421080553492,0.008854,52.04374245003469,1.7782599925980023,101.88679245283055,0.9785564922995027,-0.20597861874110435,False,0,34,NGRIP/data/processed/ngrip_warming_cooling_starts.csv,1.0,0.2,5.0,5.0,True
warming,NGRIP warming starts (GI),111.6,111.8,111.69999999999999,0.20000000000000284,4.027,-0.13018805709787923,256.4261576246231,0.35113023412996947,0.011364999999999821,52.10301778312129,1.8375353256845983,105.28301886792467,0.9646355819083581,-0.26358716606906984,False,0,34,NGRIP/data/processed/ngrip_warming_cooling_starts.csv,1.0,0.2,5.0,5.0,True
warming,NGRIP warming starts (GI),111.8,112.0,111.9,0.20000000000000284,4.029,-0.1290392920203377,257.89516611057013,0.3663179974758214,0.013839,52.16229311620789,1.8968106587712015,108.67924528301918,0.9473263538541896,-0.3202698538628429,False,0,34,NGRIP/data/processed/ngrip_warming_cooling_starts.csv,1.0,0.2,5.0,5.0,True
warming,NGRIP warming starts (GI),112.0,112.2,112.1,0.20000000000000284,4.0200000000000005,-0.1342087348692748,257.5948739603123,0.36321334140585165,0.016273,52.22156844929449,1.9560859918577975,112.0754716981133,0.9266896074318328,-0.3758275821142398,False,0,34,NGRIP/data/processed/ngrip_warming_cooling_starts.csv,1.0,0.2,5.0,5.0,True
warming,NGRIP warming starts (GI),112.2,112.4,112.30000000000001,0.20000000000000284,3.999999999999999,-0.145696385644692,257.29458181005447,0.3601086853358813,0.018657000000000167,52.28084378238109,2.0153613249444007,115.47169811320784,0.9027978299657413,-0.430065202276525,False,0,34,NGRIP/data/processed/ngrip_warming_cooling_starts.csv,1.0,0.2,5.0,5.0,True
warming,NGRIP warming starts (GI),112.4,112.6,112.5,0.19999999999998863,3.9800000000000004,-0.15718403642010767,256.99428965979666,0.3570040292659115,0.020981,52.34011911546769,2.0746366580309967,118.86792452830196,0.8757349421956362,-0.4827922027307459,False,0,34,NGRIP/data/processed/ngrip_warming_cooling_starts.csv,1.0,0.2,5.0,5.0,True
warming,NGRIP warming starts (GI),112.6,112.8,112.69999999999999,0.20000000000000284,3.9600000000000013,-0.1686716871955236,258.1141102409036,0.36858161383289384,0.02323399999999984,52.39939444855428,2.1339119911175928,122.26415094339607,0.8455960035018275,-0.5338233779647885,False,0,34,NGRIP/data/processed/ngrip_warming_cooling_starts.csv,1.0,0.2,5.0,5.0,True
warming,NGRIP warming starts (GI),112.8,113.0,112.9,0.20000000000000284,3.9399999999999995,-0.18015933797094105,262.2558768712204,0.41140244980270485,0.025404,52.45866978164089,2.193187324204203,125.66037735849102,0.8124868780056768,-0.5829794791144783,False,0,34,NGRIP/data/processed/ngrip_warming_cooling_starts.csv,1.0,0.2,5.0,5.0,True
warming,NGRIP warming starts (GI),113.0,113.2,113.1,0.20000000000000284,3.918000000000001,-0.19279575382389824,264.5730867568997,0.43535958531487895,0.02748,52.51794511472749,2.252462657290799,129.05660377358512,0.77652386271804,-0.6300878435817141,False,0,34,NGRIP/data/processed/ngrip_warming_cooling_starts.csv,1.0,0.2,5.0,5.0,True
warming,NGRIP warming starts (GI),113.2,113.4,113.30000000000001,0.20000000000000284,3.893999999999999,-0.20658093475439926,263.40268095410926,0.42325901100135893,0.029455000000000134,52.57722044781409,2.3117379903774022,132.45283018867966,0.7378332790417224,-0.6749830015182159,False,0,34,NGRIP/data/processed/ngrip_warming_cooling_starts.csv,1.0,0.2,5.0,5.0,True
warming,NGRIP warming starts (GI),113.4,113.6,113.5,0.19999999999998863,3.87,-0.22036611568489822,261.91170902156654,0.40784417229661984,0.031323,52.63649578090069,2.3710133234639983,135.8490566037738,0.6965510290629946,-0.7175072570443335,False,0,34,NGRIP/data/processed/ngrip_warming_cooling_starts.csv,1.0,0.2,5.0,5.0,True
warming,NGRIP warming starts (GI),113.6,113.8,113.69999999999999,0.20000000000000284,3.8460000000000014,-0.2341512966153972,260.85369928400945,0.3969056367705539,0.033080999999999874,52.695771113987284,2.4302886565505943,139.2452830188679,0.6528221181905219,-0.7575112421616198,False,0,34,NGRIP/data/processed/ngrip_warming_cooling_starts.csv,1.0,0.2,5.0,5.0,True
warming,NGRIP warming starts (GI),113.8,114.0,113.9,0.20000000000000284,3.821999999999999,-0.24793647754589818,263.4159904534607,0.42339661505765647,0.034724,52.75504644707389,2.4895639896371975,142.64150943396243,0.6068001458185911,-0.794854441413355,False,0,34,NGRIP/data/processed/ngrip_warming_cooling_starts.csv,1.0,0.2,5.0,5.0,True
warming,NGRIP warming starts (GI),114.0,114.2,114.1,0.20000000000000284,3.8000000000000007,-0.26057289339885537,265.9782816229116,0.4498875933447549,0.036248,52.81432178016048,2.5488393227237935,146.03773584905656,0.5586467658036532,-0.8294056854502012,False,0,34,NGRIP/data/processed/ngrip_warming_cooling_starts.csv,1.0,0.2,5.0,5.0,True
warming,NGRIP warming starts (GI),114.2,114.4,114.30000000000001,0.20000000000000284,3.779999999999999,-0.27206054417427283,268.5340711759032,0.47631135281515247,0.03765000000000009,52.873597113247094,2.608114655810404,149.4339622641515,0.5085311186492124,-0.8610436117673603,False,0,34,NGRIP/data/processed/ngrip_warming_cooling_starts.csv,1.0,0.2,5.0,5.0,True
warming,NGRIP warming starts (GI),114.4,114.6,114.5,0.19999999999998863,3.76,-0.28354819494968875,271.07035587951543,0.5025334558354314,0.038922,52.93287244633369,2.667389988897,152.83018867924562,0.4566292373937081,-0.8896570909947499,False,0,34,NGRIP/data/processed/ngrip_warming_cooling_starts.csv,1.0,0.2,5.0,5.0,True
warming,NGRIP warming starts (GI),114.6,114.8,114.69999999999999,0.20000000000000284,3.740000000000001,-0.29503584572510444,273.60664058312767,0.5287555588557104,0.04005899999999992,52.992147779420286,2.726665321983596,156.22641509433973,0.4031234292879706,-0.9151456172430191,False,0,34,NGRIP/data/processed/ngrip_warming_cooling_starts.csv,1.0,0.2,5.0,5.0,True
warming,NGRIP warming starts (GI),114.8,115.0,114.9,0.20000000000000284,3.7199999999999993,-0.3065234965005219,275.32330401973866,0.5465037735659314,0.041055,53.05142311250689,2.785940655070199,159.62264150943426,0.34820163543439403,-0.9374196611341227,False,0,34,NGRIP/data/processed/ngrip_warming_cooling_starts.csv,1.0,0.2,5.0,5.0,True
cooling,NGRIP cooling starts (GS),12.0,12.2,12.1,0.1999999999999993,3.9339999999999997,-0.18360563320356588,254.70127696207433,0.3332970632849838,-0.019358,25.305672934420535,0.17293170570219019,9.90825688073393,0.1720710623570346,0.985084539265195,False,0,35,NGRIP/data/processed/ngrip_warming_cooling_starts.csv,1.0,0.2,5.0,5.000000000000002,True
cooling,NGRIP cooling starts (GS),12.2,12.4,12.3,0.20000000000000107,3.9619999999999997,-0.16752292211798286,248.94719084310452,0.2738068022806532,-0.01915,25.363316836321264,0.23057560760291906,13.211009174311839,0.22853793551668758,0.9735350081172071,False,0,35,NGRIP/data/processed/ngrip_warming_cooling_starts.csv,1.0,0.2,5.0,5.0,True
cooling,NGRIP cooling starts (GS),12.4,12.6,12.5,0.1999999999999993,3.9899999999999998,-0.15144021103239982,244.80021790799577,0.23093213944337132,-0.018881,25.420960738221996,0.2882195095036515,16.51376146788995,0.28424562863766545,0.958751491576612,False,0,35,NGRIP/data/processed/ngrip_warming_cooling_starts.csv,1.0,0.2,5.0,5.0,True
cooling,NGRIP cooling starts (GS),12.6,12.8,12.7,0.20000000000000107,4.018,-0.1353574999468168,243.9080845945943,0.22170856465363323,-0.01855,25.478604640122725,0.34586341140438037,19.81651376146786,0.3390090863657041,0.940783098998643,False,0,35,NGRIP/data/processed/ngrip_warming_cooling_starts.csv,1.0,0.2,5.0,5.0,True
cooling,NGRIP cooling starts (GS),12.8,13.0,12.9,0.1999999999999993,4.045999999999999,-0.11927478886123406,239.2565964767388,0.17361782765936154,-0.01816,25.536248542023458,0.4035073133051128,23.119266055045973,0.39264639000157037,0.9196895195764354,False,1,35,NGRIP/data/processed/ngrip_warming_cooling_starts.csv,0.0,0.0,5.0,4.999999999999998,True
cooling,NGRIP cooling starts (GS),13.0,13.2,13.1,0.1999999999999993,4.082,-0.09859701746548422,239.5825564237581,0.17698785756927324,-0.017711,25.593892443924187,0.4611512152058417,26.42201834862388,0.44497936181665954,0.8955408240595392,False,0,35,NGRIP/data/processed/ngrip_warming_cooling_starts.csv,0.0,0.0,5.0,5.000000000000002,True
cooling,NGRIP cooling starts (GS),13.2,13.4,13.3,0.20000000000000107,4.126,-0.07332418575956778,237.25739665532092,0.1529485299260746,-0.017205,25.651536345824915,0.5187951171065706,29.72477064220179,0.49583415694151406,0.8684172319859262,False,0,35,NGRIP/data/processed/ngrip_warming_cooling_starts.csv,0.0,0.0,5.0,5.0,True
cooling,NGRIP cooling starts (GS),13.4,13.6,13.5,0.1999999999999993,4.17,-0.04805135405365188,238.94932295933182,0.17044099273330868,-0.016644,25.709180247725648,0.576439019007303,33.0275229357799,0.5450418408609871,0.8384088452007568,False,0,35,NGRIP/data/processed/ngrip_warming_cooling_starts.csv,0.0,0.0,5.0,5.0,True
cooling,NGRIP cooling starts (GS),13.6,13.8,13.7,0.20000000000000107,4.2139999999999995,-0.022778522347735964,241.01283076220435,0.19177515688018407,-0.016028,25.766824149626377,0.6340829209080319,36.33027522935781,0.5924389505977037,0.8056153485471163,False,0,35,NGRIP/data/processed/ngrip_warming_cooling_starts.csv,0.0,0.0,5.0,5.0,True
cooling,NGRIP cooling starts (GS),13.8,14.0,13.9,0.1999999999999993,4.258,0.0024943093581804576,239.03605163125755,0.1713376618520434,-0.015357,25.824468051527106,0.6917268228087607,39.63302752293572,0.6378680377196515,0.7701456787229812,False,0,35,NGRIP/data/processed/ngrip_warming_cooling_starts.csv,0.0,0.0,5.0,4.999999999999998,True
cooling,NGRIP cooling starts (GS),14.0,14.2,14.1,0.1999999999999993,4.301,0.027192758525325867,234.41515683511275,0.12356322264267271,-0.014632,25.882111953427838,0.7493707247094932,42.93577981651383,0.6811781913680279,0.7321176624044679,False,0,35,NGRIP/data/processed/ngrip_warming_cooling_starts.csv,0.0,0.0,5.0,5.000000000000002,True
cooling,NGRIP cooling starts (GS),14.2,14.4,14.3,0.20000000000000107,4.343,0.051316825153700264,238.61709992155164,0.16700621007268124,-0.013856,25.939755855328567,0.807014626610222,46.23853211009174,0.7222255395679296,0.691657624837472,False,0,35,NGRIP/data/processed/ngrip_warming_cooling_starts.csv,0.0,0.0,5.0,5.0,True
cooling,NGRIP cooling starts (GS),14.4,14.6,14.5,0.1999999999999993,4.385,0.07544089178207466,241.94781334877445,0.2014417411056419,-0.01303,25.997399757229296,0.8646585285109509,49.54128440366965,0.7608737271565997,0.6488999701978914,False,0,35,NGRIP/data/processed/ngrip_warming_cooling_starts.csv,0.0,0.0,5.0,5.0,True
cooling,NGRIP cooling starts (GS),14.6,14.8,14.7,0.20000000000000107,4.4270000000000005,0.09956495841044957,228.67238914242154,0.06418998041761481,-0.01216,26.05504365913003,0.9223024304116834,52.84403669724776,0.7969943687415582,0.6039867351144768,False,0,35,NGRIP/data/processed/ngrip_warming_cooling_starts.csv,0.0,0.0,5.0,5.0,True
cooling,NGRIP cooling starts (GS),14.8,15.0,14.9,0.1999999999999993,4.469,0.12368902503882397,229.40141122334438,0.0717271831940976,-0.011249,26.112687561030757,0.9799463323124122,56.14678899082567,0.8304674751839578,0.557067116837444,False,0,35,NGRIP/data/processed/ngrip_warming_cooling_starts.csv,0.0,0.0,5.0,4.999999999999998,True
cooling,NGRIP cooling starts (GS),15.0,15.2,15.1,0.1999999999999993,4.516,0.1506850043610524,233.9409307606567,0.11866030107334785,-0.010301,26.170331462931486,1.0375902342131411,59.44954128440358,0.86118185219045,0.508296977620196,False,0,35,NGRIP/data/processed/ngrip_warming_cooling_starts.csv,0.0,0.0,5.0,5.000000000000002,True
cooling,NGRIP cooling starts (GS),15.2,15.4,15.3,0.20000000000000107,4.5680000000000005,0.1805528963771354,226.6681270451256,0.043468344900875366,-0.009319,26.22797536483222,1.0952341361138735,62.75229357798169,0.8890354696894376,0.4578383269605997,False,0,35,NGRIP/data/processed/ngrip_warming_cooling_starts.csv,0.0,0.0,5.0,5.0,True
cooling,NGRIP cooling starts (GS),15.4,15.6,15.5,0.1999999999999993,4.62,0.2104207883932179,223.38628461026934,0.009538080565582224,-0.008308,26.285619266732947,1.1528780380146024,66.0550458715596,0.9139358007647082,0.4058587834217362,False,0,35,NGRIP/data/processed/ngrip_warming_cooling_starts.csv,0.0,0.0,5.0,5.0,True
cooling,NGRIP cooling starts (GS),15.6,15.8,15.7,0.20000000000000107,4.672,0.24028868040930038,222.20958911636168,-0.0026275215140264107,-0.007274,26.343263168633676,1.2105219399153313,69.35779816513751,0.9358001290205535,0.35253101781987245,False,0,35,NGRIP/data/processed/ngrip_warming_cooling_starts.csv,0.0,0.0,5.0,5.0,True
cooling,NGRIP cooling starts (GS),15.8,16.0,15.9,0.1999999999999993,4.724,0.2701565724253834,223.20248123880526,0.007637776969877312,-0.006221,26.40090707053441,1.2681658418160637,72.66055045871562,0.9545558233573137,0.29803217962938333,False,0,35,NGRIP/data/processed/ngrip_warming_cooling_starts.csv,0.0,0.0,5.0,4.999999999999998,True
cooling,NGRIP cooling starts (GS),16.0,16.2,16.1,0.1999999999999993,4.763,0.29255749143744525,223.2426998599974,0.00805358865960277,-0.005155,26.458550972435138,1.3258097437167926,75.96330275229353,0.9701405792445813,0.24254330851002315,False,0,35,NGRIP/data/processed/ngrip_warming_cooling_starts.csv,0.0,0.0,5.0,5.0,True
cooling,NGRIP cooling starts (GS),16.2,16.4,16.299999999999997,0.1999999999999993,4.789,0.3074914374454865,213.1043452013077,-0.09676468349164971,-0.004078000000000019,26.516194874335866,1.3834536456175215,79.26605504587144,0.9825026256905942,0.18624873291136265,False,0,35,NGRIP/data/processed/ngrip_warming_cooling_starts.csv,0.0,0.0,5.0,5.0,True
cooling,NGRIP cooling starts (GS),16.4,16.6,16.5,0.20000000000000284,4.8149999999999995,0.3224253834535277,209.51713116734007,-0.1338521192280719,-0.002991,26.5738387762366,1.441097547518254,82.56880733944955,0.9916008972202588,0.1293354577522261,False,0,35,NGRIP/data/processed/ngrip_warming_cooling_starts.csv,0.0,0.0,5.0,5.0,True
cooling,NGRIP cooling starts (GS),16.6,16.8,16.700000000000003,0.1999999999999993,4.841,0.3373593294615695,211.50387093060155,-0.11331164336093832,-0.0018959999999999804,26.63148267813733,1.4987414494189863,85.87155963302766,0.9974051702905277,0.07199254320916468,False,0,35,NGRIP/data/processed/ngrip_warming_cooling_starts.csv,0.0,0.0,5.0,5.0,True
cooling,NGRIP cooling starts (GS),16.8,17.0,16.9,0.1999999999999993,4.867,0.35229327546961076,204.02193047121378,-0.19066581942730718,-0.000794,26.68912658003806,1.5563853513197152,89.17431192660557,0.9998961636899731,0.014410476677556034,False,0,35,NGRIP/data/processed/ngrip_warming_cooling_starts.csv,0.0,0.0,5.0,5.0,True
cooling,NGRIP cooling starts (GS),17.0,17.2,17.1,0.1999999999999993,4.894,0.367801604016423,201.70745785584967,-0.21459465488937318,0.000313,26.74677048193879,1.614029253220444,92.47706422018348,0.9990656025890314,-0.04321946000837385,False,0,35,NGRIP/data/processed/ngrip_warming_cooling_starts.csv,0.0,0.0,5.0,5.0,True
cooling,NGRIP cooling starts (GS),17.2,17.4,17.299999999999997,0.1999999999999993,4.922,0.38388431510200577,195.25767841300186,-0.2812775398066532,0.0014209999999999802,26.804414383839518,1.671673155121173,95.77981651376139,0.9949162460281539,-0.10070582599455692,False,0,35,NGRIP/data/processed/ngrip_warming_cooling_starts.csv,0.0,0.0,5.0,5.0,True
cooling,NGRIP cooling starts (GS),17.4,17.6,17.5,0.20000000000000284,4.949999999999999,0.3999670261875885,191.5391553913457,-0.319722550975263,0.002525,26.86205828574025,1.7293170570219054,99.0825688073395,0.9874618777525516,-0.1578576573543549,False,0,35,NGRIP/data/processed/ngrip_warming_cooling_starts.csv,0.0,0.0,5.0,5.0,True
cooling,NGRIP cooling starts (GS),17.6,17.8,17.700000000000003,0.1999999999999993,4.978,0.4160497372731718,190.8402182840855,-0.32694871166817346,0.003619000000000019,26.91970218764098,1.7869609589226343,102.38532110091741,0.9767272604239823,-0.21448510145150504,False,0,35,NGRIP/data/processed/ngrip_warming_cooling_starts.csv,0.0,0.0,5.0,5.0,True
cooling,NGRIP cooling starts (GS),17.8,18.0,17.9,0.1999999999999993,5.005999999999999,0.43213244835875453,191.3234765587536,-0.321952408120034,0.0047,26.977346089541708,1.8446048608233632,105.68807339449532,0.9627480533616752,-0.2704000476115062,False,0,35,NGRIP/data/processed/ngrip_warming_cooling_starts.csv,1.0,0.2,5.0,5.0,True
cooling,NGRIP cooling starts (GS),18.0,18.2,18.1,0.1999999999999993,5.013999999999999,0.4367275086689211,188.60885009508044,-0.35001834830830725,0.005763,27.03498999144244,1.9022487627240956,108.99082568807343,0.94557069408566,-0.32541675200635145,False,0,35,NGRIP/data/processed/ngrip_warming_cooling_starts.csv,2.0,0.4,5.0,5.0,True
cooling,NGRIP cooling starts (GS),18.2,18.4,18.299999999999997,0.1999999999999993,5.002,0.42983491820367153,188.75166342733996,-0.3485418319275378,0.006804999999999982,27.09263389334317,1.9598926646248245,112.29357798165134,0.9252522440559978,-0.37935245467683504,False,0,35,NGRIP/data/processed/ngrip_warming_cooling_starts.csv,2.0,0.4,5.0,5.0,True
cooling,NGRIP cooling starts (GS),18.4,18.6,18.5,0.20000000000000284,4.99,0.4229423277384219,187.31987546879793,-0.36334478023165057,0.007822,27.150277795243902,2.017536566525557,115.59633027522945,0.9018601991203431,-0.4320279866427811,False,0,35,NGRIP/data/processed/ngrip_warming_cooling_starts.csv,2.0,0.4,5.0,5.0,True
cooling,NGRIP cooling starts (GS),18.6,18.8,18.700000000000003,0.1999999999999993,4.978,0.4160497372731718,193.04876599050695,-0.3041150110980035,0.008807000000000018,27.20792169714463,2.075180468426286,118.89908256880736,0.8754722652995345,-0.48326836508435106,False,0,35,NGRIP/data/processed/ngrip_warming_cooling_starts.csv,2.0,0.4,5.0,5.0,True
cooling,NGRIP cooling starts (GS),18.8,19.0,18.9,0.1999999999999993,4.966,0.40915714680792215,189.59702766801664,-0.3398017925395651,0.009756,27.26556559904536,2.1328243703270147,122.20183486238527,0.8461761006559986,-0.5329033746173966,False,0,35,NGRIP/data/processed/ngrip_warming_cooling_starts.csv,2.0,0.4,5.0,5.0,True
cooling,NGRIP cooling starts (GS),19.0,19.2,19.1,0.1999999999999993,4.963,0.40743399919160966,191.62489003394273,-0.3188361589123434,0.010661,27.323209500946092,2.190468272227747,125.50458715596338,0.8140690241024862,-0.580768132731838,False,0,35,NGRIP/data/processed/ngrip_warming_cooling_starts.csv,2.0,0.4,5.0,5.0,True
cooling,NGRIP cooling starts (GS),19.2,19.4,19.299999999999997,0.1999999999999993,4.969,0.4108802944242347,191.57676221107488,-0.31933374214011956,0.011521999999999984,27.38085340284682,2.248112174128476,128.8073394495413,0.779257692118437,-0.6267036375147725,False,0,35,NGRIP/data/processed/ngrip_warming_cooling_starts.csv,2.0,0.4,5.0,5.0,True
cooling,NGRIP cooling starts (GS),19.4,19.6,19.5,0.20000000000000284,4.975,0.41432658965685926,190.34597592549989,-0.33205857730169613,0.012338,27.43849730474755,2.305756076029205,132.1100917431192,0.7418577444478694,-0.6705572958388565,False,0,35,NGRIP/data/processed/ngrip_warming_cooling_starts.csv,2.0,0.4,5.0,5.0,True
cooling,NGRIP cooling starts (GS),19.6,19.8,19.700000000000003,0.1999999999999993,4.981,0.41777288488948433,192.37017003713598,-0.31113086896801906,0.013111000000000013,27.496141206648282,2.3633999779299373,135.41284403669732,0.7019934199557859,-0.7121834302613195,False,0,35,NGRIP/data/processed/ngrip_warming_cooling_starts.csv,2.0,0.4,5.0,5.0,True
cooling,NGRIP cooling starts (GS),19.8,20.0,19.9,0.1999999999999993,4.987,0.42121918012210935,195.77632847688537,-0.275915328148294,0.013841,27.55378510854901,2.421043879830666,138.71559633027522,0.6597971439191648,-0.7514437629497718,False,0,35,NGRIP/data/processed/ngrip_warming_cooling_starts.csv,2.0,0.4,5.0,5.0,True
cooling,NGRIP cooling starts (GS),20.0,20.2,20.1,0.1999999999999993,4.982,0.41834726742825534,192.3652443313857,-0.31118179478224156,0.014531,27.611429010449744,2.4786877817313986,142.01834862385334,0.615409088123491,-0.7882078750272755,False,0,35,NGRIP/data/processed/ngrip_warming_cooling_starts.csv,2.0,0.4,5.0,5.0,True
cooling,NGRIP cooling starts (GS),20.2,20.4,20.299999999999997,0.1999999999999993,4.966,0.40915714680792215,190.25759801976974,-0.33297229749465074,0.015177999999999988,27.669072912350472,2.5363316836321275,145.32110091743124,0.5689767052262016,-0.8223536398107181,False,0,35,NGRIP/data/processed/ngrip_warming_cooling_starts.csv,2.0,0.4,5.0,5.0,True
cooling,NGRIP cooling starts (GS),20.4,20.6,20.5,0.20000000000000284,4.95,0.399967026187589,192.8048456078173,-0.3066368515658833,0.015778,27.7267168142512,2.5939755855328563,148.62385321100916,0.5206542389337672,-0.8537676285033884,False,0,35,NGRIP/data/processed/ngrip_warming_cooling_starts.csv,2.0,0.4,5.0,5.0,True
cooling,NGRIP cooling starts (GS),20.6,20.8,20.700000000000003,0.1999999999999993,4.934,0.39077690556725586,188.77473245423263,-0.3483033262113239,0.01632500000000001,27.784360716151934,2.6516194874335888,151.92660550458726,0.47060221161961896,-0.8823454869940252,False,0,35,NGRIP/data/processed/ngrip_warming_cooling_starts.csv,2.0,0.4,5.0,5.0,True
cooling,NGRIP cooling starts (GS),20.8,21.0,20.9,0.1999999999999993,4.918,0.3815867849469227,191.71699145433823,-0.31788394210068777,0.016816,27.842004618052663,2.7092633893343177,155.22935779816518,0.41898689108497705,-0.9079922825106751,False,0,35,NGRIP/data/processed/ngrip_warming_cooling_starts.csv,2.0,0.4,5.0,5.0,True
cooling,NGRIP cooling starts (GS),21.0,21.2,21.1,0.1999999999999993,4.907,0.3752685770204436,188.7689430650394,-0.34836318146323375,0.017245,27.89964851995339,2.7669072912350465,158.53211009174308,0.36597973823391666,-0.9306228189778251,False,0,35,NGRIP/data/processed/ngrip_warming_cooling_starts.csv,2.0,0.4,5.0,5.0,True
cooling,NGRIP cooling starts (GS),21.2,21.4,21.299999999999997,0.1999999999999993,4.901,0.37182228178781856,188.20081307421907,-0.3542369554630466,0.017610999999999995,27.95729242185412,2.8245511931357754,161.834862385321,0.3117568374975006,-0.9501619200291901,False,0,35,NGRIP/data/processed/ngrip_warming_cooling_starts.csv,2.0,0.4,5.0,5.0,True
cooling,NGRIP cooling starts (GS),21.4,21.6,21.5,0.20000000000000284,4.895,0.3683759865551935,185.80839309376046,-0.37897167199783144,0.017914,28.014936323754853,2.882195095036508,165.1376146788991,0.2564983118990005,-0.9665446787360443,False,0,35,NGRIP/data/processed/ngrip_warming_cooling_starts.csv,2.0,0.4,5.0,5.0,True
cooling,NGRIP cooling starts (GS),21.6,21.8,21.700000000000003,0.1999999999999993,4.889,0.3649296913225689,186.87075914898352,-0.36798809743870114,0.018153000000000002,28.072580225655585,2.9398389969372403,168.44036697247722,0.20038772470333835,-0.979716673221508,False,0,35,NGRIP/data/processed/ngrip_warming_cooling_starts.csv,2.0,0.4,5.0,5.0,True
cooling,NGRIP cooling starts (GS),21.8,22.0,21.9,0.1999999999999993,4.883,0.3614833960899439,190.4695358864137,-0.3307811173936468,0.01833,28.130224127556314,2.997482898837969,171.74311926605512,0.14361146963837365,-0.9896341474445526,False,0,35,NGRIP/data/processed/ngrip_warming_cooling_starts.csv,2.0,0.4,5.0,5.0,True
cooling,NGRIP cooling starts (GS),22.0,22.2,22.1,0.1999999999999993,4.878,0.35861148339608984,188.36642222066652,-0.35252475805355993,0.018442,28.187868029457043,3.055126800738698,175.04587155963304,0.08635815171367738,-0.9962641565531691,False,0,35,NGRIP/data/processed/ngrip_warming_cooling_starts.csv,2.0,0.4,5.0,5.0,True
cooling,NGRIP cooling starts (GS),22.2,22.4,22.299999999999997,0.1999999999999993,4.874,0.3563139532410063,187.1956916440011,-0.3646286901344454,0.018492,28.245511931357772,3.112770702639427,178.34862385321094,0.02881796069366777,-0.9995846763238512,False,0,35,NGRIP/data/processed/ngrip_warming_cooling_starts.csv,2.0,0.4,5.0,5.0,True
cooling,NGRIP cooling starts (GS),22.4,22.6,22.5,0.20000000000000284,4.87,0.35401642308592324,185.25875246004816,-0.38465428850409683,0.01848,28.30238381671519,3.1696425879968437,181.6071428571428,-0.028046256275867727,-0.9996066263830529,False,0,35,NGRIP/data/processed/ngrip_warming_cooling_starts.csv,3.0,0.6,5.0,5.0,True
cooling,NGRIP cooling starts (GS),22.6,22.8,22.700000000000003,0.1999999999999993,4.8660000000000005,0.35171889293084024,189.24932214657923,-0.3433966452746961,0.018405999999999995,28.358483685529293,3.2257424568109485,184.82142857142858,-0.08405052492924764,-0.9964614941176191,False,0,35,NGRIP/data/processed/ngrip_warming_cooling_starts.csv,3.0,0.6,5.0,5.0,True
cooling,NGRIP cooling starts (GS),22.8,23.0,22.9,0.1999999999999993,4.862,0.3494213627757567,187.48472635495108,-0.3616404223125512,0.018273,28.414583554343398,3.2818423256250533,188.03571428571436,-0.13979033953550088,-0.9901811253364454,False,1,35,NGRIP/data/processed/ngrip_warming_cooling_starts.csv,2.0,0.4,5.0,5.0,True
cooling,NGRIP cooling starts (GS),23.0,23.2,23.1,0.1999999999999993,4.855,0.3454006850043611,190.11560192201068,-0.33444036466337695,0.018083,28.4706834231575,3.3379421944391545,191.24999999999997,-0.1950903220161275,-0.9807852804032307,False,1,35,NGRIP/data/processed/ngrip_warming_cooling_starts.csv,1.0,0.2,5.0,5.0,True
cooling,NGRIP cooling starts (GS),23.2,23.4,23.299999999999997,0.1999999999999993,4.845000000000001,0.33965685961665304,196.49146631243423,-0.2685216716038399,0.017836000000000005,28.526783291971604,3.3940420632532593,194.46428571428575,-0.24977647816722737,-0.9683035221222613,False,0,35,NGRIP/data/processed/ngrip_warming_cooling_starts.csv,1.0,0.2,5.0,5.0,True
cooling,NGRIP cooling starts (GS),23.4,23.6,23.5,0.20000000000000284,4.835,0.3339130342289444,187.2049129757371,-0.3645333527654106,0.017534,28.58288316078571,3.450141932067364,197.67857142857153,-0.3036767451096165,-0.9527751227228958,False,0,35,NGRIP/data/processed/ngrip_warming_cooling_starts.csv,2.0,0.4,5.0,5.0,True
cooling,NGRIP cooling starts (GS),23.6,23.8,23.700000000000003,0.1999999999999993,4.824999999999999,0.32816920884123585,186.21747326731506,-0.37474227991135756,0.017179999999999994,28.63898302959981,3.5062418008814653,200.89285714285714,-0.35662153266231267,-0.9342489402945999,False,0,35,NGRIP/data/processed/ngrip_warming_cooling_starts.csv,2.0,0.4,5.0,5.0,True
cooling,NGRIP cooling starts (GS),23.8,24.0,23.9,0.1999999999999993,4.8149999999999995,0.3224253834535277,183.32899018240448,-0.40460568638027034,0.016776,28.695082898413915,3.56234166969557,204.10714285714292,-0.408444256935997,-0.9127832650613185,False,0,35,NGRIP/data/processed/ngrip_warming_cooling_starts.csv,2.0,0.4,5.0,5.0,True
cooling,NGRIP cooling starts (GS),24.0,24.2,24.1,0.1999999999999993,4.811,0.3201278532984447,184.91971579470422,-0.3881595157972469,0.016323,28.75118276722802,3.618441538509675,207.3214285714287,-0.45898186446753975,-0.8884456359788713,False,0,35,NGRIP/data/processed/ngrip_warming_cooling_starts.csv,2.0,0.4,5.0,5.0,True
cooling,NGRIP cooling starts (GS),24.2,24.4,24.299999999999997,0.1999999999999993,4.813,0.3212766183759862,186.2291056291505,-0.37462201541976337,0.01582200000000001,28.80728263604212,3.674541407323776,210.5357142857143,-0.5080753452465295,-0.861312628232409,False,0,35,NGRIP/data/processed/ngrip_warming_cooling_starts.csv,2.0,0.4,5.0,5.0,True
cooling,NGRIP cooling starts (GS),24.4,24.6,24.5,0.20000000000000284,4.8149999999999995,0.3224253834535277,182.93248813958382,-0.4087050358735612,0.015272,28.863382504856226,3.730641276137881,213.75000000000009,-0.5555702330196034,-0.8314696123025445,False,0,35,NGRIP/data/processed/ngrip_warming_cooling_starts.csv,2.0,0.4,5.0,5.0,True
cooling,NGRIP cooling starts (GS),24.6,24.8,24.700000000000003,0.1999999999999993,4.817,0.32357414853106975,180.57941971761974,-0.4330329050936962,0.014670999999999988,28.919482373670327,3.786741144951982,216.96428571428567,-0.6013170912984052,-0.7990104853582495,False,0,35,NGRIP/data/processed/ngrip_warming_cooling_starts.csv,2.0,0.4,5.0,5.0,True
cooling,NGRIP cooling starts (GS),24.8,25.0,24.9,0.1999999999999993,4.819,0.3247229136086113,180.62872090749474,-0.43252319067635053,0.014018,28.975582242484432,3.842841013766087,220.17857142857147,-0.645171983542088,-0.7640373758216071,False,0,35,NGRIP/data/processed/ngrip_warming_cooling_starts.csv,2.0,0.4,5.0,5.0,True
cooling,NGRIP cooling starts (GS),25.0,25.2,25.1,0.1999999999999993,4.805,0.31668155806581966,180.67802209736973,-0.4320134762590048,0.013312,29.031682111298537,3.8989408825801917,223.39285714285725,-0.6869969260349029,-0.7266603220340258,False,0,35,NGRIP/data/processed/ngrip_warming_cooling_starts.csv,2.0,0.4,5.0,5.0,True
cooling,NGRIP cooling starts (GS),25.2,25.4,25.299999999999997,0.1999999999999993,4.775,0.29945008190269534,182.1244209309244,-0.4170594692550339,0.012557000000000014,29.087781980112638,3.955040751394293,226.60714285714283,-0.7266603220340268,-0.6869969260349019,False,0,35,NGRIP/data/processed/ngrip_warming_cooling_starts.csv,2.0,0.4,5.0,5.0,True
cooling,NGRIP cooling starts (GS),25.4,25.6,25.5,0.20000000000000284,4.745,0.2822186057395706,183.2161823906421,-0.40577198191991154,0.011762,29.143881848926743,4.011140620208398,229.82142857142864,-0.764037375821608,-0.6451719835420869,False,0,35,NGRIP/data/processed/ngrip_warming_cooling_starts.csv,3.0,0.6,5.0,5.0,True
cooling,NGRIP cooling starts (GS),25.6,25.8,25.700000000000003,0.1999999999999993,4.715,0.26498712957644577,185.41924355974754,-0.38299500548111387,0.010936999999999985,29.199981717740847,4.0672404890225025,233.03571428571442,-0.7990104853582504,-0.6013170912984039,False,0,35,NGRIP/data/processed/ngrip_warming_cooling_starts.csv,3.0,0.6,5.0,5.0,True
cooling,NGRIP cooling starts (GS),25.8,26.0,25.9,0.1999999999999993,4.6850000000000005,0.2477556534133215,185.53845231906308,-0.3817625317122031,0.010092,29.25608158655495,4.123340357836604,236.25,-0.8314696123025452,-0.5555702330196022,False,0,35,NGRIP/data/processed/ngrip_warming_cooling_starts.csv,3.0,0.6,5.0,5.0,True
cooling,NGRIP cooling starts (GS),26.0,26.2,26.1,0.1999999999999993,4.678,0.24373497564192545,184.53700526835567,-0.39211627776271707,0.009233,29.312181455369053,4.1794402266507085,239.4642857142858,-0.8613126282324096,-0.5080753452465283,False,0,35,NGRIP/data/processed/ngrip_warming_cooling_starts.csv,3.0,0.6,5.0,5.0,True
cooling,NGRIP cooling starts (GS),26.2,26.4,26.299999999999997,0.1999999999999993,4.694,0.25292509626225856,183.96673878644222,-0.3980121404852455,0.008365000000000015,29.368281324183155,4.23554009546481,242.6785714285714,-0.8884456359788719,-0.4589818644675384,False,0,35,NGRIP/data/processed/ngrip_warming_cooling_starts.csv,3.0,0.6,5.0,5.0,True
cooling,NGRIP cooling starts (GS),26.4,26.6,26.5,0.20000000000000284,4.71,0.26211521688259176,185.75580927801857,-0.37951532477924793,0.007483,29.42438119299726,4.2916399642789145,245.89285714285717,-0.9127832650613191,-0.4084442569359957,False,0,35,NGRIP/data/processed/ngrip_warming_cooling_starts.csv,3.0,0.6,5.0,5.0,True
cooling,NGRIP cooling starts (GS),26.6,26.8,26.700000000000003,0.1999999999999993,4.726,0.2713053375029249,185.43830504833983,-0.38279793284298497,0.006583999999999983,29.480481061811364,4.347739833093019,249.10714285714297,-0.9342489402946005,-0.35662153266231134,False,0,35,NGRIP/data/processed/ngrip_warming_cooling_starts.csv,3.0,0.6,5.0,5.0,True
cooling,NGRIP cooling starts (GS),26.8,27.0,26.9,0.1999999999999993,4.742,0.28049545812325805,187.14975608739618,-0.365103607992,0.005667,29.536580930625465,4.4038397019071205,252.32142857142856,-0.9527751227228962,-0.3036767451096151,False,0,35,NGRIP/data/processed/ngrip_warming_cooling_starts.csv,4.0,0.8,5.0,5.0,True
cooling,NGRIP cooling starts (GS),27.0,27.2,27.1,0.1999999999999993,4.75,0.28509051843342464,187.81214666443117,-0.3582552940286915,0.004728,29.59268079943957,4.459939570721225,255.53571428571433,-0.9683035221222617,-0.24977647816722595,False,0,35,NGRIP/data/processed/ngrip_warming_cooling_starts.csv,4.0,0.8,5.0,5.0,True
cooling,NGRIP cooling starts (GS),27.2,27.4,27.299999999999997,0.1999999999999993,4.75,0.28509051843342464,190.29411706554006,-0.3325947349209271,0.003773000000000017,29.64878066825367,4.5160394395353265,258.74999999999994,-0.9807852804032302,-0.19509032201612952,False,0,35,NGRIP/data/processed/ngrip_warming_cooling_starts.csv,4.0,0.8,5.0,5.0,True
cooling,NGRIP cooling starts (GS),27.4,27.6,27.5,0.20000000000000284,4.75,0.28509051843342464,191.2668708429512,-0.3225376424626903,0.002806,29.704880537067776,4.572139308349431,261.9642857142857,-0.9901811253364456,-0.13979033953549944,False,1,35,NGRIP/data/processed/ngrip_warming_cooling_starts.csv,3.0,0.6,5.0,5.0,True
cooling,NGRIP cooling starts (GS),27.6,27.8,27.700000000000003,0.1999999999999993,4.75,0.28509051843342464,191.7028311996386,-0.318030341933876,0.0018359999999999828,29.76098040588188,4.628239177163536,265.1785714285715,-0.9964614941176193,-0.08405052492924618,False,0,35,NGRIP/data/processed/ngrip_warming_cooling_starts.csv,3.0,0.6,5.0,5.0,True
cooling,NGRIP cooling starts (GS),27.8,28.0,27.9,0.1999999999999993,4.75,0.28509051843342464,189.17440217010716,-0.3441712268264161,0.000867,29.817080274695982,4.684339045977637,268.3928571428571,-0.9996066263830529,-0.028046256275869808,False,0,35,NGRIP/data/processed/ngrip_warming_cooling_starts.csv,3.0,0.6,5.0,5.0,True
cooling,NGRIP cooling starts (GS),28.0,28.2,28.1,0.1999999999999993,4.748,0.2839417533558831,190.00054291979356,-0.33562993498458377,-9.3e-05,29.873180143510087,4.740438914791742,271.6071428571429,-0.9996066263830529,0.02804625627586944,False,0,35,NGRIP/data/processed/ngrip_warming_cooling_starts.csv,3.0,0.6,5.0,5.0,True
cooling,NGRIP cooling starts (GS),28.2,28.4,28.299999999999997,0.1999999999999993,4.744,0.28164422320079957,191.8951888609799,-0.31604159737170295,-0.0010429999999999834,29.929280012324188,4.796538783605843,274.8214285714285,-0.9964614941176193,0.0840505249292458,False,0,35,NGRIP/data/processed/ngrip_warming_cooling_starts.csv,4.0,0.8,5.0,5.0,True
cooling,NGRIP cooling starts (GS),28.4,28.6,28.5,0.20000000000000284,4.74,0.2793466930457165,191.32364098910003,-0.321950708109985,-0.001978,29.985379881138293,4.852638652419948,278.0357142857143,-0.9901811253364456,0.13979033953549908,False,1,35,NGRIP/data/processed/ngrip_warming_cooling_starts.csv,3.0,0.6,5.0,5.0,True
cooling,NGRIP cooling starts (GS),28.6,28.8,28.700000000000003,0.1999999999999993,4.736000000000001,0.27704916289063347,193.55750124952098,-0.29885530647852016,-0.002896000000000016,30.041479749952398,4.908738521234053,281.25000000000006,-0.9807852804032303,0.19509032201612916,False,0,35,NGRIP/data/processed/ngrip_warming_cooling_starts.csv,3.0,0.6,5.0,5.0,True
cooling,NGRIP cooling starts (GS),28.8,29.0,28.9,0.1999999999999993,4.732,0.27475163273555,192.74097739395995,-0.30729717131669965,-0.003795,30.0975796187665,4.964838390048154,284.46428571428567,-0.9683035221222618,0.2497764781672256,False,0,35,NGRIP/data/processed/ngrip_warming_cooling_starts.csv,3.0,0.6,5.0,5.0,True
cooling,NGRIP cooling starts (GS),29.0,29.2,29.1,0.1999999999999993,4.719,0.2672846597315293,192.48177688984026,-0.3099769896794626,-0.004673,30.153679487580604,5.020938258862259,287.67857142857144,-0.9527751227228963,0.30367674510961473,False,0,35,NGRIP/data/processed/ngrip_warming_cooling_starts.csv,3.0,0.6,5.0,5.0,True
cooling,NGRIP cooling starts (GS),29.2,29.4,29.299999999999997,0.1999999999999993,4.697000000000001,0.25464824387857166,191.45568285917045,-0.32058555556419793,-0.005526999999999985,30.209779356394705,5.07703812767636,290.89285714285705,-0.9342489402946006,0.35662153266231095,False,0,35,NGRIP/data/processed/ngrip_warming_cooling_starts.csv,3.0,0.6,5.0,5.0,True
cooling,NGRIP cooling starts (GS),29.4,29.6,29.5,0.20000000000000284,4.675000000000001,0.2420118280256134,189.22646077788986,-0.3436330040573295,-0.006355,30.26587922520881,5.133137996490465,294.10714285714283,-0.9127832650613192,0.40844425693599534,False,0,35,NGRIP/data/processed/ngrip_warming_cooling_starts.csv,3.0,0.6,5.0,5.0,True
cooling,NGRIP cooling starts (GS),29.6,29.8,29.700000000000003,0.1999999999999993,4.653,0.2293754121726547,190.23413941497344,-0.33321483097316934,-0.007156000000000014,30.321979094022915,5.18923786530457,297.3214285714286,-0.888445635978872,0.4589818644675381,False,0,35,NGRIP/data/processed/ngrip_warming_cooling_starts.csv,4.0,0.8,5.0,5.0,True
cooling,NGRIP cooling starts (GS),29.8,30.0,29.9,0.1999999999999993,4.631,0.216738996319697,191.1892621296358,-0.323340022287372,-0.007928,30.378078962837016,5.245337734118671,300.5357142857142,-0.8613126282324098,0.508075345246528,False,0,35,NGRIP/data/processed/ngrip_warming_cooling_starts.csv,4.0,0.8,5.0,5.0,True
cooling,NGRIP cooling starts (GS),30.0,30.2,30.1,0.1999999999999993,4.62,0.2104207883932179,188.29537198711853,-0.35325933116400643,-0.008667,30.43417883165112,5.301437602932776,303.75,-0.8314696123025455,0.5555702330196018,False,0,35,NGRIP/data/processed/ngrip_warming_cooling_starts.csv,4.0,0.8,5.0,5.0,True
cooling,NGRIP cooling starts (GS),30.2,30.4,30.299999999999997,0.1999999999999993,4.62,0.2104207883932179,186.18160660041323,-0.37511309768002293,-0.009372999999999987,30.490278700465222,5.357537471746877,306.96428571428555,-0.7990104853582506,0.6013170912984037,False,0,35,NGRIP/data/processed/ngrip_warming_cooling_starts.csv,4.0,0.8,5.0,5.0,True
cooling,NGRIP cooling starts (GS),30.4,30.6,30.5,0.20000000000000284,4.62,0.2104207883932179,183.24183721332372,-0.40550674221619604,-0.010045,30.546378569279327,5.413637340560982,310.1785714285714,-0.7640373758216082,0.6451719835420866,False,1,35,NGRIP/data/processed/ngrip_warming_cooling_starts.csv,3.0,0.6,5.0,5.0,True
cooling,NGRIP cooling starts (GS),30.6,30.8,30.700000000000003,0.1999999999999993,4.62,0.2104207883932179,186.84635616845466,-0.36824039461516495,-0.010682000000000011,30.60247843809343,5.4697372093750865,313.39285714285717,-0.7266603220340271,0.6869969260349017,False,0,35,NGRIP/data/processed/ngrip_warming_cooling_starts.csv,3.0,0.6,5.0,5.0,True
cooling,NGRIP cooling starts (GS),30.8,31.0,30.9,0.1999999999999993,4.62,0.2104207883932179,189.4522545428439,-0.34129857079850456,-0.011285,30.658578306907533,5.525837078189188,316.6071428571427,-0.6869969260349033,0.7266603220340255,False,0,35,NGRIP/data/processed/ngrip_warming_cooling_starts.csv,3.0,0.6,5.0,5.0,True
cooling,NGRIP cooling starts (GS),31.0,31.2,31.1,0.1999999999999993,4.618,0.20927202331567638,188.0363763403401,-0.3559370315507001,-0.011855,30.714678175721637,5.5819369470032925,319.82142857142856,-0.6451719835420883,0.7640373758216068,False,0,35,NGRIP/data/processed/ngrip_warming_cooling_starts.csv,3.0,0.6,5.0,5.0,True
cooling,NGRIP cooling starts (GS),31.2,31.4,31.299999999999997,0.1999999999999993,4.614,0.20697449316059283,188.36850618335362,-0.35250321241075666,-0.012389999999999991,30.770778044535742,5.638036815817397,323.03571428571433,-0.6013170912984055,0.7990104853582493,False,0,35,NGRIP/data/processed/ngrip_warming_cooling_starts.csv,3.0,0.6,5.0,5.0,True
cooling,NGRIP cooling starts (GS),31.4,31.6,31.5,0.20000000000000284,4.609999999999999,0.20467696300550928,189.73539146137358,-0.33837127898621083,-0.012884,30.826877913349843,5.6941366846314985,326.2499999999999,-0.5555702330196037,0.8314696123025442,False,0,35,NGRIP/data/processed/ngrip_warming_cooling_starts.csv,4.0,0.8,5.0,5.0,True
cooling,NGRIP cooling starts (GS),31.6,31.8,31.700000000000003,0.1999999999999993,4.606,0.20237943285042626,192.41863643109266,-0.31062978532644536,-0.013333000000000006,30.882977782163948,5.750236553445603,329.4642857142857,-0.5080753452465299,0.8613126282324087,False,0,35,NGRIP/data/processed/ngrip_warming_cooling_starts.csv,4.0,0.8,5.0,5.0,True
cooling,NGRIP cooling starts (GS),31.8,32.0,31.9,0.1999999999999993,4.601999999999999,0.2000819026953427,192.63057085588596,-0.3084386408099964,-0.013734,30.939077650978053,5.806336422259708,332.6785714285715,-0.4589818644675369,0.8884456359788727,False,1,35,NGRIP/data/processed/ngrip_warming_cooling_starts.csv,3.0,0.6,5.0,5.0,True
cooling,NGRIP cooling starts (GS),32.0,32.2,32.1,0.20000000000000284,4.598,0.19778437254025968,194.6596257733727,-0.2874606776482253,-0.014082,30.995177519792154,5.862436291073809,335.89285714285705,-0.40844425693599734,0.9127832650613183,False,0,35,NGRIP/data/processed/ngrip_warming_cooling_starts.csv,3.0,0.6,5.0,5.0,True
cooling,NGRIP cooling starts (GS),32.2,32.4,32.3,0.19999999999999574,4.593999999999999,0.19548684238517613,192.68831970123586,-0.3078415878963742,-0.014377,31.05127738860626,5.918536159887914,339.1071428571429,-0.35662153266231306,0.9342489402945998,False,0,35,NGRIP/data/processed/ngrip_warming_cooling_starts.csv,3.0,0.6,5.0,5.0,True
cooling,NGRIP cooling starts (GS),32.4,32.6,32.5,0.20000000000000284,4.59,0.1931893122300931,194.5346142375978,-0.28875314507711625,-0.014624,31.107377257420364,5.974636028702019,342.32142857142867,-0.30367674510961346,0.9527751227228967,False,0,35,NGRIP/data/processed/ngrip_warming_cooling_starts.csv,3.0,0.6,5.0,5.0,True
cooling,NGRIP cooling starts (GS),32.6,32.8,32.7,0.19999999999999574,4.586,0.19089178207501006,195.60515136633603,-0.27768509154321,-0.014826,31.163477126234465,6.03073589751612,345.5357142857142,-0.24977647816722773,0.9683035221222612,False,0,35,NGRIP/data/processed/ngrip_warming_cooling_starts.csv,3.0,0.6,5.0,5.0,True
cooling,NGRIP cooling starts (GS),32.8,33.0,32.9,0.20000000000000284,4.582,0.18859425191992651,196.64579538938875,-0.26692609641105397,-0.014987,31.21957699504857,6.086835766330225,348.75000000000006,-0.19509032201612786,0.9807852804032305,False,0,35,NGRIP/data/processed/ngrip_warming_cooling_starts.csv,3.0,0.6,5.0,5.0,True
cooling,NGRIP cooling starts (GS),33.0,33.2,33.1,0.20000000000000284,4.581,0.18801986938115603,197.18834815953014,-0.2613167598045118,-0.015108,31.27567686386267,6.142935635144326,351.9642857142856,-0.13979033953550127,0.9901811253364453,False,0,35,NGRIP/data/processed/ngrip_warming_cooling_starts.csv,3.0,0.6,5.0,5.0,True
cooling,NGRIP cooling starts (GS),33.2,33.4,33.3,0.19999999999999574,4.583,0.18916863445869755,197.2234899509596,-0.26095343636772733,-0.015191,31.331776732676776,6.199035503958431,355.1785714285714,-0.08405052492924801,0.9964614941176191,False,1,35,NGRIP/data/processed/ngrip_warming_cooling_starts.csv,2.0,0.4,5.0,5.0,True
cooling,NGRIP cooling starts (GS),33.4,33.6,33.5,0.20000000000000284,4.585,0.19031739953623905,197.2160401219438,-0.26103045855047263,-0.015234,31.38787660149088,6.255135372772536,358.3928571428572,-0.02804625627586809,0.9996066263830529,False,0,35,NGRIP/data/processed/ngrip_warming_cooling_starts.csv,2.0,0.4,5.0,5.0,True
cooling,NGRIP cooling starts (GS),33.6,33.8,33.7,0.19999999999999574,4.587,0.19146616461378058,199.39182028264528,-0.23853553460043792,-0.015236,31.43919759259119,0.023271056693257464,1.3333333333333182,0.023268956374056057,0.9997292411794617,False,0,35,NGRIP/data/processed/ngrip_warming_cooling_starts.csv,2.0,0.4,5.0,5.0,True
cooling,NGRIP cooling starts (GS),33.8,34.0,33.9,0.20000000000000284,4.5889999999999995,0.1926149296913221,194.73776975746475,-0.2866527637739043,-0.015198,31.485739705977704,0.06981317007977239,3.9999999999999547,0.06975647374412451,0.9975640502598243,False,0,35,NGRIP/data/processed/ngrip_warming_cooling_starts.csv,2.0,0.4,5.0,5.0,True
cooling,NGRIP cooling starts (GS),34.0,34.2,34.1,0.20000000000000284,4.585,0.19031739953623905,195.63528533923454,-0.277373542867058,-0.01512,31.53228181936422,0.11635528346628732,6.6666666666665915,0.11609291412522892,0.9932383577419431,False,0,35,NGRIP/data/processed/ngrip_warming_cooling_starts.csv,2.0,0.4,5.0,5.0,True
cooling,NGRIP cooling starts (GS),34.2,34.4,34.3,0.19999999999999574,4.575,0.18457357414853096,196.16849102656772,-0.2718608437428879,-0.015003,31.578823932750733,0.16289739685280225,9.333333333333227,0.1621779231055656,0.9867615321125794,False,0,35,NGRIP/data/processed/ngrip_warming_cooling_starts.csv,2.0,0.4,5.0,5.0,True
cooling,NGRIP cooling starts (GS),34.4,34.6,34.5,0.20000000000000284,4.5649999999999995,0.17882974876082236,198.76632977449412,-0.24500234667385642,-0.014847,31.625366046137252,0.20943951023932073,12.000000000000068,0.20791169081776048,0.9781476007338054,False,0,35,NGRIP/data/processed/ngrip_warming_cooling_starts.csv,2.0,0.4,5.0,5.0,True
cooling,NGRIP cooling starts (GS),34.6,34.8,34.7,0.19999999999999574,4.555,0.17308592337311426,197.4533800277773,-0.25857665222000575,-0.014651,31.671908159523767,0.25598162362583565,14.666666666666705,0.25319516810480236,0.9674152194628638,False,1,35,NGRIP/data/processed/ngrip_warming_cooling_starts.csv,1.0,0.2,5.0,5.0,True
cooling,NGRIP cooling starts (GS),34.8,35.0,34.9,0.20000000000000284,4.545,0.16734209798540617,202.4496904029269,-0.20692087193955538,-0.014414,31.71845027291028,0.3025237370123506,17.33333333333334,0.2979302810384821,0.9545876322477319,False,0,35,NGRIP/data/processed/ngrip_warming_cooling_starts.csv,2.0,0.4,5.0,5.0,True
cooling,NGRIP cooling starts (GS),35.0,35.2,35.1,0.20000000000000284,4.531,0.15930074244261455,199.44036160641156,-0.23803367627565006,-0.014138,31.764992386296797,0.3490658503988655,19.99999999999998,0.3420201433256683,0.9396926207859085,False,0,35,NGRIP/data/processed/ngrip_warming_cooling_starts.csv,2.0,0.4,5.0,5.0,True
cooling,NGRIP cooling starts (GS),35.2,35.4,35.3,0.19999999999999574,4.513,0.14896185674473988,205.075335838199,-0.17977488750004333,-0.013822,31.81153449968331,0.39560796378538043,22.666666666666615,0.38536926614244743,0.9227624443554427,False,0,35,NGRIP/data/processed/ngrip_warming_cooling_starts.csv,2.0,0.4,5.0,5.0,True
cooling,NGRIP cooling starts (GS),35.4,35.6,35.5,0.20000000000000284,4.495,0.13862297104686522,201.3118987058626,-0.21868425601609298,-0.013469,31.858076613069827,0.44215007717189536,25.33333333333325,0.427883764941653,0.9038337699485212,False,0,35,NGRIP/data/processed/ngrip_warming_cooling_starts.csv,2.0,0.4,5.0,5.0,True
cooling,NGRIP cooling starts (GS),35.6,35.8,35.7,0.19999999999999574,4.477,0.12828408534899055,200.57406506520257,-0.22631255961689123,-0.013085,31.90461872645634,0.4886921905584103,27.999999999999886,0.46947156278588903,0.8829475928589279,False,0,35,NGRIP/data/processed/ngrip_warming_cooling_starts.csv,3.0,0.6,5.0,5.0,True
cooling,NGRIP cooling starts (GS),35.8,36.0,35.9,0.20000000000000284,4.4590000000000005,0.11794519965111587,201.1137640958452,-0.22073272721034007,-0.01267,31.951160839842856,0.5352343039449252,30.666666666666522,0.5100425897656731,0.8601491478953667,False,0,35,NGRIP/data/processed/ngrip_warming_cooling_starts.csv,3.0,0.6,5.0,5.0,True
cooling,NGRIP cooling starts (GS),36.0,36.2,36.1,0.20000000000000284,4.4510000000000005,0.1133501393409493,203.75773006924481,-0.1933973306604753,-0.012228,31.997702953229375,0.5817764173314437,33.333333333333364,0.5495089780708065,0.8354878114129362,False,0,35,NGRIP/data/processed/ngrip_warming_cooling_starts.csv,3.0,0.6,5.0,5.0,True
cooling,NGRIP cooling starts (GS),36.2,36.4,36.3,0.19999999999999574,4.453,0.11449890441849081,199.915116590032,-0.23312528642802932,-0.011762,32.044245066615886,0.6283185307179551,35.999999999999794,0.5877852522924703,0.8090169943749496,False,0,35,NGRIP/data/processed/ngrip_warming_cooling_starts.csv,3.0,0.6,5.0,5.0,True
cooling,NGRIP cooling starts (GS),36.4,36.6,36.5,0.20000000000000284,4.455,0.11564766949603232,198.99087804177026,-0.24268079034811985,-0.011274,32.0907871800024,0.67486064410447,38.66666666666643,0.624788514543957,0.7807940266766618,False,1,35,NGRIP/data/processed/ngrip_warming_cooling_starts.csv,2.0,0.4,5.0,5.0,True
cooling,NGRIP cooling starts (GS),36.6,36.8,36.7,0.19999999999999574,4.457,0.11679643457357385,203.75882513761482,-0.19338600898370467,-0.010765,32.13732929338892,0.721402757490992,41.33333333333348,0.6604386239990095,0.7508800329814975,False,0,35,NGRIP/data/processed/ngrip_warming_cooling_starts.csv,2.0,0.4,5.0,5.0,True
cooling,NGRIP cooling starts (GS),36.8,37.0,36.9,0.20000000000000284,4.459,0.11794519965111536,203.2634290290704,-0.19850780299034584,-0.010239,32.18387140677544,0.767944870877507,44.000000000000114,0.6946583704589987,0.7193398003386499,False,0,35,NGRIP/data/processed/ngrip_warming_cooling_starts.csv,2.0,0.4,5.0,5.0,True
cooling,NGRIP cooling starts (GS),37.0,37.2,37.1,0.20000000000000284,4.455,0.11564766949603232,209.41467584260653,-0.134911382833736,-0.009697,32.23041352016195,0.8144869842640219,46.66666666666675,0.7273736415730496,0.6862416378687326,False,0,35,NGRIP/data/processed/ngrip_warming_cooling_starts.csv,3.0,0.6,5.0,5.0,True
cooling,NGRIP cooling starts (GS),37.2,37.4,37.3,0.19999999999999574,4.445,0.10990384410832424,209.14567078909008,-0.13769256832771376,-0.00914,32.27695563354847,0.8610290976505368,49.333333333333385,0.7585135833488695,0.6516572288214545,False,0,35,NGRIP/data/processed/ngrip_warming_cooling_starts.csv,3.0,0.6,5.0,5.0,True
cooling,NGRIP cooling starts (GS),37.4,37.6,37.5,0.20000000000000284,4.4350000000000005,0.10416001872061614,210.9337652991428,-0.11920584308514955,-0.008565,32.32349774693498,0.9075712110370517,52.00000000000002,0.7880107536067222,0.615661475325658,False,0,35,NGRIP/data/processed/ngrip_warming_cooling_starts.csv,3.0,0.6,5.0,5.0,True
cooling,NGRIP cooling starts (GS),37.6,37.8,37.7,0.19999999999999574,4.425,0.09841619333290753,212.1183011115565,-0.1069591816357927,-0.007972,32.3700398603215,0.9541133244235667,54.66666666666666,0.815801268044172,0.5783323361679866,False,0,35,NGRIP/data/processed/ngrip_warming_cooling_starts.csv,3.0,0.6,5.0,5.0,True
cooling,NGRIP cooling starts (GS),37.8,38.0,37.9,0.20000000000000284,4.415,0.09267236794519945,214.06430327576328,-0.08683988305908305,-0.007358,32.41658197370801,1.0006554378100816,57.33333333333329,0.8418249385952571,0.5397506579515134,False,0,35,NGRIP/data/processed/ngrip_warming_cooling_starts.csv,3.0,0.6,5.0,5.0,True
cooling,NGRIP cooling starts (GS),38.0,38.2,38.1,0.20000000000000284,4.424,0.09784181079413704,213.46167237034877,-0.09307035460767435,-0.006724,32.46312408709453,1.0471975511965965,59.99999999999993,0.866025403784438,0.5000000000000011,False,0,35,NGRIP/data/processed/ngrip_warming_cooling_starts.csv,3.0,0.6,5.0,5.0,True
cooling,NGRIP cooling starts (GS),38.2,38.4,38.3,0.19999999999999574,4.452,0.1139245218797198,207.5351601787093,-0.15434329175813563,-0.006071,32.50966620048104,1.0937396645831114,62.66666666666657,0.8883502507930033,0.45916645338701323,False,0,35,NGRIP/data/processed/ngrip_warming_cooling_starts.csv,3.0,0.6,5.0,5.0,True
cooling,NGRIP cooling starts (GS),38.4,38.6,38.5,0.20000000000000284,4.48,0.13000723296530306,208.51035782955637,-0.14426093261713469,-0.005405,32.55620831386756,1.1402817779696264,65.3333333333332,0.9087511289735632,0.41733845448182,False,0,35,NGRIP/data/processed/ngrip_warming_cooling_starts.csv,3.0,0.6,5.0,5.0,True
cooling,NGRIP cooling starts (GS),38.6,38.8,38.7,0.19999999999999574,4.508,0.14608994405088582,205.61491609259772,-0.17419628309557716,-0.004733,32.60275042725407,1.1868238913561413,67.99999999999984,0.9271838545667863,0.3746065934159146,False,0,35,NGRIP/data/processed/ngrip_warming_cooling_starts.csv,3.0,0.6,5.0,5.0,True
cooling,NGRIP cooling starts (GS),38.8,39.0,38.9,0.20000000000000284,4.536,0.16217265513646859,205.75641166715045,-0.1727333907288209,-0.004059,32.64929254064059,1.2333660047426562,70.66666666666647,0.9436085063935824,0.33106341788496124,False,0,35,NGRIP/data/processed/ngrip_warming_cooling_starts.csv,3.0,0.6,5.0,5.0,True
cooling,NGRIP cooling starts (GS),39.0,39.2,39.1,0.20000000000000284,4.55,0.17021401067926023,206.39186288671291,-0.1661635969986465,-0.003387,32.6958346540271,1.2799081181291712,73.33333333333312,0.9579895123154878,0.286803232711094,False,0,35,NGRIP/data/processed/ngrip_warming_cooling_starts.csv,3.0,0.6,5.0,5.0,True
cooling,NGRIP cooling starts (GS),39.2,39.4,39.3,0.19999999999999574,4.55,0.17021401067926023,209.4264749012884,-0.1347893948992357,-0.002719,32.74237676741362,1.326450231515686,75.99999999999974,0.9702957262759954,0.24192189559967198,False,0,35,NGRIP/data/processed/ngrip_warming_cooling_starts.csv,4.0,0.8,5.0,5.0,True
cooling,NGRIP cooling starts (GS),39.4,39.6,39.5,0.20000000000000284,4.55,0.17021401067926023,199.8312879452392,-0.23399197278886105,-0.002054,32.78891888080013,1.372992344902201,78.66666666666639,0.9805004957559783,0.19651660953283495,False,0,35,NGRIP/data/processed/ngrip_warming_cooling_starts.csv,4.0,0.8,5.0,5.0,True
cooling,NGRIP cooling starts (GS),39.6,39.8,39.7,0.19999999999999574,4.55,0.17021401067926023,196.57281223487914,-0.26768065357633214,-0.001391,32.835460994186654,1.419534458288723,81.33333333333343,0.9885817194971119,0.1506857122494815,False,0,35,NGRIP/data/processed/ngrip_warming_cooling_starts.csv,4.0,0.8,5.0,5.0,True
cooling,NGRIP cooling starts (GS),39.8,40.0,39.9,0.20000000000000284,4.55,0.17021401067926023,197.433816744064,-0.25877891281015764,-0.000729,32.88200310757316,1.4660765716752309,83.99999999999966,0.9945218953682727,0.10452846326765941,False,1,35,NGRIP/data/processed/ngrip_warming_cooling_starts.csv,3.0,0.6,5.0,5.0,True
cooling,NGRIP cooling starts (GS),40.0,40.2,40.1,0.20000000000000284,4.545999999999999,0.16791648052417668,192.99663893459245,-0.3046539415376292,-6.8e-05,32.928545220959684,1.512618685061753,86.6666666666667,0.9983081582712683,0.05814482891047523,False,0,35,NGRIP/data/processed/ngrip_warming_cooling_starts.csv,3.0,0.6,5.0,5.0,True
cooling,NGRIP cooling starts (GS),40.2,40.4,40.3,0.19999999999999574,4.538,0.1633214202140106,197.6875067062792,-0.2561560667570533,0.00059,32.9750873343462,1.5591607984482678,89.33333333333334,0.9999323080037622,0.011635265801396944,False,0,35,NGRIP/data/processed/ngrip_warming_cooling_starts.csv,3.0,0.6,5.0,5.0,True
cooling,NGRIP cooling starts (GS),40.4,40.6,40.5,0.20000000000000284,4.529999999999999,0.15872635990384354,201.3563690935376,-0.21822448622553875,0.001245,33.021629447732714,1.6057029118347828,91.99999999999997,0.9993908270190958,-0.03489949670250051,False,0,35,NGRIP/data/processed/ngrip_warming_cooling_starts.csv,3.0,0.6,5.0,5.0,True
cooling,NGRIP cooling starts (GS),40.6,40.8,40.7,0.19999999999999574,4.521999999999999,0.15413129959367694,200.74144240258747,-0.22458208126092602,0.001895,33.06817156111923,1.6522450252212977,94.66666666666661,0.9966848880445062,-0.0813586746678573,False,1,35,NGRIP/data/processed/ngrip_warming_cooling_starts.csv,2.0,0.4,5.0,5.0,True
cooling,NGRIP cooling starts (GS),40.8,41.0,40.9,0.20000000000000284,4.514,0.1495362392835109,200.9420643453903,-0.22250789406703103,0.002542,33.114713674505744,1.6987871386078126,97.33333333333324,0.9918203515412619,-0.1276416478605931,False,0,35,NGRIP/data/processed/ngrip_warming_cooling_starts.csv,2.0,0.4,5.0,5.0,True
cooling,NGRIP cooling starts (GS),41.0,41.2,41.1,0.20000000000000284,4.5089999999999995,0.14666432658965634,201.3845446981945,-0.2179331846981828,0.003183,33.16125578789226,1.7453292519943275,99.99999999999989,0.9848077530122085,-0.17364817766692833,False,0,35,NGRIP/data/processed/ngrip_warming_cooling_starts.csv,2.0,0.4,5.0,5.0,True
cooling,NGRIP cooling starts (GS),41.2,41.4,41.3,0.19999999999999574,4.507,0.1455155615121148,204.11511444464875,-0.1897024103321962,0.003817,33.207797901278774,1.7918713653808425,102.66666666666653,0.9756622801842149,-0.2192786241879008,False,0,35,NGRIP/data/processed/ngrip_warming_cooling_starts.csv,2.0,0.4,5.0,5.0,True
cooling,NGRIP cooling starts (GS),41.4,41.6,41.5,0.20000000000000284,4.505,0.14436679643457329,205.03282474856312,-0.18021440052882481,0.004442,33.25434001466529,1.8384134787673574,105.33333333333316,0.9644037401149398,-0.2644341620371992,False,0,35,NGRIP/data/processed/ngrip_warming_cooling_starts.csv,2.0,0.4,5.0,5.0,True
cooling,NGRIP cooling starts (GS),41.6,41.8,41.7,0.19999999999999574,4.503,0.1432180313570318,202.81120298397252,-0.20318327097945654,0.005054,33.3008821280518,1.8849555921538723,107.9999999999998,0.9510565162951546,-0.30901699437494395,False,0,35,NGRIP/data/processed/ngrip_warming_cooling_starts.csv,2.0,0.4,5.0,5.0,True
cooling,NGRIP cooling starts (GS),41.8,42.0,41.9,0.20000000000000284,4.501,0.14206926627949026,199.8965550699326,-0.23331718999925163,0.005653,33.34742424143832,1.9314977055403872,110.66666666666643,0.9356495158395329,-0.352930564713865,False,0,35,NGRIP/data/processed/ngrip_warming_cooling_starts.csv,2.0,0.4,5.0,5.0,True
cooling,NGRIP cooling starts (GS),42.0,42.2,42.1,0.20000000000000284,4.4959999999999996,0.1391973535856357,200.3733404669805,-0.22838780814312615,0.006234,33.39396635482483,1.9780398189269022,113.33333333333307,0.9182161068802759,-0.3960797660391525,False,1,35,NGRIP/data/processed/ngrip_warming_cooling_starts.csv,1.0,0.2,5.0,5.0,True
cooling,NGRIP cooling starts (GS),42.2,42.4,42.3,0.19999999999999574,4.488,0.13460229327546963,200.85777872769884,-0.22337930497255173,0.006799,33.44050846821135,2.024581932313417,115.9999999999997,0.8987940462991693,-0.43837114678907274,False,0,35,NGRIP/data/processed/ngrip_warming_cooling_starts.csv,1.0,0.2,5.0,5.0,True
cooling,NGRIP cooling starts (GS),42.4,42.6,42.5,0.20000000000000284,4.48,0.13000723296530306,203.21288398153186,-0.19903037738502366,0.007345,33.48705058159786,2.071124045699932,118.66666666666634,0.8774253979545846,-0.4797131132502412,False,0,35,NGRIP/data/processed/ngrip_warming_cooling_starts.csv,1.0,0.2,5.0,5.0,True
cooling,NGRIP cooling starts (GS),42.6,42.8,42.7,0.19999999999999574,4.4719999999999995,0.125412172655136,205.32101961961345,-0.1772348156313427,0.007873,33.533592694984385,2.117666159086454,121.33333333333339,0.8541564415805252,-0.5200161279292161,False,0,35,NGRIP/data/processed/ngrip_warming_cooling_starts.csv,1.0,0.2,5.0,5.0,True
cooling,NGRIP cooling starts (GS),42.8,43.0,42.9,0.20000000000000284,4.464,0.12081711234496992,205.46623315557054,-0.17573348405985845,0.00838,33.58013480837089,2.164208272472962,123.99999999999962,0.8290375725550455,-0.5591929034707412,False,0,35,NGRIP/data/processed/ngrip_warming_cooling_starts.csv,1.0,0.2,5.0,5.0,True
cooling,NGRIP cooling starts (GS),43.0,43.2,43.1,0.20000000000000284,4.462,0.1196683472674279,203.54949250754166,-0.1955502541031373,0.008866,33.626676921757415,2.210750385859484,126.66666666666666,0.802123192755044,-0.597158591702786,False,0,35,NGRIP/data/processed/ngrip_warming_cooling_starts.csv,1.0,0.2,5.0,5.0,True
cooling,NGRIP cooling starts (GS),43.2,43.4,43.3,0.19999999999999574,4.466,0.12196587742251143,202.08897522972822,-0.21065022867112512,0.009329,33.67321903514393,2.257292499245999,129.3333333333333,0.7734715927339645,-0.6338309673987097,False,0,35,NGRIP/data/processed/ngrip_warming_cooling_starts.csv,2.0,0.4,5.0,5.0,True
cooling,NGRIP cooling starts (GS),43.4,43.6,43.5,0.20000000000000284,4.470000000000001,0.12426340757759498,203.97698313034934,-0.19113052033448702,0.009774,33.719761148530445,2.3038346126325138,131.99999999999994,0.743144825477395,-0.6691306063588572,False,0,35,NGRIP/data/processed/ngrip_warming_cooling_starts.csv,2.0,0.4,5.0,5.0,True
cooling,NGRIP cooling starts (GS),43.6,43.8,43.7,0.19999999999999574,4.474,0.126560937732678,202.78915246019093,-0.2034112466106735,0.010201,33.76630326191696,2.3503767260190287,134.66666666666657,0.7112085720101385,-0.7029810574256604,False,0,35,NGRIP/data/processed/ngrip_warming_cooling_starts.csv,2.0,0.4,5.0,5.0,True
cooling,NGRIP cooling starts (GS),43.8,44.0,43.9,0.20000000000000284,4.478000000000001,0.12885846788776156,202.52148200949026,-0.20617863393267294,0.010614,33.812845375303475,2.3969188394055436,137.3333333333332,0.677731999145734,-0.735309008059827,False,0,35,NGRIP/data/processed/ngrip_warming_cooling_starts.csv,2.0,0.4,5.0,5.0,True
cooling,NGRIP cooling starts (GS),44.0,44.2,44.1,0.20000000000000284,4.465,0.12139149488374042,204.20438426377396,-0.18877946883814037,0.011015,33.85938748868999,2.4434609527920585,139.99999999999983,0.6427876096865415,-0.7660444431189762,False,0,35,NGRIP/data/processed/ngrip_warming_cooling_starts.csv,2.0,0.4,5.0,5.0,True
cooling,NGRIP cooling starts (GS),44.2,44.4,44.3,0.19999999999999574,4.4350000000000005,0.10416001872061614,204.76145369651394,-0.1830200475736618,0.011402,33.905929602076505,2.4900030661785735,142.6666666666665,0.6064510853988161,-0.7951207964948457,False,1,35,NGRIP/data/processed/ngrip_warming_cooling_starts.csv,1.0,0.2,5.0,5.0,True
cooling,NGRIP cooling starts (GS),44.4,44.6,44.5,0.20000000000000284,4.405,0.08692854255749136,205.2554273787677,-0.17791295972705026,0.011769,33.95247171546302,2.5365451795650884,145.33333333333312,0.568801123102855,-0.82247509528066,False,0,35,NGRIP/data/processed/ngrip_warming_cooling_starts.csv,2.0,0.4,5.0,5.0,True
cooling,NGRIP cooling starts (GS),44.6,44.8,44.7,0.19999999999999574,4.375,0.06969706639436657,211.77359437152924,-0.11052303061375071,0.012111,33.999013828849534,2.5830872929516033,147.99999999999974,0.5299192642332087,-0.8480480961564236,False,0,35,NGRIP/data/processed/ngrip_warming_cooling_starts.csv,2.0,0.4,5.0,5.0,True
cooling,NGRIP cooling starts (GS),44.8,45.0,44.9,0.20000000000000284,4.345000000000001,0.05246559023124229,210.9272958786704,-0.1192727290344545,0.012423,34.04555594223605,2.6296294063381183,150.66666666666637,0.48988971823809135,-0.87178441369676,False,0,35,NGRIP/data/processed/ngrip_warming_cooling_starts.csv,2.0,0.4,5.0,5.0,True
cooling,NGRIP cooling starts (GS),45.0,45.2,45.1,0.20000000000000284,4.333,0.04557299976599217,208.9712533809977,-0.13949583246324815,0.0127,34.092098055622564,2.676171519724633,153.33333333333303,0.4487991802004671,-0.8936326403234098,False,0,35,NGRIP/data/processed/ngrip_warming_cooling_starts.csv,2.0,0.4,5.0,5.0,True
cooling,NGRIP cooling starts (GS),45.2,45.4,45.3,0.19999999999999574,4.339,0.04901929499861723,213.9817905431903,-0.08769296448599535,0.012943,34.13864016900908,2.722713633111148,155.99999999999966,0.4067366430758057,-0.9135454576425984,False,0,35,NGRIP/data/processed/ngrip_warming_cooling_starts.csv,2.0,0.4,5.0,5.0,True
cooling,NGRIP cooling starts (GS),45.4,45.6,45.5,0.20000000000000284,4.345000000000001,0.05246559023124229,215.00808679519048,-0.0770823078783414,0.013154,34.185182282395594,2.769255746497663,158.6666666666663,0.3637932049531576,-0.93147973892614,False,0,35,NGRIP/data/processed/ngrip_warming_cooling_starts.csv,2.0,0.4,5.0,5.0,True
cooling,NGRIP cooling starts (GS),45.6,45.8,45.7,0.19999999999999574,4.351,0.05591188546386684,217.6252952196156,-0.05002355188258328,0.013339,34.231724395782116,2.815797859884185,161.33333333333334,0.32006187175697154,-0.9473966425143293,False,0,35,NGRIP/data/processed/ngrip_warming_cooling_starts.csv,2.0,0.4,5.0,5.0,True
cooling,NGRIP cooling starts (GS),45.8,46.0,45.9,0.20000000000000284,4.357,0.059358180696491895,222.59740071309682,0.001381979322990926,0.0135,34.278266509168624,2.862339973270693,163.99999999999957,0.2756373558170065,-0.9612616959383168,False,0,35,NGRIP/data/processed/ngrip_warming_cooling_starts.csv,2.0,0.4,5.0,5.0,True
cooling,NGRIP cooling starts (GS),46.0,46.2,46.1,0.20000000000000284,4.362,0.06223009339034594,220.90271048888403,-0.01613905906180762,0.01364,34.324808622555146,2.908882086657215,166.6666666666666,0.2306158707424412,-0.9730448705798236,False,0,35,NGRIP/data/processed/ngrip_warming_cooling_starts.csv,2.0,0.4,5.0,5.0,True
cooling,NGRIP cooling starts (GS),46.2,46.4,46.3,0.19999999999999574,4.3660000000000005,0.06452762354542949,218.40918109752266,-0.04191912408812243,0.013759,34.37135073594166,2.95542420004373,169.33333333333326,0.18509492304471614,-0.982720646706413,False,0,35,NGRIP/data/processed/ngrip_warming_cooling_starts.csv,2.0,0.4,5.0,5.0,True
cooling,NGRIP cooling starts (GS),46.4,46.6,46.5,0.20000000000000284,4.37,0.06682515370051252,217.21881045945372,-0.05422611054721481,0.013854,34.417892849328176,3.001966313430245,171.9999999999999,0.13917310096006752,-0.99026806874157,False,0,35,NGRIP/data/processed/ngrip_warming_cooling_starts.csv,2.0,0.4,5.0,5.0,True
cooling,NGRIP cooling starts (GS),46.6,46.8,46.7,0.19999999999999574,4.374,0.06912268385559556,215.1212942613185,-0.07591188019124234,0.013925,34.46443496271469,3.0485084268167597,174.66666666666652,0.09294986092939482,-0.9956707906498041,False,0,35,NGRIP/data/processed/ngrip_warming_cooling_starts.csv,2.0,0.4,5.0,5.0,True
cooling,NGRIP cooling starts (GS),46.8,47.0,46.9,0.20000000000000284,4.378,0.07142021401067909,210.80322662288867,-0.12055545443279975,0.013968,34.510977076101206,3.0950505402032746,177.33333333333317,0.046525312197749795,-0.9989171113385243,False,0,35,NGRIP/data/processed/ngrip_warming_cooling_starts.csv,2.0,0.4,5.0,5.0,True
cooling,NGRIP cooling starts (GS),47.0,47.2,47.1,0.20000000000000284,4.3870000000000005,0.07658965685961669,210.11146759569397,-0.12770740249701865,0.013982,34.55751918948772,3.1415926535897896,179.9999999999998,3.675178358715236e-15,-1.0,False,0,35,NGRIP/data/processed/ngrip_warming_cooling_starts.csv,2.0,0.4,5.0,5.0,True
cooling,NGRIP cooling starts (GS),47.2,47.4,47.3,0.19999999999999574,4.401,0.08463101240240781,207.77180330284662,-0.15189668930402958,0.013967,34.60548243610741,3.189555900209477,182.748091603053,-0.047944859042300524,-0.9988499839772808,False,0,35,NGRIP/data/processed/ngrip_warming_cooling_starts.csv,2.0,0.4,5.0,5.0,True
cooling,NGRIP cooling starts (GS),47.4,47.6,47.5,0.20000000000000284,4.415,0.09267236794519945,204.64808447954144,-0.18419214756801472,0.013922,34.6534456827271,3.2375191468291717,185.49618320610662,-0.09577944337240045,-0.9954025809828269,False,0,35,NGRIP/data/processed/ngrip_warming_cooling_starts.csv,2.0,0.4,5.0,5.0,True
cooling,NGRIP cooling starts (GS),47.6,47.8,47.7,0.19999999999999574,4.429,0.10071372348799108,203.8142584605085,-0.1928128957596236,0.013847,34.7014089293468,3.2854823934488664,188.24427480916023,-0.14339373191344948,-0.9896657201539991,False,0,35,NGRIP/data/processed/ngrip_warming_cooling_starts.csv,2.0,0.4,5.0,5.0,True
cooling,NGRIP cooling starts (GS),47.8,48.0,47.9,0.20000000000000284,4.443,0.1087550790307822,205.30872961816573,-0.17736187931769565,0.013743,34.749372175966485,3.333445640068554,190.99236641221344,-0.19067821027597545,-0.9816525964545456,False,0,35,NGRIP/data/processed/ngrip_warming_cooling_starts.csv,2.0,0.4,5.0,5.0,True
cooling,NGRIP cooling starts (GS),48.0,48.2,48.1,0.20000000000000284,4.4510000000000005,0.1133501393409493,205.9517786197447,-0.17071353375046672,0.01361,34.79733542258618,3.3814088866882486,193.74045801526705,-0.23752412264450662,-0.9713816403257565,False,0,35,NGRIP/data/processed/ngrip_warming_cooling_starts.csv,2.0,0.4,5.0,5.0,True
cooling,NGRIP cooling starts (GS),48.2,48.4,48.3,0.19999999999999574,4.453,0.11449890441849081,204.22785504349022,-0.1885368094857382,0.013449,34.84529866920587,3.429372133307936,196.48854961832026,-0.28382372191938365,-0.9588764752958685,False,1,35,NGRIP/data/processed/ngrip_warming_cooling_starts.csv,1.0,0.2,5.0,5.0,True
cooling,NGRIP cooling starts (GS),48.4,48.6,48.5,0.20000000000000284,4.455,0.11564766949603232,201.05287285004104,-0.22136226872759784,0.013259,34.89326191582556,3.4773353799276308,199.23664122137387,-0.32947051753859713,-0.9441658636451802,False,0,35,NGRIP/data/processed/ngrip_warming_cooling_starts.csv,1.0,0.2,5.0,5.0,True
cooling,NGRIP cooling starts (GS),48.6,48.8,48.7,0.19999999999999574,4.457,0.11679643457357385,201.26836766736895,-0.21913431407713582,0.013037,34.94122516244526,3.5252986265473254,201.9847328244275,-0.3743595204094442,-0.9272836402518978,False,0,35,NGRIP/data/processed/ngrip_warming_cooling_starts.csv,1.0,0.2,5.0,5.0,True
cooling,NGRIP cooling starts (GS),48.8,49.0,48.9,0.20000000000000284,4.459,0.11794519965111536,201.48386248469689,-0.2169063594266735,0.012783,34.989188409064944,3.573261873167013,204.7328244274807,-0.4183874843868277,-0.908268634770827,False,0,35,NGRIP/data/processed/ngrip_warming_cooling_starts.csv,1.0,0.2,5.0,5.0,True
cooling,NGRIP cooling starts (GS),49.0,49.2,49.1,0.20000000000000284,4.4479999999999995,0.11162699172463625,201.05984729967673,-0.22129016139020138,0.012495,35.03715165568464,3.6212251197867076,207.48091603053433,-0.46145314374271723,-0.887164582323913,False,0,35,NGRIP/data/processed/ngrip_warming_cooling_starts.csv,1.0,0.2,5.0,5.0,True
cooling,NGRIP cooling starts (GS),49.2,49.4,49.3,0.19999999999999574,4.424,0.09784181079413704,200.1338425592767,-0.2308639255916152,0.012173,35.085114902304326,3.669188366406395,210.22900763358754,-0.5034574460805236,-0.8640200229080787,False,0,35,NGRIP/data/processed/ngrip_warming_cooling_starts.csv,1.0,0.2,5.0,5.0,True
cooling,NGRIP cooling starts (GS),49.4,49.6,49.5,0.20000000000000284,4.4,0.08405662986363731,204.031791535904,-0.1905638679966068,0.011821,35.13307814892402,3.7171516130260898,212.97709923664115,-0.5443037801588357,-0.8388881897516509,False,1,35,NGRIP/data/processed/ngrip_warming_cooling_starts.csv,0.0,0.0,5.0,5.0,True
cooling,NGRIP cooling starts (GS),49.6,49.8,49.7,0.19999999999999574,4.3759999999999994,0.07027144893313707,203.89122924528772,-0.19201711134111665,0.011444,35.18104139554371,3.7651148596457773,215.72519083969436,-0.583898198100323,-0.8118268868762576,False,0,35,NGRIP/data/processed/ngrip_warming_cooling_starts.csv,0.0,0.0,5.0,5.0,True
cooling,NGRIP cooling starts (GS),49.8,50.0,49.9,0.20000000000000284,4.352,0.056486268002637854,204.18325033831715,-0.18899796795606752,0.011046,35.2290046421634,3.813078106265472,218.47328244274797,-0.622149631474911,-0.7828983561456957,False,0,35,NGRIP/data/processed/ngrip_warming_cooling_starts.csv,1.0,0.2,5.0,5.0,True
cooling,NGRIP cooling starts (GS),50.0,50.2,50.1,0.20000000000000284,4.3389999999999995,0.04901929499861672,205.41076769032784,-0.17630692959678498,0.010633,35.27696788878309,3.8610413528851595,221.22137404580118,-0.6589701007600428,-0.7521691341076813,False,0,35,NGRIP/data/processed/ngrip_warming_cooling_starts.csv,1.0,0.2,5.0,5.0,True
cooling,NGRIP cooling starts (GS),50.2,50.4,50.3,0.19999999999999574,4.337,0.047870529921075204,206.91645573647165,-0.16073994415301615,0.010205,35.324931135402785,3.909004599504854,223.9694656488548,-0.6942749176964456,-0.7197098989576243,False,0,35,NGRIP/data/processed/ngrip_warming_cooling_starts.csv,2.0,0.4,5.0,5.0,True
cooling,NGRIP cooling starts (GS),50.4,50.6,50.5,0.20000000000000284,4.335,0.046721764843533686,207.35049493137686,-0.15625250610340222,0.009755,35.37289438202248,3.9569678461245488,226.7175572519084,-0.7279828800738016,-0.6855953079765446,False,0,35,NGRIP/data/processed/ngrip_warming_cooling_starts.csv,2.0,0.4,5.0,5.0,True
cooling,NGRIP cooling starts (GS),50.6,50.8,50.7,0.19999999999999574,4.333,0.04557299976599217,207.4878792111842,-0.1548321195303395,0.009279,35.42085762864217,4.004931092744236,229.46564885496161,-0.7600164584984518,-0.6499038258169212,False,0,35,NGRIP/data/processed/ngrip_warming_cooling_starts.csv,2.0,0.4,5.0,5.0,True
cooling,NGRIP cooling starts (GS),50.8,51.0,50.9,0.20000000000000284,4.331,0.04442423468845066,207.5781405744406,-0.15389892667439203,0.008771,35.46882087526186,4.052894339363931,232.21374045801522,-0.790301974713499,-0.61271754403146,False,0,35,NGRIP/data/processed/ngrip_warming_cooling_starts.csv,2.0,0.4,5.0,5.0,True
cooling,NGRIP cooling starts (GS),51.0,51.2,51.1,0.20000000000000284,4.328,0.04270108707213813,208.32917822818104,-0.1461341096172052,0.008227,35.51678412188155,4.1008575859836185,234.96183206106843,-0.8187697710611268,-0.574121992259929,False,0,35,NGRIP/data/processed/ngrip_warming_cooling_starts.csv,2.0,0.4,5.0,5.0,True
cooling,NGRIP cooling starts (GS),51.2,51.4,51.3,0.19999999999999574,4.324,0.04040355691705458,210.28525131920827,-0.12591068989028736,0.007646,35.564747368501244,4.148820832603313,237.70992366412204,-0.8453543706974811,-0.5342059415082031,False,0,35,NGRIP/data/processed/ngrip_warming_cooling_starts.csv,2.0,0.4,5.0,5.0,True
cooling,NGRIP cooling starts (GS),51.4,51.6,51.5,0.20000000000000284,4.32,0.03810602676197155,212.261393100284,-0.10547978428562706,0.007036,35.61271061512093,4.196784079223001,240.45801526717526,-0.8699946281914752,-0.49306119997215025,False,0,35,NGRIP/data/processed/ngrip_warming_cooling_starts.csv,3.0,0.6,5.0,5.0,True
cooling,NGRIP cooling starts (GS),51.6,51.8,51.7,0.19999999999999574,4.316,0.03580849660688801,214.2760152641464,-0.0846510382649227,0.006401,35.66067386174063,4.244747325842695,243.20610687022887,-0.8926338701612725,-0.45078240187579255,False,0,35,NGRIP/data/processed/ngrip_warming_cooling_starts.csv,3.0,0.6,5.0,5.0,True
cooling,NGRIP cooling starts (GS),51.8,52.0,51.9,0.20000000000000284,4.311999999999999,0.033510966451804465,214.5834285023465,-0.08147275879558719,0.005748,35.708637108360314,4.292710572462383,245.95419847328208,-0.9132200256248512,-0.4074667898096067,False,0,35,NGRIP/data/processed/ngrip_warming_cooling_starts.csv,3.0,0.6,5.0,5.0,True
cooling,NGRIP cooling starts (GS),52.0,52.2,52.1,0.20000000000000284,4.3229999999999995,0.039829174378283566,214.050699462271,-0.08698052996609425,0.005081,35.75660035498001,4.3406738190820775,248.70229007633571,-0.9317057457649587,-0.36321399106940006,False,0,35,NGRIP/data/processed/ngrip_warming_cooling_starts.csv,3.0,0.6,5.0,5.0,True
cooling,NGRIP cooling starts (GS),52.2,52.4,52.3,0.19999999999999574,4.348999999999999,0.05476312038632481,217.58453306669816,-0.05044498303012247,0.004403,35.8045636015997,4.388637065701772,251.45038167938932,-0.9480485128328865,-0.3181257885103818,False,0,35,NGRIP/data/processed/ngrip_warming_cooling_starts.csv,3.0,0.6,5.0,5.0,True
cooling,NGRIP cooling starts (GS),52.4,52.6,52.5,0.20000000000000284,4.375,0.06969706639436657,220.08353347296085,-0.024608354355348215,0.003712,35.85252684821939,4.43660031232146,254.19847328244254,-0.9622107379406655,-0.2723058864433157,False,0,35,NGRIP/data/processed/ngrip_warming_cooling_starts.csv,3.0,0.6,5.0,5.0,True
cooling,NGRIP cooling starts (GS),52.6,52.8,52.7,0.19999999999999574,4.401000000000001,0.08463101240240832,220.95965905794503,-0.01555028003292006,0.003009,35.900490094839085,4.484563558941154,256.9465648854961,-0.974159847516717,-0.22585967211126146,False,0,35,NGRIP/data/processed/ngrip_warming_cooling_starts.csv,3.0,0.6,5.0,5.0,True
cooling,NGRIP cooling starts (GS),52.8,53.0,52.9,0.20000000000000284,4.4270000000000005,0.09956495841044957,221.9772223801515,-0.00502991131147767,0.002293,35.94845334145877,4.532526805560842,259.69465648854936,-0.9838683582260984,-0.1788939732955858,False,0,35,NGRIP/data/processed/ngrip_warming_cooling_starts.csv,3.0,0.6,5.0,5.0,True
cooling,NGRIP cooling starts (GS),53.0,53.2,53.1,0.20000000000000284,4.434,0.10358563618184513,223.6482626510157,0.012246615283202025,0.001566,35.99641658807847,4.5804900521805365,262.44274809160294,-0.9913139401830672,-0.13151681260858736,False,0,35,NGRIP/data/processed/ngrip_warming_cooling_starts.csv,4.0,0.8,5.0,5.0,True
cooling,NGRIP cooling starts (GS),53.2,53.4,53.3,0.19999999999999574,4.422000000000001,0.09669304571659552,223.41848770806314,0.009871021479793629,0.000827,36.044379834698155,4.628453298800224,265.1908396946562,-0.9964794683105234,-0.08383715903808214,False,0,35,NGRIP/data/processed/ngrip_warming_cooling_starts.csv,4.0,0.8,5.0,5.0,True
cooling,NGRIP cooling starts (GS),53.4,53.6,53.5,0.20000000000000284,4.41,0.0898004552513454,222.7409302337339,0.0028659002216332194,7.7e-05,36.09234308131785,4.676416545419919,267.9389312977098,-0.9993530617282437,-0.0359646773151837,False,0,35,NGRIP/data/processed/ngrip_warming_cooling_starts.csv,5.0,1.0,5.0,5.0,True
cooling,NGRIP cooling starts (GS),53.6,53.8,53.7,0.19999999999999574,4.398,0.08290786478609528,221.69406629208203,-0.007957401313527434,-0.000684,36.140306327937544,4.724379792039613,270.6870229007634,-0.9999281110792807,0.011990524318043564,False,0,35,NGRIP/data/processed/ngrip_warming_cooling_starts.csv,5.0,1.0,5.0,5.0,True
cooling,NGRIP cooling starts (GS),53.8,54.0,53.9,0.20000000000000284,4.386,0.07601527432084568,220.93359774865317,-0.015819722314427836,-0.001456,36.18826957455723,4.772343038659301,273.43511450381664,-0.9982032937317,0.059918147361090614,False,0,35,NGRIP/data/processed/ngrip_warming_cooling_starts.csv,5.0,1.0,5.0,5.0,True
cooling,NGRIP cooling starts (GS),54.0,54.2,54.1,0.20000000000000284,4.372999999999999,0.06854830131682454,220.49772401686292,-0.02032612724702835,-0.002238,36.23623282117693,4.8203062852789955,276.1832061068702,-0.994182576820673,0.10770795674511088,False,0,35,NGRIP/data/processed/ngrip_warming_cooling_starts.csv,5.0,1.0,5.0,5.0,True
cooling,NGRIP cooling starts (GS),54.2,54.4,54.3,0.19999999999999574,4.359,0.06050694577403341,218.87047274810158,-0.037149928750293305,-0.003029,36.284196067796614,4.868269531898683,278.93129770992346,-0.9878752081239417,0.15525003437706156,False,0,35,NGRIP/data/processed/ngrip_warming_cooling_starts.csv,6.0,1.2,5.0,5.0,True
cooling,NGRIP cooling starts (GS),54.4,54.6,54.5,0.20000000000000284,4.345,0.05246559023124178,216.46279093652288,-0.062042434080373465,-0.003824,36.33215931441631,4.916232778518378,281.67938931297704,-0.9792956947916294,0.20243503195489645,False,0,35,NGRIP/data/processed/ngrip_warming_cooling_starts.csv,6.0,1.2,5.0,5.0,True
cooling,NGRIP cooling starts (GS),54.6,54.8,54.7,0.19999999999999574,4.3309999999999995,0.044424234688450144,213.9370511010014,-0.08815551597340379,-0.00462,36.380122561035996,4.964196025138065,284.4274809160303,-0.9684637699793369,0.24915442247210862,False,0,35,NGRIP/data/processed/ngrip_warming_cooling_starts.csv,6.0,1.2,5.0,5.0,True
cooling,NGRIP cooling starts (GS),54.8,55.0,54.9,0.20000000000000284,4.317,0.03638287914565902,215.79458133605877,-0.06895090967759418,-0.005414,36.42808580765569,5.01215927175776,287.17557251908386,-0.9554043474612434,0.2953007498333789,False,1,35,NGRIP/data/processed/ngrip_warming_cooling_starts.csv,5.0,1.0,5.0,5.0,True
cooling,NGRIP cooling starts (GS),55.0,55.2,55.1,0.20000000000000284,4.314,0.03465973152934649,214.20202944033244,-0.08541596181286931,-0.006203,36.476049054275386,5.0601225183774545,289.9236641221375,-0.9401474643276365,0.34076787600699004,False,0,35,NGRIP/data/processed/ngrip_warming_cooling_starts.csv,5.0,1.0,5.0,5.0,True
cooling,NGRIP cooling starts (GS),55.2,55.4,55.3,0.19999999999999574,4.321999999999999,0.039254791839512554,208.3593284288786,-0.1458223931653228,-0.006984,36.52401230089507,5.108085764997142,292.6717557251907,-0.9227282118986402,0.38545122514572216,False,1,35,NGRIP/data/processed/ngrip_warming_cooling_starts.csv,4.0,0.8,5.0,5.0,True
cooling,NGRIP cooling starts (GS),55.4,55.6,55.5,0.20000000000000284,4.33,0.04384985214967964,213.4296998015273,-0.09340091213233441,-0.007755,36.57197554751477,5.156049011616837,295.4198473282443,-0.9031866550130433,0.42924802411467183,False,0,35,NGRIP/data/processed/ngrip_warming_cooling_starts.csv,4.0,0.8,5.0,5.0,True
cooling,NGRIP cooling starts (GS),55.6,55.8,55.7,0.19999999999999574,4.338,0.048444912459846216,212.92153409599987,-0.09865472826060069,-0.008513,36.619938794134455,5.204012258236524,298.1679389312975,-0.8815677398779064,0.4720575388727099,False,0,35,NGRIP/data/processed/ngrip_warming_cooling_starts.csv,4.0,0.8,5.0,5.0,True
cooling,NGRIP cooling starts (GS),55.8,56.0,55.9,0.20000000000000284,4.345999999999999,0.05303997277001228,210.39534105362046,-0.12477249576203354,-0.009254,36.66790204075415,5.251975504856219,300.91603053435114,-0.8579211906908214,0.5137813061640558,False,0,35,NGRIP/data/processed/ngrip_warming_cooling_starts.csv,4.0,0.8,5.0,5.0,True
cooling,NGRIP cooling starts (GS),56.0,56.2,56.1,0.20000000000000284,4.358,0.0599325632352624,208.7627869554789,-0.14165112207976388,-0.009976,36.71586528737384,5.299938751475906,303.6641221374043,-0.8323013952726899,0.5543233599868705,False,0,35,NGRIP/data/processed/ngrip_warming_cooling_starts.csv,4.0,0.8,5.0,5.0,True
cooling,NGRIP cooling starts (GS),56.2,56.4,56.3,0.19999999999999574,4.374,0.06912268385559556,208.79786113284874,-0.1412884976902253,-0.010676,36.76382853399353,5.347901998095601,306.41221374045796,-0.8047672799739634,0.593590452318186,False,0,35,NGRIP/data/processed/ngrip_warming_cooling_starts.csv,4.0,0.8,5.0,5.0,True
cooling,NGRIP cooling starts (GS),56.4,56.6,56.5,0.20000000000000284,4.39,0.0783128044759287,212.37265776990395,-0.1043294427545142,-0.011358,36.81179178061322,5.395865244715289,309.16030534351114,-0.7753821741421799,0.6314922675872969,False,1,35,NGRIP/data/processed/ngrip_warming_cooling_starts.csv,3.0,0.6,5.0,5.0,True
cooling,NGRIP cooling starts (GS),56.6,56.8,56.7,0.19999999999999574,4.406,0.08750292509626185,213.34187205509286,-0.09430894434644778,-0.012023,36.859755027232914,5.443828491334983,311.9083969465648,-0.7442136644624026,0.6679416304045156,False,0,35,NGRIP/data/processed/ngrip_warming_cooling_starts.csv,3.0,0.6,5.0,5.0,True
cooling,NGRIP cooling starts (GS),56.8,57.0,56.9,0.20000000000000284,4.422,0.09669304571659501,214.26356257699436,-0.08477978392384455,-0.012671,36.90771827385261,5.491791737954678,314.6564885496184,-0.7113334395057077,0.7028547060673207,False,0,35,NGRIP/data/processed/ngrip_warming_cooling_starts.csv,3.0,0.6,5.0,5.0,True
cooling,NGRIP cooling starts (GS),57.0,57.2,57.1,0.20000000000000284,4.436,0.10473440125938664,215.1852530988959,-0.07525062350124075,-0.013303,36.9556815204723,5.539754984574365,317.4045801526716,-0.6768171248431621,0.736151193382878,False,0,35,NGRIP/data/processed/ngrip_warming_cooling_starts.csv,3.0,0.6,5.0,5.0,True
cooling,NGRIP cooling starts (GS),57.2,57.4,57.3,0.19999999999999574,4.4479999999999995,0.11162699172463625,216.26036307014735,-0.06413529233036191,-0.013916,37.00364476709199,5.58771823119406,320.15267175572524,-0.64074410910457,0.7677545093633712,False,0,35,NGRIP/data/processed/ngrip_warming_cooling_starts.csv,3.0,0.6,5.0,5.0,True
cooling,NGRIP cooling starts (GS),57.4,57.6,57.5,0.20000000000000284,4.46,0.11851958218988637,217.78596552783017,-0.048362416061237125,-0.014503,37.05160801371168,5.635681477813748,322.9007633587784,-0.6031973613821164,0.7975919653692936,False,0,35,NGRIP/data/processed/ngrip_warming_cooling_starts.csv,3.0,0.6,5.0,5.0,True
cooling,NGRIP cooling starts (GS),57.6,57.8,57.7,0.19999999999999574,4.472,0.1254121726551365,221.23775525000713,-0.012675103209350657,-0.015059,37.09957126033137,5.683644724433442,325.64885496183206,-0.5642632403987539,0.825594934295686,False,0,35,NGRIP/data/processed/ngrip_warming_cooling_starts.csv,3.0,0.6,5.0,5.0,True
cooling,NGRIP cooling starts (GS),57.8,58.0,57.9,0.20000000000000284,4.484,0.1323047631203861,223.81403830507534,0.013960534179142618,-0.015578,37.14753450695106,5.73160797105313,328.39694656488524,-0.5240312958804166,0.851699008416642,False,0,35,NGRIP/data/processed/ngrip_warming_cooling_starts.csv,3.0,0.6,5.0,5.0,True
cooling,NGRIP cooling starts (GS),58.0,58.2,58.1,0.20000000000000284,4.484,0.1323047631203861,224.15431492253745,0.017478581071029575,-0.016056,37.195497753570756,5.7795712176728244,331.1450381679389,-0.48259406258873533,0.8758441475251746,False,1,35,NGRIP/data/processed/ngrip_warming_cooling_starts.csv,2.0,0.4,5.0,5.0,True
cooling,NGRIP cooling starts (GS),58.2,58.4,58.3,0.19999999999999574,4.472,0.1254121726551365,223.89115103529,0.014757786141031473,-0.016492,37.24346100019044,5.827534464292512,333.89312977099206,-0.44004684748816747,0.8979748170275854,False,0,35,NGRIP/data/processed/ngrip_warming_cooling_starts.csv,2.0,0.4,5.0,5.0,True
cooling,NGRIP cooling starts (GS),58.4,58.6,58.5,0.20000000000000284,4.46,0.11851958218988637,223.95705205016205,0.015439122585104485,-0.016886,37.29142424681014,5.875497710912207,336.6412213740457,-0.39648751053687586,0.9180401156748385,False,1,35,NGRIP/data/processed/ngrip_warming_cooling_starts.csv,1.0,0.2,5.0,5.0,True
cooling,NGRIP cooling starts (GS),58.6,58.8,58.7,0.19999999999999574,4.4479999999999995,0.11162699172463625,226.38207209425286,0.04051088417867697,-0.017238,37.33938749342983,5.923460957531901,339.3893129770993,-0.35201623960573286,0.9359938926370402,False,0,35,NGRIP/data/processed/ngrip_warming_cooling_starts.csv,2.0,0.4,5.0,5.0,True
cooling,NGRIP cooling starts (GS),58.8,59.0,58.9,0.20000000000000284,4.436,0.10473440125938664,228.8070921383436,0.06558264577224858,-0.017546,37.38735074004952,5.971424204151589,342.1374045801525,-0.3067353200429883,0.9517948536518389,False,0,35,NGRIP/data/processed/ngrip_warming_cooling_starts.csv,2.0,0.4,5.0,5.0,True
cooling,NGRIP cooling starts (GS),59.0,59.2,59.1,0.20000000000000284,4.447,0.11105260918586575,231.23211218243438,0.09065440736582077,-0.01781,37.435313986669215,6.0193874507712835,344.88549618320616,-0.26074889941467005,0.9654066560025564,False,0,35,NGRIP/data/processed/ngrip_warming_cooling_starts.csv,2.0,0.4,5.0,4.999999999999993,True
cooling,NGRIP cooling starts (GS),59.2,59.4,59.3,0.19999999999999574,4.480999999999999,0.13058161550407307,227.79597923252524,0.05512896652096373,-0.018029,37.4832772332889,6.067350697390971,347.63358778625934,-0.2141627479618919,0.9767979921075858,False,1,35,NGRIP/data/processed/ngrip_warming_cooling_starts.csv,1.0,0.2,5.0,5.0,True
cooling,NGRIP cooling starts (GS),59.4,59.6,59.5,0.20000000000000284,4.515,0.15011062182228138,225.37147874213483,0.03006257648155354,-0.018202,37.5312404799086,6.115313944010666,350.381679389313,-0.16708401532585515,0.9859426615288485,False,0,35,NGRIP/data/processed/ngrip_warming_cooling_starts.csv,1.0,0.2,5.0,5.0,True
cooling,NGRIP cooling starts (GS),59.6,59.8,59.7,0.19999999999999574,4.549,0.16963962814048972,223.72958217101325,0.01308736034147502,-0.01833,37.57920372652829,6.16327719063036,353.12977099236656,-0.11962098410028818,0.9928196312336287,False,0,35,NGRIP/data/processed/ngrip_warming_cooling_starts.csv,1.0,0.2,5.0,5.0,True
cooling,NGRIP cooling starts (GS),59.8,60.0,59.9,0.20000000000000284,4.582999999999999,0.18916863445869703,220.4489963821734,-0.020829911800451514,-0.018413,37.62716697314798,6.211240437250048,355.8778625954198,-0.07188282077799062,0.9974130839712297,False,0,35,NGRIP/data/processed/ngrip_warming_cooling_starts.csv,1.0,0.2,5.0,5.000000000000007,True
cooling,NGRIP cooling starts (GS),60.0,60.2,60.1,0.20000000000000284,4.590999999999999,0.1937636947688636,216.83906663791717,-0.058152200388573654,-0.018452,37.675130219767674,6.2592036838697425,358.6259541984734,-0.023979324664380023,0.9997124546531568,False,0,35,NGRIP/data/processed/ngrip_warming_cooling_starts.csv,1.0,0.2,5.0,4.999999999999993,True
cooling,NGRIP cooling starts (GS),60.2,60.4,60.3,0.19999999999999574,4.5729999999999995,0.18342480907098893,213.9229725942332,-0.08830107063228024,-0.018445,37.72643004006525,0.027318196987735632,1.5652173913042504,0.027314799259484174,0.9996268812619107,False,0,35,NGRIP/data/processed/ngrip_warming_cooling_starts.csv,1.0,0.2,5.0,5.0,True
cooling,NGRIP cooling starts (GS),60.4,60.6,60.5,0.20000000000000284,4.555,0.17308592337311426,216.74549302157178,-0.05911963791808065,-0.01839,37.78106643404073,0.081954590963214,4.6956521739131585,0.0818628796818151,0.9966436017605294,False,0,35,NGRIP/data/processed/ngrip_warming_cooling_starts.csv,1.0,0.2,5.0,5.0,True
cooling,NGRIP cooling starts (GS),60.6,60.8,60.7,0.19999999999999574,4.537,0.1627470376752396,215.13657069920754,-0.07575394037969876,-0.018282,37.8357028280162,0.13659098493868527,7.826086956521659,0.1361666490962452,0.990685946036331,False,0,35,NGRIP/data/processed/ngrip_warming_cooling_starts.csv,1.0,0.2,5.0,5.0,True
cooling,NGRIP cooling starts (GS),60.8,61.0,60.9,0.20000000000000284,4.519,0.15240815197736493,211.80635652925258,-0.11018430969895573,-0.018119,37.89033922199168,0.19122737891416364,10.956521739130567,0.19006404371160954,0.9817716940755582,False,0,35,NGRIP/data/processed/ngrip_warming_cooling_starts.csv,1.0,0.2,5.0,5.000000000000007,True
cooling,NGRIP cooling starts (GS),61.0,61.2,61.1,0.20000000000000284,4.519,0.15240815197736493,208.5419847844154,-0.14393394832103015,-0.017897,37.94497561596715,0.2458637728896349,14.086956521739069,0.2433942125188347,0.9699274495096715,False,0,35,NGRIP/data/processed/ngrip_warming_cooling_starts.csv,1.0,0.2,5.0,4.999999999999993,True
cooling,NGRIP cooling starts (GS),61.2,61.4,61.3,0.19999999999999574,4.537,0.1627470376752396,210.63621590366668,-0.12228214240229021,-0.017616,37.999612009942624,0.30050016686510617,17.21739130434757,0.2959979973336191,0.9551885602196494,False,0,35,NGRIP/data/processed/ngrip_warming_cooling_starts.csv,1.0,0.2,5.0,5.0,True
cooling,NGRIP cooling starts (GS),61.4,61.6,61.5,0.20000000000000284,4.555,0.17308592337311426,210.8465076393965,-0.12010798129538972,-0.017279,38.0542484039181,0.35513656084058454,20.347826086956477,0.34771840778698804,0.9375990128440206,False,0,35,NGRIP/data/processed/ngrip_warming_cooling_starts.csv,1.0,0.2,5.0,5.0,True
cooling,NGRIP cooling starts (GS),61.6,61.8,61.7,0.19999999999999574,4.5729999999999995,0.18342480907098893,208.99819160293904,-0.13921732397012704,-0.016887,38.10888479789358,0.4097729548160629,23.478260869565386,0.3984010898462441,0.9172113015054518,False,0,35,NGRIP/data/processed/ngrip_warming_cooling_starts.csv,1.0,0.2,5.0,5.0,True
cooling,NGRIP cooling starts (GS),61.8,62.0,61.9,0.20000000000000284,4.590999999999999,0.1937636947688636,206.3863309487905,-0.16622079051714111,-0.016441,38.16352119186905,0.46440934879153417,26.608695652173886,0.4478947864680815,0.8940862711476514,False,0,35,NGRIP/data/processed/ngrip_warming_cooling_starts.csv,1.0,0.2,5.0,5.000000000000007,True
cooling,NGRIP cooling starts (GS),62.0,62.2,62.1,0.20000000000000284,4.593,0.19491245984640562,205.20801588392084,-0.17840313699321025,-0.015945,38.21815758584453,0.5190457427670125,29.739130434782794,0.4960517890090709,0.8682929359501321,False,0,35,NGRIP/data/processed/ngrip_warming_cooling_starts.csv,1.0,0.2,5.0,4.999999999999993,True
cooling,NGRIP cooling starts (GS),62.2,62.4,62.3,0.19999999999999574,4.579,0.186871104303614,204.03490405417466,-0.19053168833845194,-0.015399,38.27279397982,0.5736821367424838,32.8695652173913,0.5427283780462615,0.8399082733627966,False,0,35,NGRIP/data/processed/ngrip_warming_cooling_starts.csv,1.0,0.2,5.0,5.0,True
cooling,NGRIP cooling starts (GS),62.4,62.6,62.5,0.20000000000000284,4.5649999999999995,0.17882974876082236,202.86179222442843,-0.20266023968369423,-0.014804,38.32743037379547,0.6283185307179551,35.999999999999794,0.5877852522924703,0.8090169943749496,False,0,35,NGRIP/data/processed/ngrip_warming_cooling_starts.csv,1.0,0.2,5.0,5.0,True
cooling,NGRIP cooling starts (GS),62.6,62.8,62.7,0.19999999999999574,4.551,0.17078839321803124,202.65777247905052,-0.20476955602891808,-0.014163,38.38206676777095,0.6829549246934334,39.1304347826087,0.6310879443260529,0.7757112907044197,False,0,35,NGRIP/data/processed/ngrip_warming_cooling_starts.csv,1.0,0.2,5.0,5.0,True
cooling,NGRIP cooling starts (GS),62.8,63.0,62.9,0.20000000000000284,4.537,0.1627470376752396,200.98499529029297,-0.22206404024478757,-0.013477,38.43670316174642,0.7375913186689047,42.260869565217206,0.6725072218945248,0.740090559661254,False,0,35,NGRIP/data/processed/ngrip_warming_cooling_starts.csv,1.0,0.2,5.0,5.000000000000007,True
cooling,NGRIP cooling starts (GS),63.0,63.2,63.1,0.20000000000000284,4.513,0.14896185674473988,199.5063426348572,-0.2373515125884184,-0.012746,38.4913395557219,0.7922277126443831,45.391304347826114,0.711919473594434,0.7022611075070468,False,0,35,NGRIP/data/processed/ngrip_warming_cooling_starts.csv,1.0,0.2,5.0,4.999999999999993,True
cooling,NGRIP cooling starts (GS),63.2,63.4,63.3,0.19999999999999574,4.479000000000001,0.12943285042653258,198.58359558109586,-0.24689159626708718,-0.01197,38.54597594969737,0.8468641066198543,48.52173913043461,0.749207077776329,0.6623358321953099,False,0,35,NGRIP/data/processed/ngrip_warming_cooling_starts.csv,1.0,0.2,5.0,5.0,True
cooling,NGRIP cooling starts (GS),63.4,63.6,63.5,0.20000000000000284,4.445,0.10990384410832424,197.66084852733454,-0.25643167994575594,-0.01115,38.60061234367285,0.9015005005953327,51.65217391304352,0.7842587535740317,0.6204338864395674,False,0,35,NGRIP/data/processed/ngrip_warming_cooling_starts.csv,1.0,0.2,5.0,5.0,True
cooling,NGRIP cooling starts (GS),63.6,63.8,63.7,0.19999999999999574,4.411,0.0903748377901159,197.33533780989862,-0.2597970653674529,-0.010286,38.65524873764833,0.9561368945708111,54.78260869565243,0.8169698930104445,0.5766803221148635,False,1,35,NGRIP/data/processed/ngrip_warming_cooling_starts.csv,0.0,0.0,5.0,5.0,True
cooling,NGRIP cooling starts (GS),63.8,64.0,63.9,0.20000000000000284,4.377000000000001,0.0708458314719086,197.27812240724168,-0.2603886031316006,-0.009383,38.7098851316238,1.0107732885462823,57.91304347826093,0.8472428731888841,0.5312057170538025,False,0,35,NGRIP/data/processed/ngrip_warming_cooling_starts.csv,0.0,0.0,5.0,5.000000000000007,True
cooling,NGRIP cooling starts (GS),64.0,64.2,64.1,0.20000000000000284,4.372,0.06797391877805403,199.5701229192682,-0.23669210192126977,-0.008441,38.76452152559927,1.0654096825217536,61.043478260869435,0.8749873476381814,0.48414578535096253,False,0,35,NGRIP/data/processed/ngrip_warming_cooling_starts.csv,0.0,0.0,5.0,5.0,True
cooling,NGRIP cooling starts (GS),64.2,64.4,64.30000000000001,0.20000000000000284,4.396000000000002,0.08175909970855479,201.087366731965,-0.221005643888087,-0.007464999999999929,38.81915791957475,1.120046076497232,64.17391304347834,0.9001205159420516,0.43564097233870797,False,0,35,NGRIP/data/processed/ngrip_warming_cooling_starts.csv,1.0,0.2,5.0,5.0,True
cooling,NGRIP cooling starts (GS),64.4,64.6,64.5,0.19999999999998863,4.42,0.09554428063905349,202.54728433105532,-0.20591186926966887,-0.006457,38.87379431355022,1.1746824704727032,67.30434782608684,0.922567370848071,0.38583603544313727,False,0,35,NGRIP/data/processed/ngrip_warming_cooling_starts.csv,1.0,0.2,5.0,5.0,True
cooling,NGRIP cooling starts (GS),64.6,64.8,64.69999999999999,0.20000000000000284,4.443999999999999,0.10932946156955271,203.283873824101,-0.19829642864394187,-0.005418000000000075,38.92843070752569,1.2293188644481745,70.43478260869534,0.9422609221188186,0.33487961217099127,False,0,35,NGRIP/data/processed/ngrip_warming_cooling_starts.csv,1.0,0.2,5.0,5.0,True
cooling,NGRIP cooling starts (GS),64.8,65.0,64.9,0.20000000000000284,4.468000000000001,0.12311464250005345,201.2161397695316,-0.21967428709975162,-0.00435,38.98306710150118,1.28395525842366,73.56521739130466,0.9591423964570648,0.28292377651692485,False,0,35,NGRIP/data/processed/ngrip_warming_cooling_starts.csv,1.0,0.2,5.0,5.0,True
cooling,NGRIP cooling starts (GS),65.0,65.2,65.1,0.20000000000000284,4.489,0.13517667581424014,200.21618415210267,-0.2300126135418042,-0.003253,39.03770349547665,1.3385916523991312,76.69565217391316,0.9731614129083759,0.2301235851149845,False,0,35,NGRIP/data/processed/ngrip_warming_cooling_starts.csv,1.0,0.2,5.0,5.0,True
cooling,NGRIP cooling starts (GS),65.2,65.4,65.30000000000001,0.20000000000000284,4.5070000000000014,0.14551556151211584,204.14032657995745,-0.18944174747818612,-0.0021289999999999187,39.09233988945213,1.3932280463746096,79.82608695652206,0.9842761332177125,0.1766366144885818,False,0,35,NGRIP/data/processed/ngrip_warming_cooling_starts.csv,2.0,0.4,5.0,5.0,True
cooling,NGRIP cooling starts (GS),65.4,65.6,65.5,0.19999999999998863,4.525,0.15585444720999,208.06446900781165,-0.1488708814145739,-0.000984,39.1469762834276,1.4478644403500809,82.95652173913057,0.9924533866912019,0.12262249078029626,False,0,35,NGRIP/data/processed/ngrip_warming_cooling_starts.csv,2.0,0.4,5.0,5.0,True
cooling,NGRIP cooling starts (GS),65.6,65.8,65.69999999999999,0.20000000000000284,4.542999999999999,0.16619333290786414,201.36932043414805,-0.21809058509556936,0.00017499999999991746,39.20161267740307,1.5025008343255521,86.08695652173907,0.9976687691905392,0.06824241336467211,False,0,35,NGRIP/data/processed/ngrip_warming_cooling_starts.csv,2.0,0.4,5.0,5.0,True
cooling,NGRIP cooling starts (GS),65.8,66.0,65.9,0.20000000000000284,4.561000000000001,0.17653221860573984,200.0699556026975,-0.2315244391194089,0.00134,39.25624907137855,1.5571372283010305,89.21739130434797,0.9999067159645221,0.013658673765948537,False,0,35,NGRIP/data/processed/ngrip_warming_cooling_starts.csv,2.0,0.4,5.0,5.0,True
cooling,NGRIP cooling starts (GS),66.0,66.2,66.1,0.20000000000000284,4.557000000000001,0.17423468845065682,201.8213593466747,-0.21341705182993595,0.002505,39.31088546535402,1.6117736222765018,92.34782608695647,0.9991605481003866,-0.04096582868361342,False,0,35,NGRIP/data/processed/ngrip_warming_cooling_starts.csv,2.0,0.4,5.0,5.0,True
cooling,NGRIP cooling starts (GS),66.2,66.4,66.30000000000001,0.20000000000000284,4.530999999999999,0.15930074244261402,203.33305802282476,-0.1977879237729912,0.0036660000000000824,39.3655218593295,1.6664100162519802,95.47826086956539,0.9954324924563085,-0.09546807299941296,False,0,35,NGRIP/data/processed/ngrip_warming_cooling_starts.csv,2.0,0.4,5.0,5.0,True
cooling,NGRIP cooling starts (GS),66.4,66.6,66.5,0.19999999999998863,4.505000000000001,0.1443667964345738,204.7148022306522,-0.1835023670633198,0.004822,39.42015825330497,1.7210464102274514,98.60869565217389,0.9887336750155848,-0.14968540306314373,False,0,35,NGRIP/data/processed/ngrip_warming_cooling_starts.csv,2.0,0.4,5.0,5.0,True
cooling,NGRIP cooling starts (GS),66.6,66.8,66.69999999999999,0.20000000000000284,4.479000000000002,0.12943285042653307,205.7982760484627,-0.17230056387855183,0.005973999999999919,39.47479464728044,1.7756828042029227,101.73913043478238,0.9790840876823237,-0.20345601305262995,False,0,35,NGRIP/data/processed/ngrip_warming_cooling_starts.csv,2.0,0.4,5.0,5.0,True
cooling,NGRIP cooling starts (GS),66.8,67.0,66.9,0.20000000000000284,4.452999999999999,0.1144989044184903,206.88174986627337,-0.1610987606937821,0.007124,39.52943104125592,1.830319198178401,104.8695652173913,0.9665125286177448,-0.2566194303339734,False,0,35,NGRIP/data/processed/ngrip_warming_cooling_starts.csv,2.0,0.4,5.0,5.0,True
cooling,NGRIP cooling starts (GS),67.0,67.2,67.1,0.20000000000000284,4.438000000000001,0.10588316633692867,204.80828082073714,-0.18253591198991787,0.00827,39.58406743523139,1.8849555921538723,107.9999999999998,0.9510565162951546,-0.30901699437494395,False,0,35,NGRIP/data/processed/ngrip_warming_cooling_starts.csv,2.0,0.4,5.0,5.0,True
cooling,NGRIP cooling starts (GS),67.2,67.4,67.30000000000001,0.20000000000000284,4.434,0.10358563618184513,201.39113753767947,-0.21786502274620448,0.00941000000000008,39.638703829206875,1.9395919861293578,111.13043478260911,0.9327621775300611,-0.3604923302504214,False,0,35,NGRIP/data/processed/ngrip_warming_cooling_starts.csv,2.0,0.4,5.0,5.0,True
cooling,NGRIP cooling starts (GS),67.4,67.6,67.5,0.19999999999998863,4.43,0.10128810602676158,202.31081655166577,-0.20835665887207366,0.010538,39.69334022318235,1.994228380104829,114.26086956521762,0.9116841098196519,-0.4108918153265516,False,0,35,NGRIP/data/processed/ngrip_warming_cooling_starts.csv,2.0,0.4,5.0,5.0,True
cooling,NGRIP cooling starts (GS),67.6,67.8,67.69999999999999,0.20000000000000284,4.426,0.09899057587167855,203.57169907274042,-0.1953206651932097,0.011646999999999921,39.74797661715782,2.0488647740803003,117.39130434782611,0.8878852184023751,-0.4600650377311525,False,0,35,NGRIP/data/processed/ngrip_warming_cooling_starts.csv,2.0,0.4,5.0,5.0,True
cooling,NGRIP cooling starts (GS),67.8,68.0,67.9,0.20000000000000284,4.422,0.09669304571659501,202.29143054635315,-0.20855708661890152,0.01273,39.802613011133296,2.1035011680557787,120.52173913043502,0.8614365285239979,-0.5078652452418095,False,0,35,NGRIP/data/processed/ngrip_warming_cooling_starts.csv,2.0,0.4,5.0,5.0,True
cooling,NGRIP cooling starts (GS),68.0,68.2,68.1,0.20000000000000284,4.425,0.09841619333290753,200.56836676885513,-0.22637147307942562,0.013783,39.85724940510877,2.15813756203125,123.65217391304353,0.8324169734703678,-0.5541497832521753,False,0,35,NGRIP/data/processed/ngrip_warming_cooling_starts.csv,2.0,0.4,5.0,5.0,True
cooling,NGRIP cooling starts (GS),68.2,68.4,68.30000000000001,0.20000000000000284,4.4350000000000005,0.10416001872061614,201.22712125267694,-0.21956075190319324,0.01480000000000007,39.911885799084246,2.2127739560067283,126.78260869565243,0.800913158999439,-0.5987805205094261,False,0,35,NGRIP/data/processed/ngrip_warming_cooling_starts.csv,2.0,0.4,5.0,5.0,True
cooling,NGRIP cooling starts (GS),68.4,68.6,68.5,0.19999999999998863,4.445,0.10990384410832424,202.60111882796423,-0.20535528596418282,0.015778,39.96652219305972,2.2674103499821996,129.91304347826093,0.7670191048756821,-0.6416242613521619,False,0,35,NGRIP/data/processed/ngrip_warming_cooling_starts.csv,2.0,0.4,5.0,5.0,True
cooling,NGRIP cooling starts (GS),68.6,68.8,68.69999999999999,0.20000000000000284,4.454999999999999,0.11564766949603182,203.77128364016747,-0.19325720320060444,0.016712999999999933,40.02115858703519,2.322046743957671,133.04347826086942,0.7308359642781257,-0.6825531432186523,False,0,35,NGRIP/data/processed/ngrip_warming_cooling_starts.csv,2.0,0.4,5.0,5.0,True
cooling,NGRIP cooling starts (GS),68.8,69.0,68.9,0.20000000000000284,4.465,0.12139149488374042,204.63574092020215,-0.18431976497790986,0.017603,40.07579498101067,2.3766831379331492,136.17391304347834,0.6924717219195247,-0.7214450182389566,False,0,35,NGRIP/data/processed/ngrip_warming_cooling_starts.csv,2.0,0.4,5.0,5.0,True
cooling,NGRIP cooling starts (GS),69.0,69.2,69.1,0.20000000000000284,4.455000000000001,0.11564766949603283,205.6316020808552,-0.17402377024539925,0.018446,40.13043137498614,2.4313195319086205,139.30434782608685,0.652040871777552,-0.7581838177721615,False,0,35,NGRIP/data/processed/ngrip_warming_cooling_starts.csv,3.0,0.6,5.0,5.0,True
cooling,NGRIP cooling starts (GS),69.2,69.4,69.30000000000001,0.20000000000000284,4.424999999999998,0.09841619333290652,207.91883369560648,-0.15037657364013343,0.01923900000000005,40.18506776896162,2.485955925884106,142.43478260869617,0.6096640753997277,-0.7926598988008635,False,1,35,NGRIP/data/processed/ngrip_warming_cooling_starts.csv,2.0,0.4,5.0,5.0,True
cooling,NGRIP cooling starts (GS),69.4,69.6,69.5,0.19999999999998863,4.395,0.08118471716978275,210.20606531035747,-0.12672937703487056,0.019981,40.239704162937095,2.5405923198595772,145.56521739130466,0.5654678018020015,-0.8247703711489716,False,0,35,NGRIP/data/processed/ngrip_warming_cooling_starts.csv,2.0,0.4,5.0,5.0,True
cooling,NGRIP cooling starts (GS),69.6,69.8,69.69999999999999,0.20000000000000284,4.365000000000002,0.0639532410066595,212.26569138521432,-0.10543534524055743,0.02066799999999995,40.294340556912566,2.5952287138350485,148.69565217391315,0.519583950035432,-0.8544194045464896,False,0,35,NGRIP/data/processed/ngrip_warming_cooling_starts.csv,2.0,0.4,5.0,5.0,True
cooling,NGRIP cooling starts (GS),69.8,70.0,69.9,0.20000000000000284,4.334999999999999,0.04672176484353318,214.13136438252906,-0.086146552673988,0.0213,40.348976950888044,2.649865107810527,151.82608695652206,0.47214945554761356,-0.8815185146246742,False,0,35,NGRIP/data/processed/ngrip_warming_cooling_starts.csv,2.0,0.4,5.0,5.0,True
cooling,NGRIP cooling starts (GS),70.0,70.2,70.1,0.20000000000000284,4.3100000000000005,0.032362201374263454,216.1598575743881,-0.06517439707288147,0.021872,40.403613344863516,2.704501501785998,154.95652173913058,0.4233058815134958,-0.9059868269881645,False,0,35,NGRIP/data/processed/ngrip_warming_cooling_starts.csv,2.0,0.4,5.0,5.0,True
cooling,NGRIP cooling starts (GS),70.2,70.4,70.30000000000001,0.20000000000000284,4.289999999999999,0.020874550598846252,218.70628530689618,-0.03884742745451693,0.022383000000000035,40.458249738838994,2.7591378957614765,158.08695652173947,0.3731989963551859,-0.9277513185759867,False,1,35,NGRIP/data/processed/ngrip_warming_cooling_starts.csv,1.0,0.2,5.0,5.0,True
cooling,NGRIP cooling starts (GS),70.4,70.6,70.5,0.19999999999998863,4.27,0.009386899823430066,221.0292538756059,-0.014830754154858574,0.02283,40.512886132814465,2.8137742897369478,161.21739130434798,0.3219783387117359,-0.9467470355910446,False,0,35,NGRIP/data/processed/ngrip_warming_cooling_starts.csv,1.0,0.2,5.0,5.0,True
cooling,NGRIP cooling starts (GS),70.6,70.8,70.69999999999999,0.20000000000000284,4.250000000000001,-0.002100750951985608,222.96125390350156,0.0051437793407340966,0.023211999999999976,40.567522526789936,2.868410683712419,164.34782608695647,0.2697967711570251,-0.962917287347799,False,0,35,NGRIP/data/processed/ngrip_warming_cooling_starts.csv,1.0,0.2,5.0,5.0,True
cooling,NGRIP cooling starts (GS),70.8,71.0,70.9,0.20000000000000284,4.2299999999999995,-0.013588401727402813,224.89325393139748,0.025118312836329412,0.023527,40.622158920765415,2.9230470776878974,167.4782608695654,0.21681002399777793,-0.9762138154595452,False,0,35,NGRIP/data/processed/ngrip_warming_cooling_starts.csv,1.0,0.2,5.0,5.0,True
cooling,NGRIP cooling starts (GS),71.0,71.2,71.1,0.20000000000000284,4.218999999999999,-0.01990660965388192,229.98098264211646,0.07771924766107396,0.023775,40.676795314740886,2.9776834716633687,170.60869565217388,0.16317623051314276,-0.9865969378604019,False,0,35,NGRIP/data/processed/ngrip_warming_cooling_starts.csv,1.0,0.2,5.0,5.0,True
cooling,NGRIP cooling starts (GS),71.2,71.4,71.30000000000001,0.20000000000000284,4.217,-0.021055374731423434,235.14381096053887,0.13109662120627344,0.02395400000000001,40.731431708716364,3.032319865638847,173.7391304347828,0.1090554550227866,-0.9940356672322039,False,0,35,NGRIP/data/processed/ngrip_warming_cooling_starts.csv,1.0,0.2,5.0,5.0,True
cooling,NGRIP cooling starts (GS),71.4,71.6,71.5,0.19999999999998863,4.215,-0.022204139808964952,236.37314271981188,0.14380641833269492,0.02406,40.786068102691836,3.0869562596143183,176.86956521739128,0.054609215192110296,-0.998507803482828,False,0,35,NGRIP/data/processed/ngrip_warming_cooling_starts.csv,1.0,0.2,5.0,5.0,True
cooling,NGRIP cooling starts (GS),71.6,71.8,71.69999999999999,0.20000000000000284,4.213,-0.02335290488650647,237.59355634235934,0.1564240127581998,0.02409,40.84070449666731,3.1415926535897896,179.9999999999998,3.675178358715236e-15,-1.0,False,0,35,NGRIP/data/processed/ngrip_warming_cooling_starts.csv,1.0,0.2,5.0,5.0,True
cooling,NGRIP cooling starts (GS),71.8,72.0,71.9,0.20000000000000284,4.211,-0.024501669964047984,238.5419915838939,0.16622968109510292,0.024039,40.89630790646537,3.1971960633878496,183.185840707965,-0.05557476235348972,-0.9984545286538357,False,0,35,NGRIP/data/processed/ngrip_warming_cooling_starts.csv,1.0,0.2,5.0,5.0,True
cooling,NGRIP cooling starts (GS),72.0,72.2,72.1,0.20000000000000284,4.212,-0.023927287425277482,239.3358195869324,0.1744368983867624,0.023904,40.95191131626341,3.2527994731858954,186.3716814159294,-0.11097774630139455,-0.9938228915787074,False,0,35,NGRIP/data/processed/ngrip_warming_cooling_starts.csv,1.0,0.2,5.0,5.0,True
cooling,NGRIP cooling starts (GS),72.2,72.4,72.30000000000001,0.20000000000000284,4.216,-0.02162975727019394,235.98072331905865,0.13974927839921195,0.02368799999999998,41.007514726061466,3.3084028829839482,189.5575221238942,-0.1660377043953651,-0.9861194048993851,False,0,35,NGRIP/data/processed/ngrip_warming_cooling_starts.csv,1.0,0.2,5.0,5.0,True
cooling,NGRIP cooling starts (GS),72.4,72.6,72.5,0.19999999999998863,4.220000000000001,-0.019332227115110394,232.7789136804142,0.10664645596122559,0.023395,41.06311813585951,3.364006292781994,192.74336283185858,-0.22058444946027694,-0.9753678796517273,False,0,35,NGRIP/data/processed/ngrip_warming_cooling_starts.csv,1.0,0.2,5.0,5.0,True
cooling,NGRIP cooling starts (GS),72.6,72.8,72.69999999999999,0.20000000000000284,4.224,-0.01703469696002736,232.5362362801268,0.10413746642153901,0.023028000000000028,41.11872154565756,3.41960970258004,195.929203539823,-0.27444938063308844,-0.9616015481841292,False,0,35,NGRIP/data/processed/ngrip_warming_cooling_starts.csv,2.0,0.4,5.0,5.0,True
cooling,NGRIP cooling starts (GS),72.8,73.0,72.9,0.20000000000000284,4.228000000000001,-0.01473716680494382,232.19598370490422,0.10061966809720493,0.022592,41.17432495545561,3.4752131123780927,199.11504424778778,-0.327466004498425,-0.9448629614382381,False,0,35,NGRIP/data/processed/ngrip_warming_cooling_starts.csv,2.0,0.4,5.0,5.0,True
cooling,NGRIP cooling starts (GS),73.0,73.2,73.1,0.20000000000000284,4.210000000000002,-0.025076052502817976,231.37859657976378,0.09216887810018447,0.022091,41.229928365253656,3.5308165221761385,202.30088495575217,-0.3794704497101646,-0.9252038574264406,False,0,35,NGRIP/data/processed/ngrip_warming_cooling_starts.csv,2.0,0.4,5.0,5.0,True
cooling,NGRIP cooling starts (GS),73.2,73.4,73.30000000000001,0.20000000000000284,4.169999999999998,-0.0480513540536529,231.1708294597923,0.09002081845358414,0.021524999999999954,41.285531775051716,3.5864199319741985,205.48672566371738,-0.4303019735084312,-0.9026850013126115,False,0,35,NGRIP/data/processed/ngrip_warming_cooling_starts.csv,2.0,0.4,5.0,5.0,True
cooling,NGRIP cooling starts (GS),73.4,73.6,73.5,0.19999999999998863,4.130000000000001,-0.07102665560448425,231.86457843035643,0.09719334011506661,0.02089,41.34113518484976,3.6420233417722443,208.67256637168177,-0.4798034585661746,-0.8773759975905069,False,0,35,NGRIP/data/processed/ngrip_warming_cooling_starts.csv,2.0,0.4,5.0,5.0,True
cooling,NGRIP cooling starts (GS),73.6,73.8,73.69999999999999,0.20000000000000284,4.0900000000000025,-0.0940019571553161,232.5583274009206,0.10436586177654938,0.020185000000000054,41.39673859464781,3.69762675157029,211.85840707964616,-0.5278218986299095,-0.8493550749402263,False,0,35,NGRIP/data/processed/ngrip_warming_cooling_starts.csv,2.0,0.4,5.0,5.0,True
cooling,NGRIP cooling starts (GS),73.8,74.0,73.9,0.20000000000000284,4.049999999999999,-0.11697725870615103,232.2912664586517,0.10160477603136703,0.019408,41.45234200444586,3.753230161368343,215.04424778761097,-0.5742088714532296,-0.818708844427864,False,0,35,NGRIP/data/processed/ngrip_warming_cooling_starts.csv,2.0,0.4,5.0,5.0,True
cooling,NGRIP cooling starts (GS),74.0,74.2,74.1,0.20000000000000284,4.022000000000001,-0.13305996979173276,231.6957213093458,0.09544756259389861,0.018559,41.507945414243906,3.8088335711663888,218.23008849557536,-0.6188209975614558,-0.7855320317956771,False,1,35,NGRIP/data/processed/ngrip_warming_cooling_starts.csv,1.0,0.2,5.0,5.0,True
cooling,NGRIP cooling starts (GS),74.2,74.4,74.30000000000001,0.20000000000000284,4.005999999999999,-0.14225009041206693,233.8912583923857,0.11814674912225653,0.01763999999999993,41.56354882404196,3.8644369809644417,221.41592920354014,-0.6615203834294159,-0.7499271846702176,False,0,35,NGRIP/data/processed/ngrip_warming_cooling_starts.csv,1.0,0.2,5.0,5.0,True
cooling,NGRIP cooling starts (GS),74.4,74.6,74.5,0.19999999999998863,3.99,-0.15144021103239957,240.40515077691444,0.1854924839787787,0.016655,41.619152233840005,3.9200403907624874,224.60176991150456,-0.7021750477023835,-0.7120043555935283,False,0,35,NGRIP/data/processed/ngrip_warming_cooling_starts.csv,1.0,0.2,5.0,5.0,True
cooling,NGRIP cooling starts (GS),74.6,74.8,74.69999999999999,0.20000000000000284,3.974000000000001,-0.16063033165273222,241.89292761368105,0.20087428927426312,0.015608000000000075,41.67475564363805,3.9756438005605332,227.78761061946895,-0.7406593291429208,-0.6718807618570118,False,0,35,NGRIP/data/processed/ngrip_warming_cooling_starts.csv,1.0,0.2,5.0,5.0,True
cooling,NGRIP cooling starts (GS),74.8,75.0,74.9,0.20000000000000284,3.9579999999999997,-0.16982045227306614,242.64143839428445,0.20861298153259583,0.014504,41.7303590534361,4.031247210358586,230.97345132743374,-0.7768542750425439,-0.6296804231895125,False,0,35,NGRIP/data/processed/ngrip_warming_cooling_starts.csv,1.0,0.2,5.0,5.0,True
cooling,NGRIP cooling starts (GS),75.0,75.2,75.1,0.20000000000000284,3.9609999999999994,-0.16809730465675388,243.69001490934696,0.21945398899656618,0.013347,41.785962463234156,4.086850620156639,234.15929203539855,-0.8106480088977204,-0.5855337784194533,False,0,35,NGRIP/data/processed/ngrip_warming_cooling_starts.csv,1.0,0.2,5.0,5.0,True
cooling,NGRIP cooling starts (GS),75.2,75.4,75.30000000000001,0.20000000000000284,3.9830000000000014,-0.15546088880379463,246.31109841228658,0.2465528085971217,0.01214299999999991,41.84156587303221,4.142454029954692,237.34513274336334,-0.841936076213744,-0.5395772822958772,False,0,35,NGRIP/data/processed/ngrip_warming_cooling_starts.csv,1.0,0.2,5.0,5.0,True
cooling,NGRIP cooling starts (GS),75.4,75.6,75.5,0.19999999999998863,4.005,-0.14282447295083744,248.93218191522587,0.2736516281976737,0.010895,41.897169282830255,4.198057439752738,240.53097345132772,-0.8706217673675836,-0.4919529837146484,False,0,35,NGRIP/data/processed/ngrip_warming_cooling_starts.csv,1.0,0.2,5.0,5.0,True
cooling,NGRIP cooling starts (GS),75.6,75.8,75.69999999999999,0.20000000000000284,4.026999999999998,-0.13018805709788026,249.7344943842541,0.28194656456161954,0.009604000000000092,41.9527726926283,4.2536608495507835,243.71681415929214,-0.8966164165317971,-0.4428080866534381,False,0,35,NGRIP/data/processed/ngrip_warming_cooling_starts.csv,1.0,0.2,5.0,5.0,True
cooling,NGRIP cooling starts (GS),75.8,76.0,75.9,0.20000000000000284,4.049,-0.11755164124492101,248.6215640940589,0.27044021723305506,0.008273,42.008376102426354,4.309264259348836,246.90265486725693,-0.9198396757355137,-0.39229449517267634,False,0,35,NGRIP/data/processed/ngrip_warming_cooling_starts.csv,1.0,0.2,5.0,5.0,True
cooling,NGRIP cooling starts (GS),76.0,76.2,76.1,0.20000000000000284,4.061999999999999,-0.11008466824090091,243.28003775280374,0.2152153231955517,0.006905,42.0639795122244,4.364867669146882,250.08849557522132,-0.9402197632153995,-0.3405683438888267,False,0,35,NGRIP/data/processed/ngrip_warming_cooling_starts.csv,1.0,0.2,5.0,5.0,True
cooling,NGRIP cooling starts (GS),76.2,76.4,76.30000000000001,0.20000000000000284,4.066,-0.10778713808581736,239.1861087687065,0.1728890703794499,0.005500999999999898,42.11958292202245,4.420471078944935,253.27433628318613,-0.9576936852889948,-0.2877895153711889,False,0,35,NGRIP/data/processed/ngrip_warming_cooling_starts.csv,1.0,0.2,5.0,5.0,True
cooling,NGRIP cooling starts (GS),76.4,76.6,76.5,0.19999999999998863,4.07,-0.10548960793073382,238.5948158865066,0.16677582021864545,0.004067,42.1751863318205,4.476074488742981,256.4601769911505,-0.9722074310645554,-0.2341211459540928,False,0,35,NGRIP/data/processed/ngrip_warming_cooling_starts.csv,1.0,0.2,5.0,5.0,True
cooling,NGRIP cooling starts (GS),76.6,76.8,76.69999999999999,0.20000000000000284,4.074,-0.10319207777565079,237.9557426065839,0.16016857878404864,0.002608000000000104,42.23078974161855,4.531677898541034,259.6460176991153,-0.983716139385642,-0.17972912149178355,False,0,35,NGRIP/data/processed/ngrip_warming_cooling_starts.csv,1.0,0.2,5.0,5.0,True
cooling,NGRIP cooling starts (GS),76.8,77.0,76.9,0.20000000000000284,4.078,-0.10089454762056725,234.43672927569602,0.12378625547434485,0.00113,42.286393151416604,4.587281308339087,262.8318584070801,-0.9921842374943689,-0.1247815646148007,False,0,35,NGRIP/data/processed/ngrip_warming_cooling_starts.csv,1.0,0.2,5.0,5.0,True
cooling,NGRIP cooling starts (GS),77.0,77.2,77.1,0.20000000000000284,4.077,-0.10146893015933826,231.15714374960305,0.08987932483420587,-0.00036,42.34199656121465,4.642884718137132,266.01769911504454,-0.997585550984769,-0.06944831507254151,False,0,35,NGRIP/data/processed/ngrip_warming_cooling_starts.csv,1.0,0.2,5.0,5.0,True
cooling,NGRIP cooling starts (GS),77.2,77.4,77.30000000000001,0.20000000000000284,4.071,-0.10491522539196332,228.7384546632239,0.06487301765318257,-0.0018570000000001066,42.3975999710127,4.698488127935185,269.2035398230093,-0.9999033847063812,-0.013900404768307301,False,0,35,NGRIP/data/processed/ngrip_warming_cooling_starts.csv,1.0,0.2,5.0,5.0,True
cooling,NGRIP cooling starts (GS),77.4,77.6,77.5,0.19999999999998863,4.0649999999999995,-0.10836152062458838,226.3197655768451,0.03986671047216278,-0.003359,42.45320338081075,4.754091537733231,272.3893805309737,-0.9991305743680011,0.04169047089045882,False,0,35,NGRIP/data/processed/ngrip_warming_cooling_starts.csv,1.0,0.2,5.0,5.0,True
cooling,NGRIP cooling starts (GS),77.6,77.8,77.69999999999999,0.20000000000000284,4.059,-0.11180781585721293,225.23075359495496,0.028607649397997512,-0.0048629999999998934,42.508806790608794,4.809694947531277,275.57522123893807,-0.9952695086820973,0.09715248369288638,False,1,35,NGRIP/data/processed/ngrip_warming_cooling_starts.csv,0.0,0.0,5.0,5.0,True
cooling,NGRIP cooling starts (GS),77.8,78.0,77.9,0.20000000000000284,4.053,-0.11525411108983799,225.97476202772557,0.036299792848723464,-0.006367,42.56441020040685,4.86529835732933,278.7610619469029,-0.9883321219814352,0.15231420373580898,False,0,35,NGRIP/data/processed/ngrip_warming_cooling_starts.csv,0.0,0.0,5.0,5.0,True
cooling,NGRIP cooling starts (GS),78.0,78.2,78.1,0.20000000000000284,4.05,-0.11697725870615051,226.53433635488625,0.04208511167882662,-0.007869,42.62001361020489,4.920901767127376,281.9469026548673,-0.9783398573307427,0.20700512930374962,False,0,35,NGRIP/data/processed/ngrip_warming_cooling_starts.csv,0.0,0.0,5.0,5.0,True
cooling,NGRIP cooling starts (GS),78.2,78.4,78.30000000000001,0.20000000000000284,4.05,-0.11697725870615051,225.36184761292927,0.029963002304462895,-0.009365000000000106,42.67561702000295,4.976505176925436,285.1327433628325,-0.9653236002474173,0.2610562138800082,False,0,35,NGRIP/data/processed/ngrip_warming_cooling_starts.csv,0.0,0.0,5.0,5.0,True
cooling,NGRIP cooling starts (GS),78.4,78.6,78.5,0.19999999999998863,4.05,-0.11697725870615051,224.18935887097246,0.017840892930100934,-0.010846,42.731220429801,5.032108586723481,288.3185840707969,-0.9493235832361787,0.31430038865967386,False,0,35,NGRIP/data/processed/ngrip_warming_cooling_starts.csv,0.0,0.0,5.0,5.0,True
cooling,NGRIP cooling starts (GS),78.6,78.8,78.69999999999999,0.20000000000000284,4.05,-0.11697725870615051,225.45609006741415,0.030937354807897152,-0.012304999999999898,42.786823839599045,5.087711996521527,291.5044247787613,-0.9303892614326822,0.36657307894981617,False,0,35,NGRIP/data/processed/ngrip_warming_cooling_starts.csv,0.0,0.0,5.0,5.0,True
cooling,NGRIP cooling starts (GS),78.8,79.0,78.9,0.20000000000000284,4.05,-0.11697725870615051,226.82379391946768,0.04507775129363132,-0.013734,42.8424272493971,5.14331540631958,294.6902654867261,-0.9085791597405374,0.41771271286038103,False,0,35,NGRIP/data/processed/ngrip_warming_cooling_starts.csv,0.0,0.0,5.0,5.0,True
cooling,NGRIP cooling starts (GS),79.0,79.2,79.1,0.20000000000000284,4.035000000000001,-0.12559299678771216,227.87821318573123,0.05597916570785353,-0.015127,42.89803065919514,5.198918816117626,297.87610619469046,-0.883960691934194,0.46756122071363115,False,0,35,NGRIP/data/processed/ngrip_warming_cooling_starts.csv,0.0,0.0,5.0,5.0,True
cooling,NGRIP cooling starts (GS),79.2,79.4,79.30000000000001,0.20000000000000284,4.004999999999998,-0.14282447295083847,228.76563970224169,0.06515407793506625,-0.016479000000000094,42.953634068993196,5.254522225915679,301.0619469026553,-0.8566099522868083,0.5159645236285069,False,0,35,NGRIP/data/processed/ngrip_warming_cooling_starts.csv,0.0,0.0,5.0,5.0,True
cooling,NGRIP cooling starts (GS),79.4,79.6,79.5,0.19999999999998863,3.9749999999999996,-0.16005594911396223,230.3076983892693,0.08109709162629893,-0.017789,43.00923747879124,5.3101256357137245,304.24778761061964,-0.82661148036723,0.5627730097695665,False,0,35,NGRIP/data/processed/ngrip_warming_cooling_starts.csv,0.0,0.0,5.0,5.0,True
cooling,NGRIP cooling starts (GS),79.6,79.8,79.69999999999999,0.20000000000000284,3.9450000000000016,-0.17728742527708574,232.65575426757695,0.10537313723374361,-0.01905499999999991,43.06484088858929,5.36572904551177,307.43362831858406,-0.7940579997330165,0.6078419967886397,False,0,35,NGRIP/data/processed/ngrip_warming_cooling_starts.csv,0.0,0.0,5.0,5.0,True
cooling,NGRIP cooling starts (GS),79.8,80.0,79.9,0.20000000000000284,3.914999999999999,-0.1945189014402118,234.53913086497826,0.12484496352071472,-0.020275,43.12044429838735,5.42133245530983,310.61946902654927,-0.7590501313272349,0.6510321790296602,False,0,35,NGRIP/data/processed/ngrip_warming_cooling_starts.csv,1.0,0.2,5.0,5.0,True
cooling,NGRIP cooling starts (GS),80.0,80.2,80.1,0.20000000000000284,3.8920000000000003,-0.20772969983194,232.7087919864577,0.10592148282226163,-0.021445,43.17604770818539,5.476935865107876,313.8053097345137,-0.7216960824649257,0.6922100581144276,False,0,35,NGRIP/data/processed/ngrip_warming_cooling_starts.csv,1.0,0.2,5.0,5.0,True
cooling,NGRIP cooling starts (GS),80.2,80.4,80.30000000000001,0.20000000000000284,3.875999999999999,-0.21691982045227393,230.87845310793685,0.0869980021238056,-0.022561000000000078,43.231651117983446,5.532539274905929,316.99115044247844,-0.682111312370435,0.7312483555785154,False,0,35,NGRIP/data/processed/ngrip_warming_cooling_starts.csv,1.0,0.2,5.0,5.0,True
cooling,NGRIP cooling starts (GS),80.4,80.6,80.5,0.19999999999998863,3.86,-0.22610994107260657,232.04048287100647,0.09901197836095464,-0.02362,43.28725452778149,5.588142684703975,320.17699115044286,-0.6404181752996239,0.7680264062816462,False,0,35,NGRIP/data/processed/ngrip_warming_cooling_starts.csv,1.0,0.2,5.0,5.0,True
cooling,NGRIP cooling starts (GS),80.6,80.8,80.69999999999999,0.20000000000000284,3.8440000000000007,-0.2353000616929392,233.7381005369877,0.11656328293768678,-0.02461699999999993,43.34285793757954,5.643746094502021,323.3628318584072,-0.5967455423498367,0.8024305313767661,False,0,35,NGRIP/data/processed/ngrip_warming_cooling_starts.csv,1.0,0.2,5.0,5.0,True
cooling,NGRIP cooling starts (GS),80.8,81.0,80.9,0.20000000000000284,3.8279999999999994,-0.24449018231327313,232.60301240165063,0.10482785040540292,-0.025549,43.39846134737759,5.6993495043000735,326.54867256637203,-0.5512284031267384,0.8343543896848306,False,0,35,NGRIP/data/processed/ngrip_warming_cooling_starts.csv,1.0,0.2,5.0,5.0,True
cooling,NGRIP cooling starts (GS),81.0,81.2,81.1,0.20000000000000284,3.818,-0.250234007700981,231.12164541563277,0.08951231518064007,-0.02641,43.45406475717564,5.754952914098119,329.73451327433645,-0.5040074484991978,0.863699306389283,False,0,35,NGRIP/data/processed/ngrip_warming_cooling_starts.csv,1.0,0.2,5.0,5.0,True
cooling,NGRIP cooling starts (GS),81.2,81.4,81.30000000000001,0.20000000000000284,3.8139999999999996,-0.2525315378560645,231.03133760325562,0.08857864209720549,-0.02719700000000005,43.50966816697369,5.810556323896172,332.9203539823012,-0.45522863573183353,0.8903745780342864,False,0,35,NGRIP/data/processed/ngrip_warming_cooling_starts.csv,1.0,0.2,5.0,5.0,True
cooling,NGRIP cooling starts (GS),81.4,81.6,81.5,0.19999999999998863,3.8099999999999996,-0.2548290680111478,232.53964726584837,0.10417273187058924,-0.027907,43.56527157677174,5.866159733694225,336.106194690266,-0.4050427373395155,0.9142977528838798,False,0,35,NGRIP/data/processed/ngrip_warming_cooling_starts.csv,1.0,0.2,5.0,5.0,True
cooling,NGRIP cooling starts (GS),81.6,81.8,81.69999999999999,0.20000000000000284,3.806,-0.25712659816623085,234.0479569284411,0.11976682164397272,-0.02853399999999996,43.62087498656979,5.921763143492271,339.29203539823044,-0.35360487505814386,0.9353948857755822,False,0,35,NGRIP/data/processed/ngrip_warming_cooling_starts.csv,1.0,0.2,5.0,5.0,True
cooling,NGRIP cooling starts (GS),81.8,82.0,81.9,0.20000000000000284,3.8019999999999996,-0.2594241283213144,236.64314523814514,0.14659791640126185,-0.029079,43.67647839636784,5.977366553290324,342.47787610619525,-0.3010740403722331,0.9536007666806581,False,0,35,NGRIP/data/processed/ngrip_warming_cooling_starts.csv,1.0,0.2,5.0,5.0,True
cooling,NGRIP cooling starts (GS),82.0,82.2,82.1,0.20000000000000284,3.8029999999999995,-0.2588497457825436,239.02418183884302,0.17121494261666742,-0.029538,43.73208180616589,6.0329699630883695,345.6637168141596,-0.24761260308139094,0.9688591222645621,False,0,35,NGRIP/data/processed/ngrip_warming_cooling_starts.csv,1.0,0.2,5.0,5.0,True
cooling,NGRIP cooling starts (GS),82.2,82.4,82.30000000000001,0.20000000000000284,3.809,-0.2554034505499183,239.89068754101763,0.18017355903607846,-0.029912000000000022,43.78768521596394,6.088573372886422,348.8495575221244,-0.19338580942451916,0.9811227898246089,False,0,35,NGRIP/data/processed/ngrip_warming_cooling_starts.csv,1.0,0.2,5.0,5.0,True
cooling,NGRIP cooling starts (GS),82.4,82.6,82.5,0.19999999999998863,3.815,-0.2519571553172935,240.75719324319212,0.18913217545548833,-0.030199,43.843288625761986,6.144176782684468,352.0353982300888,-0.13856127131321372,0.9903538630671695,False,0,35,NGRIP/data/processed/ngrip_warming_cooling_starts.csv,2.0,0.4,5.0,5.0,True
cooling,NGRIP cooling starts (GS),82.6,82.8,82.69999999999999,0.20000000000000284,3.8209999999999997,-0.2485108600846687,242.91891331345093,0.21148173514908233,-0.030397999999999988,43.89889203556003,6.199780192482514,355.2212389380532,-0.0833084482529031,0.9965238092738644,False,0,35,NGRIP/data/processed/ngrip_warming_cooling_starts.csv,2.0,0.4,5.0,5.0,True
cooling,NGRIP cooling starts (GS),82.8,83.0,82.9,0.20000000000000284,3.8270000000000004,-0.24506456485204337,245.2803502117933,0.23589612424981332,-0.030507,43.954495445358084,6.255383602280567,358.407079646018,-0.02779812355324891,0.9996135574945542,False,0,35,NGRIP/data/processed/ngrip_warming_cooling_starts.csv,2.0,0.4,5.0,5.0,True
cooling,NGRIP cooling starts (GS),83.0,83.2,83.1,0.20000000000000284,3.829,-0.24391579977450187,246.47607735623066,0.24825849047822798,-0.030523,44.009615347244846,0.027318196987742738,1.5652173913046576,0.027314799259491276,0.9996268812619105,False,0,35,NGRIP/data/processed/ngrip_warming_cooling_starts.csv,2.0,0.4,5.0,5.0,True
cooling,NGRIP cooling starts (GS),83.2,83.4,83.30000000000001,0.20000000000000284,3.827,-0.24506456485204361,246.7510274345646,0.2511011403074203,-0.03044499999999999,44.064251741220325,0.08195459096322111,4.695652173913565,0.08186287968182218,0.9966436017605288,False,0,35,NGRIP/data/processed/ngrip_warming_cooling_starts.csv,2.0,0.4,5.0,5.0,True
cooling,NGRIP cooling starts (GS),83.4,83.6,83.5,0.19999999999998863,3.825,-0.24621332992958514,247.0259775128985,0.25394379013661206,-0.030273,44.118888135195796,0.13659098493869237,7.826086956522067,0.13616664909625226,0.99068594603633,False,0,35,NGRIP/data/processed/ngrip_warming_cooling_starts.csv,2.0,0.4,5.0,5.0,True
cooling,NGRIP cooling starts (GS),83.6,83.8,83.69999999999999,0.20000000000000284,3.823,-0.24736209500712691,248.49105528316142,0.26909091465691526,-0.030009000000000022,44.17352452917127,0.19122737891416364,10.956521739130567,0.19006404371160954,0.9817716940755582,False,0,35,NGRIP/data/processed/ngrip_warming_cooling_starts.csv,2.0,0.4,5.0,5.0,True
cooling,NGRIP cooling starts (GS),83.8,84.0,83.9,0.20000000000000284,3.8209999999999997,-0.2485108600846687,250.39757074256448,0.2888019686702997,-0.029656,44.228160923146746,0.245863772889642,14.086956521739475,0.2433942125188416,0.9699274495096698,False,0,35,NGRIP/data/processed/ngrip_warming_cooling_starts.csv,2.0,0.4,5.0,5.0,True
cooling,NGRIP cooling starts (GS),84.0,84.2,84.1,0.20000000000000284,3.8329999999999993,-0.24161826961941907,247.87436824382456,0.2627151197574977,-0.029215,44.28279731712222,0.30050016686511327,17.217391304347977,0.29599799733362586,0.9551885602196473,False,0,35,NGRIP/data/processed/ngrip_warming_cooling_starts.csv,2.0,0.4,5.0,5.0,True
cooling,NGRIP cooling starts (GS),84.2,84.4,84.30000000000001,0.20000000000000284,3.8590000000000013,-0.22668432361137655,244.2124136112824,0.22485495701892633,-0.02868799999999996,44.337433711097695,0.35513656084059164,20.347826086956886,0.3477184077869947,0.9375990128440181,False,0,35,NGRIP/data/processed/ngrip_warming_cooling_starts.csv,2.0,0.4,5.0,5.0,True
cooling,NGRIP cooling starts (GS),84.4,84.6,84.5,0.19999999999998863,3.885,-0.2117503776033361,241.99489436996646,0.20192850167563572,-0.028072,44.39207010507317,0.4097729548160629,23.478260869565386,0.3984010898462441,0.9172113015054518,False,0,35,NGRIP/data/processed/ngrip_warming_cooling_starts.csv,2.0,0.4,5.0,5.0,True
cooling,NGRIP cooling starts (GS),84.6,84.8,84.69999999999999,0.20000000000000284,3.9109999999999987,-0.19681643159529535,240.35934292654082,0.18501888644853148,-0.027366000000000053,44.44670649904864,0.46440934879153417,26.608695652173886,0.4478947864680815,0.8940862711476514,False,0,35,NGRIP/data/processed/ngrip_warming_cooling_starts.csv,2.0,0.4,5.0,5.0,True
cooling,NGRIP cooling starts (GS),84.8,85.0,84.9,0.20000000000000284,3.9370000000000007,-0.18188248558725284,238.72379148311492,0.1681092712214246,-0.02657,44.50134289302412,0.5190457427670196,29.739130434783203,0.49605178900907704,0.8682929359501286,False,1,35,NGRIP/data/processed/ngrip_warming_cooling_starts.csv,1.0,0.2,5.0,5.0,True
cooling,NGRIP cooling starts (GS),85.0,85.2,85.1,0.20000000000000284,3.9609999999999994,-0.16809730465675388,237.0068188468764,0.1503578597626384,-0.025683,44.555979286999595,0.5736821367424909,32.8695652173917,0.5427283780462675,0.8399082733627927,False,0,35,NGRIP/data/processed/ngrip_warming_cooling_starts.csv,2.0,0.4,5.0,5.0,True
cooling,NGRIP cooling starts (GS),85.2,85.4,85.30000000000001,0.20000000000000284,3.9830000000000014,-0.15546088880379463,235.2715054797805,0.1324168274252007,-0.024706999999999927,44.61061568097507,0.6283185307179693,36.00000000000061,0.5877852522924817,0.8090169943749411,False,0,35,NGRIP/data/processed/ngrip_warming_cooling_starts.csv,2.0,0.4,5.0,5.0,True
cooling,NGRIP cooling starts (GS),85.4,85.6,85.5,0.19999999999998863,4.005,-0.14282447295083744,233.1858156233478,0.11085332778896635,-0.023647,44.665252074950544,0.6829549246934405,39.130434782609115,0.6310879443260584,0.7757112907044152,False,0,35,NGRIP/data/processed/ngrip_warming_cooling_starts.csv,2.0,0.4,5.0,5.0,True
cooling,NGRIP cooling starts (GS),85.6,85.8,85.69999999999999,0.20000000000000284,4.026999999999998,-0.13018805709788026,230.92175446051618,0.08744568551149294,-0.022507000000000082,44.719888468926015,0.7375913186689118,42.26086956521761,0.6725072218945302,0.7400905596612494,False,0,35,NGRIP/data/processed/ngrip_warming_cooling_starts.csv,2.0,0.4,5.0,5.0,True
cooling,NGRIP cooling starts (GS),85.8,86.0,85.9,0.20000000000000284,4.049,-0.11755164124492101,228.68055841731615,0.06427444079683896,-0.021293,44.774524862901494,0.7922277126443902,45.39130434782652,0.711919473594439,0.7022611075070417,False,0,35,NGRIP/data/processed/ngrip_warming_cooling_starts.csv,2.0,0.4,5.0,5.0,True
cooling,NGRIP cooling starts (GS),86.0,86.2,86.1,0.20000000000000284,4.071999999999999,-0.10434084285319281,226.9078944204883,0.045947248317636226,-0.020009,44.829161256876965,0.8468641066198614,48.52173913043502,0.7492070777763338,0.6623358321953046,False,0,35,NGRIP/data/processed/ngrip_warming_cooling_starts.csv,2.0,0.4,5.0,5.0,True
cooling,NGRIP cooling starts (GS),86.2,86.4,86.30000000000001,0.20000000000000284,4.096000000000001,-0.09055566192269207,225.1352304236602,0.027620055838430847,-0.018658999999999898,44.88379765085244,0.9015005005953398,51.65217391304393,0.7842587535740362,0.6204338864395619,False,0,35,NGRIP/data/processed/ngrip_warming_cooling_starts.csv,2.0,0.4,5.0,5.0,True
cooling,NGRIP cooling starts (GS),86.4,86.6,86.5,0.19999999999998863,4.119999999999999,-0.07677048099219336,223.3700672487091,0.009370412746214642,-0.017245,44.938434044827915,0.9561368945708111,54.78260869565243,0.8169698930104445,0.5766803221148635,False,0,35,NGRIP/data/processed/ngrip_warming_cooling_starts.csv,2.0,0.4,5.0,5.0,True
cooling,NGRIP cooling starts (GS),86.6,86.8,86.69999999999999,0.20000000000000284,4.143999999999998,-0.06298530006169414,222.49277431786925,0.00030026948560936076,-0.015772000000000105,44.993070438803386,1.0107732885462823,57.91304347826093,0.8472428731888841,0.5312057170538025,False,0,35,NGRIP/data/processed/ngrip_warming_cooling_starts.csv,2.0,0.4,5.0,5.0,True
cooling,NGRIP cooling starts (GS),86.8,87.0,86.9,0.20000000000000284,4.168,-0.0492001191311934,221.6154813870293,-0.008769873774997095,-0.014242,45.047706832778864,1.0654096825217607,61.04347826086984,0.8749873476381849,0.4841457853509563,False,0,35,NGRIP/data/processed/ngrip_warming_cooling_starts.csv,2.0,0.4,5.0,5.0,True
cooling,NGRIP cooling starts (GS),87.0,87.2,87.1,0.20000000000000284,4.173,-0.04632820643733935,221.39212329784283,-0.011079125104991117,-0.012658,45.102343226754336,1.120046076497232,64.17391304347834,0.9001205159420516,0.43564097233870797,False,0,35,NGRIP/data/processed/ngrip_warming_cooling_starts.csv,2.0,0.4,5.0,5.0,True
cooling,NGRIP cooling starts (GS),87.2,87.4,87.30000000000001,0.20000000000000284,4.158999999999999,-0.054369561980131494,222.32217888740982,-0.0014634800437415372,-0.011023999999999883,45.156979620729814,1.1746824704727103,67.30434782608725,0.9225673708480737,0.3858360354431307,False,0,35,NGRIP/data/processed/ngrip_warming_cooling_starts.csv,2.0,0.4,5.0,5.0,True
cooling,NGRIP cooling starts (GS),87.4,87.6,87.5,0.19999999999998863,4.145,-0.06241091752292262,223.2522344769767,0.008152165017506867,-0.009342,45.211616014705285,1.2293188644481816,70.43478260869576,0.9422609221188211,0.3348796121709846,False,1,35,NGRIP/data/processed/ngrip_warming_cooling_starts.csv,1.0,0.2,5.0,5.0,True
cooling,NGRIP cooling starts (GS),87.6,87.8,87.69999999999999,0.20000000000000284,4.131000000000001,-0.07045227306571324,222.38185977194317,-0.0008464521918028255,-0.007618000000000123,45.26625240868076,1.2839552584236529,73.56521739130424,0.9591423964570627,0.2829237765169317,False,0,35,NGRIP/data/processed/ngrip_warming_cooling_starts.csv,1.0,0.2,5.0,5.0,True
cooling,NGRIP cooling starts (GS),87.8,88.0,87.9,0.20000000000000284,4.117,-0.07849362860850538,220.28139811761093,-0.022562674275073375,-0.005855,45.320888802656235,1.3385916523991312,76.69565217391316,0.9731614129083759,0.2301235851149845,False,0,35,NGRIP/data/processed/ngrip_warming_cooling_starts.csv,1.0,0.2,5.0,5.0,True
cooling,NGRIP cooling starts (GS),88.0,88.2,88.1,0.20000000000000284,4.107,-0.08423745399621348,218.18093646327898,-0.04427889635834099,-0.004062,45.375525196631706,1.3932280463746025,79.82608695652166,0.9842761332177112,0.1766366144885888,False,0,35,NGRIP/data/processed/ngrip_warming_cooling_starts.csv,1.0,0.2,5.0,5.0,True
cooling,NGRIP cooling starts (GS),88.2,88.4,88.30000000000001,0.20000000000000284,4.101,-0.08768374922883854,219.59569940971548,-0.02965196599918406,-0.00224499999999987,45.430161590607185,1.4478644403500809,82.95652173913057,0.9924533866912019,0.12262249078029626,False,0,35,NGRIP/data/processed/ngrip_warming_cooling_starts.csv,1.0,0.2,5.0,5.0,True
cooling,NGRIP cooling starts (GS),88.4,88.6,88.5,0.19999999999998863,4.095000000000001,-0.09113004446146308,221.7868072838516,-0.006998572110748625,-0.000411,45.484797984582656,1.5025008343255521,86.08695652173907,0.9976687691905392,0.06824241336467211,False,0,35,NGRIP/data/processed/ngrip_warming_cooling_starts.csv,1.0,0.2,5.0,5.0,True
cooling,NGRIP cooling starts (GS),88.6,88.8,88.69999999999999,0.20000000000000284,4.089,-0.09457633969408814,223.97791515798775,0.0156548217776871,0.0014359999999998686,45.53943437855813,1.5571372283010234,89.21739130434757,0.999906715964522,0.013658673765955642,False,0,35,NGRIP/data/processed/ngrip_warming_cooling_starts.csv,1.0,0.2,5.0,5.0,True
cooling,NGRIP cooling starts (GS),88.8,89.0,88.9,0.20000000000000284,4.083,-0.0980226349267132,225.22957687734606,0.028595483567275752,0.00329,45.59407077253361,1.6117736222765089,92.34782608695689,0.9991605481003862,-0.04096582868362052,False,0,35,NGRIP/data/processed/ngrip_warming_cooling_starts.csv,1.0,0.2,5.0,5.0,True
cooling,NGRIP cooling starts (GS),89.0,89.2,89.1,0.20000000000000284,4.078,-0.10089454762056725,226.4762823730221,0.04148490402429502,0.005149,45.648707166509084,1.6664100162519802,95.47826086956539,0.9954324924563085,-0.09546807299941296,False,0,35,NGRIP/data/processed/ngrip_warming_cooling_starts.csv,1.0,0.2,5.0,5.0,True
cooling,NGRIP cooling starts (GS),89.2,89.4,89.30000000000001,0.20000000000000284,4.074,-0.10319207777565079,227.5620210012496,0.05271012259771862,0.007008000000000132,45.70334356048456,1.7210464102274585,98.60869565217429,0.9887336750155838,-0.14968540306315076,False,0,35,NGRIP/data/processed/ngrip_warming_cooling_starts.csv,1.0,0.2,5.0,5.0,True
cooling,NGRIP cooling starts (GS),89.4,89.6,89.5,0.19999999999998863,4.07,-0.10548960793073382,228.22639935906048,0.0595789877997003,0.008862,45.75797995446003,1.7756828042029298,101.7391304347828,0.9790840876823222,-0.20345601305263689,False,0,35,NGRIP/data/processed/ngrip_warming_cooling_starts.csv,1.0,0.2,5.0,5.0,True
cooling,NGRIP cooling starts (GS),89.6,89.8,89.69999999999999,0.20000000000000284,4.066,-0.10778713808581736,228.88352233697188,0.06637284118660287,0.01070299999999987,45.812616348435505,1.830319198178401,104.8695652173913,0.9665125286177448,-0.2566194303339734,False,0,35,NGRIP/data/processed/ngrip_warming_cooling_starts.csv,1.0,0.2,5.0,5.0,True
cooling,NGRIP cooling starts (GS),89.8,90.0,89.9,0.20000000000000284,4.061999999999999,-0.11008466824090091,229.16016818861948,0.06923302325200922,0.012523,45.86725274241098,1.8849555921538794,108.0000000000002,0.9510565162951525,-0.3090169943749507,False,0,35,NGRIP/data/processed/ngrip_warming_cooling_starts.csv,1.0,0.2,5.0,5.0,True
cooling,NGRIP cooling starts (GS),90.0,90.2,90.1,0.20000000000000284,4.0569999999999995,-0.11295658093475495,229.43681404026702,0.07209320531741499,0.014313,45.921889136386454,1.9395919861293507,111.1304347826087,0.9327621775300636,-0.36049233025041477,False,1,35,NGRIP/data/processed/ngrip_warming_cooling_starts.csv,0.0,0.0,5.0,5.0,True
cooling,NGRIP cooling starts (GS),90.2,90.4,90.30000000000001,0.20000000000000284,4.050999999999999,-0.11640287616738001,229.7134598919146,0.07495338738282104,0.016067000000000123,45.97652553036193,1.994228380104829,114.26086956521762,0.9116841098196519,-0.4108918153265516,False,0,35,NGRIP/data/processed/ngrip_warming_cooling_starts.csv,0.0,0.0,5.0,5.0,True
cooling,NGRIP cooling starts (GS),90.4,90.6,90.5,0.19999999999998863,4.045,-0.11984917140000456,230.38135911650815,0.08185865407055257,0.017783,46.031161924337404,2.0488647740803003,117.39130434782611,0.8878852184023751,-0.4600650377311525,False,0,35,NGRIP/data/processed/ngrip_warming_cooling_starts.csv,0.0,0.0,5.0,5.0,True
cooling,NGRIP cooling starts (GS),90.6,90.8,90.69999999999999,0.20000000000000284,4.039000000000001,-0.12329546663262911,231.08629235110539,0.08914680743665558,0.01945699999999988,46.085798318312875,2.1035011680557716,120.52173913043461,0.8614365285240015,-0.5078652452418034,False,0,35,NGRIP/data/processed/ngrip_warming_cooling_starts.csv,0.0,0.0,5.0,5.0,True
cooling,NGRIP cooling starts (GS),90.8,91.0,90.9,0.20000000000000284,4.033,-0.12674176186525418,231.51136128545897,0.09354150388830604,0.021088,46.140434712288354,2.15813756203125,123.65217391304353,0.8324169734703678,-0.5541497832521753,False,0,35,NGRIP/data/processed/ngrip_warming_cooling_starts.csv,0.0,0.0,5.0,5.0,True
cooling,NGRIP cooling starts (GS),91.0,91.2,91.1,0.20000000000000284,4.025,-0.13133682217542075,231.36802809513043,0.09205961280657239,0.022671,46.195071106263825,2.212773956006721,126.78260869565203,0.8009131589994434,-0.5987805205094204,False,0,35,NGRIP/data/processed/ngrip_warming_cooling_starts.csv,0.0,0.0,5.0,5.0,True
cooling,NGRIP cooling starts (GS),91.2,91.4,91.30000000000001,0.20000000000000284,4.015,-0.13708064756312935,231.22469490480182,0.09057772172483816,0.024202000000000105,46.2497075002393,2.2674103499821996,129.91304347826093,0.7670191048756821,-0.6416242613521619,False,0,35,NGRIP/data/processed/ngrip_warming_cooling_starts.csv,0.0,0.0,5.0,5.0,True
cooling,NGRIP cooling starts (GS),91.4,91.6,91.5,0.19999999999998863,4.005,-0.14282447295083744,231.40622722351654,0.0924545453937535,0.025673,46.304343894214774,2.322046743957671,133.04347826086942,0.7308359642781257,-0.6825531432186523,False,0,35,NGRIP/data/processed/ngrip_warming_cooling_starts.csv,0.0,0.0,5.0,5.0,True
cooling,NGRIP cooling starts (GS),91.6,91.8,91.69999999999999,0.20000000000000284,3.9950000000000006,-0.1485682983385453,232.4448822049319,0.10319297625146036,0.0270749999999999,46.358980288190246,2.376683137933142,136.17391304347794,0.6924717219195299,-0.7214450182389517,False,0,35,NGRIP/data/processed/ngrip_warming_cooling_starts.csv,0.0,0.0,5.0,5.0,True
cooling,NGRIP cooling starts (GS),91.8,92.0,91.9,0.20000000000000284,3.985,-0.15431212372625389,233.48353718634743,0.11393140710916896,0.028403,46.413616682165724,2.4313195319086205,139.30434782608685,0.652040871777552,-0.7581838177721615,False,0,35,NGRIP/data/processed/ngrip_warming_cooling_starts.csv,0.0,0.0,5.0,5.0,True
cooling,NGRIP cooling starts (GS),92.0,92.2,92.1,0.20000000000000284,3.9720000000000004,-0.16177909673027424,233.47270614226784,0.11381942726981267,0.029649,46.468253076141195,2.4859559258840918,142.43478260869534,0.6096640753997389,-0.7926598988008549,False,0,35,NGRIP/data/processed/ngrip_warming_cooling_starts.csv,0.0,0.0,5.0,5.0,True
cooling,NGRIP cooling starts (GS),92.2,92.4,92.30000000000001,0.20000000000000284,3.955999999999999,-0.17096921735060816,233.11448629771928,0.11011586920541934,0.030811000000000078,46.522889470116674,2.54059231985957,145.56521739130426,0.5654678018020074,-0.8247703711489676,False,0,35,NGRIP/data/processed/ngrip_warming_cooling_starts.csv,0.0,0.0,5.0,5.0,True
cooling,NGRIP cooling starts (GS),92.4,92.6,92.5,0.19999999999998863,3.94,-0.1801593379709408,232.75626645317078,0.10641231114102659,0.031886,46.577525864092145,2.5952287138350414,148.69565217391275,0.519583950035438,-0.8544194045464859,False,0,35,NGRIP/data/processed/ngrip_warming_cooling_starts.csv,0.0,0.0,5.0,5.0,True
cooling,NGRIP cooling starts (GS),92.6,92.8,92.69999999999999,0.20000000000000284,3.924000000000001,-0.18934945859127345,232.57067418448466,0.1044935125210122,0.03287099999999993,46.632162258067616,2.6498651078105127,151.82608695652127,0.4721494555476261,-0.8815185146246676,False,0,35,NGRIP/data/processed/ngrip_warming_cooling_starts.csv,0.0,0.0,5.0,5.0,True
cooling,NGRIP cooling starts (GS),92.8,93.0,92.9,0.20000000000000284,3.9079999999999995,-0.19853957921160736,233.28525835368603,0.11188144482796963,0.033763,46.6867986520431,2.704501501785998,154.95652173913058,0.4233058815134958,-0.9059868269881645,False,0,35,NGRIP/data/processed/ngrip_warming_cooling_starts.csv,0.0,0.0,5.0,5.0,True
cooling,NGRIP cooling starts (GS),93.0,93.2,93.1,0.20000000000000284,3.894,-0.20658093475439848,233.99984252288732,0.1192693771349262,0.03456,46.74143504601857,2.7591378957614694,158.08695652173907,0.3731989963551925,-0.927751318575984,False,0,35,NGRIP/data/processed/ngrip_warming_cooling_starts.csv,0.0,0.0,5.0,5.0,True
cooling,NGRIP cooling starts (GS),93.2,93.4,93.30000000000001,0.20000000000000284,3.8819999999999992,-0.21347352521964885,234.7144266920887,0.12665730944188364,0.03525700000000004,46.79607143999405,2.8137742897369478,161.21739130434798,0.3219783387117359,-0.9467470355910446,False,0,35,NGRIP/data/processed/ngrip_warming_cooling_starts.csv,0.0,0.0,5.0,5.0,True
cooling,NGRIP cooling starts (GS),93.4,93.6,93.5,0.19999999999998863,3.87,-0.22036611568489822,235.73569899458687,0.13721602451425863,0.035852,46.85070783396952,2.868410683712419,164.34782608695647,0.2697967711570251,-0.962917287347799,False,0,35,NGRIP/data/processed/ngrip_warming_cooling_starts.csv,0.0,0.0,5.0,5.0,True
cooling,NGRIP cooling starts (GS),93.6,93.8,93.69999999999999,0.20000000000000284,3.8580000000000005,-0.22725870615014782,237.26496374271156,0.1530267644179825,0.036342999999999966,46.905344227944994,2.9230470776878903,167.478260869565,0.21681002399778487,-0.9762138154595437,False,0,35,NGRIP/data/processed/ngrip_warming_cooling_starts.csv,0.0,0.0,5.0,5.0,True
cooling,NGRIP cooling starts (GS),93.8,94.0,93.9,0.20000000000000284,3.8459999999999996,-0.2341512966153982,238.63971461076554,0.16724001848917872,0.036725,46.95998062192047,2.9776834716633687,170.60869565217388,0.16317623051314276,-0.9865969378604019,False,0,35,NGRIP/data/processed/ngrip_warming_cooling_starts.csv,0.0,0.0,5.0,5.0,True
cooling,NGRIP cooling starts (GS),94.0,94.2,94.1,0.20000000000000284,3.833,-0.24161826961941857,239.76652784606657,0.17888989860657847,0.036998,47.01461701589594,3.03231986563884,173.7391304347824,0.10905545502279367,-0.9940356672322032,False,0,35,NGRIP/data/processed/ngrip_warming_cooling_starts.csv,0.0,0.0,5.0,5.0,True
cooling,NGRIP cooling starts (GS),94.2,94.4,94.30000000000001,0.20000000000000284,3.818999999999999,-0.2496596251622107,240.89334108136774,0.1905397787239797,0.037158000000000004,47.06925340987142,3.0869562596143183,176.86956521739128,0.054609215192110296,-0.998507803482828,False,0,35,NGRIP/data/processed/ngrip_warming_cooling_starts.csv,0.0,0.0,5.0,5.0,True
cooling,NGRIP cooling starts (GS),94.4,94.6,94.5,0.19999999999998863,3.8049999999999997,-0.25770098070500186,242.02015431666874,0.20218965884137918,0.037204,47.12388980384689,3.1415926535897896,179.9999999999998,3.675178358715236e-15,-1.0,False,0,35,NGRIP/data/processed/ngrip_warming_cooling_starts.csv,0.0,0.0,5.0,5.0,True
cooling,NGRIP cooling starts (GS),94.6,94.8,94.69999999999999,0.20000000000000284,3.791000000000001,-0.2657423362477927,242.50664404045884,0.2072193716482114,0.03713700000000001,47.1810096702758,3.198712520018695,183.27272727272708,-0.057088810862764634,-0.9983691039261359,False,0,35,NGRIP/data/processed/ngrip_warming_cooling_starts.csv,0.0,0.0,5.0,5.0,True
cooling,NGRIP cooling starts (GS),94.8,95.0,94.9,0.20000000000000284,3.7769999999999997,-0.27378369179058487,242.65922312909893,0.20879685408753004,0.036956,47.238129536704704,3.255832386447601,186.5454545454544,-0.11399140989053762,-0.9934817353485506,False,0,35,NGRIP/data/processed/ngrip_warming_cooling_starts.csv,0.0,0.0,5.0,5.0,True
cooling,NGRIP cooling starts (GS),95.0,95.2,95.1,0.20000000000000284,3.7680000000000002,-0.2789531346395219,242.81180221773897,0.21037433652684812,0.036664,47.29524940313361,3.3129522528765065,189.81818181818167,-0.1705221926326211,-0.9853538358476934,False,0,35,NGRIP/data/processed/ngrip_warming_cooling_starts.csv,0.0,0.0,5.0,5.0,True
cooling,NGRIP cooling starts (GS),95.2,95.4,95.30000000000001,0.20000000000000284,3.764,-0.2812506647946055,243.22873819624638,0.21468494809411862,0.03626099999999997,47.352369269562516,3.370072119305412,193.09090909090895,-0.22649676742576205,-0.974011916942334,False,0,35,NGRIP/data/processed/ngrip_warming_cooling_starts.csv,0.0,0.0,5.0,5.0,True
cooling,NGRIP cooling starts (GS),95.4,95.6,95.5,0.19999999999998863,3.76,-0.28354819494968875,244.18378484967212,0.2245589703991205,0.035745,47.40948913599142,3.427191985734318,196.36363636363626,-0.28173255684142773,-0.9594929736144979,False,0,35,NGRIP/data/processed/ngrip_warming_cooling_starts.csv,0.0,0.0,5.0,5.0,True
cooling,NGRIP cooling starts (GS),95.6,95.8,95.69999999999999,0.20000000000000284,3.7560000000000002,-0.2858457251047718,245.13883150309786,0.2344329927041224,0.03511500000000005,47.46660900242032,3.4843118521632164,199.63636363636314,-0.33604939321542177,-0.9418443636395277,False,0,35,NGRIP/data/processed/ngrip_warming_cooling_starts.csv,0.0,0.0,5.0,5.0,True
cooling,NGRIP cooling starts (GS),95.8,96.0,95.9,0.20000000000000284,3.752,-0.28814325525985535,246.09387815652374,0.24430701500912577,0.034368,47.52372886884923,3.541431718592129,202.90909090909082,-0.3892701063173902,-0.9211236531148507,False,0,35,NGRIP/data/processed/ngrip_warming_cooling_starts.csv,0.0,0.0,5.0,5.0,True
cooling,NGRIP cooling starts (GS),96.0,96.2,96.1,0.20000000000000284,3.7579999999999996,-0.28469696002723055,246.05719441736213,0.2439277497057886,0.033502,47.58084873527813,3.5985515850210277,206.18181818181773,-0.4412211012432139,-0.897398428691362,False,0,35,NGRIP/data/processed/ngrip_warming_cooling_starts.csv,0.0,0.0,5.0,5.0,True
cooling,NGRIP cooling starts (GS),96.2,96.4,96.30000000000001,0.20000000000000284,3.774000000000001,-0.27550683940689663,245.90116333759119,0.24231457787129707,0.03251799999999992,47.637968601707044,3.6556714514499404,209.4545454545454,-0.4917329246456031,-0.8707460771197776,False,0,35,NGRIP/data/processed/ngrip_warming_cooling_starts.csv,0.0,0.0,5.0,5.0,True
cooling,NGRIP cooling starts (GS),96.4,96.6,96.5,0.19999999999998863,3.79,-0.266316718786564,245.6570993733425,0.23979125294450482,0.031425,47.69508846813595,3.712791317878846,212.72727272727272,-0.5406408174555972,-0.8412535328311814,False,0,35,NGRIP/data/processed/ngrip_warming_cooling_starts.csv,0.0,0.0,5.0,5.0,True
cooling,NGRIP cooling starts (GS),96.6,96.8,96.69999999999999,0.20000000000000284,3.805999999999999,-0.25712659816623135,244.80016023100845,0.2309315431333824,0.030228000000000088,47.75220833456485,3.7699111843077446,215.9999999999996,-0.5877852522924673,-0.8090169943749517,False,0,35,NGRIP/data/processed/ngrip_warming_cooling_starts.csv,0.0,0.0,5.0,5.0,True
cooling,NGRIP cooling starts (GS),96.8,97.0,96.9,0.20000000000000284,3.8220000000000005,-0.24793647754589743,243.94322108867425,0.2220718333222585,0.028935,47.80932820099376,3.8270310507366574,219.27272727272728,-0.6330124538088705,-0.7741416106390824,False,0,35,NGRIP/data/processed/ngrip_warming_cooling_starts.csv,0.0,0.0,5.0,5.0,True
cooling,NGRIP cooling starts (GS),97.0,97.2,97.1,0.20000000000000284,3.8369999999999997,-0.23932073946433555,243.0862819463402,0.21321212351113608,0.027555,47.86644806742266,3.884150917165556,222.54545454545416,-0.6761749002740146,-0.7367411378764094,False,0,35,NGRIP/data/processed/ngrip_warming_cooling_starts.csv,0.0,0.0,5.0,5.0,True
cooling,NGRIP cooling starts (GS),97.2,97.4,97.30000000000001,0.20000000000000284,3.851000000000001,-0.2312793839215434,242.2434257986052,0.20449801475760956,0.026088999999999894,47.92356793385157,3.9412707835944687,225.81818181818187,-0.717131804758964,-0.6969375686552929,False,0,35,NGRIP/data/processed/ngrip_warming_cooling_starts.csv,0.0,0.0,5.0,5.0,True
cooling,NGRIP cooling starts (GS),97.4,97.6,97.5,0.19999999999998863,3.865,-0.22323802837875226,241.48324707125727,0.1966386901029476,0.024537,47.98068780028047,3.9983906500233672,229.09090909090875,-0.7557495743542544,-0.6548607339452895,False,0,35,NGRIP/data/processed/ngrip_warming_cooling_starts.csv,0.0,0.0,5.0,5.0,True
cooling,NGRIP cooling starts (GS),97.6,97.8,97.69999999999999,0.20000000000000284,3.878999999999999,-0.2151966728359614,240.72306834390935,0.18877936544828564,0.02289700000000012,48.03780766670938,4.055510516452273,232.36363636363606,-0.7919022459222717,-0.6106478796354426,False,0,35,NGRIP/data/processed/ngrip_warming_cooling_starts.csv,0.0,0.0,5.0,5.0,True
cooling,NGRIP cooling starts (GS),97.8,98.0,97.9,0.20000000000000284,3.8930000000000002,-0.20715531729316924,239.96288961656134,0.18092004079362278,0.021171,48.09492753313829,4.112630382881186,235.63636363636374,-0.8254718969627749,-0.5644432188667677,False,0,35,NGRIP/data/processed/ngrip_warming_cooling_starts.csv,0.0,0.0,5.0,5.0,True
cooling,NGRIP cooling starts (GS),98.0,98.2,98.1,0.20000000000000284,3.888000000000001,-0.21002722998702303,240.7317175144931,0.18886878736600823,0.01936,48.15204739956719,4.169750249310084,238.90909090909062,-0.8563490302515864,-0.5163974616389662,False,0,35,NGRIP/data/processed/ngrip_warming_cooling_starts.csv,0.0,0.0,5.0,5.0,True
cooling,NGRIP cooling starts (GS),98.2,98.4,98.30000000000001,0.20000000000000284,3.8639999999999985,-0.22381241091752405,241.74393533774486,0.1993338901214155,0.01746999999999986,48.2091672659961,4.226870115738997,242.18181818181833,-0.8844329309978154,-0.46666732322567156,False,0,35,NGRIP/data/processed/ngrip_warming_cooling_starts.csv,0.0,0.0,5.0,5.0,True
cooling,NGRIP cooling starts (GS),98.4,98.6,98.5,0.19999999999998863,3.84,-0.237597591848023,242.75615316099643,0.20979899287682102,0.015509,48.266287132425,4.2839899821678955,245.4545454545452,-0.9096319953545166,-0.4154150130018904,False,0,35,NGRIP/data/processed/ngrip_warming_cooling_starts.csv,0.0,0.0,5.0,5.0,True
cooling,NGRIP cooling starts (GS),98.6,98.8,98.69999999999999,0.20000000000000284,3.816000000000001,-0.25138277277852195,243.15145416796832,0.2138859251183292,0.013487000000000145,48.323406998853905,4.341109848596801,248.7272727272725,-0.9318640292114508,-0.36280770535064477,False,0,35,NGRIP/data/processed/ngrip_warming_cooling_starts.csv,0.0,0.0,5.0,5.0,True
cooling,NGRIP cooling starts (GS),98.8,99.0,98.9,0.20000000000000284,3.791999999999999,-0.26516795370902296,243.10254705352054,0.213380284962219,0.011412,48.38052686528281,4.398229715025707,251.9999999999998,-0.9510565162951524,-0.30901699437495095,False,0,35,NGRIP/data/processed/ngrip_warming_cooling_starts.csv,0.0,0.0,5.0,5.0,True
cooling,NGRIP cooling starts (GS),99.0,99.2,99.1,0.20000000000000284,3.7829999999999995,-0.2703373965579601,243.05363993907275,0.2128746448061088,0.00929,48.437646731711716,4.4553495814546125,255.27272727272708,-0.9671468547019563,-0.2542183341934902,False,0,35,NGRIP/data/processed/ngrip_warming_cooling_starts.csv,0.0,0.0,5.0,5.0,True
cooling,NGRIP cooling starts (GS),99.2,99.4,99.30000000000001,0.20000000000000284,3.789,-0.2668911013253347,243.00473282462497,0.21236900464999858,0.007128999999999845,48.49476659814063,4.512469447883525,258.5454545454548,-0.9800825610923942,-0.1985904666457415,False,0,35,NGRIP/data/processed/ngrip_warming_cooling_starts.csv,1.0,0.2,5.0,5.0,True
cooling,NGRIP cooling starts (GS),99.4,99.6,99.5,0.19999999999998863,3.795,-0.2634448060927099,243.5002776901544,0.2174923366231704,0.004935,48.55188646456953,4.569589314312424,261.81818181818164,-0.9898214418809324,-0.14231483827328786,False,0,35,NGRIP/data/processed/ngrip_warming_cooling_starts.csv,1.0,0.2,5.0,5.0,True
cooling,NGRIP cooling starts (GS),99.6,99.8,99.69999999999999,0.20000000000000284,3.8009999999999997,-0.25999851086008513,244.2371421838935,0.22511062042202512,0.002714000000000158,48.60900633099843,4.626709180741329,265.09090909090895,-0.9963317308626912,-0.08557500847884218,False,0,35,NGRIP/data/processed/ngrip_warming_cooling_starts.csv,1.0,0.2,5.0,5.0,True
cooling,NGRIP cooling starts (GS),99.8,100.0,99.9,0.20000000000000284,3.8070000000000004,-0.25655221562745983,244.97400667763267,0.23272890422088072,0.000475,48.66612619742734,4.683829047170235,268.36363636363626,-0.9995921928281891,-0.028556050793698374,False,0,35,NGRIP/data/processed/ngrip_warming_cooling_starts.csv,1.0,0.2,5.0,5.0,True
cooling,NGRIP cooling starts (GS),100.0,100.2,100.1,0.20000000000000284,3.8209999999999993,-0.24851086008466894,245.7371044541027,0.24061840829770784,-0.001777,48.723246063856244,4.740948913599141,271.63636363636357,-0.9995921928281892,0.028556050793694453,False,0,35,NGRIP/data/processed/ngrip_warming_cooling_starts.csv,1.0,0.2,5.0,5.0,True
cooling,NGRIP cooling starts (GS),100.2,100.4,100.30000000000001,0.20000000000000284,3.8430000000000013,-0.23587444423170972,246.70060311637172,0.2505798141075273,-0.004033000000000161,48.78036593028515,4.798068780028046,274.9090909090908,-0.9963317308626916,0.08557500847883827,False,0,35,NGRIP/data/processed/ngrip_warming_cooling_starts.csv,2.0,0.4,5.0,5.0,True
cooling,NGRIP cooling starts (GS),100.4,100.6,100.5,0.19999999999998863,3.865,-0.22323802837875226,247.6641017786406,0.26054121991734525,-0.00629,48.837485796714056,4.855188646456952,278.18181818181813,-0.9898214418809329,0.142314838273284,False,0,35,NGRIP/data/processed/ngrip_warming_cooling_starts.csv,2.0,0.4,5.0,5.0,True
cooling,NGRIP cooling starts (GS),100.6,100.8,100.69999999999999,0.20000000000000284,3.8869999999999987,-0.21060161252579507,247.24889442996064,0.25624848028273073,-0.008539999999999841,48.894605663142954,4.912308512885851,281.454545454545,-0.980082561092395,0.19859046664573768,False,0,35,NGRIP/data/processed/ngrip_warming_cooling_starts.csv,2.0,0.4,5.0,5.0,True
cooling,NGRIP cooling starts (GS),100.8,101.0,100.9,0.20000000000000284,3.9090000000000007,-0.19796519667283585,246.45408247067547,0.24803109007868848,-0.010778,48.95172552957187,4.969428379314763,284.7272727272727,-0.9671468547019573,0.25421833419348644,False,0,35,NGRIP/data/processed/ngrip_warming_cooling_starts.csv,2.0,0.4,5.0,5.0,True
cooling,NGRIP cooling starts (GS),101.0,101.2,101.1,0.20000000000000284,3.914,-0.19509328397898204,245.65927051139042,0.2398136998746474,-0.012996,49.00884539600077,5.026548245743669,288.0,-0.9510565162951536,0.30901699437494723,False,0,35,NGRIP/data/processed/ngrip_warming_cooling_starts.csv,2.0,0.4,5.0,5.0,True
cooling,NGRIP cooling starts (GS),101.2,101.4,101.30000000000001,0.20000000000000284,3.9019999999999992,-0.20198587444423244,244.86445855210525,0.23159630967060513,-0.015187000000000155,49.06596526242968,5.083668112172575,291.2727272727273,-0.9318640292114523,0.3628077053506411,False,0,35,NGRIP/data/processed/ngrip_warming_cooling_starts.csv,2.0,0.4,5.0,5.0,True
cooling,NGRIP cooling starts (GS),101.4,101.6,101.5,0.19999999999998863,3.8899999999999997,-0.20887846490948203,243.49698572832008,0.21745830173653666,-0.01734,49.123085128858584,5.14078797860148,294.54545454545456,-0.9096319953545182,0.4154150130018868,False,0,35,NGRIP/data/processed/ngrip_warming_cooling_starts.csv,2.0,0.4,5.0,5.0,True
cooling,NGRIP cooling starts (GS),101.6,101.8,101.69999999999999,0.20000000000000284,3.8780000000000006,-0.2157710553747314,242.0451700524136,0.20244829116246504,-0.019448999999999852,49.18020499528748,5.197907845030379,297.8181818181815,-0.8844329309978173,0.46666732322566806,False,0,35,NGRIP/data/processed/ngrip_warming_cooling_starts.csv,2.0,0.4,5.0,5.0,True
cooling,NGRIP cooling starts (GS),101.8,102.0,101.9,0.20000000000000284,3.8659999999999997,-0.22266364583998177,240.59335437650688,0.18743828058839104,-0.021506,49.237324861716395,5.255027711459292,301.0909090909092,-0.8563490302515885,0.5163974616389628,False,0,35,NGRIP/data/processed/ngrip_warming_cooling_starts.csv,3.0,0.6,5.0,5.0,True
cooling,NGRIP cooling starts (GS),102.0,102.2,102.1,0.20000000000000284,3.8619999999999997,-0.22496117599506504,239.5870783373933,0.17703460866351062,-0.023503,49.294444728145294,5.31214757788819,304.36363636363603,-0.8254718969627771,0.5644432188667645,False,0,35,NGRIP/data/processed/ngrip_warming_cooling_starts.csv,3.0,0.6,5.0,5.0,True
cooling,NGRIP cooling starts (GS),102.2,102.4,102.30000000000001,0.20000000000000284,3.866,-0.2226636458399815,238.83079345303017,0.1692155416154755,-0.02543400000000013,49.35156459457421,5.369267444317103,307.63636363636374,-0.791902245922274,0.6106478796354395,False,0,35,NGRIP/data/processed/ngrip_warming_cooling_starts.csv,3.0,0.6,5.0,5.0,True
cooling,NGRIP cooling starts (GS),102.4,102.6,102.5,0.19999999999998863,3.87,-0.22036611568489822,238.07450856866714,0.16139647456744155,-0.027291,49.40868446100311,5.4263873107460086,310.90909090909105,-0.7557495743542569,0.6548607339452867,False,0,35,NGRIP/data/processed/ngrip_warming_cooling_starts.csv,3.0,0.6,5.0,5.0,True
cooling,NGRIP cooling starts (GS),102.6,102.8,102.69999999999999,0.20000000000000284,3.8739999999999997,-0.21806858552981517,237.31822368430412,0.1535774075194076,-0.029064999999999876,49.46580432743201,5.483507177174907,314.1818181818179,-0.7171318047589668,0.6969375686552901,False,0,35,NGRIP/data/processed/ngrip_warming_cooling_starts.csv,3.0,0.6,5.0,5.0,True
cooling,NGRIP cooling starts (GS),102.8,103.0,102.9,0.20000000000000284,3.878,-0.21577105537473165,237.97088012498992,0.16032508233688272,-0.030749,49.52292419386092,5.54062704360382,317.4545454545456,-0.6761749002740175,0.7367411378764067,False,0,35,NGRIP/data/processed/ngrip_warming_cooling_starts.csv,3.0,0.6,5.0,5.0,True
cooling,NGRIP cooling starts (GS),103.0,103.2,103.1,0.20000000000000284,3.8839999999999995,-0.2123247601421071,239.29846832719764,0.17405073173153365,-0.032334,49.58004406028982,5.597746910032718,320.7272727272725,-0.6330124538088736,0.7741416106390798,False,0,35,NGRIP/data/processed/ngrip_warming_cooling_starts.csv,3.0,0.6,5.0,5.0,True
cooling,NGRIP cooling starts (GS),103.2,103.4,103.30000000000001,0.20000000000000284,3.8920000000000003,-0.20772969983194,240.6260565294056,0.18777638112618697,-0.0338180000000001,49.637163926718735,5.654866776461631,324.0000000000002,-0.5877852522924705,0.8090169943749494,False,0,35,NGRIP/data/processed/ngrip_warming_cooling_starts.csv,3.0,0.6,5.0,5.0,True
cooling,NGRIP cooling starts (GS),103.4,103.6,103.5,0.19999999999998863,3.9,-0.20313463952177369,242.08596000378083,0.20287000971220842,-0.035196,49.69428379314763,5.71198664289053,327.2727272727271,-0.5406408174556004,0.8412535328311793,False,0,35,NGRIP/data/processed/ngrip_warming_cooling_starts.csv,3.0,0.6,5.0,5.0,True
cooling,NGRIP cooling starts (GS),103.6,103.8,103.69999999999999,0.20000000000000284,3.9079999999999995,-0.19853957921160736,243.55190988346166,0.21802615078454496,-0.03646599999999991,49.75140365957654,5.769106509319435,330.5454545454544,-0.49173292464560653,0.8707460771197757,False,0,35,NGRIP/data/processed/ngrip_warming_cooling_starts.csv,3.0,0.6,5.0,5.0,True
cooling,NGRIP cooling starts (GS),103.8,104.0,103.9,0.20000000000000284,3.9160000000000004,-0.1939445189014403,245.01785976314272,0.23318229185688386,-0.037625,49.80852352600545,5.826226375748348,333.8181818181821,-0.44122110124321745,0.8973984286913603,False,0,35,NGRIP/data/processed/ngrip_warming_cooling_starts.csv,3.0,0.6,5.0,5.0,True
cooling,NGRIP cooling starts (GS),104.0,104.2,104.1,0.20000000000000284,3.9130000000000003,-0.1956676665177528,246.48380964282353,0.2483384329292201,-0.038669,49.86564339243435,5.883346242177247,337.09090909090895,-0.3892701063173938,0.9211236531148491,False,0,35,NGRIP/data/processed/ngrip_warming_cooling_starts.csv,3.0,0.6,5.0,5.0,True
cooling,NGRIP cooling starts (GS),104.2,104.4,104.30000000000001,0.20000000000000284,3.898999999999999,-0.20370902206054495,243.7549717074201,0.22012556338587502,-0.03959200000000006,49.92276325886326,5.940466108606159,340.36363636363666,-0.3360493932154255,0.9418443636395264,False,1,35,NGRIP/data/processed/ngrip_warming_cooling_starts.csv,2.0,0.4,5.0,5.0,True
cooling,NGRIP cooling starts (GS),104.4,104.6,104.5,0.19999999999998863,3.885,-0.2117503776033361,239.80460269800696,0.17928354632626897,-0.040386,49.97988312529216,5.997585975035058,343.63636363636357,-0.28173255684143145,0.9594929736144968,False,0,35,NGRIP/data/processed/ngrip_warming_cooling_starts.csv,2.0,0.4,5.0,5.0,True
cooling,NGRIP cooling starts (GS),104.6,104.8,104.69999999999999,0.20000000000000284,3.871000000000001,-0.21979173314612696,240.9002923556468,0.19061164645633963,-0.04104599999999996,50.03700299172107,6.054705841463964,346.9090909090908,-0.22649676742576588,0.9740119169423331,False,0,35,NGRIP/data/processed/ngrip_warming_cooling_starts.csv,2.0,0.4,5.0,5.0,True
cooling,NGRIP cooling starts (GS),104.8,105.0,104.9,0.20000000000000284,3.8569999999999998,-0.2278330886889191,241.9959820132868,0.20193974658641203,-0.041567,50.09412285814997,6.111825707892869,350.18181818181813,-0.17052219263262497,0.9853538358476928,False,0,35,NGRIP/data/processed/ngrip_warming_cooling_starts.csv,2.0,0.4,5.0,5.0,True
cooling,NGRIP cooling starts (GS),105.0,105.2,105.1,0.20000000000000284,3.8649999999999993,-0.22323802837875278,243.94575065010744,0.22209798591482938,-0.041949,50.15124272457888,6.168945574321775,353.45454545454544,-0.1139914098905415,0.9934817353485501,False,0,35,NGRIP/data/processed/ngrip_warming_cooling_starts.csv,2.0,0.4,5.0,5.0,True
cooling,NGRIP cooling starts (GS),105.2,105.4,105.30000000000001,0.20000000000000284,3.895000000000002,-0.20600655221562672,246.32043680505748,0.24664935623506376,-0.042190000000000005,50.20836259100779,6.226065440750688,356.7272727272731,-0.057088810862761456,0.9983691039261361,False,1,35,NGRIP/data/processed/ngrip_warming_cooling_starts.csv,1.0,0.2,5.0,5.0,True
cooling,NGRIP cooling starts (GS),105.4,105.6,105.5,0.19999999999998863,3.925,-0.1887750760525032,248.69512296000715,0.27120072655529437,-0.042289,50.26548245743669,0.0,0.0,0.0,1.0,False,0,35,NGRIP/data/processed/ngrip_warming_cooling_starts.csv,2.0,0.4,5.0,5.0,True
cooling,NGRIP cooling starts (GS),105.6,105.8,105.69999999999999,0.20000000000000284,3.9549999999999983,-0.17154359988937942,252.29565797650926,0.3084258850701779,-0.042245000000000005,50.324757790523286,0.05927533308659605,3.396226415094121,0.05924062789371047,0.9982437317643217,False,0,35,NGRIP/data/processed/ngrip_warming_cooling_starts.csv,2.0,0.4,5.0,5.0,True
cooling,NGRIP cooling starts (GS),105.8,106.0,105.9,0.20000000000000284,3.9850000000000008,-0.15431212372625336,255.94163189976072,0.3461208266863881,-0.042056,50.38403312360989,0.1185506661731992,6.792452830188648,0.11827317092136527,0.992981096013517,False,0,35,NGRIP/data/processed/ngrip_warming_cooling_starts.csv,2.0,0.4,5.0,5.0,True
cooling,NGRIP cooling starts (GS),106.0,106.2,106.1,0.20000000000000284,4.004,-0.14339885548960846,250.8939249084676,0.2939336678262814,-0.041721,50.443308456696485,0.17782599925979525,10.188679245282769,0.17689027512256866,0.9842305779475976,False,0,35,NGRIP/data/processed/ngrip_warming_cooling_starts.csv,2.0,0.4,5.0,5.0,True
cooling,NGRIP cooling starts (GS),106.2,106.4,106.30000000000001,0.20000000000000284,4.0120000000000005,-0.13880379517944136,242.73743986998932,0.20960552017876855,-0.041238999999999956,50.502583789783095,0.2371013323464055,13.584905660377704,0.23488604578098954,0.9720229140804094,False,0,35,NGRIP/data/processed/ngrip_warming_cooling_starts.csv,2.0,0.4,5.0,5.0,True
cooling,NGRIP cooling starts (GS),106.4,106.6,106.5,0.19999999999998863,4.02,-0.13420873486927531,243.8547732382123,0.22115738998573853,-0.040614,50.56185912286969,0.29637666543300156,16.981132075471823,0.29205677063697794,0.9564009842765218,False,0,35,NGRIP/data/processed/ngrip_warming_cooling_starts.csv,2.0,0.4,5.0,5.0,True
cooling,NGRIP cooling starts (GS),106.6,106.8,106.69999999999999,0.20000000000000284,4.028,-0.12961367455910872,242.37430202931574,0.2058511160083131,-0.03984800000000006,50.62113445595629,0.3556519985195976,20.377358490565946,0.34820163543439725,0.9374196611341215,False,0,35,NGRIP/data/processed/ngrip_warming_cooling_starts.csv,2.0,0.4,5.0,5.0,True
cooling,NGRIP cooling starts (GS),106.8,107.0,106.9,0.20000000000000284,4.0360000000000005,-0.12501861424894165,240.893830820419,0.19054484203088565,-0.038946,50.68040978904289,0.41492733160620077,23.773584905660474,0.40312342928797373,0.9151456172430178,False,1,35,NGRIP/data/processed/ngrip_warming_cooling_starts.csv,1.0,0.2,5.0,5.0,True
cooling,NGRIP cooling starts (GS),107.0,107.2,107.1,0.20000000000000284,4.047,-0.11870040632246305,239.9970219136196,0.18127292728483785,-0.03791,50.73968512212949,0.4742026646927968,27.169811320754594,0.45662923739371114,0.8896570909947482,False,0,35,NGRIP/data/processed/ngrip_warming_cooling_starts.csv,1.0,0.2,5.0,5.0,True
cooling,NGRIP cooling starts (GS),107.2,107.4,107.30000000000001,0.20000000000000284,4.061000000000001,-0.1106590507796709,239.4490540196203,0.17560760487533453,-0.03674299999999991,50.79896045521609,0.5334779977794,30.56603773584912,0.5085311186492214,0.861043611767355,False,0,35,NGRIP/data/processed/ngrip_warming_cooling_starts.csv,1.0,0.2,5.0,5.0,True
cooling,NGRIP cooling starts (GS),107.4,107.6,107.5,0.19999999999998863,4.075,-0.10261769523687977,238.9010861256211,0.16994228246583237,-0.035446,50.85823578830269,0.5927533308660031,33.962264150943646,0.5586467658036561,0.8294056854501993,False,0,35,NGRIP/data/processed/ngrip_warming_cooling_starts.csv,1.0,0.2,5.0,5.0,True
cooling,NGRIP cooling starts (GS),107.6,107.8,107.69999999999999,0.20000000000000284,4.0889999999999995,-0.09457633969408864,238.3531182316219,0.16427696005632994,-0.0340220000000001,50.91751112138929,0.6520286639525992,37.35849056603777,0.6068001458185939,0.7948544414133529,False,0,35,NGRIP/data/processed/ngrip_warming_cooling_starts.csv,1.0,0.2,5.0,5.0,True
cooling,NGRIP cooling starts (GS),107.8,108.0,107.9,0.20000000000000284,4.103000000000001,-0.0865349841512965,237.8051503376226,0.15861163764682662,-0.032474,50.97678645447589,0.7113039970392023,40.7547169811323,0.6528221181905246,0.7575112421616176,False,0,35,NGRIP/data/processed/ngrip_warming_cooling_starts.csv,1.0,0.2,5.0,5.0,True
cooling,NGRIP cooling starts (GS),108.0,108.2,108.1,0.20000000000000284,4.111000000000001,-0.08193992384112993,237.2571824436234,0.15294631523732446,-0.030804,51.03606178756249,0.7705793301257984,44.15094339622642,0.696551029062997,0.7175072570443312,False,0,35,NGRIP/data/processed/ngrip_warming_cooling_starts.csv,1.0,0.2,5.0,5.0,True
cooling,NGRIP cooling starts (GS),108.2,108.4,108.30000000000001,0.20000000000000284,4.113,-0.08079115876358842,236.7092145496241,0.14728099282782114,-0.029018999999999868,51.09533712064909,0.8298546632124015,47.54716981132095,0.7378332790417296,0.6749830015182081,False,0,35,NGRIP/data/processed/ngrip_warming_cooling_starts.csv,1.0,0.2,5.0,5.0,True
cooling,NGRIP cooling starts (GS),108.4,108.6,108.5,0.19999999999998863,4.115,-0.07964239368604689,237.50999775073106,0.15556011841905665,-0.027126,51.15461245373569,0.8891299962989976,50.94339622641507,0.7765238627180421,0.6300878435817114,False,0,35,NGRIP/data/processed/ngrip_warming_cooling_starts.csv,1.0,0.2,5.0,5.0,True
cooling,NGRIP cooling starts (GS),108.6,108.8,108.69999999999999,0.20000000000000284,4.117,-0.07849362860850538,239.7120320895708,0.17832647868019383,-0.025132000000000144,51.21388778682228,0.9484053293855936,54.33962264150919,0.8124868780056788,0.5829794791144756,False,0,35,NGRIP/data/processed/ngrip_warming_cooling_starts.csv,1.0,0.2,5.0,5.0,True
cooling,NGRIP cooling starts (GS),108.8,109.0,108.9,0.20000000000000284,4.119,-0.07734486353096386,241.91406642841085,0.20109283894133395,-0.023045,51.273163119908894,1.007680662472204,57.735849056604124,0.8455960035018293,0.5338233779647855,False,0,35,NGRIP/data/processed/ngrip_warming_cooling_starts.csv,1.0,0.2,5.0,5.0,True
cooling,NGRIP cooling starts (GS),109.0,109.2,109.1,0.20000000000000284,4.112000000000001,-0.08136554130235892,244.1161007672506,0.22385919920247116,-0.020874,51.33243845299549,1.0669559955588,61.13207547169824,0.8757349421956379,0.4827922027307429,False,0,35,NGRIP/data/processed/ngrip_warming_cooling_starts.csv,1.0,0.2,5.0,5.0,True
cooling,NGRIP cooling starts (GS),109.2,109.4,109.30000000000001,0.20000000000000284,4.095999999999999,-0.09055566192269308,244.36557842393017,0.22643849513300787,-0.018626999999999838,51.39171378608209,1.126231328645403,64.52830188679278,0.9027978299657459,0.43006520227651546,False,0,35,NGRIP/data/processed/ngrip_warming_cooling_starts.csv,1.0,0.2,5.0,5.0,True
cooling,NGRIP cooling starts (GS),109.4,109.6,109.5,0.19999999999998863,4.08,-0.09974578254302573,244.2783222592779,0.22553637238022398,-0.016312,51.45098911916869,1.1855066617319991,67.9245283018869,0.926689607431834,0.3758275821142366,False,0,35,NGRIP/data/processed/ngrip_warming_cooling_starts.csv,1.0,0.2,5.0,5.0,True
cooling,NGRIP cooling starts (GS),109.6,109.8,109.69999999999999,0.20000000000000284,4.064000000000001,-0.10893590316335837,244.1910660946256,0.22463424962743977,-0.01393600000000017,51.510264452255285,1.2447819948185952,71.32075471698101,0.9473263538541907,0.3202698538628396,False,0,35,NGRIP/data/processed/ngrip_warming_cooling_starts.csv,1.0,0.2,5.0,5.0,True
cooling,NGRIP cooling starts (GS),109.8,110.0,109.9,0.20000000000000284,4.047999999999999,-0.11812602378369254,244.3448153168418,0.22622382982657863,-0.011506,51.56953978534189,1.3040573279051983,74.71698113207555,0.964635581908359,0.2635871660690665,False,0,35,NGRIP/data/processed/ngrip_warming_cooling_starts.csv,1.0,0.2,5.0,5.0,True
cooling,NGRIP cooling starts (GS),110.0,110.2,110.1,0.20000000000000284,4.038,-0.12386984917140012,245.0605049135886,0.23362319091159742,-0.00903,51.628815118428484,1.3633326609917944,78.11320754716967,0.9785564922995035,0.205978618741101,False,0,35,NGRIP/data/processed/ngrip_warming_cooling_starts.csv,1.0,0.2,5.0,5.0,True
cooling,NGRIP cooling starts (GS),110.2,110.4,110.30000000000001,0.20000000000000284,4.034,-0.12616737932648367,245.77619451033553,0.24102255199661737,-0.006513999999999819,51.688090451515095,1.4226079940784047,81.5094339622646,0.9890401873221651,0.14764656400247358,False,0,35,NGRIP/data/processed/ngrip_warming_cooling_starts.csv,1.0,0.2,5.0,5.0,True
cooling,NGRIP cooling starts (GS),110.4,110.6,110.5,0.19999999999998863,4.029999999999999,-0.12846490948156722,246.49188410708234,0.24842191308163616,-0.003967,51.74736578460169,1.4818833271650007,84.90566037735871,0.9960498426152172,0.08879589532293092,False,1,35,NGRIP/data/processed/ngrip_warming_cooling_starts.csv,0.0,0.0,5.0,5.0,True
cooling,NGRIP cooling starts (GS),110.6,110.8,110.69999999999999,0.20000000000000284,4.026,-0.13076243963665024,247.92026183629372,0.2631896037568622,-0.0013990000000001826,51.80664111768829,1.5411586602515968,88.30188679245283,0.9995608365087943,0.029633327822559667,False,0,35,NGRIP/data/processed/ngrip_warming_cooling_starts.csv,0.0,0.0,5.0,5.0,True
cooling,NGRIP cooling starts (GS),110.8,111.0,110.9,0.20000000000000284,4.021999999999999,-0.1330599697917338,249.62144099395974,0.2807777298314851,0.001179,51.86591645077489,1.6004339933382,91.69811320754737,0.9995608365087942,-0.029633327822563095,False,0,35,NGRIP/data/processed/ngrip_warming_cooling_starts.csv,0.0,0.0,5.0,5.0,True
cooling,NGRIP cooling starts (GS),111.0,111.2,111.1,0.20000000000000284,4.021,-0.1336343523305043,251.32262015162553,0.29836585590610565,0.003753,51.925191783861486,1.659709326424796,95.09433962264148,0.996049842615217,-0.08879589532293433,False,0,35,NGRIP/data/processed/ngrip_warming_cooling_starts.csv,0.0,0.0,5.0,5.0,True
cooling,NGRIP cooling starts (GS),111.2,111.4,111.30000000000001,0.20000000000000284,4.023,-0.13248558725296278,253.02379930929155,0.3159539819807286,0.006315000000000182,51.98446711694809,1.7189846595113991,98.49056603773602,0.9890401873221636,-0.14764656400248402,False,0,35,NGRIP/data/processed/ngrip_warming_cooling_starts.csv,0.0,0.0,5.0,5.0,True
cooling,NGRIP cooling starts (GS),111.4,111.6,111.5,0.19999999999998863,4.025,-0.13133682217542075,254.72497846695734,0.3335421080553492,0.008854,52.04374245003469,1.7782599925980023,101.88679245283055,0.9785564922995027,-0.20597861874110435,False,0,35,NGRIP/data/processed/ngrip_warming_cooling_starts.csv,0.0,0.0,5.0,5.0,True
cooling,NGRIP cooling starts (GS),111.6,111.8,111.69999999999999,0.20000000000000284,4.027,-0.13018805709787923,256.4261576246231,0.35113023412996947,0.011364999999999821,52.10301778312129,1.8375353256845983,105.28301886792467,0.9646355819083581,-0.26358716606906984,False,0,35,NGRIP/data/processed/ngrip_warming_cooling_starts.csv,0.0,0.0,5.0,5.0,True
cooling,NGRIP cooling starts (GS),111.8,112.0,111.9,0.20000000000000284,4.029,-0.1290392920203377,257.89516611057013,0.3663179974758214,0.013839,52.16229311620789,1.8968106587712015,108.67924528301918,0.9473263538541896,-0.3202698538628429,False,0,35,NGRIP/data/processed/ngrip_warming_cooling_starts.csv,0.0,0.0,5.0,5.0,True
cooling,NGRIP cooling starts (GS),112.0,112.2,112.1,0.20000000000000284,4.0200000000000005,-0.1342087348692748,257.5948739603123,0.36321334140585165,0.016273,52.22156844929449,1.9560859918577975,112.0754716981133,0.9266896074318328,-0.3758275821142398,False,0,35,NGRIP/data/processed/ngrip_warming_cooling_starts.csv,0.0,0.0,5.0,5.0,True
cooling,NGRIP cooling starts (GS),112.2,112.4,112.30000000000001,0.20000000000000284,3.999999999999999,-0.145696385644692,257.29458181005447,0.3601086853358813,0.018657000000000167,52.28084378238109,2.0153613249444007,115.47169811320784,0.9027978299657413,-0.430065202276525,False,0,35,NGRIP/data/processed/ngrip_warming_cooling_starts.csv,0.0,0.0,5.0,5.0,True
cooling,NGRIP cooling starts (GS),112.4,112.6,112.5,0.19999999999998863,3.9800000000000004,-0.15718403642010767,256.99428965979666,0.3570040292659115,0.020981,52.34011911546769,2.0746366580309967,118.86792452830196,0.8757349421956362,-0.4827922027307459,False,0,35,NGRIP/data/processed/ngrip_warming_cooling_starts.csv,0.0,0.0,5.0,5.0,True
cooling,NGRIP cooling starts (GS),112.6,112.8,112.69999999999999,0.20000000000000284,3.9600000000000013,-0.1686716871955236,258.1141102409036,0.36858161383289384,0.02323399999999984,52.39939444855428,2.1339119911175928,122.26415094339607,0.8455960035018275,-0.5338233779647885,False,0,35,NGRIP/data/processed/ngrip_warming_cooling_starts.csv,0.0,0.0,5.0,5.0,True
cooling,NGRIP cooling starts (GS),112.8,113.0,112.9,0.20000000000000284,3.9399999999999995,-0.18015933797094105,262.2558768712204,0.41140244980270485,0.025404,52.45866978164089,2.193187324204203,125.66037735849102,0.8124868780056768,-0.5829794791144783,False,0,35,NGRIP/data/processed/ngrip_warming_cooling_starts.csv,0.0,0.0,5.0,5.0,True
cooling,NGRIP cooling starts (GS),113.0,113.2,113.1,0.20000000000000284,3.918000000000001,-0.19279575382389824,264.5730867568997,0.43535958531487895,0.02748,52.51794511472749,2.252462657290799,129.05660377358512,0.77652386271804,-0.6300878435817141,False,0,35,NGRIP/data/processed/ngrip_warming_cooling_starts.csv,0.0,0.0,5.0,5.0,True
cooling,NGRIP cooling starts (GS),113.2,113.4,113.30000000000001,0.20000000000000284,3.893999999999999,-0.20658093475439926,263.40268095410926,0.42325901100135893,0.029455000000000134,52.57722044781409,2.3117379903774022,132.45283018867966,0.7378332790417224,-0.6749830015182159,False,0,35,NGRIP/data/processed/ngrip_warming_cooling_starts.csv,0.0,0.0,5.0,5.0,True
cooling,NGRIP cooling starts (GS),113.4,113.6,113.5,0.19999999999998863,3.87,-0.22036611568489822,261.91170902156654,0.40784417229661984,0.031323,52.63649578090069,2.3710133234639983,135.8490566037738,0.6965510290629946,-0.7175072570443335,False,0,35,NGRIP/data/processed/ngrip_warming_cooling_starts.csv,0.0,0.0,5.0,5.0,True
cooling,NGRIP cooling starts (GS),113.6,113.8,113.69999999999999,0.20000000000000284,3.8460000000000014,-0.2341512966153972,260.85369928400945,0.3969056367705539,0.033080999999999874,52.695771113987284,2.4302886565505943,139.2452830188679,0.6528221181905219,-0.7575112421616198,False,0,35,NGRIP/data/processed/ngrip_warming_cooling_starts.csv,0.0,0.0,5.0,5.0,True
cooling,NGRIP cooling starts (GS),113.8,114.0,113.9,0.20000000000000284,3.821999999999999,-0.24793647754589818,263.4159904534607,0.42339661505765647,0.034724,52.75504644707389,2.4895639896371975,142.64150943396243,0.6068001458185911,-0.794854441413355,False,0,35,NGRIP/data/processed/ngrip_warming_cooling_starts.csv,0.0,0.0,5.0,5.0,True
cooling,NGRIP cooling starts (GS),114.0,114.2,114.1,0.20000000000000284,3.8000000000000007,-0.26057289339885537,265.9782816229116,0.4498875933447549,0.036248,52.81432178016048,2.5488393227237935,146.03773584905656,0.5586467658036532,-0.8294056854502012,False,0,35,NGRIP/data/processed/ngrip_warming_cooling_starts.csv,1.0,0.2,5.0,5.0,True
cooling,NGRIP cooling starts (GS),114.2,114.4,114.30000000000001,0.20000000000000284,3.779999999999999,-0.27206054417427283,268.5340711759032,0.47631135281515247,0.03765000000000009,52.873597113247094,2.608114655810404,149.4339622641515,0.5085311186492124,-0.8610436117673603,False,0,35,NGRIP/data/processed/ngrip_warming_cooling_starts.csv,1.0,0.2,5.0,5.0,True
cooling,NGRIP cooling starts (GS),114.4,114.6,114.5,0.19999999999998863,3.76,-0.28354819494968875,271.07035587951543,0.5025334558354314,0.038922,52.93287244633369,2.667389988897,152.83018867924562,0.4566292373937081,-0.8896570909947499,False,0,35,NGRIP/data/processed/ngrip_warming_cooling_starts.csv,1.0,0.2,5.0,5.0,True
cooling,NGRIP cooling starts (GS),114.6,114.8,114.69999999999999,0.20000000000000284,3.740000000000001,-0.29503584572510444,273.60664058312767,0.5287555588557104,0.04005899999999992,52.992147779420286,2.726665321983596,156.22641509433973,0.4031234292879706,-0.9151456172430191,False,0,35,NGRIP/data/processed/ngrip_warming_cooling_starts.csv,1.0,0.2,5.0,5.0,True
cooling,NGRIP cooling starts (GS),114.8,115.0,114.9,0.20000000000000284,3.7199999999999993,-0.3065234965005219,275.32330401973866,0.5465037735659314,0.041055,53.05142311250689,2.785940655070199,159.62264150943426,0.34820163543439403,-0.9374196611341227,False,0,35,NGRIP/data/processed/ngrip_warming_cooling_starts.csv,1.0,0.2,5.0,5.0,True
all_transitions,All NGRIP transitions (GI + GS),12.0,12.2,12.1,0.1999999999999993,3.9339999999999997,-0.18360563320356588,254.70127696207433,0.3332970632849838,-0.019358,25.305672934420535,0.17293170570219019,9.90825688073393,0.1720710623570346,0.985084539265195,False,0,69,NGRIP/data/processed/ngrip_warming_cooling_starts.csv,2.0,0.4,5.0,5.000000000000002,True
all_transitions,All NGRIP transitions (GI + GS),12.2,12.4,12.3,0.20000000000000107,3.9619999999999997,-0.16752292211798286,248.94719084310452,0.2738068022806532,-0.01915,25.363316836321264,0.23057560760291906,13.211009174311839,0.22853793551668758,0.9735350081172071,False,0,69,NGRIP/data/processed/ngrip_warming_cooling_starts.csv,2.0,0.4,5.0,5.0,True
all_transitions,All NGRIP transitions (GI + GS),12.4,12.6,12.5,0.1999999999999993,3.9899999999999998,-0.15144021103239982,244.80021790799577,0.23093213944337132,-0.018881,25.420960738221996,0.2882195095036515,16.51376146788995,0.28424562863766545,0.958751491576612,False,0,69,NGRIP/data/processed/ngrip_warming_cooling_starts.csv,2.0,0.4,5.0,5.0,True
all_transitions,All NGRIP transitions (GI + GS),12.6,12.8,12.7,0.20000000000000107,4.018,-0.1353574999468168,243.9080845945943,0.22170856465363323,-0.01855,25.478604640122725,0.34586341140438037,19.81651376146786,0.3390090863657041,0.940783098998643,False,0,69,NGRIP/data/processed/ngrip_warming_cooling_starts.csv,2.0,0.4,5.0,5.0,True
all_transitions,All NGRIP transitions (GI + GS),12.8,13.0,12.9,0.1999999999999993,4.045999999999999,-0.11927478886123406,239.2565964767388,0.17361782765936154,-0.01816,25.536248542023458,0.4035073133051128,23.119266055045973,0.39264639000157037,0.9196895195764354,False,1,69,NGRIP/data/processed/ngrip_warming_cooling_starts.csv,1.0,0.2,5.0,4.999999999999998,True
all_transitions,All NGRIP transitions (GI + GS),13.0,13.2,13.1,0.1999999999999993,4.082,-0.09859701746548422,239.5825564237581,0.17698785756927324,-0.017711,25.593892443924187,0.4611512152058417,26.42201834862388,0.44497936181665954,0.8955408240595392,False,0,69,NGRIP/data/processed/ngrip_warming_cooling_starts.csv,1.0,0.2,5.0,5.000000000000002,True
all_transitions,All NGRIP transitions (GI + GS),13.2,13.4,13.3,0.20000000000000107,4.126,-0.07332418575956778,237.25739665532092,0.1529485299260746,-0.017205,25.651536345824915,0.5187951171065706,29.72477064220179,0.49583415694151406,0.8684172319859262,False,0,69,NGRIP/data/processed/ngrip_warming_cooling_starts.csv,1.0,0.2,5.0,5.0,True
all_transitions,All NGRIP transitions (GI + GS),13.4,13.6,13.5,0.1999999999999993,4.17,-0.04805135405365188,238.94932295933182,0.17044099273330868,-0.016644,25.709180247725648,0.576439019007303,33.0275229357799,0.5450418408609871,0.8384088452007568,False,0,69,NGRIP/data/processed/ngrip_warming_cooling_starts.csv,1.0,0.2,5.0,5.0,True
all_transitions,All NGRIP transitions (GI + GS),13.6,13.8,13.7,0.20000000000000107,4.2139999999999995,-0.022778522347735964,241.01283076220435,0.19177515688018407,-0.016028,25.766824149626377,0.6340829209080319,36.33027522935781,0.5924389505977037,0.8056153485471163,False,0,69,NGRIP/data/processed/ngrip_warming_cooling_starts.csv,1.0,0.2,5.0,5.0,True
all_transitions,All NGRIP transitions (GI + GS),13.8,14.0,13.9,0.1999999999999993,4.258,0.0024943093581804576,239.03605163125755,0.1713376618520434,-0.015357,25.824468051527106,0.6917268228087607,39.63302752293572,0.6378680377196515,0.7701456787229812,False,0,69,NGRIP/data/processed/ngrip_warming_cooling_starts.csv,1.0,0.2,5.0,4.999999999999998,True
all_transitions,All NGRIP transitions (GI + GS),14.0,14.2,14.1,0.1999999999999993,4.301,0.027192758525325867,234.41515683511275,0.12356322264267271,-0.014632,25.882111953427838,0.7493707247094932,42.93577981651383,0.6811781913680279,0.7321176624044679,False,0,69,NGRIP/data/processed/ngrip_warming_cooling_starts.csv,1.0,0.2,5.0,5.000000000000002,True
all_transitions,All NGRIP transitions (GI + GS),14.2,14.4,14.3,0.20000000000000107,4.343,0.051316825153700264,238.61709992155164,0.16700621007268124,-0.013856,25.939755855328567,0.807014626610222,46.23853211009174,0.7222255395679296,0.691657624837472,False,0,69,NGRIP/data/processed/ngrip_warming_cooling_starts.csv,1.0,0.2,5.0,5.0,True
all_transitions,All NGRIP transitions (GI + GS),14.4,14.6,14.5,0.1999999999999993,4.385,0.07544089178207466,241.94781334877445,0.2014417411056419,-0.01303,25.997399757229296,0.8646585285109509,49.54128440366965,0.7608737271565997,0.6488999701978914,False,0,69,NGRIP/data/processed/ngrip_warming_cooling_starts.csv,1.0,0.2,5.0,5.0,True
all_transitions,All NGRIP transitions (GI + GS),14.6,14.8,14.7,0.20000000000000107,4.4270000000000005,0.09956495841044957,228.67238914242154,0.06418998041761481,-0.01216,26.05504365913003,0.9223024304116834,52.84403669724776,0.7969943687415582,0.6039867351144768,False,1,69,NGRIP/data/processed/ngrip_warming_cooling_starts.csv,0.0,0.0,5.0,5.0,True
all_transitions,All NGRIP transitions (GI + GS),14.8,15.0,14.9,0.1999999999999993,4.469,0.12368902503882397,229.40141122334438,0.0717271831940976,-0.011249,26.112687561030757,0.9799463323124122,56.14678899082567,0.8304674751839578,0.557067116837444,False,0,69,NGRIP/data/processed/ngrip_warming_cooling_starts.csv,0.0,0.0,5.0,4.999999999999998,True
all_transitions,All NGRIP transitions (GI + GS),15.0,15.2,15.1,0.1999999999999993,4.516,0.1506850043610524,233.9409307606567,0.11866030107334785,-0.010301,26.170331462931486,1.0375902342131411,59.44954128440358,0.86118185219045,0.508296977620196,False,0,69,NGRIP/data/processed/ngrip_warming_cooling_starts.csv,0.0,0.0,5.0,5.000000000000002,True
all_transitions,All NGRIP transitions (GI + GS),15.2,15.4,15.3,0.20000000000000107,4.5680000000000005,0.1805528963771354,226.6681270451256,0.043468344900875366,-0.009319,26.22797536483222,1.0952341361138735,62.75229357798169,0.8890354696894376,0.4578383269605997,False,0,69,NGRIP/data/processed/ngrip_warming_cooling_starts.csv,0.0,0.0,5.0,5.0,True
all_transitions,All NGRIP transitions (GI + GS),15.4,15.6,15.5,0.1999999999999993,4.62,0.2104207883932179,223.38628461026934,0.009538080565582224,-0.008308,26.285619266732947,1.1528780380146024,66.0550458715596,0.9139358007647082,0.4058587834217362,False,0,69,NGRIP/data/processed/ngrip_warming_cooling_starts.csv,0.0,0.0,5.0,5.0,True
all_transitions,All NGRIP transitions (GI + GS),15.6,15.8,15.7,0.20000000000000107,4.672,0.24028868040930038,222.20958911636168,-0.0026275215140264107,-0.007274,26.343263168633676,1.2105219399153313,69.35779816513751,0.9358001290205535,0.35253101781987245,False,0,69,NGRIP/data/processed/ngrip_warming_cooling_starts.csv,0.0,0.0,5.0,5.0,True
all_transitions,All NGRIP transitions (GI + GS),15.8,16.0,15.9,0.1999999999999993,4.724,0.2701565724253834,223.20248123880526,0.007637776969877312,-0.006221,26.40090707053441,1.2681658418160637,72.66055045871562,0.9545558233573137,0.29803217962938333,False,0,69,NGRIP/data/processed/ngrip_warming_cooling_starts.csv,0.0,0.0,5.0,4.999999999999998,True
all_transitions,All NGRIP transitions (GI + GS),16.0,16.2,16.1,0.1999999999999993,4.763,0.29255749143744525,223.2426998599974,0.00805358865960277,-0.005155,26.458550972435138,1.3258097437167926,75.96330275229353,0.9701405792445813,0.24254330851002315,False,0,69,NGRIP/data/processed/ngrip_warming_cooling_starts.csv,0.0,0.0,5.0,5.0,True
all_transitions,All NGRIP transitions (GI + GS),16.2,16.4,16.299999999999997,0.1999999999999993,4.789,0.3074914374454865,213.1043452013077,-0.09676468349164971,-0.004078000000000019,26.516194874335866,1.3834536456175215,79.26605504587144,0.9825026256905942,0.18624873291136265,False,0,69,NGRIP/data/processed/ngrip_warming_cooling_starts.csv,0.0,0.0,5.0,5.0,True
all_transitions,All NGRIP transitions (GI + GS),16.4,16.6,16.5,0.20000000000000284,4.8149999999999995,0.3224253834535277,209.51713116734007,-0.1338521192280719,-0.002991,26.5738387762366,1.441097547518254,82.56880733944955,0.9916008972202588,0.1293354577522261,False,0,69,NGRIP/data/processed/ngrip_warming_cooling_starts.csv,0.0,0.0,5.0,5.0,True
all_transitions,All NGRIP transitions (GI + GS),16.6,16.8,16.700000000000003,0.1999999999999993,4.841,0.3373593294615695,211.50387093060155,-0.11331164336093832,-0.0018959999999999804,26.63148267813733,1.4987414494189863,85.87155963302766,0.9974051702905277,0.07199254320916468,False,0,69,NGRIP/data/processed/ngrip_warming_cooling_starts.csv,0.0,0.0,5.0,5.0,True
all_transitions,All NGRIP transitions (GI + GS),16.8,17.0,16.9,0.1999999999999993,4.867,0.35229327546961076,204.02193047121378,-0.19066581942730718,-0.000794,26.68912658003806,1.5563853513197152,89.17431192660557,0.9998961636899731,0.014410476677556034,False,0,69,NGRIP/data/processed/ngrip_warming_cooling_starts.csv,0.0,0.0,5.0,5.0,True
all_transitions,All NGRIP transitions (GI + GS),17.0,17.2,17.1,0.1999999999999993,4.894,0.367801604016423,201.70745785584967,-0.21459465488937318,0.000313,26.74677048193879,1.614029253220444,92.47706422018348,0.9990656025890314,-0.04321946000837385,False,0,69,NGRIP/data/processed/ngrip_warming_cooling_starts.csv,0.0,0.0,5.0,5.0,True
all_transitions,All NGRIP transitions (GI + GS),17.2,17.4,17.299999999999997,0.1999999999999993,4.922,0.38388431510200577,195.25767841300186,-0.2812775398066532,0.0014209999999999802,26.804414383839518,1.671673155121173,95.77981651376139,0.9949162460281539,-0.10070582599455692,False,0,69,NGRIP/data/processed/ngrip_warming_cooling_starts.csv,0.0,0.0,5.0,5.0,True
all_transitions,All NGRIP transitions (GI + GS),17.4,17.6,17.5,0.20000000000000284,4.949999999999999,0.3999670261875885,191.5391553913457,-0.319722550975263,0.002525,26.86205828574025,1.7293170570219054,99.0825688073395,0.9874618777525516,-0.1578576573543549,False,0,69,NGRIP/data/processed/ngrip_warming_cooling_starts.csv,0.0,0.0,5.0,5.0,True
all_transitions,All NGRIP transitions (GI + GS),17.6,17.8,17.700000000000003,0.1999999999999993,4.978,0.4160497372731718,190.8402182840855,-0.32694871166817346,0.003619000000000019,26.91970218764098,1.7869609589226343,102.38532110091741,0.9767272604239823,-0.21448510145150504,False,0,69,NGRIP/data/processed/ngrip_warming_cooling_starts.csv,0.0,0.0,5.0,5.0,True
all_transitions,All NGRIP transitions (GI + GS),17.8,18.0,17.9,0.1999999999999993,5.005999999999999,0.43213244835875453,191.3234765587536,-0.321952408120034,0.0047,26.977346089541708,1.8446048608233632,105.68807339449532,0.9627480533616752,-0.2704000476115062,False,0,69,NGRIP/data/processed/ngrip_warming_cooling_starts.csv,2.0,0.4,5.0,5.0,True
all_transitions,All NGRIP transitions (GI + GS),18.0,18.2,18.1,0.1999999999999993,5.013999999999999,0.4367275086689211,188.60885009508044,-0.35001834830830725,0.005763,27.03498999144244,1.9022487627240956,108.99082568807343,0.94557069408566,-0.32541675200635145,False,0,69,NGRIP/data/processed/ngrip_warming_cooling_starts.csv,3.0,0.6,5.0,5.0,True
all_transitions,All NGRIP transitions (GI + GS),18.2,18.4,18.299999999999997,0.1999999999999993,5.002,0.42983491820367153,188.75166342733996,-0.3485418319275378,0.006804999999999982,27.09263389334317,1.9598926646248245,112.29357798165134,0.9252522440559978,-0.37935245467683504,False,0,69,NGRIP/data/processed/ngrip_warming_cooling_starts.csv,4.0,0.8,5.0,5.0,True
all_transitions,All NGRIP transitions (GI + GS),18.4,18.6,18.5,0.20000000000000284,4.99,0.4229423277384219,187.31987546879793,-0.36334478023165057,0.007822,27.150277795243902,2.017536566525557,115.59633027522945,0.9018601991203431,-0.4320279866427811,False,0,69,NGRIP/data/processed/ngrip_warming_cooling_starts.csv,4.0,0.8,5.0,5.0,True
all_transitions,All NGRIP transitions (GI + GS),18.6,18.8,18.700000000000003,0.1999999999999993,4.978,0.4160497372731718,193.04876599050695,-0.3041150110980035,0.008807000000000018,27.20792169714463,2.075180468426286,118.89908256880736,0.8754722652995345,-0.48326836508435106,False,0,69,NGRIP/data/processed/ngrip_warming_cooling_starts.csv,4.0,0.8,5.0,5.0,True
all_transitions,All NGRIP transitions (GI + GS),18.8,19.0,18.9,0.1999999999999993,4.966,0.40915714680792215,189.59702766801664,-0.3398017925395651,0.009756,27.26556559904536,2.1328243703270147,122.20183486238527,0.8461761006559986,-0.5329033746173966,False,0,69,NGRIP/data/processed/ngrip_warming_cooling_starts.csv,4.0,0.8,5.0,5.0,True
all_transitions,All NGRIP transitions (GI + GS),19.0,19.2,19.1,0.1999999999999993,4.963,0.40743399919160966,191.62489003394273,-0.3188361589123434,0.010661,27.323209500946092,2.190468272227747,125.50458715596338,0.8140690241024862,-0.580768132731838,False,0,69,NGRIP/data/processed/ngrip_warming_cooling_starts.csv,4.0,0.8,5.0,5.0,True
all_transitions,All NGRIP transitions (GI + GS),19.2,19.4,19.299999999999997,0.1999999999999993,4.969,0.4108802944242347,191.57676221107488,-0.31933374214011956,0.011521999999999984,27.38085340284682,2.248112174128476,128.8073394495413,0.779257692118437,-0.6267036375147725,False,0,69,NGRIP/data/processed/ngrip_warming_cooling_starts.csv,4.0,0.8,5.0,5.0,True
all_transitions,All NGRIP transitions (GI + GS),19.4,19.6,19.5,0.20000000000000284,4.975,0.41432658965685926,190.34597592549989,-0.33205857730169613,0.012338,27.43849730474755,2.305756076029205,132.1100917431192,0.7418577444478694,-0.6705572958388565,False,0,69,NGRIP/data/processed/ngrip_warming_cooling_starts.csv,4.0,0.8,5.0,5.0,True
all_transitions,All NGRIP transitions (GI + GS),19.6,19.8,19.700000000000003,0.1999999999999993,4.981,0.41777288488948433,192.37017003713598,-0.31113086896801906,0.013111000000000013,27.496141206648282,2.3633999779299373,135.41284403669732,0.7019934199557859,-0.7121834302613195,False,0,69,NGRIP/data/processed/ngrip_warming_cooling_starts.csv,4.0,0.8,5.0,5.0,True
all_transitions,All NGRIP transitions (GI + GS),19.8,20.0,19.9,0.1999999999999993,4.987,0.42121918012210935,195.77632847688537,-0.275915328148294,0.013841,27.55378510854901,2.421043879830666,138.71559633027522,0.6597971439191648,-0.7514437629497718,False,0,69,NGRIP/data/processed/ngrip_warming_cooling_starts.csv,4.0,0.8,5.0,5.0,True
all_transitions,All NGRIP transitions (GI + GS),20.0,20.2,20.1,0.1999999999999993,4.982,0.41834726742825534,192.3652443313857,-0.31118179478224156,0.014531,27.611429010449744,2.4786877817313986,142.01834862385334,0.615409088123491,-0.7882078750272755,False,0,69,NGRIP/data/processed/ngrip_warming_cooling_starts.csv,4.0,0.8,5.0,5.0,True
all_transitions,All NGRIP transitions (GI + GS),20.2,20.4,20.299999999999997,0.1999999999999993,4.966,0.40915714680792215,190.25759801976974,-0.33297229749465074,0.015177999999999988,27.669072912350472,2.5363316836321275,145.32110091743124,0.5689767052262016,-0.8223536398107181,False,0,69,NGRIP/data/processed/ngrip_warming_cooling_starts.csv,4.0,0.8,5.0,5.0,True
all_transitions,All NGRIP transitions (GI + GS),20.4,20.6,20.5,0.20000000000000284,4.95,0.399967026187589,192.8048456078173,-0.3066368515658833,0.015778,27.7267168142512,2.5939755855328563,148.62385321100916,0.5206542389337672,-0.8537676285033884,False,0,69,NGRIP/data/processed/ngrip_warming_cooling_starts.csv,4.0,0.8,5.0,5.0,True
all_transitions,All NGRIP transitions (GI + GS),20.6,20.8,20.700000000000003,0.1999999999999993,4.934,0.39077690556725586,188.77473245423263,-0.3483033262113239,0.01632500000000001,27.784360716151934,2.6516194874335888,151.92660550458726,0.47060221161961896,-0.8823454869940252,False,0,69,NGRIP/data/processed/ngrip_warming_cooling_starts.csv,4.0,0.8,5.0,5.0,True
all_transitions,All NGRIP transitions (GI + GS),20.8,21.0,20.9,0.1999999999999993,4.918,0.3815867849469227,191.71699145433823,-0.31788394210068777,0.016816,27.842004618052663,2.7092633893343177,155.22935779816518,0.41898689108497705,-0.9079922825106751,False,0,69,NGRIP/data/processed/ngrip_warming_cooling_starts.csv,4.0,0.8,5.0,5.0,True
all_transitions,All NGRIP transitions (GI + GS),21.0,21.2,21.1,0.1999999999999993,4.907,0.3752685770204436,188.7689430650394,-0.34836318146323375,0.017245,27.89964851995339,2.7669072912350465,158.53211009174308,0.36597973823391666,-0.9306228189778251,False,0,69,NGRIP/data/processed/ngrip_warming_cooling_starts.csv,4.0,0.8,5.0,5.0,True
all_transitions,All NGRIP transitions (GI + GS),21.2,21.4,21.299999999999997,0.1999999999999993,4.901,0.37182228178781856,188.20081307421907,-0.3542369554630466,0.017610999999999995,27.95729242185412,2.8245511931357754,161.834862385321,0.3117568374975006,-0.9501619200291901,False,0,69,NGRIP/data/processed/ngrip_warming_cooling_starts.csv,4.0,0.8,5.0,5.0,True
all_transitions,All NGRIP transitions (GI + GS),21.4,21.6,21.5,0.20000000000000284,4.895,0.3683759865551935,185.80839309376046,-0.37897167199783144,0.017914,28.014936323754853,2.882195095036508,165.1376146788991,0.2564983118990005,-0.9665446787360443,False,0,69,NGRIP/data/processed/ngrip_warming_cooling_starts.csv,4.0,0.8,5.0,5.0,True
all_transitions,All NGRIP transitions (GI + GS),21.6,21.8,21.700000000000003,0.1999999999999993,4.889,0.3649296913225689,186.87075914898352,-0.36798809743870114,0.018153000000000002,28.072580225655585,2.9398389969372403,168.44036697247722,0.20038772470333835,-0.979716673221508,False,0,69,NGRIP/data/processed/ngrip_warming_cooling_starts.csv,4.0,0.8,5.0,5.0,True
all_transitions,All NGRIP transitions (GI + GS),21.8,22.0,21.9,0.1999999999999993,4.883,0.3614833960899439,190.4695358864137,-0.3307811173936468,0.01833,28.130224127556314,2.997482898837969,171.74311926605512,0.14361146963837365,-0.9896341474445526,False,0,69,NGRIP/data/processed/ngrip_warming_cooling_starts.csv,4.0,0.8,5.0,5.0,True
all_transitions,All NGRIP transitions (GI + GS),22.0,22.2,22.1,0.1999999999999993,4.878,0.35861148339608984,188.36642222066652,-0.35252475805355993,0.018442,28.187868029457043,3.055126800738698,175.04587155963304,0.08635815171367738,-0.9962641565531691,False,0,69,NGRIP/data/processed/ngrip_warming_cooling_starts.csv,4.0,0.8,5.0,5.0,True
all_transitions,All NGRIP transitions (GI + GS),22.2,22.4,22.299999999999997,0.1999999999999993,4.874,0.3563139532410063,187.1956916440011,-0.3646286901344454,0.018492,28.245511931357772,3.112770702639427,178.34862385321094,0.02881796069366777,-0.9995846763238512,False,0,69,NGRIP/data/processed/ngrip_warming_cooling_starts.csv,4.0,0.8,5.0,5.0,True
all_transitions,All NGRIP transitions (GI + GS),22.4,22.6,22.5,0.20000000000000284,4.87,0.35401642308592324,185.25875246004816,-0.38465428850409683,0.01848,28.30238381671519,3.1696425879968437,181.6071428571428,-0.028046256275867727,-0.9996066263830529,False,0,69,NGRIP/data/processed/ngrip_warming_cooling_starts.csv,5.0,1.0,5.0,5.0,True
all_transitions,All NGRIP transitions (GI + GS),22.6,22.8,22.700000000000003,0.1999999999999993,4.8660000000000005,0.35171889293084024,189.24932214657923,-0.3433966452746961,0.018405999999999995,28.358483685529293,3.2257424568109485,184.82142857142858,-0.08405052492924764,-0.9964614941176191,False,0,69,NGRIP/data/processed/ngrip_warming_cooling_starts.csv,6.0,1.2,5.0,5.0,True
all_transitions,All NGRIP transitions (GI + GS),22.8,23.0,22.9,0.1999999999999993,4.862,0.3494213627757567,187.48472635495108,-0.3616404223125512,0.018273,28.414583554343398,3.2818423256250533,188.03571428571436,-0.13979033953550088,-0.9901811253364454,False,2,69,NGRIP/data/processed/ngrip_warming_cooling_starts.csv,4.0,0.8,5.0,5.0,True
all_transitions,All NGRIP transitions (GI + GS),23.0,23.2,23.1,0.1999999999999993,4.855,0.3454006850043611,190.11560192201068,-0.33444036466337695,0.018083,28.4706834231575,3.3379421944391545,191.24999999999997,-0.1950903220161275,-0.9807852804032307,False,1,69,NGRIP/data/processed/ngrip_warming_cooling_starts.csv,3.0,0.6,5.0,5.0,True
all_transitions,All NGRIP transitions (GI + GS),23.2,23.4,23.299999999999997,0.1999999999999993,4.845000000000001,0.33965685961665304,196.49146631243423,-0.2685216716038399,0.017836000000000005,28.526783291971604,3.3940420632532593,194.46428571428575,-0.24977647816722737,-0.9683035221222613,False,1,69,NGRIP/data/processed/ngrip_warming_cooling_starts.csv,2.0,0.4,5.0,5.0,True
all_transitions,All NGRIP transitions (GI + GS),23.4,23.6,23.5,0.20000000000000284,4.835,0.3339130342289444,187.2049129757371,-0.3645333527654106,0.017534,28.58288316078571,3.450141932067364,197.67857142857153,-0.3036767451096165,-0.9527751227228958,False,0,69,NGRIP/data/processed/ngrip_warming_cooling_starts.csv,3.0,0.6,5.0,5.0,True
all_transitions,All NGRIP transitions (GI + GS),23.6,23.8,23.700000000000003,0.1999999999999993,4.824999999999999,0.32816920884123585,186.21747326731506,-0.37474227991135756,0.017179999999999994,28.63898302959981,3.5062418008814653,200.89285714285714,-0.35662153266231267,-0.9342489402945999,False,0,69,NGRIP/data/processed/ngrip_warming_cooling_starts.csv,3.0,0.6,5.0,5.0,True
all_transitions,All NGRIP transitions (GI + GS),23.8,24.0,23.9,0.1999999999999993,4.8149999999999995,0.3224253834535277,183.32899018240448,-0.40460568638027034,0.016776,28.695082898413915,3.56234166969557,204.10714285714292,-0.408444256935997,-0.9127832650613185,False,0,69,NGRIP/data/processed/ngrip_warming_cooling_starts.csv,4.0,0.8,5.0,5.0,True
all_transitions,All NGRIP transitions (GI + GS),24.0,24.2,24.1,0.1999999999999993,4.811,0.3201278532984447,184.91971579470422,-0.3881595157972469,0.016323,28.75118276722802,3.618441538509675,207.3214285714287,-0.45898186446753975,-0.8884456359788713,False,0,69,NGRIP/data/processed/ngrip_warming_cooling_starts.csv,4.0,0.8,5.0,5.0,True
all_transitions,All NGRIP transitions (GI + GS),24.2,24.4,24.299999999999997,0.1999999999999993,4.813,0.3212766183759862,186.2291056291505,-0.37462201541976337,0.01582200000000001,28.80728263604212,3.674541407323776,210.5357142857143,-0.5080753452465295,-0.861312628232409,False,0,69,NGRIP/data/processed/ngrip_warming_cooling_starts.csv,4.0,0.8,5.0,5.0,True
all_transitions,All NGRIP transitions (GI + GS),24.4,24.6,24.5,0.20000000000000284,4.8149999999999995,0.3224253834535277,182.93248813958382,-0.4087050358735612,0.015272,28.863382504856226,3.730641276137881,213.75000000000009,-0.5555702330196034,-0.8314696123025445,False,0,69,NGRIP/data/processed/ngrip_warming_cooling_starts.csv,4.0,0.8,5.0,5.0,True
all_transitions,All NGRIP transitions (GI + GS),24.6,24.8,24.700000000000003,0.1999999999999993,4.817,0.32357414853106975,180.57941971761974,-0.4330329050936962,0.014670999999999988,28.919482373670327,3.786741144951982,216.96428571428567,-0.6013170912984052,-0.7990104853582495,False,0,69,NGRIP/data/processed/ngrip_warming_cooling_starts.csv,4.0,0.8,5.0,5.0,True
all_transitions,All NGRIP transitions (GI + GS),24.8,25.0,24.9,0.1999999999999993,4.819,0.3247229136086113,180.62872090749474,-0.43252319067635053,0.014018,28.975582242484432,3.842841013766087,220.17857142857147,-0.645171983542088,-0.7640373758216071,False,0,69,NGRIP/data/processed/ngrip_warming_cooling_starts.csv,4.0,0.8,5.0,5.0,True
all_transitions,All NGRIP transitions (GI + GS),25.0,25.2,25.1,0.1999999999999993,4.805,0.31668155806581966,180.67802209736973,-0.4320134762590048,0.013312,29.031682111298537,3.8989408825801917,223.39285714285725,-0.6869969260349029,-0.7266603220340258,False,0,69,NGRIP/data/processed/ngrip_warming_cooling_starts.csv,4.0,0.8,5.0,5.0,True
all_transitions,All NGRIP transitions (GI + GS),25.2,25.4,25.299999999999997,0.1999999999999993,4.775,0.29945008190269534,182.1244209309244,-0.4170594692550339,0.012557000000000014,29.087781980112638,3.955040751394293,226.60714285714283,-0.7266603220340268,-0.6869969260349019,False,0,69,NGRIP/data/processed/ngrip_warming_cooling_starts.csv,4.0,0.8,5.0,5.0,True
all_transitions,All NGRIP transitions (GI + GS),25.4,25.6,25.5,0.20000000000000284,4.745,0.2822186057395706,183.2161823906421,-0.40577198191991154,0.011762,29.143881848926743,4.011140620208398,229.82142857142864,-0.764037375821608,-0.6451719835420869,False,0,69,NGRIP/data/processed/ngrip_warming_cooling_starts.csv,5.0,1.0,5.0,5.0,True
all_transitions,All NGRIP transitions (GI + GS),25.6,25.8,25.700000000000003,0.1999999999999993,4.715,0.26498712957644577,185.41924355974754,-0.38299500548111387,0.010936999999999985,29.199981717740847,4.0672404890225025,233.03571428571442,-0.7990104853582504,-0.6013170912984039,False,0,69,NGRIP/data/processed/ngrip_warming_cooling_starts.csv,6.0,1.2,5.0,5.0,True
all_transitions,All NGRIP transitions (GI + GS),25.8,26.0,25.9,0.1999999999999993,4.6850000000000005,0.2477556534133215,185.53845231906308,-0.3817625317122031,0.010092,29.25608158655495,4.123340357836604,236.25,-0.8314696123025452,-0.5555702330196022,False,0,69,NGRIP/data/processed/ngrip_warming_cooling_starts.csv,6.0,1.2,5.0,5.0,True
all_transitions,All NGRIP transitions (GI + GS),26.0,26.2,26.1,0.1999999999999993,4.678,0.24373497564192545,184.53700526835567,-0.39211627776271707,0.009233,29.312181455369053,4.1794402266507085,239.4642857142858,-0.8613126282324096,-0.5080753452465283,False,0,69,NGRIP/data/processed/ngrip_warming_cooling_starts.csv,6.0,1.2,5.0,5.0,True
all_transitions,All NGRIP transitions (GI + GS),26.2,26.4,26.299999999999997,0.1999999999999993,4.694,0.25292509626225856,183.96673878644222,-0.3980121404852455,0.008365000000000015,29.368281324183155,4.23554009546481,242.6785714285714,-0.8884456359788719,-0.4589818644675384,False,0,69,NGRIP/data/processed/ngrip_warming_cooling_starts.csv,6.0,1.2,5.0,5.0,True
all_transitions,All NGRIP transitions (GI + GS),26.4,26.6,26.5,0.20000000000000284,4.71,0.26211521688259176,185.75580927801857,-0.37951532477924793,0.007483,29.42438119299726,4.2916399642789145,245.89285714285717,-0.9127832650613191,-0.4084442569359957,False,0,69,NGRIP/data/processed/ngrip_warming_cooling_starts.csv,6.0,1.2,5.0,5.0,True
all_transitions,All NGRIP transitions (GI + GS),26.6,26.8,26.700000000000003,0.1999999999999993,4.726,0.2713053375029249,185.43830504833983,-0.38279793284298497,0.006583999999999983,29.480481061811364,4.347739833093019,249.10714285714297,-0.9342489402946005,-0.35662153266231134,False,0,69,NGRIP/data/processed/ngrip_warming_cooling_starts.csv,6.0,1.2,5.0,5.0,True
all_transitions,All NGRIP transitions (GI + GS),26.8,27.0,26.9,0.1999999999999993,4.742,0.28049545812325805,187.14975608739618,-0.365103607992,0.005667,29.536580930625465,4.4038397019071205,252.32142857142856,-0.9527751227228962,-0.3036767451096151,False,0,69,NGRIP/data/processed/ngrip_warming_cooling_starts.csv,7.0,1.4,5.0,5.0,True
all_transitions,All NGRIP transitions (GI + GS),27.0,27.2,27.1,0.1999999999999993,4.75,0.28509051843342464,187.81214666443117,-0.3582552940286915,0.004728,29.59268079943957,4.459939570721225,255.53571428571433,-0.9683035221222617,-0.24977647816722595,False,0,69,NGRIP/data/processed/ngrip_warming_cooling_starts.csv,7.0,1.4,5.0,5.0,True
all_transitions,All NGRIP transitions (GI + GS),27.2,27.4,27.299999999999997,0.1999999999999993,4.75,0.28509051843342464,190.29411706554006,-0.3325947349209271,0.003773000000000017,29.64878066825367,4.5160394395353265,258.74999999999994,-0.9807852804032302,-0.19509032201612952,False,0,69,NGRIP/data/processed/ngrip_warming_cooling_starts.csv,7.0,1.4,5.0,5.0,True
all_transitions,All NGRIP transitions (GI + GS),27.4,27.6,27.5,0.20000000000000284,4.75,0.28509051843342464,191.2668708429512,-0.3225376424626903,0.002806,29.704880537067776,4.572139308349431,261.9642857142857,-0.9901811253364456,-0.13979033953549944,False,1,69,NGRIP/data/processed/ngrip_warming_cooling_starts.csv,7.0,1.4,5.0,5.0,True
all_transitions,All NGRIP transitions (GI + GS),27.6,27.8,27.700000000000003,0.1999999999999993,4.75,0.28509051843342464,191.7028311996386,-0.318030341933876,0.0018359999999999828,29.76098040588188,4.628239177163536,265.1785714285715,-0.9964614941176193,-0.08405052492924618,False,1,69,NGRIP/data/processed/ngrip_warming_cooling_starts.csv,6.0,1.2,5.0,5.0,True
all_transitions,All NGRIP transitions (GI + GS),27.8,28.0,27.9,0.1999999999999993,4.75,0.28509051843342464,189.17440217010716,-0.3441712268264161,0.000867,29.817080274695982,4.684339045977637,268.3928571428571,-0.9996066263830529,-0.028046256275869808,False,0,69,NGRIP/data/processed/ngrip_warming_cooling_starts.csv,6.0,1.2,5.0,5.0,True
all_transitions,All NGRIP transitions (GI + GS),28.0,28.2,28.1,0.1999999999999993,4.748,0.2839417533558831,190.00054291979356,-0.33562993498458377,-9.3e-05,29.873180143510087,4.740438914791742,271.6071428571429,-0.9996066263830529,0.02804625627586944,False,0,69,NGRIP/data/processed/ngrip_warming_cooling_starts.csv,6.0,1.2,5.0,5.0,True
all_transitions,All NGRIP transitions (GI + GS),28.2,28.4,28.299999999999997,0.1999999999999993,4.744,0.28164422320079957,191.8951888609799,-0.31604159737170295,-0.0010429999999999834,29.929280012324188,4.796538783605843,274.8214285714285,-0.9964614941176193,0.0840505249292458,False,0,69,NGRIP/data/processed/ngrip_warming_cooling_starts.csv,7.0,1.4,5.0,5.0,True
all_transitions,All NGRIP transitions (GI + GS),28.4,28.6,28.5,0.20000000000000284,4.74,0.2793466930457165,191.32364098910003,-0.321950708109985,-0.001978,29.985379881138293,4.852638652419948,278.0357142857143,-0.9901811253364456,0.13979033953549908,False,1,69,NGRIP/data/processed/ngrip_warming_cooling_starts.csv,6.0,1.2,5.0,5.0,True
all_transitions,All NGRIP transitions (GI + GS),28.6,28.8,28.700000000000003,0.1999999999999993,4.736000000000001,0.27704916289063347,193.55750124952098,-0.29885530647852016,-0.002896000000000016,30.041479749952398,4.908738521234053,281.25000000000006,-0.9807852804032303,0.19509032201612916,False,0,69,NGRIP/data/processed/ngrip_warming_cooling_starts.csv,7.0,1.4,5.0,5.0,True
all_transitions,All NGRIP transitions (GI + GS),28.8,29.0,28.9,0.1999999999999993,4.732,0.27475163273555,192.74097739395995,-0.30729717131669965,-0.003795,30.0975796187665,4.964838390048154,284.46428571428567,-0.9683035221222618,0.2497764781672256,False,1,69,NGRIP/data/processed/ngrip_warming_cooling_starts.csv,6.0,1.2,5.0,5.0,True
all_transitions,All NGRIP transitions (GI + GS),29.0,29.2,29.1,0.1999999999999993,4.719,0.2672846597315293,192.48177688984026,-0.3099769896794626,-0.004673,30.153679487580604,5.020938258862259,287.67857142857144,-0.9527751227228963,0.30367674510961473,False,0,69,NGRIP/data/processed/ngrip_warming_cooling_starts.csv,6.0,1.2,5.0,5.0,True
all_transitions,All NGRIP transitions (GI + GS),29.2,29.4,29.299999999999997,0.1999999999999993,4.697000000000001,0.25464824387857166,191.45568285917045,-0.32058555556419793,-0.005526999999999985,30.209779356394705,5.07703812767636,290.89285714285705,-0.9342489402946006,0.35662153266231095,False,0,69,NGRIP/data/processed/ngrip_warming_cooling_starts.csv,6.0,1.2,5.0,5.0,True
all_transitions,All NGRIP transitions (GI + GS),29.4,29.6,29.5,0.20000000000000284,4.675000000000001,0.2420118280256134,189.22646077788986,-0.3436330040573295,-0.006355,30.26587922520881,5.133137996490465,294.10714285714283,-0.9127832650613192,0.40844425693599534,False,0,69,NGRIP/data/processed/ngrip_warming_cooling_starts.csv,6.0,1.2,5.0,5.0,True
all_transitions,All NGRIP transitions (GI + GS),29.6,29.8,29.700000000000003,0.1999999999999993,4.653,0.2293754121726547,190.23413941497344,-0.33321483097316934,-0.007156000000000014,30.321979094022915,5.18923786530457,297.3214285714286,-0.888445635978872,0.4589818644675381,False,0,69,NGRIP/data/processed/ngrip_warming_cooling_starts.csv,7.0,1.4,5.0,5.0,True
all_transitions,All NGRIP transitions (GI + GS),29.8,30.0,29.9,0.1999999999999993,4.631,0.216738996319697,191.1892621296358,-0.323340022287372,-0.007928,30.378078962837016,5.245337734118671,300.5357142857142,-0.8613126282324098,0.508075345246528,False,0,69,NGRIP/data/processed/ngrip_warming_cooling_starts.csv,7.0,1.4,5.0,5.0,True
all_transitions,All NGRIP transitions (GI + GS),30.0,30.2,30.1,0.1999999999999993,4.62,0.2104207883932179,188.29537198711853,-0.35325933116400643,-0.008667,30.43417883165112,5.301437602932776,303.75,-0.8314696123025455,0.5555702330196018,False,0,69,NGRIP/data/processed/ngrip_warming_cooling_starts.csv,7.0,1.4,5.0,5.0,True
all_transitions,All NGRIP transitions (GI + GS),30.2,30.4,30.299999999999997,0.1999999999999993,4.62,0.2104207883932179,186.18160660041323,-0.37511309768002293,-0.009372999999999987,30.490278700465222,5.357537471746877,306.96428571428555,-0.7990104853582506,0.6013170912984037,False,0,69,NGRIP/data/processed/ngrip_warming_cooling_starts.csv,7.0,1.4,5.0,5.0,True
all_transitions,All NGRIP transitions (GI + GS),30.4,30.6,30.5,0.20000000000000284,4.62,0.2104207883932179,183.24183721332372,-0.40550674221619604,-0.010045,30.546378569279327,5.413637340560982,310.1785714285714,-0.7640373758216082,0.6451719835420866,False,1,69,NGRIP/data/processed/ngrip_warming_cooling_starts.csv,7.0,1.4,5.0,5.0,True
all_transitions,All NGRIP transitions (GI + GS),30.6,30.8,30.700000000000003,0.1999999999999993,4.62,0.2104207883932179,186.84635616845466,-0.36824039461516495,-0.010682000000000011,30.60247843809343,5.4697372093750865,313.39285714285717,-0.7266603220340271,0.6869969260349017,False,1,69,NGRIP/data/processed/ngrip_warming_cooling_starts.csv,6.0,1.2,5.0,5.0,True
all_transitions,All NGRIP transitions (GI + GS),30.8,31.0,30.9,0.1999999999999993,4.62,0.2104207883932179,189.4522545428439,-0.34129857079850456,-0.011285,30.658578306907533,5.525837078189188,316.6071428571427,-0.6869969260349033,0.7266603220340255,False,0,69,NGRIP/data/processed/ngrip_warming_cooling_starts.csv,6.0,1.2,5.0,5.0,True
all_transitions,All NGRIP transitions (GI + GS),31.0,31.2,31.1,0.1999999999999993,4.618,0.20927202331567638,188.0363763403401,-0.3559370315507001,-0.011855,30.714678175721637,5.5819369470032925,319.82142857142856,-0.6451719835420883,0.7640373758216068,False,0,69,NGRIP/data/processed/ngrip_warming_cooling_starts.csv,6.0,1.2,5.0,5.0,True
all_transitions,All NGRIP transitions (GI + GS),31.2,31.4,31.299999999999997,0.1999999999999993,4.614,0.20697449316059283,188.36850618335362,-0.35250321241075666,-0.012389999999999991,30.770778044535742,5.638036815817397,323.03571428571433,-0.6013170912984055,0.7990104853582493,False,0,69,NGRIP/data/processed/ngrip_warming_cooling_starts.csv,6.0,1.2,5.0,5.0,True
all_transitions,All NGRIP transitions (GI + GS),31.4,31.6,31.5,0.20000000000000284,4.609999999999999,0.20467696300550928,189.73539146137358,-0.33837127898621083,-0.012884,30.826877913349843,5.6941366846314985,326.2499999999999,-0.5555702330196037,0.8314696123025442,False,0,69,NGRIP/data/processed/ngrip_warming_cooling_starts.csv,7.0,1.4,5.0,5.0,True
all_transitions,All NGRIP transitions (GI + GS),31.6,31.8,31.700000000000003,0.1999999999999993,4.606,0.20237943285042626,192.41863643109266,-0.31062978532644536,-0.013333000000000006,30.882977782163948,5.750236553445603,329.4642857142857,-0.5080753452465299,0.8613126282324087,False,0,69,NGRIP/data/processed/ngrip_warming_cooling_starts.csv,7.0,1.4,5.0,5.0,True
all_transitions,All NGRIP transitions (GI + GS),31.8,32.0,31.9,0.1999999999999993,4.601999999999999,0.2000819026953427,192.63057085588596,-0.3084386408099964,-0.013734,30.939077650978053,5.806336422259708,332.6785714285715,-0.4589818644675369,0.8884456359788727,False,1,69,NGRIP/data/processed/ngrip_warming_cooling_starts.csv,6.0,1.2,5.0,5.0,True
all_transitions,All NGRIP transitions (GI + GS),32.0,32.2,32.1,0.20000000000000284,4.598,0.19778437254025968,194.6596257733727,-0.2874606776482253,-0.014082,30.995177519792154,5.862436291073809,335.89285714285705,-0.40844425693599734,0.9127832650613183,False,0,69,NGRIP/data/processed/ngrip_warming_cooling_starts.csv,6.0,1.2,5.0,5.0,True
all_transitions,All NGRIP transitions (GI + GS),32.2,32.4,32.3,0.19999999999999574,4.593999999999999,0.19548684238517613,192.68831970123586,-0.3078415878963742,-0.014377,31.05127738860626,5.918536159887914,339.1071428571429,-0.35662153266231306,0.9342489402945998,False,0,69,NGRIP/data/processed/ngrip_warming_cooling_starts.csv,6.0,1.2,5.0,5.0,True
all_transitions,All NGRIP transitions (GI + GS),32.4,32.6,32.5,0.20000000000000284,4.59,0.1931893122300931,194.5346142375978,-0.28875314507711625,-0.014624,31.107377257420364,5.974636028702019,342.32142857142867,-0.30367674510961346,0.9527751227228967,False,1,69,NGRIP/data/processed/ngrip_warming_cooling_starts.csv,5.0,1.0,5.0,5.0,True
all_transitions,All NGRIP transitions (GI + GS),32.6,32.8,32.7,0.19999999999999574,4.586,0.19089178207501006,195.60515136633603,-0.27768509154321,-0.014826,31.163477126234465,6.03073589751612,345.5357142857142,-0.24977647816722773,0.9683035221222612,False,0,69,NGRIP/data/processed/ngrip_warming_cooling_starts.csv,5.0,1.0,5.0,5.0,True
all_transitions,All NGRIP transitions (GI + GS),32.8,33.0,32.9,0.20000000000000284,4.582,0.18859425191992651,196.64579538938875,-0.26692609641105397,-0.014987,31.21957699504857,6.086835766330225,348.75000000000006,-0.19509032201612786,0.9807852804032305,False,0,69,NGRIP/data/processed/ngrip_warming_cooling_starts.csv,5.0,1.0,5.0,5.0,True
all_transitions,All NGRIP transitions (GI + GS),33.0,33.2,33.1,0.20000000000000284,4.581,0.18801986938115603,197.18834815953014,-0.2613167598045118,-0.015108,31.27567686386267,6.142935635144326,351.9642857142856,-0.13979033953550127,0.9901811253364453,False,0,69,NGRIP/data/processed/ngrip_warming_cooling_starts.csv,6.0,1.2,5.0,5.0,True
all_transitions,All NGRIP transitions (GI + GS),33.2,33.4,33.3,0.19999999999999574,4.583,0.18916863445869755,197.2234899509596,-0.26095343636772733,-0.015191,31.331776732676776,6.199035503958431,355.1785714285714,-0.08405052492924801,0.9964614941176191,False,1,69,NGRIP/data/processed/ngrip_warming_cooling_starts.csv,5.0,1.0,5.0,5.0,True
all_transitions,All NGRIP transitions (GI + GS),33.4,33.6,33.5,0.20000000000000284,4.585,0.19031739953623905,197.2160401219438,-0.26103045855047263,-0.015234,31.38787660149088,6.255135372772536,358.3928571428572,-0.02804625627586809,0.9996066263830529,False,0,69,NGRIP/data/processed/ngrip_warming_cooling_starts.csv,5.0,1.0,5.0,5.0,True
all_transitions,All NGRIP transitions (GI + GS),33.6,33.8,33.7,0.19999999999999574,4.587,0.19146616461378058,199.39182028264528,-0.23853553460043792,-0.015236,31.43919759259119,0.023271056693257464,1.3333333333333182,0.023268956374056057,0.9997292411794617,False,1,69,NGRIP/data/processed/ngrip_warming_cooling_starts.csv,4.0,0.8,5.0,5.0,True
all_transitions,All NGRIP transitions (GI + GS),33.8,34.0,33.9,0.20000000000000284,4.5889999999999995,0.1926149296913221,194.73776975746475,-0.2866527637739043,-0.015198,31.485739705977704,0.06981317007977239,3.9999999999999547,0.06975647374412451,0.9975640502598243,False,0,69,NGRIP/data/processed/ngrip_warming_cooling_starts.csv,4.0,0.8,5.0,5.0,True
all_transitions,All NGRIP transitions (GI + GS),34.0,34.2,34.1,0.20000000000000284,4.585,0.19031739953623905,195.63528533923454,-0.277373542867058,-0.01512,31.53228181936422,0.11635528346628732,6.6666666666665915,0.11609291412522892,0.9932383577419431,False,0,69,NGRIP/data/processed/ngrip_warming_cooling_starts.csv,4.0,0.8,5.0,5.0,True
all_transitions,All NGRIP transitions (GI + GS),34.2,34.4,34.3,0.19999999999999574,4.575,0.18457357414853096,196.16849102656772,-0.2718608437428879,-0.015003,31.578823932750733,0.16289739685280225,9.333333333333227,0.1621779231055656,0.9867615321125794,False,0,69,NGRIP/data/processed/ngrip_warming_cooling_starts.csv,4.0,0.8,5.0,5.0,True
all_transitions,All NGRIP transitions (GI + GS),34.4,34.6,34.5,0.20000000000000284,4.5649999999999995,0.17882974876082236,198.76632977449412,-0.24500234667385642,-0.014847,31.625366046137252,0.20943951023932073,12.000000000000068,0.20791169081776048,0.9781476007338054,False,0,69,NGRIP/data/processed/ngrip_warming_cooling_starts.csv,4.0,0.8,5.0,5.0,True
all_transitions,All NGRIP transitions (GI + GS),34.6,34.8,34.7,0.19999999999999574,4.555,0.17308592337311426,197.4533800277773,-0.25857665222000575,-0.014651,31.671908159523767,0.25598162362583565,14.666666666666705,0.25319516810480236,0.9674152194628638,False,1,69,NGRIP/data/processed/ngrip_warming_cooling_starts.csv,3.0,0.6,5.0,5.0,True
all_transitions,All NGRIP transitions (GI + GS),34.8,35.0,34.9,0.20000000000000284,4.545,0.16734209798540617,202.4496904029269,-0.20692087193955538,-0.014414,31.71845027291028,0.3025237370123506,17.33333333333334,0.2979302810384821,0.9545876322477319,False,0,69,NGRIP/data/processed/ngrip_warming_cooling_starts.csv,4.0,0.8,5.0,5.0,True
all_transitions,All NGRIP transitions (GI + GS),35.0,35.2,35.1,0.20000000000000284,4.531,0.15930074244261455,199.44036160641156,-0.23803367627565006,-0.014138,31.764992386296797,0.3490658503988655,19.99999999999998,0.3420201433256683,0.9396926207859085,False,0,69,NGRIP/data/processed/ngrip_warming_cooling_starts.csv,5.0,1.0,5.0,5.0,True
all_transitions,All NGRIP transitions (GI + GS),35.2,35.4,35.3,0.19999999999999574,4.513,0.14896185674473988,205.075335838199,-0.17977488750004333,-0.013822,31.81153449968331,0.39560796378538043,22.666666666666615,0.38536926614244743,0.9227624443554427,False,0,69,NGRIP/data/processed/ngrip_warming_cooling_starts.csv,5.0,1.0,5.0,5.0,True
all_transitions,All NGRIP transitions (GI + GS),35.4,35.6,35.5,0.20000000000000284,4.495,0.13862297104686522,201.3118987058626,-0.21868425601609298,-0.013469,31.858076613069827,0.44215007717189536,25.33333333333325,0.427883764941653,0.9038337699485212,False,1,69,NGRIP/data/processed/ngrip_warming_cooling_starts.csv,4.0,0.8,5.0,5.0,True
all_transitions,All NGRIP transitions (GI + GS),35.6,35.8,35.7,0.19999999999999574,4.477,0.12828408534899055,200.57406506520257,-0.22631255961689123,-0.013085,31.90461872645634,0.4886921905584103,27.999999999999886,0.46947156278588903,0.8829475928589279,False,0,69,NGRIP/data/processed/ngrip_warming_cooling_starts.csv,5.0,1.0,5.0,5.0,True
all_transitions,All NGRIP transitions (GI + GS),35.8,36.0,35.9,0.20000000000000284,4.4590000000000005,0.11794519965111587,201.1137640958452,-0.22073272721034007,-0.01267,31.951160839842856,0.5352343039449252,30.666666666666522,0.5100425897656731,0.8601491478953667,False,0,69,NGRIP/data/processed/ngrip_warming_cooling_starts.csv,5.0,1.0,5.0,5.0,True
all_transitions,All NGRIP transitions (GI + GS),36.0,36.2,36.1,0.20000000000000284,4.4510000000000005,0.1133501393409493,203.75773006924481,-0.1933973306604753,-0.012228,31.997702953229375,0.5817764173314437,33.333333333333364,0.5495089780708065,0.8354878114129362,False,0,69,NGRIP/data/processed/ngrip_warming_cooling_starts.csv,5.0,1.0,5.0,5.0,True
all_transitions,All NGRIP transitions (GI + GS),36.2,36.4,36.3,0.19999999999999574,4.453,0.11449890441849081,199.915116590032,-0.23312528642802932,-0.011762,32.044245066615886,0.6283185307179551,35.999999999999794,0.5877852522924703,0.8090169943749496,False,0,69,NGRIP/data/processed/ngrip_warming_cooling_starts.csv,5.0,1.0,5.0,5.0,True
all_transitions,All NGRIP transitions (GI + GS),36.4,36.6,36.5,0.20000000000000284,4.455,0.11564766949603232,198.99087804177026,-0.24268079034811985,-0.011274,32.0907871800024,0.67486064410447,38.66666666666643,0.624788514543957,0.7807940266766618,False,1,69,NGRIP/data/processed/ngrip_warming_cooling_starts.csv,5.0,1.0,5.0,5.0,True
all_transitions,All NGRIP transitions (GI + GS),36.6,36.8,36.7,0.19999999999999574,4.457,0.11679643457357385,203.75882513761482,-0.19338600898370467,-0.010765,32.13732929338892,0.721402757490992,41.33333333333348,0.6604386239990095,0.7508800329814975,False,0,69,NGRIP/data/processed/ngrip_warming_cooling_starts.csv,5.0,1.0,5.0,5.0,True
all_transitions,All NGRIP transitions (GI + GS),36.8,37.0,36.9,0.20000000000000284,4.459,0.11794519965111536,203.2634290290704,-0.19850780299034584,-0.010239,32.18387140677544,0.767944870877507,44.000000000000114,0.6946583704589987,0.7193398003386499,False,0,69,NGRIP/data/processed/ngrip_warming_cooling_starts.csv,5.0,1.0,5.0,5.0,True
all_transitions,All NGRIP transitions (GI + GS),37.0,37.2,37.1,0.20000000000000284,4.455,0.11564766949603232,209.41467584260653,-0.134911382833736,-0.009697,32.23041352016195,0.8144869842640219,46.66666666666675,0.7273736415730496,0.6862416378687326,False,0,69,NGRIP/data/processed/ngrip_warming_cooling_starts.csv,6.0,1.2,5.0,5.0,True
all_transitions,All NGRIP transitions (GI + GS),37.2,37.4,37.3,0.19999999999999574,4.445,0.10990384410832424,209.14567078909008,-0.13769256832771376,-0.00914,32.27695563354847,0.8610290976505368,49.333333333333385,0.7585135833488695,0.6516572288214545,False,0,69,NGRIP/data/processed/ngrip_warming_cooling_starts.csv,6.0,1.2,5.0,5.0,True
all_transitions,All NGRIP transitions (GI + GS),37.4,37.6,37.5,0.20000000000000284,4.4350000000000005,0.10416001872061614,210.9337652991428,-0.11920584308514955,-0.008565,32.32349774693498,0.9075712110370517,52.00000000000002,0.7880107536067222,0.615661475325658,False,0,69,NGRIP/data/processed/ngrip_warming_cooling_starts.csv,6.0,1.2,5.0,5.0,True
all_transitions,All NGRIP transitions (GI + GS),37.6,37.8,37.7,0.19999999999999574,4.425,0.09841619333290753,212.1183011115565,-0.1069591816357927,-0.007972,32.3700398603215,0.9541133244235667,54.66666666666666,0.815801268044172,0.5783323361679866,False,0,69,NGRIP/data/processed/ngrip_warming_cooling_starts.csv,6.0,1.2,5.0,5.0,True
all_transitions,All NGRIP transitions (GI + GS),37.8,38.0,37.9,0.20000000000000284,4.415,0.09267236794519945,214.06430327576328,-0.08683988305908305,-0.007358,32.41658197370801,1.0006554378100816,57.33333333333329,0.8418249385952571,0.5397506579515134,False,0,69,NGRIP/data/processed/ngrip_warming_cooling_starts.csv,6.0,1.2,5.0,5.0,True
all_transitions,All NGRIP transitions (GI + GS),38.0,38.2,38.1,0.20000000000000284,4.424,0.09784181079413704,213.46167237034877,-0.09307035460767435,-0.006724,32.46312408709453,1.0471975511965965,59.99999999999993,0.866025403784438,0.5000000000000011,False,1,69,NGRIP/data/processed/ngrip_warming_cooling_starts.csv,5.0,1.0,5.0,5.0,True
all_transitions,All NGRIP transitions (GI + GS),38.2,38.4,38.3,0.19999999999999574,4.452,0.1139245218797198,207.5351601787093,-0.15434329175813563,-0.006071,32.50966620048104,1.0937396645831114,62.66666666666657,0.8883502507930033,0.45916645338701323,False,0,69,NGRIP/data/processed/ngrip_warming_cooling_starts.csv,6.0,1.2,5.0,5.0,True
all_transitions,All NGRIP transitions (GI + GS),38.4,38.6,38.5,0.20000000000000284,4.48,0.13000723296530306,208.51035782955637,-0.14426093261713469,-0.005405,32.55620831386756,1.1402817779696264,65.3333333333332,0.9087511289735632,0.41733845448182,False,0,69,NGRIP/data/processed/ngrip_warming_cooling_starts.csv,6.0,1.2,5.0,5.0,True
all_transitions,All NGRIP transitions (GI + GS),38.6,38.8,38.7,0.19999999999999574,4.508,0.14608994405088582,205.61491609259772,-0.17419628309557716,-0.004733,32.60275042725407,1.1868238913561413,67.99999999999984,0.9271838545667863,0.3746065934159146,False,0,69,NGRIP/data/processed/ngrip_warming_cooling_starts.csv,6.0,1.2,5.0,5.0,True
all_transitions,All NGRIP transitions (GI + GS),38.8,39.0,38.9,0.20000000000000284,4.536,0.16217265513646859,205.75641166715045,-0.1727333907288209,-0.004059,32.64929254064059,1.2333660047426562,70.66666666666647,0.9436085063935824,0.33106341788496124,False,0,69,NGRIP/data/processed/ngrip_warming_cooling_starts.csv,6.0,1.2,5.0,5.0,True
all_transitions,All NGRIP transitions (GI + GS),39.0,39.2,39.1,0.20000000000000284,4.55,0.17021401067926023,206.39186288671291,-0.1661635969986465,-0.003387,32.6958346540271,1.2799081181291712,73.33333333333312,0.9579895123154878,0.286803232711094,False,0,69,NGRIP/data/processed/ngrip_warming_cooling_starts.csv,6.0,1.2,5.0,5.0,True
all_transitions,All NGRIP transitions (GI + GS),39.2,39.4,39.3,0.19999999999999574,4.55,0.17021401067926023,209.4264749012884,-0.1347893948992357,-0.002719,32.74237676741362,1.326450231515686,75.99999999999974,0.9702957262759954,0.24192189559967198,False,0,69,NGRIP/data/processed/ngrip_warming_cooling_starts.csv,7.0,1.4,5.0,5.0,True
all_transitions,All NGRIP transitions (GI + GS),39.4,39.6,39.5,0.20000000000000284,4.55,0.17021401067926023,199.8312879452392,-0.23399197278886105,-0.002054,32.78891888080013,1.372992344902201,78.66666666666639,0.9805004957559783,0.19651660953283495,False,0,69,NGRIP/data/processed/ngrip_warming_cooling_starts.csv,7.0,1.4,5.0,5.0,True
all_transitions,All NGRIP transitions (GI + GS),39.6,39.8,39.7,0.19999999999999574,4.55,0.17021401067926023,196.57281223487914,-0.26768065357633214,-0.001391,32.835460994186654,1.419534458288723,81.33333333333343,0.9885817194971119,0.1506857122494815,False,0,69,NGRIP/data/processed/ngrip_warming_cooling_starts.csv,7.0,1.4,5.0,5.0,True
all_transitions,All NGRIP transitions (GI + GS),39.8,40.0,39.9,0.20000000000000284,4.55,0.17021401067926023,197.433816744064,-0.25877891281015764,-0.000729,32.88200310757316,1.4660765716752309,83.99999999999966,0.9945218953682727,0.10452846326765941,False,1,69,NGRIP/data/processed/ngrip_warming_cooling_starts.csv,6.0,1.2,5.0,5.0,True
all_transitions,All NGRIP transitions (GI + GS),40.0,40.2,40.1,0.20000000000000284,4.545999999999999,0.16791648052417668,192.99663893459245,-0.3046539415376292,-6.8e-05,32.928545220959684,1.512618685061753,86.6666666666667,0.9983081582712683,0.05814482891047523,False,1,69,NGRIP/data/processed/ngrip_warming_cooling_starts.csv,5.0,1.0,5.0,5.0,True
all_transitions,All NGRIP transitions (GI + GS),40.2,40.4,40.3,0.19999999999999574,4.538,0.1633214202140106,197.6875067062792,-0.2561560667570533,0.00059,32.9750873343462,1.5591607984482678,89.33333333333334,0.9999323080037622,0.011635265801396944,False,0,69,NGRIP/data/processed/ngrip_warming_cooling_starts.csv,5.0,1.0,5.0,5.0,True
all_transitions,All NGRIP transitions (GI + GS),40.4,40.6,40.5,0.20000000000000284,4.529999999999999,0.15872635990384354,201.3563690935376,-0.21822448622553875,0.001245,33.021629447732714,1.6057029118347828,91.99999999999997,0.9993908270190958,-0.03489949670250051,False,0,69,NGRIP/data/processed/ngrip_warming_cooling_starts.csv,5.0,1.0,5.0,5.0,True
all_transitions,All NGRIP transitions (GI + GS),40.6,40.8,40.7,0.19999999999999574,4.521999999999999,0.15413129959367694,200.74144240258747,-0.22458208126092602,0.001895,33.06817156111923,1.6522450252212977,94.66666666666661,0.9966848880445062,-0.0813586746678573,False,1,69,NGRIP/data/processed/ngrip_warming_cooling_starts.csv,4.0,0.8,5.0,5.0,True
all_transitions,All NGRIP transitions (GI + GS),40.8,41.0,40.9,0.20000000000000284,4.514,0.1495362392835109,200.9420643453903,-0.22250789406703103,0.002542,33.114713674505744,1.6987871386078126,97.33333333333324,0.9918203515412619,-0.1276416478605931,False,0,69,NGRIP/data/processed/ngrip_warming_cooling_starts.csv,4.0,0.8,5.0,5.0,True
all_transitions,All NGRIP transitions (GI + GS),41.0,41.2,41.1,0.20000000000000284,4.5089999999999995,0.14666432658965634,201.3845446981945,-0.2179331846981828,0.003183,33.16125578789226,1.7453292519943275,99.99999999999989,0.9848077530122085,-0.17364817766692833,False,0,69,NGRIP/data/processed/ngrip_warming_cooling_starts.csv,4.0,0.8,5.0,5.0,True
all_transitions,All NGRIP transitions (GI + GS),41.2,41.4,41.3,0.19999999999999574,4.507,0.1455155615121148,204.11511444464875,-0.1897024103321962,0.003817,33.207797901278774,1.7918713653808425,102.66666666666653,0.9756622801842149,-0.2192786241879008,False,0,69,NGRIP/data/processed/ngrip_warming_cooling_starts.csv,4.0,0.8,5.0,5.0,True
all_transitions,All NGRIP transitions (GI + GS),41.4,41.6,41.5,0.20000000000000284,4.505,0.14436679643457329,205.03282474856312,-0.18021440052882481,0.004442,33.25434001466529,1.8384134787673574,105.33333333333316,0.9644037401149398,-0.2644341620371992,False,1,69,NGRIP/data/processed/ngrip_warming_cooling_starts.csv,3.0,0.6,5.0,5.0,True
all_transitions,All NGRIP transitions (GI + GS),41.6,41.8,41.7,0.19999999999999574,4.503,0.1432180313570318,202.81120298397252,-0.20318327097945654,0.005054,33.3008821280518,1.8849555921538723,107.9999999999998,0.9510565162951546,-0.30901699437494395,False,0,69,NGRIP/data/processed/ngrip_warming_cooling_starts.csv,3.0,0.6,5.0,5.0,True
all_transitions,All NGRIP transitions (GI + GS),41.8,42.0,41.9,0.20000000000000284,4.501,0.14206926627949026,199.8965550699326,-0.23331718999925163,0.005653,33.34742424143832,1.9314977055403872,110.66666666666643,0.9356495158395329,-0.352930564713865,False,0,69,NGRIP/data/processed/ngrip_warming_cooling_starts.csv,4.0,0.8,5.0,5.0,True
all_transitions,All NGRIP transitions (GI + GS),42.0,42.2,42.1,0.20000000000000284,4.4959999999999996,0.1391973535856357,200.3733404669805,-0.22838780814312615,0.006234,33.39396635482483,1.9780398189269022,113.33333333333307,0.9182161068802759,-0.3960797660391525,False,1,69,NGRIP/data/processed/ngrip_warming_cooling_starts.csv,3.0,0.6,5.0,5.0,True
all_transitions,All NGRIP transitions (GI + GS),42.2,42.4,42.3,0.19999999999999574,4.488,0.13460229327546963,200.85777872769884,-0.22337930497255173,0.006799,33.44050846821135,2.024581932313417,115.9999999999997,0.8987940462991693,-0.43837114678907274,False,0,69,NGRIP/data/processed/ngrip_warming_cooling_starts.csv,3.0,0.6,5.0,5.0,True
all_transitions,All NGRIP transitions (GI + GS),42.4,42.6,42.5,0.20000000000000284,4.48,0.13000723296530306,203.21288398153186,-0.19903037738502366,0.007345,33.48705058159786,2.071124045699932,118.66666666666634,0.8774253979545846,-0.4797131132502412,False,0,69,NGRIP/data/processed/ngrip_warming_cooling_starts.csv,3.0,0.6,5.0,5.0,True
all_transitions,All NGRIP transitions (GI + GS),42.6,42.8,42.7,0.19999999999999574,4.4719999999999995,0.125412172655136,205.32101961961345,-0.1772348156313427,0.007873,33.533592694984385,2.117666159086454,121.33333333333339,0.8541564415805252,-0.5200161279292161,False,0,69,NGRIP/data/processed/ngrip_warming_cooling_starts.csv,3.0,0.6,5.0,5.0,True
all_transitions,All NGRIP transitions (GI + GS),42.8,43.0,42.9,0.20000000000000284,4.464,0.12081711234496992,205.46623315557054,-0.17573348405985845,0.00838,33.58013480837089,2.164208272472962,123.99999999999962,0.8290375725550455,-0.5591929034707412,False,0,69,NGRIP/data/processed/ngrip_warming_cooling_starts.csv,3.0,0.6,5.0,5.0,True
all_transitions,All NGRIP transitions (GI + GS),43.0,43.2,43.1,0.20000000000000284,4.462,0.1196683472674279,203.54949250754166,-0.1955502541031373,0.008866,33.626676921757415,2.210750385859484,126.66666666666666,0.802123192755044,-0.597158591702786,False,0,69,NGRIP/data/processed/ngrip_warming_cooling_starts.csv,3.0,0.6,5.0,5.0,True
all_transitions,All NGRIP transitions (GI + GS),43.2,43.4,43.3,0.19999999999999574,4.466,0.12196587742251143,202.08897522972822,-0.21065022867112512,0.009329,33.67321903514393,2.257292499245999,129.3333333333333,0.7734715927339645,-0.6338309673987097,False,1,69,NGRIP/data/processed/ngrip_warming_cooling_starts.csv,3.0,0.6,5.0,5.0,True
all_transitions,All NGRIP transitions (GI + GS),43.4,43.6,43.5,0.20000000000000284,4.470000000000001,0.12426340757759498,203.97698313034934,-0.19113052033448702,0.009774,33.719761148530445,2.3038346126325138,131.99999999999994,0.743144825477395,-0.6691306063588572,False,0,69,NGRIP/data/processed/ngrip_warming_cooling_starts.csv,3.0,0.6,5.0,5.0,True
all_transitions,All NGRIP transitions (GI + GS),43.6,43.8,43.7,0.19999999999999574,4.474,0.126560937732678,202.78915246019093,-0.2034112466106735,0.010201,33.76630326191696,2.3503767260190287,134.66666666666657,0.7112085720101385,-0.7029810574256604,False,0,69,NGRIP/data/processed/ngrip_warming_cooling_starts.csv,3.0,0.6,5.0,5.0,True
all_transitions,All NGRIP transitions (GI + GS),43.8,44.0,43.9,0.20000000000000284,4.478000000000001,0.12885846788776156,202.52148200949026,-0.20617863393267294,0.010614,33.812845375303475,2.3969188394055436,137.3333333333332,0.677731999145734,-0.735309008059827,False,0,69,NGRIP/data/processed/ngrip_warming_cooling_starts.csv,3.0,0.6,5.0,5.0,True
all_transitions,All NGRIP transitions (GI + GS),44.0,44.2,44.1,0.20000000000000284,4.465,0.12139149488374042,204.20438426377396,-0.18877946883814037,0.011015,33.85938748868999,2.4434609527920585,139.99999999999983,0.6427876096865415,-0.7660444431189762,False,0,69,NGRIP/data/processed/ngrip_warming_cooling_starts.csv,3.0,0.6,5.0,5.0,True
all_transitions,All NGRIP transitions (GI + GS),44.2,44.4,44.3,0.19999999999999574,4.4350000000000005,0.10416001872061614,204.76145369651394,-0.1830200475736618,0.011402,33.905929602076505,2.4900030661785735,142.6666666666665,0.6064510853988161,-0.7951207964948457,False,1,69,NGRIP/data/processed/ngrip_warming_cooling_starts.csv,3.0,0.6,5.0,5.0,True
all_transitions,All NGRIP transitions (GI + GS),44.4,44.6,44.5,0.20000000000000284,4.405,0.08692854255749136,205.2554273787677,-0.17791295972705026,0.011769,33.95247171546302,2.5365451795650884,145.33333333333312,0.568801123102855,-0.82247509528066,False,0,69,NGRIP/data/processed/ngrip_warming_cooling_starts.csv,4.0,0.8,5.0,5.0,True
all_transitions,All NGRIP transitions (GI + GS),44.6,44.8,44.7,0.19999999999999574,4.375,0.06969706639436657,211.77359437152924,-0.11052303061375071,0.012111,33.999013828849534,2.5830872929516033,147.99999999999974,0.5299192642332087,-0.8480480961564236,False,0,69,NGRIP/data/processed/ngrip_warming_cooling_starts.csv,4.0,0.8,5.0,5.0,True
all_transitions,All NGRIP transitions (GI + GS),44.8,45.0,44.9,0.20000000000000284,4.345000000000001,0.05246559023124229,210.9272958786704,-0.1192727290344545,0.012423,34.04555594223605,2.6296294063381183,150.66666666666637,0.48988971823809135,-0.87178441369676,False,0,69,NGRIP/data/processed/ngrip_warming_cooling_starts.csv,4.0,0.8,5.0,5.0,True
all_transitions,All NGRIP transitions (GI + GS),45.0,45.2,45.1,0.20000000000000284,4.333,0.04557299976599217,208.9712533809977,-0.13949583246324815,0.0127,34.092098055622564,2.676171519724633,153.33333333333303,0.4487991802004671,-0.8936326403234098,False,0,69,NGRIP/data/processed/ngrip_warming_cooling_starts.csv,4.0,0.8,5.0,5.0,True
all_transitions,All NGRIP transitions (GI + GS),45.2,45.4,45.3,0.19999999999999574,4.339,0.04901929499861723,213.9817905431903,-0.08769296448599535,0.012943,34.13864016900908,2.722713633111148,155.99999999999966,0.4067366430758057,-0.9135454576425984,False,0,69,NGRIP/data/processed/ngrip_warming_cooling_starts.csv,4.0,0.8,5.0,5.0,True
all_transitions,All NGRIP transitions (GI + GS),45.4,45.6,45.5,0.20000000000000284,4.345000000000001,0.05246559023124229,215.00808679519048,-0.0770823078783414,0.013154,34.185182282395594,2.769255746497663,158.6666666666663,0.3637932049531576,-0.93147973892614,False,0,69,NGRIP/data/processed/ngrip_warming_cooling_starts.csv,4.0,0.8,5.0,5.0,True
all_transitions,All NGRIP transitions (GI + GS),45.6,45.8,45.7,0.19999999999999574,4.351,0.05591188546386684,217.6252952196156,-0.05002355188258328,0.013339,34.231724395782116,2.815797859884185,161.33333333333334,0.32006187175697154,-0.9473966425143293,False,0,69,NGRIP/data/processed/ngrip_warming_cooling_starts.csv,4.0,0.8,5.0,5.0,True
all_transitions,All NGRIP transitions (GI + GS),45.8,46.0,45.9,0.20000000000000284,4.357,0.059358180696491895,222.59740071309682,0.001381979322990926,0.0135,34.278266509168624,2.862339973270693,163.99999999999957,0.2756373558170065,-0.9612616959383168,False,0,69,NGRIP/data/processed/ngrip_warming_cooling_starts.csv,4.0,0.8,5.0,5.0,True
all_transitions,All NGRIP transitions (GI + GS),46.0,46.2,46.1,0.20000000000000284,4.362,0.06223009339034594,220.90271048888403,-0.01613905906180762,0.01364,34.324808622555146,2.908882086657215,166.6666666666666,0.2306158707424412,-0.9730448705798236,False,0,69,NGRIP/data/processed/ngrip_warming_cooling_starts.csv,4.0,0.8,5.0,5.0,True
all_transitions,All NGRIP transitions (GI + GS),46.2,46.4,46.3,0.19999999999999574,4.3660000000000005,0.06452762354542949,218.40918109752266,-0.04191912408812243,0.013759,34.37135073594166,2.95542420004373,169.33333333333326,0.18509492304471614,-0.982720646706413,False,0,69,NGRIP/data/processed/ngrip_warming_cooling_starts.csv,4.0,0.8,5.0,5.0,True
all_transitions,All NGRIP transitions (GI + GS),46.4,46.6,46.5,0.20000000000000284,4.37,0.06682515370051252,217.21881045945372,-0.05422611054721481,0.013854,34.417892849328176,3.001966313430245,171.9999999999999,0.13917310096006752,-0.99026806874157,False,0,69,NGRIP/data/processed/ngrip_warming_cooling_starts.csv,4.0,0.8,5.0,5.0,True
all_transitions,All NGRIP transitions (GI + GS),46.6,46.8,46.7,0.19999999999999574,4.374,0.06912268385559556,215.1212942613185,-0.07591188019124234,0.013925,34.46443496271469,3.0485084268167597,174.66666666666652,0.09294986092939482,-0.9956707906498041,False,0,69,NGRIP/data/processed/ngrip_warming_cooling_starts.csv,4.0,0.8,5.0,5.0,True
all_transitions,All NGRIP transitions (GI + GS),46.8,47.0,46.9,0.20000000000000284,4.378,0.07142021401067909,210.80322662288867,-0.12055545443279975,0.013968,34.510977076101206,3.0950505402032746,177.33333333333317,0.046525312197749795,-0.9989171113385243,False,1,69,NGRIP/data/processed/ngrip_warming_cooling_starts.csv,3.0,0.6,5.0,5.0,True
all_transitions,All NGRIP transitions (GI + GS),47.0,47.2,47.1,0.20000000000000284,4.3870000000000005,0.07658965685961669,210.11146759569397,-0.12770740249701865,0.013982,34.55751918948772,3.1415926535897896,179.9999999999998,3.675178358715236e-15,-1.0,False,0,69,NGRIP/data/processed/ngrip_warming_cooling_starts.csv,3.0,0.6,5.0,5.0,True
all_transitions,All NGRIP transitions (GI + GS),47.2,47.4,47.3,0.19999999999999574,4.401,0.08463101240240781,207.77180330284662,-0.15189668930402958,0.013967,34.60548243610741,3.189555900209477,182.748091603053,-0.047944859042300524,-0.9988499839772808,False,0,69,NGRIP/data/processed/ngrip_warming_cooling_starts.csv,3.0,0.6,5.0,5.0,True
all_transitions,All NGRIP transitions (GI + GS),47.4,47.6,47.5,0.20000000000000284,4.415,0.09267236794519945,204.64808447954144,-0.18419214756801472,0.013922,34.6534456827271,3.2375191468291717,185.49618320610662,-0.09577944337240045,-0.9954025809828269,False,0,69,NGRIP/data/processed/ngrip_warming_cooling_starts.csv,3.0,0.6,5.0,5.0,True
all_transitions,All NGRIP transitions (GI + GS),47.6,47.8,47.7,0.19999999999999574,4.429,0.10071372348799108,203.8142584605085,-0.1928128957596236,0.013847,34.7014089293468,3.2854823934488664,188.24427480916023,-0.14339373191344948,-0.9896657201539991,False,0,69,NGRIP/data/processed/ngrip_warming_cooling_starts.csv,3.0,0.6,5.0,5.0,True
all_transitions,All NGRIP transitions (GI + GS),47.8,48.0,47.9,0.20000000000000284,4.443,0.1087550790307822,205.30872961816573,-0.17736187931769565,0.013743,34.749372175966485,3.333445640068554,190.99236641221344,-0.19067821027597545,-0.9816525964545456,False,0,69,NGRIP/data/processed/ngrip_warming_cooling_starts.csv,3.0,0.6,5.0,5.0,True
all_transitions,All NGRIP transitions (GI + GS),48.0,48.2,48.1,0.20000000000000284,4.4510000000000005,0.1133501393409493,205.9517786197447,-0.17071353375046672,0.01361,34.79733542258618,3.3814088866882486,193.74045801526705,-0.23752412264450662,-0.9713816403257565,False,0,69,NGRIP/data/processed/ngrip_warming_cooling_starts.csv,3.0,0.6,5.0,5.0,True
all_transitions,All NGRIP transitions (GI + GS),48.2,48.4,48.3,0.19999999999999574,4.453,0.11449890441849081,204.22785504349022,-0.1885368094857382,0.013449,34.84529866920587,3.429372133307936,196.48854961832026,-0.28382372191938365,-0.9588764752958685,False,1,69,NGRIP/data/processed/ngrip_warming_cooling_starts.csv,2.0,0.4,5.0,5.0,True
all_transitions,All NGRIP transitions (GI + GS),48.4,48.6,48.5,0.20000000000000284,4.455,0.11564766949603232,201.05287285004104,-0.22136226872759784,0.013259,34.89326191582556,3.4773353799276308,199.23664122137387,-0.32947051753859713,-0.9441658636451802,False,0,69,NGRIP/data/processed/ngrip_warming_cooling_starts.csv,2.0,0.4,5.0,5.0,True
all_transitions,All NGRIP transitions (GI + GS),48.6,48.8,48.7,0.19999999999999574,4.457,0.11679643457357385,201.26836766736895,-0.21913431407713582,0.013037,34.94122516244526,3.5252986265473254,201.9847328244275,-0.3743595204094442,-0.9272836402518978,False,0,69,NGRIP/data/processed/ngrip_warming_cooling_starts.csv,2.0,0.4,5.0,5.0,True
all_transitions,All NGRIP transitions (GI + GS),48.8,49.0,48.9,0.20000000000000284,4.459,0.11794519965111536,201.48386248469689,-0.2169063594266735,0.012783,34.989188409064944,3.573261873167013,204.7328244274807,-0.4183874843868277,-0.908268634770827,False,0,69,NGRIP/data/processed/ngrip_warming_cooling_starts.csv,2.0,0.4,5.0,5.0,True
all_transitions,All NGRIP transitions (GI + GS),49.0,49.2,49.1,0.20000000000000284,4.4479999999999995,0.11162699172463625,201.05984729967673,-0.22129016139020138,0.012495,35.03715165568464,3.6212251197867076,207.48091603053433,-0.46145314374271723,-0.887164582323913,False,0,69,NGRIP/data/processed/ngrip_warming_cooling_starts.csv,3.0,0.6,5.0,5.0,True
all_transitions,All NGRIP transitions (GI + GS),49.2,49.4,49.3,0.19999999999999574,4.424,0.09784181079413704,200.1338425592767,-0.2308639255916152,0.012173,35.085114902304326,3.669188366406395,210.22900763358754,-0.5034574460805236,-0.8640200229080787,False,1,69,NGRIP/data/processed/ngrip_warming_cooling_starts.csv,2.0,0.4,5.0,5.0,True
all_transitions,All NGRIP transitions (GI + GS),49.4,49.6,49.5,0.20000000000000284,4.4,0.08405662986363731,204.031791535904,-0.1905638679966068,0.011821,35.13307814892402,3.7171516130260898,212.97709923664115,-0.5443037801588357,-0.8388881897516509,False,1,69,NGRIP/data/processed/ngrip_warming_cooling_starts.csv,1.0,0.2,5.0,5.0,True
all_transitions,All NGRIP transitions (GI + GS),49.6,49.8,49.7,0.19999999999999574,4.3759999999999994,0.07027144893313707,203.89122924528772,-0.19201711134111665,0.011444,35.18104139554371,3.7651148596457773,215.72519083969436,-0.583898198100323,-0.8118268868762576,False,0,69,NGRIP/data/processed/ngrip_warming_cooling_starts.csv,1.0,0.2,5.0,5.0,True
all_transitions,All NGRIP transitions (GI + GS),49.8,50.0,49.9,0.20000000000000284,4.352,0.056486268002637854,204.18325033831715,-0.18899796795606752,0.011046,35.2290046421634,3.813078106265472,218.47328244274797,-0.622149631474911,-0.7828983561456957,False,0,69,NGRIP/data/processed/ngrip_warming_cooling_starts.csv,3.0,0.6,5.0,5.0,True
all_transitions,All NGRIP transitions (GI + GS),50.0,50.2,50.1,0.20000000000000284,4.3389999999999995,0.04901929499861672,205.41076769032784,-0.17630692959678498,0.010633,35.27696788878309,3.8610413528851595,221.22137404580118,-0.6589701007600428,-0.7521691341076813,False,0,69,NGRIP/data/processed/ngrip_warming_cooling_starts.csv,3.0,0.6,5.0,5.0,True
all_transitions,All NGRIP transitions (GI + GS),50.2,50.4,50.3,0.19999999999999574,4.337,0.047870529921075204,206.91645573647165,-0.16073994415301615,0.010205,35.324931135402785,3.909004599504854,223.9694656488548,-0.6942749176964456,-0.7197098989576243,False,0,69,NGRIP/data/processed/ngrip_warming_cooling_starts.csv,4.0,0.8,5.0,5.0,True
all_transitions,All NGRIP transitions (GI + GS),50.4,50.6,50.5,0.20000000000000284,4.335,0.046721764843533686,207.35049493137686,-0.15625250610340222,0.009755,35.37289438202248,3.9569678461245488,226.7175572519084,-0.7279828800738016,-0.6855953079765446,False,0,69,NGRIP/data/processed/ngrip_warming_cooling_starts.csv,4.0,0.8,5.0,5.0,True
all_transitions,All NGRIP transitions (GI + GS),50.6,50.8,50.7,0.19999999999999574,4.333,0.04557299976599217,207.4878792111842,-0.1548321195303395,0.009279,35.42085762864217,4.004931092744236,229.46564885496161,-0.7600164584984518,-0.6499038258169212,False,0,69,NGRIP/data/processed/ngrip_warming_cooling_starts.csv,5.0,1.0,5.0,5.0,True
all_transitions,All NGRIP transitions (GI + GS),50.8,51.0,50.9,0.20000000000000284,4.331,0.04442423468845066,207.5781405744406,-0.15389892667439203,0.008771,35.46882087526186,4.052894339363931,232.21374045801522,-0.790301974713499,-0.61271754403146,False,0,69,NGRIP/data/processed/ngrip_warming_cooling_starts.csv,5.0,1.0,5.0,5.0,True
all_transitions,All NGRIP transitions (GI + GS),51.0,51.2,51.1,0.20000000000000284,4.328,0.04270108707213813,208.32917822818104,-0.1461341096172052,0.008227,35.51678412188155,4.1008575859836185,234.96183206106843,-0.8187697710611268,-0.574121992259929,False,0,69,NGRIP/data/processed/ngrip_warming_cooling_starts.csv,5.0,1.0,5.0,5.0,True
all_transitions,All NGRIP transitions (GI + GS),51.2,51.4,51.3,0.19999999999999574,4.324,0.04040355691705458,210.28525131920827,-0.12591068989028736,0.007646,35.564747368501244,4.148820832603313,237.70992366412204,-0.8453543706974811,-0.5342059415082031,False,0,69,NGRIP/data/processed/ngrip_warming_cooling_starts.csv,5.0,1.0,5.0,5.0,True
all_transitions,All NGRIP transitions (GI + GS),51.4,51.6,51.5,0.20000000000000284,4.32,0.03810602676197155,212.261393100284,-0.10547978428562706,0.007036,35.61271061512093,4.196784079223001,240.45801526717526,-0.8699946281914752,-0.49306119997215025,False,0,69,NGRIP/data/processed/ngrip_warming_cooling_starts.csv,6.0,1.2,5.0,5.0,True
all_transitions,All NGRIP transitions (GI + GS),51.6,51.8,51.7,0.19999999999999574,4.316,0.03580849660688801,214.2760152641464,-0.0846510382649227,0.006401,35.66067386174063,4.244747325842695,243.20610687022887,-0.8926338701612725,-0.45078240187579255,False,0,69,NGRIP/data/processed/ngrip_warming_cooling_starts.csv,6.0,1.2,5.0,5.0,True
all_transitions,All NGRIP transitions (GI + GS),51.8,52.0,51.9,0.20000000000000284,4.311999999999999,0.033510966451804465,214.5834285023465,-0.08147275879558719,0.005748,35.708637108360314,4.292710572462383,245.95419847328208,-0.9132200256248512,-0.4074667898096067,False,0,69,NGRIP/data/processed/ngrip_warming_cooling_starts.csv,6.0,1.2,5.0,5.0,True
all_transitions,All NGRIP transitions (GI + GS),52.0,52.2,52.1,0.20000000000000284,4.3229999999999995,0.039829174378283566,214.050699462271,-0.08698052996609425,0.005081,35.75660035498001,4.3406738190820775,248.70229007633571,-0.9317057457649587,-0.36321399106940006,False,0,69,NGRIP/data/processed/ngrip_warming_cooling_starts.csv,6.0,1.2,5.0,5.0,True
all_transitions,All NGRIP transitions (GI + GS),52.2,52.4,52.3,0.19999999999999574,4.348999999999999,0.05476312038632481,217.58453306669816,-0.05044498303012247,0.004403,35.8045636015997,4.388637065701772,251.45038167938932,-0.9480485128328865,-0.3181257885103818,False,0,69,NGRIP/data/processed/ngrip_warming_cooling_starts.csv,6.0,1.2,5.0,5.0,True
all_transitions,All NGRIP transitions (GI + GS),52.4,52.6,52.5,0.20000000000000284,4.375,0.06969706639436657,220.08353347296085,-0.024608354355348215,0.003712,35.85252684821939,4.43660031232146,254.19847328244254,-0.9622107379406655,-0.2723058864433157,False,0,69,NGRIP/data/processed/ngrip_warming_cooling_starts.csv,6.0,1.2,5.0,5.0,True
all_transitions,All NGRIP transitions (GI + GS),52.6,52.8,52.7,0.19999999999999574,4.401000000000001,0.08463101240240832,220.95965905794503,-0.01555028003292006,0.003009,35.900490094839085,4.484563558941154,256.9465648854961,-0.974159847516717,-0.22585967211126146,False,0,69,NGRIP/data/processed/ngrip_warming_cooling_starts.csv,6.0,1.2,5.0,5.0,True
all_transitions,All NGRIP transitions (GI + GS),52.8,53.0,52.9,0.20000000000000284,4.4270000000000005,0.09956495841044957,221.9772223801515,-0.00502991131147767,0.002293,35.94845334145877,4.532526805560842,259.69465648854936,-0.9838683582260984,-0.1788939732955858,False,0,69,NGRIP/data/processed/ngrip_warming_cooling_starts.csv,7.0,1.4,5.0,5.0,True
all_transitions,All NGRIP transitions (GI + GS),53.0,53.2,53.1,0.20000000000000284,4.434,0.10358563618184513,223.6482626510157,0.012246615283202025,0.001566,35.99641658807847,4.5804900521805365,262.44274809160294,-0.9913139401830672,-0.13151681260858736,False,0,69,NGRIP/data/processed/ngrip_warming_cooling_starts.csv,8.0,1.6,5.0,5.0,True
all_transitions,All NGRIP transitions (GI + GS),53.2,53.4,53.3,0.19999999999999574,4.422000000000001,0.09669304571659552,223.41848770806314,0.009871021479793629,0.000827,36.044379834698155,4.628453298800224,265.1908396946562,-0.9964794683105234,-0.08383715903808214,False,0,69,NGRIP/data/processed/ngrip_warming_cooling_starts.csv,9.0,1.8,5.0,5.0,True
all_transitions,All NGRIP transitions (GI + GS),53.4,53.6,53.5,0.20000000000000284,4.41,0.0898004552513454,222.7409302337339,0.0028659002216332194,7.7e-05,36.09234308131785,4.676416545419919,267.9389312977098,-0.9993530617282437,-0.0359646773151837,False,0,69,NGRIP/data/processed/ngrip_warming_cooling_starts.csv,10.0,2.0,5.0,5.0,True
all_transitions,All NGRIP transitions (GI + GS),53.6,53.8,53.7,0.19999999999999574,4.398,0.08290786478609528,221.69406629208203,-0.007957401313527434,-0.000684,36.140306327937544,4.724379792039613,270.6870229007634,-0.9999281110792807,0.011990524318043564,False,0,69,NGRIP/data/processed/ngrip_warming_cooling_starts.csv,10.0,2.0,5.0,5.0,True
all_transitions,All NGRIP transitions (GI + GS),53.8,54.0,53.9,0.20000000000000284,4.386,0.07601527432084568,220.93359774865317,-0.015819722314427836,-0.001456,36.18826957455723,4.772343038659301,273.43511450381664,-0.9982032937317,0.059918147361090614,False,0,69,NGRIP/data/processed/ngrip_warming_cooling_starts.csv,10.0,2.0,5.0,5.0,True
all_transitions,All NGRIP transitions (GI + GS),54.0,54.2,54.1,0.20000000000000284,4.372999999999999,0.06854830131682454,220.49772401686292,-0.02032612724702835,-0.002238,36.23623282117693,4.8203062852789955,276.1832061068702,-0.994182576820673,0.10770795674511088,False,1,69,NGRIP/data/processed/ngrip_warming_cooling_starts.csv,10.0,2.0,5.0,5.0,True
all_transitions,All NGRIP transitions (GI + GS),54.2,54.4,54.3,0.19999999999999574,4.359,0.06050694577403341,218.87047274810158,-0.037149928750293305,-0.003029,36.284196067796614,4.868269531898683,278.93129770992346,-0.9878752081239417,0.15525003437706156,False,0,69,NGRIP/data/processed/ngrip_warming_cooling_starts.csv,12.0,2.4,5.0,5.0,True
all_transitions,All NGRIP transitions (GI + GS),54.4,54.6,54.5,0.20000000000000284,4.345,0.05246559023124178,216.46279093652288,-0.062042434080373465,-0.003824,36.33215931441631,4.916232778518378,281.67938931297704,-0.9792956947916294,0.20243503195489645,False,0,69,NGRIP/data/processed/ngrip_warming_cooling_starts.csv,12.0,2.4,5.0,5.0,True
all_transitions,All NGRIP transitions (GI + GS),54.6,54.8,54.7,0.19999999999999574,4.3309999999999995,0.044424234688450144,213.9370511010014,-0.08815551597340379,-0.00462,36.380122561035996,4.964196025138065,284.4274809160303,-0.9684637699793369,0.24915442247210862,False,0,69,NGRIP/data/processed/ngrip_warming_cooling_starts.csv,12.0,2.4,5.0,5.0,True
all_transitions,All NGRIP transitions (GI + GS),54.8,55.0,54.9,0.20000000000000284,4.317,0.03638287914565902,215.79458133605877,-0.06895090967759418,-0.005414,36.42808580765569,5.01215927175776,287.17557251908386,-0.9554043474612434,0.2953007498333789,False,2,69,NGRIP/data/processed/ngrip_warming_cooling_starts.csv,10.0,2.0,5.0,5.0,True
all_transitions,All NGRIP transitions (GI + GS),55.0,55.2,55.1,0.20000000000000284,4.314,0.03465973152934649,214.20202944033244,-0.08541596181286931,-0.006203,36.476049054275386,5.0601225183774545,289.9236641221375,-0.9401474643276365,0.34076787600699004,False,0,69,NGRIP/data/processed/ngrip_warming_cooling_starts.csv,10.0,2.0,5.0,5.0,True
all_transitions,All NGRIP transitions (GI + GS),55.2,55.4,55.3,0.19999999999999574,4.321999999999999,0.039254791839512554,208.3593284288786,-0.1458223931653228,-0.006984,36.52401230089507,5.108085764997142,292.6717557251907,-0.9227282118986402,0.38545122514572216,False,1,69,NGRIP/data/processed/ngrip_warming_cooling_starts.csv,9.0,1.8,5.0,5.0,True
all_transitions,All NGRIP transitions (GI + GS),55.4,55.6,55.5,0.20000000000000284,4.33,0.04384985214967964,213.4296998015273,-0.09340091213233441,-0.007755,36.57197554751477,5.156049011616837,295.4198473282443,-0.9031866550130433,0.42924802411467183,False,0,69,NGRIP/data/processed/ngrip_warming_cooling_starts.csv,9.0,1.8,5.0,5.0,True
all_transitions,All NGRIP transitions (GI + GS),55.6,55.8,55.7,0.19999999999999574,4.338,0.048444912459846216,212.92153409599987,-0.09865472826060069,-0.008513,36.619938794134455,5.204012258236524,298.1679389312975,-0.8815677398779064,0.4720575388727099,False,1,69,NGRIP/data/processed/ngrip_warming_cooling_starts.csv,8.0,1.6,5.0,5.0,True
all_transitions,All NGRIP transitions (GI + GS),55.8,56.0,55.9,0.20000000000000284,4.345999999999999,0.05303997277001228,210.39534105362046,-0.12477249576203354,-0.009254,36.66790204075415,5.251975504856219,300.91603053435114,-0.8579211906908214,0.5137813061640558,False,0,69,NGRIP/data/processed/ngrip_warming_cooling_starts.csv,8.0,1.6,5.0,5.0,True
all_transitions,All NGRIP transitions (GI + GS),56.0,56.2,56.1,0.20000000000000284,4.358,0.0599325632352624,208.7627869554789,-0.14165112207976388,-0.009976,36.71586528737384,5.299938751475906,303.6641221374043,-0.8323013952726899,0.5543233599868705,False,0,69,NGRIP/data/processed/ngrip_warming_cooling_starts.csv,8.0,1.6,5.0,5.0,True
all_transitions,All NGRIP transitions (GI + GS),56.2,56.4,56.3,0.19999999999999574,4.374,0.06912268385559556,208.79786113284874,-0.1412884976902253,-0.010676,36.76382853399353,5.347901998095601,306.41221374045796,-0.8047672799739634,0.593590452318186,False,0,69,NGRIP/data/processed/ngrip_warming_cooling_starts.csv,8.0,1.6,5.0,5.0,True
all_transitions,All NGRIP transitions (GI + GS),56.4,56.6,56.5,0.20000000000000284,4.39,0.0783128044759287,212.37265776990395,-0.1043294427545142,-0.011358,36.81179178061322,5.395865244715289,309.16030534351114,-0.7753821741421799,0.6314922675872969,False,1,69,NGRIP/data/processed/ngrip_warming_cooling_starts.csv,7.0,1.4,5.0,5.0,True
all_transitions,All NGRIP transitions (GI + GS),56.6,56.8,56.7,0.19999999999999574,4.406,0.08750292509626185,213.34187205509286,-0.09430894434644778,-0.012023,36.859755027232914,5.443828491334983,311.9083969465648,-0.7442136644624026,0.6679416304045156,False,0,69,NGRIP/data/processed/ngrip_warming_cooling_starts.csv,7.0,1.4,5.0,5.0,True
all_transitions,All NGRIP transitions (GI + GS),56.8,57.0,56.9,0.20000000000000284,4.422,0.09669304571659501,214.26356257699436,-0.08477978392384455,-0.012671,36.90771827385261,5.491791737954678,314.6564885496184,-0.7113334395057077,0.7028547060673207,False,0,69,NGRIP/data/processed/ngrip_warming_cooling_starts.csv,7.0,1.4,5.0,5.0,True
all_transitions,All NGRIP transitions (GI + GS),57.0,57.2,57.1,0.20000000000000284,4.436,0.10473440125938664,215.1852530988959,-0.07525062350124075,-0.013303,36.9556815204723,5.539754984574365,317.4045801526716,-0.6768171248431621,0.736151193382878,False,0,69,NGRIP/data/processed/ngrip_warming_cooling_starts.csv,7.0,1.4,5.0,5.0,True
all_transitions,All NGRIP transitions (GI + GS),57.2,57.4,57.3,0.19999999999999574,4.4479999999999995,0.11162699172463625,216.26036307014735,-0.06413529233036191,-0.013916,37.00364476709199,5.58771823119406,320.15267175572524,-0.64074410910457,0.7677545093633712,False,0,69,NGRIP/data/processed/ngrip_warming_cooling_starts.csv,7.0,1.4,5.0,5.0,True
all_transitions,All NGRIP transitions (GI + GS),57.4,57.6,57.5,0.20000000000000284,4.46,0.11851958218988637,217.78596552783017,-0.048362416061237125,-0.014503,37.05160801371168,5.635681477813748,322.9007633587784,-0.6031973613821164,0.7975919653692936,False,0,69,NGRIP/data/processed/ngrip_warming_cooling_starts.csv,7.0,1.4,5.0,5.0,True
all_transitions,All NGRIP transitions (GI + GS),57.6,57.8,57.7,0.19999999999999574,4.472,0.1254121726551365,221.23775525000713,-0.012675103209350657,-0.015059,37.09957126033137,5.683644724433442,325.64885496183206,-0.5642632403987539,0.825594934295686,False,0,69,NGRIP/data/processed/ngrip_warming_cooling_starts.csv,7.0,1.4,5.0,5.0,True
all_transitions,All NGRIP transitions (GI + GS),57.8,58.0,57.9,0.20000000000000284,4.484,0.1323047631203861,223.81403830507534,0.013960534179142618,-0.015578,37.14753450695106,5.73160797105313,328.39694656488524,-0.5240312958804166,0.851699008416642,False,1,69,NGRIP/data/processed/ngrip_warming_cooling_starts.csv,6.0,1.2,5.0,5.0,True
all_transitions,All NGRIP transitions (GI + GS),58.0,58.2,58.1,0.20000000000000284,4.484,0.1323047631203861,224.15431492253745,0.017478581071029575,-0.016056,37.195497753570756,5.7795712176728244,331.1450381679389,-0.48259406258873533,0.8758441475251746,False,1,69,NGRIP/data/processed/ngrip_warming_cooling_starts.csv,5.0,1.0,5.0,5.0,True
all_transitions,All NGRIP transitions (GI + GS),58.2,58.4,58.3,0.19999999999999574,4.472,0.1254121726551365,223.89115103529,0.014757786141031473,-0.016492,37.24346100019044,5.827534464292512,333.89312977099206,-0.44004684748816747,0.8979748170275854,False,1,69,NGRIP/data/processed/ngrip_warming_cooling_starts.csv,4.0,0.8,5.0,5.0,True
all_transitions,All NGRIP transitions (GI + GS),58.4,58.6,58.5,0.20000000000000284,4.46,0.11851958218988637,223.95705205016205,0.015439122585104485,-0.016886,37.29142424681014,5.875497710912207,336.6412213740457,-0.39648751053687586,0.9180401156748385,False,1,69,NGRIP/data/processed/ngrip_warming_cooling_starts.csv,3.0,0.6,5.0,5.0,True
all_transitions,All NGRIP transitions (GI + GS),58.6,58.8,58.7,0.19999999999999574,4.4479999999999995,0.11162699172463625,226.38207209425286,0.04051088417867697,-0.017238,37.33938749342983,5.923460957531901,339.3893129770993,-0.35201623960573286,0.9359938926370402,False,0,69,NGRIP/data/processed/ngrip_warming_cooling_starts.csv,4.0,0.8,5.0,5.0,True
all_transitions,All NGRIP transitions (GI + GS),58.8,59.0,58.9,0.20000000000000284,4.436,0.10473440125938664,228.8070921383436,0.06558264577224858,-0.017546,37.38735074004952,5.971424204151589,342.1374045801525,-0.3067353200429883,0.9517948536518389,False,0,69,NGRIP/data/processed/ngrip_warming_cooling_starts.csv,4.0,0.8,5.0,5.0,True
all_transitions,All NGRIP transitions (GI + GS),59.0,59.2,59.1,0.20000000000000284,4.447,0.11105260918586575,231.23211218243438,0.09065440736582077,-0.01781,37.435313986669215,6.0193874507712835,344.88549618320616,-0.26074889941467005,0.9654066560025564,False,1,69,NGRIP/data/processed/ngrip_warming_cooling_starts.csv,4.0,0.8,5.0,4.999999999999993,True
all_transitions,All NGRIP transitions (GI + GS),59.2,59.4,59.3,0.19999999999999574,4.480999999999999,0.13058161550407307,227.79597923252524,0.05512896652096373,-0.018029,37.4832772332889,6.067350697390971,347.63358778625934,-0.2141627479618919,0.9767979921075858,False,2,69,NGRIP/data/processed/ngrip_warming_cooling_starts.csv,2.0,0.4,5.0,5.0,True
all_transitions,All NGRIP transitions (GI + GS),59.4,59.6,59.5,0.20000000000000284,4.515,0.15011062182228138,225.37147874213483,0.03006257648155354,-0.018202,37.5312404799086,6.115313944010666,350.381679389313,-0.16708401532585515,0.9859426615288485,False,0,69,NGRIP/data/processed/ngrip_warming_cooling_starts.csv,2.0,0.4,5.0,5.0,True
all_transitions,All NGRIP transitions (GI + GS),59.6,59.8,59.7,0.19999999999999574,4.549,0.16963962814048972,223.72958217101325,0.01308736034147502,-0.01833,37.57920372652829,6.16327719063036,353.12977099236656,-0.11962098410028818,0.9928196312336287,False,0,69,NGRIP/data/processed/ngrip_warming_cooling_starts.csv,2.0,0.4,5.0,5.0,True
all_transitions,All NGRIP transitions (GI + GS),59.8,60.0,59.9,0.20000000000000284,4.582999999999999,0.18916863445869703,220.4489963821734,-0.020829911800451514,-0.018413,37.62716697314798,6.211240437250048,355.8778625954198,-0.07188282077799062,0.9974130839712297,False,0,69,NGRIP/data/processed/ngrip_warming_cooling_starts.csv,2.0,0.4,5.0,5.000000000000007,True
all_transitions,All NGRIP transitions (GI + GS),60.0,60.2,60.1,0.20000000000000284,4.590999999999999,0.1937636947688636,216.83906663791717,-0.058152200388573654,-0.018452,37.675130219767674,6.2592036838697425,358.6259541984734,-0.023979324664380023,0.9997124546531568,False,0,69,NGRIP/data/processed/ngrip_warming_cooling_starts.csv,2.0,0.4,5.0,4.999999999999993,True
all_transitions,All NGRIP transitions (GI + GS),60.2,60.4,60.3,0.19999999999999574,4.5729999999999995,0.18342480907098893,213.9229725942332,-0.08830107063228024,-0.018445,37.72643004006525,0.027318196987735632,1.5652173913042504,0.027314799259484174,0.9996268812619107,False,0,69,NGRIP/data/processed/ngrip_warming_cooling_starts.csv,2.0,0.4,5.0,5.0,True
all_transitions,All NGRIP transitions (GI + GS),60.4,60.6,60.5,0.20000000000000284,4.555,0.17308592337311426,216.74549302157178,-0.05911963791808065,-0.01839,37.78106643404073,0.081954590963214,4.6956521739131585,0.0818628796818151,0.9966436017605294,False,0,69,NGRIP/data/processed/ngrip_warming_cooling_starts.csv,2.0,0.4,5.0,5.0,True
all_transitions,All NGRIP transitions (GI + GS),60.6,60.8,60.7,0.19999999999999574,4.537,0.1627470376752396,215.13657069920754,-0.07575394037969876,-0.018282,37.8357028280162,0.13659098493868527,7.826086956521659,0.1361666490962452,0.990685946036331,False,0,69,NGRIP/data/processed/ngrip_warming_cooling_starts.csv,2.0,0.4,5.0,5.0,True
all_transitions,All NGRIP transitions (GI + GS),60.8,61.0,60.9,0.20000000000000284,4.519,0.15240815197736493,211.80635652925258,-0.11018430969895573,-0.018119,37.89033922199168,0.19122737891416364,10.956521739130567,0.19006404371160954,0.9817716940755582,False,0,69,NGRIP/data/processed/ngrip_warming_cooling_starts.csv,2.0,0.4,5.0,5.000000000000007,True
all_transitions,All NGRIP transitions (GI + GS),61.0,61.2,61.1,0.20000000000000284,4.519,0.15240815197736493,208.5419847844154,-0.14393394832103015,-0.017897,37.94497561596715,0.2458637728896349,14.086956521739069,0.2433942125188347,0.9699274495096715,False,0,69,NGRIP/data/processed/ngrip_warming_cooling_starts.csv,2.0,0.4,5.0,4.999999999999993,True
all_transitions,All NGRIP transitions (GI + GS),61.2,61.4,61.3,0.19999999999999574,4.537,0.1627470376752396,210.63621590366668,-0.12228214240229021,-0.017616,37.999612009942624,0.30050016686510617,17.21739130434757,0.2959979973336191,0.9551885602196494,False,0,69,NGRIP/data/processed/ngrip_warming_cooling_starts.csv,2.0,0.4,5.0,5.0,True
all_transitions,All NGRIP transitions (GI + GS),61.4,61.6,61.5,0.20000000000000284,4.555,0.17308592337311426,210.8465076393965,-0.12010798129538972,-0.017279,38.0542484039181,0.35513656084058454,20.347826086956477,0.34771840778698804,0.9375990128440206,False,0,69,NGRIP/data/processed/ngrip_warming_cooling_starts.csv,2.0,0.4,5.0,5.0,True
all_transitions,All NGRIP transitions (GI + GS),61.6,61.8,61.7,0.19999999999999574,4.5729999999999995,0.18342480907098893,208.99819160293904,-0.13921732397012704,-0.016887,38.10888479789358,0.4097729548160629,23.478260869565386,0.3984010898462441,0.9172113015054518,False,0,69,NGRIP/data/processed/ngrip_warming_cooling_starts.csv,2.0,0.4,5.0,5.0,True
all_transitions,All NGRIP transitions (GI + GS),61.8,62.0,61.9,0.20000000000000284,4.590999999999999,0.1937636947688636,206.3863309487905,-0.16622079051714111,-0.016441,38.16352119186905,0.46440934879153417,26.608695652173886,0.4478947864680815,0.8940862711476514,False,0,69,NGRIP/data/processed/ngrip_warming_cooling_starts.csv,2.0,0.4,5.0,5.000000000000007,True
all_transitions,All NGRIP transitions (GI + GS),62.0,62.2,62.1,0.20000000000000284,4.593,0.19491245984640562,205.20801588392084,-0.17840313699321025,-0.015945,38.21815758584453,0.5190457427670125,29.739130434782794,0.4960517890090709,0.8682929359501321,False,0,69,NGRIP/data/processed/ngrip_warming_cooling_starts.csv,2.0,0.4,5.0,4.999999999999993,True
all_transitions,All NGRIP transitions (GI + GS),62.2,62.4,62.3,0.19999999999999574,4.579,0.186871104303614,204.03490405417466,-0.19053168833845194,-0.015399,38.27279397982,0.5736821367424838,32.8695652173913,0.5427283780462615,0.8399082733627966,False,0,69,NGRIP/data/processed/ngrip_warming_cooling_starts.csv,2.0,0.4,5.0,5.0,True
all_transitions,All NGRIP transitions (GI + GS),62.4,62.6,62.5,0.20000000000000284,4.5649999999999995,0.17882974876082236,202.86179222442843,-0.20266023968369423,-0.014804,38.32743037379547,0.6283185307179551,35.999999999999794,0.5877852522924703,0.8090169943749496,False,0,69,NGRIP/data/processed/ngrip_warming_cooling_starts.csv,2.0,0.4,5.0,5.0,True
all_transitions,All NGRIP transitions (GI + GS),62.6,62.8,62.7,0.19999999999999574,4.551,0.17078839321803124,202.65777247905052,-0.20476955602891808,-0.014163,38.38206676777095,0.6829549246934334,39.1304347826087,0.6310879443260529,0.7757112907044197,False,0,69,NGRIP/data/processed/ngrip_warming_cooling_starts.csv,2.0,0.4,5.0,5.0,True
all_transitions,All NGRIP transitions (GI + GS),62.8,63.0,62.9,0.20000000000000284,4.537,0.1627470376752396,200.98499529029297,-0.22206404024478757,-0.013477,38.43670316174642,0.7375913186689047,42.260869565217206,0.6725072218945248,0.740090559661254,False,0,69,NGRIP/data/processed/ngrip_warming_cooling_starts.csv,2.0,0.4,5.0,5.000000000000007,True
all_transitions,All NGRIP transitions (GI + GS),63.0,63.2,63.1,0.20000000000000284,4.513,0.14896185674473988,199.5063426348572,-0.2373515125884184,-0.012746,38.4913395557219,0.7922277126443831,45.391304347826114,0.711919473594434,0.7022611075070468,False,0,69,NGRIP/data/processed/ngrip_warming_cooling_starts.csv,2.0,0.4,5.0,4.999999999999993,True
all_transitions,All NGRIP transitions (GI + GS),63.2,63.4,63.3,0.19999999999999574,4.479000000000001,0.12943285042653258,198.58359558109586,-0.24689159626708718,-0.01197,38.54597594969737,0.8468641066198543,48.52173913043461,0.749207077776329,0.6623358321953099,False,0,69,NGRIP/data/processed/ngrip_warming_cooling_starts.csv,2.0,0.4,5.0,5.0,True
all_transitions,All NGRIP transitions (GI + GS),63.4,63.6,63.5,0.20000000000000284,4.445,0.10990384410832424,197.66084852733454,-0.25643167994575594,-0.01115,38.60061234367285,0.9015005005953327,51.65217391304352,0.7842587535740317,0.6204338864395674,False,0,69,NGRIP/data/processed/ngrip_warming_cooling_starts.csv,2.0,0.4,5.0,5.0,True
all_transitions,All NGRIP transitions (GI + GS),63.6,63.8,63.7,0.19999999999999574,4.411,0.0903748377901159,197.33533780989862,-0.2597970653674529,-0.010286,38.65524873764833,0.9561368945708111,54.78260869565243,0.8169698930104445,0.5766803221148635,False,1,69,NGRIP/data/processed/ngrip_warming_cooling_starts.csv,1.0,0.2,5.0,5.0,True
all_transitions,All NGRIP transitions (GI + GS),63.8,64.0,63.9,0.20000000000000284,4.377000000000001,0.0708458314719086,197.27812240724168,-0.2603886031316006,-0.009383,38.7098851316238,1.0107732885462823,57.91304347826093,0.8472428731888841,0.5312057170538025,False,0,69,NGRIP/data/processed/ngrip_warming_cooling_starts.csv,1.0,0.2,5.0,5.000000000000007,True
all_transitions,All NGRIP transitions (GI + GS),64.0,64.2,64.1,0.20000000000000284,4.372,0.06797391877805403,199.5701229192682,-0.23669210192126977,-0.008441,38.76452152559927,1.0654096825217536,61.043478260869435,0.8749873476381814,0.48414578535096253,False,1,69,NGRIP/data/processed/ngrip_warming_cooling_starts.csv,0.0,0.0,5.0,5.0,True
all_transitions,All NGRIP transitions (GI + GS),64.2,64.4,64.30000000000001,0.20000000000000284,4.396000000000002,0.08175909970855479,201.087366731965,-0.221005643888087,-0.007464999999999929,38.81915791957475,1.120046076497232,64.17391304347834,0.9001205159420516,0.43564097233870797,False,0,69,NGRIP/data/processed/ngrip_warming_cooling_starts.csv,1.0,0.2,5.0,5.0,True
all_transitions,All NGRIP transitions (GI + GS),64.4,64.6,64.5,0.19999999999998863,4.42,0.09554428063905349,202.54728433105532,-0.20591186926966887,-0.006457,38.87379431355022,1.1746824704727032,67.30434782608684,0.922567370848071,0.38583603544313727,False,0,69,NGRIP/data/processed/ngrip_warming_cooling_starts.csv,2.0,0.4,5.0,5.0,True
all_transitions,All NGRIP transitions (GI + GS),64.6,64.8,64.69999999999999,0.20000000000000284,4.443999999999999,0.10932946156955271,203.283873824101,-0.19829642864394187,-0.005418000000000075,38.92843070752569,1.2293188644481745,70.43478260869534,0.9422609221188186,0.33487961217099127,False,0,69,NGRIP/data/processed/ngrip_warming_cooling_starts.csv,2.0,0.4,5.0,5.0,True
all_transitions,All NGRIP transitions (GI + GS),64.8,65.0,64.9,0.20000000000000284,4.468000000000001,0.12311464250005345,201.2161397695316,-0.21967428709975162,-0.00435,38.98306710150118,1.28395525842366,73.56521739130466,0.9591423964570648,0.28292377651692485,False,0,69,NGRIP/data/processed/ngrip_warming_cooling_starts.csv,2.0,0.4,5.0,5.0,True
all_transitions,All NGRIP transitions (GI + GS),65.0,65.2,65.1,0.20000000000000284,4.489,0.13517667581424014,200.21618415210267,-0.2300126135418042,-0.003253,39.03770349547665,1.3385916523991312,76.69565217391316,0.9731614129083759,0.2301235851149845,False,0,69,NGRIP/data/processed/ngrip_warming_cooling_starts.csv,2.0,0.4,5.0,5.0,True
all_transitions,All NGRIP transitions (GI + GS),65.2,65.4,65.30000000000001,0.20000000000000284,4.5070000000000014,0.14551556151211584,204.14032657995745,-0.18944174747818612,-0.0021289999999999187,39.09233988945213,1.3932280463746096,79.82608695652206,0.9842761332177125,0.1766366144885818,False,0,69,NGRIP/data/processed/ngrip_warming_cooling_starts.csv,3.0,0.6,5.0,5.0,True
all_transitions,All NGRIP transitions (GI + GS),65.4,65.6,65.5,0.19999999999998863,4.525,0.15585444720999,208.06446900781165,-0.1488708814145739,-0.000984,39.1469762834276,1.4478644403500809,82.95652173913057,0.9924533866912019,0.12262249078029626,False,0,69,NGRIP/data/processed/ngrip_warming_cooling_starts.csv,3.0,0.6,5.0,5.0,True
all_transitions,All NGRIP transitions (GI + GS),65.6,65.8,65.69999999999999,0.20000000000000284,4.542999999999999,0.16619333290786414,201.36932043414805,-0.21809058509556936,0.00017499999999991746,39.20161267740307,1.5025008343255521,86.08695652173907,0.9976687691905392,0.06824241336467211,False,0,69,NGRIP/data/processed/ngrip_warming_cooling_starts.csv,3.0,0.6,5.0,5.0,True
all_transitions,All NGRIP transitions (GI + GS),65.8,66.0,65.9,0.20000000000000284,4.561000000000001,0.17653221860573984,200.0699556026975,-0.2315244391194089,0.00134,39.25624907137855,1.5571372283010305,89.21739130434797,0.9999067159645221,0.013658673765948537,False,0,69,NGRIP/data/processed/ngrip_warming_cooling_starts.csv,3.0,0.6,5.0,5.0,True
all_transitions,All NGRIP transitions (GI + GS),66.0,66.2,66.1,0.20000000000000284,4.557000000000001,0.17423468845065682,201.8213593466747,-0.21341705182993595,0.002505,39.31088546535402,1.6117736222765018,92.34782608695647,0.9991605481003866,-0.04096582868361342,False,0,69,NGRIP/data/processed/ngrip_warming_cooling_starts.csv,3.0,0.6,5.0,5.0,True
all_transitions,All NGRIP transitions (GI + GS),66.2,66.4,66.30000000000001,0.20000000000000284,4.530999999999999,0.15930074244261402,203.33305802282476,-0.1977879237729912,0.0036660000000000824,39.3655218593295,1.6664100162519802,95.47826086956539,0.9954324924563085,-0.09546807299941296,False,0,69,NGRIP/data/processed/ngrip_warming_cooling_starts.csv,3.0,0.6,5.0,5.0,True
all_transitions,All NGRIP transitions (GI + GS),66.4,66.6,66.5,0.19999999999998863,4.505000000000001,0.1443667964345738,204.7148022306522,-0.1835023670633198,0.004822,39.42015825330497,1.7210464102274514,98.60869565217389,0.9887336750155848,-0.14968540306314373,False,0,69,NGRIP/data/processed/ngrip_warming_cooling_starts.csv,3.0,0.6,5.0,5.0,True
all_transitions,All NGRIP transitions (GI + GS),66.6,66.8,66.69999999999999,0.20000000000000284,4.479000000000002,0.12943285042653307,205.7982760484627,-0.17230056387855183,0.005973999999999919,39.47479464728044,1.7756828042029227,101.73913043478238,0.9790840876823237,-0.20345601305262995,False,0,69,NGRIP/data/processed/ngrip_warming_cooling_starts.csv,3.0,0.6,5.0,5.0,True
all_transitions,All NGRIP transitions (GI + GS),66.8,67.0,66.9,0.20000000000000284,4.452999999999999,0.1144989044184903,206.88174986627337,-0.1610987606937821,0.007124,39.52943104125592,1.830319198178401,104.8695652173913,0.9665125286177448,-0.2566194303339734,False,0,69,NGRIP/data/processed/ngrip_warming_cooling_starts.csv,3.0,0.6,5.0,5.0,True
all_transitions,All NGRIP transitions (GI + GS),67.0,67.2,67.1,0.20000000000000284,4.438000000000001,0.10588316633692867,204.80828082073714,-0.18253591198991787,0.00827,39.58406743523139,1.8849555921538723,107.9999999999998,0.9510565162951546,-0.30901699437494395,False,0,69,NGRIP/data/processed/ngrip_warming_cooling_starts.csv,3.0,0.6,5.0,5.0,True
all_transitions,All NGRIP transitions (GI + GS),67.2,67.4,67.30000000000001,0.20000000000000284,4.434,0.10358563618184513,201.39113753767947,-0.21786502274620448,0.00941000000000008,39.638703829206875,1.9395919861293578,111.13043478260911,0.9327621775300611,-0.3604923302504214,False,0,69,NGRIP/data/processed/ngrip_warming_cooling_starts.csv,4.0,0.8,5.0,5.0,True
all_transitions,All NGRIP transitions (GI + GS),67.4,67.6,67.5,0.19999999999998863,4.43,0.10128810602676158,202.31081655166577,-0.20835665887207366,0.010538,39.69334022318235,1.994228380104829,114.26086956521762,0.9116841098196519,-0.4108918153265516,False,0,69,NGRIP/data/processed/ngrip_warming_cooling_starts.csv,4.0,0.8,5.0,5.0,True
all_transitions,All NGRIP transitions (GI + GS),67.6,67.8,67.69999999999999,0.20000000000000284,4.426,0.09899057587167855,203.57169907274042,-0.1953206651932097,0.011646999999999921,39.74797661715782,2.0488647740803003,117.39130434782611,0.8878852184023751,-0.4600650377311525,False,0,69,NGRIP/data/processed/ngrip_warming_cooling_starts.csv,4.0,0.8,5.0,5.0,True
all_transitions,All NGRIP transitions (GI + GS),67.8,68.0,67.9,0.20000000000000284,4.422,0.09669304571659501,202.29143054635315,-0.20855708661890152,0.01273,39.802613011133296,2.1035011680557787,120.52173913043502,0.8614365285239979,-0.5078652452418095,False,0,69,NGRIP/data/processed/ngrip_warming_cooling_starts.csv,4.0,0.8,5.0,5.0,True
all_transitions,All NGRIP transitions (GI + GS),68.0,68.2,68.1,0.20000000000000284,4.425,0.09841619333290753,200.56836676885513,-0.22637147307942562,0.013783,39.85724940510877,2.15813756203125,123.65217391304353,0.8324169734703678,-0.5541497832521753,False,0,69,NGRIP/data/processed/ngrip_warming_cooling_starts.csv,4.0,0.8,5.0,5.0,True
all_transitions,All NGRIP transitions (GI + GS),68.2,68.4,68.30000000000001,0.20000000000000284,4.4350000000000005,0.10416001872061614,201.22712125267694,-0.21956075190319324,0.01480000000000007,39.911885799084246,2.2127739560067283,126.78260869565243,0.800913158999439,-0.5987805205094261,False,0,69,NGRIP/data/processed/ngrip_warming_cooling_starts.csv,4.0,0.8,5.0,5.0,True
all_transitions,All NGRIP transitions (GI + GS),68.4,68.6,68.5,0.19999999999998863,4.445,0.10990384410832424,202.60111882796423,-0.20535528596418282,0.015778,39.96652219305972,2.2674103499821996,129.91304347826093,0.7670191048756821,-0.6416242613521619,False,0,69,NGRIP/data/processed/ngrip_warming_cooling_starts.csv,4.0,0.8,5.0,5.0,True
all_transitions,All NGRIP transitions (GI + GS),68.6,68.8,68.69999999999999,0.20000000000000284,4.454999999999999,0.11564766949603182,203.77128364016747,-0.19325720320060444,0.016712999999999933,40.02115858703519,2.322046743957671,133.04347826086942,0.7308359642781257,-0.6825531432186523,False,0,69,NGRIP/data/processed/ngrip_warming_cooling_starts.csv,4.0,0.8,5.0,5.0,True
all_transitions,All NGRIP transitions (GI + GS),68.8,69.0,68.9,0.20000000000000284,4.465,0.12139149488374042,204.63574092020215,-0.18431976497790986,0.017603,40.07579498101067,2.3766831379331492,136.17391304347834,0.6924717219195247,-0.7214450182389566,False,0,69,NGRIP/data/processed/ngrip_warming_cooling_starts.csv,4.0,0.8,5.0,5.0,True
all_transitions,All NGRIP transitions (GI + GS),69.0,69.2,69.1,0.20000000000000284,4.455000000000001,0.11564766949603283,205.6316020808552,-0.17402377024539925,0.018446,40.13043137498614,2.4313195319086205,139.30434782608685,0.652040871777552,-0.7581838177721615,False,0,69,NGRIP/data/processed/ngrip_warming_cooling_starts.csv,5.0,1.0,5.0,5.0,True
all_transitions,All NGRIP transitions (GI + GS),69.2,69.4,69.30000000000001,0.20000000000000284,4.424999999999998,0.09841619333290652,207.91883369560648,-0.15037657364013343,0.01923900000000005,40.18506776896162,2.485955925884106,142.43478260869617,0.6096640753997277,-0.7926598988008635,False,1,69,NGRIP/data/processed/ngrip_warming_cooling_starts.csv,4.0,0.8,5.0,5.0,True
all_transitions,All NGRIP transitions (GI + GS),69.4,69.6,69.5,0.19999999999998863,4.395,0.08118471716978275,210.20606531035747,-0.12672937703487056,0.019981,40.239704162937095,2.5405923198595772,145.56521739130466,0.5654678018020015,-0.8247703711489716,False,1,69,NGRIP/data/processed/ngrip_warming_cooling_starts.csv,3.0,0.6,5.0,5.0,True
all_transitions,All NGRIP transitions (GI + GS),69.6,69.8,69.69999999999999,0.20000000000000284,4.365000000000002,0.0639532410066595,212.26569138521432,-0.10543534524055743,0.02066799999999995,40.294340556912566,2.5952287138350485,148.69565217391315,0.519583950035432,-0.8544194045464896,False,0,69,NGRIP/data/processed/ngrip_warming_cooling_starts.csv,3.0,0.6,5.0,5.0,True
all_transitions,All NGRIP transitions (GI + GS),69.8,70.0,69.9,0.20000000000000284,4.334999999999999,0.04672176484353318,214.13136438252906,-0.086146552673988,0.0213,40.348976950888044,2.649865107810527,151.82608695652206,0.47214945554761356,-0.8815185146246742,False,0,69,NGRIP/data/processed/ngrip_warming_cooling_starts.csv,3.0,0.6,5.0,5.0,True
all_transitions,All NGRIP transitions (GI + GS),70.0,70.2,70.1,0.20000000000000284,4.3100000000000005,0.032362201374263454,216.1598575743881,-0.06517439707288147,0.021872,40.403613344863516,2.704501501785998,154.95652173913058,0.4233058815134958,-0.9059868269881645,False,0,69,NGRIP/data/processed/ngrip_warming_cooling_starts.csv,3.0,0.6,5.0,5.0,True
all_transitions,All NGRIP transitions (GI + GS),70.2,70.4,70.30000000000001,0.20000000000000284,4.289999999999999,0.020874550598846252,218.70628530689618,-0.03884742745451693,0.022383000000000035,40.458249738838994,2.7591378957614765,158.08695652173947,0.3731989963551859,-0.9277513185759867,False,1,69,NGRIP/data/processed/ngrip_warming_cooling_starts.csv,2.0,0.4,5.0,5.0,True
all_transitions,All NGRIP transitions (GI + GS),70.4,70.6,70.5,0.19999999999998863,4.27,0.009386899823430066,221.0292538756059,-0.014830754154858574,0.02283,40.512886132814465,2.8137742897369478,161.21739130434798,0.3219783387117359,-0.9467470355910446,False,0,69,NGRIP/data/processed/ngrip_warming_cooling_starts.csv,2.0,0.4,5.0,5.0,True
all_transitions,All NGRIP transitions (GI + GS),70.6,70.8,70.69999999999999,0.20000000000000284,4.250000000000001,-0.002100750951985608,222.96125390350156,0.0051437793407340966,0.023211999999999976,40.567522526789936,2.868410683712419,164.34782608695647,0.2697967711570251,-0.962917287347799,False,0,69,NGRIP/data/processed/ngrip_warming_cooling_starts.csv,2.0,0.4,5.0,5.0,True
all_transitions,All NGRIP transitions (GI + GS),70.8,71.0,70.9,0.20000000000000284,4.2299999999999995,-0.013588401727402813,224.89325393139748,0.025118312836329412,0.023527,40.622158920765415,2.9230470776878974,167.4782608695654,0.21681002399777793,-0.9762138154595452,False,0,69,NGRIP/data/processed/ngrip_warming_cooling_starts.csv,2.0,0.4,5.0,5.0,True
all_transitions,All NGRIP transitions (GI + GS),71.0,71.2,71.1,0.20000000000000284,4.218999999999999,-0.01990660965388192,229.98098264211646,0.07771924766107396,0.023775,40.676795314740886,2.9776834716633687,170.60869565217388,0.16317623051314276,-0.9865969378604019,False,0,69,NGRIP/data/processed/ngrip_warming_cooling_starts.csv,2.0,0.4,5.0,5.0,True
all_transitions,All NGRIP transitions (GI + GS),71.2,71.4,71.30000000000001,0.20000000000000284,4.217,-0.021055374731423434,235.14381096053887,0.13109662120627344,0.02395400000000001,40.731431708716364,3.032319865638847,173.7391304347828,0.1090554550227866,-0.9940356672322039,False,0,69,NGRIP/data/processed/ngrip_warming_cooling_starts.csv,3.0,0.6,5.0,5.0,True
all_transitions,All NGRIP transitions (GI + GS),71.4,71.6,71.5,0.19999999999998863,4.215,-0.022204139808964952,236.37314271981188,0.14380641833269492,0.02406,40.786068102691836,3.0869562596143183,176.86956521739128,0.054609215192110296,-0.998507803482828,False,0,69,NGRIP/data/processed/ngrip_warming_cooling_starts.csv,3.0,0.6,5.0,5.0,True
all_transitions,All NGRIP transitions (GI + GS),71.6,71.8,71.69999999999999,0.20000000000000284,4.213,-0.02335290488650647,237.59355634235934,0.1564240127581998,0.02409,40.84070449666731,3.1415926535897896,179.9999999999998,3.675178358715236e-15,-1.0,False,0,69,NGRIP/data/processed/ngrip_warming_cooling_starts.csv,3.0,0.6,5.0,5.0,True
all_transitions,All NGRIP transitions (GI + GS),71.8,72.0,71.9,0.20000000000000284,4.211,-0.024501669964047984,238.5419915838939,0.16622968109510292,0.024039,40.89630790646537,3.1971960633878496,183.185840707965,-0.05557476235348972,-0.9984545286538357,False,0,69,NGRIP/data/processed/ngrip_warming_cooling_starts.csv,3.0,0.6,5.0,5.0,True
all_transitions,All NGRIP transitions (GI + GS),72.0,72.2,72.1,0.20000000000000284,4.212,-0.023927287425277482,239.3358195869324,0.1744368983867624,0.023904,40.95191131626341,3.2527994731858954,186.3716814159294,-0.11097774630139455,-0.9938228915787074,False,0,69,NGRIP/data/processed/ngrip_warming_cooling_starts.csv,3.0,0.6,5.0,5.0,True
all_transitions,All NGRIP transitions (GI + GS),72.2,72.4,72.30000000000001,0.20000000000000284,4.216,-0.02162975727019394,235.98072331905865,0.13974927839921195,0.02368799999999998,41.007514726061466,3.3084028829839482,189.5575221238942,-0.1660377043953651,-0.9861194048993851,False,1,69,NGRIP/data/processed/ngrip_warming_cooling_starts.csv,2.0,0.4,5.0,5.0,True
all_transitions,All NGRIP transitions (GI + GS),72.4,72.6,72.5,0.19999999999998863,4.220000000000001,-0.019332227115110394,232.7789136804142,0.10664645596122559,0.023395,41.06311813585951,3.364006292781994,192.74336283185858,-0.22058444946027694,-0.9753678796517273,False,0,69,NGRIP/data/processed/ngrip_warming_cooling_starts.csv,2.0,0.4,5.0,5.0,True
all_transitions,All NGRIP transitions (GI + GS),72.6,72.8,72.69999999999999,0.20000000000000284,4.224,-0.01703469696002736,232.5362362801268,0.10413746642153901,0.023028000000000028,41.11872154565756,3.41960970258004,195.929203539823,-0.27444938063308844,-0.9616015481841292,False,0,69,NGRIP/data/processed/ngrip_warming_cooling_starts.csv,3.0,0.6,5.0,5.0,True
all_transitions,All NGRIP transitions (GI + GS),72.8,73.0,72.9,0.20000000000000284,4.228000000000001,-0.01473716680494382,232.19598370490422,0.10061966809720493,0.022592,41.17432495545561,3.4752131123780927,199.11504424778778,-0.327466004498425,-0.9448629614382381,False,0,69,NGRIP/data/processed/ngrip_warming_cooling_starts.csv,3.0,0.6,5.0,5.0,True
all_transitions,All NGRIP transitions (GI + GS),73.0,73.2,73.1,0.20000000000000284,4.210000000000002,-0.025076052502817976,231.37859657976378,0.09216887810018447,0.022091,41.229928365253656,3.5308165221761385,202.30088495575217,-0.3794704497101646,-0.9252038574264406,False,0,69,NGRIP/data/processed/ngrip_warming_cooling_starts.csv,3.0,0.6,5.0,5.0,True
all_transitions,All NGRIP transitions (GI + GS),73.2,73.4,73.30000000000001,0.20000000000000284,4.169999999999998,-0.0480513540536529,231.1708294597923,0.09002081845358414,0.021524999999999954,41.285531775051716,3.5864199319741985,205.48672566371738,-0.4303019735084312,-0.9026850013126115,False,0,69,NGRIP/data/processed/ngrip_warming_cooling_starts.csv,3.0,0.6,5.0,5.0,True
all_transitions,All NGRIP transitions (GI + GS),73.4,73.6,73.5,0.19999999999998863,4.130000000000001,-0.07102665560448425,231.86457843035643,0.09719334011506661,0.02089,41.34113518484976,3.6420233417722443,208.67256637168177,-0.4798034585661746,-0.8773759975905069,False,0,69,NGRIP/data/processed/ngrip_warming_cooling_starts.csv,3.0,0.6,5.0,5.0,True
all_transitions,All NGRIP transitions (GI + GS),73.6,73.8,73.69999999999999,0.20000000000000284,4.0900000000000025,-0.0940019571553161,232.5583274009206,0.10436586177654938,0.020185000000000054,41.39673859464781,3.69762675157029,211.85840707964616,-0.5278218986299095,-0.8493550749402263,False,0,69,NGRIP/data/processed/ngrip_warming_cooling_starts.csv,3.0,0.6,5.0,5.0,True
all_transitions,All NGRIP transitions (GI + GS),73.8,74.0,73.9,0.20000000000000284,4.049999999999999,-0.11697725870615103,232.2912664586517,0.10160477603136703,0.019408,41.45234200444586,3.753230161368343,215.04424778761097,-0.5742088714532296,-0.818708844427864,False,0,69,NGRIP/data/processed/ngrip_warming_cooling_starts.csv,3.0,0.6,5.0,5.0,True
all_transitions,All NGRIP transitions (GI + GS),74.0,74.2,74.1,0.20000000000000284,4.022000000000001,-0.13305996979173276,231.6957213093458,0.09544756259389861,0.018559,41.507945414243906,3.8088335711663888,218.23008849557536,-0.6188209975614558,-0.7855320317956771,False,1,69,NGRIP/data/processed/ngrip_warming_cooling_starts.csv,2.0,0.4,5.0,5.0,True
all_transitions,All NGRIP transitions (GI + GS),74.2,74.4,74.30000000000001,0.20000000000000284,4.005999999999999,-0.14225009041206693,233.8912583923857,0.11814674912225653,0.01763999999999993,41.56354882404196,3.8644369809644417,221.41592920354014,-0.6615203834294159,-0.7499271846702176,False,0,69,NGRIP/data/processed/ngrip_warming_cooling_starts.csv,2.0,0.4,5.0,5.0,True
all_transitions,All NGRIP transitions (GI + GS),74.4,74.6,74.5,0.19999999999998863,3.99,-0.15144021103239957,240.40515077691444,0.1854924839787787,0.016655,41.619152233840005,3.9200403907624874,224.60176991150456,-0.7021750477023835,-0.7120043555935283,False,0,69,NGRIP/data/processed/ngrip_warming_cooling_starts.csv,2.0,0.4,5.0,5.0,True
all_transitions,All NGRIP transitions (GI + GS),74.6,74.8,74.69999999999999,0.20000000000000284,3.974000000000001,-0.16063033165273222,241.89292761368105,0.20087428927426312,0.015608000000000075,41.67475564363805,3.9756438005605332,227.78761061946895,-0.7406593291429208,-0.6718807618570118,False,0,69,NGRIP/data/processed/ngrip_warming_cooling_starts.csv,2.0,0.4,5.0,5.0,True
all_transitions,All NGRIP transitions (GI + GS),74.8,75.0,74.9,0.20000000000000284,3.9579999999999997,-0.16982045227306614,242.64143839428445,0.20861298153259583,0.014504,41.7303590534361,4.031247210358586,230.97345132743374,-0.7768542750425439,-0.6296804231895125,False,0,69,NGRIP/data/processed/ngrip_warming_cooling_starts.csv,2.0,0.4,5.0,5.0,True
all_transitions,All NGRIP transitions (GI + GS),75.0,75.2,75.1,0.20000000000000284,3.9609999999999994,-0.16809730465675388,243.69001490934696,0.21945398899656618,0.013347,41.785962463234156,4.086850620156639,234.15929203539855,-0.8106480088977204,-0.5855337784194533,False,0,69,NGRIP/data/processed/ngrip_warming_cooling_starts.csv,2.0,0.4,5.0,5.0,True
all_transitions,All NGRIP transitions (GI + GS),75.2,75.4,75.30000000000001,0.20000000000000284,3.9830000000000014,-0.15546088880379463,246.31109841228658,0.2465528085971217,0.01214299999999991,41.84156587303221,4.142454029954692,237.34513274336334,-0.841936076213744,-0.5395772822958772,False,0,69,NGRIP/data/processed/ngrip_warming_cooling_starts.csv,2.0,0.4,5.0,5.0,True
all_transitions,All NGRIP transitions (GI + GS),75.4,75.6,75.5,0.19999999999998863,4.005,-0.14282447295083744,248.93218191522587,0.2736516281976737,0.010895,41.897169282830255,4.198057439752738,240.53097345132772,-0.8706217673675836,-0.4919529837146484,False,0,69,NGRIP/data/processed/ngrip_warming_cooling_starts.csv,2.0,0.4,5.0,5.0,True
all_transitions,All NGRIP transitions (GI + GS),75.6,75.8,75.69999999999999,0.20000000000000284,4.026999999999998,-0.13018805709788026,249.7344943842541,0.28194656456161954,0.009604000000000092,41.9527726926283,4.2536608495507835,243.71681415929214,-0.8966164165317971,-0.4428080866534381,False,0,69,NGRIP/data/processed/ngrip_warming_cooling_starts.csv,2.0,0.4,5.0,5.0,True
all_transitions,All NGRIP transitions (GI + GS),75.8,76.0,75.9,0.20000000000000284,4.049,-0.11755164124492101,248.6215640940589,0.27044021723305506,0.008273,42.008376102426354,4.309264259348836,246.90265486725693,-0.9198396757355137,-0.39229449517267634,False,0,69,NGRIP/data/processed/ngrip_warming_cooling_starts.csv,2.0,0.4,5.0,5.0,True
all_transitions,All NGRIP transitions (GI + GS),76.0,76.2,76.1,0.20000000000000284,4.061999999999999,-0.11008466824090091,243.28003775280374,0.2152153231955517,0.006905,42.0639795122244,4.364867669146882,250.08849557522132,-0.9402197632153995,-0.3405683438888267,False,0,69,NGRIP/data/processed/ngrip_warming_cooling_starts.csv,2.0,0.4,5.0,5.0,True
all_transitions,All NGRIP transitions (GI + GS),76.2,76.4,76.30000000000001,0.20000000000000284,4.066,-0.10778713808581736,239.1861087687065,0.1728890703794499,0.005500999999999898,42.11958292202245,4.420471078944935,253.27433628318613,-0.9576936852889948,-0.2877895153711889,False,1,69,NGRIP/data/processed/ngrip_warming_cooling_starts.csv,1.0,0.2,5.0,5.0,True
all_transitions,All NGRIP transitions (GI + GS),76.4,76.6,76.5,0.19999999999998863,4.07,-0.10548960793073382,238.5948158865066,0.16677582021864545,0.004067,42.1751863318205,4.476074488742981,256.4601769911505,-0.9722074310645554,-0.2341211459540928,False,0,69,NGRIP/data/processed/ngrip_warming_cooling_starts.csv,1.0,0.2,5.0,5.0,True
all_transitions,All NGRIP transitions (GI + GS),76.6,76.8,76.69999999999999,0.20000000000000284,4.074,-0.10319207777565079,237.9557426065839,0.16016857878404864,0.002608000000000104,42.23078974161855,4.531677898541034,259.6460176991153,-0.983716139385642,-0.17972912149178355,False,0,69,NGRIP/data/processed/ngrip_warming_cooling_starts.csv,1.0,0.2,5.0,5.0,True
all_transitions,All NGRIP transitions (GI + GS),76.8,77.0,76.9,0.20000000000000284,4.078,-0.10089454762056725,234.43672927569602,0.12378625547434485,0.00113,42.286393151416604,4.587281308339087,262.8318584070801,-0.9921842374943689,-0.1247815646148007,False,0,69,NGRIP/data/processed/ngrip_warming_cooling_starts.csv,1.0,0.2,5.0,5.0,True
all_transitions,All NGRIP transitions (GI + GS),77.0,77.2,77.1,0.20000000000000284,4.077,-0.10146893015933826,231.15714374960305,0.08987932483420587,-0.00036,42.34199656121465,4.642884718137132,266.01769911504454,-0.997585550984769,-0.06944831507254151,False,0,69,NGRIP/data/processed/ngrip_warming_cooling_starts.csv,1.0,0.2,5.0,5.0,True
all_transitions,All NGRIP transitions (GI + GS),77.2,77.4,77.30000000000001,0.20000000000000284,4.071,-0.10491522539196332,228.7384546632239,0.06487301765318257,-0.0018570000000001066,42.3975999710127,4.698488127935185,269.2035398230093,-0.9999033847063812,-0.013900404768307301,False,0,69,NGRIP/data/processed/ngrip_warming_cooling_starts.csv,1.0,0.2,5.0,5.0,True
all_transitions,All NGRIP transitions (GI + GS),77.4,77.6,77.5,0.19999999999998863,4.0649999999999995,-0.10836152062458838,226.3197655768451,0.03986671047216278,-0.003359,42.45320338081075,4.754091537733231,272.3893805309737,-0.9991305743680011,0.04169047089045882,False,0,69,NGRIP/data/processed/ngrip_warming_cooling_starts.csv,1.0,0.2,5.0,5.0,True
all_transitions,All NGRIP transitions (GI + GS),77.6,77.8,77.69999999999999,0.20000000000000284,4.059,-0.11180781585721293,225.23075359495496,0.028607649397997512,-0.0048629999999998934,42.508806790608794,4.809694947531277,275.57522123893807,-0.9952695086820973,0.09715248369288638,False,1,69,NGRIP/data/processed/ngrip_warming_cooling_starts.csv,0.0,0.0,5.0,5.0,True
all_transitions,All NGRIP transitions (GI + GS),77.8,78.0,77.9,0.20000000000000284,4.053,-0.11525411108983799,225.97476202772557,0.036299792848723464,-0.006367,42.56441020040685,4.86529835732933,278.7610619469029,-0.9883321219814352,0.15231420373580898,False,0,69,NGRIP/data/processed/ngrip_warming_cooling_starts.csv,0.0,0.0,5.0,5.0,True
all_transitions,All NGRIP transitions (GI + GS),78.0,78.2,78.1,0.20000000000000284,4.05,-0.11697725870615051,226.53433635488625,0.04208511167882662,-0.007869,42.62001361020489,4.920901767127376,281.9469026548673,-0.9783398573307427,0.20700512930374962,False,0,69,NGRIP/data/processed/ngrip_warming_cooling_starts.csv,0.0,0.0,5.0,5.0,True
all_transitions,All NGRIP transitions (GI + GS),78.2,78.4,78.30000000000001,0.20000000000000284,4.05,-0.11697725870615051,225.36184761292927,0.029963002304462895,-0.009365000000000106,42.67561702000295,4.976505176925436,285.1327433628325,-0.9653236002474173,0.2610562138800082,False,0,69,NGRIP/data/processed/ngrip_warming_cooling_starts.csv,0.0,0.0,5.0,5.0,True
all_transitions,All NGRIP transitions (GI + GS),78.4,78.6,78.5,0.19999999999998863,4.05,-0.11697725870615051,224.18935887097246,0.017840892930100934,-0.010846,42.731220429801,5.032108586723481,288.3185840707969,-0.9493235832361787,0.31430038865967386,False,0,69,NGRIP/data/processed/ngrip_warming_cooling_starts.csv,0.0,0.0,5.0,5.0,True
all_transitions,All NGRIP transitions (GI + GS),78.6,78.8,78.69999999999999,0.20000000000000284,4.05,-0.11697725870615051,225.45609006741415,0.030937354807897152,-0.012304999999999898,42.786823839599045,5.087711996521527,291.5044247787613,-0.9303892614326822,0.36657307894981617,False,0,69,NGRIP/data/processed/ngrip_warming_cooling_starts.csv,0.0,0.0,5.0,5.0,True
all_transitions,All NGRIP transitions (GI + GS),78.8,79.0,78.9,0.20000000000000284,4.05,-0.11697725870615051,226.82379391946768,0.04507775129363132,-0.013734,42.8424272493971,5.14331540631958,294.6902654867261,-0.9085791597405374,0.41771271286038103,False,0,69,NGRIP/data/processed/ngrip_warming_cooling_starts.csv,0.0,0.0,5.0,5.0,True
all_transitions,All NGRIP transitions (GI + GS),79.0,79.2,79.1,0.20000000000000284,4.035000000000001,-0.12559299678771216,227.87821318573123,0.05597916570785353,-0.015127,42.89803065919514,5.198918816117626,297.87610619469046,-0.883960691934194,0.46756122071363115,False,0,69,NGRIP/data/processed/ngrip_warming_cooling_starts.csv,0.0,0.0,5.0,5.0,True
all_transitions,All NGRIP transitions (GI + GS),79.2,79.4,79.30000000000001,0.20000000000000284,4.004999999999998,-0.14282447295083847,228.76563970224169,0.06515407793506625,-0.016479000000000094,42.953634068993196,5.254522225915679,301.0619469026553,-0.8566099522868083,0.5159645236285069,False,0,69,NGRIP/data/processed/ngrip_warming_cooling_starts.csv,0.0,0.0,5.0,5.0,True
all_transitions,All NGRIP transitions (GI + GS),79.4,79.6,79.5,0.19999999999998863,3.9749999999999996,-0.16005594911396223,230.3076983892693,0.08109709162629893,-0.017789,43.00923747879124,5.3101256357137245,304.24778761061964,-0.82661148036723,0.5627730097695665,False,0,69,NGRIP/data/processed/ngrip_warming_cooling_starts.csv,0.0,0.0,5.0,5.0,True
all_transitions,All NGRIP transitions (GI + GS),79.6,79.8,79.69999999999999,0.20000000000000284,3.9450000000000016,-0.17728742527708574,232.65575426757695,0.10537313723374361,-0.01905499999999991,43.06484088858929,5.36572904551177,307.43362831858406,-0.7940579997330165,0.6078419967886397,False,0,69,NGRIP/data/processed/ngrip_warming_cooling_starts.csv,1.0,0.2,5.0,5.0,True
all_transitions,All NGRIP transitions (GI + GS),79.8,80.0,79.9,0.20000000000000284,3.914999999999999,-0.1945189014402118,234.53913086497826,0.12484496352071472,-0.020275,43.12044429838735,5.42133245530983,310.61946902654927,-0.7590501313272349,0.6510321790296602,False,0,69,NGRIP/data/processed/ngrip_warming_cooling_starts.csv,2.0,0.4,5.0,5.0,True
all_transitions,All NGRIP transitions (GI + GS),80.0,80.2,80.1,0.20000000000000284,3.8920000000000003,-0.20772969983194,232.7087919864577,0.10592148282226163,-0.021445,43.17604770818539,5.476935865107876,313.8053097345137,-0.7216960824649257,0.6922100581144276,False,0,69,NGRIP/data/processed/ngrip_warming_cooling_starts.csv,3.0,0.6,5.0,5.0,True
all_transitions,All NGRIP transitions (GI + GS),80.2,80.4,80.30000000000001,0.20000000000000284,3.875999999999999,-0.21691982045227393,230.87845310793685,0.0869980021238056,-0.022561000000000078,43.231651117983446,5.532539274905929,316.99115044247844,-0.682111312370435,0.7312483555785154,False,0,69,NGRIP/data/processed/ngrip_warming_cooling_starts.csv,3.0,0.6,5.0,5.0,True
all_transitions,All NGRIP transitions (GI + GS),80.4,80.6,80.5,0.19999999999998863,3.86,-0.22610994107260657,232.04048287100647,0.09901197836095464,-0.02362,43.28725452778149,5.588142684703975,320.17699115044286,-0.6404181752996239,0.7680264062816462,False,0,69,NGRIP/data/processed/ngrip_warming_cooling_starts.csv,3.0,0.6,5.0,5.0,True
all_transitions,All NGRIP transitions (GI + GS),80.6,80.8,80.69999999999999,0.20000000000000284,3.8440000000000007,-0.2353000616929392,233.7381005369877,0.11656328293768678,-0.02461699999999993,43.34285793757954,5.643746094502021,323.3628318584072,-0.5967455423498367,0.8024305313767661,False,0,69,NGRIP/data/processed/ngrip_warming_cooling_starts.csv,3.0,0.6,5.0,5.0,True
all_transitions,All NGRIP transitions (GI + GS),80.8,81.0,80.9,0.20000000000000284,3.8279999999999994,-0.24449018231327313,232.60301240165063,0.10482785040540292,-0.025549,43.39846134737759,5.6993495043000735,326.54867256637203,-0.5512284031267384,0.8343543896848306,False,0,69,NGRIP/data/processed/ngrip_warming_cooling_starts.csv,3.0,0.6,5.0,5.0,True
all_transitions,All NGRIP transitions (GI + GS),81.0,81.2,81.1,0.20000000000000284,3.818,-0.250234007700981,231.12164541563277,0.08951231518064007,-0.02641,43.45406475717564,5.754952914098119,329.73451327433645,-0.5040074484991978,0.863699306389283,False,0,69,NGRIP/data/processed/ngrip_warming_cooling_starts.csv,3.0,0.6,5.0,5.0,True
all_transitions,All NGRIP transitions (GI + GS),81.2,81.4,81.30000000000001,0.20000000000000284,3.8139999999999996,-0.2525315378560645,231.03133760325562,0.08857864209720549,-0.02719700000000005,43.50966816697369,5.810556323896172,332.9203539823012,-0.45522863573183353,0.8903745780342864,False,0,69,NGRIP/data/processed/ngrip_warming_cooling_starts.csv,3.0,0.6,5.0,5.0,True
all_transitions,All NGRIP transitions (GI + GS),81.4,81.6,81.5,0.19999999999998863,3.8099999999999996,-0.2548290680111478,232.53964726584837,0.10417273187058924,-0.027907,43.56527157677174,5.866159733694225,336.106194690266,-0.4050427373395155,0.9142977528838798,False,0,69,NGRIP/data/processed/ngrip_warming_cooling_starts.csv,3.0,0.6,5.0,5.0,True
all_transitions,All NGRIP transitions (GI + GS),81.6,81.8,81.69999999999999,0.20000000000000284,3.806,-0.25712659816623085,234.0479569284411,0.11976682164397272,-0.02853399999999996,43.62087498656979,5.921763143492271,339.29203539823044,-0.35360487505814386,0.9353948857755822,False,0,69,NGRIP/data/processed/ngrip_warming_cooling_starts.csv,3.0,0.6,5.0,5.0,True
all_transitions,All NGRIP transitions (GI + GS),81.8,82.0,81.9,0.20000000000000284,3.8019999999999996,-0.2594241283213144,236.64314523814514,0.14659791640126185,-0.029079,43.67647839636784,5.977366553290324,342.47787610619525,-0.3010740403722331,0.9536007666806581,False,0,69,NGRIP/data/processed/ngrip_warming_cooling_starts.csv,3.0,0.6,5.0,5.0,True
all_transitions,All NGRIP transitions (GI + GS),82.0,82.2,82.1,0.20000000000000284,3.8029999999999995,-0.2588497457825436,239.02418183884302,0.17121494261666742,-0.029538,43.73208180616589,6.0329699630883695,345.6637168141596,-0.24761260308139094,0.9688591222645621,False,0,69,NGRIP/data/processed/ngrip_warming_cooling_starts.csv,3.0,0.6,5.0,5.0,True
all_transitions,All NGRIP transitions (GI + GS),82.2,82.4,82.30000000000001,0.20000000000000284,3.809,-0.2554034505499183,239.89068754101763,0.18017355903607846,-0.029912000000000022,43.78768521596394,6.088573372886422,348.8495575221244,-0.19338580942451916,0.9811227898246089,False,0,69,NGRIP/data/processed/ngrip_warming_cooling_starts.csv,3.0,0.6,5.0,5.0,True
all_transitions,All NGRIP transitions (GI + GS),82.4,82.6,82.5,0.19999999999998863,3.815,-0.2519571553172935,240.75719324319212,0.18913217545548833,-0.030199,43.843288625761986,6.144176782684468,352.0353982300888,-0.13856127131321372,0.9903538630671695,False,0,69,NGRIP/data/processed/ngrip_warming_cooling_starts.csv,4.0,0.8,5.0,5.0,True
all_transitions,All NGRIP transitions (GI + GS),82.6,82.8,82.69999999999999,0.20000000000000284,3.8209999999999997,-0.2485108600846687,242.91891331345093,0.21148173514908233,-0.030397999999999988,43.89889203556003,6.199780192482514,355.2212389380532,-0.0833084482529031,0.9965238092738644,False,0,69,NGRIP/data/processed/ngrip_warming_cooling_starts.csv,4.0,0.8,5.0,5.0,True
all_transitions,All NGRIP transitions (GI + GS),82.8,83.0,82.9,0.20000000000000284,3.8270000000000004,-0.24506456485204337,245.2803502117933,0.23589612424981332,-0.030507,43.954495445358084,6.255383602280567,358.407079646018,-0.02779812355324891,0.9996135574945542,False,0,69,NGRIP/data/processed/ngrip_warming_cooling_starts.csv,4.0,0.8,5.0,5.0,True
all_transitions,All NGRIP transitions (GI + GS),83.0,83.2,83.1,0.20000000000000284,3.829,-0.24391579977450187,246.47607735623066,0.24825849047822798,-0.030523,44.009615347244846,0.027318196987742738,1.5652173913046576,0.027314799259491276,0.9996268812619105,False,0,69,NGRIP/data/processed/ngrip_warming_cooling_starts.csv,4.0,0.8,5.0,5.0,True
all_transitions,All NGRIP transitions (GI + GS),83.2,83.4,83.30000000000001,0.20000000000000284,3.827,-0.24506456485204361,246.7510274345646,0.2511011403074203,-0.03044499999999999,44.064251741220325,0.08195459096322111,4.695652173913565,0.08186287968182218,0.9966436017605288,False,0,69,NGRIP/data/processed/ngrip_warming_cooling_starts.csv,4.0,0.8,5.0,5.0,True
all_transitions,All NGRIP transitions (GI + GS),83.4,83.6,83.5,0.19999999999998863,3.825,-0.24621332992958514,247.0259775128985,0.25394379013661206,-0.030273,44.118888135195796,0.13659098493869237,7.826086956522067,0.13616664909625226,0.99068594603633,False,0,69,NGRIP/data/processed/ngrip_warming_cooling_starts.csv,4.0,0.8,5.0,5.0,True
all_transitions,All NGRIP transitions (GI + GS),83.6,83.8,83.69999999999999,0.20000000000000284,3.823,-0.24736209500712691,248.49105528316142,0.26909091465691526,-0.030009000000000022,44.17352452917127,0.19122737891416364,10.956521739130567,0.19006404371160954,0.9817716940755582,False,0,69,NGRIP/data/processed/ngrip_warming_cooling_starts.csv,4.0,0.8,5.0,5.0,True
all_transitions,All NGRIP transitions (GI + GS),83.8,84.0,83.9,0.20000000000000284,3.8209999999999997,-0.2485108600846687,250.39757074256448,0.2888019686702997,-0.029656,44.228160923146746,0.245863772889642,14.086956521739475,0.2433942125188416,0.9699274495096698,False,0,69,NGRIP/data/processed/ngrip_warming_cooling_starts.csv,4.0,0.8,5.0,5.0,True
all_transitions,All NGRIP transitions (GI + GS),84.0,84.2,84.1,0.20000000000000284,3.8329999999999993,-0.24161826961941907,247.87436824382456,0.2627151197574977,-0.029215,44.28279731712222,0.30050016686511327,17.217391304347977,0.29599799733362586,0.9551885602196473,False,0,69,NGRIP/data/processed/ngrip_warming_cooling_starts.csv,4.0,0.8,5.0,5.0,True
all_transitions,All NGRIP transitions (GI + GS),84.2,84.4,84.30000000000001,0.20000000000000284,3.8590000000000013,-0.22668432361137655,244.2124136112824,0.22485495701892633,-0.02868799999999996,44.337433711097695,0.35513656084059164,20.347826086956886,0.3477184077869947,0.9375990128440181,False,0,69,NGRIP/data/processed/ngrip_warming_cooling_starts.csv,4.0,0.8,5.0,5.0,True
all_transitions,All NGRIP transitions (GI + GS),84.4,84.6,84.5,0.19999999999998863,3.885,-0.2117503776033361,241.99489436996646,0.20192850167563572,-0.028072,44.39207010507317,0.4097729548160629,23.478260869565386,0.3984010898462441,0.9172113015054518,False,0,69,NGRIP/data/processed/ngrip_warming_cooling_starts.csv,4.0,0.8,5.0,5.0,True
all_transitions,All NGRIP transitions (GI + GS),84.6,84.8,84.69999999999999,0.20000000000000284,3.9109999999999987,-0.19681643159529535,240.35934292654082,0.18501888644853148,-0.027366000000000053,44.44670649904864,0.46440934879153417,26.608695652173886,0.4478947864680815,0.8940862711476514,False,1,69,NGRIP/data/processed/ngrip_warming_cooling_starts.csv,3.0,0.6,5.0,5.0,True
all_transitions,All NGRIP transitions (GI + GS),84.8,85.0,84.9,0.20000000000000284,3.9370000000000007,-0.18188248558725284,238.72379148311492,0.1681092712214246,-0.02657,44.50134289302412,0.5190457427670196,29.739130434783203,0.49605178900907704,0.8682929359501286,False,1,69,NGRIP/data/processed/ngrip_warming_cooling_starts.csv,3.0,0.6,5.0,5.0,True
all_transitions,All NGRIP transitions (GI + GS),85.0,85.2,85.1,0.20000000000000284,3.9609999999999994,-0.16809730465675388,237.0068188468764,0.1503578597626384,-0.025683,44.555979286999595,0.5736821367424909,32.8695652173917,0.5427283780462675,0.8399082733627927,False,1,69,NGRIP/data/processed/ngrip_warming_cooling_starts.csv,3.0,0.6,5.0,5.0,True
all_transitions,All NGRIP transitions (GI + GS),85.2,85.4,85.30000000000001,0.20000000000000284,3.9830000000000014,-0.15546088880379463,235.2715054797805,0.1324168274252007,-0.024706999999999927,44.61061568097507,0.6283185307179693,36.00000000000061,0.5877852522924817,0.8090169943749411,False,0,69,NGRIP/data/processed/ngrip_warming_cooling_starts.csv,3.0,0.6,5.0,5.0,True
all_transitions,All NGRIP transitions (GI + GS),85.4,85.6,85.5,0.19999999999998863,4.005,-0.14282447295083744,233.1858156233478,0.11085332778896635,-0.023647,44.665252074950544,0.6829549246934405,39.130434782609115,0.6310879443260584,0.7757112907044152,False,0,69,NGRIP/data/processed/ngrip_warming_cooling_starts.csv,3.0,0.6,5.0,5.0,True
all_transitions,All NGRIP transitions (GI + GS),85.6,85.8,85.69999999999999,0.20000000000000284,4.026999999999998,-0.13018805709788026,230.92175446051618,0.08744568551149294,-0.022507000000000082,44.719888468926015,0.7375913186689118,42.26086956521761,0.6725072218945302,0.7400905596612494,False,0,69,NGRIP/data/processed/ngrip_warming_cooling_starts.csv,3.0,0.6,5.0,5.0,True
all_transitions,All NGRIP transitions (GI + GS),85.8,86.0,85.9,0.20000000000000284,4.049,-0.11755164124492101,228.68055841731615,0.06427444079683896,-0.021293,44.774524862901494,0.7922277126443902,45.39130434782652,0.711919473594439,0.7022611075070417,False,0,69,NGRIP/data/processed/ngrip_warming_cooling_starts.csv,3.0,0.6,5.0,5.0,True
all_transitions,All NGRIP transitions (GI + GS),86.0,86.2,86.1,0.20000000000000284,4.071999999999999,-0.10434084285319281,226.9078944204883,0.045947248317636226,-0.020009,44.829161256876965,0.8468641066198614,48.52173913043502,0.7492070777763338,0.6623358321953046,False,0,69,NGRIP/data/processed/ngrip_warming_cooling_starts.csv,3.0,0.6,5.0,5.0,True
all_transitions,All NGRIP transitions (GI + GS),86.2,86.4,86.30000000000001,0.20000000000000284,4.096000000000001,-0.09055566192269207,225.1352304236602,0.027620055838430847,-0.018658999999999898,44.88379765085244,0.9015005005953398,51.65217391304393,0.7842587535740362,0.6204338864395619,False,0,69,NGRIP/data/processed/ngrip_warming_cooling_starts.csv,3.0,0.6,5.0,5.0,True
all_transitions,All NGRIP transitions (GI + GS),86.4,86.6,86.5,0.19999999999998863,4.119999999999999,-0.07677048099219336,223.3700672487091,0.009370412746214642,-0.017245,44.938434044827915,0.9561368945708111,54.78260869565243,0.8169698930104445,0.5766803221148635,False,0,69,NGRIP/data/processed/ngrip_warming_cooling_starts.csv,3.0,0.6,5.0,5.0,True
all_transitions,All NGRIP transitions (GI + GS),86.6,86.8,86.69999999999999,0.20000000000000284,4.143999999999998,-0.06298530006169414,222.49277431786925,0.00030026948560936076,-0.015772000000000105,44.993070438803386,1.0107732885462823,57.91304347826093,0.8472428731888841,0.5312057170538025,False,0,69,NGRIP/data/processed/ngrip_warming_cooling_starts.csv,3.0,0.6,5.0,5.0,True
all_transitions,All NGRIP transitions (GI + GS),86.8,87.0,86.9,0.20000000000000284,4.168,-0.0492001191311934,221.6154813870293,-0.008769873774997095,-0.014242,45.047706832778864,1.0654096825217607,61.04347826086984,0.8749873476381849,0.4841457853509563,False,0,69,NGRIP/data/processed/ngrip_warming_cooling_starts.csv,3.0,0.6,5.0,5.0,True
all_transitions,All NGRIP transitions (GI + GS),87.0,87.2,87.1,0.20000000000000284,4.173,-0.04632820643733935,221.39212329784283,-0.011079125104991117,-0.012658,45.102343226754336,1.120046076497232,64.17391304347834,0.9001205159420516,0.43564097233870797,False,0,69,NGRIP/data/processed/ngrip_warming_cooling_starts.csv,3.0,0.6,5.0,5.0,True
all_transitions,All NGRIP transitions (GI + GS),87.2,87.4,87.30000000000001,0.20000000000000284,4.158999999999999,-0.054369561980131494,222.32217888740982,-0.0014634800437415372,-0.011023999999999883,45.156979620729814,1.1746824704727103,67.30434782608725,0.9225673708480737,0.3858360354431307,False,0,69,NGRIP/data/processed/ngrip_warming_cooling_starts.csv,3.0,0.6,5.0,5.0,True
all_transitions,All NGRIP transitions (GI + GS),87.4,87.6,87.5,0.19999999999998863,4.145,-0.06241091752292262,223.2522344769767,0.008152165017506867,-0.009342,45.211616014705285,1.2293188644481816,70.43478260869576,0.9422609221188211,0.3348796121709846,False,1,69,NGRIP/data/processed/ngrip_warming_cooling_starts.csv,2.0,0.4,5.0,5.0,True
all_transitions,All NGRIP transitions (GI + GS),87.6,87.8,87.69999999999999,0.20000000000000284,4.131000000000001,-0.07045227306571324,222.38185977194317,-0.0008464521918028255,-0.007618000000000123,45.26625240868076,1.2839552584236529,73.56521739130424,0.9591423964570627,0.2829237765169317,False,0,69,NGRIP/data/processed/ngrip_warming_cooling_starts.csv,2.0,0.4,5.0,5.0,True
all_transitions,All NGRIP transitions (GI + GS),87.8,88.0,87.9,0.20000000000000284,4.117,-0.07849362860850538,220.28139811761093,-0.022562674275073375,-0.005855,45.320888802656235,1.3385916523991312,76.69565217391316,0.9731614129083759,0.2301235851149845,False,0,69,NGRIP/data/processed/ngrip_warming_cooling_starts.csv,2.0,0.4,5.0,5.0,True
all_transitions,All NGRIP transitions (GI + GS),88.0,88.2,88.1,0.20000000000000284,4.107,-0.08423745399621348,218.18093646327898,-0.04427889635834099,-0.004062,45.375525196631706,1.3932280463746025,79.82608695652166,0.9842761332177112,0.1766366144885888,False,0,69,NGRIP/data/processed/ngrip_warming_cooling_starts.csv,2.0,0.4,5.0,5.0,True
all_transitions,All NGRIP transitions (GI + GS),88.2,88.4,88.30000000000001,0.20000000000000284,4.101,-0.08768374922883854,219.59569940971548,-0.02965196599918406,-0.00224499999999987,45.430161590607185,1.4478644403500809,82.95652173913057,0.9924533866912019,0.12262249078029626,False,0,69,NGRIP/data/processed/ngrip_warming_cooling_starts.csv,2.0,0.4,5.0,5.0,True
all_transitions,All NGRIP transitions (GI + GS),88.4,88.6,88.5,0.19999999999998863,4.095000000000001,-0.09113004446146308,221.7868072838516,-0.006998572110748625,-0.000411,45.484797984582656,1.5025008343255521,86.08695652173907,0.9976687691905392,0.06824241336467211,False,0,69,NGRIP/data/processed/ngrip_warming_cooling_starts.csv,2.0,0.4,5.0,5.0,True
all_transitions,All NGRIP transitions (GI + GS),88.6,88.8,88.69999999999999,0.20000000000000284,4.089,-0.09457633969408814,223.97791515798775,0.0156548217776871,0.0014359999999998686,45.53943437855813,1.5571372283010234,89.21739130434757,0.999906715964522,0.013658673765955642,False,0,69,NGRIP/data/processed/ngrip_warming_cooling_starts.csv,2.0,0.4,5.0,5.0,True
all_transitions,All NGRIP transitions (GI + GS),88.8,89.0,88.9,0.20000000000000284,4.083,-0.0980226349267132,225.22957687734606,0.028595483567275752,0.00329,45.59407077253361,1.6117736222765089,92.34782608695689,0.9991605481003862,-0.04096582868362052,False,0,69,NGRIP/data/processed/ngrip_warming_cooling_starts.csv,2.0,0.4,5.0,5.0,True
all_transitions,All NGRIP transitions (GI + GS),89.0,89.2,89.1,0.20000000000000284,4.078,-0.10089454762056725,226.4762823730221,0.04148490402429502,0.005149,45.648707166509084,1.6664100162519802,95.47826086956539,0.9954324924563085,-0.09546807299941296,False,0,69,NGRIP/data/processed/ngrip_warming_cooling_starts.csv,2.0,0.4,5.0,5.0,True
all_transitions,All NGRIP transitions (GI + GS),89.2,89.4,89.30000000000001,0.20000000000000284,4.074,-0.10319207777565079,227.5620210012496,0.05271012259771862,0.007008000000000132,45.70334356048456,1.7210464102274585,98.60869565217429,0.9887336750155838,-0.14968540306315076,False,0,69,NGRIP/data/processed/ngrip_warming_cooling_starts.csv,2.0,0.4,5.0,5.0,True
all_transitions,All NGRIP transitions (GI + GS),89.4,89.6,89.5,0.19999999999998863,4.07,-0.10548960793073382,228.22639935906048,0.0595789877997003,0.008862,45.75797995446003,1.7756828042029298,101.7391304347828,0.9790840876823222,-0.20345601305263689,False,0,69,NGRIP/data/processed/ngrip_warming_cooling_starts.csv,2.0,0.4,5.0,5.0,True
all_transitions,All NGRIP transitions (GI + GS),89.6,89.8,89.69999999999999,0.20000000000000284,4.066,-0.10778713808581736,228.88352233697188,0.06637284118660287,0.01070299999999987,45.812616348435505,1.830319198178401,104.8695652173913,0.9665125286177448,-0.2566194303339734,False,0,69,NGRIP/data/processed/ngrip_warming_cooling_starts.csv,2.0,0.4,5.0,5.0,True
all_transitions,All NGRIP transitions (GI + GS),89.8,90.0,89.9,0.20000000000000284,4.061999999999999,-0.11008466824090091,229.16016818861948,0.06923302325200922,0.012523,45.86725274241098,1.8849555921538794,108.0000000000002,0.9510565162951525,-0.3090169943749507,False,1,69,NGRIP/data/processed/ngrip_warming_cooling_starts.csv,1.0,0.2,5.0,5.0,True
all_transitions,All NGRIP transitions (GI + GS),90.0,90.2,90.1,0.20000000000000284,4.0569999999999995,-0.11295658093475495,229.43681404026702,0.07209320531741499,0.014313,45.921889136386454,1.9395919861293507,111.1304347826087,0.9327621775300636,-0.36049233025041477,False,1,69,NGRIP/data/processed/ngrip_warming_cooling_starts.csv,0.0,0.0,5.0,5.0,True
all_transitions,All NGRIP transitions (GI + GS),90.2,90.4,90.30000000000001,0.20000000000000284,4.050999999999999,-0.11640287616738001,229.7134598919146,0.07495338738282104,0.016067000000000123,45.97652553036193,1.994228380104829,114.26086956521762,0.9116841098196519,-0.4108918153265516,False,0,69,NGRIP/data/processed/ngrip_warming_cooling_starts.csv,0.0,0.0,5.0,5.0,True
all_transitions,All NGRIP transitions (GI + GS),90.4,90.6,90.5,0.19999999999998863,4.045,-0.11984917140000456,230.38135911650815,0.08185865407055257,0.017783,46.031161924337404,2.0488647740803003,117.39130434782611,0.8878852184023751,-0.4600650377311525,False,0,69,NGRIP/data/processed/ngrip_warming_cooling_starts.csv,0.0,0.0,5.0,5.0,True
all_transitions,All NGRIP transitions (GI + GS),90.6,90.8,90.69999999999999,0.20000000000000284,4.039000000000001,-0.12329546663262911,231.08629235110539,0.08914680743665558,0.01945699999999988,46.085798318312875,2.1035011680557716,120.52173913043461,0.8614365285240015,-0.5078652452418034,False,0,69,NGRIP/data/processed/ngrip_warming_cooling_starts.csv,0.0,0.0,5.0,5.0,True
all_transitions,All NGRIP transitions (GI + GS),90.8,91.0,90.9,0.20000000000000284,4.033,-0.12674176186525418,231.51136128545897,0.09354150388830604,0.021088,46.140434712288354,2.15813756203125,123.65217391304353,0.8324169734703678,-0.5541497832521753,False,0,69,NGRIP/data/processed/ngrip_warming_cooling_starts.csv,0.0,0.0,5.0,5.0,True
all_transitions,All NGRIP transitions (GI + GS),91.0,91.2,91.1,0.20000000000000284,4.025,-0.13133682217542075,231.36802809513043,0.09205961280657239,0.022671,46.195071106263825,2.212773956006721,126.78260869565203,0.8009131589994434,-0.5987805205094204,False,0,69,NGRIP/data/processed/ngrip_warming_cooling_starts.csv,0.0,0.0,5.0,5.0,True
all_transitions,All NGRIP transitions (GI + GS),91.2,91.4,91.30000000000001,0.20000000000000284,4.015,-0.13708064756312935,231.22469490480182,0.09057772172483816,0.024202000000000105,46.2497075002393,2.2674103499821996,129.91304347826093,0.7670191048756821,-0.6416242613521619,False,0,69,NGRIP/data/processed/ngrip_warming_cooling_starts.csv,0.0,0.0,5.0,5.0,True
all_transitions,All NGRIP transitions (GI + GS),91.4,91.6,91.5,0.19999999999998863,4.005,-0.14282447295083744,231.40622722351654,0.0924545453937535,0.025673,46.304343894214774,2.322046743957671,133.04347826086942,0.7308359642781257,-0.6825531432186523,False,0,69,NGRIP/data/processed/ngrip_warming_cooling_starts.csv,0.0,0.0,5.0,5.0,True
all_transitions,All NGRIP transitions (GI + GS),91.6,91.8,91.69999999999999,0.20000000000000284,3.9950000000000006,-0.1485682983385453,232.4448822049319,0.10319297625146036,0.0270749999999999,46.358980288190246,2.376683137933142,136.17391304347794,0.6924717219195299,-0.7214450182389517,False,0,69,NGRIP/data/processed/ngrip_warming_cooling_starts.csv,0.0,0.0,5.0,5.0,True
all_transitions,All NGRIP transitions (GI + GS),91.8,92.0,91.9,0.20000000000000284,3.985,-0.15431212372625389,233.48353718634743,0.11393140710916896,0.028403,46.413616682165724,2.4313195319086205,139.30434782608685,0.652040871777552,-0.7581838177721615,False,0,69,NGRIP/data/processed/ngrip_warming_cooling_starts.csv,0.0,0.0,5.0,5.0,True
all_transitions,All NGRIP transitions (GI + GS),92.0,92.2,92.1,0.20000000000000284,3.9720000000000004,-0.16177909673027424,233.47270614226784,0.11381942726981267,0.029649,46.468253076141195,2.4859559258840918,142.43478260869534,0.6096640753997389,-0.7926598988008549,False,0,69,NGRIP/data/processed/ngrip_warming_cooling_starts.csv,0.0,0.0,5.0,5.0,True
all_transitions,All NGRIP transitions (GI + GS),92.2,92.4,92.30000000000001,0.20000000000000284,3.955999999999999,-0.17096921735060816,233.11448629771928,0.11011586920541934,0.030811000000000078,46.522889470116674,2.54059231985957,145.56521739130426,0.5654678018020074,-0.8247703711489676,False,0,69,NGRIP/data/processed/ngrip_warming_cooling_starts.csv,0.0,0.0,5.0,5.0,True
all_transitions,All NGRIP transitions (GI + GS),92.4,92.6,92.5,0.19999999999998863,3.94,-0.1801593379709408,232.75626645317078,0.10641231114102659,0.031886,46.577525864092145,2.5952287138350414,148.69565217391275,0.519583950035438,-0.8544194045464859,False,0,69,NGRIP/data/processed/ngrip_warming_cooling_starts.csv,0.0,0.0,5.0,5.0,True
all_transitions,All NGRIP transitions (GI + GS),92.6,92.8,92.69999999999999,0.20000000000000284,3.924000000000001,-0.18934945859127345,232.57067418448466,0.1044935125210122,0.03287099999999993,46.632162258067616,2.6498651078105127,151.82608695652127,0.4721494555476261,-0.8815185146246676,False,0,69,NGRIP/data/processed/ngrip_warming_cooling_starts.csv,0.0,0.0,5.0,5.0,True
all_transitions,All NGRIP transitions (GI + GS),92.8,93.0,92.9,0.20000000000000284,3.9079999999999995,-0.19853957921160736,233.28525835368603,0.11188144482796963,0.033763,46.6867986520431,2.704501501785998,154.95652173913058,0.4233058815134958,-0.9059868269881645,False,0,69,NGRIP/data/processed/ngrip_warming_cooling_starts.csv,0.0,0.0,5.0,5.0,True
all_transitions,All NGRIP transitions (GI + GS),93.0,93.2,93.1,0.20000000000000284,3.894,-0.20658093475439848,233.99984252288732,0.1192693771349262,0.03456,46.74143504601857,2.7591378957614694,158.08695652173907,0.3731989963551925,-0.927751318575984,False,0,69,NGRIP/data/processed/ngrip_warming_cooling_starts.csv,0.0,0.0,5.0,5.0,True
all_transitions,All NGRIP transitions (GI + GS),93.2,93.4,93.30000000000001,0.20000000000000284,3.8819999999999992,-0.21347352521964885,234.7144266920887,0.12665730944188364,0.03525700000000004,46.79607143999405,2.8137742897369478,161.21739130434798,0.3219783387117359,-0.9467470355910446,False,0,69,NGRIP/data/processed/ngrip_warming_cooling_starts.csv,0.0,0.0,5.0,5.0,True
all_transitions,All NGRIP transitions (GI + GS),93.4,93.6,93.5,0.19999999999998863,3.87,-0.22036611568489822,235.73569899458687,0.13721602451425863,0.035852,46.85070783396952,2.868410683712419,164.34782608695647,0.2697967711570251,-0.962917287347799,False,0,69,NGRIP/data/processed/ngrip_warming_cooling_starts.csv,0.0,0.0,5.0,5.0,True
all_transitions,All NGRIP transitions (GI + GS),93.6,93.8,93.69999999999999,0.20000000000000284,3.8580000000000005,-0.22725870615014782,237.26496374271156,0.1530267644179825,0.036342999999999966,46.905344227944994,2.9230470776878903,167.478260869565,0.21681002399778487,-0.9762138154595437,False,0,69,NGRIP/data/processed/ngrip_warming_cooling_starts.csv,0.0,0.0,5.0,5.0,True
all_transitions,All NGRIP transitions (GI + GS),93.8,94.0,93.9,0.20000000000000284,3.8459999999999996,-0.2341512966153982,238.63971461076554,0.16724001848917872,0.036725,46.95998062192047,2.9776834716633687,170.60869565217388,0.16317623051314276,-0.9865969378604019,False,0,69,NGRIP/data/processed/ngrip_warming_cooling_starts.csv,0.0,0.0,5.0,5.0,True
all_transitions,All NGRIP transitions (GI + GS),94.0,94.2,94.1,0.20000000000000284,3.833,-0.24161826961941857,239.76652784606657,0.17888989860657847,0.036998,47.01461701589594,3.03231986563884,173.7391304347824,0.10905545502279367,-0.9940356672322032,False,0,69,NGRIP/data/processed/ngrip_warming_cooling_starts.csv,0.0,0.0,5.0,5.0,True
all_transitions,All NGRIP transitions (GI + GS),94.2,94.4,94.30000000000001,0.20000000000000284,3.818999999999999,-0.2496596251622107,240.89334108136774,0.1905397787239797,0.037158000000000004,47.06925340987142,3.0869562596143183,176.86956521739128,0.054609215192110296,-0.998507803482828,False,0,69,NGRIP/data/processed/ngrip_warming_cooling_starts.csv,0.0,0.0,5.0,5.0,True
all_transitions,All NGRIP transitions (GI + GS),94.4,94.6,94.5,0.19999999999998863,3.8049999999999997,-0.25770098070500186,242.02015431666874,0.20218965884137918,0.037204,47.12388980384689,3.1415926535897896,179.9999999999998,3.675178358715236e-15,-1.0,False,0,69,NGRIP/data/processed/ngrip_warming_cooling_starts.csv,0.0,0.0,5.0,5.0,True
all_transitions,All NGRIP transitions (GI + GS),94.6,94.8,94.69999999999999,0.20000000000000284,3.791000000000001,-0.2657423362477927,242.50664404045884,0.2072193716482114,0.03713700000000001,47.1810096702758,3.198712520018695,183.27272727272708,-0.057088810862764634,-0.9983691039261359,False,0,69,NGRIP/data/processed/ngrip_warming_cooling_starts.csv,0.0,0.0,5.0,5.0,True
all_transitions,All NGRIP transitions (GI + GS),94.8,95.0,94.9,0.20000000000000284,3.7769999999999997,-0.27378369179058487,242.65922312909893,0.20879685408753004,0.036956,47.238129536704704,3.255832386447601,186.5454545454544,-0.11399140989053762,-0.9934817353485506,False,0,69,NGRIP/data/processed/ngrip_warming_cooling_starts.csv,0.0,0.0,5.0,5.0,True
all_transitions,All NGRIP transitions (GI + GS),95.0,95.2,95.1,0.20000000000000284,3.7680000000000002,-0.2789531346395219,242.81180221773897,0.21037433652684812,0.036664,47.29524940313361,3.3129522528765065,189.81818181818167,-0.1705221926326211,-0.9853538358476934,False,0,69,NGRIP/data/processed/ngrip_warming_cooling_starts.csv,0.0,0.0,5.0,5.0,True
all_transitions,All NGRIP transitions (GI + GS),95.2,95.4,95.30000000000001,0.20000000000000284,3.764,-0.2812506647946055,243.22873819624638,0.21468494809411862,0.03626099999999997,47.352369269562516,3.370072119305412,193.09090909090895,-0.22649676742576205,-0.974011916942334,False,0,69,NGRIP/data/processed/ngrip_warming_cooling_starts.csv,0.0,0.0,5.0,5.0,True
all_transitions,All NGRIP transitions (GI + GS),95.4,95.6,95.5,0.19999999999998863,3.76,-0.28354819494968875,244.18378484967212,0.2245589703991205,0.035745,47.40948913599142,3.427191985734318,196.36363636363626,-0.28173255684142773,-0.9594929736144979,False,0,69,NGRIP/data/processed/ngrip_warming_cooling_starts.csv,0.0,0.0,5.0,5.0,True
all_transitions,All NGRIP transitions (GI + GS),95.6,95.8,95.69999999999999,0.20000000000000284,3.7560000000000002,-0.2858457251047718,245.13883150309786,0.2344329927041224,0.03511500000000005,47.46660900242032,3.4843118521632164,199.63636363636314,-0.33604939321542177,-0.9418443636395277,False,0,69,NGRIP/data/processed/ngrip_warming_cooling_starts.csv,0.0,0.0,5.0,5.0,True
all_transitions,All NGRIP transitions (GI + GS),95.8,96.0,95.9,0.20000000000000284,3.752,-0.28814325525985535,246.09387815652374,0.24430701500912577,0.034368,47.52372886884923,3.541431718592129,202.90909090909082,-0.3892701063173902,-0.9211236531148507,False,0,69,NGRIP/data/processed/ngrip_warming_cooling_starts.csv,0.0,0.0,5.0,5.0,True
all_transitions,All NGRIP transitions (GI + GS),96.0,96.2,96.1,0.20000000000000284,3.7579999999999996,-0.28469696002723055,246.05719441736213,0.2439277497057886,0.033502,47.58084873527813,3.5985515850210277,206.18181818181773,-0.4412211012432139,-0.897398428691362,False,0,69,NGRIP/data/processed/ngrip_warming_cooling_starts.csv,0.0,0.0,5.0,5.0,True
all_transitions,All NGRIP transitions (GI + GS),96.2,96.4,96.30000000000001,0.20000000000000284,3.774000000000001,-0.27550683940689663,245.90116333759119,0.24231457787129707,0.03251799999999992,47.637968601707044,3.6556714514499404,209.4545454545454,-0.4917329246456031,-0.8707460771197776,False,0,69,NGRIP/data/processed/ngrip_warming_cooling_starts.csv,0.0,0.0,5.0,5.0,True
all_transitions,All NGRIP transitions (GI + GS),96.4,96.6,96.5,0.19999999999998863,3.79,-0.266316718786564,245.6570993733425,0.23979125294450482,0.031425,47.69508846813595,3.712791317878846,212.72727272727272,-0.5406408174555972,-0.8412535328311814,False,0,69,NGRIP/data/processed/ngrip_warming_cooling_starts.csv,0.0,0.0,5.0,5.0,True
all_transitions,All NGRIP transitions (GI + GS),96.6,96.8,96.69999999999999,0.20000000000000284,3.805999999999999,-0.25712659816623135,244.80016023100845,0.2309315431333824,0.030228000000000088,47.75220833456485,3.7699111843077446,215.9999999999996,-0.5877852522924673,-0.8090169943749517,False,0,69,NGRIP/data/processed/ngrip_warming_cooling_starts.csv,0.0,0.0,5.0,5.0,True
all_transitions,All NGRIP transitions (GI + GS),96.8,97.0,96.9,0.20000000000000284,3.8220000000000005,-0.24793647754589743,243.94322108867425,0.2220718333222585,0.028935,47.80932820099376,3.8270310507366574,219.27272727272728,-0.6330124538088705,-0.7741416106390824,False,0,69,NGRIP/data/processed/ngrip_warming_cooling_starts.csv,0.0,0.0,5.0,5.0,True
all_transitions,All NGRIP transitions (GI + GS),97.0,97.2,97.1,0.20000000000000284,3.8369999999999997,-0.23932073946433555,243.0862819463402,0.21321212351113608,0.027555,47.86644806742266,3.884150917165556,222.54545454545416,-0.6761749002740146,-0.7367411378764094,False,0,69,NGRIP/data/processed/ngrip_warming_cooling_starts.csv,0.0,0.0,5.0,5.0,True
all_transitions,All NGRIP transitions (GI + GS),97.2,97.4,97.30000000000001,0.20000000000000284,3.851000000000001,-0.2312793839215434,242.2434257986052,0.20449801475760956,0.026088999999999894,47.92356793385157,3.9412707835944687,225.81818181818187,-0.717131804758964,-0.6969375686552929,False,0,69,NGRIP/data/processed/ngrip_warming_cooling_starts.csv,0.0,0.0,5.0,5.0,True
all_transitions,All NGRIP transitions (GI + GS),97.4,97.6,97.5,0.19999999999998863,3.865,-0.22323802837875226,241.48324707125727,0.1966386901029476,0.024537,47.98068780028047,3.9983906500233672,229.09090909090875,-0.7557495743542544,-0.6548607339452895,False,0,69,NGRIP/data/processed/ngrip_warming_cooling_starts.csv,0.0,0.0,5.0,5.0,True
all_transitions,All NGRIP transitions (GI + GS),97.6,97.8,97.69999999999999,0.20000000000000284,3.878999999999999,-0.2151966728359614,240.72306834390935,0.18877936544828564,0.02289700000000012,48.03780766670938,4.055510516452273,232.36363636363606,-0.7919022459222717,-0.6106478796354426,False,0,69,NGRIP/data/processed/ngrip_warming_cooling_starts.csv,0.0,0.0,5.0,5.0,True
all_transitions,All NGRIP transitions (GI + GS),97.8,98.0,97.9,0.20000000000000284,3.8930000000000002,-0.20715531729316924,239.96288961656134,0.18092004079362278,0.021171,48.09492753313829,4.112630382881186,235.63636363636374,-0.8254718969627749,-0.5644432188667677,False,0,69,NGRIP/data/processed/ngrip_warming_cooling_starts.csv,0.0,0.0,5.0,5.0,True
all_transitions,All NGRIP transitions (GI + GS),98.0,98.2,98.1,0.20000000000000284,3.888000000000001,-0.21002722998702303,240.7317175144931,0.18886878736600823,0.01936,48.15204739956719,4.169750249310084,238.90909090909062,-0.8563490302515864,-0.5163974616389662,False,0,69,NGRIP/data/processed/ngrip_warming_cooling_starts.csv,0.0,0.0,5.0,5.0,True
all_transitions,All NGRIP transitions (GI + GS),98.2,98.4,98.30000000000001,0.20000000000000284,3.8639999999999985,-0.22381241091752405,241.74393533774486,0.1993338901214155,0.01746999999999986,48.2091672659961,4.226870115738997,242.18181818181833,-0.8844329309978154,-0.46666732322567156,False,0,69,NGRIP/data/processed/ngrip_warming_cooling_starts.csv,0.0,0.0,5.0,5.0,True
all_transitions,All NGRIP transitions (GI + GS),98.4,98.6,98.5,0.19999999999998863,3.84,-0.237597591848023,242.75615316099643,0.20979899287682102,0.015509,48.266287132425,4.2839899821678955,245.4545454545452,-0.9096319953545166,-0.4154150130018904,False,0,69,NGRIP/data/processed/ngrip_warming_cooling_starts.csv,0.0,0.0,5.0,5.0,True
all_transitions,All NGRIP transitions (GI + GS),98.6,98.8,98.69999999999999,0.20000000000000284,3.816000000000001,-0.25138277277852195,243.15145416796832,0.2138859251183292,0.013487000000000145,48.323406998853905,4.341109848596801,248.7272727272725,-0.9318640292114508,-0.36280770535064477,False,0,69,NGRIP/data/processed/ngrip_warming_cooling_starts.csv,0.0,0.0,5.0,5.0,True
all_transitions,All NGRIP transitions (GI + GS),98.8,99.0,98.9,0.20000000000000284,3.791999999999999,-0.26516795370902296,243.10254705352054,0.213380284962219,0.011412,48.38052686528281,4.398229715025707,251.9999999999998,-0.9510565162951524,-0.30901699437495095,False,0,69,NGRIP/data/processed/ngrip_warming_cooling_starts.csv,1.0,0.2,5.0,5.0,True
all_transitions,All NGRIP transitions (GI + GS),99.0,99.2,99.1,0.20000000000000284,3.7829999999999995,-0.2703373965579601,243.05363993907275,0.2128746448061088,0.00929,48.437646731711716,4.4553495814546125,255.27272727272708,-0.9671468547019563,-0.2542183341934902,False,0,69,NGRIP/data/processed/ngrip_warming_cooling_starts.csv,1.0,0.2,5.0,5.0,True
all_transitions,All NGRIP transitions (GI + GS),99.2,99.4,99.30000000000001,0.20000000000000284,3.789,-0.2668911013253347,243.00473282462497,0.21236900464999858,0.007128999999999845,48.49476659814063,4.512469447883525,258.5454545454548,-0.9800825610923942,-0.1985904666457415,False,0,69,NGRIP/data/processed/ngrip_warming_cooling_starts.csv,2.0,0.4,5.0,5.0,True
all_transitions,All NGRIP transitions (GI + GS),99.4,99.6,99.5,0.19999999999998863,3.795,-0.2634448060927099,243.5002776901544,0.2174923366231704,0.004935,48.55188646456953,4.569589314312424,261.81818181818164,-0.9898214418809324,-0.14231483827328786,False,0,69,NGRIP/data/processed/ngrip_warming_cooling_starts.csv,3.0,0.6,5.0,5.0,True
all_transitions,All NGRIP transitions (GI + GS),99.6,99.8,99.69999999999999,0.20000000000000284,3.8009999999999997,-0.25999851086008513,244.2371421838935,0.22511062042202512,0.002714000000000158,48.60900633099843,4.626709180741329,265.09090909090895,-0.9963317308626912,-0.08557500847884218,False,0,69,NGRIP/data/processed/ngrip_warming_cooling_starts.csv,3.0,0.6,5.0,5.0,True
all_transitions,All NGRIP transitions (GI + GS),99.8,100.0,99.9,0.20000000000000284,3.8070000000000004,-0.25655221562745983,244.97400667763267,0.23272890422088072,0.000475,48.66612619742734,4.683829047170235,268.36363636363626,-0.9995921928281891,-0.028556050793698374,False,0,69,NGRIP/data/processed/ngrip_warming_cooling_starts.csv,3.0,0.6,5.0,5.0,True
all_transitions,All NGRIP transitions (GI + GS),100.0,100.2,100.1,0.20000000000000284,3.8209999999999993,-0.24851086008466894,245.7371044541027,0.24061840829770784,-0.001777,48.723246063856244,4.740948913599141,271.63636363636357,-0.9995921928281892,0.028556050793694453,False,0,69,NGRIP/data/processed/ngrip_warming_cooling_starts.csv,3.0,0.6,5.0,5.0,True
all_transitions,All NGRIP transitions (GI + GS),100.2,100.4,100.30000000000001,0.20000000000000284,3.8430000000000013,-0.23587444423170972,246.70060311637172,0.2505798141075273,-0.004033000000000161,48.78036593028515,4.798068780028046,274.9090909090908,-0.9963317308626916,0.08557500847883827,False,0,69,NGRIP/data/processed/ngrip_warming_cooling_starts.csv,4.0,0.8,5.0,5.0,True
all_transitions,All NGRIP transitions (GI + GS),100.4,100.6,100.5,0.19999999999998863,3.865,-0.22323802837875226,247.6641017786406,0.26054121991734525,-0.00629,48.837485796714056,4.855188646456952,278.18181818181813,-0.9898214418809329,0.142314838273284,False,0,69,NGRIP/data/processed/ngrip_warming_cooling_starts.csv,4.0,0.8,5.0,5.0,True
all_transitions,All NGRIP transitions (GI + GS),100.6,100.8,100.69999999999999,0.20000000000000284,3.8869999999999987,-0.21060161252579507,247.24889442996064,0.25624848028273073,-0.008539999999999841,48.894605663142954,4.912308512885851,281.454545454545,-0.980082561092395,0.19859046664573768,False,0,69,NGRIP/data/processed/ngrip_warming_cooling_starts.csv,4.0,0.8,5.0,5.0,True
all_transitions,All NGRIP transitions (GI + GS),100.8,101.0,100.9,0.20000000000000284,3.9090000000000007,-0.19796519667283585,246.45408247067547,0.24803109007868848,-0.010778,48.95172552957187,4.969428379314763,284.7272727272727,-0.9671468547019573,0.25421833419348644,False,0,69,NGRIP/data/processed/ngrip_warming_cooling_starts.csv,4.0,0.8,5.0,5.0,True
all_transitions,All NGRIP transitions (GI + GS),101.0,101.2,101.1,0.20000000000000284,3.914,-0.19509328397898204,245.65927051139042,0.2398136998746474,-0.012996,49.00884539600077,5.026548245743669,288.0,-0.9510565162951536,0.30901699437494723,False,0,69,NGRIP/data/processed/ngrip_warming_cooling_starts.csv,4.0,0.8,5.0,5.0,True
all_transitions,All NGRIP transitions (GI + GS),101.2,101.4,101.30000000000001,0.20000000000000284,3.9019999999999992,-0.20198587444423244,244.86445855210525,0.23159630967060513,-0.015187000000000155,49.06596526242968,5.083668112172575,291.2727272727273,-0.9318640292114523,0.3628077053506411,False,0,69,NGRIP/data/processed/ngrip_warming_cooling_starts.csv,4.0,0.8,5.0,5.0,True
all_transitions,All NGRIP transitions (GI + GS),101.4,101.6,101.5,0.19999999999998863,3.8899999999999997,-0.20887846490948203,243.49698572832008,0.21745830173653666,-0.01734,49.123085128858584,5.14078797860148,294.54545454545456,-0.9096319953545182,0.4154150130018868,False,0,69,NGRIP/data/processed/ngrip_warming_cooling_starts.csv,4.0,0.8,5.0,5.0,True
all_transitions,All NGRIP transitions (GI + GS),101.6,101.8,101.69999999999999,0.20000000000000284,3.8780000000000006,-0.2157710553747314,242.0451700524136,0.20244829116246504,-0.019448999999999852,49.18020499528748,5.197907845030379,297.8181818181815,-0.8844329309978173,0.46666732322566806,False,0,69,NGRIP/data/processed/ngrip_warming_cooling_starts.csv,5.0,1.0,5.0,5.0,True
all_transitions,All NGRIP transitions (GI + GS),101.8,102.0,101.9,0.20000000000000284,3.8659999999999997,-0.22266364583998177,240.59335437650688,0.18743828058839104,-0.021506,49.237324861716395,5.255027711459292,301.0909090909092,-0.8563490302515885,0.5163974616389628,False,0,69,NGRIP/data/processed/ngrip_warming_cooling_starts.csv,6.0,1.2,5.0,5.0,True
all_transitions,All NGRIP transitions (GI + GS),102.0,102.2,102.1,0.20000000000000284,3.8619999999999997,-0.22496117599506504,239.5870783373933,0.17703460866351062,-0.023503,49.294444728145294,5.31214757788819,304.36363636363603,-0.8254718969627771,0.5644432188667645,False,0,69,NGRIP/data/processed/ngrip_warming_cooling_starts.csv,6.0,1.2,5.0,5.0,True
all_transitions,All NGRIP transitions (GI + GS),102.2,102.4,102.30000000000001,0.20000000000000284,3.866,-0.2226636458399815,238.83079345303017,0.1692155416154755,-0.02543400000000013,49.35156459457421,5.369267444317103,307.63636363636374,-0.791902245922274,0.6106478796354395,False,0,69,NGRIP/data/processed/ngrip_warming_cooling_starts.csv,6.0,1.2,5.0,5.0,True
all_transitions,All NGRIP transitions (GI + GS),102.4,102.6,102.5,0.19999999999998863,3.87,-0.22036611568489822,238.07450856866714,0.16139647456744155,-0.027291,49.40868446100311,5.4263873107460086,310.90909090909105,-0.7557495743542569,0.6548607339452867,False,0,69,NGRIP/data/processed/ngrip_warming_cooling_starts.csv,6.0,1.2,5.0,5.0,True
all_transitions,All NGRIP transitions (GI + GS),102.6,102.8,102.69999999999999,0.20000000000000284,3.8739999999999997,-0.21806858552981517,237.31822368430412,0.1535774075194076,-0.029064999999999876,49.46580432743201,5.483507177174907,314.1818181818179,-0.7171318047589668,0.6969375686552901,False,0,69,NGRIP/data/processed/ngrip_warming_cooling_starts.csv,6.0,1.2,5.0,5.0,True
all_transitions,All NGRIP transitions (GI + GS),102.8,103.0,102.9,0.20000000000000284,3.878,-0.21577105537473165,237.97088012498992,0.16032508233688272,-0.030749,49.52292419386092,5.54062704360382,317.4545454545456,-0.6761749002740175,0.7367411378764067,False,0,69,NGRIP/data/processed/ngrip_warming_cooling_starts.csv,6.0,1.2,5.0,5.0,True
all_transitions,All NGRIP transitions (GI + GS),103.0,103.2,103.1,0.20000000000000284,3.8839999999999995,-0.2123247601421071,239.29846832719764,0.17405073173153365,-0.032334,49.58004406028982,5.597746910032718,320.7272727272725,-0.6330124538088736,0.7741416106390798,False,0,69,NGRIP/data/processed/ngrip_warming_cooling_starts.csv,6.0,1.2,5.0,5.0,True
all_transitions,All NGRIP transitions (GI + GS),103.2,103.4,103.30000000000001,0.20000000000000284,3.8920000000000003,-0.20772969983194,240.6260565294056,0.18777638112618697,-0.0338180000000001,49.637163926718735,5.654866776461631,324.0000000000002,-0.5877852522924705,0.8090169943749494,False,0,69,NGRIP/data/processed/ngrip_warming_cooling_starts.csv,7.0,1.4,5.0,5.0,True
all_transitions,All NGRIP transitions (GI + GS),103.4,103.6,103.5,0.19999999999998863,3.9,-0.20313463952177369,242.08596000378083,0.20287000971220842,-0.035196,49.69428379314763,5.71198664289053,327.2727272727271,-0.5406408174556004,0.8412535328311793,False,0,69,NGRIP/data/processed/ngrip_warming_cooling_starts.csv,7.0,1.4,5.0,5.0,True
all_transitions,All NGRIP transitions (GI + GS),103.6,103.8,103.69999999999999,0.20000000000000284,3.9079999999999995,-0.19853957921160736,243.55190988346166,0.21802615078454496,-0.03646599999999991,49.75140365957654,5.769106509319435,330.5454545454544,-0.49173292464560653,0.8707460771197757,False,0,69,NGRIP/data/processed/ngrip_warming_cooling_starts.csv,7.0,1.4,5.0,5.0,True
all_transitions,All NGRIP transitions (GI + GS),103.8,104.0,103.9,0.20000000000000284,3.9160000000000004,-0.1939445189014403,245.01785976314272,0.23318229185688386,-0.037625,49.80852352600545,5.826226375748348,333.8181818181821,-0.44122110124321745,0.8973984286913603,False,1,69,NGRIP/data/processed/ngrip_warming_cooling_starts.csv,6.0,1.2,5.0,5.0,True
all_transitions,All NGRIP transitions (GI + GS),104.0,104.2,104.1,0.20000000000000284,3.9130000000000003,-0.1956676665177528,246.48380964282353,0.2483384329292201,-0.038669,49.86564339243435,5.883346242177247,337.09090909090895,-0.3892701063173938,0.9211236531148491,False,0,69,NGRIP/data/processed/ngrip_warming_cooling_starts.csv,6.0,1.2,5.0,5.0,True
all_transitions,All NGRIP transitions (GI + GS),104.2,104.4,104.30000000000001,0.20000000000000284,3.898999999999999,-0.20370902206054495,243.7549717074201,0.22012556338587502,-0.03959200000000006,49.92276325886326,5.940466108606159,340.36363636363666,-0.3360493932154255,0.9418443636395264,False,1,69,NGRIP/data/processed/ngrip_warming_cooling_starts.csv,5.0,1.0,5.0,5.0,True
all_transitions,All NGRIP transitions (GI + GS),104.4,104.6,104.5,0.19999999999998863,3.885,-0.2117503776033361,239.80460269800696,0.17928354632626897,-0.040386,49.97988312529216,5.997585975035058,343.63636363636357,-0.28173255684143145,0.9594929736144968,False,1,69,NGRIP/data/processed/ngrip_warming_cooling_starts.csv,4.0,0.8,5.0,5.0,True
all_transitions,All NGRIP transitions (GI + GS),104.6,104.8,104.69999999999999,0.20000000000000284,3.871000000000001,-0.21979173314612696,240.9002923556468,0.19061164645633963,-0.04104599999999996,50.03700299172107,6.054705841463964,346.9090909090908,-0.22649676742576588,0.9740119169423331,False,0,69,NGRIP/data/processed/ngrip_warming_cooling_starts.csv,4.0,0.8,5.0,5.0,True
all_transitions,All NGRIP transitions (GI + GS),104.8,105.0,104.9,0.20000000000000284,3.8569999999999998,-0.2278330886889191,241.9959820132868,0.20193974658641203,-0.041567,50.09412285814997,6.111825707892869,350.18181818181813,-0.17052219263262497,0.9853538358476928,False,0,69,NGRIP/data/processed/ngrip_warming_cooling_starts.csv,4.0,0.8,5.0,5.0,True
all_transitions,All NGRIP transitions (GI + GS),105.0,105.2,105.1,0.20000000000000284,3.8649999999999993,-0.22323802837875278,243.94575065010744,0.22209798591482938,-0.041949,50.15124272457888,6.168945574321775,353.45454545454544,-0.1139914098905415,0.9934817353485501,False,0,69,NGRIP/data/processed/ngrip_warming_cooling_starts.csv,4.0,0.8,5.0,5.0,True
all_transitions,All NGRIP transitions (GI + GS),105.2,105.4,105.30000000000001,0.20000000000000284,3.895000000000002,-0.20600655221562672,246.32043680505748,0.24664935623506376,-0.042190000000000005,50.20836259100779,6.226065440750688,356.7272727272731,-0.057088810862761456,0.9983691039261361,False,1,69,NGRIP/data/processed/ngrip_warming_cooling_starts.csv,3.0,0.6,5.0,5.0,True
all_transitions,All NGRIP transitions (GI + GS),105.4,105.6,105.5,0.19999999999998863,3.925,-0.1887750760525032,248.69512296000715,0.27120072655529437,-0.042289,50.26548245743669,0.0,0.0,0.0,1.0,False,0,69,NGRIP/data/processed/ngrip_warming_cooling_starts.csv,4.0,0.8,5.0,5.0,True
all_transitions,All NGRIP transitions (GI + GS),105.6,105.8,105.69999999999999,0.20000000000000284,3.9549999999999983,-0.17154359988937942,252.29565797650926,0.3084258850701779,-0.042245000000000005,50.324757790523286,0.05927533308659605,3.396226415094121,0.05924062789371047,0.9982437317643217,False,0,69,NGRIP/data/processed/ngrip_warming_cooling_starts.csv,4.0,0.8,5.0,5.0,True
all_transitions,All NGRIP transitions (GI + GS),105.8,106.0,105.9,0.20000000000000284,3.9850000000000008,-0.15431212372625336,255.94163189976072,0.3461208266863881,-0.042056,50.38403312360989,0.1185506661731992,6.792452830188648,0.11827317092136527,0.992981096013517,False,0,69,NGRIP/data/processed/ngrip_warming_cooling_starts.csv,4.0,0.8,5.0,5.0,True
all_transitions,All NGRIP transitions (GI + GS),106.0,106.2,106.1,0.20000000000000284,4.004,-0.14339885548960846,250.8939249084676,0.2939336678262814,-0.041721,50.443308456696485,0.17782599925979525,10.188679245282769,0.17689027512256866,0.9842305779475976,False,0,69,NGRIP/data/processed/ngrip_warming_cooling_starts.csv,4.0,0.8,5.0,5.0,True
all_transitions,All NGRIP transitions (GI + GS),106.2,106.4,106.30000000000001,0.20000000000000284,4.0120000000000005,-0.13880379517944136,242.73743986998932,0.20960552017876855,-0.041238999999999956,50.502583789783095,0.2371013323464055,13.584905660377704,0.23488604578098954,0.9720229140804094,False,0,69,NGRIP/data/processed/ngrip_warming_cooling_starts.csv,4.0,0.8,5.0,5.0,True
all_transitions,All NGRIP transitions (GI + GS),106.4,106.6,106.5,0.19999999999998863,4.02,-0.13420873486927531,243.8547732382123,0.22115738998573853,-0.040614,50.56185912286969,0.29637666543300156,16.981132075471823,0.29205677063697794,0.9564009842765218,False,0,69,NGRIP/data/processed/ngrip_warming_cooling_starts.csv,4.0,0.8,5.0,5.0,True
all_transitions,All NGRIP transitions (GI + GS),106.6,106.8,106.69999999999999,0.20000000000000284,4.028,-0.12961367455910872,242.37430202931574,0.2058511160083131,-0.03984800000000006,50.62113445595629,0.3556519985195976,20.377358490565946,0.34820163543439725,0.9374196611341215,False,1,69,NGRIP/data/processed/ngrip_warming_cooling_starts.csv,3.0,0.6,5.0,5.0,True
all_transitions,All NGRIP transitions (GI + GS),106.8,107.0,106.9,0.20000000000000284,4.0360000000000005,-0.12501861424894165,240.893830820419,0.19054484203088565,-0.038946,50.68040978904289,0.41492733160620077,23.773584905660474,0.40312342928797373,0.9151456172430178,False,1,69,NGRIP/data/processed/ngrip_warming_cooling_starts.csv,2.0,0.4,5.0,5.0,True
all_transitions,All NGRIP transitions (GI + GS),107.0,107.2,107.1,0.20000000000000284,4.047,-0.11870040632246305,239.9970219136196,0.18127292728483785,-0.03791,50.73968512212949,0.4742026646927968,27.169811320754594,0.45662923739371114,0.8896570909947482,False,0,69,NGRIP/data/processed/ngrip_warming_cooling_starts.csv,2.0,0.4,5.0,5.0,True
all_transitions,All NGRIP transitions (GI + GS),107.2,107.4,107.30000000000001,0.20000000000000284,4.061000000000001,-0.1106590507796709,239.4490540196203,0.17560760487533453,-0.03674299999999991,50.79896045521609,0.5334779977794,30.56603773584912,0.5085311186492214,0.861043611767355,False,0,69,NGRIP/data/processed/ngrip_warming_cooling_starts.csv,2.0,0.4,5.0,5.0,True
all_transitions,All NGRIP transitions (GI + GS),107.4,107.6,107.5,0.19999999999998863,4.075,-0.10261769523687977,238.9010861256211,0.16994228246583237,-0.035446,50.85823578830269,0.5927533308660031,33.962264150943646,0.5586467658036561,0.8294056854501993,False,0,69,NGRIP/data/processed/ngrip_warming_cooling_starts.csv,2.0,0.4,5.0,5.0,True
all_transitions,All NGRIP transitions (GI + GS),107.6,107.8,107.69999999999999,0.20000000000000284,4.0889999999999995,-0.09457633969408864,238.3531182316219,0.16427696005632994,-0.0340220000000001,50.91751112138929,0.6520286639525992,37.35849056603777,0.6068001458185939,0.7948544414133529,False,0,69,NGRIP/data/processed/ngrip_warming_cooling_starts.csv,2.0,0.4,5.0,5.0,True
all_transitions,All NGRIP transitions (GI + GS),107.8,108.0,107.9,0.20000000000000284,4.103000000000001,-0.0865349841512965,237.8051503376226,0.15861163764682662,-0.032474,50.97678645447589,0.7113039970392023,40.7547169811323,0.6528221181905246,0.7575112421616176,False,0,69,NGRIP/data/processed/ngrip_warming_cooling_starts.csv,2.0,0.4,5.0,5.0,True
all_transitions,All NGRIP transitions (GI + GS),108.0,108.2,108.1,0.20000000000000284,4.111000000000001,-0.08193992384112993,237.2571824436234,0.15294631523732446,-0.030804,51.03606178756249,0.7705793301257984,44.15094339622642,0.696551029062997,0.7175072570443312,False,0,69,NGRIP/data/processed/ngrip_warming_cooling_starts.csv,2.0,0.4,5.0,5.0,True
all_transitions,All NGRIP transitions (GI + GS),108.2,108.4,108.30000000000001,0.20000000000000284,4.113,-0.08079115876358842,236.7092145496241,0.14728099282782114,-0.029018999999999868,51.09533712064909,0.8298546632124015,47.54716981132095,0.7378332790417296,0.6749830015182081,False,1,69,NGRIP/data/processed/ngrip_warming_cooling_starts.csv,1.0,0.2,5.0,5.0,True
all_transitions,All NGRIP transitions (GI + GS),108.4,108.6,108.5,0.19999999999998863,4.115,-0.07964239368604689,237.50999775073106,0.15556011841905665,-0.027126,51.15461245373569,0.8891299962989976,50.94339622641507,0.7765238627180421,0.6300878435817114,False,0,69,NGRIP/data/processed/ngrip_warming_cooling_starts.csv,1.0,0.2,5.0,5.0,True
all_transitions,All NGRIP transitions (GI + GS),108.6,108.8,108.69999999999999,0.20000000000000284,4.117,-0.07849362860850538,239.7120320895708,0.17832647868019383,-0.025132000000000144,51.21388778682228,0.9484053293855936,54.33962264150919,0.8124868780056788,0.5829794791144756,False,0,69,NGRIP/data/processed/ngrip_warming_cooling_starts.csv,1.0,0.2,5.0,5.0,True
all_transitions,All NGRIP transitions (GI + GS),108.8,109.0,108.9,0.20000000000000284,4.119,-0.07734486353096386,241.91406642841085,0.20109283894133395,-0.023045,51.273163119908894,1.007680662472204,57.735849056604124,0.8455960035018293,0.5338233779647855,False,0,69,NGRIP/data/processed/ngrip_warming_cooling_starts.csv,1.0,0.2,5.0,5.0,True
all_transitions,All NGRIP transitions (GI + GS),109.0,109.2,109.1,0.20000000000000284,4.112000000000001,-0.08136554130235892,244.1161007672506,0.22385919920247116,-0.020874,51.33243845299549,1.0669559955588,61.13207547169824,0.8757349421956379,0.4827922027307429,False,0,69,NGRIP/data/processed/ngrip_warming_cooling_starts.csv,1.0,0.2,5.0,5.0,True
all_transitions,All NGRIP transitions (GI + GS),109.2,109.4,109.30000000000001,0.20000000000000284,4.095999999999999,-0.09055566192269308,244.36557842393017,0.22643849513300787,-0.018626999999999838,51.39171378608209,1.126231328645403,64.52830188679278,0.9027978299657459,0.43006520227651546,False,0,69,NGRIP/data/processed/ngrip_warming_cooling_starts.csv,1.0,0.2,5.0,5.0,True
all_transitions,All NGRIP transitions (GI + GS),109.4,109.6,109.5,0.19999999999998863,4.08,-0.09974578254302573,244.2783222592779,0.22553637238022398,-0.016312,51.45098911916869,1.1855066617319991,67.9245283018869,0.926689607431834,0.3758275821142366,False,0,69,NGRIP/data/processed/ngrip_warming_cooling_starts.csv,1.0,0.2,5.0,5.0,True
all_transitions,All NGRIP transitions (GI + GS),109.6,109.8,109.69999999999999,0.20000000000000284,4.064000000000001,-0.10893590316335837,244.1910660946256,0.22463424962743977,-0.01393600000000017,51.510264452255285,1.2447819948185952,71.32075471698101,0.9473263538541907,0.3202698538628396,False,0,69,NGRIP/data/processed/ngrip_warming_cooling_starts.csv,1.0,0.2,5.0,5.0,True
all_transitions,All NGRIP transitions (GI + GS),109.8,110.0,109.9,0.20000000000000284,4.047999999999999,-0.11812602378369254,244.3448153168418,0.22622382982657863,-0.011506,51.56953978534189,1.3040573279051983,74.71698113207555,0.964635581908359,0.2635871660690665,False,0,69,NGRIP/data/processed/ngrip_warming_cooling_starts.csv,1.0,0.2,5.0,5.0,True
all_transitions,All NGRIP transitions (GI + GS),110.0,110.2,110.1,0.20000000000000284,4.038,-0.12386984917140012,245.0605049135886,0.23362319091159742,-0.00903,51.628815118428484,1.3633326609917944,78.11320754716967,0.9785564922995035,0.205978618741101,False,0,69,NGRIP/data/processed/ngrip_warming_cooling_starts.csv,1.0,0.2,5.0,5.0,True
all_transitions,All NGRIP transitions (GI + GS),110.2,110.4,110.30000000000001,0.20000000000000284,4.034,-0.12616737932648367,245.77619451033553,0.24102255199661737,-0.006513999999999819,51.688090451515095,1.4226079940784047,81.5094339622646,0.9890401873221651,0.14764656400247358,False,0,69,NGRIP/data/processed/ngrip_warming_cooling_starts.csv,2.0,0.4,5.0,5.0,True
all_transitions,All NGRIP transitions (GI + GS),110.4,110.6,110.5,0.19999999999998863,4.029999999999999,-0.12846490948156722,246.49188410708234,0.24842191308163616,-0.003967,51.74736578460169,1.4818833271650007,84.90566037735871,0.9960498426152172,0.08879589532293092,False,1,69,NGRIP/data/processed/ngrip_warming_cooling_starts.csv,1.0,0.2,5.0,5.0,True
all_transitions,All NGRIP transitions (GI + GS),110.6,110.8,110.69999999999999,0.20000000000000284,4.026,-0.13076243963665024,247.92026183629372,0.2631896037568622,-0.0013990000000001826,51.80664111768829,1.5411586602515968,88.30188679245283,0.9995608365087943,0.029633327822559667,False,0,69,NGRIP/data/processed/ngrip_warming_cooling_starts.csv,1.0,0.2,5.0,5.0,True
all_transitions,All NGRIP transitions (GI + GS),110.8,111.0,110.9,0.20000000000000284,4.021999999999999,-0.1330599697917338,249.62144099395974,0.2807777298314851,0.001179,51.86591645077489,1.6004339933382,91.69811320754737,0.9995608365087942,-0.029633327822563095,False,0,69,NGRIP/data/processed/ngrip_warming_cooling_starts.csv,1.0,0.2,5.0,5.0,True
all_transitions,All NGRIP transitions (GI + GS),111.0,111.2,111.1,0.20000000000000284,4.021,-0.1336343523305043,251.32262015162553,0.29836585590610565,0.003753,51.925191783861486,1.659709326424796,95.09433962264148,0.996049842615217,-0.08879589532293433,False,0,69,NGRIP/data/processed/ngrip_warming_cooling_starts.csv,1.0,0.2,5.0,5.0,True
all_transitions,All NGRIP transitions (GI + GS),111.2,111.4,111.30000000000001,0.20000000000000284,4.023,-0.13248558725296278,253.02379930929155,0.3159539819807286,0.006315000000000182,51.98446711694809,1.7189846595113991,98.49056603773602,0.9890401873221636,-0.14764656400248402,False,0,69,NGRIP/data/processed/ngrip_warming_cooling_starts.csv,1.0,0.2,5.0,5.0,True
all_transitions,All NGRIP transitions (GI + GS),111.4,111.6,111.5,0.19999999999998863,4.025,-0.13133682217542075,254.72497846695734,0.3335421080553492,0.008854,52.04374245003469,1.7782599925980023,101.88679245283055,0.9785564922995027,-0.20597861874110435,False,0,69,NGRIP/data/processed/ngrip_warming_cooling_starts.csv,1.0,0.2,5.0,5.0,True
all_transitions,All NGRIP transitions (GI + GS),111.6,111.8,111.69999999999999,0.20000000000000284,4.027,-0.13018805709787923,256.4261576246231,0.35113023412996947,0.011364999999999821,52.10301778312129,1.8375353256845983,105.28301886792467,0.9646355819083581,-0.26358716606906984,False,0,69,NGRIP/data/processed/ngrip_warming_cooling_starts.csv,1.0,0.2,5.0,5.0,True
all_transitions,All NGRIP transitions (GI + GS),111.8,112.0,111.9,0.20000000000000284,4.029,-0.1290392920203377,257.89516611057013,0.3663179974758214,0.013839,52.16229311620789,1.8968106587712015,108.67924528301918,0.9473263538541896,-0.3202698538628429,False,0,69,NGRIP/data/processed/ngrip_warming_cooling_starts.csv,1.0,0.2,5.0,5.0,True
all_transitions,All NGRIP transitions (GI + GS),112.0,112.2,112.1,0.20000000000000284,4.0200000000000005,-0.1342087348692748,257.5948739603123,0.36321334140585165,0.016273,52.22156844929449,1.9560859918577975,112.0754716981133,0.9266896074318328,-0.3758275821142398,False,0,69,NGRIP/data/processed/ngrip_warming_cooling_starts.csv,1.0,0.2,5.0,5.0,True
all_transitions,All NGRIP transitions (GI + GS),112.2,112.4,112.30000000000001,0.20000000000000284,3.999999999999999,-0.145696385644692,257.29458181005447,0.3601086853358813,0.018657000000000167,52.28084378238109,2.0153613249444007,115.47169811320784,0.9027978299657413,-0.430065202276525,False,0,69,NGRIP/data/processed/ngrip_warming_cooling_starts.csv,1.0,0.2,5.0,5.0,True
all_transitions,All NGRIP transitions (GI + GS),112.4,112.6,112.5,0.19999999999998863,3.9800000000000004,-0.15718403642010767,256.99428965979666,0.3570040292659115,0.020981,52.34011911546769,2.0746366580309967,118.86792452830196,0.8757349421956362,-0.4827922027307459,False,0,69,NGRIP/data/processed/ngrip_warming_cooling_starts.csv,1.0,0.2,5.0,5.0,True
all_transitions,All NGRIP transitions (GI + GS),112.6,112.8,112.69999999999999,0.20000000000000284,3.9600000000000013,-0.1686716871955236,258.1141102409036,0.36858161383289384,0.02323399999999984,52.39939444855428,2.1339119911175928,122.26415094339607,0.8455960035018275,-0.5338233779647885,False,0,69,NGRIP/data/processed/ngrip_warming_cooling_starts.csv,1.0,0.2,5.0,5.0,True
all_transitions,All NGRIP transitions (GI + GS),112.8,113.0,112.9,0.20000000000000284,3.9399999999999995,-0.18015933797094105,262.2558768712204,0.41140244980270485,0.025404,52.45866978164089,2.193187324204203,125.66037735849102,0.8124868780056768,-0.5829794791144783,False,0,69,NGRIP/data/processed/ngrip_warming_cooling_starts.csv,1.0,0.2,5.0,5.0,True
all_transitions,All NGRIP transitions (GI + GS),113.0,113.2,113.1,0.20000000000000284,3.918000000000001,-0.19279575382389824,264.5730867568997,0.43535958531487895,0.02748,52.51794511472749,2.252462657290799,129.05660377358512,0.77652386271804,-0.6300878435817141,False,0,69,NGRIP/data/processed/ngrip_warming_cooling_starts.csv,1.0,0.2,5.0,5.0,True
all_transitions,All NGRIP transitions (GI + GS),113.2,113.4,113.30000000000001,0.20000000000000284,3.893999999999999,-0.20658093475439926,263.40268095410926,0.42325901100135893,0.029455000000000134,52.57722044781409,2.3117379903774022,132.45283018867966,0.7378332790417224,-0.6749830015182159,False,0,69,NGRIP/data/processed/ngrip_warming_cooling_starts.csv,1.0,0.2,5.0,5.0,True
all_transitions,All NGRIP transitions (GI + GS),113.4,113.6,113.5,0.19999999999998863,3.87,-0.22036611568489822,261.91170902156654,0.40784417229661984,0.031323,52.63649578090069,2.3710133234639983,135.8490566037738,0.6965510290629946,-0.7175072570443335,False,0,69,NGRIP/data/processed/ngrip_warming_cooling_starts.csv,1.0,0.2,5.0,5.0,True
all_transitions,All NGRIP transitions (GI + GS),113.6,113.8,113.69999999999999,0.20000000000000284,3.8460000000000014,-0.2341512966153972,260.85369928400945,0.3969056367705539,0.033080999999999874,52.695771113987284,2.4302886565505943,139.2452830188679,0.6528221181905219,-0.7575112421616198,False,0,69,NGRIP/data/processed/ngrip_warming_cooling_starts.csv,1.0,0.2,5.0,5.0,True
all_transitions,All NGRIP transitions (GI + GS),113.8,114.0,113.9,0.20000000000000284,3.821999999999999,-0.24793647754589818,263.4159904534607,0.42339661505765647,0.034724,52.75504644707389,2.4895639896371975,142.64150943396243,0.6068001458185911,-0.794854441413355,False,0,69,NGRIP/data/processed/ngrip_warming_cooling_starts.csv,1.0,0.2,5.0,5.0,True
all_transitions,All NGRIP transitions (GI + GS),114.0,114.2,114.1,0.20000000000000284,3.8000000000000007,-0.26057289339885537,265.9782816229116,0.4498875933447549,0.036248,52.81432178016048,2.5488393227237935,146.03773584905656,0.5586467658036532,-0.8294056854502012,False,0,69,NGRIP/data/processed/ngrip_warming_cooling_starts.csv,2.0,0.4,5.0,5.0,True
all_transitions,All NGRIP transitions (GI + GS),114.2,114.4,114.30000000000001,0.20000000000000284,3.779999999999999,-0.27206054417427283,268.5340711759032,0.47631135281515247,0.03765000000000009,52.873597113247094,2.608114655810404,149.4339622641515,0.5085311186492124,-0.8610436117673603,False,0,69,NGRIP/data/processed/ngrip_warming_cooling_starts.csv,2.0,0.4,5.0,5.0,True
all_transitions,All NGRIP transitions (GI + GS),114.4,114.6,114.5,0.19999999999998863,3.76,-0.28354819494968875,271.07035587951543,0.5025334558354314,0.038922,52.93287244633369,2.667389988897,152.83018867924562,0.4566292373937081,-0.8896570909947499,False,0,69,NGRIP/data/processed/ngrip_warming_cooling_starts.csv,2.0,0.4,5.0,5.0,True
all_transitions,All NGRIP transitions (GI + GS),114.6,114.8,114.69999999999999,0.20000000000000284,3.740000000000001,-0.29503584572510444,273.60664058312767,0.5287555588557104,0.04005899999999992,52.992147779420286,2.726665321983596,156.22641509433973,0.4031234292879706,-0.9151456172430191,False,0,69,NGRIP/data/processed/ngrip_warming_cooling_starts.csv,2.0,0.4,5.0,5.0,True
all_transitions,All NGRIP transitions (GI + GS),114.8,115.0,114.9,0.20000000000000284,3.7199999999999993,-0.3065234965005219,275.32330401973866,0.5465037735659314,0.041055,53.05142311250689,2.785940655070199,159.62264150943426,0.34820163543439403,-0.9374196611341227,False,0,69,NGRIP/data/processed/ngrip_warming_cooling_starts.csv,2.0,0.4,5.0,5.0,True
