model_id,terms,n_parameters,converged,fit_valid,invalid_reason,log_likelihood,AIC,pre_phase_preferred_deg,pre_phase_rate_ratio_max_vs_min,n_events,exposure_kyr,fit_status,realization_id
B,same_type_exponential_history;lr04_scaled;co2_scaled;mis6_segment,5,True,True,,-110.61667945174962,231.23335890349924,,,53.0,162.41264500000005,finite_mle,joint_01858
BP,same_type_exponential_history;lr04_scaled;co2_scaled;mis6_segment;pre_phase_sin;pre_phase_cos,7,True,True,,-100.0809025591697,214.1618051183394,321.8061452318287,9.151679800499068,53.0,162.41264500000005,finite_mle,joint_01858
B_ecc,same_type_exponential_history;lr04_scaled;co2_scaled;mis6_segment;ecc_scaled,6,True,True,,-107.88350737175409,227.76701474350818,,,53.0,162.41264500000005,finite_mle,joint_01858
BP_ecc,same_type_exponential_history;lr04_scaled;co2_scaled;mis6_segment;pre_phase_sin;pre_phase_cos;ecc_scaled,8,True,True,,-98.66137283412135,213.3227456682427,320.18676828330945,7.988167957721331,53.0,162.41264500000005,finite_mle,joint_01858
B_obl,same_type_exponential_history;lr04_scaled;co2_scaled;mis6_segment;obl_scaled,6,True,True,,-110.57498549982404,233.14997099964808,,,53.0,162.41264500000005,finite_mle,joint_01858
BP_obl,same_type_exponential_history;lr04_scaled;co2_scaled;mis6_segment;pre_phase_sin;pre_phase_cos;obl_scaled,8,True,True,,-98.4414348135229,212.8828696270458,322.8529452263102,12.657385674049829,53.0,162.41264500000005,finite_mle,joint_01858
B_insol65n,same_type_exponential_history;lr04_scaled;co2_scaled;mis6_segment;insol65n_scaled,6,True,True,,-104.50768960361654,221.01537920723308,,,53.0,162.41264500000005,finite_mle,joint_01858
BP_insol65n,same_type_exponential_history;lr04_scaled;co2_scaled;mis6_segment;pre_phase_sin;pre_phase_cos;insol65n_scaled,8,True,True,,-98.39322253787992,212.78644507575984,300.73106149823246,5.758793696714182,53.0,162.41264500000005,finite_mle,joint_01858
B,same_type_exponential_history;lr04_scaled;co2_scaled;mis6_segment,5,True,True,,-111.80905489974472,233.61810979948945,,,53.0,166.67110000000002,finite_mle,joint_05740
BP,same_type_exponential_history;lr04_scaled;co2_scaled;mis6_segment;pre_phase_sin;pre_phase_cos,7,True,True,,-101.77425999610779,217.54851999221557,329.67428998704776,7.927380947488083,53.0,166.67110000000002,finite_mle,joint_05740
B_ecc,same_type_exponential_history;lr04_scaled;co2_scaled;mis6_segment;ecc_scaled,6,True,True,,-109.17236290815876,230.34472581631752,,,53.0,166.67110000000002,finite_mle,joint_05740
BP_ecc,same_type_exponential_history;lr04_scaled;co2_scaled;mis6_segment;pre_phase_sin;pre_phase_cos;ecc_scaled,8,True,True,,-100.84007688381573,217.68015376763145,328.26444729510587,6.6648333806330795,53.0,166.67110000000002,finite_mle,joint_05740
B_obl,same_type_exponential_history;lr04_scaled;co2_scaled;mis6_segment;obl_scaled,6,True,True,,-111.7824247771257,235.5648495542514,,,53.0,166.67110000000002,finite_mle,joint_05740
BP_obl,same_type_exponential_history;lr04_scaled;co2_scaled;mis6_segment;pre_phase_sin;pre_phase_cos;obl_scaled,8,True,True,,-100.70869254984791,217.41738509969582,329.4131986266029,9.772763018983305,53.0,166.67110000000002,finite_mle,joint_05740
B_insol65n,same_type_exponential_history;lr04_scaled;co2_scaled;mis6_segment;insol65n_scaled,6,True,True,,-103.85145719626506,219.70291439253012,,,53.0,166.67110000000002,finite_mle,joint_05740
BP_insol65n,same_type_exponential_history;lr04_scaled;co2_scaled;mis6_segment;pre_phase_sin;pre_phase_cos;insol65n_scaled,8,True,True,,-99.40834197875799,214.81668395751598,302.4342515476169,4.309276465934334,53.0,166.67110000000002,finite_mle,joint_05740
B,same_type_exponential_history;lr04_scaled;co2_scaled;mis6_segment,5,True,True,,-110.67721453588754,231.3544290717751,,,53.0,160.29393400000004,finite_mle,joint_01950
BP,same_type_exponential_history;lr04_scaled;co2_scaled;mis6_segment;pre_phase_sin;pre_phase_cos,7,True,True,,-101.45502113661314,216.91004227322628,323.1585349721426,7.543563312629011,53.0,160.29393400000004,finite_mle,joint_01950
B_ecc,same_type_exponential_history;lr04_scaled;co2_scaled;mis6_segment;ecc_scaled,6,True,True,,-108.8268731370278,229.6537462740556,,,53.0,160.29393400000004,finite_mle,joint_01950
BP_ecc,same_type_exponential_history;lr04_scaled;co2_scaled;mis6_segment;pre_phase_sin;pre_phase_cos;ecc_scaled,8,True,True,,-100.59977718645794,217.19955437291588,321.66592444220584,6.744362812342973,53.0,160.29393400000004,finite_mle,joint_01950
B_obl,same_type_exponential_history;lr04_scaled;co2_scaled;mis6_segment;obl_scaled,6,True,True,,-110.63948931530543,233.27897863061085,,,53.0,160.29393400000004,finite_mle,joint_01950
BP_obl,same_type_exponential_history;lr04_scaled;co2_scaled;mis6_segment;pre_phase_sin;pre_phase_cos;obl_scaled,8,True,True,,-99.85710454680581,215.71420909361163,323.6950448823836,10.259783868690432,53.0,160.29393400000004,finite_mle,joint_01950
B_insol65n,same_type_exponential_history;lr04_scaled;co2_scaled;mis6_segment;insol65n_scaled,6,True,True,,-104.56730628683158,221.13461257366316,,,53.0,160.29393400000004,finite_mle,joint_01950
BP_insol65n,same_type_exponential_history;lr04_scaled;co2_scaled;mis6_segment;pre_phase_sin;pre_phase_cos;insol65n_scaled,8,True,True,,-99.41623426986884,214.83246853973768,296.66860064179355,4.7500295634528245,53.0,160.29393400000004,finite_mle,joint_01950
B,same_type_exponential_history;lr04_scaled;co2_scaled;mis6_segment,5,True,True,,-110.28288489789239,230.56576979578477,,,53.0,164.93327900000008,finite_mle,joint_08028
BP,same_type_exponential_history;lr04_scaled;co2_scaled;mis6_segment;pre_phase_sin;pre_phase_cos,7,True,True,,-103.29642299477293,220.59284598954585,332.8253052207022,5.45817462359024,53.0,164.93327900000008,finite_mle,joint_08028
B_ecc,same_type_exponential_history;lr04_scaled;co2_scaled;mis6_segment;ecc_scaled,6,True,True,,-109.80848815500704,231.61697631001408,,,53.0,164.93327900000008,finite_mle,joint_08028
BP_ecc,same_type_exponential_history;lr04_scaled;co2_scaled;mis6_segment;pre_phase_sin;pre_phase_cos;ecc_scaled,8,True,True,,-103.29260756874403,222.58521513748806,332.7583795072444,5.394978544832074,53.0,164.93327900000008,finite_mle,joint_08028
B_obl,same_type_exponential_history;lr04_scaled;co2_scaled;mis6_segment;obl_scaled,6,True,True,,-110.26659223583883,232.53318447167766,,,53.0,164.93327900000008,finite_mle,joint_08028
BP_obl,same_type_exponential_history;lr04_scaled;co2_scaled;mis6_segment;pre_phase_sin;pre_phase_cos;obl_scaled,8,True,True,,-103.02786803594974,222.05573607189947,333.11498502819137,5.995715510603148,53.0,164.93327900000008,finite_mle,joint_08028
B_insol65n,same_type_exponential_history;lr04_scaled;co2_scaled;mis6_segment;insol65n_scaled,6,True,True,,-105.87962924381154,223.75925848762307,,,53.0,164.93327900000008,finite_mle,joint_08028
BP_insol65n,same_type_exponential_history;lr04_scaled;co2_scaled;mis6_segment;pre_phase_sin;pre_phase_cos;insol65n_scaled,8,True,True,,-102.84249032089377,221.68498064178755,323.12462892014605,3.844369532691675,53.0,164.93327900000008,finite_mle,joint_08028
B,same_type_exponential_history;lr04_scaled;co2_scaled;mis6_segment,5,True,True,,-110.35970819737554,230.71941639475108,,,53.0,161.04800000000003,finite_mle,joint_08732
BP,same_type_exponential_history;lr04_scaled;co2_scaled;mis6_segment;pre_phase_sin;pre_phase_cos,7,True,True,,-101.05083862270013,216.10167724540025,314.5626449824876,7.783994833588238,53.0,161.04800000000003,finite_mle,joint_08732
B_ecc,same_type_exponential_history;lr04_scaled;co2_scaled;mis6_segment;ecc_scaled,6,True,True,,-107.44529846928724,226.89059693857448,,,53.0,161.04800000000003,finite_mle,joint_08732
BP_ecc,same_type_exponential_history;lr04_scaled;co2_scaled;mis6_segment;pre_phase_sin;pre_phase_cos;ecc_scaled,8,True,True,,-98.88314357060341,213.76628714120682,311.77796420821727,7.159236333369857,53.0,161.04800000000003,finite_mle,joint_08732
B_obl,same_type_exponential_history;lr04_scaled;co2_scaled;mis6_segment;obl_scaled,6,True,True,,-110.2565121452715,232.513024290543,,,53.0,161.04800000000003,finite_mle,joint_08732
BP_obl,same_type_exponential_history;lr04_scaled;co2_scaled;mis6_segment;pre_phase_sin;pre_phase_cos;obl_scaled,8,True,True,,-99.00393724867854,214.00787449735708,315.47233890513405,11.217947177799923,53.0,161.04800000000003,finite_mle,joint_08732
B_insol65n,same_type_exponential_history;lr04_scaled;co2_scaled;mis6_segment;insol65n_scaled,6,True,True,,-106.12645018709753,224.25290037419506,,,53.0,161.04800000000003,finite_mle,joint_08732
BP_insol65n,same_type_exponential_history;lr04_scaled;co2_scaled;mis6_segment;pre_phase_sin;pre_phase_cos;insol65n_scaled,8,True,True,,-99.50944779660253,215.01889559320506,291.624288863548,5.756681999257945,53.0,161.04800000000003,finite_mle,joint_08732
B,same_type_exponential_history;lr04_scaled;co2_scaled;mis6_segment,5,True,True,,-111.15115241351481,232.30230482702962,,,53.0,162.74372100000002,finite_mle,joint_06901
BP,same_type_exponential_history;lr04_scaled;co2_scaled;mis6_segment;pre_phase_sin;pre_phase_cos,7,True,True,,-101.85189651184837,217.70379302369673,330.3223328005305,7.9304445845453175,53.0,162.74372100000002,finite_mle,joint_06901
B_ecc,same_type_exponential_history;lr04_scaled;co2_scaled;mis6_segment;ecc_scaled,6,True,True,,-109.13005818030837,230.26011636061673,,,53.0,162.74372100000002,finite_mle,joint_06901
BP_ecc,same_type_exponential_history;lr04_scaled;co2_scaled;mis6_segment;pre_phase_sin;pre_phase_cos;ecc_scaled,8,True,True,,-101.00404856637093,218.00809713274185,329.6368338389964,6.953766667711701,53.0,162.74372100000002,finite_mle,joint_06901
B_obl,same_type_exponential_history;lr04_scaled;co2_scaled;mis6_segment;obl_scaled,6,True,True,,-111.14439441236297,234.28878882472594,,,53.0,162.74372100000002,finite_mle,joint_06901
BP_obl,same_type_exponential_history;lr04_scaled;co2_scaled;mis6_segment;pre_phase_sin;pre_phase_cos;obl_scaled,8,True,True,,-100.74182619764929,217.48365239529858,330.48689431737336,10.269989480980582,53.0,162.74372100000002,finite_mle,joint_06901
B_insol65n,same_type_exponential_history;lr04_scaled;co2_scaled;mis6_segment;insol65n_scaled,6,True,True,,-104.43601477996174,220.87202955992348,,,53.0,162.74372100000002,finite_mle,joint_06901
BP_insol65n,same_type_exponential_history;lr04_scaled;co2_scaled;mis6_segment;pre_phase_sin;pre_phase_cos;insol65n_scaled,8,True,True,,-100.20605215893312,216.41210431786624,310.1129571151429,4.575761285862248,53.0,162.74372100000002,finite_mle,joint_06901
B,same_type_exponential_history;lr04_scaled;co2_scaled;mis6_segment,5,True,True,,-110.44964965374464,230.8992993074893,,,53.0,164.837426,finite_mle,joint_09322
BP,same_type_exponential_history;lr04_scaled;co2_scaled;mis6_segment;pre_phase_sin;pre_phase_cos,7,True,True,,-100.79895928611168,215.59791857222336,327.95621896021123,7.872021479671389,53.0,164.837426,finite_mle,joint_09322
B_ecc,same_type_exponential_history;lr04_scaled;co2_scaled;mis6_segment;ecc_scaled,6,True,True,,-108.57782090772982,229.15564181545963,,,53.0,164.837426,finite_mle,joint_09322
BP_ecc,same_type_exponential_history;lr04_scaled;co2_scaled;mis6_segment;pre_phase_sin;pre_phase_cos;ecc_scaled,8,True,True,,-100.23005676941774,216.4601135388355,326.5123185779212,6.925240875974644,53.0,164.837426,finite_mle,joint_09322
B_obl,same_type_exponential_history;lr04_scaled;co2_scaled;mis6_segment;obl_scaled,6,True,True,,-110.42263541485144,232.84527082970288,,,53.0,164.837426,finite_mle,joint_09322
BP_obl,same_type_exponential_history;lr04_scaled;co2_scaled;mis6_segment;pre_phase_sin;pre_phase_cos;obl_scaled,8,True,True,,-99.70502132911977,215.41004265823955,328.1728160938131,9.813201104553942,53.0,164.837426,finite_mle,joint_09322
B_insol65n,same_type_exponential_history;lr04_scaled;co2_scaled;mis6_segment;insol65n_scaled,6,True,True,,-103.16641983557923,218.33283967115847,,,53.0,164.837426,finite_mle,joint_09322
BP_insol65n,same_type_exponential_history;lr04_scaled;co2_scaled;mis6_segment;pre_phase_sin;pre_phase_cos;insol65n_scaled,8,True,True,,-98.78496735289443,213.56993470578885,303.7693043282303,4.458588310700953,53.0,164.837426,finite_mle,joint_09322
B,same_type_exponential_history;lr04_scaled;co2_scaled;mis6_segment,5,True,True,,-110.74906955674345,231.4981391134869,,,53.0,162.68473700000004,finite_mle,joint_03459
BP,same_type_exponential_history;lr04_scaled;co2_scaled;mis6_segment;pre_phase_sin;pre_phase_cos,7,True,True,,-103.40339286437889,220.80678572875777,322.1170082360398,5.625179535515247,53.0,162.68473700000004,finite_mle,joint_03459
B_ecc,same_type_exponential_history;lr04_scaled;co2_scaled;mis6_segment;ecc_scaled,6,True,True,,-108.37109060117356,228.74218120234713,,,53.0,162.68473700000004,finite_mle,joint_03459
BP_ecc,same_type_exponential_history;lr04_scaled;co2_scaled;mis6_segment;pre_phase_sin;pre_phase_cos;ecc_scaled,8,True,True,,-102.14813254311278,220.29626508622556,319.6613324029255,4.85866454930738,53.0,162.68473700000004,finite_mle,joint_03459
B_obl,same_type_exponential_history;lr04_scaled;co2_scaled;mis6_segment;obl_scaled,6,True,True,,-110.66590014887342,233.33180029774684,,,53.0,162.68473700000004,finite_mle,joint_03459
BP_obl,same_type_exponential_history;lr04_scaled;co2_scaled;mis6_segment;pre_phase_sin;pre_phase_cos;obl_scaled,8,True,True,,-102.14630730884127,220.29261461768255,322.6924796498228,6.939553599084777,53.0,162.68473700000004,finite_mle,joint_03459
B_insol65n,same_type_exponential_history;lr04_scaled;co2_scaled;mis6_segment;insol65n_scaled,6,True,True,,-105.03011720831907,222.06023441663814,,,53.0,162.68473700000004,finite_mle,joint_03459
BP_insol65n,same_type_exponential_history;lr04_scaled;co2_scaled;mis6_segment;pre_phase_sin;pre_phase_cos;insol65n_scaled,8,True,True,,-101.01765171810322,218.03530343620645,286.9643260891185,3.6132631627713487,53.0,162.68473700000004,finite_mle,joint_03459
B,same_type_exponential_history;lr04_scaled;co2_scaled;mis6_segment,5,True,True,,-110.47049560370382,230.94099120740765,,,53.0,166.55501900000002,finite_mle,joint_05927
BP,same_type_exponential_history;lr04_scaled;co2_scaled;mis6_segment;pre_phase_sin;pre_phase_cos,7,True,True,,-105.153770213943,224.307540427886,337.83331822492346,4.249616511775978,53.0,166.55501900000002,finite_mle,joint_05927
B_ecc,same_type_exponential_history;lr04_scaled;co2_scaled;mis6_segment;ecc_scaled,6,True,True,,-109.70937071994229,231.41874143988457,,,53.0,166.55501900000002,finite_mle,joint_05927
BP_ecc,same_type_exponential_history;lr04_scaled;co2_scaled;mis6_segment;pre_phase_sin;pre_phase_cos;ecc_scaled,8,True,True,,-105.0395305493283,226.0790610986566,337.57739749170355,3.994153252477844,53.0,166.55501900000002,finite_mle,joint_05927
B_obl,same_type_exponential_history;lr04_scaled;co2_scaled;mis6_segment;obl_scaled,6,True,True,,-110.46456301788614,232.92912603577227,,,53.0,166.55501900000002,finite_mle,joint_05927
BP_obl,same_type_exponential_history;lr04_scaled;co2_scaled;mis6_segment;pre_phase_sin;pre_phase_cos;obl_scaled,8,True,True,,-104.77099349866262,225.54198699732524,337.7168011216442,4.702912816098497,53.0,166.55501900000002,finite_mle,joint_05927
B_insol65n,same_type_exponential_history;lr04_scaled;co2_scaled;mis6_segment;insol65n_scaled,6,True,True,,-106.68191202545705,225.3638240509141,,,53.0,166.55501900000002,finite_mle,joint_05927
BP_insol65n,same_type_exponential_history;lr04_scaled;co2_scaled;mis6_segment;pre_phase_sin;pre_phase_cos;insol65n_scaled,8,True,True,,-104.7740149955631,225.5480299911262,328.4887905206506,2.989869293523327,53.0,166.55501900000002,finite_mle,joint_05927
B,same_type_exponential_history;lr04_scaled;co2_scaled;mis6_segment,5,True,True,,-110.21861689175364,230.43723378350728,,,53.0,160.27644800000004,finite_mle,joint_01678
BP,same_type_exponential_history;lr04_scaled;co2_scaled;mis6_segment;pre_phase_sin;pre_phase_cos,7,True,True,,-101.76075346188142,217.52150692376284,315.6436810205307,6.845380222762304,53.0,160.27644800000004,finite_mle,joint_01678
B_ecc,same_type_exponential_history;lr04_scaled;co2_scaled;mis6_segment;ecc_scaled,6,True,True,,-107.24044409096808,226.48088818193617,,,53.0,160.27644800000004,finite_mle,joint_01678
BP_ecc,same_type_exponential_history;lr04_scaled;co2_scaled;mis6_segment;pre_phase_sin;pre_phase_cos;ecc_scaled,8,True,True,,-99.93316027255958,215.86632054511915,312.87347168195896,6.019674049902243,53.0,160.27644800000004,finite_mle,joint_01678
B_obl,same_type_exponential_history;lr04_scaled;co2_scaled;mis6_segment;obl_scaled,6,True,True,,-110.17785977316727,232.35571954633454,,,53.0,160.27644800000004,finite_mle,joint_01678
BP_obl,same_type_exponential_history;lr04_scaled;co2_scaled;mis6_segment;pre_phase_sin;pre_phase_cos;obl_scaled,8,True,True,,-100.33228247612476,216.66456495224952,316.4320976754687,9.070216939728391,53.0,160.27644800000004,finite_mle,joint_01678
B_insol65n,same_type_exponential_history;lr04_scaled;co2_scaled;mis6_segment;insol65n_scaled,6,True,True,,-106.14748423387212,224.29496846774424,,,53.0,160.27644800000004,finite_mle,joint_01678
BP_insol65n,same_type_exponential_history;lr04_scaled;co2_scaled;mis6_segment;pre_phase_sin;pre_phase_cos;insol65n_scaled,8,True,True,,-100.52039227763854,217.04078455527707,293.1975157504851,4.981204146048199,53.0,160.27644800000004,finite_mle,joint_01678
B,same_type_exponential_history;lr04_scaled;co2_scaled;mis6_segment,5,True,True,,-111.41501704332586,232.83003408665172,,,53.0,162.994819,finite_mle,joint_04201
BP,same_type_exponential_history;lr04_scaled;co2_scaled;mis6_segment;pre_phase_sin;pre_phase_cos,7,True,True,,-100.93756048684918,215.87512097369836,331.9340994947241,9.047593799413113,53.0,162.994819,finite_mle,joint_04201
B_ecc,same_type_exponential_history;lr04_scaled;co2_scaled;mis6_segment;ecc_scaled,6,True,True,,-109.27620783974213,230.55241567948426,,,53.0,162.994819,finite_mle,joint_04201
BP_ecc,same_type_exponential_history;lr04_scaled;co2_scaled;mis6_segment;pre_phase_sin;pre_phase_cos;ecc_scaled,8,True,True,,-100.10928238979912,216.21856477959824,331.2906671918217,7.907465511947399,53.0,162.994819,finite_mle,joint_04201
B_obl,same_type_exponential_history;lr04_scaled;co2_scaled;mis6_segment;obl_scaled,6,True,True,,-111.41252914184233,234.82505828368465,,,53.0,162.994819,finite_mle,joint_04201
BP_obl,same_type_exponential_history;lr04_scaled;co2_scaled;mis6_segment;pre_phase_sin;pre_phase_cos;obl_scaled,8,True,True,,-100.07457733417647,216.14915466835294,331.94270932485625,11.308643987353452,53.0,162.994819,finite_mle,joint_04201
B_insol65n,same_type_exponential_history;lr04_scaled;co2_scaled;mis6_segment;insol65n_scaled,6,True,True,,-103.82040922979644,219.64081845959288,,,53.0,162.994819,finite_mle,joint_04201
BP_insol65n,same_type_exponential_history;lr04_scaled;co2_scaled;mis6_segment;pre_phase_sin;pre_phase_cos;insol65n_scaled,8,True,True,,-99.19590821088347,214.39181642176695,312.9837704104346,5.03245319795372,53.0,162.994819,finite_mle,joint_04201
B,same_type_exponential_history;lr04_scaled;co2_scaled;mis6_segment,5,True,True,,-110.97952007149786,231.95904014299572,,,53.0,165.62824500000005,finite_mle,joint_09031
BP,same_type_exponential_history;lr04_scaled;co2_scaled;mis6_segment;pre_phase_sin;pre_phase_cos,7,True,True,,-101.05938934714223,216.11877869428446,331.54893308965023,8.29221199914205,53.0,165.62824500000005,finite_mle,joint_09031
B_ecc,same_type_exponential_history;lr04_scaled;co2_scaled;mis6_segment;ecc_scaled,6,True,True,,-109.4815345251195,230.963069050239,,,53.0,165.62824500000005,finite_mle,joint_09031
BP_ecc,same_type_exponential_history;lr04_scaled;co2_scaled;mis6_segment;pre_phase_sin;pre_phase_cos;ecc_scaled,8,True,True,,-100.70108313435998,217.40216626871995,330.7985656747612,7.462763420843678,53.0,165.62824500000005,finite_mle,joint_09031
B_obl,same_type_exponential_history;lr04_scaled;co2_scaled;mis6_segment;obl_scaled,6,True,True,,-110.97948588645681,233.95897177291363,,,53.0,165.62824500000005,finite_mle,joint_09031
BP_obl,same_type_exponential_history;lr04_scaled;co2_scaled;mis6_segment;pre_phase_sin;pre_phase_cos;obl_scaled,8,True,True,,-100.34655358050412,216.69310716100824,331.58307996190854,9.882379107275803,53.0,165.62824500000005,finite_mle,joint_09031
B_insol65n,same_type_exponential_history;lr04_scaled;co2_scaled;mis6_segment;insol65n_scaled,6,True,True,,-103.75822619217946,219.51645238435893,,,53.0,165.62824500000005,finite_mle,joint_09031
BP_insol65n,same_type_exponential_history;lr04_scaled;co2_scaled;mis6_segment;pre_phase_sin;pre_phase_cos;insol65n_scaled,8,True,True,,-99.5345779944821,215.0691559889642,313.61300073154734,4.717919913562427,53.0,165.62824500000005,finite_mle,joint_09031
B,same_type_exponential_history;lr04_scaled;co2_scaled;mis6_segment,5,True,True,,-110.17118454159457,230.34236908318914,,,53.0,162.796264,finite_mle,joint_09715
BP,same_type_exponential_history;lr04_scaled;co2_scaled;mis6_segment;pre_phase_sin;pre_phase_cos,7,True,True,,-100.75761881849785,215.5152376369957,321.13226967340603,7.735318492009154,53.0,162.796264,finite_mle,joint_09715
B_ecc,same_type_exponential_history;lr04_scaled;co2_scaled;mis6_segment;ecc_scaled,6,True,True,,-107.321465036484,226.642930072968,,,53.0,162.796264,finite_mle,joint_09715
BP_ecc,same_type_exponential_history;lr04_scaled;co2_scaled;mis6_segment;pre_phase_sin;pre_phase_cos;ecc_scaled,8,True,True,,-98.9518182568242,213.9036365136484,319.34446375298234,6.9203681597722255,53.0,162.796264,finite_mle,joint_09715
B_obl,same_type_exponential_history;lr04_scaled;co2_scaled;mis6_segment;obl_scaled,6,True,True,,-110.10511778527356,232.21023557054713,,,53.0,162.796264,finite_mle,joint_09715
BP_obl,same_type_exponential_history;lr04_scaled;co2_scaled;mis6_segment;pre_phase_sin;pre_phase_cos;obl_scaled,8,True,True,,-98.96768444854816,213.9353688970963,321.83150039665554,10.943860395750294,53.0,162.796264,finite_mle,joint_09715
B_insol65n,same_type_exponential_history;lr04_scaled;co2_scaled;mis6_segment;insol65n_scaled,6,True,True,,-104.81853082164677,221.63706164329355,,,53.0,162.796264,finite_mle,joint_09715
BP_insol65n,same_type_exponential_history;lr04_scaled;co2_scaled;mis6_segment;pre_phase_sin;pre_phase_cos;insol65n_scaled,8,True,True,,-99.20750917412212,214.41501834824425,299.3940059916642,5.159536881486708,53.0,162.796264,finite_mle,joint_09715
B,same_type_exponential_history;lr04_scaled;co2_scaled;mis6_segment,5,True,True,,-110.42657706767199,230.85315413534397,,,53.0,164.40259700000001,finite_mle,joint_04692
BP,same_type_exponential_history;lr04_scaled;co2_scaled;mis6_segment;pre_phase_sin;pre_phase_cos,7,True,True,,-104.31745292427328,222.63490584854657,323.43520927346947,4.745056576141626,53.0,164.40259700000001,finite_mle,joint_04692
B_ecc,same_type_exponential_history;lr04_scaled;co2_scaled;mis6_segment;ecc_scaled,6,True,True,,-109.43357628009636,230.86715256019272,,,53.0,164.40259700000001,finite_mle,joint_04692
BP_ecc,same_type_exponential_history;lr04_scaled;co2_scaled;mis6_segment;pre_phase_sin;pre_phase_cos;ecc_scaled,8,True,True,,-104.08589270353592,224.17178540707184,322.24052427234574,4.404522641105434,53.0,164.40259700000001,finite_mle,joint_04692
B_obl,same_type_exponential_history;lr04_scaled;co2_scaled;mis6_segment;obl_scaled,6,True,True,,-110.42637336022916,232.85274672045833,,,53.0,164.40259700000001,finite_mle,joint_04692
BP_obl,same_type_exponential_history;lr04_scaled;co2_scaled;mis6_segment;pre_phase_sin;pre_phase_cos;obl_scaled,8,True,True,,-103.89919477131545,223.7983895426309,324.1271778462358,5.311859025391951,53.0,164.40259700000001,finite_mle,joint_04692
B_insol65n,same_type_exponential_history;lr04_scaled;co2_scaled;mis6_segment;insol65n_scaled,6,True,True,,-106.82043192824166,225.64086385648332,,,53.0,164.40259700000001,finite_mle,joint_04692
BP_insol65n,same_type_exponential_history;lr04_scaled;co2_scaled;mis6_segment;pre_phase_sin;pre_phase_cos;insol65n_scaled,8,True,True,,-103.6929894622206,223.3859789244412,307.20152902451116,3.4162039102662387,53.0,164.40259700000001,finite_mle,joint_04692
B,same_type_exponential_history;lr04_scaled;co2_scaled;mis6_segment,5,True,True,,-110.55618695080997,231.11237390161995,,,53.0,163.65052300000002,finite_mle,joint_05576
BP,same_type_exponential_history;lr04_scaled;co2_scaled;mis6_segment;pre_phase_sin;pre_phase_cos,7,True,True,,-99.5561548677238,213.1123097354476,323.1465036882556,9.640878923975782,53.0,163.65052300000002,finite_mle,joint_05576
B_ecc,same_type_exponential_history;lr04_scaled;co2_scaled;mis6_segment;ecc_scaled,6,True,True,,-108.53249933140074,229.0649986628015,,,53.0,163.65052300000002,finite_mle,joint_05576
BP_ecc,same_type_exponential_history;lr04_scaled;co2_scaled;mis6_segment;pre_phase_sin;pre_phase_cos;ecc_scaled,8,True,True,,-98.67642013685168,213.35284027370335,321.9084337615636,8.545776688589415,53.0,163.65052300000002,finite_mle,joint_05576
B_obl,same_type_exponential_history;lr04_scaled;co2_scaled;mis6_segment;obl_scaled,6,True,True,,-110.53213273586576,233.06426547173152,,,53.0,163.65052300000002,finite_mle,joint_05576
BP_obl,same_type_exponential_history;lr04_scaled;co2_scaled;mis6_segment;pre_phase_sin;pre_phase_cos;obl_scaled,8,True,True,,-97.94550243773571,211.89100487547142,323.69256587458574,13.236038935547258,53.0,163.65052300000002,finite_mle,joint_05576
B_insol65n,same_type_exponential_history;lr04_scaled;co2_scaled;mis6_segment;insol65n_scaled,6,True,True,,-103.73266026356336,219.46532052712672,,,53.0,163.65052300000002,finite_mle,joint_05576
BP_insol65n,same_type_exponential_history;lr04_scaled;co2_scaled;mis6_segment;pre_phase_sin;pre_phase_cos;insol65n_scaled,8,True,True,,-97.47411180028438,210.94822360056875,301.4824908712277,5.977743568983116,53.0,163.65052300000002,finite_mle,joint_05576
B,same_type_exponential_history;lr04_scaled;co2_scaled;mis6_segment,5,True,True,,-111.3124999940421,232.6249999880842,,,53.0,167.10273800000004,finite_mle,joint_07078
BP,same_type_exponential_history;lr04_scaled;co2_scaled;mis6_segment;pre_phase_sin;pre_phase_cos,7,True,True,,-100.49511653798199,214.99023307596397,328.6975698262631,8.967754368896337,53.0,167.10273800000004,finite_mle,joint_07078
B_ecc,same_type_exponential_history;lr04_scaled;co2_scaled;mis6_segment;ecc_scaled,6,True,True,,-109.50179969511382,231.00359939022763,,,53.0,167.10273800000004,finite_mle,joint_07078
BP_ecc,same_type_exponential_history;lr04_scaled;co2_scaled;mis6_segment;pre_phase_sin;pre_phase_cos;ecc_scaled,8,True,True,,-100.0348237171894,216.0696474343788,327.61073826624533,7.9554384228749875,53.0,167.10273800000004,finite_mle,joint_07078
B_obl,same_type_exponential_history;lr04_scaled;co2_scaled;mis6_segment;obl_scaled,6,True,True,,-111.29900050595641,234.59800101191283,,,53.0,167.10273800000004,finite_mle,joint_07078
BP_obl,same_type_exponential_history;lr04_scaled;co2_scaled;mis6_segment;pre_phase_sin;pre_phase_cos;obl_scaled,8,True,True,,-99.44016633068601,214.88033266137202,328.80522369650186,11.130078863427157,53.0,167.10273800000004,finite_mle,joint_07078
B_insol65n,same_type_exponential_history;lr04_scaled;co2_scaled;mis6_segment;insol65n_scaled,6,True,True,,-103.29404599525975,218.5880919905195,,,53.0,167.10273800000004,finite_mle,joint_07078
BP_insol65n,same_type_exponential_history;lr04_scaled;co2_scaled;mis6_segment;pre_phase_sin;pre_phase_cos;insol65n_scaled,8,True,True,,-98.3733596897241,212.7467193794482,305.6693905533482,4.9782017052386545,53.0,167.10273800000004,finite_mle,joint_07078
B,same_type_exponential_history;lr04_scaled;co2_scaled;mis6_segment,5,True,True,,-110.79950398751245,231.5990079750249,,,53.0,161.561516,finite_mle,joint_07555
BP,same_type_exponential_history;lr04_scaled;co2_scaled;mis6_segment;pre_phase_sin;pre_phase_cos,7,True,True,,-101.0473927390284,216.0947854780568,323.9560026495737,7.932004609611568,53.0,161.561516,finite_mle,joint_07555
B_ecc,same_type_exponential_history;lr04_scaled;co2_scaled;mis6_segment;ecc_scaled,6,True,True,,-109.10216484718109,230.20432969436217,,,53.0,161.561516,finite_mle,joint_07555
BP_ecc,same_type_exponential_history;lr04_scaled;co2_scaled;mis6_segment;pre_phase_sin;pre_phase_cos;ecc_scaled,8,True,True,,-100.49562921408189,216.99125842816377,322.61346349511956,7.029265351851239,53.0,161.561516,finite_mle,joint_07555
B_obl,same_type_exponential_history;lr04_scaled;co2_scaled;mis6_segment;obl_scaled,6,True,True,,-110.78761475940436,233.57522951880873,,,53.0,161.561516,finite_mle,joint_07555
BP_obl,same_type_exponential_history;lr04_scaled;co2_scaled;mis6_segment;pre_phase_sin;pre_phase_cos;obl_scaled,8,True,True,,-99.87725437965979,215.75450875931958,324.3141852740445,9.928512644886135,53.0,161.561516,finite_mle,joint_07555
B_insol65n,same_type_exponential_history;lr04_scaled;co2_scaled;mis6_segment;insol65n_scaled,6,True,True,,-104.44660836855195,220.8932167371039,,,53.0,161.561516,finite_mle,joint_07555
BP_insol65n,same_type_exponential_history;lr04_scaled;co2_scaled;mis6_segment;pre_phase_sin;pre_phase_cos;insol65n_scaled,8,True,True,,-99.13315995563241,214.26631991126482,299.19180769839136,4.856889764474452,53.0,161.561516,finite_mle,joint_07555
B,same_type_exponential_history;lr04_scaled;co2_scaled;mis6_segment,5,True,True,,-110.87590277359682,231.75180554719364,,,53.0,164.86909500000002,finite_mle,joint_01828
BP,same_type_exponential_history;lr04_scaled;co2_scaled;mis6_segment;pre_phase_sin;pre_phase_cos,7,True,True,,-102.53924284428996,219.07848568857992,324.05231471103735,6.3632542603292235,53.0,164.86909500000002,finite_mle,joint_01828
B_ecc,same_type_exponential_history;lr04_scaled;co2_scaled;mis6_segment;ecc_scaled,6,True,True,,-108.65384145246341,229.30768290492682,,,53.0,164.86909500000002,finite_mle,joint_01828
BP_ecc,same_type_exponential_history;lr04_scaled;co2_scaled;mis6_segment;pre_phase_sin;pre_phase_cos;ecc_scaled,8,True,True,,-101.73885016819321,219.47770033638642,322.1719130221439,5.463870010647375,53.0,164.86909500000002,finite_mle,joint_01828
B_obl,same_type_exponential_history;lr04_scaled;co2_scaled;mis6_segment;obl_scaled,6,True,True,,-110.83847344020216,233.67694688040433,,,53.0,164.86909500000002,finite_mle,joint_01828
BP_obl,same_type_exponential_history;lr04_scaled;co2_scaled;mis6_segment;pre_phase_sin;pre_phase_cos;obl_scaled,8,True,True,,-101.55990722974732,219.11981445949465,324.27989952387674,7.652760983642557,53.0,164.86909500000002,finite_mle,joint_01828
B_insol65n,same_type_exponential_history;lr04_scaled;co2_scaled;mis6_segment;insol65n_scaled,6,True,True,,-104.6179440917602,221.2358881835204,,,53.0,164.86909500000002,finite_mle,joint_01828
BP_insol65n,same_type_exponential_history;lr04_scaled;co2_scaled;mis6_segment;pre_phase_sin;pre_phase_cos;insol65n_scaled,8,True,True,,-100.35929202915418,216.71858405830835,293.1321024176329,3.8875272824449216,53.0,164.86909500000002,finite_mle,joint_01828
B,same_type_exponential_history;lr04_scaled;co2_scaled;mis6_segment,5,True,True,,-110.6478731488799,231.2957462977598,,,53.0,164.872526,finite_mle,joint_03544
BP,same_type_exponential_history;lr04_scaled;co2_scaled;mis6_segment;pre_phase_sin;pre_phase_cos,7,True,True,,-102.02038002351566,218.0407600470313,329.92440319937043,6.74954054559166,53.0,164.872526,finite_mle,joint_03544
B_ecc,same_type_exponential_history;lr04_scaled;co2_scaled;mis6_segment;ecc_scaled,6,True,True,,-109.50155193351378,231.00310386702756,,,53.0,164.872526,finite_mle,joint_03544
BP_ecc,same_type_exponential_history;lr04_scaled;co2_scaled;mis6_segment;pre_phase_sin;pre_phase_cos;ecc_scaled,8,True,True,,-101.773638676776,219.547277353552,329.109429997349,6.224739852944159,53.0,164.872526,finite_mle,joint_03544
B_obl,same_type_exponential_history;lr04_scaled;co2_scaled;mis6_segment;obl_scaled,6,True,True,,-110.58071633931036,233.1614326786207,,,53.0,164.872526,finite_mle,joint_03544
BP_obl,same_type_exponential_history;lr04_scaled;co2_scaled;mis6_segment;pre_phase_sin;pre_phase_cos;obl_scaled,8,True,True,,-100.67267942469812,217.34535884939623,330.1419320677253,8.733663187185762,53.0,164.872526,finite_mle,joint_03544
B_insol65n,same_type_exponential_history;lr04_scaled;co2_scaled;mis6_segment;insol65n_scaled,6,True,True,,-103.54699881101234,219.0939976220247,,,53.0,164.872526,finite_mle,joint_03544
BP_insol65n,same_type_exponential_history;lr04_scaled;co2_scaled;mis6_segment;pre_phase_sin;pre_phase_cos;insol65n_scaled,8,True,True,,-99.89359472754663,215.78718945509326,303.53431069089913,3.7631159602796376,53.0,164.872526,finite_mle,joint_03544
B,same_type_exponential_history;lr04_scaled;co2_scaled;mis6_segment,5,True,True,,-110.73178337237599,231.46356674475197,,,53.0,161.600571,finite_mle,joint_06198
BP,same_type_exponential_history;lr04_scaled;co2_scaled;mis6_segment;pre_phase_sin;pre_phase_cos,7,True,True,,-103.47149629912147,220.94299259824294,318.49659307738773,5.7222872528390685,53.0,161.600571,finite_mle,joint_06198
B_ecc,same_type_exponential_history;lr04_scaled;co2_scaled;mis6_segment;ecc_scaled,6,True,True,,-108.28407130991843,228.56814261983686,,,53.0,161.600571,finite_mle,joint_06198
BP_ecc,same_type_exponential_history;lr04_scaled;co2_scaled;mis6_segment;pre_phase_sin;pre_phase_cos;ecc_scaled,8,True,True,,-102.06118270353286,220.12236540706573,316.97364134405063,5.046895577656492,53.0,161.600571,finite_mle,joint_06198
B_obl,same_type_exponential_history;lr04_scaled;co2_scaled;mis6_segment;obl_scaled,6,True,True,,-110.72112030631874,233.44224061263748,,,53.0,161.600571,finite_mle,joint_06198
BP_obl,same_type_exponential_history;lr04_scaled;co2_scaled;mis6_segment;pre_phase_sin;pre_phase_cos;obl_scaled,8,True,True,,-102.65247407080264,221.30494814160528,319.59715396691115,6.862437796046997,53.0,161.600571,finite_mle,joint_06198
B_insol65n,same_type_exponential_history;lr04_scaled;co2_scaled;mis6_segment;insol65n_scaled,6,True,True,,-107.54951351438473,227.09902702876946,,,53.0,161.600571,finite_mle,joint_06198
BP_insol65n,same_type_exponential_history;lr04_scaled;co2_scaled;mis6_segment;pre_phase_sin;pre_phase_cos;insol65n_scaled,8,True,True,,-103.02859297577467,222.05718595154934,306.0855644839892,4.423589318664046,53.0,161.600571,finite_mle,joint_06198
B,same_type_exponential_history;lr04_scaled;co2_scaled;mis6_segment,5,True,True,,-111.2794252256711,232.5588504513422,,,53.0,166.85882600000002,finite_mle,joint_03528
BP,same_type_exponential_history;lr04_scaled;co2_scaled;mis6_segment;pre_phase_sin;pre_phase_cos,7,True,True,,-102.8221511184789,219.6443022369578,332.0768386167269,6.6345298053710415,53.0,166.85882600000002,finite_mle,joint_03528
B_ecc,same_type_exponential_history;lr04_scaled;co2_scaled;mis6_segment;ecc_scaled,6,True,True,,-109.80592574080234,231.61185148160467,,,53.0,166.85882600000002,finite_mle,joint_03528
BP_ecc,same_type_exponential_history;lr04_scaled;co2_scaled;mis6_segment;pre_phase_sin;pre_phase_cos;ecc_scaled,8,True,True,,-102.42529870404208,220.85059740808416,331.0086080865776,5.9849143365498225,53.0,166.85882600000002,finite_mle,joint_03528
B_obl,same_type_exponential_history;lr04_scaled;co2_scaled;mis6_segment;obl_scaled,6,True,True,,-111.26839305918746,234.53678611837492,,,53.0,166.85882600000002,finite_mle,joint_03528
BP_obl,same_type_exponential_history;lr04_scaled;co2_scaled;mis6_segment;pre_phase_sin;pre_phase_cos;obl_scaled,8,True,True,,-102.10606704504102,220.21213409008203,331.9851564828164,7.806840622310714,53.0,166.85882600000002,finite_mle,joint_03528
B_insol65n,same_type_exponential_history;lr04_scaled;co2_scaled;mis6_segment;insol65n_scaled,6,True,True,,-105.05430802788604,222.10861605577207,,,53.0,166.85882600000002,finite_mle,joint_03528
BP_insol65n,same_type_exponential_history;lr04_scaled;co2_scaled;mis6_segment;pre_phase_sin;pre_phase_cos;insol65n_scaled,8,True,True,,-101.66455111997132,219.32910223994264,314.8553434882551,3.932280520998235,53.0,166.85882600000002,finite_mle,joint_03528
B,same_type_exponential_history;lr04_scaled;co2_scaled;mis6_segment,5,True,True,,-111.17371983097513,232.34743966195026,,,53.0,165.81823000000003,finite_mle,joint_03251
BP,same_type_exponential_history;lr04_scaled;co2_scaled;mis6_segment;pre_phase_sin;pre_phase_cos,7,True,True,,-104.24869098070242,222.49738196140484,328.6038715888844,5.214312234285569,53.0,165.81823000000003,finite_mle,joint_03251
B_ecc,same_type_exponential_history;lr04_scaled;co2_scaled;mis6_segment;ecc_scaled,6,True,True,,-109.61088755513308,231.22177511026615,,,53.0,165.81823000000003,finite_mle,joint_03251
BP_ecc,same_type_exponential_history;lr04_scaled;co2_scaled;mis6_segment;pre_phase_sin;pre_phase_cos;ecc_scaled,8,True,True,,-103.67150895789337,223.34301791578673,326.8276357053276,4.66066181352729,53.0,165.81823000000003,finite_mle,joint_03251
B_obl,same_type_exponential_history;lr04_scaled;co2_scaled;mis6_segment;obl_scaled,6,True,True,,-111.10273618704005,234.2054723740801,,,53.0,165.81823000000003,finite_mle,joint_03251
BP_obl,same_type_exponential_history;lr04_scaled;co2_scaled;mis6_segment;pre_phase_sin;pre_phase_cos;obl_scaled,8,True,True,,-103.243870022744,222.487740045488,328.6589617332943,6.312347017456398,53.0,165.81823000000003,finite_mle,joint_03251
B_insol65n,same_type_exponential_history;lr04_scaled;co2_scaled;mis6_segment;insol65n_scaled,6,True,True,,-105.58052079332444,223.16104158664888,,,53.0,165.81823000000003,finite_mle,joint_03251
BP_insol65n,same_type_exponential_history;lr04_scaled;co2_scaled;mis6_segment;pre_phase_sin;pre_phase_cos;insol65n_scaled,8,True,True,,-102.6839631509518,221.3679263019036,301.9698783783107,3.1285812200794343,53.0,165.81823000000003,finite_mle,joint_03251
B,same_type_exponential_history;lr04_scaled;co2_scaled;mis6_segment,5,True,True,,-111.12939388005532,232.25878776011064,,,53.0,167.22914600000007,finite_mle,joint_09511
BP,same_type_exponential_history;lr04_scaled;co2_scaled;mis6_segment;pre_phase_sin;pre_phase_cos,7,True,True,,-101.62481660237002,217.24963320474004,336.7445924933657,7.797762607710278,53.0,167.22914600000007,finite_mle,joint_09511
B_ecc,same_type_exponential_history;lr04_scaled;co2_scaled;mis6_segment;ecc_scaled,6,True,True,,-110.14360068424031,232.28720136848062,,,53.0,167.22914600000007,finite_mle,joint_09511
BP_ecc,same_type_exponential_history;lr04_scaled;co2_scaled;mis6_segment;pre_phase_sin;pre_phase_cos;ecc_scaled,8,True,True,,-101.52790798269834,219.05581596539668,336.593123193092,7.331441337469814,53.0,167.22914600000007,finite_mle,joint_09511
B_obl,same_type_exponential_history;lr04_scaled;co2_scaled;mis6_segment;obl_scaled,6,True,True,,-111.11538567096841,234.23077134193682,,,53.0,167.22914600000007,finite_mle,joint_09511
BP_obl,same_type_exponential_history;lr04_scaled;co2_scaled;mis6_segment;pre_phase_sin;pre_phase_cos;obl_scaled,8,True,True,,-101.24950611589526,218.49901223179052,336.7333632990541,8.753098558082621,53.0,167.22914600000007,finite_mle,joint_09511
B_insol65n,same_type_exponential_history;lr04_scaled;co2_scaled;mis6_segment;insol65n_scaled,6,True,True,,-104.57704957835651,221.15409915671302,,,53.0,167.22914600000007,finite_mle,joint_09511
BP_insol65n,same_type_exponential_history;lr04_scaled;co2_scaled;mis6_segment;pre_phase_sin;pre_phase_cos;insol65n_scaled,8,True,True,,-100.84717651577711,217.69435303155421,326.6948329459175,4.813465978995684,53.0,167.22914600000007,finite_mle,joint_09511
B,same_type_exponential_history;lr04_scaled;co2_scaled;mis6_segment,5,True,True,,-112.03639947770236,234.07279895540472,,,53.0,170.42661400000003,finite_mle,joint_03335
BP,same_type_exponential_history;lr04_scaled;co2_scaled;mis6_segment;pre_phase_sin;pre_phase_cos,7,True,True,,-109.32175362530731,232.64350725061462,322.3292400003147,2.722009118553522,53.0,170.42661400000003,finite_mle,joint_03335
B_ecc,same_type_exponential_history;lr04_scaled;co2_scaled;mis6_segment;ecc_scaled,6,True,True,,-110.06717767379696,232.13435534759392,,,53.0,170.42661400000003,finite_mle,joint_03335
BP_ecc,same_type_exponential_history;lr04_scaled;co2_scaled;mis6_segment;pre_phase_sin;pre_phase_cos;ecc_scaled,8,True,True,,-108.0079620461191,232.0159240922382,316.8031321060514,2.432918680382645,53.0,170.42661400000003,finite_mle,joint_03335
B_obl,same_type_exponential_history;lr04_scaled;co2_scaled;mis6_segment;obl_scaled,6,True,True,,-112.01542984520424,236.03085969040848,,,53.0,170.42661400000003,finite_mle,joint_03335
BP_obl,same_type_exponential_history;lr04_scaled;co2_scaled;mis6_segment;pre_phase_sin;pre_phase_cos;obl_scaled,8,True,True,,-109.04513828342483,234.09027656684967,322.37643720794426,2.947237748592344,53.0,170.42661400000003,finite_mle,joint_03335
B_insol65n,same_type_exponential_history;lr04_scaled;co2_scaled;mis6_segment;insol65n_scaled,6,True,True,,-110.88114379924568,233.76228759849135,,,53.0,170.42661400000003,finite_mle,joint_03335
BP_insol65n,same_type_exponential_history;lr04_scaled;co2_scaled;mis6_segment;pre_phase_sin;pre_phase_cos;insol65n_scaled,8,True,True,,-109.27899688990497,234.55799377980995,316.1213828733902,2.4628672175383715,53.0,170.42661400000003,finite_mle,joint_03335
B,same_type_exponential_history;lr04_scaled;co2_scaled;mis6_segment,5,True,True,,-111.20743855221107,232.41487710442215,,,53.0,165.222172,finite_mle,joint_08888
BP,same_type_exponential_history;lr04_scaled;co2_scaled;mis6_segment;pre_phase_sin;pre_phase_cos,7,True,True,,-103.15718384770398,220.31436769540795,327.5527160794969,6.114240173765311,53.0,165.222172,finite_mle,joint_08888
B_ecc,same_type_exponential_history;lr04_scaled;co2_scaled;mis6_segment;ecc_scaled,6,True,True,,-109.46937847279219,230.93875694558437,,,53.0,165.222172,finite_mle,joint_08888
BP_ecc,same_type_exponential_history;lr04_scaled;co2_scaled;mis6_segment;pre_phase_sin;pre_phase_cos;ecc_scaled,8,True,True,,-102.63920961734291,221.27841923468583,326.14113682797785,5.389247590492375,53.0,165.222172,finite_mle,joint_08888
B_obl,same_type_exponential_history;lr04_scaled;co2_scaled;mis6_segment;obl_scaled,6,True,True,,-111.15189294939702,234.30378589879405,,,53.0,165.222172,finite_mle,joint_08888
BP_obl,same_type_exponential_history;lr04_scaled;co2_scaled;mis6_segment;pre_phase_sin;pre_phase_cos;obl_scaled,8,True,True,,-102.09640853815357,220.19281707630714,327.6775304582005,7.465057548252314,53.0,165.222172,finite_mle,joint_08888
B_insol65n,same_type_exponential_history;lr04_scaled;co2_scaled;mis6_segment;insol65n_scaled,6,True,True,,-104.5998325754654,221.1996651509308,,,53.0,165.222172,finite_mle,joint_08888
BP_insol65n,same_type_exponential_history;lr04_scaled;co2_scaled;mis6_segment;pre_phase_sin;pre_phase_cos;insol65n_scaled,8,True,True,,-100.93203144499081,217.86406288998162,295.8429175134202,3.542795967558519,53.0,165.222172,finite_mle,joint_08888
B,same_type_exponential_history;lr04_scaled;co2_scaled;mis6_segment,5,True,True,,-109.21189180690939,228.42378361381878,,,53.0,159.94102600000002,finite_mle,joint_07321
BP,same_type_exponential_history;lr04_scaled;co2_scaled;mis6_segment;pre_phase_sin;pre_phase_cos,7,True,True,,-97.11080839383524,208.22161678767048,316.02488944795806,11.202045581923207,53.0,159.94102600000002,finite_mle,joint_07321
B_ecc,same_type_exponential_history;lr04_scaled;co2_scaled;mis6_segment;ecc_scaled,6,True,True,,-107.070657209962,226.141314419924,,,53.0,159.94102600000002,finite_mle,joint_07321
BP_ecc,same_type_exponential_history;lr04_scaled;co2_scaled;mis6_segment;pre_phase_sin;pre_phase_cos;ecc_scaled,8,True,True,,-96.01448072708729,208.02896145417458,314.05383652197247,10.001269297747486,53.0,159.94102600000002,finite_mle,joint_07321
B_obl,same_type_exponential_history;lr04_scaled;co2_scaled;mis6_segment;obl_scaled,6,True,True,,-109.20935616835263,230.41871233670525,,,53.0,159.94102600000002,finite_mle,joint_07321
BP_obl,same_type_exponential_history;lr04_scaled;co2_scaled;mis6_segment;pre_phase_sin;pre_phase_cos;obl_scaled,8,True,True,,-95.80329495520058,207.60658991040117,316.5143504452542,14.393714952810075,53.0,159.94102600000002,finite_mle,joint_07321
B_insol65n,same_type_exponential_history;lr04_scaled;co2_scaled;mis6_segment;insol65n_scaled,6,True,True,,-104.46548938805508,220.93097877611015,,,53.0,159.94102600000002,finite_mle,joint_07321
BP_insol65n,same_type_exponential_history;lr04_scaled;co2_scaled;mis6_segment;pre_phase_sin;pre_phase_cos;insol65n_scaled,8,True,True,,-96.22371701422804,208.4474340284561,302.2969285287382,8.174070683239187,53.0,159.94102600000002,finite_mle,joint_07321
B,same_type_exponential_history;lr04_scaled;co2_scaled;mis6_segment,5,True,True,,-110.79877325086682,231.59754650173363,,,53.0,168.19403500000004,finite_mle,joint_09045
BP,same_type_exponential_history;lr04_scaled;co2_scaled;mis6_segment;pre_phase_sin;pre_phase_cos,7,True,True,,-104.71530001742997,223.43060003485994,333.9967015273438,4.708261712211487,53.0,168.19403500000004,finite_mle,joint_09045
B_ecc,same_type_exponential_history;lr04_scaled;co2_scaled;mis6_segment;ecc_scaled,6,True,True,,-109.70152066504644,231.4030413300929,,,53.0,168.19403500000004,finite_mle,joint_09045
BP_ecc,same_type_exponential_history;lr04_scaled;co2_scaled;mis6_segment;pre_phase_sin;pre_phase_cos;ecc_scaled,8,True,True,,-104.42206474148907,224.84412948297813,332.8651248557625,4.332558442493557,53.0,168.19403500000004,finite_mle,joint_09045
B_obl,same_type_exponential_history;lr04_scaled;co2_scaled;mis6_segment;obl_scaled,6,True,True,,-110.79813456440147,233.59626912880293,,,53.0,168.19403500000004,finite_mle,joint_09045
BP_obl,same_type_exponential_history;lr04_scaled;co2_scaled;mis6_segment;pre_phase_sin;pre_phase_cos;obl_scaled,8,True,True,,-104.38360528068944,224.76721056137887,333.766110911478,5.225840692528865,53.0,168.19403500000004,finite_mle,joint_09045
B_insol65n,same_type_exponential_history;lr04_scaled;co2_scaled;mis6_segment;insol65n_scaled,6,True,True,,-106.86416719471057,225.72833438942115,,,53.0,168.19403500000004,finite_mle,joint_09045
BP_insol65n,same_type_exponential_history;lr04_scaled;co2_scaled;mis6_segment;pre_phase_sin;pre_phase_cos;insol65n_scaled,8,True,True,,-104.34322887285767,224.68645774571533,324.02750172494973,3.397716529759127,53.0,168.19403500000004,finite_mle,joint_09045
B,same_type_exponential_history;lr04_scaled;co2_scaled;mis6_segment,5,True,True,,-111.07629764365984,232.15259528731968,,,53.0,165.42819100000003,finite_mle,joint_05292
BP,same_type_exponential_history;lr04_scaled;co2_scaled;mis6_segment;pre_phase_sin;pre_phase_cos,7,True,True,,-104.17719864287321,222.35439728574642,325.2387975720013,5.167430704984136,53.0,165.42819100000003,finite_mle,joint_05292
B_ecc,same_type_exponential_history;lr04_scaled;co2_scaled;mis6_segment;ecc_scaled,6,True,True,,-109.45680073921525,230.9136014784305,,,53.0,165.42819100000003,finite_mle,joint_05292
BP_ecc,same_type_exponential_history;lr04_scaled;co2_scaled;mis6_segment;pre_phase_sin;pre_phase_cos;ecc_scaled,8,True,True,,-103.62542999909151,223.25085999818302,323.1047463601245,4.610195884395942,53.0,165.42819100000003,finite_mle,joint_05292
B_obl,same_type_exponential_history;lr04_scaled;co2_scaled;mis6_segment;obl_scaled,6,True,True,,-111.05348685465577,234.10697370931155,,,53.0,165.42819100000003,finite_mle,joint_05292
BP_obl,same_type_exponential_history;lr04_scaled;co2_scaled;mis6_segment;pre_phase_sin;pre_phase_cos;obl_scaled,8,True,True,,-103.51017725196094,223.02035450392188,325.5613015080224,5.960273129077248,53.0,165.42819100000003,finite_mle,joint_05292
B_insol65n,same_type_exponential_history;lr04_scaled;co2_scaled;mis6_segment;insol65n_scaled,6,True,True,,-106.3729648997443,224.7459297994886,,,53.0,165.42819100000003,finite_mle,joint_05292
BP_insol65n,same_type_exponential_history;lr04_scaled;co2_scaled;mis6_segment;pre_phase_sin;pre_phase_cos;insol65n_scaled,8,True,True,,-103.13637837392065,222.2727567478413,303.5549100334627,3.391114364938043,53.0,165.42819100000003,finite_mle,joint_05292
B,same_type_exponential_history;lr04_scaled;co2_scaled;mis6_segment,5,True,True,,-110.95479175759094,231.90958351518188,,,53.0,163.20412300000004,finite_mle,joint_06980
BP,same_type_exponential_history;lr04_scaled;co2_scaled;mis6_segment;pre_phase_sin;pre_phase_cos,7,True,True,,-101.5828220571241,217.1656441142482,324.77695926593685,7.5297285505970475,53.0,163.20412300000004,finite_mle,joint_06980
B_ecc,same_type_exponential_history;lr04_scaled;co2_scaled;mis6_segment;ecc_scaled,6,True,True,,-108.65228963549457,229.30457927098914,,,53.0,163.20412300000004,finite_mle,joint_06980
BP_ecc,same_type_exponential_history;lr04_scaled;co2_scaled;mis6_segment;pre_phase_sin;pre_phase_cos;ecc_scaled,8,True,True,,-100.64339744286542,217.28679488573084,322.9323822095897,6.513380431980195,53.0,163.20412300000004,finite_mle,joint_06980
B_obl,same_type_exponential_history;lr04_scaled;co2_scaled;mis6_segment;obl_scaled,6,True,True,,-110.91041717162784,233.82083434325568,,,53.0,163.20412300000004,finite_mle,joint_06980
BP_obl,same_type_exponential_history;lr04_scaled;co2_scaled;mis6_segment;pre_phase_sin;pre_phase_cos;obl_scaled,8,True,True,,-100.29064107023245,216.5812821404649,325.0176590756445,9.65519040836869,53.0,163.20412300000004,finite_mle,joint_06980
B_insol65n,same_type_exponential_history;lr04_scaled;co2_scaled;mis6_segment;insol65n_scaled,6,True,True,,-104.31121422704129,220.62242845408258,,,53.0,163.20412300000004,finite_mle,joint_06980
BP_insol65n,same_type_exponential_history;lr04_scaled;co2_scaled;mis6_segment;pre_phase_sin;pre_phase_cos;insol65n_scaled,8,True,True,,-99.44936605028651,214.89873210057303,296.9364626045251,4.5110330790636475,53.0,163.20412300000004,finite_mle,joint_06980
B,same_type_exponential_history;lr04_scaled;co2_scaled;mis6_segment,5,True,True,,-110.74626583090415,231.4925316618083,,,53.0,161.24751500000002,finite_mle,joint_05143
BP,same_type_exponential_history;lr04_scaled;co2_scaled;mis6_segment;pre_phase_sin;pre_phase_cos,7,True,True,,-100.45041859972703,214.90083719945406,325.32798635046277,8.81019343090512,53.0,161.24751500000002,finite_mle,joint_05143
B_ecc,same_type_exponential_history;lr04_scaled;co2_scaled;mis6_segment;ecc_scaled,6,True,True,,-108.41855936226841,228.83711872453682,,,53.0,161.24751500000002,finite_mle,joint_05143
BP_ecc,same_type_exponential_history;lr04_scaled;co2_scaled;mis6_segment;pre_phase_sin;pre_phase_cos;ecc_scaled,8,True,True,,-99.33235203994028,214.66470407988055,324.18516679200627,7.80990203637715,53.0,161.24751500000002,finite_mle,joint_05143
B_obl,same_type_exponential_history;lr04_scaled;co2_scaled;mis6_segment;obl_scaled,6,True,True,,-110.74525774063477,233.49051548126954,,,53.0,161.24751500000002,finite_mle,joint_05143
BP_obl,same_type_exponential_history;lr04_scaled;co2_scaled;mis6_segment;pre_phase_sin;pre_phase_cos;obl_scaled,8,True,True,,-99.37177850835155,214.7435570167031,325.6471204867052,11.49513086958944,53.0,161.24751500000002,finite_mle,joint_05143
B_insol65n,same_type_exponential_history;lr04_scaled;co2_scaled;mis6_segment;insol65n_scaled,6,True,True,,-104.56918057825831,221.13836115651662,,,53.0,161.24751500000002,finite_mle,joint_05143
BP_insol65n,same_type_exponential_history;lr04_scaled;co2_scaled;mis6_segment;pre_phase_sin;pre_phase_cos;insol65n_scaled,8,True,True,,-98.96637034475046,213.93274068950092,305.81298979654343,5.526138534257109,53.0,161.24751500000002,finite_mle,joint_05143
B,same_type_exponential_history;lr04_scaled;co2_scaled;mis6_segment,5,True,True,,-111.29087475699257,232.58174951398513,,,53.0,164.340596,finite_mle,joint_09286
BP,same_type_exponential_history;lr04_scaled;co2_scaled;mis6_segment;pre_phase_sin;pre_phase_cos,7,True,True,,-102.61308110781478,219.22616221562956,322.5782768250706,6.8383617817379765,53.0,164.340596,finite_mle,joint_09286
B_ecc,same_type_exponential_history;lr04_scaled;co2_scaled;mis6_segment;ecc_scaled,6,True,True,,-108.49514487641082,228.99028975282164,,,53.0,164.340596,finite_mle,joint_09286
BP_ecc,same_type_exponential_history;lr04_scaled;co2_scaled;mis6_segment;pre_phase_sin;pre_phase_cos;ecc_scaled,8,True,True,,-101.12287495423224,218.2457499084645,320.4560385738823,5.866683443004418,53.0,164.340596,finite_mle,joint_09286
B_obl,same_type_exponential_history;lr04_scaled;co2_scaled;mis6_segment;obl_scaled,6,True,True,,-111.24678895931198,234.49357791862397,,,53.0,164.340596,finite_mle,joint_09286
BP_obl,same_type_exponential_history;lr04_scaled;co2_scaled;mis6_segment;pre_phase_sin;pre_phase_cos;obl_scaled,8,True,True,,-101.33839292293166,218.67678584586332,322.9522701822321,8.710315643314663,53.0,164.340596,finite_mle,joint_09286
B_insol65n,same_type_exponential_history;lr04_scaled;co2_scaled;mis6_segment;insol65n_scaled,6,True,True,,-105.79772359375121,223.59544718750243,,,53.0,164.340596,finite_mle,joint_09286
BP_insol65n,same_type_exponential_history;lr04_scaled;co2_scaled;mis6_segment;pre_phase_sin;pre_phase_cos;insol65n_scaled,8,True,True,,-101.0277808304606,218.0555616609212,298.7959998620872,4.4373519094066705,53.0,164.340596,finite_mle,joint_09286
B,same_type_exponential_history;lr04_scaled;co2_scaled;mis6_segment,5,True,True,,-111.33570003034316,232.67140006068632,,,53.0,168.82082300000008,finite_mle,joint_02883
BP,same_type_exponential_history;lr04_scaled;co2_scaled;mis6_segment;pre_phase_sin;pre_phase_cos,7,True,True,,-105.22909034054966,224.45818068109932,339.08568694580083,4.713108709455002,53.0,168.82082300000008,finite_mle,joint_02883
B_ecc,same_type_exponential_history;lr04_scaled;co2_scaled;mis6_segment;ecc_scaled,6,True,True,,-110.21910218701835,232.4382043740367,,,53.0,168.82082300000008,finite_mle,joint_02883
BP_ecc,same_type_exponential_history;lr04_scaled;co2_scaled;mis6_segment;pre_phase_sin;pre_phase_cos;ecc_scaled,8,True,True,,-104.90332941542847,225.80665883085695,338.2811232741936,4.326800731283025,53.0,168.82082300000008,finite_mle,joint_02883
B_obl,same_type_exponential_history;lr04_scaled;co2_scaled;mis6_segment;obl_scaled,6,True,True,,-111.32099726165026,234.64199452330053,,,53.0,168.82082300000008,finite_mle,joint_02883
BP_obl,same_type_exponential_history;lr04_scaled;co2_scaled;mis6_segment;pre_phase_sin;pre_phase_cos;obl_scaled,8,True,True,,-104.67652644716517,225.35305289433035,338.275111641881,5.419005999466671,53.0,168.82082300000008,finite_mle,joint_02883
B_insol65n,same_type_exponential_history;lr04_scaled;co2_scaled;mis6_segment;insol65n_scaled,6,True,True,,-106.7231788684899,225.4463577369798,,,53.0,168.82082300000008,finite_mle,joint_02883
BP_insol65n,same_type_exponential_history;lr04_scaled;co2_scaled;mis6_segment;pre_phase_sin;pre_phase_cos;insol65n_scaled,8,True,True,,-104.65925252298723,225.31850504597446,327.33844515681676,3.0838291925075234,53.0,168.82082300000008,finite_mle,joint_02883
B,same_type_exponential_history;lr04_scaled;co2_scaled;mis6_segment,5,True,True,,-111.90071630061743,233.80143260123486,,,53.0,168.51622000000003,finite_mle,joint_03165
BP,same_type_exponential_history;lr04_scaled;co2_scaled;mis6_segment;pre_phase_sin;pre_phase_cos,7,True,True,,-105.51165429809566,225.02330859619133,325.1835896194454,4.7722046919722105,53.0,168.51622000000003,finite_mle,joint_03165
B_ecc,same_type_exponential_history;lr04_scaled;co2_scaled;mis6_segment;ecc_scaled,6,True,True,,-109.0749862168023,230.1499724336046,,,53.0,168.51622000000003,finite_mle,joint_03165
BP_ecc,same_type_exponential_history;lr04_scaled;co2_scaled;mis6_segment;pre_phase_sin;pre_phase_cos;ecc_scaled,8,True,True,,-103.99055664124877,223.98111328249755,321.31773539387797,4.017626497048049,53.0,168.51622000000003,finite_mle,joint_03165
B_obl,same_type_exponential_history;lr04_scaled;co2_scaled;mis6_segment;obl_scaled,6,True,True,,-111.7887127092561,235.5774254185122,,,53.0,168.51622000000003,finite_mle,joint_03165
BP_obl,same_type_exponential_history;lr04_scaled;co2_scaled;mis6_segment;pre_phase_sin;pre_phase_cos;obl_scaled,8,True,True,,-104.53633443438426,225.07266886876852,325.15623614842275,5.590400550246587,53.0,168.51622000000003,finite_mle,joint_03165
B_insol65n,same_type_exponential_history;lr04_scaled;co2_scaled;mis6_segment;insol65n_scaled,6,True,True,,-106.49009947653401,224.98019895306803,,,53.0,168.51622000000003,finite_mle,joint_03165
BP_insol65n,same_type_exponential_history;lr04_scaled;co2_scaled;mis6_segment;pre_phase_sin;pre_phase_cos;insol65n_scaled,8,True,True,,-103.54208944340273,223.08417888680546,289.0016833231041,2.950070141252144,53.0,168.51622000000003,finite_mle,joint_03165
B,same_type_exponential_history;lr04_scaled;co2_scaled;mis6_segment,5,True,True,,-110.90682540116572,231.81365080233144,,,53.0,167.69625900000005,finite_mle,joint_02128
BP,same_type_exponential_history;lr04_scaled;co2_scaled;mis6_segment;pre_phase_sin;pre_phase_cos,7,True,True,,-105.10538984561748,224.21077969123496,328.14018561745695,4.451967391883316,53.0,167.69625900000005,finite_mle,joint_02128
B_ecc,same_type_exponential_history;lr04_scaled;co2_scaled;mis6_segment;ecc_scaled,6,True,True,,-109.58579726670459,231.17159453340918,,,53.0,167.69625900000005,finite_mle,joint_02128
BP_ecc,same_type_exponential_history;lr04_scaled;co2_scaled;mis6_segment;pre_phase_sin;pre_phase_cos;ecc_scaled,8,True,True,,-104.67754277087822,225.35508554175644,326.0868901561237,4.036131665942294,53.0,167.69625900000005,finite_mle,joint_02128
B_obl,same_type_exponential_history;lr04_scaled;co2_scaled;mis6_segment;obl_scaled,6,True,True,,-110.89832720863825,233.7966544172765,,,53.0,167.69625900000005,finite_mle,joint_02128
BP_obl,same_type_exponential_history;lr04_scaled;co2_scaled;mis6_segment;pre_phase_sin;pre_phase_cos;obl_scaled,8,True,True,,-104.62044800792059,225.24089601584117,328.10355537642096,5.033546886918479,53.0,167.69625900000005,finite_mle,joint_02128
B_insol65n,same_type_exponential_history;lr04_scaled;co2_scaled;mis6_segment;insol65n_scaled,6,True,True,,-106.95209164814266,225.9041832962853,,,53.0,167.69625900000005,finite_mle,joint_02128
BP_insol65n,same_type_exponential_history;lr04_scaled;co2_scaled;mis6_segment;pre_phase_sin;pre_phase_cos;insol65n_scaled,8,True,True,,-104.3919851571599,224.7839703143198,309.6904278626028,3.0376727500395933,53.0,167.69625900000005,finite_mle,joint_02128
B,same_type_exponential_history;lr04_scaled;co2_scaled;mis6_segment,5,True,True,,-110.87848097838855,231.7569619567771,,,53.0,163.41996800000004,finite_mle,joint_01860
BP,same_type_exponential_history;lr04_scaled;co2_scaled;mis6_segment;pre_phase_sin;pre_phase_cos,7,True,True,,-102.97263820374735,219.9452764074947,320.1734266639593,6.136743863026706,53.0,163.41996800000004,finite_mle,joint_01860
B_ecc,same_type_exponential_history;lr04_scaled;co2_scaled;mis6_segment;ecc_scaled,6,True,True,,-109.00165593992273,230.00331187984546,,,53.0,163.41996800000004,finite_mle,joint_01860
BP_ecc,same_type_exponential_history;lr04_scaled;co2_scaled;mis6_segment;pre_phase_sin;pre_phase_cos;ecc_scaled,8,True,True,,-102.11581838981441,220.23163677962881,318.29810382695484,5.466874545797096,53.0,163.41996800000004,finite_mle,joint_01860
B_obl,same_type_exponential_history;lr04_scaled;co2_scaled;mis6_segment;obl_scaled,6,True,True,,-110.68519541698046,233.37039083396093,,,53.0,163.41996800000004,finite_mle,joint_01860
BP_obl,same_type_exponential_history;lr04_scaled;co2_scaled;mis6_segment;pre_phase_sin;pre_phase_cos;obl_scaled,8,True,True,,-101.12756168918992,218.25512337837984,321.3104005646809,8.246077294096157,53.0,163.41996800000004,finite_mle,joint_01860
B_insol65n,same_type_exponential_history;lr04_scaled;co2_scaled;mis6_segment;insol65n_scaled,6,True,True,,-105.20353605147704,222.4070721029541,,,53.0,163.41996800000004,finite_mle,joint_01860
BP_insol65n,same_type_exponential_history;lr04_scaled;co2_scaled;mis6_segment;pre_phase_sin;pre_phase_cos;insol65n_scaled,8,True,True,,-100.70313070930291,217.40626141860582,288.08723024277884,4.03135834451386,53.0,163.41996800000004,finite_mle,joint_01860
B,same_type_exponential_history;lr04_scaled;co2_scaled;mis6_segment,5,True,True,,-110.74746188190363,231.49492376380726,,,53.0,167.50598400000004,finite_mle,joint_00984
BP,same_type_exponential_history;lr04_scaled;co2_scaled;mis6_segment;pre_phase_sin;pre_phase_cos,7,True,True,,-104.5287162297196,223.0574324594392,341.91641211498603,4.861612243216133,53.0,167.50598400000004,finite_mle,joint_00984
B_ecc,same_type_exponential_history;lr04_scaled;co2_scaled;mis6_segment;ecc_scaled,6,True,True,,-110.2565398957251,232.5130797914502,,,53.0,167.50598400000004,finite_mle,joint_00984
BP_ecc,same_type_exponential_history;lr04_scaled;co2_scaled;mis6_segment;pre_phase_sin;pre_phase_cos;ecc_scaled,8,True,True,,-104.49766622606614,224.9953324521323,341.7876396892946,4.723125629656612,53.0,167.50598400000004,finite_mle,joint_00984
B_obl,same_type_exponential_history;lr04_scaled;co2_scaled;mis6_segment;obl_scaled,6,True,True,,-110.73464409326061,233.46928818652123,,,53.0,167.50598400000004,finite_mle,joint_00984
BP_obl,same_type_exponential_history;lr04_scaled;co2_scaled;mis6_segment;pre_phase_sin;pre_phase_cos;obl_scaled,8,True,True,,-104.29702635619992,224.59405271239984,341.4532369538857,5.3152521681485245,53.0,167.50598400000004,finite_mle,joint_00984
B_insol65n,same_type_exponential_history;lr04_scaled;co2_scaled;mis6_segment;insol65n_scaled,6,True,True,,-106.3850723654273,224.7701447308546,,,53.0,167.50598400000004,finite_mle,joint_00984
BP_insol65n,same_type_exponential_history;lr04_scaled;co2_scaled;mis6_segment;pre_phase_sin;pre_phase_cos;insol65n_scaled,8,True,True,,-104.18226617976686,224.3645323595337,334.755889512937,3.4336023334327708,53.0,167.50598400000004,finite_mle,joint_00984
B,same_type_exponential_history;lr04_scaled;co2_scaled;mis6_segment,5,True,True,,-110.67975125008658,231.35950250017316,,,53.0,160.82975500000003,finite_mle,joint_02981
BP,same_type_exponential_history;lr04_scaled;co2_scaled;mis6_segment;pre_phase_sin;pre_phase_cos,7,True,True,,-100.81368876943179,215.62737753886358,320.05273528031273,8.231268788885709,53.0,160.82975500000003,finite_mle,joint_02981
B_ecc,same_type_exponential_history;lr04_scaled;co2_scaled;mis6_segment;ecc_scaled,6,True,True,,-107.98948457162999,227.97896914325997,,,53.0,160.82975500000003,finite_mle,joint_02981
BP_ecc,same_type_exponential_history;lr04_scaled;co2_scaled;mis6_segment;pre_phase_sin;pre_phase_cos;ecc_scaled,8,True,True,,-99.37747942050622,214.75495884101244,317.79230887422943,7.203100729895448,53.0,160.82975500000003,finite_mle,joint_02981
B_obl,same_type_exponential_history;lr04_scaled;co2_scaled;mis6_segment;obl_scaled,6,True,True,,-110.61637602908414,233.23275205816827,,,53.0,160.82975500000003,finite_mle,joint_02981
BP_obl,same_type_exponential_history;lr04_scaled;co2_scaled;mis6_segment;pre_phase_sin;pre_phase_cos;obl_scaled,8,True,True,,-98.94300232762399,213.88600465524797,320.76579528720646,11.640902962187665,53.0,160.82975500000003,finite_mle,joint_02981
B_insol65n,same_type_exponential_history;lr04_scaled;co2_scaled;mis6_segment;insol65n_scaled,6,True,True,,-104.50788518337839,221.01577036675678,,,53.0,160.82975500000003,finite_mle,joint_02981
BP_insol65n,same_type_exponential_history;lr04_scaled;co2_scaled;mis6_segment;pre_phase_sin;pre_phase_cos;insol65n_scaled,8,True,True,,-98.31238003306166,212.62476006612332,289.9835852569611,5.3536323412553815,53.0,160.82975500000003,finite_mle,joint_02981
B,same_type_exponential_history;lr04_scaled;co2_scaled;mis6_segment,5,True,True,,-110.9341255024375,231.868251004875,,,53.0,164.85656300000005,finite_mle,joint_09341
BP,same_type_exponential_history;lr04_scaled;co2_scaled;mis6_segment;pre_phase_sin;pre_phase_cos,7,True,True,,-101.06927446267387,216.13854892534775,322.83993884664915,7.947252043274685,53.0,164.85656300000005,finite_mle,joint_09341
B_ecc,same_type_exponential_history;lr04_scaled;co2_scaled;mis6_segment;ecc_scaled,6,True,True,,-108.63466307578051,229.26932615156102,,,53.0,164.85656300000005,finite_mle,joint_09341
BP_ecc,same_type_exponential_history;lr04_scaled;co2_scaled;mis6_segment;pre_phase_sin;pre_phase_cos;ecc_scaled,8,True,True,,-100.23502427758551,216.47004855517102,321.0945623163679,6.89131231867752,53.0,164.85656300000005,finite_mle,joint_09341
B_obl,same_type_exponential_history;lr04_scaled;co2_scaled;mis6_segment;obl_scaled,6,True,True,,-110.92959715056557,233.85919430113114,,,53.0,164.85656300000005,finite_mle,joint_09341
BP_obl,same_type_exponential_history;lr04_scaled;co2_scaled;mis6_segment;pre_phase_sin;pre_phase_cos;obl_scaled,8,True,True,,-100.52863928530024,217.0572785706005,323.25561957415675,9.153217310406166,53.0,164.85656300000005,finite_mle,joint_09341
B_insol65n,same_type_exponential_history;lr04_scaled;co2_scaled;mis6_segment;insol65n_scaled,6,True,True,,-105.41696670775116,222.83393341550232,,,53.0,164.85656300000005,finite_mle,joint_09341
BP_insol65n,same_type_exponential_history;lr04_scaled;co2_scaled;mis6_segment;pre_phase_sin;pre_phase_cos;insol65n_scaled,8,True,True,,-100.0268031963748,216.0536063927496,306.10293657778266,5.3184450017888105,53.0,164.85656300000005,finite_mle,joint_09341
B,same_type_exponential_history;lr04_scaled;co2_scaled;mis6_segment,5,True,True,,-110.0459992211849,230.0919984423698,,,53.0,158.685088,finite_mle,joint_07575
BP,same_type_exponential_history;lr04_scaled;co2_scaled;mis6_segment;pre_phase_sin;pre_phase_cos,7,True,True,,-101.98637602586768,217.97275205173537,318.7017906790803,6.403731447899864,53.0,158.685088,finite_mle,joint_07575
B_ecc,same_type_exponential_history;lr04_scaled;co2_scaled;mis6_segment;ecc_scaled,6,True,True,,-107.66841280926894,227.3368256185379,,,53.0,158.685088,finite_mle,joint_07575
BP_ecc,same_type_exponential_history;lr04_scaled;co2_scaled;mis6_segment;pre_phase_sin;pre_phase_cos;ecc_scaled,8,True,True,,-100.56662071605317,217.13324143210633,316.16295654023685,5.754668896630867,53.0,158.685088,finite_mle,joint_07575
B_obl,same_type_exponential_history;lr04_scaled;co2_scaled;mis6_segment;obl_scaled,6,True,True,,-109.98746488864006,231.97492977728012,,,53.0,158.685088,finite_mle,joint_07575
BP_obl,same_type_exponential_history;lr04_scaled;co2_scaled;mis6_segment;pre_phase_sin;pre_phase_cos;obl_scaled,8,True,True,,-100.30884469303291,216.61768938606582,319.4128566865828,8.908291219097972,53.0,158.685088,finite_mle,joint_07575
B_insol65n,same_type_exponential_history;lr04_scaled;co2_scaled;mis6_segment;insol65n_scaled,6,True,True,,-105.25729165457776,222.5145833091555,,,53.0,158.685088,finite_mle,joint_07575
BP_insol65n,same_type_exponential_history;lr04_scaled;co2_scaled;mis6_segment;pre_phase_sin;pre_phase_cos;insol65n_scaled,8,True,True,,-100.16471953004469,216.32943906008938,289.8393951957293,4.446170615891855,53.0,158.685088,finite_mle,joint_07575
B,same_type_exponential_history;lr04_scaled;co2_scaled;mis6_segment,5,True,True,,-110.58307075086219,231.16614150172438,,,53.0,161.05560300000002,finite_mle,joint_08714
BP,same_type_exponential_history;lr04_scaled;co2_scaled;mis6_segment;pre_phase_sin;pre_phase_cos,7,True,True,,-102.16153232883465,218.3230646576693,322.0730163970341,6.9431635517029235,53.0,161.05560300000002,finite_mle,joint_08714
B_ecc,same_type_exponential_history;lr04_scaled;co2_scaled;mis6_segment;ecc_scaled,6,True,True,,-107.99096768210774,227.98193536421547,,,53.0,161.05560300000002,finite_mle,joint_08714
BP_ecc,same_type_exponential_history;lr04_scaled;co2_scaled;mis6_segment;pre_phase_sin;pre_phase_cos;ecc_scaled,8,True,True,,-100.66296182750358,217.32592365500716,320.5705767764867,6.091928613617088,53.0,161.05560300000002,finite_mle,joint_08714
B_obl,same_type_exponential_history;lr04_scaled;co2_scaled;mis6_segment;obl_scaled,6,True,True,,-110.57847149142255,233.1569429828451,,,53.0,161.05560300000002,finite_mle,joint_08714
BP_obl,same_type_exponential_history;lr04_scaled;co2_scaled;mis6_segment;pre_phase_sin;pre_phase_cos;obl_scaled,8,True,True,,-101.19086359843774,218.3817271968755,322.7419782524461,8.661303130386,53.0,161.05560300000002,finite_mle,joint_08714
B_insol65n,same_type_exponential_history;lr04_scaled;co2_scaled;mis6_segment;insol65n_scaled,6,True,True,,-106.42472576136576,224.84945152273153,,,53.0,161.05560300000002,finite_mle,joint_08714
BP_insol65n,same_type_exponential_history;lr04_scaled;co2_scaled;mis6_segment;pre_phase_sin;pre_phase_cos;insol65n_scaled,8,True,True,,-101.51886626236069,219.03773252472138,308.48099803022296,4.989293392382601,53.0,161.05560300000002,finite_mle,joint_08714
B,same_type_exponential_history;lr04_scaled;co2_scaled;mis6_segment,5,True,True,,-111.48196935240554,232.96393870481108,,,53.0,168.63348300000004,finite_mle,joint_06402
BP,same_type_exponential_history;lr04_scaled;co2_scaled;mis6_segment;pre_phase_sin;pre_phase_cos,7,True,True,,-105.79847665766792,225.59695331533584,337.1191905081546,4.5116742452223155,53.0,168.63348300000004,finite_mle,joint_06402
B_ecc,same_type_exponential_history;lr04_scaled;co2_scaled;mis6_segment;ecc_scaled,6,True,True,,-110.34347526436245,232.6869505287249,,,53.0,168.63348300000004,finite_mle,joint_06402
BP_ecc,same_type_exponential_history;lr04_scaled;co2_scaled;mis6_segment;pre_phase_sin;pre_phase_cos;ecc_scaled,8,True,True,,-105.46782208323305,226.9356441664661,336.17316034504364,4.119052772013641,53.0,168.63348300000004,finite_mle,joint_06402
B_obl,same_type_exponential_history;lr04_scaled;co2_scaled;mis6_segment;obl_scaled,6,True,True,,-111.42845595791462,234.85691191582924,,,53.0,168.63348300000004,finite_mle,joint_06402
BP_obl,same_type_exponential_history;lr04_scaled;co2_scaled;mis6_segment;pre_phase_sin;pre_phase_cos;obl_scaled,8,True,True,,-105.11030555832687,226.22061111665374,336.5752036338022,5.236185612651496,53.0,168.63348300000004,finite_mle,joint_06402
B_insol65n,same_type_exponential_history;lr04_scaled;co2_scaled;mis6_segment;insol65n_scaled,6,True,True,,-106.71617311543778,225.43234623087557,,,53.0,168.63348300000004,finite_mle,joint_06402
BP_insol65n,same_type_exponential_history;lr04_scaled;co2_scaled;mis6_segment;pre_phase_sin;pre_phase_cos;insol65n_scaled,8,True,True,,-104.9398014376101,225.8796028752202,320.37210398590366,2.7434707664297138,53.0,168.63348300000004,finite_mle,joint_06402
B,same_type_exponential_history;lr04_scaled;co2_scaled;mis6_segment,5,True,True,,-109.95744213600013,229.91488427200025,,,53.0,162.59043100000002,finite_mle,joint_06549
BP,same_type_exponential_history;lr04_scaled;co2_scaled;mis6_segment;pre_phase_sin;pre_phase_cos,7,True,True,,-102.19679363602239,218.39358727204478,330.6898216056604,6.29697875716625,53.0,162.59043100000002,finite_mle,joint_06549
B_ecc,same_type_exponential_history;lr04_scaled;co2_scaled;mis6_segment;ecc_scaled,6,True,True,,-108.92416662988809,229.84833325977618,,,53.0,162.59043100000002,finite_mle,joint_06549
BP_ecc,same_type_exponential_history;lr04_scaled;co2_scaled;mis6_segment;pre_phase_sin;pre_phase_cos;ecc_scaled,8,True,True,,-101.94140483859198,219.88280967718396,330.26196481278595,5.814053443644068,53.0,162.59043100000002,finite_mle,joint_06549
B_obl,same_type_exponential_history;lr04_scaled;co2_scaled;mis6_segment;obl_scaled,6,True,True,,-109.94963744831121,231.89927489662242,,,53.0,162.59043100000002,finite_mle,joint_06549
BP_obl,same_type_exponential_history;lr04_scaled;co2_scaled;mis6_segment;pre_phase_sin;pre_phase_cos;obl_scaled,8,True,True,,-101.28094055247156,218.56188110494313,330.97131476224916,7.809098095622465,53.0,162.59043100000002,finite_mle,joint_06549
B_insol65n,same_type_exponential_history;lr04_scaled;co2_scaled;mis6_segment;insol65n_scaled,6,True,True,,-104.50743477445783,221.01486954891567,,,53.0,162.59043100000002,finite_mle,joint_06549
BP_insol65n,same_type_exponential_history;lr04_scaled;co2_scaled;mis6_segment;pre_phase_sin;pre_phase_cos;insol65n_scaled,8,True,True,,-101.07039753727034,218.14079507454068,313.379935681947,3.9044610079378823,53.0,162.59043100000002,finite_mle,joint_06549
B,same_type_exponential_history;lr04_scaled;co2_scaled;mis6_segment,5,True,True,,-110.62545420646904,231.2509084129381,,,53.0,163.97627200000005,finite_mle,joint_08135
BP,same_type_exponential_history;lr04_scaled;co2_scaled;mis6_segment;pre_phase_sin;pre_phase_cos,7,True,True,,-101.64271777267041,217.28543554534082,319.13339962955683,7.012896750980957,53.0,163.97627200000005,finite_mle,joint_08135
B_ecc,same_type_exponential_history;lr04_scaled;co2_scaled;mis6_segment;ecc_scaled,6,True,True,,-108.19626335564129,228.39252671128258,,,53.0,163.97627200000005,finite_mle,joint_08135
BP_ecc,same_type_exponential_history;lr04_scaled;co2_scaled;mis6_segment;pre_phase_sin;pre_phase_cos;ecc_scaled,8,True,True,,-100.333417705154,216.666835410308,316.7378747325238,6.125930537302184,53.0,163.97627200000005,finite_mle,joint_08135
B_obl,same_type_exponential_history;lr04_scaled;co2_scaled;mis6_segment;obl_scaled,6,True,True,,-110.56432401243006,233.12864802486013,,,53.0,163.97627200000005,finite_mle,joint_08135
BP_obl,same_type_exponential_history;lr04_scaled;co2_scaled;mis6_segment;pre_phase_sin;pre_phase_cos;obl_scaled,8,True,True,,-100.34826177210743,216.69652354421487,319.8010130534717,8.69891886994764,53.0,163.97627200000005,finite_mle,joint_08135
B_insol65n,same_type_exponential_history;lr04_scaled;co2_scaled;mis6_segment;insol65n_scaled,6,True,True,,-105.04611435986558,222.09222871973117,,,53.0,163.97627200000005,finite_mle,joint_08135
BP_insol65n,same_type_exponential_history;lr04_scaled;co2_scaled;mis6_segment;pre_phase_sin;pre_phase_cos;insol65n_scaled,8,True,True,,-99.63671419385597,215.27342838771193,291.46848155667885,4.618341479472123,53.0,163.97627200000005,finite_mle,joint_08135
B,same_type_exponential_history;lr04_scaled;co2_scaled;mis6_segment,5,True,True,,-111.33485936461666,232.66971872923332,,,53.0,164.25863700000002,finite_mle,joint_00051
BP,same_type_exponential_history;lr04_scaled;co2_scaled;mis6_segment;pre_phase_sin;pre_phase_cos,7,True,True,,-101.9506804682135,217.901360936427,327.8344003000179,7.466442098448741,53.0,164.25863700000002,finite_mle,joint_00051
B_ecc,same_type_exponential_history;lr04_scaled;co2_scaled;mis6_segment;ecc_scaled,6,True,True,,-109.44927208557392,230.89854417114785,,,53.0,164.25863700000002,finite_mle,joint_00051
BP_ecc,same_type_exponential_history;lr04_scaled;co2_scaled;mis6_segment;pre_phase_sin;pre_phase_cos;ecc_scaled,8,True,True,,-101.29474276304686,218.5894855260937,326.8844532784042,6.592565427282485,53.0,164.25863700000002,finite_mle,joint_00051
B_obl,same_type_exponential_history;lr04_scaled;co2_scaled;mis6_segment;obl_scaled,6,True,True,,-111.3307463098349,234.6614926196698,,,53.0,164.25863700000002,finite_mle,joint_00051
BP_obl,same_type_exponential_history;lr04_scaled;co2_scaled;mis6_segment;pre_phase_sin;pre_phase_cos;obl_scaled,8,True,True,,-100.86883362369848,217.73766724739696,328.0099814496697,9.541693222158166,53.0,164.25863700000002,finite_mle,joint_00051
B_insol65n,same_type_exponential_history;lr04_scaled;co2_scaled;mis6_segment;insol65n_scaled,6,True,True,,-104.30637457426789,220.61274914853578,,,53.0,164.25863700000002,finite_mle,joint_00051
BP_insol65n,same_type_exponential_history;lr04_scaled;co2_scaled;mis6_segment;pre_phase_sin;pre_phase_cos;insol65n_scaled,8,True,True,,-99.78473117461812,215.56946234923623,302.4216708211985,4.387105093845731,53.0,164.25863700000002,finite_mle,joint_00051
B,same_type_exponential_history;lr04_scaled;co2_scaled;mis6_segment,5,True,True,,-111.08637727230109,232.17275454460218,,,53.0,164.88427600000006,finite_mle,joint_01474
BP,same_type_exponential_history;lr04_scaled;co2_scaled;mis6_segment;pre_phase_sin;pre_phase_cos,7,True,True,,-102.20017644207641,218.40035288415282,326.6902560411355,6.936952254278931,53.0,164.88427600000006,finite_mle,joint_01474
B_ecc,same_type_exponential_history;lr04_scaled;co2_scaled;mis6_segment;ecc_scaled,6,True,True,,-107.47815810889361,226.95631621778722,,,53.0,164.88427600000006,finite_mle,joint_01474
BP_ecc,same_type_exponential_history;lr04_scaled;co2_scaled;mis6_segment;pre_phase_sin;pre_phase_cos;ecc_scaled,8,True,True,,-100.50519662439277,217.01039324878553,324.15789200500757,5.591480892178342,53.0,164.88427600000006,finite_mle,joint_01474
B_obl,same_type_exponential_history;lr04_scaled;co2_scaled;mis6_segment;obl_scaled,6,True,True,,-111.07752519743318,234.15505039486635,,,53.0,164.88427600000006,finite_mle,joint_01474
BP_obl,same_type_exponential_history;lr04_scaled;co2_scaled;mis6_segment;pre_phase_sin;pre_phase_cos;obl_scaled,8,True,True,,-101.44923353914243,218.89846707828485,326.6336997608713,8.134621084300443,53.0,164.88427600000006,finite_mle,joint_01474
B_insol65n,same_type_exponential_history;lr04_scaled;co2_scaled;mis6_segment;insol65n_scaled,6,True,True,,-104.78670014918026,221.57340029836053,,,53.0,164.88427600000006,finite_mle,joint_01474
BP_insol65n,same_type_exponential_history;lr04_scaled;co2_scaled;mis6_segment;pre_phase_sin;pre_phase_cos;insol65n_scaled,8,True,True,,-100.57666398957434,217.15332797914868,301.79032793881055,4.123019510243134,53.0,164.88427600000006,finite_mle,joint_01474
B,same_type_exponential_history;lr04_scaled;co2_scaled;mis6_segment,5,True,True,,-110.6791213574194,231.3582427148388,,,53.0,168.12975800000004,finite_mle,joint_06374
BP,same_type_exponential_history;lr04_scaled;co2_scaled;mis6_segment;pre_phase_sin;pre_phase_cos,7,True,True,,-105.35593872008323,224.71187744016646,324.4638970739418,4.100022741686529,53.0,168.12975800000004,finite_mle,joint_06374
B_ecc,same_type_exponential_history;lr04_scaled;co2_scaled;mis6_segment;ecc_scaled,6,True,True,,-108.6227633971466,229.2455267942932,,,53.0,168.12975800000004,finite_mle,joint_06374
BP_ecc,same_type_exponential_history;lr04_scaled;co2_scaled;mis6_segment;pre_phase_sin;pre_phase_cos;ecc_scaled,8,True,True,,-104.4861250106967,224.9722500213934,321.13869508976194,3.535420496559971,53.0,168.12975800000004,finite_mle,joint_06374
B_obl,same_type_exponential_history;lr04_scaled;co2_scaled;mis6_segment;obl_scaled,6,True,True,,-110.61283305803329,233.22566611606658,,,53.0,168.12975800000004,finite_mle,joint_06374
BP_obl,same_type_exponential_history;lr04_scaled;co2_scaled;mis6_segment;pre_phase_sin;pre_phase_cos;obl_scaled,8,True,True,,-104.70867154855412,225.41734309710824,324.4193642125534,4.651785643634032,53.0,168.12975800000004,finite_mle,joint_06374
B_insol65n,same_type_exponential_history;lr04_scaled;co2_scaled;mis6_segment;insol65n_scaled,6,True,True,,-106.94771275247558,225.89542550495116,,,53.0,168.12975800000004,finite_mle,joint_06374
BP_insol65n,same_type_exponential_history;lr04_scaled;co2_scaled;mis6_segment;pre_phase_sin;pre_phase_cos;insol65n_scaled,8,True,True,,-104.49510847711156,224.99021695422311,300.1596341782151,2.806250721351066,53.0,168.12975800000004,finite_mle,joint_06374
B,same_type_exponential_history;lr04_scaled;co2_scaled;mis6_segment,5,True,True,,-111.50897859600326,233.01795719200652,,,53.0,167.27697800000004,finite_mle,joint_09863
BP,same_type_exponential_history;lr04_scaled;co2_scaled;mis6_segment;pre_phase_sin;pre_phase_cos,7,True,True,,-103.553806794921,221.107613589842,344.36806077443214,6.401980417088765,53.0,167.27697800000004,finite_mle,joint_09863
B_ecc,same_type_exponential_history;lr04_scaled;co2_scaled;mis6_segment;ecc_scaled,6,True,True,,-111.0217667512423,234.0435335024846,,,53.0,167.27697800000004,finite_mle,joint_09863
BP_ecc,same_type_exponential_history;lr04_scaled;co2_scaled;mis6_segment;pre_phase_sin;pre_phase_cos;ecc_scaled,8,True,True,,-103.55276270217684,223.10552540435367,344.3705035773653,6.3581480159248285,53.0,167.27697800000004,finite_mle,joint_09863
B_obl,same_type_exponential_history;lr04_scaled;co2_scaled;mis6_segment;obl_scaled,6,True,True,,-111.50068491702532,235.00136983405065,,,53.0,167.27697800000004,finite_mle,joint_09863
BP_obl,same_type_exponential_history;lr04_scaled;co2_scaled;mis6_segment;pre_phase_sin;pre_phase_cos;obl_scaled,8,True,True,,-103.18982090890138,222.37964181780276,343.95564784618335,7.201101170255548,53.0,167.27697800000004,finite_mle,joint_09863
B_insol65n,same_type_exponential_history;lr04_scaled;co2_scaled;mis6_segment;insol65n_scaled,6,True,True,,-105.26844223889508,222.53688447779015,,,53.0,167.27697800000004,finite_mle,joint_09863
BP_insol65n,same_type_exponential_history;lr04_scaled;co2_scaled;mis6_segment;pre_phase_sin;pre_phase_cos;insol65n_scaled,8,True,True,,-102.76604563390829,221.53209126781658,335.4393745989612,3.8085515496576394,53.0,167.27697800000004,finite_mle,joint_09863
B,same_type_exponential_history;lr04_scaled;co2_scaled;mis6_segment,5,True,True,,-111.17864228879867,232.35728457759734,,,53.0,166.64754100000005,finite_mle,joint_03150
BP,same_type_exponential_history;lr04_scaled;co2_scaled;mis6_segment;pre_phase_sin;pre_phase_cos,7,True,True,,-102.79551020243532,219.59102040487065,341.11268091419214,6.818183310491574,53.0,166.64754100000005,finite_mle,joint_03150
B_ecc,same_type_exponential_history;lr04_scaled;co2_scaled;mis6_segment;ecc_scaled,6,True,True,,-110.33595175043976,232.67190350087952,,,53.0,166.64754100000005,finite_mle,joint_03150
BP_ecc,same_type_exponential_history;lr04_scaled;co2_scaled;mis6_segment;pre_phase_sin;pre_phase_cos;ecc_scaled,8,True,True,,-102.73435824971986,221.46871649943972,341.05723264381805,6.479772768202131,53.0,166.64754100000005,finite_mle,joint_03150
B_obl,same_type_exponential_history;lr04_scaled;co2_scaled;mis6_segment;obl_scaled,6,True,True,,-111.17622472901303,234.35244945802606,,,53.0,166.64754100000005,finite_mle,joint_03150
BP_obl,same_type_exponential_history;lr04_scaled;co2_scaled;mis6_segment;pre_phase_sin;pre_phase_cos;obl_scaled,8,True,True,,-102.33902554554017,220.67805109108033,340.71230763969686,7.802586426550387,53.0,166.64754100000005,finite_mle,joint_03150
B_insol65n,same_type_exponential_history;lr04_scaled;co2_scaled;mis6_segment;insol65n_scaled,6,True,True,,-104.56157310938815,221.1231462187763,,,53.0,166.64754100000005,finite_mle,joint_03150
BP_insol65n,same_type_exponential_history;lr04_scaled;co2_scaled;mis6_segment;pre_phase_sin;pre_phase_cos;insol65n_scaled,8,True,True,,-101.8173993175507,219.6347986351014,329.54117129317694,3.900594988159231,53.0,166.64754100000005,finite_mle,joint_03150
B,same_type_exponential_history;lr04_scaled;co2_scaled;mis6_segment,5,True,True,,-111.35789154554067,232.71578309108133,,,53.0,166.46359900000002,finite_mle,joint_02236
BP,same_type_exponential_history;lr04_scaled;co2_scaled;mis6_segment;pre_phase_sin;pre_phase_cos,7,True,True,,-102.75120063586303,219.50240127172606,325.96083090759277,6.434973878270293,53.0,166.46359900000002,finite_mle,joint_02236
B_ecc,same_type_exponential_history;lr04_scaled;co2_scaled;mis6_segment;ecc_scaled,6,True,True,,-109.4153738850475,230.830747770095,,,53.0,166.46359900000002,finite_mle,joint_02236
BP_ecc,same_type_exponential_history;lr04_scaled;co2_scaled;mis6_segment;pre_phase_sin;pre_phase_cos;ecc_scaled,8,True,True,,-102.14746340629958,220.29492681259916,323.99989364720784,5.6295788601078165,53.0,166.46359900000002,finite_mle,joint_02236
B_obl,same_type_exponential_history;lr04_scaled;co2_scaled;mis6_segment;obl_scaled,6,True,True,,-111.3476375830117,234.6952751660234,,,53.0,166.46359900000002,finite_mle,joint_02236
BP_obl,same_type_exponential_history;lr04_scaled;co2_scaled;mis6_segment;pre_phase_sin;pre_phase_cos;obl_scaled,8,True,True,,-102.05496271501264,220.10992543002527,326.05805564832406,7.428385103424207,53.0,166.46359900000002,finite_mle,joint_02236
B_insol65n,same_type_exponential_history;lr04_scaled;co2_scaled;mis6_segment;insol65n_scaled,6,True,True,,-105.2612215780477,222.5224431560954,,,53.0,166.46359900000002,finite_mle,joint_02236
BP_insol65n,same_type_exponential_history;lr04_scaled;co2_scaled;mis6_segment;pre_phase_sin;pre_phase_cos;insol65n_scaled,8,True,True,,-101.18047450033659,218.36094900067317,301.3459273524391,3.896172701826952,53.0,166.46359900000002,finite_mle,joint_02236
B,same_type_exponential_history;lr04_scaled;co2_scaled;mis6_segment,5,True,True,,-110.63372071113784,231.26744142227568,,,53.0,164.30189700000003,finite_mle,joint_02657
BP,same_type_exponential_history;lr04_scaled;co2_scaled;mis6_segment;pre_phase_sin;pre_phase_cos,7,True,True,,-102.6882524690518,219.3765049381036,320.4569523737325,6.026603938848435,53.0,164.30189700000003,finite_mle,joint_02657
B_ecc,same_type_exponential_history;lr04_scaled;co2_scaled;mis6_segment;ecc_scaled,6,True,True,,-108.15265576876321,228.30531153752642,,,53.0,164.30189700000003,finite_mle,joint_02657
BP_ecc,same_type_exponential_history;lr04_scaled;co2_scaled;mis6_segment;pre_phase_sin;pre_phase_cos;ecc_scaled,8,True,True,,-101.52583552832677,219.05167105665353,317.48949461439395,5.146720133010576,53.0,164.30189700000003,finite_mle,joint_02657
B_obl,same_type_exponential_history;lr04_scaled;co2_scaled;mis6_segment;obl_scaled,6,True,True,,-110.45587040518147,232.91174081036294,,,53.0,164.30189700000003,finite_mle,joint_02657
BP_obl,same_type_exponential_history;lr04_scaled;co2_scaled;mis6_segment;pre_phase_sin;pre_phase_cos;obl_scaled,8,True,True,,-101.05583323938782,218.11166647877565,320.9586621451273,7.669732559900305,53.0,164.30189700000003,finite_mle,joint_02657
B_insol65n,same_type_exponential_history;lr04_scaled;co2_scaled;mis6_segment;insol65n_scaled,6,True,True,,-104.2500098998134,220.5000197996268,,,53.0,164.30189700000003,finite_mle,joint_02657
BP_insol65n,same_type_exponential_history;lr04_scaled;co2_scaled;mis6_segment;pre_phase_sin;pre_phase_cos;insol65n_scaled,8,True,True,,-99.58694420660575,215.1738884132115,279.65602007413594,3.94550818673459,53.0,164.30189700000003,finite_mle,joint_02657
B,same_type_exponential_history;lr04_scaled;co2_scaled;mis6_segment,5,True,True,,-111.56439937433724,233.12879874867448,,,53.0,164.80421300000003,finite_mle,joint_02161
BP,same_type_exponential_history;lr04_scaled;co2_scaled;mis6_segment;pre_phase_sin;pre_phase_cos,7,True,True,,-100.04952216847225,214.0990443369445,330.4377269676895,10.241714085569493,53.0,164.80421300000003,finite_mle,joint_02161
B_ecc,same_type_exponential_history;lr04_scaled;co2_scaled;mis6_segment;ecc_scaled,6,True,True,,-109.18375614073373,230.36751228146747,,,53.0,164.80421300000003,finite_mle,joint_02161
BP_ecc,same_type_exponential_history;lr04_scaled;co2_scaled;mis6_segment;pre_phase_sin;pre_phase_cos;ecc_scaled,8,True,True,,-99.12021452056186,214.24042904112372,329.6721169544464,8.870401926207332,53.0,164.80421300000003,finite_mle,joint_02161
B_obl,same_type_exponential_history;lr04_scaled;co2_scaled;mis6_segment;obl_scaled,6,True,True,,-111.56431137398653,235.12862274797305,,,53.0,164.80421300000003,finite_mle,joint_02161
BP_obl,same_type_exponential_history;lr04_scaled;co2_scaled;mis6_segment;pre_phase_sin;pre_phase_cos;obl_scaled,8,True,True,,-99.00857396978205,214.0171479395641,330.36421978552914,13.129722640980322,53.0,164.80421300000003,finite_mle,joint_02161
B_insol65n,same_type_exponential_history;lr04_scaled;co2_scaled;mis6_segment;insol65n_scaled,6,True,True,,-103.83293349800503,219.66586699601007,,,53.0,164.80421300000003,finite_mle,joint_02161
BP_insol65n,same_type_exponential_history;lr04_scaled;co2_scaled;mis6_segment;pre_phase_sin;pre_phase_cos;insol65n_scaled,8,True,True,,-98.43138605889823,212.86277211779645,312.8496299372928,5.859788155108069,53.0,164.80421300000003,finite_mle,joint_02161
B,same_type_exponential_history;lr04_scaled;co2_scaled;mis6_segment,5,True,True,,-111.32064997712564,232.64129995425128,,,53.0,166.04093699999999,finite_mle,joint_01983
BP,same_type_exponential_history;lr04_scaled;co2_scaled;mis6_segment;pre_phase_sin;pre_phase_cos,7,True,True,,-104.30669346528651,222.61338693057303,332.0881510699263,5.239085901272087,53.0,166.04093699999999,finite_mle,joint_01983
B_ecc,same_type_exponential_history;lr04_scaled;co2_scaled;mis6_segment;ecc_scaled,6,True,True,,-109.41507235183701,230.83014470367402,,,53.0,166.04093699999999,finite_mle,joint_01983
BP_ecc,same_type_exponential_history;lr04_scaled;co2_scaled;mis6_segment;pre_phase_sin;pre_phase_cos;ecc_scaled,8,True,True,,-103.67567231443425,223.3513446288685,330.6336210383919,4.559470094526802,53.0,166.04093699999999,finite_mle,joint_01983
B_obl,same_type_exponential_history;lr04_scaled;co2_scaled;mis6_segment;obl_scaled,6,True,True,,-111.29746594723252,234.59493189446505,,,53.0,166.04093699999999,finite_mle,joint_01983
BP_obl,same_type_exponential_history;lr04_scaled;co2_scaled;mis6_segment;pre_phase_sin;pre_phase_cos;obl_scaled,8,True,True,,-103.6385855654673,223.2771711309346,331.7365154084652,6.066076683865086,53.0,166.04093699999999,finite_mle,joint_01983
B_insol65n,same_type_exponential_history;lr04_scaled;co2_scaled;mis6_segment;insol65n_scaled,6,True,True,,-105.51850441262367,223.03700882524734,,,53.0,166.04093699999999,finite_mle,joint_01983
BP_insol65n,same_type_exponential_history;lr04_scaled;co2_scaled;mis6_segment;pre_phase_sin;pre_phase_cos;insol65n_scaled,8,True,True,,-102.85602880360183,221.71205760720366,306.3798797164097,3.0279859786071084,53.0,166.04093699999999,finite_mle,joint_01983
B,same_type_exponential_history;lr04_scaled;co2_scaled;mis6_segment,5,,False,An event lies outside the NGRIP observation window,,,,,,,,joint_07665
BP,same_type_exponential_history;lr04_scaled;co2_scaled;mis6_segment;pre_phase_sin;pre_phase_cos,7,,False,An event lies outside the NGRIP observation window,,,,,,,,joint_07665
B_ecc,same_type_exponential_history;lr04_scaled;co2_scaled;mis6_segment;ecc_scaled,6,,False,An event lies outside the NGRIP observation window,,,,,,,,joint_07665
BP_ecc,same_type_exponential_history;lr04_scaled;co2_scaled;mis6_segment;pre_phase_sin;pre_phase_cos;ecc_scaled,8,,False,An event lies outside the NGRIP observation window,,,,,,,,joint_07665
B_obl,same_type_exponential_history;lr04_scaled;co2_scaled;mis6_segment;obl_scaled,6,,False,An event lies outside the NGRIP observation window,,,,,,,,joint_07665
BP_obl,same_type_exponential_history;lr04_scaled;co2_scaled;mis6_segment;pre_phase_sin;pre_phase_cos;obl_scaled,8,,False,An event lies outside the NGRIP observation window,,,,,,,,joint_07665
B_insol65n,same_type_exponential_history;lr04_scaled;co2_scaled;mis6_segment;insol65n_scaled,6,,False,An event lies outside the NGRIP observation window,,,,,,,,joint_07665
BP_insol65n,same_type_exponential_history;lr04_scaled;co2_scaled;mis6_segment;pre_phase_sin;pre_phase_cos;insol65n_scaled,8,,False,An event lies outside the NGRIP observation window,,,,,,,,joint_07665
B,same_type_exponential_history;lr04_scaled;co2_scaled;mis6_segment,5,True,True,,-110.65071999077702,231.30143998155404,,,53.0,164.115969,finite_mle,joint_00577
BP,same_type_exponential_history;lr04_scaled;co2_scaled;mis6_segment;pre_phase_sin;pre_phase_cos,7,True,True,,-103.52266265870976,221.04532531741953,331.4094121507327,5.510317913363502,53.0,164.115969,finite_mle,joint_00577
B_ecc,same_type_exponential_history;lr04_scaled;co2_scaled;mis6_segment;ecc_scaled,6,True,True,,-109.26738559273767,230.53477118547534,,,53.0,164.115969,finite_mle,joint_00577
BP_ecc,same_type_exponential_history;lr04_scaled;co2_scaled;mis6_segment;pre_phase_sin;pre_phase_cos;ecc_scaled,8,True,True,,-103.10271788232768,222.20543576465536,329.99178685269976,4.9825615418175655,53.0,164.115969,finite_mle,joint_00577
B_obl,same_type_exponential_history;lr04_scaled;co2_scaled;mis6_segment;obl_scaled,6,True,True,,-110.65010291406593,233.30020582813185,,,53.0,164.115969,finite_mle,joint_00577
BP_obl,same_type_exponential_history;lr04_scaled;co2_scaled;mis6_segment;pre_phase_sin;pre_phase_cos;obl_scaled,8,True,True,,-103.03215224810924,222.06430449621848,331.3123638836111,6.320459199415949,53.0,164.115969,finite_mle,joint_00577
B_insol65n,same_type_exponential_history;lr04_scaled;co2_scaled;mis6_segment;insol65n_scaled,6,True,True,,-105.43066028931344,222.86132057862687,,,53.0,164.115969,finite_mle,joint_00577
BP_insol65n,same_type_exponential_history;lr04_scaled;co2_scaled;mis6_segment;pre_phase_sin;pre_phase_cos;insol65n_scaled,8,True,True,,-102.49730513528115,220.9946102705623,313.0561329264371,3.430218319634271,53.0,164.115969,finite_mle,joint_00577
B,same_type_exponential_history;lr04_scaled;co2_scaled;mis6_segment,5,True,True,,-111.00901150878443,232.01802301756885,,,53.0,167.093298,finite_mle,joint_03580
BP,same_type_exponential_history;lr04_scaled;co2_scaled;mis6_segment;pre_phase_sin;pre_phase_cos,7,True,True,,-102.2328872259479,218.4657744518958,330.51302027071756,6.9666381436541664,53.0,167.093298,finite_mle,joint_03580
B_ecc,same_type_exponential_history;lr04_scaled;co2_scaled;mis6_segment;ecc_scaled,6,True,True,,-109.94749820093296,231.8949964018659,,,53.0,167.093298,finite_mle,joint_03580
BP_ecc,same_type_exponential_history;lr04_scaled;co2_scaled;mis6_segment;pre_phase_sin;pre_phase_cos;ecc_scaled,8,True,True,,-102.04999020914306,220.09998041828612,329.81711026298973,6.478305253795303,53.0,167.093298,finite_mle,joint_03580
B_obl,same_type_exponential_history;lr04_scaled;co2_scaled;mis6_segment;obl_scaled,6,True,True,,-111.0048655825419,234.0097311650838,,,53.0,167.093298,finite_mle,joint_03580
BP_obl,same_type_exponential_history;lr04_scaled;co2_scaled;mis6_segment;pre_phase_sin;pre_phase_cos;obl_scaled,8,True,True,,-101.51297592675414,219.02595185350827,330.679911613558,8.248090684367986,53.0,167.093298,finite_mle,joint_03580
B_insol65n,same_type_exponential_history;lr04_scaled;co2_scaled;mis6_segment;insol65n_scaled,6,True,True,,-104.77456366969056,221.54912733938113,,,53.0,167.093298,finite_mle,joint_03580
BP_insol65n,same_type_exponential_history;lr04_scaled;co2_scaled;mis6_segment;pre_phase_sin;pre_phase_cos;insol65n_scaled,8,True,True,,-101.00098732444513,218.00197464889027,313.40369609425323,4.201022191493486,53.0,167.093298,finite_mle,joint_03580
B,same_type_exponential_history;lr04_scaled;co2_scaled;mis6_segment,5,True,True,,-111.41809765757334,232.83619531514668,,,53.0,167.41306900000004,finite_mle,joint_04237
BP,same_type_exponential_history;lr04_scaled;co2_scaled;mis6_segment;pre_phase_sin;pre_phase_cos,7,True,True,,-102.27036554341807,218.54073108683613,326.1635786847614,6.969168592662278,53.0,167.41306900000004,finite_mle,joint_04237
B_ecc,same_type_exponential_history;lr04_scaled;co2_scaled;mis6_segment;ecc_scaled,6,True,True,,-108.80296231466374,229.6059246293275,,,53.0,167.41306900000004,finite_mle,joint_04237
BP_ecc,same_type_exponential_history;lr04_scaled;co2_scaled;mis6_segment;pre_phase_sin;pre_phase_cos;ecc_scaled,8,True,True,,-101.28443853090343,218.56887706180686,324.0251702796793,5.889234719856172,53.0,167.41306900000004,finite_mle,joint_04237
B_obl,same_type_exponential_history;lr04_scaled;co2_scaled;mis6_segment;obl_scaled,6,True,True,,-111.37923324809506,234.75846649619012,,,53.0,167.41306900000004,finite_mle,joint_04237
BP_obl,same_type_exponential_history;lr04_scaled;co2_scaled;mis6_segment;pre_phase_sin;pre_phase_cos;obl_scaled,8,True,True,,-101.29673083564018,218.59346167128035,326.0644006484885,8.37899455288982,53.0,167.41306900000004,finite_mle,joint_04237
B_insol65n,same_type_exponential_history;lr04_scaled;co2_scaled;mis6_segment;insol65n_scaled,6,True,True,,-104.75500030970126,221.51000061940252,,,53.0,167.41306900000004,finite_mle,joint_04237
BP_insol65n,same_type_exponential_history;lr04_scaled;co2_scaled;mis6_segment;pre_phase_sin;pre_phase_cos;insol65n_scaled,8,True,True,,-100.37925187932443,216.75850375864886,299.4262597716101,4.120186570060649,53.0,167.41306900000004,finite_mle,joint_04237
B,same_type_exponential_history;lr04_scaled;co2_scaled;mis6_segment,5,True,True,,-111.04102676969923,232.08205353939846,,,53.0,166.17340900000005,finite_mle,joint_04486
BP,same_type_exponential_history;lr04_scaled;co2_scaled;mis6_segment;pre_phase_sin;pre_phase_cos,7,True,True,,-103.27395447599476,220.5479089519895,334.99453146479135,5.988588431896648,53.0,166.17340900000005,finite_mle,joint_04486
B_ecc,same_type_exponential_history;lr04_scaled;co2_scaled;mis6_segment;ecc_scaled,6,True,True,,-109.77808288461884,231.55616576923768,,,53.0,166.17340900000005,finite_mle,joint_04486
BP_ecc,same_type_exponential_history;lr04_scaled;co2_scaled;mis6_segment;pre_phase_sin;pre_phase_cos;ecc_scaled,8,True,True,,-103.00018550959182,222.00037101918363,334.16282468416625,5.466653133342543,53.0,166.17340900000005,finite_mle,joint_04486
B_obl,same_type_exponential_history;lr04_scaled;co2_scaled;mis6_segment;obl_scaled,6,True,True,,-111.00908475520404,234.0181695104081,,,53.0,166.17340900000005,finite_mle,joint_04486
BP_obl,same_type_exponential_history;lr04_scaled;co2_scaled;mis6_segment;pre_phase_sin;pre_phase_cos;obl_scaled,8,True,True,,-102.3603657541847,220.7207315083694,334.4987865470131,7.31658924200548,53.0,166.17340900000005,finite_mle,joint_04486
B_insol65n,same_type_exponential_history;lr04_scaled;co2_scaled;mis6_segment;insol65n_scaled,6,True,True,,-103.72406731484989,219.44813462969978,,,53.0,166.17340900000005,finite_mle,joint_04486
BP_insol65n,same_type_exponential_history;lr04_scaled;co2_scaled;mis6_segment;pre_phase_sin;pre_phase_cos;insol65n_scaled,8,True,True,,-101.09489870469397,218.18979740938795,306.8518499685835,3.0962986704726765,53.0,166.17340900000005,finite_mle,joint_04486
B,same_type_exponential_history;lr04_scaled;co2_scaled;mis6_segment,5,True,True,,-111.18014340874177,232.36028681748354,,,53.0,163.722131,finite_mle,joint_02446
BP,same_type_exponential_history;lr04_scaled;co2_scaled;mis6_segment;pre_phase_sin;pre_phase_cos,7,True,True,,-103.89379864822743,221.78759729645486,327.9344324523322,5.642964553766593,53.0,163.722131,finite_mle,joint_02446
B_ecc,same_type_exponential_history;lr04_scaled;co2_scaled;mis6_segment;ecc_scaled,6,True,True,,-109.12190368668709,230.24380737337418,,,53.0,163.722131,finite_mle,joint_02446
BP_ecc,same_type_exponential_history;lr04_scaled;co2_scaled;mis6_segment;pre_phase_sin;pre_phase_cos;ecc_scaled,8,True,True,,-102.9990505720437,221.9981011440874,326.4212420123537,4.9186431152864625,53.0,163.722131,finite_mle,joint_02446
B_obl,same_type_exponential_history;lr04_scaled;co2_scaled;mis6_segment;obl_scaled,6,True,True,,-111.17907858449652,234.35815716899305,,,53.0,163.722131,finite_mle,joint_02446
BP_obl,same_type_exponential_history;lr04_scaled;co2_scaled;mis6_segment;pre_phase_sin;pre_phase_cos;obl_scaled,8,True,True,,-103.31367356796903,222.62734713593807,328.0157773170572,6.606848485383118,53.0,163.722131,finite_mle,joint_02446
B_insol65n,same_type_exponential_history;lr04_scaled;co2_scaled;mis6_segment;insol65n_scaled,6,True,True,,-106.04124632899152,224.08249265798304,,,53.0,163.722131,finite_mle,joint_02446
BP_insol65n,same_type_exponential_history;lr04_scaled;co2_scaled;mis6_segment;pre_phase_sin;pre_phase_cos;insol65n_scaled,8,True,True,,-102.64632045671667,221.29264091343333,306.3013936488027,3.590318552991609,53.0,163.722131,finite_mle,joint_02446
B,same_type_exponential_history;lr04_scaled;co2_scaled;mis6_segment,5,True,True,,-110.79849539983914,231.59699079967828,,,53.0,165.45205300000003,finite_mle,joint_09021
BP,same_type_exponential_history;lr04_scaled;co2_scaled;mis6_segment;pre_phase_sin;pre_phase_cos,7,True,True,,-104.16634010099861,222.33268020199722,333.54964996686806,5.091506464659668,53.0,165.45205300000003,finite_mle,joint_09021
B_ecc,same_type_exponential_history;lr04_scaled;co2_scaled;mis6_segment;ecc_scaled,6,True,True,,-109.78996925812373,231.57993851624747,,,53.0,165.45205300000003,finite_mle,joint_09021
BP_ecc,same_type_exponential_history;lr04_scaled;co2_scaled;mis6_segment;pre_phase_sin;pre_phase_cos;ecc_scaled,8,True,True,,-103.93058167583627,223.86116335167253,332.9220108900186,4.714675616417136,53.0,165.45205300000003,finite_mle,joint_09021
B_obl,same_type_exponential_history;lr04_scaled;co2_scaled;mis6_segment;obl_scaled,6,True,True,,-110.79827370586625,233.5965474117325,,,53.0,165.45205300000003,finite_mle,joint_09021
BP_obl,same_type_exponential_history;lr04_scaled;co2_scaled;mis6_segment;pre_phase_sin;pre_phase_cos;obl_scaled,8,True,True,,-103.73221155543564,223.46442311087128,333.54451900641203,5.764813260228926,53.0,165.45205300000003,finite_mle,joint_09021
B_insol65n,same_type_exponential_history;lr04_scaled;co2_scaled;mis6_segment;insol65n_scaled,6,True,True,,-106.08611010846762,224.17222021693524,,,53.0,165.45205300000003,finite_mle,joint_09021
BP_insol65n,same_type_exponential_history;lr04_scaled;co2_scaled;mis6_segment;pre_phase_sin;pre_phase_cos;insol65n_scaled,8,True,True,,-103.46183199003315,222.9236639800663,319.7737052252969,3.3477703870898736,53.0,165.45205300000003,finite_mle,joint_09021
B,same_type_exponential_history;lr04_scaled;co2_scaled;mis6_segment,5,True,True,,-109.51719156257445,229.0343831251489,,,53.0,160.62163800000002,finite_mle,joint_07453
BP,same_type_exponential_history;lr04_scaled;co2_scaled;mis6_segment;pre_phase_sin;pre_phase_cos,7,True,True,,-100.3477690513468,214.6955381026936,311.16711635243433,7.309082198767036,53.0,160.62163800000002,finite_mle,joint_07453
B_ecc,same_type_exponential_history;lr04_scaled;co2_scaled;mis6_segment;ecc_scaled,6,True,True,,-107.50054566468052,227.00109132936103,,,53.0,160.62163800000002,finite_mle,joint_07453
BP_ecc,same_type_exponential_history;lr04_scaled;co2_scaled;mis6_segment;pre_phase_sin;pre_phase_cos;ecc_scaled,8,True,True,,-99.32209261006835,214.6441852201367,308.54812745950716,6.515630071755241,53.0,160.62163800000002,finite_mle,joint_07453
B_obl,same_type_exponential_history;lr04_scaled;co2_scaled;mis6_segment;obl_scaled,6,True,True,,-109.47373409451791,230.94746818903582,,,53.0,160.62163800000002,finite_mle,joint_07453
BP_obl,same_type_exponential_history;lr04_scaled;co2_scaled;mis6_segment;pre_phase_sin;pre_phase_cos;obl_scaled,8,True,True,,-99.03378448386624,214.06756896773248,312.3789726922756,9.183968592462838,53.0,160.62163800000002,finite_mle,joint_07453
B_insol65n,same_type_exponential_history;lr04_scaled;co2_scaled;mis6_segment;insol65n_scaled,6,True,True,,-105.25517096111702,222.51034192223403,,,53.0,160.62163800000002,finite_mle,joint_07453
BP_insol65n,same_type_exponential_history;lr04_scaled;co2_scaled;mis6_segment;pre_phase_sin;pre_phase_cos;insol65n_scaled,8,True,True,,-98.62418308552878,213.24836617105757,285.8193805721422,5.529661138450644,53.0,160.62163800000002,finite_mle,joint_07453
B,same_type_exponential_history;lr04_scaled;co2_scaled;mis6_segment,5,True,True,,-111.36431490069948,232.72862980139897,,,53.0,168.71345000000002,finite_mle,joint_01980
BP,same_type_exponential_history;lr04_scaled;co2_scaled;mis6_segment;pre_phase_sin;pre_phase_cos,7,True,True,,-104.26368898157207,222.52737796314415,330.91579448724156,5.243514083238557,53.0,168.71345000000002,finite_mle,joint_01980
B_ecc,same_type_exponential_history;lr04_scaled;co2_scaled;mis6_segment;ecc_scaled,6,True,True,,-109.4981988253154,230.9963976506308,,,53.0,168.71345000000002,finite_mle,joint_01980
BP_ecc,same_type_exponential_history;lr04_scaled;co2_scaled;mis6_segment;pre_phase_sin;pre_phase_cos;ecc_scaled,8,True,True,,-103.65917496854502,223.31834993709003,329.2603850132842,4.598519448458504,53.0,168.71345000000002,finite_mle,joint_01980
B_obl,same_type_exponential_history;lr04_scaled;co2_scaled;mis6_segment;obl_scaled,6,True,True,,-111.36264078951999,234.72528157903997,,,53.0,168.71345000000002,finite_mle,joint_01980
BP_obl,same_type_exponential_history;lr04_scaled;co2_scaled;mis6_segment;pre_phase_sin;pre_phase_cos;obl_scaled,8,True,True,,-103.8189287132204,223.6378574264408,330.60897031984734,5.87023970480161,53.0,168.71345000000002,finite_mle,joint_01980
B_insol65n,same_type_exponential_history;lr04_scaled;co2_scaled;mis6_segment;insol65n_scaled,6,True,True,,-105.93367571401649,223.86735142803298,,,53.0,168.71345000000002,finite_mle,joint_01980
BP_insol65n,same_type_exponential_history;lr04_scaled;co2_scaled;mis6_segment;pre_phase_sin;pre_phase_cos;insol65n_scaled,8,True,True,,-103.11119748214071,222.22239496428142,308.8999047913965,3.195355558212246,53.0,168.71345000000002,finite_mle,joint_01980
B,same_type_exponential_history;lr04_scaled;co2_scaled;mis6_segment,5,True,True,,-110.61585031746168,231.23170063492336,,,53.0,165.00163400000002,finite_mle,joint_06123
BP,same_type_exponential_history;lr04_scaled;co2_scaled;mis6_segment;pre_phase_sin;pre_phase_cos,7,True,True,,-103.52461131222339,221.04922262444677,321.2817576934223,5.356135508782561,53.0,165.00163400000002,finite_mle,joint_06123
B_ecc,same_type_exponential_history;lr04_scaled;co2_scaled;mis6_segment;ecc_scaled,6,True,True,,-107.97588135504361,227.95176271008722,,,53.0,165.00163400000002,finite_mle,joint_06123
BP_ecc,same_type_exponential_history;lr04_scaled;co2_scaled;mis6_segment;pre_phase_sin;pre_phase_cos;ecc_scaled,8,True,True,,-102.3126944149268,220.6253888298536,317.6585872403226,4.577236000187271,53.0,165.00163400000002,finite_mle,joint_06123
B_obl,same_type_exponential_history;lr04_scaled;co2_scaled;mis6_segment;obl_scaled,6,True,True,,-110.61501516479012,233.23003032958025,,,53.0,165.00163400000002,finite_mle,joint_06123
BP_obl,same_type_exponential_history;lr04_scaled;co2_scaled;mis6_segment;pre_phase_sin;pre_phase_cos;obl_scaled,8,True,True,,-103.0971886573605,222.194377314721,321.61311201956255,5.969870120687233,53.0,165.00163400000002,finite_mle,joint_06123
B_insol65n,same_type_exponential_history;lr04_scaled;co2_scaled;mis6_segment;insol65n_scaled,6,True,True,,-106.18399801834234,224.36799603668467,,,53.0,165.00163400000002,finite_mle,joint_06123
BP_insol65n,same_type_exponential_history;lr04_scaled;co2_scaled;mis6_segment;pre_phase_sin;pre_phase_cos;insol65n_scaled,8,True,True,,-102.4707440701479,220.9414881402958,298.36981958167377,3.655418320300586,53.0,165.00163400000002,finite_mle,joint_06123
B,same_type_exponential_history;lr04_scaled;co2_scaled;mis6_segment,5,True,True,,-111.29662174855866,232.59324349711733,,,53.0,168.03543200000001,finite_mle,joint_03596
BP,same_type_exponential_history;lr04_scaled;co2_scaled;mis6_segment;pre_phase_sin;pre_phase_cos,7,True,True,,-106.19267014035009,226.38534028070018,343.3261295897882,4.0891219307600375,53.0,168.03543200000001,finite_mle,joint_03596
B_ecc,same_type_exponential_history;lr04_scaled;co2_scaled;mis6_segment;ecc_scaled,6,True,True,,-110.75588832471021,233.51177664942043,,,53.0,168.03543200000001,finite_mle,joint_03596
BP_ecc,same_type_exponential_history;lr04_scaled;co2_scaled;mis6_segment;pre_phase_sin;pre_phase_cos;ecc_scaled,8,True,True,,-106.1323362809656,228.2646725619312,343.33135110661044,3.9223361114590625,53.0,168.03543200000001,finite_mle,joint_03596
B_obl,same_type_exponential_history;lr04_scaled;co2_scaled;mis6_segment;obl_scaled,6,True,True,,-111.2880731721925,234.576146344385,,,53.0,168.03543200000001,finite_mle,joint_03596
BP_obl,same_type_exponential_history;lr04_scaled;co2_scaled;mis6_segment;pre_phase_sin;pre_phase_cos;obl_scaled,8,True,True,,-106.04509993742192,228.09019987484385,343.05020460834953,4.337011415514302,53.0,168.03543200000001,finite_mle,joint_03596
B_insol65n,same_type_exponential_history;lr04_scaled;co2_scaled;mis6_segment;insol65n_scaled,6,True,True,,-108.08646634404992,228.17293268809985,,,53.0,168.03543200000001,finite_mle,joint_03596
BP_insol65n,same_type_exponential_history;lr04_scaled;co2_scaled;mis6_segment;pre_phase_sin;pre_phase_cos;insol65n_scaled,8,True,True,,-106.09698626392755,228.1939725278551,339.9813810136282,3.365359527005277,53.0,168.03543200000001,finite_mle,joint_03596
B,same_type_exponential_history;lr04_scaled;co2_scaled;mis6_segment,5,True,True,,-110.18480732867116,230.3696146573423,,,53.0,166.91712300000003,finite_mle,joint_02325
BP,same_type_exponential_history;lr04_scaled;co2_scaled;mis6_segment;pre_phase_sin;pre_phase_cos,7,True,True,,-101.46626725468967,216.93253450937934,335.39151418703517,7.003826316547164,53.0,166.91712300000003,finite_mle,joint_02325
B_ecc,same_type_exponential_history;lr04_scaled;co2_scaled;mis6_segment;ecc_scaled,6,True,True,,-109.6256127375429,231.2512254750858,,,53.0,166.91712300000003,finite_mle,joint_02325
BP_ecc,same_type_exponential_history;lr04_scaled;co2_scaled;mis6_segment;pre_phase_sin;pre_phase_cos;ecc_scaled,8,True,True,,-101.46392402905578,218.92784805811155,335.363585549369,6.934101654887563,53.0,166.91712300000003,finite_mle,joint_02325
B_obl,same_type_exponential_history;lr04_scaled;co2_scaled;mis6_segment;obl_scaled,6,True,True,,-110.1521917297164,232.3043834594328,,,53.0,166.91712300000003,finite_mle,joint_02325
BP_obl,same_type_exponential_history;lr04_scaled;co2_scaled;mis6_segment;pre_phase_sin;pre_phase_cos;obl_scaled,8,True,True,,-101.16401119621122,218.32802239242244,335.4903464130666,7.7919213237248846,53.0,166.91712300000003,finite_mle,joint_02325
B_insol65n,same_type_exponential_history;lr04_scaled;co2_scaled;mis6_segment;insol65n_scaled,6,True,True,,-104.03858387622992,220.07716775245984,,,53.0,166.91712300000003,finite_mle,joint_02325
BP_insol65n,same_type_exponential_history;lr04_scaled;co2_scaled;mis6_segment;pre_phase_sin;pre_phase_cos;insol65n_scaled,8,True,True,,-100.5775082248639,217.1550164497278,323.506145990857,4.329155019849417,53.0,166.91712300000003,finite_mle,joint_02325
B,same_type_exponential_history;lr04_scaled;co2_scaled;mis6_segment,5,True,True,,-111.59674681313184,233.1934936262637,,,53.0,164.45502300000004,finite_mle,joint_04360
BP,same_type_exponential_history;lr04_scaled;co2_scaled;mis6_segment;pre_phase_sin;pre_phase_cos,7,True,True,,-102.55500531341714,219.11001062683428,336.3592591036831,7.237079787347969,53.0,164.45502300000004,finite_mle,joint_04360
B_ecc,same_type_exponential_history;lr04_scaled;co2_scaled;mis6_segment;ecc_scaled,6,True,True,,-110.17306120876476,232.34612241752953,,,53.0,164.45502300000004,finite_mle,joint_04360
BP_ecc,same_type_exponential_history;lr04_scaled;co2_scaled;mis6_segment;pre_phase_sin;pre_phase_cos;ecc_scaled,8,True,True,,-102.15205575108354,220.30411150216707,335.77979732478445,6.5369001776282465,53.0,164.45502300000004,finite_mle,joint_04360
B_obl,same_type_exponential_history;lr04_scaled;co2_scaled;mis6_segment;obl_scaled,6,True,True,,-111.5965390363898,235.1930780727796,,,53.0,164.45502300000004,finite_mle,joint_04360
BP_obl,same_type_exponential_history;lr04_scaled;co2_scaled;mis6_segment;pre_phase_sin;pre_phase_cos;obl_scaled,8,True,True,,-101.90977368401077,219.81954736802155,336.01160448806525,8.555365822107477,53.0,164.45502300000004,finite_mle,joint_04360
B_insol65n,same_type_exponential_history;lr04_scaled;co2_scaled;mis6_segment;insol65n_scaled,6,True,True,,-104.71554180289606,221.4310836057921,,,53.0,164.45502300000004,finite_mle,joint_04360
BP_insol65n,same_type_exponential_history;lr04_scaled;co2_scaled;mis6_segment;pre_phase_sin;pre_phase_cos;insol65n_scaled,8,True,True,,-101.31095474496058,218.62190948992117,320.56566133986166,4.100925262902405,53.0,164.45502300000004,finite_mle,joint_04360
B,same_type_exponential_history;lr04_scaled;co2_scaled;mis6_segment,5,True,True,,-111.0534146271486,232.1068292542972,,,53.0,164.12291800000003,finite_mle,joint_05314
BP,same_type_exponential_history;lr04_scaled;co2_scaled;mis6_segment;pre_phase_sin;pre_phase_cos,7,True,True,,-100.34994790670714,214.6998958134143,323.2730558633746,9.136668502478605,53.0,164.12291800000003,finite_mle,joint_05314
B_ecc,same_type_exponential_history;lr04_scaled;co2_scaled;mis6_segment;ecc_scaled,6,True,True,,-108.39721942307627,228.79443884615253,,,53.0,164.12291800000003,finite_mle,joint_05314
BP_ecc,same_type_exponential_history;lr04_scaled;co2_scaled;mis6_segment;pre_phase_sin;pre_phase_cos;ecc_scaled,8,True,True,,-99.08572843512869,214.17145687025737,321.37317394905375,7.8193931462029,53.0,164.12291800000003,finite_mle,joint_05314
B_obl,same_type_exponential_history;lr04_scaled;co2_scaled;mis6_segment;obl_scaled,6,True,True,,-111.00780800891175,234.0156160178235,,,53.0,164.12291800000003,finite_mle,joint_05314
BP_obl,same_type_exponential_history;lr04_scaled;co2_scaled;mis6_segment;pre_phase_sin;pre_phase_cos;obl_scaled,8,True,True,,-98.66941787570656,213.33883575141311,323.55204305482164,12.350635254182876,53.0,164.12291800000003,finite_mle,joint_05314
B_insol65n,same_type_exponential_history;lr04_scaled;co2_scaled;mis6_segment;insol65n_scaled,6,True,True,,-104.02491110649942,220.04982221299883,,,53.0,164.12291800000003,finite_mle,joint_05314
BP_insol65n,same_type_exponential_history;lr04_scaled;co2_scaled;mis6_segment;pre_phase_sin;pre_phase_cos;insol65n_scaled,8,True,True,,-97.9281634548046,211.8563269096092,296.9675727210324,5.542182697628883,53.0,164.12291800000003,finite_mle,joint_05314
B,same_type_exponential_history;lr04_scaled;co2_scaled;mis6_segment,5,True,True,,-111.33101307892761,232.66202615785522,,,53.0,167.513622,finite_mle,joint_03100
BP,same_type_exponential_history;lr04_scaled;co2_scaled;mis6_segment;pre_phase_sin;pre_phase_cos,7,True,True,,-105.75685365384953,225.51370730769906,329.9706505601011,4.330176847041764,53.0,167.513622,finite_mle,joint_03100
B_ecc,same_type_exponential_history;lr04_scaled;co2_scaled;mis6_segment;ecc_scaled,6,True,True,,-109.48469369148233,230.96938738296467,,,53.0,167.513622,finite_mle,joint_03100
BP_ecc,same_type_exponential_history;lr04_scaled;co2_scaled;mis6_segment;pre_phase_sin;pre_phase_cos;ecc_scaled,8,True,True,,-104.94720863562446,225.89441727124893,327.6583450478451,3.8030051369115196,53.0,167.513622,finite_mle,joint_03100
B_obl,same_type_exponential_history;lr04_scaled;co2_scaled;mis6_segment;obl_scaled,6,True,True,,-111.26447777442468,234.52895554884935,,,53.0,167.513622,finite_mle,joint_03100
BP_obl,same_type_exponential_history;lr04_scaled;co2_scaled;mis6_segment;pre_phase_sin;pre_phase_cos;obl_scaled,8,True,True,,-105.02293480641569,226.04586961283138,329.79721992870174,5.02058466215074,53.0,167.513622,finite_mle,joint_03100
B_insol65n,same_type_exponential_history;lr04_scaled;co2_scaled;mis6_segment;insol65n_scaled,6,True,True,,-106.81462424659591,225.62924849319182,,,53.0,167.513622,finite_mle,joint_03100
BP_insol65n,same_type_exponential_history;lr04_scaled;co2_scaled;mis6_segment;pre_phase_sin;pre_phase_cos;insol65n_scaled,8,True,True,,-104.68410721072482,225.36821442144964,305.8672206864559,2.714084905517119,53.0,167.513622,finite_mle,joint_03100
B,same_type_exponential_history;lr04_scaled;co2_scaled;mis6_segment,5,True,True,,-111.52153196696523,233.04306393393045,,,53.0,163.78962700000002,finite_mle,joint_01358
BP,same_type_exponential_history;lr04_scaled;co2_scaled;mis6_segment;pre_phase_sin;pre_phase_cos,7,True,True,,-103.24030843317436,220.48061686634873,319.1287922892535,6.587755286772598,53.0,163.78962700000002,finite_mle,joint_01358
B_ecc,same_type_exponential_history;lr04_scaled;co2_scaled;mis6_segment;ecc_scaled,6,True,True,,-108.33662148807856,228.67324297615713,,,53.0,163.78962700000002,finite_mle,joint_01358
BP_ecc,same_type_exponential_history;lr04_scaled;co2_scaled;mis6_segment;pre_phase_sin;pre_phase_cos;ecc_scaled,8,True,True,,-101.44869903268611,218.89739806537222,316.6294396769498,5.58599165716258,53.0,163.78962700000002,finite_mle,joint_01358
B_obl,same_type_exponential_history;lr04_scaled;co2_scaled;mis6_segment;obl_scaled,6,True,True,,-111.46786687320402,234.93573374640803,,,53.0,163.78962700000002,finite_mle,joint_01358
BP_obl,same_type_exponential_history;lr04_scaled;co2_scaled;mis6_segment;pre_phase_sin;pre_phase_cos;obl_scaled,8,True,True,,-102.07058139426039,220.14116278852077,320.02310575935445,8.205401666287427,53.0,163.78962700000002,finite_mle,joint_01358
B_insol65n,same_type_exponential_history;lr04_scaled;co2_scaled;mis6_segment;insol65n_scaled,6,True,True,,-106.6911557369712,225.3823114739424,,,53.0,163.78962700000002,finite_mle,joint_01358
BP_insol65n,same_type_exponential_history;lr04_scaled;co2_scaled;mis6_segment;pre_phase_sin;pre_phase_cos;insol65n_scaled,8,True,True,,-101.86438520308636,219.7287704061727,296.0277298980328,4.486777801672128,53.0,163.78962700000002,finite_mle,joint_01358
B,same_type_exponential_history;lr04_scaled;co2_scaled;mis6_segment,5,True,True,,-111.97603786204115,233.9520757240823,,,53.0,167.42019200000004,finite_mle,joint_02014
BP,same_type_exponential_history;lr04_scaled;co2_scaled;mis6_segment;pre_phase_sin;pre_phase_cos,7,True,True,,-103.7195171692107,221.4390343384214,332.5785821526894,6.268797297841087,53.0,167.42019200000004,finite_mle,joint_02014
B_ecc,same_type_exponential_history;lr04_scaled;co2_scaled;mis6_segment;ecc_scaled,6,True,True,,-110.31235592436849,232.62471184873698,,,53.0,167.42019200000004,finite_mle,joint_02014
BP_ecc,same_type_exponential_history;lr04_scaled;co2_scaled;mis6_segment;pre_phase_sin;pre_phase_cos;ecc_scaled,8,True,True,,-103.18170453302538,222.36340906605076,331.621404097617,5.531181384831346,53.0,167.42019200000004,finite_mle,joint_02014
B_obl,same_type_exponential_history;lr04_scaled;co2_scaled;mis6_segment;obl_scaled,6,True,True,,-111.95162894021405,235.9032578804281,,,53.0,167.42019200000004,finite_mle,joint_02014
BP_obl,same_type_exponential_history;lr04_scaled;co2_scaled;mis6_segment;pre_phase_sin;pre_phase_cos;obl_scaled,8,True,True,,-102.7996771722386,221.5993543444772,332.46275529821304,7.522369262232955,53.0,167.42019200000004,finite_mle,joint_02014
B_insol65n,same_type_exponential_history;lr04_scaled;co2_scaled;mis6_segment;insol65n_scaled,6,True,True,,-104.51995306814314,221.03990613628628,,,53.0,167.42019200000004,finite_mle,joint_02014
BP_insol65n,same_type_exponential_history;lr04_scaled;co2_scaled;mis6_segment;pre_phase_sin;pre_phase_cos;insol65n_scaled,8,True,True,,-101.29956196107273,218.59912392214545,302.47300394700704,3.3106105262294814,53.0,167.42019200000004,finite_mle,joint_02014
B,same_type_exponential_history;lr04_scaled;co2_scaled;mis6_segment,5,True,True,,-110.59440347309769,231.18880694619537,,,53.0,166.57354500000002,finite_mle,joint_06862
BP,same_type_exponential_history;lr04_scaled;co2_scaled;mis6_segment;pre_phase_sin;pre_phase_cos,7,True,True,,-103.34717109990656,220.69434219981312,337.93751760714554,5.652721817592534,53.0,166.57354500000002,finite_mle,joint_06862
B_ecc,same_type_exponential_history;lr04_scaled;co2_scaled;mis6_segment;ecc_scaled,6,True,True,,-109.6530483793182,231.3060967586364,,,53.0,166.57354500000002,finite_mle,joint_06862
BP_ecc,same_type_exponential_history;lr04_scaled;co2_scaled;mis6_segment;pre_phase_sin;pre_phase_cos;ecc_scaled,8,True,True,,-103.18646982270718,222.37293964541436,337.57172972568833,5.265440911714986,53.0,166.57354500000002,finite_mle,joint_06862
B_obl,same_type_exponential_history;lr04_scaled;co2_scaled;mis6_segment;obl_scaled,6,True,True,,-110.56917531869253,233.13835063738506,,,53.0,166.57354500000002,finite_mle,joint_06862
BP_obl,same_type_exponential_history;lr04_scaled;co2_scaled;mis6_segment;pre_phase_sin;pre_phase_cos;obl_scaled,8,True,True,,-102.61065451703718,221.22130903407435,337.6256490723991,6.664833930159102,53.0,166.57354500000002,finite_mle,joint_06862
B_insol65n,same_type_exponential_history;lr04_scaled;co2_scaled;mis6_segment;insol65n_scaled,6,True,True,,-104.67366551608372,221.34733103216743,,,53.0,166.57354500000002,finite_mle,joint_06862
BP_insol65n,same_type_exponential_history;lr04_scaled;co2_scaled;mis6_segment;pre_phase_sin;pre_phase_cos;insol65n_scaled,8,True,True,,-102.31949919604628,220.63899839209256,323.09380098103804,3.279471761514736,53.0,166.57354500000002,finite_mle,joint_06862
B,same_type_exponential_history;lr04_scaled;co2_scaled;mis6_segment,5,True,True,,-111.36103413284854,232.7220682656971,,,53.0,166.67044900000002,finite_mle,joint_04025
BP,same_type_exponential_history;lr04_scaled;co2_scaled;mis6_segment;pre_phase_sin;pre_phase_cos,7,True,True,,-102.14259696952803,218.28519393905606,327.63975843282174,7.177164230689382,53.0,166.67044900000002,finite_mle,joint_04025
B_ecc,same_type_exponential_history;lr04_scaled;co2_scaled;mis6_segment;ecc_scaled,6,True,True,,-109.67093727393566,231.34187454787133,,,53.0,166.67044900000002,finite_mle,joint_04025
BP_ecc,same_type_exponential_history;lr04_scaled;co2_scaled;mis6_segment;pre_phase_sin;pre_phase_cos;ecc_scaled,8,True,True,,-101.6317381864408,219.2634763728816,326.3019611513295,6.393283561626838,53.0,166.67044900000002,finite_mle,joint_04025
B_obl,same_type_exponential_history;lr04_scaled;co2_scaled;mis6_segment;obl_scaled,6,True,True,,-111.33504796756138,234.67009593512276,,,53.0,166.67044900000002,finite_mle,joint_04025
BP_obl,same_type_exponential_history;lr04_scaled;co2_scaled;mis6_segment;pre_phase_sin;pre_phase_cos;obl_scaled,8,True,True,,-101.17386221853656,218.3477244370731,327.80610404567744,8.705365996276278,53.0,166.67044900000002,finite_mle,joint_04025
B_insol65n,same_type_exponential_history;lr04_scaled;co2_scaled;mis6_segment;insol65n_scaled,6,True,True,,-104.7954752710333,221.5909505420666,,,53.0,166.67044900000002,finite_mle,joint_04025
BP_insol65n,same_type_exponential_history;lr04_scaled;co2_scaled;mis6_segment;pre_phase_sin;pre_phase_cos;insol65n_scaled,8,True,True,,-100.56788719727875,217.1357743945575,306.15571658776463,4.2787773908151685,53.0,166.67044900000002,finite_mle,joint_04025
B,same_type_exponential_history;lr04_scaled;co2_scaled;mis6_segment,5,True,True,,-110.39786864229183,230.79573728458365,,,53.0,167.79683500000004,finite_mle,joint_09777
BP,same_type_exponential_history;lr04_scaled;co2_scaled;mis6_segment;pre_phase_sin;pre_phase_cos,7,True,True,,-105.28165555542034,224.5633111108407,338.4453356059294,4.091902479900037,53.0,167.79683500000004,finite_mle,joint_09777
B_ecc,same_type_exponential_history;lr04_scaled;co2_scaled;mis6_segment;ecc_scaled,6,True,True,,-109.889813654878,231.779627309756,,,53.0,167.79683500000004,finite_mle,joint_09777
BP_ecc,same_type_exponential_history;lr04_scaled;co2_scaled;mis6_segment;pre_phase_sin;pre_phase_cos;ecc_scaled,8,True,True,,-105.20441123558723,226.40882247117446,338.0989840009598,3.9357724295740453,53.0,167.79683500000004,finite_mle,joint_09777
B_obl,same_type_exponential_history;lr04_scaled;co2_scaled;mis6_segment;obl_scaled,6,True,True,,-110.35950343312956,232.71900686625912,,,53.0,167.79683500000004,finite_mle,joint_09777
BP_obl,same_type_exponential_history;lr04_scaled;co2_scaled;mis6_segment;pre_phase_sin;pre_phase_cos;obl_scaled,8,True,True,,-105.16397968609922,226.32795937219845,338.23212329708747,4.353108173636926,53.0,167.79683500000004,finite_mle,joint_09777
B_insol65n,same_type_exponential_history;lr04_scaled;co2_scaled;mis6_segment;insol65n_scaled,6,True,True,,-107.76905818258088,227.53811636516176,,,53.0,167.79683500000004,finite_mle,joint_09777
BP_insol65n,same_type_exponential_history;lr04_scaled;co2_scaled;mis6_segment;pre_phase_sin;pre_phase_cos;insol65n_scaled,8,True,True,,-105.25914220431001,226.51828440862002,336.58227103962884,3.7427704609167582,53.0,167.79683500000004,finite_mle,joint_09777
B,same_type_exponential_history;lr04_scaled;co2_scaled;mis6_segment,5,True,True,,-111.22098601466095,232.4419720293219,,,53.0,168.244562,finite_mle,joint_07957
BP,same_type_exponential_history;lr04_scaled;co2_scaled;mis6_segment;pre_phase_sin;pre_phase_cos,7,True,True,,-103.31241319713416,220.62482639426833,338.0503824352159,6.267783652987622,53.0,168.244562,finite_mle,joint_07957
B_ecc,same_type_exponential_history;lr04_scaled;co2_scaled;mis6_segment;ecc_scaled,6,True,True,,-110.548095750754,233.096191501508,,,53.0,168.244562,finite_mle,joint_07957
BP_ecc,same_type_exponential_history;lr04_scaled;co2_scaled;mis6_segment;pre_phase_sin;pre_phase_cos;ecc_scaled,8,True,True,,-103.27279620105335,222.5455924021067,337.8867380997403,6.045956341185611,53.0,168.244562,finite_mle,joint_07957
B_obl,same_type_exponential_history;lr04_scaled;co2_scaled;mis6_segment;obl_scaled,6,True,True,,-111.21756641054769,234.43513282109538,,,53.0,168.244562,finite_mle,joint_07957
BP_obl,same_type_exponential_history;lr04_scaled;co2_scaled;mis6_segment;pre_phase_sin;pre_phase_cos;obl_scaled,8,True,True,,-102.96826357824392,221.93652715648784,337.87393363240454,6.96604189442874,53.0,168.244562,finite_mle,joint_07957
B_insol65n,same_type_exponential_history;lr04_scaled;co2_scaled;mis6_segment;insol65n_scaled,6,True,True,,-105.77865357461573,223.55730714923146,,,53.0,168.244562,finite_mle,joint_07957
BP_insol65n,same_type_exponential_history;lr04_scaled;co2_scaled;mis6_segment;pre_phase_sin;pre_phase_cos;insol65n_scaled,8,True,True,,-102.77699376249478,221.55398752498957,329.1177301622073,4.132325110175978,53.0,168.244562,finite_mle,joint_07957
B,same_type_exponential_history;lr04_scaled;co2_scaled;mis6_segment,5,True,True,,-110.5935691705049,231.1871383410098,,,53.0,161.01452500000002,finite_mle,joint_07281
BP,same_type_exponential_history;lr04_scaled;co2_scaled;mis6_segment;pre_phase_sin;pre_phase_cos,7,True,True,,-102.79443057454395,219.5888611490879,314.0684918761676,6.201805859195989,53.0,161.01452500000002,finite_mle,joint_07281
B_ecc,same_type_exponential_history;lr04_scaled;co2_scaled;mis6_segment;ecc_scaled,6,True,True,,-107.68464682112801,227.36929364225603,,,53.0,161.01452500000002,finite_mle,joint_07281
BP_ecc,same_type_exponential_history;lr04_scaled;co2_scaled;mis6_segment;pre_phase_sin;pre_phase_cos;ecc_scaled,8,True,True,,-100.9312485716401,217.8624971432802,311.2258060022408,5.480183533170567,53.0,161.01452500000002,finite_mle,joint_07281
B_obl,same_type_exponential_history;lr04_scaled;co2_scaled;mis6_segment;obl_scaled,6,True,True,,-110.45842520098778,232.91685040197555,,,53.0,161.01452500000002,finite_mle,joint_07281
BP_obl,same_type_exponential_history;lr04_scaled;co2_scaled;mis6_segment;pre_phase_sin;pre_phase_cos;obl_scaled,8,True,True,,-101.1023635209521,218.2047270419042,315.4764217391282,8.32518041698415,53.0,161.01452500000002,finite_mle,joint_07281
B_insol65n,same_type_exponential_history;lr04_scaled;co2_scaled;mis6_segment;insol65n_scaled,6,True,True,,-106.7894467968186,225.5788935936372,,,53.0,161.01452500000002,finite_mle,joint_07281
BP_insol65n,same_type_exponential_history;lr04_scaled;co2_scaled;mis6_segment;pre_phase_sin;pre_phase_cos;insol65n_scaled,8,True,True,,-101.5434645085742,219.0869290171484,290.7840290695572,4.59604294436081,53.0,161.01452500000002,finite_mle,joint_07281
B,same_type_exponential_history;lr04_scaled;co2_scaled;mis6_segment,5,True,True,,-110.54810849038162,231.09621698076324,,,53.0,166.139148,finite_mle,joint_00769
BP,same_type_exponential_history;lr04_scaled;co2_scaled;mis6_segment;pre_phase_sin;pre_phase_cos,7,True,True,,-104.91587329366752,223.83174658733503,329.79023110163655,4.417909219041468,53.0,166.139148,finite_mle,joint_00769
B_ecc,same_type_exponential_history;lr04_scaled;co2_scaled;mis6_segment;ecc_scaled,6,True,True,,-109.38569933237804,230.77139866475608,,,53.0,166.139148,finite_mle,joint_00769
BP_ecc,same_type_exponential_history;lr04_scaled;co2_scaled;mis6_segment;pre_phase_sin;pre_phase_cos;ecc_scaled,8,True,True,,-104.5870855879958,225.1741711759916,328.3862008738147,4.032140456852926,53.0,166.139148,finite_mle,joint_00769
B_obl,same_type_exponential_history;lr04_scaled;co2_scaled;mis6_segment;obl_scaled,6,True,True,,-110.5405153733959,233.0810307467918,,,53.0,166.139148,finite_mle,joint_00769
BP_obl,same_type_exponential_history;lr04_scaled;co2_scaled;mis6_segment;pre_phase_sin;pre_phase_cos;obl_scaled,8,True,True,,-104.5000283328032,225.0000566656064,329.9651122398277,4.907573865917114,53.0,166.139148,finite_mle,joint_00769
B_insol65n,same_type_exponential_history;lr04_scaled;co2_scaled;mis6_segment;insol65n_scaled,6,True,True,,-106.8289685104233,225.6579370208466,,,53.0,166.139148,finite_mle,joint_00769
BP_insol65n,same_type_exponential_history;lr04_scaled;co2_scaled;mis6_segment;pre_phase_sin;pre_phase_cos;insol65n_scaled,8,True,True,,-104.42986483750607,224.85972967501215,316.3557983942195,3.106649830516554,53.0,166.139148,finite_mle,joint_00769
B,same_type_exponential_history;lr04_scaled;co2_scaled;mis6_segment,5,True,True,,-110.36530899263053,230.73061798526106,,,53.0,164.88103100000004,finite_mle,joint_00843
BP,same_type_exponential_history;lr04_scaled;co2_scaled;mis6_segment;pre_phase_sin;pre_phase_cos,7,True,True,,-102.31032368286053,218.62064736572106,334.9931890777608,6.455765261499002,53.0,164.88103100000004,finite_mle,joint_00843
B_ecc,same_type_exponential_history;lr04_scaled;co2_scaled;mis6_segment;ecc_scaled,6,True,True,,-109.70518670840102,231.41037341680203,,,53.0,164.88103100000004,finite_mle,joint_00843
BP_ecc,same_type_exponential_history;lr04_scaled;co2_scaled;mis6_segment;pre_phase_sin;pre_phase_cos;ecc_scaled,8,True,True,,-102.28774123268045,220.5754824653609,334.91262542973664,6.262958161417613,53.0,164.88103100000004,finite_mle,joint_00843
B_obl,same_type_exponential_history;lr04_scaled;co2_scaled;mis6_segment;obl_scaled,6,True,True,,-110.36530337199305,232.7306067439861,,,53.0,164.88103100000004,finite_mle,joint_00843
BP_obl,same_type_exponential_history;lr04_scaled;co2_scaled;mis6_segment;pre_phase_sin;pre_phase_cos;obl_scaled,8,True,True,,-101.71864771398336,219.43729542796672,335.2700836248597,7.548911774185201,53.0,164.88103100000004,finite_mle,joint_00843
B_insol65n,same_type_exponential_history;lr04_scaled;co2_scaled;mis6_segment;insol65n_scaled,6,True,True,,-104.3312801950237,220.6625603900474,,,53.0,164.88103100000004,finite_mle,joint_00843
BP_insol65n,same_type_exponential_history;lr04_scaled;co2_scaled;mis6_segment;pre_phase_sin;pre_phase_cos;insol65n_scaled,8,True,True,,-101.25253839792673,218.50507679585345,320.8074246701346,3.8474279370613003,53.0,164.88103100000004,finite_mle,joint_00843
B,same_type_exponential_history;lr04_scaled;co2_scaled;mis6_segment,5,True,True,,-110.18758050225307,230.37516100450614,,,53.0,162.21609700000005,finite_mle,joint_07174
BP,same_type_exponential_history;lr04_scaled;co2_scaled;mis6_segment;pre_phase_sin;pre_phase_cos,7,True,True,,-100.45841814714194,214.91683629428388,321.50990931418823,8.152362916730265,53.0,162.21609700000005,finite_mle,joint_07174
B_ecc,same_type_exponential_history;lr04_scaled;co2_scaled;mis6_segment;ecc_scaled,6,True,True,,-108.64253498914294,229.2850699782859,,,53.0,162.21609700000005,finite_mle,joint_07174
BP_ecc,same_type_exponential_history;lr04_scaled;co2_scaled;mis6_segment;pre_phase_sin;pre_phase_cos;ecc_scaled,8,True,True,,-99.9017693536357,215.8035387072714,320.27732570947524,7.389096366721217,53.0,162.21609700000005,finite_mle,joint_07174
B_obl,same_type_exponential_history;lr04_scaled;co2_scaled;mis6_segment;obl_scaled,6,True,True,,-110.15731480935288,232.31462961870577,,,53.0,162.21609700000005,finite_mle,joint_07174
BP_obl,same_type_exponential_history;lr04_scaled;co2_scaled;mis6_segment;pre_phase_sin;pre_phase_cos;obl_scaled,8,True,True,,-99.10812838053883,214.21625676107766,322.37952522868073,10.599106927958266,53.0,162.21609700000005,finite_mle,joint_07174
B_insol65n,same_type_exponential_history;lr04_scaled;co2_scaled;mis6_segment;insol65n_scaled,6,True,True,,-104.25006673968406,220.50013347936812,,,53.0,162.21609700000005,finite_mle,joint_07174
BP_insol65n,same_type_exponential_history;lr04_scaled;co2_scaled;mis6_segment;pre_phase_sin;pre_phase_cos;insol65n_scaled,8,True,True,,-98.69724175228107,213.39448350456215,298.62936473667577,5.218148666829539,53.0,162.21609700000005,finite_mle,joint_07174
B,same_type_exponential_history;lr04_scaled;co2_scaled;mis6_segment,5,True,True,,-110.9829610675929,231.9659221351858,,,53.0,164.01452500000005,finite_mle,joint_08022
BP,same_type_exponential_history;lr04_scaled;co2_scaled;mis6_segment;pre_phase_sin;pre_phase_cos,7,True,True,,-101.12884003353092,216.25768006706184,326.99623071770685,8.295248868968963,53.0,164.01452500000005,finite_mle,joint_08022
B_ecc,same_type_exponential_history;lr04_scaled;co2_scaled;mis6_segment;ecc_scaled,6,True,True,,-108.97979864964546,229.95959729929092,,,53.0,164.01452500000005,finite_mle,joint_08022
BP_ecc,same_type_exponential_history;lr04_scaled;co2_scaled;mis6_segment;pre_phase_sin;pre_phase_cos;ecc_scaled,8,True,True,,-100.39072385308046,216.78144770616092,325.9599050195865,7.291707165599367,53.0,164.01452500000005,finite_mle,joint_08022
B_obl,same_type_exponential_history;lr04_scaled;co2_scaled;mis6_segment;obl_scaled,6,True,True,,-110.97187908121501,233.94375816243002,,,53.0,164.01452500000005,finite_mle,joint_08022
BP_obl,same_type_exponential_history;lr04_scaled;co2_scaled;mis6_segment;pre_phase_sin;pre_phase_cos;obl_scaled,8,True,True,,-100.01164812873736,216.02329625747473,327.431000259672,10.613328247303638,53.0,164.01452500000005,finite_mle,joint_08022
B_insol65n,same_type_exponential_history;lr04_scaled;co2_scaled;mis6_segment;insol65n_scaled,6,True,True,,-104.03244567463926,220.06489134927853,,,53.0,164.01452500000005,finite_mle,joint_08022
BP_insol65n,same_type_exponential_history;lr04_scaled;co2_scaled;mis6_segment;pre_phase_sin;pre_phase_cos;insol65n_scaled,8,True,True,,-99.23610070615626,214.47220141231253,304.79179531561135,4.832772353921457,53.0,164.01452500000005,finite_mle,joint_08022
B,same_type_exponential_history;lr04_scaled;co2_scaled;mis6_segment,5,True,True,,-111.2392085401854,232.4784170803708,,,53.0,164.764113,finite_mle,joint_07442
BP,same_type_exponential_history;lr04_scaled;co2_scaled;mis6_segment;pre_phase_sin;pre_phase_cos,7,True,True,,-103.36696896771377,220.73393793542755,327.701496327026,5.952547470333712,53.0,164.764113,finite_mle,joint_07442
B_ecc,same_type_exponential_history;lr04_scaled;co2_scaled;mis6_segment;ecc_scaled,6,True,True,,-108.5069367139436,229.0138734278872,,,53.0,164.764113,finite_mle,joint_07442
BP_ecc,same_type_exponential_history;lr04_scaled;co2_scaled;mis6_segment;pre_phase_sin;pre_phase_cos;ecc_scaled,8,True,True,,-102.22819051767917,220.45638103535833,325.3473953236842,4.959689676028631,53.0,164.764113,finite_mle,joint_07442
B_obl,same_type_exponential_history;lr04_scaled;co2_scaled;mis6_segment;obl_scaled,6,True,True,,-111.197577281332,234.395154562664,,,53.0,164.764113,finite_mle,joint_07442
BP_obl,same_type_exponential_history;lr04_scaled;co2_scaled;mis6_segment;pre_phase_sin;pre_phase_cos;obl_scaled,8,True,True,,-102.46878468751316,220.93756937502633,327.59969919891716,7.054637538991502,53.0,164.764113,finite_mle,joint_07442
B_insol65n,same_type_exponential_history;lr04_scaled;co2_scaled;mis6_segment;insol65n_scaled,6,True,True,,-104.74706632359012,221.49413264718024,,,53.0,164.764113,finite_mle,joint_07442
BP_insol65n,same_type_exponential_history;lr04_scaled;co2_scaled;mis6_segment;pre_phase_sin;pre_phase_cos;insol65n_scaled,8,True,True,,-101.22277449963758,218.44554899927516,295.20142879774426,3.409999687055638,53.0,164.764113,finite_mle,joint_07442
B,same_type_exponential_history;lr04_scaled;co2_scaled;mis6_segment,5,True,True,,-110.24041626028045,230.4808325205609,,,53.0,167.29947000000004,finite_mle,joint_09460
BP,same_type_exponential_history;lr04_scaled;co2_scaled;mis6_segment;pre_phase_sin;pre_phase_cos,7,True,True,,-104.69899398919566,223.3979879783913,340.7558056319283,4.371346016448062,53.0,167.29947000000004,finite_mle,joint_09460
B_ecc,same_type_exponential_history;lr04_scaled;co2_scaled;mis6_segment;ecc_scaled,6,True,True,,-109.92384623308187,231.84769246616375,,,53.0,167.29947000000004,finite_mle,joint_09460
BP_ecc,same_type_exponential_history;lr04_scaled;co2_scaled;mis6_segment;pre_phase_sin;pre_phase_cos;ecc_scaled,8,True,True,,-104.69603260286783,225.39206520573566,340.710773476491,4.3321709740379735,53.0,167.29947000000004,finite_mle,joint_09460
B_obl,same_type_exponential_history;lr04_scaled;co2_scaled;mis6_segment;obl_scaled,6,True,True,,-110.21834818341966,232.43669636683933,,,53.0,167.29947000000004,finite_mle,joint_09460
BP_obl,same_type_exponential_history;lr04_scaled;co2_scaled;mis6_segment;pre_phase_sin;pre_phase_cos;obl_scaled,8,True,True,,-104.53131575271091,225.06263150542182,340.4858719458708,4.69949204065961,53.0,167.29947000000004,finite_mle,joint_09460
B_insol65n,same_type_exponential_history;lr04_scaled;co2_scaled;mis6_segment;insol65n_scaled,6,True,True,,-106.84809781746432,225.69619563492864,,,53.0,167.29947000000004,finite_mle,joint_09460
BP_insol65n,same_type_exponential_history;lr04_scaled;co2_scaled;mis6_segment;pre_phase_sin;pre_phase_cos;insol65n_scaled,8,True,True,,-104.56944895458682,225.13889790917364,336.55147531933704,3.5280384072953,53.0,167.29947000000004,finite_mle,joint_09460
B,same_type_exponential_history;lr04_scaled;co2_scaled;mis6_segment,5,True,True,,-110.9728433336982,231.9456866673964,,,53.0,165.713348,finite_mle,joint_07997
BP,same_type_exponential_history;lr04_scaled;co2_scaled;mis6_segment;pre_phase_sin;pre_phase_cos,7,True,True,,-101.92265756042923,217.84531512085846,335.45360918659543,7.112257020043598,53.0,165.713348,finite_mle,joint_07997
B_ecc,same_type_exponential_history;lr04_scaled;co2_scaled;mis6_segment;ecc_scaled,6,True,True,,-109.77991556622904,231.55983113245807,,,53.0,165.713348,finite_mle,joint_07997
BP_ecc,same_type_exponential_history;lr04_scaled;co2_scaled;mis6_segment;pre_phase_sin;pre_phase_cos;ecc_scaled,8,True,True,,-101.67624946468351,219.35249892936702,334.9119154389733,6.525400701198355,53.0,165.713348,finite_mle,joint_07997
B_obl,same_type_exponential_history;lr04_scaled;co2_scaled;mis6_segment;obl_scaled,6,True,True,,-110.91278526083559,233.82557052167118,,,53.0,165.713348,finite_mle,joint_07997
BP_obl,same_type_exponential_history;lr04_scaled;co2_scaled;mis6_segment;pre_phase_sin;pre_phase_cos;obl_scaled,8,True,True,,-100.51599122183086,217.03198244366172,335.172337748369,9.32088398897087,53.0,165.713348,finite_mle,joint_07997
B_insol65n,same_type_exponential_history;lr04_scaled;co2_scaled;mis6_segment;insol65n_scaled,6,True,True,,-102.7435687208899,217.4871374417798,,,53.0,165.713348,finite_mle,joint_07997
BP_insol65n,same_type_exponential_history;lr04_scaled;co2_scaled;mis6_segment;pre_phase_sin;pre_phase_cos;insol65n_scaled,8,True,True,,-99.60948919502411,215.21897839004822,311.547418525752,3.588994892097205,53.0,165.713348,finite_mle,joint_07997
B,same_type_exponential_history;lr04_scaled;co2_scaled;mis6_segment,5,True,True,,-110.72542426840599,231.45084853681198,,,53.0,162.42167000000006,finite_mle,joint_06182
BP,same_type_exponential_history;lr04_scaled;co2_scaled;mis6_segment;pre_phase_sin;pre_phase_cos,7,True,True,,-101.75701432653648,217.51402865307296,324.15069012513874,7.0843995977675265,53.0,162.42167000000006,finite_mle,joint_06182
B_ecc,same_type_exponential_history;lr04_scaled;co2_scaled;mis6_segment;ecc_scaled,6,True,True,,-108.09428046819755,228.1885609363951,,,53.0,162.42167000000006,finite_mle,joint_06182
BP_ecc,same_type_exponential_history;lr04_scaled;co2_scaled;mis6_segment;pre_phase_sin;pre_phase_cos;ecc_scaled,8,True,True,,-100.65731083339192,217.31462166678384,322.0671419838615,5.977943621036839,53.0,162.42167000000006,finite_mle,joint_06182
B_obl,same_type_exponential_history;lr04_scaled;co2_scaled;mis6_segment;obl_scaled,6,True,True,,-110.68551472551181,233.37102945102362,,,53.0,162.42167000000006,finite_mle,joint_06182
BP_obl,same_type_exponential_history;lr04_scaled;co2_scaled;mis6_segment;pre_phase_sin;pre_phase_cos;obl_scaled,8,True,True,,-100.50049650789458,217.00099301578916,324.38824142608746,8.991253408601164,53.0,162.42167000000006,finite_mle,joint_06182
B_insol65n,same_type_exponential_history;lr04_scaled;co2_scaled;mis6_segment;insol65n_scaled,6,True,True,,-104.01350507103874,220.02701014207747,,,53.0,162.42167000000006,finite_mle,joint_06182
BP_insol65n,same_type_exponential_history;lr04_scaled;co2_scaled;mis6_segment;pre_phase_sin;pre_phase_cos;insol65n_scaled,8,True,True,,-99.22897745820268,214.45795491640536,291.22957822897877,4.273203985626213,53.0,162.42167000000006,finite_mle,joint_06182
B,same_type_exponential_history;lr04_scaled;co2_scaled;mis6_segment,5,True,True,,-110.66426921115593,231.32853842231185,,,53.0,168.157871,finite_mle,joint_01627
BP,same_type_exponential_history;lr04_scaled;co2_scaled;mis6_segment;pre_phase_sin;pre_phase_cos,7,True,True,,-104.72181064592309,223.44362129184617,340.6486538074018,4.645981795436408,53.0,168.157871,finite_mle,joint_01627
B_ecc,same_type_exponential_history;lr04_scaled;co2_scaled;mis6_segment;ecc_scaled,6,True,True,,-109.90691030311244,231.81382060622488,,,53.0,168.157871,finite_mle,joint_01627
BP_ecc,same_type_exponential_history;lr04_scaled;co2_scaled;mis6_segment;pre_phase_sin;pre_phase_cos;ecc_scaled,8,True,True,,-104.59873315581785,225.1974663116357,340.28792406854876,4.381156777865838,53.0,168.157871,finite_mle,joint_01627
B_obl,same_type_exponential_history;lr04_scaled;co2_scaled;mis6_segment;obl_scaled,6,True,True,,-110.66304148341789,233.32608296683577,,,53.0,168.157871,finite_mle,joint_01627
BP_obl,same_type_exponential_history;lr04_scaled;co2_scaled;mis6_segment;pre_phase_sin;pre_phase_cos;obl_scaled,8,True,True,,-104.32150221200402,224.64300442400804,340.0725671765733,5.214946511846926,53.0,168.157871,finite_mle,joint_01627
B_insol65n,same_type_exponential_history;lr04_scaled;co2_scaled;mis6_segment;insol65n_scaled,6,True,True,,-106.1345857505648,224.2691715011296,,,53.0,168.157871,finite_mle,joint_01627
BP_insol65n,same_type_exponential_history;lr04_scaled;co2_scaled;mis6_segment;pre_phase_sin;pre_phase_cos;insol65n_scaled,8,True,True,,-104.19775948055441,224.39551896110882,330.504458671302,3.0600976481981133,53.0,168.157871,finite_mle,joint_01627
B,same_type_exponential_history;lr04_scaled;co2_scaled;mis6_segment,5,True,True,,-111.26699748710394,232.53399497420787,,,53.0,165.28571800000003,finite_mle,joint_00246
BP,same_type_exponential_history;lr04_scaled;co2_scaled;mis6_segment;pre_phase_sin;pre_phase_cos,7,True,True,,-102.3780759408633,218.7561518817266,330.21767789744797,7.155591322334548,53.0,165.28571800000003,finite_mle,joint_00246
B_ecc,same_type_exponential_history;lr04_scaled;co2_scaled;mis6_segment;ecc_scaled,6,True,True,,-109.32105427960894,230.6421085592179,,,53.0,165.28571800000003,finite_mle,joint_00246
BP_ecc,same_type_exponential_history;lr04_scaled;co2_scaled;mis6_segment;pre_phase_sin;pre_phase_cos;ecc_scaled,8,True,True,,-101.64864463058782,219.29728926117565,329.21060735564936,6.264676689123914,53.0,165.28571800000003,finite_mle,joint_00246
B_obl,same_type_exponential_history;lr04_scaled;co2_scaled;mis6_segment;obl_scaled,6,True,True,,-111.26695452441751,234.53390904883503,,,53.0,165.28571800000003,finite_mle,joint_00246
BP_obl,same_type_exponential_history;lr04_scaled;co2_scaled;mis6_segment;pre_phase_sin;pre_phase_cos;obl_scaled,8,True,True,,-101.74872524747708,219.49745049495417,330.2961375418064,8.38062916346159,53.0,165.28571800000003,finite_mle,joint_00246
B_insol65n,same_type_exponential_history;lr04_scaled;co2_scaled;mis6_segment;insol65n_scaled,6,True,True,,-105.38074285073992,222.76148570147984,,,53.0,165.28571800000003,finite_mle,joint_00246
BP_insol65n,same_type_exponential_history;lr04_scaled;co2_scaled;mis6_segment;pre_phase_sin;pre_phase_cos;insol65n_scaled,8,True,True,,-101.38426524812942,218.76853049625885,315.0120604858529,4.514147253698808,53.0,165.28571800000003,finite_mle,joint_00246
B,same_type_exponential_history;lr04_scaled;co2_scaled;mis6_segment,5,True,True,,-111.01753592991064,232.03507185982127,,,53.0,165.995425,finite_mle,joint_07478
BP,same_type_exponential_history;lr04_scaled;co2_scaled;mis6_segment;pre_phase_sin;pre_phase_cos,7,True,True,,-101.76563904157385,217.5312780831477,332.03518797778,7.354176787327305,53.0,165.995425,finite_mle,joint_07478
B_ecc,same_type_exponential_history;lr04_scaled;co2_scaled;mis6_segment;ecc_scaled,6,True,True,,-109.42524990161158,230.85049980322316,,,53.0,165.995425,finite_mle,joint_07478
BP_ecc,same_type_exponential_history;lr04_scaled;co2_scaled;mis6_segment;pre_phase_sin;pre_phase_cos;ecc_scaled,8,True,True,,-101.30187755311346,218.6037551062269,331.18140374560795,6.578612522883537,53.0,165.995425,finite_mle,joint_07478
B_obl,same_type_exponential_history;lr04_scaled;co2_scaled;mis6_segment;obl_scaled,6,True,True,,-111.01726206965112,234.03452413930225,,,53.0,165.995425,finite_mle,joint_07478
BP_obl,same_type_exponential_history;lr04_scaled;co2_scaled;mis6_segment;pre_phase_sin;pre_phase_cos;obl_scaled,8,True,True,,-101.14075579661366,218.28151159322732,332.03497160748395,8.576639760612515,53.0,165.995425,finite_mle,joint_07478
B_insol65n,same_type_exponential_history;lr04_scaled;co2_scaled;mis6_segment;insol65n_scaled,6,True,True,,-104.67642722395033,221.35285444790065,,,53.0,165.995425,finite_mle,joint_07478
BP_insol65n,same_type_exponential_history;lr04_scaled;co2_scaled;mis6_segment;pre_phase_sin;pre_phase_cos;insol65n_scaled,8,True,True,,-100.78027523487702,217.56055046975405,317.7427057587795,4.513664567048968,53.0,165.995425,finite_mle,joint_07478
B,same_type_exponential_history;lr04_scaled;co2_scaled;mis6_segment,5,True,True,,-111.6869227855045,233.373845571009,,,53.0,166.10323900000003,finite_mle,joint_08347
BP,same_type_exponential_history;lr04_scaled;co2_scaled;mis6_segment;pre_phase_sin;pre_phase_cos,7,True,True,,-102.9917592793063,219.9835185586126,331.95659803441646,6.7516756365692885,53.0,166.10323900000003,finite_mle,joint_08347
B_ecc,same_type_exponential_history;lr04_scaled;co2_scaled;mis6_segment;ecc_scaled,6,True,True,,-110.19958463302305,232.3991692660461,,,53.0,166.10323900000003,finite_mle,joint_08347
BP_ecc,same_type_exponential_history;lr04_scaled;co2_scaled;mis6_segment;pre_phase_sin;pre_phase_cos;ecc_scaled,8,True,True,,-102.60353686848313,221.20707373696627,331.1204095721911,6.091935262452548,53.0,166.10323900000003,finite_mle,joint_08347
B_obl,same_type_exponential_history;lr04_scaled;co2_scaled;mis6_segment;obl_scaled,6,True,True,,-111.68519329746985,235.3703865949397,,,53.0,166.10323900000003,finite_mle,joint_08347
BP_obl,same_type_exponential_history;lr04_scaled;co2_scaled;mis6_segment;pre_phase_sin;pre_phase_cos;obl_scaled,8,True,True,,-102.37234933450952,220.74469866901904,331.8322482647834,7.845471342115038,53.0,166.10323900000003,finite_mle,joint_08347
B_insol65n,same_type_exponential_history;lr04_scaled;co2_scaled;mis6_segment;insol65n_scaled,6,True,True,,-105.21708818533635,222.4341763706727,,,53.0,166.10323900000003,finite_mle,joint_08347
BP_insol65n,same_type_exponential_history;lr04_scaled;co2_scaled;mis6_segment;pre_phase_sin;pre_phase_cos;insol65n_scaled,8,True,True,,-101.65744622103878,219.31489244207756,312.5398833339065,3.9439426135790328,53.0,166.10323900000003,finite_mle,joint_08347
B,same_type_exponential_history;lr04_scaled;co2_scaled;mis6_segment,5,True,True,,-111.07791694481244,232.1558338896249,,,53.0,166.11782600000004,finite_mle,joint_00287
BP,same_type_exponential_history;lr04_scaled;co2_scaled;mis6_segment;pre_phase_sin;pre_phase_cos,7,True,True,,-103.52599128493156,221.05198256986313,333.81575187594444,5.833876308485805,53.0,166.11782600000004,finite_mle,joint_00287
B_ecc,same_type_exponential_history;lr04_scaled;co2_scaled;mis6_segment;ecc_scaled,6,True,True,,-109.78370303734803,231.56740607469607,,,53.0,166.11782600000004,finite_mle,joint_00287
BP_ecc,same_type_exponential_history;lr04_scaled;co2_scaled;mis6_segment;pre_phase_sin;pre_phase_cos;ecc_scaled,8,True,True,,-103.19602585762665,222.3920517152533,332.771405027756,5.313295780935343,53.0,166.11782600000004,finite_mle,joint_00287
B_obl,same_type_exponential_history;lr04_scaled;co2_scaled;mis6_segment;obl_scaled,6,True,True,,-111.05563296388554,234.1112659277711,,,53.0,166.11782600000004,finite_mle,joint_00287
BP_obl,same_type_exponential_history;lr04_scaled;co2_scaled;mis6_segment;pre_phase_sin;pre_phase_cos;obl_scaled,8,True,True,,-102.77813923538693,221.55627847077386,333.43780438634104,6.870072999360719,53.0,166.11782600000004,finite_mle,joint_00287
B_insol65n,same_type_exponential_history;lr04_scaled;co2_scaled;mis6_segment;insol65n_scaled,6,True,True,,-105.27801008770615,222.5560201754123,,,53.0,166.11782600000004,finite_mle,joint_00287
BP_insol65n,same_type_exponential_history;lr04_scaled;co2_scaled;mis6_segment;pre_phase_sin;pre_phase_cos;insol65n_scaled,8,True,True,,-102.43951541527099,220.87903083054198,315.8010744797923,3.467464975018273,53.0,166.11782600000004,finite_mle,joint_00287
B,same_type_exponential_history;lr04_scaled;co2_scaled;mis6_segment,5,True,True,,-111.28131475773128,232.56262951546256,,,53.0,164.58335700000003,finite_mle,joint_00862
BP,same_type_exponential_history;lr04_scaled;co2_scaled;mis6_segment;pre_phase_sin;pre_phase_cos,7,True,True,,-101.20142779479264,216.40285558958527,329.46915908093905,8.586447927889731,53.0,164.58335700000003,finite_mle,joint_00862
B_ecc,same_type_exponential_history;lr04_scaled;co2_scaled;mis6_segment;ecc_scaled,6,True,True,,-108.98072911068667,229.96145822137333,,,53.0,164.58335700000003,finite_mle,joint_00862
BP_ecc,same_type_exponential_history;lr04_scaled;co2_scaled;mis6_segment;pre_phase_sin;pre_phase_cos;ecc_scaled,8,True,True,,-100.24165477118328,216.48330954236656,328.69287140392754,7.432506989422378,53.0,164.58335700000003,finite_mle,joint_00862
B_obl,same_type_exponential_history;lr04_scaled;co2_scaled;mis6_segment;obl_scaled,6,True,True,,-111.27626393395295,234.5525278679059,,,53.0,164.58335700000003,finite_mle,joint_00862
BP_obl,same_type_exponential_history;lr04_scaled;co2_scaled;mis6_segment;pre_phase_sin;pre_phase_cos;obl_scaled,8,True,True,,-100.22362128232598,216.44724256465196,329.7022751352309,10.673682022217202,53.0,164.58335700000003,finite_mle,joint_00862
B_insol65n,same_type_exponential_history;lr04_scaled;co2_scaled;mis6_segment;insol65n_scaled,6,True,True,,-104.68108251361706,221.3621650272341,,,53.0,164.58335700000003,finite_mle,joint_00862
BP_insol65n,same_type_exponential_history;lr04_scaled;co2_scaled;mis6_segment;pre_phase_sin;pre_phase_cos;insol65n_scaled,8,True,True,,-100.00685138231998,216.01370276463996,314.21523059595245,5.200676915566895,53.0,164.58335700000003,finite_mle,joint_00862
B,same_type_exponential_history;lr04_scaled;co2_scaled;mis6_segment,5,True,True,,-111.17406658060966,232.34813316121932,,,53.0,165.48346800000002,finite_mle,joint_09559
BP,same_type_exponential_history;lr04_scaled;co2_scaled;mis6_segment;pre_phase_sin;pre_phase_cos,7,True,True,,-102.03094310068232,218.06188620136464,334.7093643918835,7.276801009040664,53.0,165.48346800000002,finite_mle,joint_09559
B_ecc,same_type_exponential_history;lr04_scaled;co2_scaled;mis6_segment;ecc_scaled,6,True,True,,-109.69342763203849,231.38685526407698,,,53.0,165.48346800000002,finite_mle,joint_09559
BP_ecc,same_type_exponential_history;lr04_scaled;co2_scaled;mis6_segment;pre_phase_sin;pre_phase_cos;ecc_scaled,8,True,True,,-101.63795942423411,219.27591884846822,334.01212694101423,6.549358683067186,53.0,165.48346800000002,finite_mle,joint_09559
B_obl,same_type_exponential_history;lr04_scaled;co2_scaled;mis6_segment;obl_scaled,6,True,True,,-111.17365869586203,234.34731739172406,,,53.0,165.48346800000002,finite_mle,joint_09559
BP_obl,same_type_exponential_history;lr04_scaled;co2_scaled;mis6_segment;pre_phase_sin;pre_phase_cos;obl_scaled,8,True,True,,-101.33283597421098,218.66567194842196,334.3988202345223,8.643822305863823,53.0,165.48346800000002,finite_mle,joint_09559
B_insol65n,same_type_exponential_history;lr04_scaled;co2_scaled;mis6_segment;insol65n_scaled,6,True,True,,-104.1354250830481,220.2708501660962,,,53.0,165.48346800000002,finite_mle,joint_09559
BP_insol65n,same_type_exponential_history;lr04_scaled;co2_scaled;mis6_segment;pre_phase_sin;pre_phase_cos;insol65n_scaled,8,True,True,,-100.63869903228743,217.27739806457487,317.1952583419036,4.089549556901674,53.0,165.48346800000002,finite_mle,joint_09559
B,same_type_exponential_history;lr04_scaled;co2_scaled;mis6_segment,5,True,True,,-110.41521866962603,230.83043733925206,,,53.0,166.56860800000004,finite_mle,joint_09524
BP,same_type_exponential_history;lr04_scaled;co2_scaled;mis6_segment;pre_phase_sin;pre_phase_cos,7,True,True,,-103.07022432935753,220.14044865871506,322.25718548086604,5.672539578055644,53.0,166.56860800000004,finite_mle,joint_09524
B_ecc,same_type_exponential_history;lr04_scaled;co2_scaled;mis6_segment;ecc_scaled,6,True,True,,-109.1218886410195,230.243777282039,,,53.0,166.56860800000004,finite_mle,joint_09524
BP_ecc,same_type_exponential_history;lr04_scaled;co2_scaled;mis6_segment;pre_phase_sin;pre_phase_cos;ecc_scaled,8,True,True,,-102.72471489204045,221.4494297840809,320.6722348984427,5.182351949494445,53.0,166.56860800000004,finite_mle,joint_09524
B_obl,same_type_exponential_history;lr04_scaled;co2_scaled;mis6_segment;obl_scaled,6,True,True,,-110.39719788433818,232.79439576867637,,,53.0,166.56860800000004,finite_mle,joint_09524
BP_obl,same_type_exponential_history;lr04_scaled;co2_scaled;mis6_segment;pre_phase_sin;pre_phase_cos;obl_scaled,8,True,True,,-102.38864179587767,220.77728359175535,323.03098800308993,6.591791011386905,53.0,166.56860800000004,finite_mle,joint_09524
B_insol65n,same_type_exponential_history;lr04_scaled;co2_scaled;mis6_segment;insol65n_scaled,6,True,True,,-105.40382397383932,222.80764794767865,,,53.0,166.56860800000004,finite_mle,joint_09524
BP_insol65n,same_type_exponential_history;lr04_scaled;co2_scaled;mis6_segment;pre_phase_sin;pre_phase_cos;insol65n_scaled,8,True,True,,-101.65658306222468,219.31316612444937,298.042443655277,3.7189243717895004,53.0,166.56860800000004,finite_mle,joint_09524
B,same_type_exponential_history;lr04_scaled;co2_scaled;mis6_segment,5,True,True,,-111.50119152436706,233.00238304873412,,,53.0,164.707555,finite_mle,joint_05255
BP,same_type_exponential_history;lr04_scaled;co2_scaled;mis6_segment;pre_phase_sin;pre_phase_cos,7,True,True,,-102.14788686827444,218.29577373654888,320.00304854148385,7.269147853922378,53.0,164.707555,finite_mle,joint_05255
B_ecc,same_type_exponential_history;lr04_scaled;co2_scaled;mis6_segment;ecc_scaled,6,True,True,,-108.64001753344233,229.28003506688466,,,53.0,164.707555,finite_mle,joint_05255
BP_ecc,same_type_exponential_history;lr04_scaled;co2_scaled;mis6_segment;pre_phase_sin;pre_phase_cos;ecc_scaled,8,True,True,,-100.78762214180999,217.57524428361998,317.2171905164948,6.13683752071959,53.0,164.707555,finite_mle,joint_05255
B_obl,same_type_exponential_history;lr04_scaled;co2_scaled;mis6_segment;obl_scaled,6,True,True,,-111.36139853056049,234.72279706112099,,,53.0,164.707555,finite_mle,joint_05255
BP_obl,same_type_exponential_history;lr04_scaled;co2_scaled;mis6_segment;pre_phase_sin;pre_phase_cos;obl_scaled,8,True,True,,-100.48760594417831,216.97521188835663,320.609351119857,9.313574294394542,53.0,164.707555,finite_mle,joint_05255
B_insol65n,same_type_exponential_history;lr04_scaled;co2_scaled;mis6_segment;insol65n_scaled,6,True,True,,-104.92474505930753,221.84949011861505,,,53.0,164.707555,finite_mle,joint_05255
BP_insol65n,same_type_exponential_history;lr04_scaled;co2_scaled;mis6_segment;pre_phase_sin;pre_phase_cos;insol65n_scaled,8,True,True,,-99.44119686056908,214.88239372113816,286.09479623806266,4.603843262270463,53.0,164.707555,finite_mle,joint_05255
B,same_type_exponential_history;lr04_scaled;co2_scaled;mis6_segment,5,True,True,,-110.20168504795814,230.40337009591627,,,53.0,160.35662200000002,finite_mle,joint_03938
BP,same_type_exponential_history;lr04_scaled;co2_scaled;mis6_segment;pre_phase_sin;pre_phase_cos,7,True,True,,-99.46465932977787,212.92931865955575,322.3343331561255,9.021031237084838,53.0,160.35662200000002,finite_mle,joint_03938
B_ecc,same_type_exponential_history;lr04_scaled;co2_scaled;mis6_segment;ecc_scaled,6,True,True,,-107.95121020983811,227.90242041967622,,,53.0,160.35662200000002,finite_mle,joint_03938
BP_ecc,same_type_exponential_history;lr04_scaled;co2_scaled;mis6_segment;pre_phase_sin;pre_phase_cos;ecc_scaled,8,True,True,,-98.55887583715318,213.11775167430636,320.8227064057965,7.874103060527974,53.0,160.35662200000002,finite_mle,joint_03938
B_obl,same_type_exponential_history;lr04_scaled;co2_scaled;mis6_segment;obl_scaled,6,True,True,,-110.20146731196536,232.40293462393072,,,53.0,160.35662200000002,finite_mle,joint_03938
BP_obl,same_type_exponential_history;lr04_scaled;co2_scaled;mis6_segment;pre_phase_sin;pre_phase_cos;obl_scaled,8,True,True,,-98.32430970666442,212.64861941332884,322.5014943772013,11.651527221918299,53.0,160.35662200000002,finite_mle,joint_03938
B_insol65n,same_type_exponential_history;lr04_scaled;co2_scaled;mis6_segment;insol65n_scaled,6,True,True,,-103.78337506162741,219.56675012325482,,,53.0,160.35662200000002,finite_mle,joint_03938
BP_insol65n,same_type_exponential_history;lr04_scaled;co2_scaled;mis6_segment;pre_phase_sin;pre_phase_cos;insol65n_scaled,8,True,True,,-97.38734424710478,210.77468849420956,297.02538246876145,5.7363558336451215,53.0,160.35662200000002,finite_mle,joint_03938
B,same_type_exponential_history;lr04_scaled;co2_scaled;mis6_segment,5,True,True,,-111.18305887971553,232.36611775943106,,,53.0,164.48293900000002,finite_mle,joint_08765
BP,same_type_exponential_history;lr04_scaled;co2_scaled;mis6_segment;pre_phase_sin;pre_phase_cos,7,True,True,,-102.16818604601448,218.33637209202897,325.96345956481167,7.18426968112469,53.0,164.48293900000002,finite_mle,joint_08765
B_ecc,same_type_exponential_history;lr04_scaled;co2_scaled;mis6_segment;ecc_scaled,6,True,True,,-108.69371492708498,229.38742985416997,,,53.0,164.48293900000002,finite_mle,joint_08765
BP_ecc,same_type_exponential_history;lr04_scaled;co2_scaled;mis6_segment;pre_phase_sin;pre_phase_cos;ecc_scaled,8,True,True,,-100.84310288618909,217.68620577237817,324.2094617009247,6.234407842104784,53.0,164.48293900000002,finite_mle,joint_08765
B_obl,same_type_exponential_history;lr04_scaled;co2_scaled;mis6_segment;obl_scaled,6,True,True,,-111.03186016899446,234.0637203379889,,,53.0,164.48293900000002,finite_mle,joint_08765
BP_obl,same_type_exponential_history;lr04_scaled;co2_scaled;mis6_segment;pre_phase_sin;pre_phase_cos;obl_scaled,8,True,True,,-100.14707030268055,216.2941406053611,325.8500950236954,10.025399267272727,53.0,164.48293900000002,finite_mle,joint_08765
B_insol65n,same_type_exponential_history;lr04_scaled;co2_scaled;mis6_segment;insol65n_scaled,6,True,True,,-104.1594652582499,220.3189305164998,,,53.0,164.48293900000002,finite_mle,joint_08765
BP_insol65n,same_type_exponential_history;lr04_scaled;co2_scaled;mis6_segment;pre_phase_sin;pre_phase_cos;insol65n_scaled,8,True,True,,-99.5790449805778,215.1580899611556,295.21863338567294,4.233110013283096,53.0,164.48293900000002,finite_mle,joint_08765
B,same_type_exponential_history;lr04_scaled;co2_scaled;mis6_segment,5,True,True,,-108.70840775055444,227.41681550110889,,,53.0,161.65273700000006,finite_mle,joint_06357
BP,same_type_exponential_history;lr04_scaled;co2_scaled;mis6_segment;pre_phase_sin;pre_phase_cos,7,True,True,,-101.29806536356199,216.59613072712398,306.1138241813296,5.69150325589585,53.0,161.65273700000006,finite_mle,joint_06357
B_ecc,same_type_exponential_history;lr04_scaled;co2_scaled;mis6_segment;ecc_scaled,6,True,True,,-106.22884094048167,224.45768188096335,,,53.0,161.65273700000006,finite_mle,joint_06357
BP_ecc,same_type_exponential_history;lr04_scaled;co2_scaled;mis6_segment;pre_phase_sin;pre_phase_cos;ecc_scaled,8,True,True,,-99.62042240302866,215.2408448060573,302.0395457200627,5.096347110249785,53.0,161.65273700000006,finite_mle,joint_06357
B_obl,same_type_exponential_history;lr04_scaled;co2_scaled;mis6_segment;obl_scaled,6,True,True,,-108.56710155716044,229.13420311432088,,,53.0,161.65273700000006,finite_mle,joint_06357
BP_obl,same_type_exponential_history;lr04_scaled;co2_scaled;mis6_segment;pre_phase_sin;pre_phase_cos;obl_scaled,8,True,True,,-100.03377797635447,216.06755595270894,307.6551808971585,6.795179151375126,53.0,161.65273700000006,finite_mle,joint_06357
B_insol65n,same_type_exponential_history;lr04_scaled;co2_scaled;mis6_segment;insol65n_scaled,6,True,True,,-105.63441133815476,223.26882267630953,,,53.0,161.65273700000006,finite_mle,joint_06357
BP_insol65n,same_type_exponential_history;lr04_scaled;co2_scaled;mis6_segment;pre_phase_sin;pre_phase_cos;insol65n_scaled,8,True,True,,-99.83634419563795,215.6726883912759,278.8634183570472,4.656386240752269,53.0,161.65273700000006,finite_mle,joint_06357
B,same_type_exponential_history;lr04_scaled;co2_scaled;mis6_segment,5,True,True,,-111.14650984408635,232.2930196881727,,,53.0,165.921195,finite_mle,joint_04954
BP,same_type_exponential_history;lr04_scaled;co2_scaled;mis6_segment;pre_phase_sin;pre_phase_cos,7,True,True,,-103.18679956335416,220.3735991267083,331.02814515915753,6.169646604596953,53.0,165.921195,finite_mle,joint_04954
B_ecc,same_type_exponential_history;lr04_scaled;co2_scaled;mis6_segment;ecc_scaled,6,True,True,,-110.06303935487202,232.12607870974404,,,53.0,165.921195,finite_mle,joint_04954
BP_ecc,same_type_exponential_history;lr04_scaled;co2_scaled;mis6_segment;pre_phase_sin;pre_phase_cos;ecc_scaled,8,True,True,,-102.93773266382064,221.87546532764128,330.300029207983,5.704631777556913,53.0,165.921195,finite_mle,joint_04954
B_obl,same_type_exponential_history;lr04_scaled;co2_scaled;mis6_segment;obl_scaled,6,True,True,,-111.14214052158201,234.28428104316401,,,53.0,165.921195,finite_mle,joint_04954
BP_obl,same_type_exponential_history;lr04_scaled;co2_scaled;mis6_segment;pre_phase_sin;pre_phase_cos;obl_scaled,8,True,True,,-102.49635809487053,220.99271618974106,331.09189609382497,7.261030933390764,53.0,165.921195,finite_mle,joint_04954
B_insol65n,same_type_exponential_history;lr04_scaled;co2_scaled;mis6_segment;insol65n_scaled,6,True,True,,-105.65238114730028,223.30476229460055,,,53.0,165.921195,finite_mle,joint_04954
BP_insol65n,same_type_exponential_history;lr04_scaled;co2_scaled;mis6_segment;pre_phase_sin;pre_phase_cos;insol65n_scaled,8,True,True,,-102.21784605415533,220.43569210831066,315.0359295540646,3.8975189886867954,53.0,165.921195,finite_mle,joint_04954
B,same_type_exponential_history;lr04_scaled;co2_scaled;mis6_segment,5,True,True,,-111.45793523807676,232.91587047615351,,,53.0,164.37225900000004,finite_mle,joint_03839
BP,same_type_exponential_history;lr04_scaled;co2_scaled;mis6_segment;pre_phase_sin;pre_phase_cos,7,True,True,,-101.59260835749397,217.18521671498794,324.5866065406084,8.12846666221825,53.0,164.37225900000004,finite_mle,joint_03839
B_ecc,same_type_exponential_history;lr04_scaled;co2_scaled;mis6_segment;ecc_scaled,6,True,True,,-108.40116147389612,228.80232294779225,,,53.0,164.37225900000004,finite_mle,joint_03839
BP_ecc,same_type_exponential_history;lr04_scaled;co2_scaled;mis6_segment;pre_phase_sin;pre_phase_cos;ecc_scaled,8,True,True,,-99.96652862256812,215.93305724513624,322.5779713752789,6.882563295376353,53.0,164.37225900000004,finite_mle,joint_03839
B_obl,same_type_exponential_history;lr04_scaled;co2_scaled;mis6_segment;obl_scaled,6,True,True,,-111.41095465426454,234.8219093085291,,,53.0,164.37225900000004,finite_mle,joint_03839
BP_obl,same_type_exponential_history;lr04_scaled;co2_scaled;mis6_segment;pre_phase_sin;pre_phase_cos;obl_scaled,8,True,True,,-100.06719781146113,216.13439562292226,324.7605300627777,10.786557306581765,53.0,164.37225900000004,finite_mle,joint_03839
B_insol65n,same_type_exponential_history;lr04_scaled;co2_scaled;mis6_segment;insol65n_scaled,6,True,True,,-104.95024165584377,221.90048331168754,,,53.0,164.37225900000004,finite_mle,joint_03839
BP_insol65n,same_type_exponential_history;lr04_scaled;co2_scaled;mis6_segment;pre_phase_sin;pre_phase_cos;insol65n_scaled,8,True,True,,-99.69399356736217,215.38798713472434,301.0039878964389,4.961514904823172,53.0,164.37225900000004,finite_mle,joint_03839
B,same_type_exponential_history;lr04_scaled;co2_scaled;mis6_segment,5,True,True,,-110.07275734429015,230.1455146885803,,,53.0,163.56640800000002,finite_mle,joint_03675
BP,same_type_exponential_history;lr04_scaled;co2_scaled;mis6_segment;pre_phase_sin;pre_phase_cos,7,True,True,,-101.95367380136733,217.90734760273466,319.4712050144606,6.188028798628529,53.0,163.56640800000002,finite_mle,joint_03675
B_ecc,same_type_exponential_history;lr04_scaled;co2_scaled;mis6_segment;ecc_scaled,6,True,True,,-107.88494273678927,227.76988547357854,,,53.0,163.56640800000002,finite_mle,joint_03675
BP_ecc,same_type_exponential_history;lr04_scaled;co2_scaled;mis6_segment;pre_phase_sin;pre_phase_cos;ecc_scaled,8,True,True,,-100.98465730574492,217.96931461148984,316.68999077091325,5.371881019660932,53.0,163.56640800000002,finite_mle,joint_03675
B_obl,same_type_exponential_history;lr04_scaled;co2_scaled;mis6_segment;obl_scaled,6,True,True,,-109.92832004184287,231.85664008368573,,,53.0,163.56640800000002,finite_mle,joint_03675
BP_obl,same_type_exponential_history;lr04_scaled;co2_scaled;mis6_segment;pre_phase_sin;pre_phase_cos;obl_scaled,8,True,True,,-100.3582430977203,216.7164861954406,319.9079731521076,7.923755924155366,53.0,163.56640800000002,finite_mle,joint_03675
B_insol65n,same_type_exponential_history;lr04_scaled;co2_scaled;mis6_segment;insol65n_scaled,6,True,True,,-104.16831223132368,220.33662446264736,,,53.0,163.56640800000002,finite_mle,joint_03675
BP_insol65n,same_type_exponential_history;lr04_scaled;co2_scaled;mis6_segment;pre_phase_sin;pre_phase_cos;insol65n_scaled,8,True,True,,-99.37613411662974,214.75226823325949,284.260921643274,4.114520908774019,53.0,163.56640800000002,finite_mle,joint_03675
B,same_type_exponential_history;lr04_scaled;co2_scaled;mis6_segment,5,True,True,,-109.73277647783114,229.46555295566228,,,53.0,159.58549200000004,finite_mle,joint_00813
BP,same_type_exponential_history;lr04_scaled;co2_scaled;mis6_segment;pre_phase_sin;pre_phase_cos,7,True,True,,-100.96199157052021,215.92398314104042,315.78148409606536,6.95621721556356,53.0,159.58549200000004,finite_mle,joint_00813
B_ecc,same_type_exponential_history;lr04_scaled;co2_scaled;mis6_segment;ecc_scaled,6,True,True,,-107.23783313528747,226.47566627057495,,,53.0,159.58549200000004,finite_mle,joint_00813
BP_ecc,same_type_exponential_history;lr04_scaled;co2_scaled;mis6_segment;pre_phase_sin;pre_phase_cos;ecc_scaled,8,True,True,,-99.5120316822076,215.0240633644152,313.24652191341977,6.165839559844217,53.0,159.58549200000004,finite_mle,joint_00813
B_obl,same_type_exponential_history;lr04_scaled;co2_scaled;mis6_segment;obl_scaled,6,True,True,,-109.6464434922012,231.2928869844024,,,53.0,159.58549200000004,finite_mle,joint_00813
BP_obl,same_type_exponential_history;lr04_scaled;co2_scaled;mis6_segment;pre_phase_sin;pre_phase_cos;obl_scaled,8,True,True,,-99.25604903309411,214.51209806618823,316.8969865508086,9.318177046565273,53.0,159.58549200000004,finite_mle,joint_00813
B_insol65n,same_type_exponential_history;lr04_scaled;co2_scaled;mis6_segment;insol65n_scaled,6,True,True,,-104.80636753375245,221.6127350675049,,,53.0,159.58549200000004,finite_mle,joint_00813
BP_insol65n,same_type_exponential_history;lr04_scaled;co2_scaled;mis6_segment;pre_phase_sin;pre_phase_cos;insol65n_scaled,8,True,True,,-98.86273239261354,213.72546478522708,285.99061993231874,4.893584339858459,53.0,159.58549200000004,finite_mle,joint_00813
B,same_type_exponential_history;lr04_scaled;co2_scaled;mis6_segment,5,True,True,,-111.85548493502759,233.71096987005518,,,53.0,166.20729700000004,finite_mle,joint_06382
BP,same_type_exponential_history;lr04_scaled;co2_scaled;mis6_segment;pre_phase_sin;pre_phase_cos,7,True,True,,-103.59394670566508,221.18789341133015,325.97787651118875,6.238565946033232,53.0,166.20729700000004,finite_mle,joint_06382
B_ecc,same_type_exponential_history;lr04_scaled;co2_scaled;mis6_segment;ecc_scaled,6,True,True,,-109.18687907959624,230.37375815919248,,,53.0,166.20729700000004,finite_mle,joint_06382
BP_ecc,same_type_exponential_history;lr04_scaled;co2_scaled;mis6_segment;pre_phase_sin;pre_phase_cos;ecc_scaled,8,True,True,,-102.38491121640038,220.76982243280077,323.4752117763354,5.261332259296188,53.0,166.20729700000004,finite_mle,joint_06382
B_obl,same_type_exponential_history;lr04_scaled;co2_scaled;mis6_segment;obl_scaled,6,True,True,,-111.74085992532508,235.48171985065017,,,53.0,166.20729700000004,finite_mle,joint_06382
BP_obl,same_type_exponential_history;lr04_scaled;co2_scaled;mis6_segment;pre_phase_sin;pre_phase_cos;obl_scaled,8,True,True,,-102.28230988565075,220.5646197713015,326.0017377013479,7.700303627403037,53.0,166.20729700000004,finite_mle,joint_06382
B_insol65n,same_type_exponential_history;lr04_scaled;co2_scaled;mis6_segment;insol65n_scaled,6,True,True,,-105.32945821034619,222.65891642069238,,,53.0,166.20729700000004,finite_mle,joint_06382
BP_insol65n,same_type_exponential_history;lr04_scaled;co2_scaled;mis6_segment;pre_phase_sin;pre_phase_cos;insol65n_scaled,8,True,True,,-101.4552253556687,218.9104507113374,294.8945618099018,3.647220013700472,53.0,166.20729700000004,finite_mle,joint_06382
B,same_type_exponential_history;lr04_scaled;co2_scaled;mis6_segment,5,True,True,,-111.18660844140013,232.37321688280025,,,53.0,163.78924900000004,finite_mle,joint_02298
BP,same_type_exponential_history;lr04_scaled;co2_scaled;mis6_segment;pre_phase_sin;pre_phase_cos,7,True,True,,-102.46733564986116,218.9346712997223,326.24483031207853,6.858053231928957,53.0,163.78924900000004,finite_mle,joint_02298
B_ecc,same_type_exponential_history;lr04_scaled;co2_scaled;mis6_segment;ecc_scaled,6,True,True,,-108.88319624679522,229.76639249359044,,,53.0,163.78924900000004,finite_mle,joint_02298
BP_ecc,same_type_exponential_history;lr04_scaled;co2_scaled;mis6_segment;pre_phase_sin;pre_phase_cos;ecc_scaled,8,True,True,,-101.54300480878545,219.0860096175709,324.594423933731,5.885871147604274,53.0,163.78924900000004,finite_mle,joint_02298
B_obl,same_type_exponential_history;lr04_scaled;co2_scaled;mis6_segment;obl_scaled,6,True,True,,-111.16460516016052,234.32921032032104,,,53.0,163.78924900000004,finite_mle,joint_02298
BP_obl,same_type_exponential_history;lr04_scaled;co2_scaled;mis6_segment;pre_phase_sin;pre_phase_cos;obl_scaled,8,True,True,,-101.44465557349307,218.88931114698613,326.4994502928455,8.423966388235751,53.0,163.78924900000004,finite_mle,joint_02298
B_insol65n,same_type_exponential_history;lr04_scaled;co2_scaled;mis6_segment;insol65n_scaled,6,True,True,,-105.24774869328965,222.4954973865793,,,53.0,163.78924900000004,finite_mle,joint_02298
BP_insol65n,same_type_exponential_history;lr04_scaled;co2_scaled;mis6_segment;pre_phase_sin;pre_phase_cos;insol65n_scaled,8,True,True,,-101.0178603993078,218.0357207986156,304.52864361167735,4.214976875154183,53.0,163.78924900000004,finite_mle,joint_02298
B,same_type_exponential_history;lr04_scaled;co2_scaled;mis6_segment,5,True,True,,-111.28268833949141,232.56537667898283,,,53.0,164.55419000000006,finite_mle,joint_06865
BP,same_type_exponential_history;lr04_scaled;co2_scaled;mis6_segment;pre_phase_sin;pre_phase_cos,7,True,True,,-103.44702525242892,220.89405050485783,322.78368036445465,6.188686425299878,53.0,164.55419000000006,finite_mle,joint_06865
B_ecc,same_type_exponential_history;lr04_scaled;co2_scaled;mis6_segment;ecc_scaled,6,True,True,,-108.62840030079536,229.25680060159073,,,53.0,164.55419000000006,finite_mle,joint_06865
BP_ecc,same_type_exponential_history;lr04_scaled;co2_scaled;mis6_segment;pre_phase_sin;pre_phase_cos;ecc_scaled,8,True,True,,-102.12116907488712,220.24233814977424,319.9675095879748,5.2879523499986,53.0,164.55419000000006,finite_mle,joint_06865
B_obl,same_type_exponential_history;lr04_scaled;co2_scaled;mis6_segment;obl_scaled,6,True,True,,-111.27721156188565,234.5544231237713,,,53.0,164.55419000000006,finite_mle,joint_06865
BP_obl,same_type_exponential_history;lr04_scaled;co2_scaled;mis6_segment;pre_phase_sin;pre_phase_cos;obl_scaled,8,True,True,,-102.74143293964283,221.48286587928567,323.18847388322735,7.265561344299925,53.0,164.55419000000006,finite_mle,joint_06865
B_insol65n,same_type_exponential_history;lr04_scaled;co2_scaled;mis6_segment;insol65n_scaled,6,True,True,,-106.38443364886658,224.76886729773315,,,53.0,164.55419000000006,finite_mle,joint_06865
BP_insol65n,same_type_exponential_history;lr04_scaled;co2_scaled;mis6_segment;pre_phase_sin;pre_phase_cos;insol65n_scaled,8,True,True,,-102.19482127801902,220.38964255603804,300.8785146990386,4.08471063942825,53.0,164.55419000000006,finite_mle,joint_06865
B,same_type_exponential_history;lr04_scaled;co2_scaled;mis6_segment,5,True,True,,-111.23270155223105,232.4654031044621,,,53.0,167.12322500000002,finite_mle,joint_00043
BP,same_type_exponential_history;lr04_scaled;co2_scaled;mis6_segment;pre_phase_sin;pre_phase_cos,7,True,True,,-104.34439987488494,222.68879974976988,328.5964330582598,5.146596968300408,53.0,167.12322500000002,finite_mle,joint_00043
B_ecc,same_type_exponential_history;lr04_scaled;co2_scaled;mis6_segment;ecc_scaled,6,True,True,,-109.74033627076801,231.48067254153602,,,53.0,167.12322500000002,finite_mle,joint_00043
BP_ecc,same_type_exponential_history;lr04_scaled;co2_scaled;mis6_segment;pre_phase_sin;pre_phase_cos;ecc_scaled,8,True,True,,-103.93865896308674,223.87731792617348,327.057640346751,4.616212312217937,53.0,167.12322500000002,finite_mle,joint_00043
B_obl,same_type_exponential_history;lr04_scaled;co2_scaled;mis6_segment;obl_scaled,6,True,True,,-111.2180201855121,234.4360403710242,,,53.0,167.12322500000002,finite_mle,joint_00043
BP_obl,same_type_exponential_history;lr04_scaled;co2_scaled;mis6_segment;pre_phase_sin;pre_phase_cos;obl_scaled,8,True,True,,-103.69099077422723,223.38198154845446,328.55150121299914,5.982493787785126,53.0,167.12322500000002,finite_mle,joint_00043
B_insol65n,same_type_exponential_history;lr04_scaled;co2_scaled;mis6_segment;insol65n_scaled,6,True,True,,-105.56132850986694,223.12265701973388,,,53.0,167.12322500000002,finite_mle,joint_00043
BP_insol65n,same_type_exponential_history;lr04_scaled;co2_scaled;mis6_segment;pre_phase_sin;pre_phase_cos;insol65n_scaled,8,True,True,,-102.6292560569776,221.2585121139552,298.5942492898285,3.0862763903674906,53.0,167.12322500000002,finite_mle,joint_00043
B,same_type_exponential_history;lr04_scaled;co2_scaled;mis6_segment,5,True,True,,-110.88816979356494,231.77633958712988,,,53.0,163.59978300000006,finite_mle,joint_09490
BP,same_type_exponential_history;lr04_scaled;co2_scaled;mis6_segment;pre_phase_sin;pre_phase_cos,7,True,True,,-102.11093712772075,218.2218742554415,319.4889949194042,7.264896067300101,53.0,163.59978300000006,finite_mle,joint_09490
B_ecc,same_type_exponential_history;lr04_scaled;co2_scaled;mis6_segment;ecc_scaled,6,True,True,,-108.1374671714116,228.2749343428232,,,53.0,163.59978300000006,finite_mle,joint_09490
BP_ecc,same_type_exponential_history;lr04_scaled;co2_scaled;mis6_segment;pre_phase_sin;pre_phase_cos;ecc_scaled,8,True,True,,-100.69930065880882,217.39860131761765,317.21843043206644,6.2192606097934675,53.0,163.59978300000006,finite_mle,joint_09490
B_obl,same_type_exponential_history;lr04_scaled;co2_scaled;mis6_segment;obl_scaled,6,True,True,,-110.84119522703978,233.68239045407955,,,53.0,163.59978300000006,finite_mle,joint_09490
BP_obl,same_type_exponential_history;lr04_scaled;co2_scaled;mis6_segment;pre_phase_sin;pre_phase_cos;obl_scaled,8,True,True,,-100.85658684322559,217.71317368645117,320.30995424117157,9.286357406886431,53.0,163.59978300000006,finite_mle,joint_09490
B_insol65n,same_type_exponential_history;lr04_scaled;co2_scaled;mis6_segment;insol65n_scaled,6,True,True,,-105.89872518904052,223.79745037808104,,,53.0,163.59978300000006,finite_mle,joint_09490
BP_insol65n,same_type_exponential_history;lr04_scaled;co2_scaled;mis6_segment;pre_phase_sin;pre_phase_cos;insol65n_scaled,8,True,True,,-100.69272563220777,217.38545126441554,297.1738453591431,4.925073388341965,53.0,163.59978300000006,finite_mle,joint_09490
B,same_type_exponential_history;lr04_scaled;co2_scaled;mis6_segment,5,True,True,,-111.34897002500378,232.69794005000756,,,53.0,164.88501400000007,finite_mle,joint_03156
BP,same_type_exponential_history;lr04_scaled;co2_scaled;mis6_segment;pre_phase_sin;pre_phase_cos,7,True,True,,-102.67497064669745,219.3499412933949,323.7342649737709,6.729730439586264,53.0,164.88501400000007,finite_mle,joint_03156
B_ecc,same_type_exponential_history;lr04_scaled;co2_scaled;mis6_segment;ecc_scaled,6,True,True,,-108.55227966853643,229.10455933707286,,,53.0,164.88501400000007,finite_mle,joint_03156
BP_ecc,same_type_exponential_history;lr04_scaled;co2_scaled;mis6_segment;pre_phase_sin;pre_phase_cos;ecc_scaled,8,True,True,,-101.36864492466225,218.7372898493245,321.2192579020784,5.700818270988401,53.0,164.88501400000007,finite_mle,joint_03156
B_obl,same_type_exponential_history;lr04_scaled;co2_scaled;mis6_segment;obl_scaled,6,True,True,,-111.3036815866551,234.6073631733102,,,53.0,164.88501400000007,finite_mle,joint_03156
BP_obl,same_type_exponential_history;lr04_scaled;co2_scaled;mis6_segment;pre_phase_sin;pre_phase_cos;obl_scaled,8,True,True,,-101.52722795224612,219.05445590449224,324.0576513889416,8.35475802393885,53.0,164.88501400000007,finite_mle,joint_03156
B_insol65n,same_type_exponential_history;lr04_scaled;co2_scaled;mis6_segment;insol65n_scaled,6,True,True,,-105.1268607117504,222.2537214235008,,,53.0,164.88501400000007,finite_mle,joint_03156
BP_insol65n,same_type_exponential_history;lr04_scaled;co2_scaled;mis6_segment;pre_phase_sin;pre_phase_cos;insol65n_scaled,8,True,True,,-100.65252448363665,217.3050489672733,295.27043897635144,4.140947015203272,53.0,164.88501400000007,finite_mle,joint_03156
B,same_type_exponential_history;lr04_scaled;co2_scaled;mis6_segment,5,True,True,,-111.27972077916371,232.55944155832742,,,53.0,169.09033600000004,finite_mle,joint_00595
BP,same_type_exponential_history;lr04_scaled;co2_scaled;mis6_segment;pre_phase_sin;pre_phase_cos,7,True,True,,-105.19798868288407,224.39597736576815,334.4445116316907,4.697770841311829,53.0,169.09033600000004,finite_mle,joint_00595
B_ecc,same_type_exponential_history;lr04_scaled;co2_scaled;mis6_segment;ecc_scaled,6,True,True,,-109.8503945649187,231.7007891298374,,,53.0,169.09033600000004,finite_mle,joint_00595
BP_ecc,same_type_exponential_history;lr04_scaled;co2_scaled;mis6_segment;pre_phase_sin;pre_phase_cos;ecc_scaled,8,True,True,,-104.66962875934723,225.33925751869447,333.0041195433924,4.2225050941713755,53.0,169.09033600000004,finite_mle,joint_00595
B_obl,same_type_exponential_history;lr04_scaled;co2_scaled;mis6_segment;obl_scaled,6,True,True,,-111.26358580178783,234.52717160357565,,,53.0,169.09033600000004,finite_mle,joint_00595
BP_obl,same_type_exponential_history;lr04_scaled;co2_scaled;mis6_segment;pre_phase_sin;pre_phase_cos;obl_scaled,8,True,True,,-104.63209189992159,225.26418379984318,333.9275780451472,5.3908359800714445,53.0,169.09033600000004,finite_mle,joint_00595
B_insol65n,same_type_exponential_history;lr04_scaled;co2_scaled;mis6_segment;insol65n_scaled,6,True,True,,-106.9350624426435,225.870124885287,,,53.0,169.09033600000004,finite_mle,joint_00595
BP_insol65n,same_type_exponential_history;lr04_scaled;co2_scaled;mis6_segment;pre_phase_sin;pre_phase_cos;insol65n_scaled,8,True,True,,-104.60061094216402,225.20122188432805,320.6702285037586,3.1346492955564536,53.0,169.09033600000004,finite_mle,joint_00595
B,same_type_exponential_history;lr04_scaled;co2_scaled;mis6_segment,5,True,True,,-110.67514704933366,231.35029409866732,,,53.0,169.74527000000003,finite_mle,joint_09145
BP,same_type_exponential_history;lr04_scaled;co2_scaled;mis6_segment;pre_phase_sin;pre_phase_cos,7,True,True,,-105.44461455020627,224.88922910041254,335.9638007280195,4.2125884683224655,53.0,169.74527000000003,finite_mle,joint_09145
B_ecc,same_type_exponential_history;lr04_scaled;co2_scaled;mis6_segment;ecc_scaled,6,True,True,,-110.04129460242191,232.08258920484383,,,53.0,169.74527000000003,finite_mle,joint_09145
BP_ecc,same_type_exponential_history;lr04_scaled;co2_scaled;mis6_segment;pre_phase_sin;pre_phase_cos;ecc_scaled,8,True,True,,-105.35558512205225,226.7111702441045,335.4467990715766,4.011876768935265,53.0,169.74527000000003,finite_mle,joint_09145
B_obl,same_type_exponential_history;lr04_scaled;co2_scaled;mis6_segment;obl_scaled,6,True,True,,-110.67443944417434,233.34887888834868,,,53.0,169.74527000000003,finite_mle,joint_09145
BP_obl,same_type_exponential_history;lr04_scaled;co2_scaled;mis6_segment;pre_phase_sin;pre_phase_cos;obl_scaled,8,True,True,,-105.13742592434065,226.2748518486813,335.84545224531655,4.614485454421572,53.0,169.74527000000003,finite_mle,joint_09145
B_insol65n,same_type_exponential_history;lr04_scaled;co2_scaled;mis6_segment;insol65n_scaled,6,True,True,,-107.31358937671341,226.62717875342682,,,53.0,169.74527000000003,finite_mle,joint_09145
BP_insol65n,same_type_exponential_history;lr04_scaled;co2_scaled;mis6_segment;pre_phase_sin;pre_phase_cos;insol65n_scaled,8,True,True,,-105.20573053398381,226.41146106796762,328.5399979870174,3.191432280265514,53.0,169.74527000000003,finite_mle,joint_09145
B,same_type_exponential_history;lr04_scaled;co2_scaled;mis6_segment,5,True,True,,-110.68792835106585,231.3758567021317,,,53.0,161.53743900000003,finite_mle,joint_02551
BP,same_type_exponential_history;lr04_scaled;co2_scaled;mis6_segment;pre_phase_sin;pre_phase_cos,7,True,True,,-100.34886855739279,214.69773711478558,324.01697541018723,8.759315150131759,53.0,161.53743900000003,finite_mle,joint_02551
B_ecc,same_type_exponential_history;lr04_scaled;co2_scaled;mis6_segment;ecc_scaled,6,True,True,,-108.20907359578575,228.4181471915715,,,53.0,161.53743900000003,finite_mle,joint_02551
BP_ecc,same_type_exponential_history;lr04_scaled;co2_scaled;mis6_segment;pre_phase_sin;pre_phase_cos;ecc_scaled,8,True,True,,-99.21845167798168,214.43690335596335,322.51472600506185,7.630777475487908,53.0,161.53743900000003,finite_mle,joint_02551
B_obl,same_type_exponential_history;lr04_scaled;co2_scaled;mis6_segment;obl_scaled,6,True,True,,-110.68776172183746,233.37552344367492,,,53.0,161.53743900000003,finite_mle,joint_02551
BP_obl,same_type_exponential_history;lr04_scaled;co2_scaled;mis6_segment;pre_phase_sin;pre_phase_cos;obl_scaled,8,True,True,,-99.39709908547565,214.7941981709513,324.4844319212006,10.975580187921683,53.0,161.53743900000003,finite_mle,joint_02551
B_insol65n,same_type_exponential_history;lr04_scaled;co2_scaled;mis6_segment;insol65n_scaled,6,True,True,,-104.35669617977689,220.71339235955378,,,53.0,161.53743900000003,finite_mle,joint_02551
BP_insol65n,same_type_exponential_history;lr04_scaled;co2_scaled;mis6_segment;pre_phase_sin;pre_phase_cos;insol65n_scaled,8,True,True,,-98.70545384959294,213.41090769918588,302.5590201845738,5.450070402913783,53.0,161.53743900000003,finite_mle,joint_02551
B,same_type_exponential_history;lr04_scaled;co2_scaled;mis6_segment,5,True,True,,-110.52860341268173,231.05720682536347,,,53.0,167.11372900000003,finite_mle,joint_07961
BP,same_type_exponential_history;lr04_scaled;co2_scaled;mis6_segment;pre_phase_sin;pre_phase_cos,7,True,True,,-102.6774993052263,219.3549986104526,338.053970795256,6.131611202848498,53.0,167.11372900000003,finite_mle,joint_07961
B_ecc,same_type_exponential_history;lr04_scaled;co2_scaled;mis6_segment;ecc_scaled,6,True,True,,-109.719303419738,231.438606839476,,,53.0,167.11372900000003,finite_mle,joint_07961
BP_ecc,same_type_exponential_history;lr04_scaled;co2_scaled;mis6_segment;pre_phase_sin;pre_phase_cos;ecc_scaled,8,True,True,,-102.61764622577903,221.23529245155805,338.02816892179226,5.834706860406777,53.0,167.11372900000003,finite_mle,joint_07961
B_obl,same_type_exponential_history;lr04_scaled;co2_scaled;mis6_segment;obl_scaled,6,True,True,,-110.50646057176081,233.01292114352162,,,53.0,167.11372900000003,finite_mle,joint_07961
BP_obl,same_type_exponential_history;lr04_scaled;co2_scaled;mis6_segment;pre_phase_sin;pre_phase_cos;obl_scaled,8,True,True,,-102.43494376615561,220.86988753231122,338.08504204395354,6.6796524759848515,53.0,167.11372900000003,finite_mle,joint_07961
B_insol65n,same_type_exponential_history;lr04_scaled;co2_scaled;mis6_segment;insol65n_scaled,6,True,True,,-105.30159987490116,222.60319974980231,,,53.0,167.11372900000003,finite_mle,joint_07961
BP_insol65n,same_type_exponential_history;lr04_scaled;co2_scaled;mis6_segment;pre_phase_sin;pre_phase_cos;insol65n_scaled,8,True,True,,-102.2450903691703,220.4901807383406,330.6236571271918,4.214594392091524,53.0,167.11372900000003,finite_mle,joint_07961
B,same_type_exponential_history;lr04_scaled;co2_scaled;mis6_segment,5,True,True,,-110.76744506686398,231.53489013372797,,,53.0,167.43991700000004,finite_mle,joint_03343
BP,same_type_exponential_history;lr04_scaled;co2_scaled;mis6_segment;pre_phase_sin;pre_phase_cos,7,True,True,,-103.06787337094809,220.13574674189618,343.42045181936646,6.0025360885616,53.0,167.43991700000004,finite_mle,joint_03343
B_ecc,same_type_exponential_history;lr04_scaled;co2_scaled;mis6_segment;ecc_scaled,6,True,True,,-110.25328661195347,232.50657322390694,,,53.0,167.43991700000004,finite_mle,joint_03343
BP_ecc,same_type_exponential_history;lr04_scaled;co2_scaled;mis6_segment;pre_phase_sin;pre_phase_cos;ecc_scaled,8,True,True,,-103.05880165872045,222.1176033174409,343.4045833415465,5.8950909153215845,53.0,167.43991700000004,finite_mle,joint_03343
B_obl,same_type_exponential_history;lr04_scaled;co2_scaled;mis6_segment;obl_scaled,6,True,True,,-110.76097883418689,233.52195766837377,,,53.0,167.43991700000004,finite_mle,joint_03343
BP_obl,same_type_exponential_history;lr04_scaled;co2_scaled;mis6_segment;pre_phase_sin;pre_phase_cos;obl_scaled,8,True,True,,-102.71711030788049,221.43422061576098,342.88669782292266,6.728573142490563,53.0,167.43991700000004,finite_mle,joint_03343
B_insol65n,same_type_exponential_history;lr04_scaled;co2_scaled;mis6_segment;insol65n_scaled,6,True,True,,-104.99609757073921,221.99219514147842,,,53.0,167.43991700000004,finite_mle,joint_03343
BP_insol65n,same_type_exponential_history;lr04_scaled;co2_scaled;mis6_segment;pre_phase_sin;pre_phase_cos;insol65n_scaled,8,True,True,,-102.4633840536639,220.9267681073278,335.13889899881445,3.8035639779276624,53.0,167.43991700000004,finite_mle,joint_03343
B,same_type_exponential_history;lr04_scaled;co2_scaled;mis6_segment,5,True,True,,-109.90657814244575,229.8131562848915,,,53.0,162.22518600000004,finite_mle,joint_00988
BP,same_type_exponential_history;lr04_scaled;co2_scaled;mis6_segment;pre_phase_sin;pre_phase_cos,7,True,True,,-99.00726316354994,212.01452632709987,313.4276884170551,9.289066904187301,53.0,162.22518600000004,finite_mle,joint_00988
B_ecc,same_type_exponential_history;lr04_scaled;co2_scaled;mis6_segment;ecc_scaled,6,True,True,,-107.80061017860533,227.60122035721065,,,53.0,162.22518600000004,finite_mle,joint_00988
BP_ecc,same_type_exponential_history;lr04_scaled;co2_scaled;mis6_segment;pre_phase_sin;pre_phase_cos;ecc_scaled,8,True,True,,-97.9759787234949,211.9519574469898,311.45982464379273,8.37230690503587,53.0,162.22518600000004,finite_mle,joint_00988
B_obl,same_type_exponential_history;lr04_scaled;co2_scaled;mis6_segment;obl_scaled,6,True,True,,-109.83368541253091,231.66737082506182,,,53.0,162.22518600000004,finite_mle,joint_00988
BP_obl,same_type_exponential_history;lr04_scaled;co2_scaled;mis6_segment;pre_phase_sin;pre_phase_cos;obl_scaled,8,True,True,,-97.04018719748622,210.08037439497244,314.96892750799293,13.131069104703572,53.0,162.22518600000004,finite_mle,joint_00988
B_insol65n,same_type_exponential_history;lr04_scaled;co2_scaled;mis6_segment;insol65n_scaled,6,True,True,,-104.65082217463743,221.30164434927485,,,53.0,162.22518600000004,finite_mle,joint_00988
BP_insol65n,same_type_exponential_history;lr04_scaled;co2_scaled;mis6_segment;pre_phase_sin;pre_phase_cos;insol65n_scaled,8,True,True,,-96.86538498452177,209.73076996904354,289.18361017391493,6.736946247336846,53.0,162.22518600000004,finite_mle,joint_00988
B,same_type_exponential_history;lr04_scaled;co2_scaled;mis6_segment,5,True,True,,-111.10091310733532,232.20182621467063,,,53.0,165.67521600000003,finite_mle,joint_05877
BP,same_type_exponential_history;lr04_scaled;co2_scaled;mis6_segment;pre_phase_sin;pre_phase_cos,7,True,True,,-103.17224268865908,220.34448537731816,328.54156775990856,6.1045532493984265,53.0,165.67521600000003,finite_mle,joint_05877
B_ecc,same_type_exponential_history;lr04_scaled;co2_scaled;mis6_segment;ecc_scaled,6,True,True,,-108.72159835291981,229.44319670583963,,,53.0,165.67521600000003,finite_mle,joint_05877
BP_ecc,same_type_exponential_history;lr04_scaled;co2_scaled;mis6_segment;pre_phase_sin;pre_phase_cos;ecc_scaled,8,True,True,,-102.15428501621182,220.30857003242363,326.2512795819762,5.210405478658037,53.0,165.67521600000003,finite_mle,joint_05877
B_obl,same_type_exponential_history;lr04_scaled;co2_scaled;mis6_segment;obl_scaled,6,True,True,,-110.95953809616672,233.91907619233345,,,53.0,165.67521600000003,finite_mle,joint_05877
BP_obl,same_type_exponential_history;lr04_scaled;co2_scaled;mis6_segment;pre_phase_sin;pre_phase_cos;obl_scaled,8,True,True,,-101.6483222077123,219.2966444154246,328.2986752589981,7.934770471146897,53.0,165.67521600000003,finite_mle,joint_05877
B_insol65n,same_type_exponential_history;lr04_scaled;co2_scaled;mis6_segment;insol65n_scaled,6,True,True,,-103.99977523238525,219.9995504647705,,,53.0,165.67521600000003,finite_mle,joint_05877
BP_insol65n,same_type_exponential_history;lr04_scaled;co2_scaled;mis6_segment;pre_phase_sin;pre_phase_cos;insol65n_scaled,8,True,True,,-100.52354178303091,217.04708356606181,293.51300958676836,3.414475259658356,53.0,165.67521600000003,finite_mle,joint_05877
B,same_type_exponential_history;lr04_scaled;co2_scaled;mis6_segment,5,True,True,,-110.85937008550286,231.71874017100572,,,53.0,162.94915600000002,finite_mle,joint_01293
BP,same_type_exponential_history;lr04_scaled;co2_scaled;mis6_segment;pre_phase_sin;pre_phase_cos,7,True,True,,-103.1894518727708,220.3789037455416,316.2240044372,5.913248796842785,53.0,162.94915600000002,finite_mle,joint_01293
B_ecc,same_type_exponential_history;lr04_scaled;co2_scaled;mis6_segment;ecc_scaled,6,True,True,,-108.52103170941373,229.04206341882747,,,53.0,162.94915600000002,finite_mle,joint_01293
BP_ecc,same_type_exponential_history;lr04_scaled;co2_scaled;mis6_segment;pre_phase_sin;pre_phase_cos;ecc_scaled,8,True,True,,-102.06491111401985,220.1298222280397,313.42232543207814,5.138880457337387,53.0,162.94915600000002,finite_mle,joint_01293
B_obl,same_type_exponential_history;lr04_scaled;co2_scaled;mis6_segment;obl_scaled,6,True,True,,-110.78987344163251,233.57974688326502,,,53.0,162.94915600000002,finite_mle,joint_01293
BP_obl,same_type_exponential_history;lr04_scaled;co2_scaled;mis6_segment;pre_phase_sin;pre_phase_cos;obl_scaled,8,True,True,,-102.08176094383938,220.16352188767877,317.3022391281578,7.227922497595119,53.0,162.94915600000002,finite_mle,joint_01293
B_insol65n,same_type_exponential_history;lr04_scaled;co2_scaled;mis6_segment;insol65n_scaled,6,True,True,,-106.43470127265535,224.8694025453107,,,53.0,162.94915600000002,finite_mle,joint_01293
BP_insol65n,same_type_exponential_history;lr04_scaled;co2_scaled;mis6_segment;pre_phase_sin;pre_phase_cos;insol65n_scaled,8,True,True,,-101.6602231693725,219.320446338745,288.8390456390669,4.2089968965802225,53.0,162.94915600000002,finite_mle,joint_01293
B,same_type_exponential_history;lr04_scaled;co2_scaled;mis6_segment,5,True,True,,-112.32421610132748,234.64843220265496,,,53.0,170.98077999999998,finite_mle,joint_04407
BP,same_type_exponential_history;lr04_scaled;co2_scaled;mis6_segment;pre_phase_sin;pre_phase_cos,7,True,True,,-106.80997570396926,227.61995140793852,348.1149708072167,4.317221682598105,53.0,170.98077999999998,finite_mle,joint_04407
B_ecc,same_type_exponential_history;lr04_scaled;co2_scaled;mis6_segment;ecc_scaled,6,True,True,,-111.32052580658481,234.64105161316962,,,53.0,170.98077999999998,finite_mle,joint_04407
BP_ecc,same_type_exponential_history;lr04_scaled;co2_scaled;mis6_segment;pre_phase_sin;pre_phase_cos;ecc_scaled,8,True,True,,-106.44581993847783,228.89163987695565,347.8715553955758,3.9869064466630486,53.0,170.98077999999998,finite_mle,joint_04407
B_obl,same_type_exponential_history;lr04_scaled;co2_scaled;mis6_segment;obl_scaled,6,True,True,,-112.32163588082011,236.64327176164022,,,53.0,170.98077999999998,finite_mle,joint_04407
BP_obl,same_type_exponential_history;lr04_scaled;co2_scaled;mis6_segment;pre_phase_sin;pre_phase_cos;obl_scaled,8,True,True,,-106.44420766179834,228.8884153235967,346.83273501964464,4.81290031194369,53.0,170.98077999999998,finite_mle,joint_04407
B_insol65n,same_type_exponential_history;lr04_scaled;co2_scaled;mis6_segment;insol65n_scaled,6,True,True,,-108.55609928726095,229.1121985745219,,,53.0,170.98077999999998,finite_mle,joint_04407
BP_insol65n,same_type_exponential_history;lr04_scaled;co2_scaled;mis6_segment;pre_phase_sin;pre_phase_cos;insol65n_scaled,8,True,True,,-106.6514318902033,229.3028637804066,344.2784410342166,3.338572662141861,53.0,170.98077999999998,finite_mle,joint_04407
B,same_type_exponential_history;lr04_scaled;co2_scaled;mis6_segment,5,True,True,,-110.40182230198806,230.80364460397612,,,53.0,165.18654100000003,finite_mle,joint_07887
BP,same_type_exponential_history;lr04_scaled;co2_scaled;mis6_segment;pre_phase_sin;pre_phase_cos,7,True,True,,-100.20546923753108,214.41093847506215,330.36452942965684,8.663983387014673,53.0,165.18654100000003,finite_mle,joint_07887
B_ecc,same_type_exponential_history;lr04_scaled;co2_scaled;mis6_segment;ecc_scaled,6,True,True,,-109.06593628757363,230.13187257514727,,,53.0,165.18654100000003,finite_mle,joint_07887
BP_ecc,same_type_exponential_history;lr04_scaled;co2_scaled;mis6_segment;pre_phase_sin;pre_phase_cos;ecc_scaled,8,True,True,,-99.96954238604505,215.9390847720901,329.87591223136565,7.906282249379971,53.0,165.18654100000003,finite_mle,joint_07887
B_obl,same_type_exponential_history;lr04_scaled;co2_scaled;mis6_segment;obl_scaled,6,True,True,,-110.39414718311352,232.78829436622703,,,53.0,165.18654100000003,finite_mle,joint_07887
BP_obl,same_type_exponential_history;lr04_scaled;co2_scaled;mis6_segment;pre_phase_sin;pre_phase_cos;obl_scaled,8,True,True,,-99.56990461092516,215.13980922185033,330.6430877722399,10.277573916715534,53.0,165.18654100000003,finite_mle,joint_07887
B_insol65n,same_type_exponential_history;lr04_scaled;co2_scaled;mis6_segment;insol65n_scaled,6,True,True,,-103.2645935310399,218.5291870620798,,,53.0,165.18654100000003,finite_mle,joint_07887
BP_insol65n,same_type_exponential_history;lr04_scaled;co2_scaled;mis6_segment;pre_phase_sin;pre_phase_cos;insol65n_scaled,8,True,True,,-98.66879761646487,213.33759523292974,313.0371755766394,5.022706021266105,53.0,165.18654100000003,finite_mle,joint_07887
B,same_type_exponential_history;lr04_scaled;co2_scaled;mis6_segment,5,True,True,,-110.89319955714355,231.7863991142871,,,53.0,161.535907,finite_mle,joint_09601
BP,same_type_exponential_history;lr04_scaled;co2_scaled;mis6_segment;pre_phase_sin;pre_phase_cos,7,True,True,,-100.48979370562499,214.97958741124998,317.03690973785405,9.125523303250661,53.0,161.535907,finite_mle,joint_09601
B_ecc,same_type_exponential_history;lr04_scaled;co2_scaled;mis6_segment;ecc_scaled,6,True,True,,-107.88089947299522,227.76179894599045,,,53.0,161.535907,finite_mle,joint_09601
BP_ecc,same_type_exponential_history;lr04_scaled;co2_scaled;mis6_segment;pre_phase_sin;pre_phase_cos;ecc_scaled,8,True,True,,-98.73895647335142,213.47791294670284,314.74193255446676,7.950294204077589,53.0,161.535907,finite_mle,joint_09601
B_obl,same_type_exponential_history;lr04_scaled;co2_scaled;mis6_segment;obl_scaled,6,True,True,,-110.85757779838562,233.71515559677124,,,53.0,161.535907,finite_mle,joint_09601
BP_obl,same_type_exponential_history;lr04_scaled;co2_scaled;mis6_segment;pre_phase_sin;pre_phase_cos;obl_scaled,8,True,True,,-98.8346219446396,213.6692438892792,317.9526810344991,12.517913027139677,53.0,161.535907,finite_mle,joint_09601
B_insol65n,same_type_exponential_history;lr04_scaled;co2_scaled;mis6_segment;insol65n_scaled,6,True,True,,-105.38721650121025,222.7744330024205,,,53.0,161.535907,finite_mle,joint_09601
BP_insol65n,same_type_exponential_history;lr04_scaled;co2_scaled;mis6_segment;pre_phase_sin;pre_phase_cos;insol65n_scaled,8,True,True,,-98.3944479180708,212.7888958361416,292.4259710208124,6.256340336383336,53.0,161.535907,finite_mle,joint_09601
B,same_type_exponential_history;lr04_scaled;co2_scaled;mis6_segment,5,True,True,,-111.71528120141795,233.4305624028359,,,53.0,167.028681,finite_mle,joint_08218
BP,same_type_exponential_history;lr04_scaled;co2_scaled;mis6_segment;pre_phase_sin;pre_phase_cos,7,True,True,,-104.92109097617289,223.84218195234578,326.1284563364542,5.016967660566655,53.0,167.028681,finite_mle,joint_08218
B_ecc,same_type_exponential_history;lr04_scaled;co2_scaled;mis6_segment;ecc_scaled,6,True,True,,-109.0794020859284,230.1588041718568,,,53.0,167.028681,finite_mle,joint_08218
BP_ecc,same_type_exponential_history;lr04_scaled;co2_scaled;mis6_segment;pre_phase_sin;pre_phase_cos;ecc_scaled,8,True,True,,-103.71772959412351,223.43545918824702,323.0437411608349,4.237186073759698,53.0,167.028681,finite_mle,joint_08218
B_obl,same_type_exponential_history;lr04_scaled;co2_scaled;mis6_segment;obl_scaled,6,True,True,,-111.70660351989696,235.41320703979392,,,53.0,167.028681,finite_mle,joint_08218
BP_obl,same_type_exponential_history;lr04_scaled;co2_scaled;mis6_segment;pre_phase_sin;pre_phase_cos;obl_scaled,8,True,True,,-104.44335088473596,224.88670176947193,326.08354189655375,5.57668299552987,53.0,167.028681,finite_mle,joint_08218
B_insol65n,same_type_exponential_history;lr04_scaled;co2_scaled;mis6_segment;insol65n_scaled,6,True,True,,-107.03012540033615,226.0602508006723,,,53.0,167.028681,finite_mle,joint_08218
BP_insol65n,same_type_exponential_history;lr04_scaled;co2_scaled;mis6_segment;pre_phase_sin;pre_phase_cos;insol65n_scaled,8,True,True,,-103.91742675559139,223.83485351118279,303.75805966190893,3.2543001677782915,53.0,167.028681,finite_mle,joint_08218
B,same_type_exponential_history;lr04_scaled;co2_scaled;mis6_segment,5,True,True,,-111.20951882064807,232.41903764129614,,,53.0,163.90354200000002,finite_mle,joint_02513
BP,same_type_exponential_history;lr04_scaled;co2_scaled;mis6_segment;pre_phase_sin;pre_phase_cos,7,True,True,,-102.01395059595474,218.02790119190948,325.4046021722168,7.366243928729848,53.0,163.90354200000002,finite_mle,joint_02513
B_ecc,same_type_exponential_history;lr04_scaled;co2_scaled;mis6_segment;ecc_scaled,6,True,True,,-108.67102165580297,229.34204331160595,,,53.0,163.90354200000002,finite_mle,joint_02513
BP_ecc,same_type_exponential_history;lr04_scaled;co2_scaled;mis6_segment;pre_phase_sin;pre_phase_cos;ecc_scaled,8,True,True,,-100.9464582650379,217.8929165300758,323.1758866945328,6.274288195289654,53.0,163.90354200000002,finite_mle,joint_02513
B_obl,same_type_exponential_history;lr04_scaled;co2_scaled;mis6_segment;obl_scaled,6,True,True,,-111.18741049877465,234.3748209975493,,,53.0,163.90354200000002,finite_mle,joint_02513
BP_obl,same_type_exponential_history;lr04_scaled;co2_scaled;mis6_segment;pre_phase_sin;pre_phase_cos;obl_scaled,8,True,True,,-100.93179172184907,217.86358344369813,325.57277645966263,9.144036642237445,53.0,163.90354200000002,finite_mle,joint_02513
B_insol65n,same_type_exponential_history;lr04_scaled;co2_scaled;mis6_segment;insol65n_scaled,6,True,True,,-104.41040797459388,220.82081594918776,,,53.0,163.90354200000002,finite_mle,joint_02513
BP_insol65n,same_type_exponential_history;lr04_scaled;co2_scaled;mis6_segment;pre_phase_sin;pre_phase_cos;insol65n_scaled,8,True,True,,-99.76486004770328,215.52972009540656,296.72369260955475,4.337232367552266,53.0,163.90354200000002,finite_mle,joint_02513
B,same_type_exponential_history;lr04_scaled;co2_scaled;mis6_segment,5,True,True,,-111.46512861225574,232.93025722451148,,,53.0,168.88962200000003,finite_mle,joint_04138
BP,same_type_exponential_history;lr04_scaled;co2_scaled;mis6_segment;pre_phase_sin;pre_phase_cos,7,True,True,,-104.1803704962885,222.360740992577,342.9727226217289,5.603004153645596,53.0,168.88962200000003,finite_mle,joint_04138
B_ecc,same_type_exponential_history;lr04_scaled;co2_scaled;mis6_segment;ecc_scaled,6,True,True,,-110.83780967911409,233.67561935822818,,,53.0,168.88962200000003,finite_mle,joint_04138
BP_ecc,same_type_exponential_history;lr04_scaled;co2_scaled;mis6_segment;pre_phase_sin;pre_phase_cos;ecc_scaled,8,True,True,,-104.13031500365074,224.26063000730147,342.88482988114123,5.395067093172411,53.0,168.88962200000003,finite_mle,joint_04138
B_obl,same_type_exponential_history;lr04_scaled;co2_scaled;mis6_segment;obl_scaled,6,True,True,,-111.44818112331845,234.8963622466369,,,53.0,168.88962200000003,finite_mle,joint_04138
BP_obl,same_type_exponential_history;lr04_scaled;co2_scaled;mis6_segment;pre_phase_sin;pre_phase_cos;obl_scaled,8,True,True,,-103.9402935431655,223.880587086331,342.4051028317528,6.132705607697255,53.0,168.88962200000003,finite_mle,joint_04138
B_insol65n,same_type_exponential_history;lr04_scaled;co2_scaled;mis6_segment;insol65n_scaled,6,True,True,,-106.21589231005497,224.43178462010994,,,53.0,168.88962200000003,finite_mle,joint_04138
BP_insol65n,same_type_exponential_history;lr04_scaled;co2_scaled;mis6_segment;pre_phase_sin;pre_phase_cos;insol65n_scaled,8,True,True,,-103.71246531619772,223.42493063239544,335.2178941696757,3.7390547753148535,53.0,168.88962200000003,finite_mle,joint_04138
B,same_type_exponential_history;lr04_scaled;co2_scaled;mis6_segment,5,True,True,,-110.12276061977099,230.24552123954197,,,53.0,164.50227000000007,finite_mle,joint_02984
BP,same_type_exponential_history;lr04_scaled;co2_scaled;mis6_segment;pre_phase_sin;pre_phase_cos,7,True,True,,-100.90751579835957,215.81503159671914,332.0729597631622,7.5350376668569865,53.0,164.50227000000007,finite_mle,joint_02984
B_ecc,same_type_exponential_history;lr04_scaled;co2_scaled;mis6_segment;ecc_scaled,6,True,True,,-109.21650996441176,230.4330199288235,,,53.0,164.50227000000007,finite_mle,joint_02984
BP_ecc,same_type_exponential_history;lr04_scaled;co2_scaled;mis6_segment;pre_phase_sin;pre_phase_cos;ecc_scaled,8,True,True,,-100.85538768056557,217.71077536113114,331.9446232192097,7.1769351453677555,53.0,164.50227000000007,finite_mle,joint_02984
B_obl,same_type_exponential_history;lr04_scaled;co2_scaled;mis6_segment;obl_scaled,6,True,True,,-110.09674267783397,232.19348535566795,,,53.0,164.50227000000007,finite_mle,joint_02984
BP_obl,same_type_exponential_history;lr04_scaled;co2_scaled;mis6_segment;pre_phase_sin;pre_phase_cos;obl_scaled,8,True,True,,-100.60237383117504,217.2047476623501,332.4871097350432,8.303481894136981,53.0,164.50227000000007,finite_mle,joint_02984
B_insol65n,same_type_exponential_history;lr04_scaled;co2_scaled;mis6_segment;insol65n_scaled,6,True,True,,-104.62029468639926,221.24058937279852,,,53.0,164.50227000000007,finite_mle,joint_02984
BP_insol65n,same_type_exponential_history;lr04_scaled;co2_scaled;mis6_segment;pre_phase_sin;pre_phase_cos;insol65n_scaled,8,True,True,,-100.42361849610006,216.84723699220012,323.8722933788932,5.204828367036377,53.0,164.50227000000007,finite_mle,joint_02984
B,same_type_exponential_history;lr04_scaled;co2_scaled;mis6_segment,5,True,True,,-111.33836851954749,232.67673703909497,,,53.0,167.45711200000005,finite_mle,joint_03847
BP,same_type_exponential_history;lr04_scaled;co2_scaled;mis6_segment;pre_phase_sin;pre_phase_cos,7,True,True,,-105.20806400124091,224.41612800248183,327.87026978144934,4.585730902401015,53.0,167.45711200000005,finite_mle,joint_03847
B_ecc,same_type_exponential_history;lr04_scaled;co2_scaled;mis6_segment;ecc_scaled,6,True,True,,-109.49499207642933,230.98998415285865,,,53.0,167.45711200000005,finite_mle,joint_03847
BP_ecc,same_type_exponential_history;lr04_scaled;co2_scaled;mis6_segment;pre_phase_sin;pre_phase_cos;ecc_scaled,8,True,True,,-104.5196171795236,225.0392343590472,325.44933340228687,3.988278917385411,53.0,167.45711200000005,finite_mle,joint_03847
B_obl,same_type_exponential_history;lr04_scaled;co2_scaled;mis6_segment;obl_scaled,6,True,True,,-111.16880697656205,234.3376139531241,,,53.0,167.45711200000005,finite_mle,joint_03847
BP_obl,same_type_exponential_history;lr04_scaled;co2_scaled;mis6_segment;pre_phase_sin;pre_phase_cos;obl_scaled,8,True,True,,-104.04295344490302,224.08590688980604,327.8514913807611,5.521456243132055,53.0,167.45711200000005,finite_mle,joint_03847
B_insol65n,same_type_exponential_history;lr04_scaled;co2_scaled;mis6_segment;insol65n_scaled,6,True,True,,-105.29299192682868,222.58598385365735,,,53.0,167.45711200000005,finite_mle,joint_03847
BP_insol65n,same_type_exponential_history;lr04_scaled;co2_scaled;mis6_segment;pre_phase_sin;pre_phase_cos;insol65n_scaled,8,True,True,,-102.71011720771614,221.42023441543228,284.10975373193946,2.6972941194445847,53.0,167.45711200000005,finite_mle,joint_03847
B,same_type_exponential_history;lr04_scaled;co2_scaled;mis6_segment,5,True,True,,-110.97929023796166,231.95858047592333,,,53.0,167.694207,finite_mle,joint_02938
BP,same_type_exponential_history;lr04_scaled;co2_scaled;mis6_segment;pre_phase_sin;pre_phase_cos,7,True,True,,-104.74230551108946,223.4846110221789,340.7645859215923,4.933298438153479,53.0,167.694207,finite_mle,joint_02938
B_ecc,same_type_exponential_history;lr04_scaled;co2_scaled;mis6_segment;ecc_scaled,6,True,True,,-110.39007889299924,232.78015778599848,,,53.0,167.694207,finite_mle,joint_02938
BP_ecc,same_type_exponential_history;lr04_scaled;co2_scaled;mis6_segment;pre_phase_sin;pre_phase_cos;ecc_scaled,8,True,True,,-104.69115812168545,225.3823162433709,340.606018961409,4.7427626280498805,53.0,167.694207,finite_mle,joint_02938
B_obl,same_type_exponential_history;lr04_scaled;co2_scaled;mis6_segment;obl_scaled,6,True,True,,-110.97885295148578,233.95770590297155,,,53.0,167.694207,finite_mle,joint_02938
BP_obl,same_type_exponential_history;lr04_scaled;co2_scaled;mis6_segment;pre_phase_sin;pre_phase_cos;obl_scaled,8,True,True,,-104.39330025836992,224.78660051673984,340.4978999129679,5.455062533866719,53.0,167.694207,finite_mle,joint_02938
B_insol65n,same_type_exponential_history;lr04_scaled;co2_scaled;mis6_segment;insol65n_scaled,6,True,True,,-106.57580813710666,225.15161627421332,,,53.0,167.694207,finite_mle,joint_02938
BP_insol65n,same_type_exponential_history;lr04_scaled;co2_scaled;mis6_segment;pre_phase_sin;pre_phase_cos;insol65n_scaled,8,True,True,,-104.38860142819985,224.7772028563997,333.5707796332407,3.451088824803599,53.0,167.694207,finite_mle,joint_02938
B,same_type_exponential_history;lr04_scaled;co2_scaled;mis6_segment,5,True,True,,-111.47489666508841,232.94979333017682,,,53.0,165.187158,finite_mle,joint_00610
BP,same_type_exponential_history;lr04_scaled;co2_scaled;mis6_segment;pre_phase_sin;pre_phase_cos,7,True,True,,-102.74689340422307,219.49378680844615,327.62936963827366,6.673381383169357,53.0,165.187158,finite_mle,joint_00610
B_ecc,same_type_exponential_history;lr04_scaled;co2_scaled;mis6_segment;ecc_scaled,6,True,True,,-109.10686649218304,230.2137329843661,,,53.0,165.187158,finite_mle,joint_00610
BP_ecc,same_type_exponential_history;lr04_scaled;co2_scaled;mis6_segment;pre_phase_sin;pre_phase_cos;ecc_scaled,8,True,True,,-101.84386452740868,219.68772905481737,325.7077636291591,5.682583149839345,53.0,165.187158,finite_mle,joint_00610
B_obl,same_type_exponential_history;lr04_scaled;co2_scaled;mis6_segment;obl_scaled,6,True,True,,-111.35454049471707,234.70908098943414,,,53.0,165.187158,finite_mle,joint_00610
BP_obl,same_type_exponential_history;lr04_scaled;co2_scaled;mis6_segment;pre_phase_sin;pre_phase_cos;obl_scaled,8,True,True,,-101.32446091204454,218.6489218240891,327.5587838071929,8.413896706692565,53.0,165.187158,finite_mle,joint_00610
B_insol65n,same_type_exponential_history;lr04_scaled;co2_scaled;mis6_segment;insol65n_scaled,6,True,True,,-104.0782517181895,220.156503436379,,,53.0,165.187158,finite_mle,joint_00610
BP_insol65n,same_type_exponential_history;lr04_scaled;co2_scaled;mis6_segment;pre_phase_sin;pre_phase_cos;insol65n_scaled,8,True,True,,-100.1179753313582,216.2359506627164,293.4117006320198,3.7083731469179284,53.0,165.187158,finite_mle,joint_00610
B,same_type_exponential_history;lr04_scaled;co2_scaled;mis6_segment,5,True,True,,-111.32000409908346,232.64000819816692,,,53.0,163.02705400000002,finite_mle,joint_02910
BP,same_type_exponential_history;lr04_scaled;co2_scaled;mis6_segment;pre_phase_sin;pre_phase_cos,7,True,True,,-102.71928544803225,219.4385708960645,331.17072386105576,6.8591195931023865,53.0,163.02705400000002,finite_mle,joint_02910
B_ecc,same_type_exponential_history;lr04_scaled;co2_scaled;mis6_segment;ecc_scaled,6,True,True,,-109.74641839836411,231.49283679672823,,,53.0,163.02705400000002,finite_mle,joint_02910
BP_ecc,same_type_exponential_history;lr04_scaled;co2_scaled;mis6_segment;pre_phase_sin;pre_phase_cos;ecc_scaled,8,True,True,,-102.14509255493036,220.29018510986072,330.44436313990974,6.148717492187622,53.0,163.02705400000002,finite_mle,joint_02910
B_obl,same_type_exponential_history;lr04_scaled;co2_scaled;mis6_segment;obl_scaled,6,True,True,,-111.29582845651933,234.59165691303866,,,53.0,163.02705400000002,finite_mle,joint_02910
BP_obl,same_type_exponential_history;lr04_scaled;co2_scaled;mis6_segment;pre_phase_sin;pre_phase_cos;obl_scaled,8,True,True,,-101.59633142887071,219.19266285774142,331.1980863460238,8.695538668649952,53.0,163.02705400000002,finite_mle,joint_02910
B_insol65n,same_type_exponential_history;lr04_scaled;co2_scaled;mis6_segment;insol65n_scaled,6,True,True,,-104.52791625102228,221.05583250204455,,,53.0,163.02705400000002,finite_mle,joint_02910
BP_insol65n,same_type_exponential_history;lr04_scaled;co2_scaled;mis6_segment;pre_phase_sin;pre_phase_cos;insol65n_scaled,8,True,True,,-100.88575142192099,217.77150284384197,307.30317483077704,3.856817346447383,53.0,163.02705400000002,finite_mle,joint_02910
B,same_type_exponential_history;lr04_scaled;co2_scaled;mis6_segment,5,True,True,,-111.4182189006573,232.8364378013146,,,53.0,164.83032000000003,finite_mle,joint_08411
BP,same_type_exponential_history;lr04_scaled;co2_scaled;mis6_segment;pre_phase_sin;pre_phase_cos,7,True,True,,-104.16682652656306,222.3336530531261,329.1045221785863,5.484239685671582,53.0,164.83032000000003,finite_mle,joint_08411
B_ecc,same_type_exponential_history;lr04_scaled;co2_scaled;mis6_segment;ecc_scaled,6,True,True,,-109.14903358057985,230.2980671611597,,,53.0,164.83032000000003,finite_mle,joint_08411
BP_ecc,same_type_exponential_history;lr04_scaled;co2_scaled;mis6_segment;pre_phase_sin;pre_phase_cos;ecc_scaled,8,True,True,,-103.13004117696954,222.26008235393908,327.45986503046737,4.70043556692284,53.0,164.83032000000003,finite_mle,joint_08411
B_obl,same_type_exponential_history;lr04_scaled;co2_scaled;mis6_segment;obl_scaled,6,True,True,,-111.35900556947162,234.71801113894324,,,53.0,164.83032000000003,finite_mle,joint_08411
BP_obl,same_type_exponential_history;lr04_scaled;co2_scaled;mis6_segment;pre_phase_sin;pre_phase_cos;obl_scaled,8,True,True,,-103.17990028721397,222.35980057442794,328.99828972039086,6.557574696630689,53.0,164.83032000000003,finite_mle,joint_08411
B_insol65n,same_type_exponential_history;lr04_scaled;co2_scaled;mis6_segment;insol65n_scaled,6,True,True,,-105.52160788601125,223.0432157720225,,,53.0,164.83032000000003,finite_mle,joint_08411
BP_insol65n,same_type_exponential_history;lr04_scaled;co2_scaled;mis6_segment;pre_phase_sin;pre_phase_cos;insol65n_scaled,8,True,True,,-102.43666510473966,220.87333020947932,300.6397220324181,3.2010954956165927,53.0,164.83032000000003,finite_mle,joint_08411
B,same_type_exponential_history;lr04_scaled;co2_scaled;mis6_segment,5,True,True,,-110.59978624866491,231.19957249732983,,,53.0,162.38492800000003,finite_mle,joint_05168
BP,same_type_exponential_history;lr04_scaled;co2_scaled;mis6_segment;pre_phase_sin;pre_phase_cos,7,True,True,,-100.71434787532473,215.42869575064947,316.81671145932404,7.989859726087273,53.0,162.38492800000003,finite_mle,joint_05168
B_ecc,same_type_exponential_history;lr04_scaled;co2_scaled;mis6_segment;ecc_scaled,6,True,True,,-108.06967851997464,228.1393570399493,,,53.0,162.38492800000003,finite_mle,joint_05168
BP_ecc,same_type_exponential_history;lr04_scaled;co2_scaled;mis6_segment;pre_phase_sin;pre_phase_cos;ecc_scaled,8,True,True,,-99.46406302655885,214.9281260531177,314.50700452717876,6.975871354099112,53.0,162.38492800000003,finite_mle,joint_05168
B_obl,same_type_exponential_history;lr04_scaled;co2_scaled;mis6_segment;obl_scaled,6,True,True,,-110.48871518238649,232.97743036477297,,,53.0,162.38492800000003,finite_mle,joint_05168
BP_obl,same_type_exponential_history;lr04_scaled;co2_scaled;mis6_segment;pre_phase_sin;pre_phase_cos;obl_scaled,8,True,True,,-98.80111159496951,213.60222318993902,317.7425375315482,10.942644023872957,53.0,162.38492800000003,finite_mle,joint_05168
B_insol65n,same_type_exponential_history;lr04_scaled;co2_scaled;mis6_segment;insol65n_scaled,6,True,True,,-104.78764445950705,221.5752889190141,,,53.0,162.38492800000003,finite_mle,joint_05168
BP_insol65n,same_type_exponential_history;lr04_scaled;co2_scaled;mis6_segment;pre_phase_sin;pre_phase_cos;insol65n_scaled,8,True,True,,-98.25371651366851,212.50743302733702,286.9353955420481,5.463577585447833,53.0,162.38492800000003,finite_mle,joint_05168
B,same_type_exponential_history;lr04_scaled;co2_scaled;mis6_segment,5,True,True,,-111.34061392024543,232.68122784049086,,,53.0,166.07176200000004,finite_mle,joint_00485
BP,same_type_exponential_history;lr04_scaled;co2_scaled;mis6_segment;pre_phase_sin;pre_phase_cos,7,True,True,,-102.26339261554381,218.52678523108762,331.66421992088243,7.425897279638926,53.0,166.07176200000004,finite_mle,joint_00485
B_ecc,same_type_exponential_history;lr04_scaled;co2_scaled;mis6_segment;ecc_scaled,6,True,True,,-109.96202513984684,231.9240502796937,,,53.0,166.07176200000004,finite_mle,joint_00485
BP_ecc,same_type_exponential_history;lr04_scaled;co2_scaled;mis6_segment;pre_phase_sin;pre_phase_cos;ecc_scaled,8,True,True,,-101.9260779937612,219.8521559875224,330.8078660159711,6.724588803672466,53.0,166.07176200000004,finite_mle,joint_00485
B_obl,same_type_exponential_history;lr04_scaled;co2_scaled;mis6_segment;obl_scaled,6,True,True,,-111.2968261658701,234.5936523317402,,,53.0,166.07176200000004,finite_mle,joint_00485
BP_obl,same_type_exponential_history;lr04_scaled;co2_scaled;mis6_segment;pre_phase_sin;pre_phase_cos;obl_scaled,8,True,True,,-101.0817549120341,218.1635098240682,331.6158611356025,9.430181768450119,53.0,166.07176200000004,finite_mle,joint_00485
B_insol65n,same_type_exponential_history;lr04_scaled;co2_scaled;mis6_segment;insol65n_scaled,6,True,True,,-104.02230573225276,220.04461146450552,,,53.0,166.07176200000004,finite_mle,joint_00485
BP_insol65n,same_type_exponential_history;lr04_scaled;co2_scaled;mis6_segment;pre_phase_sin;pre_phase_cos;insol65n_scaled,8,True,True,,-100.28768120702824,216.57536241405649,308.1791703895284,4.051976690255151,53.0,166.07176200000004,finite_mle,joint_00485
B,same_type_exponential_history;lr04_scaled;co2_scaled;mis6_segment,5,True,True,,-111.91674839856447,233.83349679712893,,,53.0,165.70431000000002,finite_mle,joint_08585
BP,same_type_exponential_history;lr04_scaled;co2_scaled;mis6_segment;pre_phase_sin;pre_phase_cos,7,True,True,,-102.86948656371352,219.73897312742704,330.10010778069534,7.221053127170819,53.0,165.70431000000002,finite_mle,joint_08585
B_ecc,same_type_exponential_history;lr04_scaled;co2_scaled;mis6_segment;ecc_scaled,6,True,True,,-109.98036114210328,231.96072228420655,,,53.0,165.70431000000002,finite_mle,joint_08585
BP_ecc,same_type_exponential_history;lr04_scaled;co2_scaled;mis6_segment;pre_phase_sin;pre_phase_cos;ecc_scaled,8,True,True,,-102.08713639924719,220.17427279849437,328.91100175374373,6.3422845151663685,53.0,165.70431000000002,finite_mle,joint_08585
B_obl,same_type_exponential_history;lr04_scaled;co2_scaled;mis6_segment;obl_scaled,6,True,True,,-111.82690084987401,235.65380169974802,,,53.0,165.70431000000002,finite_mle,joint_08585
BP_obl,same_type_exponential_history;lr04_scaled;co2_scaled;mis6_segment;pre_phase_sin;pre_phase_cos;obl_scaled,8,True,True,,-101.22865169616585,218.4573033923317,330.05675213668417,9.753692496826158,53.0,165.70431000000002,finite_mle,joint_08585
B_insol65n,same_type_exponential_history;lr04_scaled;co2_scaled;mis6_segment;insol65n_scaled,6,True,True,,-104.21600386309643,220.43200772619286,,,53.0,165.70431000000002,finite_mle,joint_08585
BP_insol65n,same_type_exponential_history;lr04_scaled;co2_scaled;mis6_segment;pre_phase_sin;pre_phase_cos;insol65n_scaled,8,True,True,,-100.22117563590498,216.44235127180997,299.8664677953321,3.928526998711855,53.0,165.70431000000002,finite_mle,joint_08585
B,same_type_exponential_history;lr04_scaled;co2_scaled;mis6_segment,5,True,True,,-111.17116767886796,232.34233535773592,,,53.0,165.553205,finite_mle,joint_04512
BP,same_type_exponential_history;lr04_scaled;co2_scaled;mis6_segment;pre_phase_sin;pre_phase_cos,7,True,True,,-104.54812288029918,223.09624576059835,334.63616070345773,4.9920145354015295,53.0,165.553205,finite_mle,joint_04512
B_ecc,same_type_exponential_history;lr04_scaled;co2_scaled;mis6_segment;ecc_scaled,6,True,True,,-109.61004364669166,231.22008729338333,,,53.0,165.553205,finite_mle,joint_04512
BP_ecc,same_type_exponential_history;lr04_scaled;co2_scaled;mis6_segment;pre_phase_sin;pre_phase_cos;ecc_scaled,8,True,True,,-104.04112686401376,224.08225372802752,333.43718826242457,4.434426551863881,53.0,165.553205,finite_mle,joint_04512
B_obl,same_type_exponential_history;lr04_scaled;co2_scaled;mis6_segment;obl_scaled,6,True,True,,-111.15635601695254,234.3127120339051,,,53.0,165.553205,finite_mle,joint_04512
BP_obl,same_type_exponential_history;lr04_scaled;co2_scaled;mis6_segment;pre_phase_sin;pre_phase_cos;obl_scaled,8,True,True,,-103.88520270513196,223.77040541026392,333.9239261854298,5.832953680804486,53.0,165.553205,finite_mle,joint_04512
B_insol65n,same_type_exponential_history;lr04_scaled;co2_scaled;mis6_segment;insol65n_scaled,6,True,True,,-105.66378681630141,223.32757363260282,,,53.0,165.553205,finite_mle,joint_04512
BP_insol65n,same_type_exponential_history;lr04_scaled;co2_scaled;mis6_segment;pre_phase_sin;pre_phase_cos;insol65n_scaled,8,True,True,,-103.29011882053814,222.58023764107628,311.85000862159524,2.9234783074283444,53.0,165.553205,finite_mle,joint_04512
B,same_type_exponential_history;lr04_scaled;co2_scaled;mis6_segment,5,True,True,,-109.54286126726409,229.08572253452817,,,53.0,158.87598200000002,finite_mle,joint_01754
BP,same_type_exponential_history;lr04_scaled;co2_scaled;mis6_segment;pre_phase_sin;pre_phase_cos,7,True,True,,-101.57332938155284,217.14665876310568,313.285902063741,6.327529557701955,53.0,158.87598200000002,finite_mle,joint_01754
B_ecc,same_type_exponential_history;lr04_scaled;co2_scaled;mis6_segment;ecc_scaled,6,True,True,,-106.50443659217612,225.00887318435224,,,53.0,158.87598200000002,finite_mle,joint_01754
BP_ecc,same_type_exponential_history;lr04_scaled;co2_scaled;mis6_segment;pre_phase_sin;pre_phase_cos;ecc_scaled,8,True,True,,-99.33845070438895,214.6769014087779,309.86426312899863,5.782471860121096,53.0,158.87598200000002,finite_mle,joint_01754
B_obl,same_type_exponential_history;lr04_scaled;co2_scaled;mis6_segment;obl_scaled,6,True,True,,-109.45584465529814,230.91168931059627,,,53.0,158.87598200000002,finite_mle,joint_01754
BP_obl,same_type_exponential_history;lr04_scaled;co2_scaled;mis6_segment;pre_phase_sin;pre_phase_cos;obl_scaled,8,True,True,,-99.97692674531623,215.95385349063247,314.2295106926521,8.463773086559643,53.0,158.87598200000002,finite_mle,joint_01754
B_insol65n,same_type_exponential_history;lr04_scaled;co2_scaled;mis6_segment;insol65n_scaled,6,True,True,,-106.46019387640061,224.92038775280122,,,53.0,158.87598200000002,finite_mle,joint_01754
BP_insol65n,same_type_exponential_history;lr04_scaled;co2_scaled;mis6_segment;pre_phase_sin;pre_phase_cos;insol65n_scaled,8,True,True,,-100.84320393163549,217.68640786327097,295.8585547522595,4.898034269056713,53.0,158.87598200000002,finite_mle,joint_01754
B,same_type_exponential_history;lr04_scaled;co2_scaled;mis6_segment,5,True,True,,-111.47033184834416,232.94066369668832,,,53.0,168.57537700000003,finite_mle,joint_06622
BP,same_type_exponential_history;lr04_scaled;co2_scaled;mis6_segment;pre_phase_sin;pre_phase_cos,7,True,True,,-107.0096606302576,228.0193212605152,333.90488446228136,3.6846779752561942,53.0,168.57537700000003,finite_mle,joint_06622
B_ecc,same_type_exponential_history;lr04_scaled;co2_scaled;mis6_segment;ecc_scaled,6,True,True,,-110.58633573492503,233.17267146985006,,,53.0,168.57537700000003,finite_mle,joint_06622
BP_ecc,same_type_exponential_history;lr04_scaled;co2_scaled;mis6_segment;pre_phase_sin;pre_phase_cos;ecc_scaled,8,True,True,,-106.72007604967939,229.44015209935878,332.8226680604082,3.4192412706747284,53.0,168.57537700000003,finite_mle,joint_06622
B_obl,same_type_exponential_history;lr04_scaled;co2_scaled;mis6_segment;obl_scaled,6,True,True,,-111.46323807460048,234.92647614920097,,,53.0,168.57537700000003,finite_mle,joint_06622
BP_obl,same_type_exponential_history;lr04_scaled;co2_scaled;mis6_segment;pre_phase_sin;pre_phase_cos;obl_scaled,8,True,True,,-106.65290715063296,229.3058143012659,333.74512963515065,4.066684002563737,53.0,168.57537700000003,finite_mle,joint_06622
B_insol65n,same_type_exponential_history;lr04_scaled;co2_scaled;mis6_segment;insol65n_scaled,6,True,True,,-108.60361609968365,229.2072321993673,,,53.0,168.57537700000003,finite_mle,joint_06622
BP_insol65n,same_type_exponential_history;lr04_scaled;co2_scaled;mis6_segment;pre_phase_sin;pre_phase_cos;insol65n_scaled,8,True,True,,-106.76449098244437,229.52898196488874,324.7935544709274,2.8181899727773807,53.0,168.57537700000003,finite_mle,joint_06622
B,same_type_exponential_history;lr04_scaled;co2_scaled;mis6_segment,5,True,True,,-111.32058364877597,232.64116729755193,,,53.0,165.87611700000002,finite_mle,joint_05169
BP,same_type_exponential_history;lr04_scaled;co2_scaled;mis6_segment;pre_phase_sin;pre_phase_cos,7,True,True,,-105.68744962323267,225.37489924646533,321.8414746244661,4.282574248307633,53.0,165.87611700000002,finite_mle,joint_05169
B_ecc,same_type_exponential_history;lr04_scaled;co2_scaled;mis6_segment;ecc_scaled,6,True,True,,-108.74934609647637,229.49869219295275,,,53.0,165.87611700000002,finite_mle,joint_05169
BP_ecc,same_type_exponential_history;lr04_scaled;co2_scaled;mis6_segment;pre_phase_sin;pre_phase_cos;ecc_scaled,8,True,True,,-104.39997634036727,224.79995268073455,317.9075200830636,3.6275179316118185,53.0,165.87611700000002,finite_mle,joint_05169
B_obl,same_type_exponential_history;lr04_scaled;co2_scaled;mis6_segment;obl_scaled,6,True,True,,-111.26288689334257,234.52577378668514,,,53.0,165.87611700000002,finite_mle,joint_05169
BP_obl,same_type_exponential_history;lr04_scaled;co2_scaled;mis6_segment;pre_phase_sin;pre_phase_cos;obl_scaled,8,True,True,,-104.99885626720325,225.9977125344065,322.2584997603791,4.887130178998272,53.0,165.87611700000002,finite_mle,joint_05169
B_insol65n,same_type_exponential_history;lr04_scaled;co2_scaled;mis6_segment;insol65n_scaled,6,True,True,,-107.19240760563028,226.38481521126056,,,53.0,165.87611700000002,finite_mle,joint_05169
BP_insol65n,same_type_exponential_history;lr04_scaled;co2_scaled;mis6_segment;pre_phase_sin;pre_phase_cos;insol65n_scaled,8,True,True,,-104.41071123808666,224.82142247617332,291.68746929449196,2.8935069838331353,53.0,165.87611700000002,finite_mle,joint_05169
B,same_type_exponential_history;lr04_scaled;co2_scaled;mis6_segment,5,True,True,,-110.12119995852376,230.24239991704752,,,53.0,159.09089000000003,finite_mle,joint_01257
BP,same_type_exponential_history;lr04_scaled;co2_scaled;mis6_segment;pre_phase_sin;pre_phase_cos,7,True,True,,-101.40554150564273,216.81108301128546,312.86751176938316,7.201839720999907,53.0,159.09089000000003,finite_mle,joint_01257
B_ecc,same_type_exponential_history;lr04_scaled;co2_scaled;mis6_segment;ecc_scaled,6,True,True,,-107.11774610511804,226.2354922102361,,,53.0,159.09089000000003,finite_mle,joint_01257
BP_ecc,same_type_exponential_history;lr04_scaled;co2_scaled;mis6_segment;pre_phase_sin;pre_phase_cos;ecc_scaled,8,True,True,,-99.31841279752868,214.63682559505736,310.09873873273125,6.511558625721728,53.0,159.09089000000003,finite_mle,joint_01257
B_obl,same_type_exponential_history;lr04_scaled;co2_scaled;mis6_segment;obl_scaled,6,True,True,,-110.11786109080037,232.23572218160075,,,53.0,159.09089000000003,finite_mle,joint_01257
BP_obl,same_type_exponential_history;lr04_scaled;co2_scaled;mis6_segment;pre_phase_sin;pre_phase_cos;obl_scaled,8,True,True,,-100.41924889268844,216.8384977853769,313.7696813100039,8.95649392296106,53.0,159.09089000000003,finite_mle,joint_01257
B_insol65n,same_type_exponential_history;lr04_scaled;co2_scaled;mis6_segment;insol65n_scaled,6,True,True,,-107.18504302371477,226.37008604742954,,,53.0,159.09089000000003,finite_mle,joint_01257
BP_insol65n,same_type_exponential_history;lr04_scaled;co2_scaled;mis6_segment;pre_phase_sin;pre_phase_cos;insol65n_scaled,8,True,True,,-100.93510990623099,217.87021981246198,300.4152551298611,5.750367689330952,53.0,159.09089000000003,finite_mle,joint_01257
B,same_type_exponential_history;lr04_scaled;co2_scaled;mis6_segment,5,True,True,,-111.52976896696245,233.0595379339249,,,53.0,170.03045400000002,finite_mle,joint_03473
BP,same_type_exponential_history;lr04_scaled;co2_scaled;mis6_segment;pre_phase_sin;pre_phase_cos,7,True,True,,-106.24075596678824,226.48151193357648,345.0573083210199,4.2315888871822,53.0,170.03045400000002,finite_mle,joint_03473
B_ecc,same_type_exponential_history;lr04_scaled;co2_scaled;mis6_segment;ecc_scaled,6,True,True,,-111.10429678093908,234.20859356187816,,,53.0,170.03045400000002,finite_mle,joint_03473
BP_ecc,same_type_exponential_history;lr04_scaled;co2_scaled;mis6_segment;pre_phase_sin;pre_phase_cos;ecc_scaled,8,True,True,,-106.21711928376428,228.43423856752855,345.05497880704604,4.124906213081863,53.0,170.03045400000002,finite_mle,joint_03473
B_obl,same_type_exponential_history;lr04_scaled;co2_scaled;mis6_segment;obl_scaled,6,True,True,,-111.507420649049,235.014841298098,,,53.0,170.03045400000002,finite_mle,joint_03473
BP_obl,same_type_exponential_history;lr04_scaled;co2_scaled;mis6_segment;pre_phase_sin;pre_phase_cos;obl_scaled,8,True,True,,-106.13283877218409,228.26567754436817,344.7017148690538,4.456747402120521,53.0,170.03045400000002,finite_mle,joint_03473
B_insol65n,same_type_exponential_history;lr04_scaled;co2_scaled;mis6_segment;insol65n_scaled,6,True,True,,-108.21944488695291,228.43888977390583,,,53.0,170.03045400000002,finite_mle,joint_03473
BP_insol65n,same_type_exponential_history;lr04_scaled;co2_scaled;mis6_segment;pre_phase_sin;pre_phase_cos;insol65n_scaled,8,True,True,,-106.15507345869315,228.3101469173863,342.19209009530044,3.510726058472797,53.0,170.03045400000002,finite_mle,joint_03473
B,same_type_exponential_history;lr04_scaled;co2_scaled;mis6_segment,5,True,True,,-111.56020584990681,233.12041169981362,,,53.0,163.92779000000002,finite_mle,joint_07670
BP,same_type_exponential_history;lr04_scaled;co2_scaled;mis6_segment;pre_phase_sin;pre_phase_cos,7,True,True,,-102.98430031120313,219.96860062240626,327.4528595498797,6.7194835711703575,53.0,163.92779000000002,finite_mle,joint_07670
B_ecc,same_type_exponential_history;lr04_scaled;co2_scaled;mis6_segment;ecc_scaled,6,True,True,,-108.76575449645118,229.53150899290236,,,53.0,163.92779000000002,finite_mle,joint_07670
BP_ecc,same_type_exponential_history;lr04_scaled;co2_scaled;mis6_segment;pre_phase_sin;pre_phase_cos;ecc_scaled,8,True,True,,-101.67782221490174,219.35564442980348,325.7897978663376,5.6408614865961955,53.0,163.92779000000002,finite_mle,joint_07670
B_obl,same_type_exponential_history;lr04_scaled;co2_scaled;mis6_segment;obl_scaled,6,True,True,,-111.47635016818563,234.95270033637127,,,53.0,163.92779000000002,finite_mle,joint_07670
BP_obl,same_type_exponential_history;lr04_scaled;co2_scaled;mis6_segment;pre_phase_sin;pre_phase_cos;obl_scaled,8,True,True,,-101.51370527273554,219.02741054547107,327.54022695300387,8.771566417738434,53.0,163.92779000000002,finite_mle,joint_07670
B_insol65n,same_type_exponential_history;lr04_scaled;co2_scaled;mis6_segment;insol65n_scaled,6,True,True,,-104.04161339978157,220.08322679956314,,,53.0,163.92779000000002,finite_mle,joint_07670
BP_insol65n,same_type_exponential_history;lr04_scaled;co2_scaled;mis6_segment;pre_phase_sin;pre_phase_cos;insol65n_scaled,8,True,True,,-99.9099513260305,215.819902652061,290.5182332267021,3.800798433854754,53.0,163.92779000000002,finite_mle,joint_07670
B,same_type_exponential_history;lr04_scaled;co2_scaled;mis6_segment,5,True,True,,-111.86502490113551,233.73004980227103,,,53.0,170.77499,finite_mle,joint_02218
BP,same_type_exponential_history;lr04_scaled;co2_scaled;mis6_segment;pre_phase_sin;pre_phase_cos,7,True,True,,-104.69012557956518,223.38025115913035,345.81310476214054,5.538824689848874,53.0,170.77499,finite_mle,joint_02218
B_ecc,same_type_exponential_history;lr04_scaled;co2_scaled;mis6_segment;ecc_scaled,6,True,True,,-111.40325338800105,234.8065067760021,,,53.0,170.77499,finite_mle,joint_02218
BP_ecc,same_type_exponential_history;lr04_scaled;co2_scaled;mis6_segment;pre_phase_sin;pre_phase_cos;ecc_scaled,8,True,True,,-104.67110068781463,225.34220137562926,345.76105197925165,5.413671555599673,53.0,170.77499,finite_mle,joint_02218
B_obl,same_type_exponential_history;lr04_scaled;co2_scaled;mis6_segment;obl_scaled,6,True,True,,-111.8498487734069,235.6996975468138,,,53.0,170.77499,finite_mle,joint_02218
BP_obl,same_type_exponential_history;lr04_scaled;co2_scaled;mis6_segment;pre_phase_sin;pre_phase_cos;obl_scaled,8,True,True,,-104.41702518857217,224.83405037714434,345.04573518755757,6.12557787227627,53.0,170.77499,finite_mle,joint_02218
B_insol65n,same_type_exponential_history;lr04_scaled;co2_scaled;mis6_segment;insol65n_scaled,6,True,True,,-106.56216033202261,225.12432066404523,,,53.0,170.77499,finite_mle,joint_02218
BP_insol65n,same_type_exponential_history;lr04_scaled;co2_scaled;mis6_segment;pre_phase_sin;pre_phase_cos;insol65n_scaled,8,True,True,,-104.21005757465126,224.42011514930252,338.8503143196956,3.664273129972895,53.0,170.77499,finite_mle,joint_02218
B,same_type_exponential_history;lr04_scaled;co2_scaled;mis6_segment,5,True,True,,-111.12370933998743,232.24741867997486,,,53.0,165.47288000000003,finite_mle,joint_00563
BP,same_type_exponential_history;lr04_scaled;co2_scaled;mis6_segment;pre_phase_sin;pre_phase_cos,7,True,True,,-100.82209541255261,215.64419082510523,321.3955700582981,8.286617477380354,53.0,165.47288000000003,finite_mle,joint_00563
B_ecc,same_type_exponential_history;lr04_scaled;co2_scaled;mis6_segment;ecc_scaled,6,True,True,,-108.41473197941735,228.8294639588347,,,53.0,165.47288000000003,finite_mle,joint_00563
BP_ecc,same_type_exponential_history;lr04_scaled;co2_scaled;mis6_segment;pre_phase_sin;pre_phase_cos;ecc_scaled,8,True,True,,-99.63180237062855,215.2636047412571,319.3182234603855,7.042795958379904,53.0,165.47288000000003,finite_mle,joint_00563
B_obl,same_type_exponential_history;lr04_scaled;co2_scaled;mis6_segment;obl_scaled,6,True,True,,-111.06881655557876,234.13763311115753,,,53.0,165.47288000000003,finite_mle,joint_00563
BP_obl,same_type_exponential_history;lr04_scaled;co2_scaled;mis6_segment;pre_phase_sin;pre_phase_cos;obl_scaled,8,True,True,,-99.48043771962645,214.9608754392529,321.7942095971955,10.378083250441257,53.0,165.47288000000003,finite_mle,joint_00563
B_insol65n,same_type_exponential_history;lr04_scaled;co2_scaled;mis6_segment;insol65n_scaled,6,True,True,,-104.33496846670434,220.66993693340868,,,53.0,165.47288000000003,finite_mle,joint_00563
BP_insol65n,same_type_exponential_history;lr04_scaled;co2_scaled;mis6_segment;pre_phase_sin;pre_phase_cos;insol65n_scaled,8,True,True,,-98.44608163439925,212.8921632687985,293.3340407148761,5.0834035860625715,53.0,165.47288000000003,finite_mle,joint_00563
B,same_type_exponential_history;lr04_scaled;co2_scaled;mis6_segment,5,True,True,,-111.77319168073791,233.54638336147582,,,53.0,169.69385400000004,finite_mle,joint_05538
BP,same_type_exponential_history;lr04_scaled;co2_scaled;mis6_segment;pre_phase_sin;pre_phase_cos,7,True,True,,-104.15650802380992,222.31301604761984,338.4922482024663,5.80919736855136,53.0,169.69385400000004,finite_mle,joint_05538
B_ecc,same_type_exponential_history;lr04_scaled;co2_scaled;mis6_segment;ecc_scaled,6,True,True,,-110.90821074325002,233.81642148650005,,,53.0,169.69385400000004,finite_mle,joint_05538
BP_ecc,same_type_exponential_history;lr04_scaled;co2_scaled;mis6_segment;pre_phase_sin;pre_phase_cos;ecc_scaled,8,True,True,,-104.02506810949205,224.0501362189841,338.07013105102305,5.473697664946386,53.0,169.69385400000004,finite_mle,joint_05538
B_obl,same_type_exponential_history;lr04_scaled;co2_scaled;mis6_segment;obl_scaled,6,True,True,,-111.76520802153213,235.53041604306426,,,53.0,169.69385400000004,finite_mle,joint_05538
BP_obl,same_type_exponential_history;lr04_scaled;co2_scaled;mis6_segment;pre_phase_sin;pre_phase_cos;obl_scaled,8,True,True,,-103.83537749905545,223.6707549981109,337.9810470097428,6.443690780783006,53.0,169.69385400000004,finite_mle,joint_05538
B_insol65n,same_type_exponential_history;lr04_scaled;co2_scaled;mis6_segment;insol65n_scaled,6,True,True,,-106.19834783933666,224.39669567867332,,,53.0,169.69385400000004,finite_mle,joint_05538
BP_insol65n,same_type_exponential_history;lr04_scaled;co2_scaled;mis6_segment;pre_phase_sin;pre_phase_cos;insol65n_scaled,8,True,True,,-103.46028937051466,222.92057874102932,326.7683447382466,3.6745016020019134,53.0,169.69385400000004,finite_mle,joint_05538
B,same_type_exponential_history;lr04_scaled;co2_scaled;mis6_segment,5,True,True,,-111.52564677271681,233.05129354543362,,,53.0,163.92986100000005,finite_mle,joint_08381
BP,same_type_exponential_history;lr04_scaled;co2_scaled;mis6_segment;pre_phase_sin;pre_phase_cos,7,True,True,,-102.81044559924175,219.6208911984835,322.9291186506588,6.762137084835275,53.0,163.92986100000005,finite_mle,joint_08381
B_ecc,same_type_exponential_history;lr04_scaled;co2_scaled;mis6_segment;ecc_scaled,6,True,True,,-108.4949135649339,228.9898271298678,,,53.0,163.92986100000005,finite_mle,joint_08381
BP_ecc,same_type_exponential_history;lr04_scaled;co2_scaled;mis6_segment;pre_phase_sin;pre_phase_cos;ecc_scaled,8,True,True,,-101.31153637944018,218.62307275888037,320.2863961516936,5.66838517335965,53.0,163.92986100000005,finite_mle,joint_08381
B_obl,same_type_exponential_history;lr04_scaled;co2_scaled;mis6_segment;obl_scaled,6,True,True,,-111.43790792320593,234.87581584641185,,,53.0,163.92986100000005,finite_mle,joint_08381
BP_obl,same_type_exponential_history;lr04_scaled;co2_scaled;mis6_segment;pre_phase_sin;pre_phase_cos;obl_scaled,8,True,True,,-101.38714709034303,218.77429418068607,323.17438648408347,8.650465628129407,53.0,163.92986100000005,finite_mle,joint_08381
B_insol65n,same_type_exponential_history;lr04_scaled;co2_scaled;mis6_segment;insol65n_scaled,6,True,True,,-104.8930696185131,221.7861392370262,,,53.0,163.92986100000005,finite_mle,joint_08381
BP_insol65n,same_type_exponential_history;lr04_scaled;co2_scaled;mis6_segment;pre_phase_sin;pre_phase_cos;insol65n_scaled,8,True,True,,-100.11336418666359,216.22672837332718,286.97962104221835,4.187784837230521,53.0,163.92986100000005,finite_mle,joint_08381
B,same_type_exponential_history;lr04_scaled;co2_scaled;mis6_segment,5,True,True,,-111.24826314781035,232.4965262956207,,,53.0,166.18376300000003,finite_mle,joint_06495
BP,same_type_exponential_history;lr04_scaled;co2_scaled;mis6_segment;pre_phase_sin;pre_phase_cos,7,True,True,,-102.0702915769902,218.1405831539804,329.157791370904,7.449318201658474,53.0,166.18376300000003,finite_mle,joint_06495
B_ecc,same_type_exponential_history;lr04_scaled;co2_scaled;mis6_segment;ecc_scaled,6,True,True,,-109.18520888239846,230.3704177647969,,,53.0,166.18376300000003,finite_mle,joint_06495
BP_ecc,same_type_exponential_history;lr04_scaled;co2_scaled;mis6_segment;pre_phase_sin;pre_phase_cos;ecc_scaled,8,True,True,,-101.39582526692583,218.79165053385165,327.7875852523639,6.477199568252704,53.0,166.18376300000003,finite_mle,joint_06495
B_obl,same_type_exponential_history;lr04_scaled;co2_scaled;mis6_segment;obl_scaled,6,True,True,,-111.21877913646316,234.4375582729263,,,53.0,166.18376300000003,finite_mle,joint_06495
BP_obl,same_type_exponential_history;lr04_scaled;co2_scaled;mis6_segment;pre_phase_sin;pre_phase_cos;obl_scaled,8,True,True,,-101.08520630346578,218.17041260693156,329.2108831436152,9.156297953541412,53.0,166.18376300000003,finite_mle,joint_06495
B_insol65n,same_type_exponential_history;lr04_scaled;co2_scaled;mis6_segment;insol65n_scaled,6,True,True,,-103.8139235110616,219.6278470221232,,,53.0,166.18376300000003,finite_mle,joint_06495
BP_insol65n,same_type_exponential_history;lr04_scaled;co2_scaled;mis6_segment;pre_phase_sin;pre_phase_cos;insol65n_scaled,8,True,True,,-99.804481947857,215.608963895714,302.0395618016605,4.074715601588975,53.0,166.18376300000003,finite_mle,joint_06495
B,same_type_exponential_history;lr04_scaled;co2_scaled;mis6_segment,5,True,True,,-111.22674475032997,232.45348950065994,,,53.0,166.58033300000005,finite_mle,joint_08320
BP,same_type_exponential_history;lr04_scaled;co2_scaled;mis6_segment;pre_phase_sin;pre_phase_cos,7,True,True,,-101.2497750246824,216.4995500493648,324.227730679698,8.153692856558495,53.0,166.58033300000005,finite_mle,joint_08320
B_ecc,same_type_exponential_history;lr04_scaled;co2_scaled;mis6_segment;ecc_scaled,6,True,True,,-108.30751883611678,228.61503767223357,,,53.0,166.58033300000005,finite_mle,joint_08320
BP_ecc,same_type_exponential_history;lr04_scaled;co2_scaled;mis6_segment;pre_phase_sin;pre_phase_cos;ecc_scaled,8,True,True,,-99.94559861283611,215.89119722567222,321.5822564152443,6.848614395329167,53.0,166.58033300000005,finite_mle,joint_08320
B_obl,same_type_exponential_history;lr04_scaled;co2_scaled;mis6_segment;obl_scaled,6,True,True,,-111.19675329000867,234.39350658001734,,,53.0,166.58033300000005,finite_mle,joint_08320
BP_obl,same_type_exponential_history;lr04_scaled;co2_scaled;mis6_segment;pre_phase_sin;pre_phase_cos;obl_scaled,8,True,True,,-100.07006029167752,216.14012058335504,324.2654070285647,10.255942521845487,53.0,166.58033300000005,finite_mle,joint_08320
B_insol65n,same_type_exponential_history;lr04_scaled;co2_scaled;mis6_segment;insol65n_scaled,6,True,True,,-104.69586060859463,221.39172121718926,,,53.0,166.58033300000005,finite_mle,joint_08320
BP_insol65n,same_type_exponential_history;lr04_scaled;co2_scaled;mis6_segment;pre_phase_sin;pre_phase_cos;insol65n_scaled,8,True,True,,-99.45638594314252,214.91277188628504,300.8320784075495,4.992771998404366,53.0,166.58033300000005,finite_mle,joint_08320
B,same_type_exponential_history;lr04_scaled;co2_scaled;mis6_segment,5,True,True,,-110.80694638725541,231.61389277451082,,,53.0,163.30814800000005,finite_mle,joint_05982
BP,same_type_exponential_history;lr04_scaled;co2_scaled;mis6_segment;pre_phase_sin;pre_phase_cos,7,True,True,,-103.04065382005416,220.08130764010832,327.1490887043344,6.197093058904937,53.0,163.30814800000005,finite_mle,joint_05982
B_ecc,same_type_exponential_history;lr04_scaled;co2_scaled;mis6_segment;ecc_scaled,6,True,True,,-108.55976167052577,229.11952334105155,,,53.0,163.30814800000005,finite_mle,joint_05982
BP_ecc,same_type_exponential_history;lr04_scaled;co2_scaled;mis6_segment;pre_phase_sin;pre_phase_cos;ecc_scaled,8,True,True,,-101.86538502905765,219.7307700581153,325.5149091174352,5.3962267169593305,53.0,163.30814800000005,finite_mle,joint_05982
B_obl,same_type_exponential_history;lr04_scaled;co2_scaled;mis6_segment;obl_scaled,6,True,True,,-110.74997754566007,233.49995509132015,,,53.0,163.30814800000005,finite_mle,joint_05982
BP_obl,same_type_exponential_history;lr04_scaled;co2_scaled;mis6_segment;pre_phase_sin;pre_phase_cos;obl_scaled,8,True,True,,-101.74091709341258,219.48183418682515,327.0269871466503,7.977684597039828,53.0,163.30814800000005,finite_mle,joint_05982
B_insol65n,same_type_exponential_history;lr04_scaled;co2_scaled;mis6_segment;insol65n_scaled,6,True,True,,-105.38792211379499,222.77584422758997,,,53.0,163.30814800000005,finite_mle,joint_05982
BP_insol65n,same_type_exponential_history;lr04_scaled;co2_scaled;mis6_segment;pre_phase_sin;pre_phase_cos;insol65n_scaled,8,True,True,,-101.63777858713274,219.2755571742655,304.79919813584524,3.872126520832411,53.0,163.30814800000005,finite_mle,joint_05982
B,same_type_exponential_history;lr04_scaled;co2_scaled;mis6_segment,5,True,True,,-110.53645016627033,231.07290033254066,,,53.0,165.36266200000006,finite_mle,joint_08638
BP,same_type_exponential_history;lr04_scaled;co2_scaled;mis6_segment;pre_phase_sin;pre_phase_cos,7,True,True,,-103.63055554799067,221.26111109598133,330.64068608776506,5.251684175444713,53.0,165.36266200000006,finite_mle,joint_08638
B_ecc,same_type_exponential_history;lr04_scaled;co2_scaled;mis6_segment;ecc_scaled,6,True,True,,-109.64859038716303,231.29718077432605,,,53.0,165.36266200000006,finite_mle,joint_08638
BP_ecc,same_type_exponential_history;lr04_scaled;co2_scaled;mis6_segment;pre_phase_sin;pre_phase_cos;ecc_scaled,8,True,True,,-103.4868250948291,222.9736501896582,329.7838344977547,4.931816681030744,53.0,165.36266200000006,finite_mle,joint_08638
B_obl,same_type_exponential_history;lr04_scaled;co2_scaled;mis6_segment;obl_scaled,6,True,True,,-110.50786775147509,233.01573550295018,,,53.0,165.36266200000006,finite_mle,joint_08638
BP_obl,same_type_exponential_history;lr04_scaled;co2_scaled;mis6_segment;pre_phase_sin;pre_phase_cos;obl_scaled,8,True,True,,-102.80119568888867,221.60239137777734,330.59021963030506,6.296636554769118,53.0,165.36266200000006,finite_mle,joint_08638
B_insol65n,same_type_exponential_history;lr04_scaled;co2_scaled;mis6_segment;insol65n_scaled,6,True,True,,-104.86891901251788,221.73783802503576,,,53.0,165.36266200000006,finite_mle,joint_08638
BP_insol65n,same_type_exponential_history;lr04_scaled;co2_scaled;mis6_segment;pre_phase_sin;pre_phase_cos;insol65n_scaled,8,True,True,,-102.12806593389666,220.25613186779333,305.52564036028417,3.112130892489606,53.0,165.36266200000006,finite_mle,joint_08638
B,same_type_exponential_history;lr04_scaled;co2_scaled;mis6_segment,5,True,True,,-110.92567379141144,231.85134758282288,,,53.0,166.29417500000002,finite_mle,joint_06573
BP,same_type_exponential_history;lr04_scaled;co2_scaled;mis6_segment;pre_phase_sin;pre_phase_cos,7,True,True,,-105.13384950742662,224.26769901485324,331.54552064051114,4.588826113124645,53.0,166.29417500000002,finite_mle,joint_06573
B_ecc,same_type_exponential_history;lr04_scaled;co2_scaled;mis6_segment;ecc_scaled,6,True,True,,-110.26900077644231,232.53800155288462,,,53.0,166.29417500000002,finite_mle,joint_06573
BP_ecc,same_type_exponential_history;lr04_scaled;co2_scaled;mis6_segment;pre_phase_sin;pre_phase_cos;ecc_scaled,8,True,True,,-105.04502609771967,226.09005219543934,331.0209521618411,4.371809644014448,53.0,166.29417500000002,finite_mle,joint_06573
B_obl,same_type_exponential_history;lr04_scaled;co2_scaled;mis6_segment;obl_scaled,6,True,True,,-110.92561731426325,233.8512346285265,,,53.0,166.29417500000002,finite_mle,joint_06573
BP_obl,same_type_exponential_history;lr04_scaled;co2_scaled;mis6_segment;pre_phase_sin;pre_phase_cos;obl_scaled,8,True,True,,-104.75648024872072,225.51296049744144,331.7555624840938,5.11880969440978,53.0,166.29417500000002,finite_mle,joint_06573
B_insol65n,same_type_exponential_history;lr04_scaled;co2_scaled;mis6_segment;insol65n_scaled,6,True,True,,-107.12751051504321,226.25502103008643,,,53.0,166.29417500000002,finite_mle,joint_06573
BP_insol65n,same_type_exponential_history;lr04_scaled;co2_scaled;mis6_segment;pre_phase_sin;pre_phase_cos;insol65n_scaled,8,True,True,,-104.65157757558117,225.30315515116234,319.6146272738954,3.2399690708017794,53.0,166.29417500000002,finite_mle,joint_06573
B,same_type_exponential_history;lr04_scaled;co2_scaled;mis6_segment,5,True,True,,-110.52128010543208,231.04256021086417,,,53.0,167.412999,finite_mle,joint_09553
BP,same_type_exponential_history;lr04_scaled;co2_scaled;mis6_segment;pre_phase_sin;pre_phase_cos,7,True,True,,-102.98603293351252,219.97206586702504,326.7460130863572,5.886016753833625,53.0,167.412999,finite_mle,joint_09553
B_ecc,same_type_exponential_history;lr04_scaled;co2_scaled;mis6_segment;ecc_scaled,6,True,True,,-109.19086464612252,230.38172929224504,,,53.0,167.412999,finite_mle,joint_09553
BP_ecc,same_type_exponential_history;lr04_scaled;co2_scaled;mis6_segment;pre_phase_sin;pre_phase_cos;ecc_scaled,8,True,True,,-102.64000117812645,221.2800023562529,325.43406876175044,5.343238986209194,53.0,167.412999,finite_mle,joint_09553
B_obl,same_type_exponential_history;lr04_scaled;co2_scaled;mis6_segment;obl_scaled,6,True,True,,-110.50084262314729,233.00168524629458,,,53.0,167.412999,finite_mle,joint_09553
BP_obl,same_type_exponential_history;lr04_scaled;co2_scaled;mis6_segment;pre_phase_sin;pre_phase_cos;obl_scaled,8,True,True,,-102.26777845043952,220.53555690087904,327.1539217126961,6.870350399223385,53.0,167.412999,finite_mle,joint_09553
B_insol65n,same_type_exponential_history;lr04_scaled;co2_scaled;mis6_segment;insol65n_scaled,6,True,True,,-105.26606386024096,222.53212772048192,,,53.0,167.412999,finite_mle,joint_09553
BP_insol65n,same_type_exponential_history;lr04_scaled;co2_scaled;mis6_segment;pre_phase_sin;pre_phase_cos;insol65n_scaled,8,True,True,,-101.86829411995276,219.73658823990553,307.49528783954025,3.741540766635189,53.0,167.412999,finite_mle,joint_09553
B,same_type_exponential_history;lr04_scaled;co2_scaled;mis6_segment,5,True,True,,-110.80144674779584,231.60289349559167,,,53.0,164.063444,finite_mle,joint_03221
BP,same_type_exponential_history;lr04_scaled;co2_scaled;mis6_segment;pre_phase_sin;pre_phase_cos,7,True,True,,-104.06194600159154,222.12389200318307,324.0804017623219,5.183484183273006,53.0,164.063444,finite_mle,joint_03221
B_ecc,same_type_exponential_history;lr04_scaled;co2_scaled;mis6_segment;ecc_scaled,6,True,True,,-109.1123597515026,230.2247195030052,,,53.0,164.063444,finite_mle,joint_03221
BP_ecc,same_type_exponential_history;lr04_scaled;co2_scaled;mis6_segment;pre_phase_sin;pre_phase_cos;ecc_scaled,8,True,True,,-103.4618808116816,222.9237616233632,322.19806700341064,4.5890046966638725,53.0,164.063444,finite_mle,joint_03221
B_obl,same_type_exponential_history;lr04_scaled;co2_scaled;mis6_segment;obl_scaled,6,True,True,,-110.73267413961922,233.46534827923844,,,53.0,164.063444,finite_mle,joint_03221
BP_obl,same_type_exponential_history;lr04_scaled;co2_scaled;mis6_segment;pre_phase_sin;pre_phase_cos;obl_scaled,8,True,True,,-103.12031299558063,222.24062599116127,324.69844860978594,6.191712963893688,53.0,164.063444,finite_mle,joint_03221
B_insol65n,same_type_exponential_history;lr04_scaled;co2_scaled;mis6_segment;insol65n_scaled,6,True,True,,-105.81169739808091,223.62339479616182,,,53.0,164.063444,finite_mle,joint_03221
BP_insol65n,same_type_exponential_history;lr04_scaled;co2_scaled;mis6_segment;pre_phase_sin;pre_phase_cos;insol65n_scaled,8,True,True,,-102.59463323429155,221.1892664685831,297.0093428640616,3.3144760212358526,53.0,164.063444,finite_mle,joint_03221
B,same_type_exponential_history;lr04_scaled;co2_scaled;mis6_segment,5,True,True,,-110.25359442094708,230.50718884189416,,,53.0,163.714738,finite_mle,joint_08757
BP,same_type_exponential_history;lr04_scaled;co2_scaled;mis6_segment;pre_phase_sin;pre_phase_cos,7,True,True,,-102.12561691045212,218.25123382090425,328.47840485178665,6.452622287040937,53.0,163.714738,finite_mle,joint_08757
B_ecc,same_type_exponential_history;lr04_scaled;co2_scaled;mis6_segment;ecc_scaled,6,True,True,,-107.91066761057297,227.82133522114594,,,53.0,163.714738,finite_mle,joint_08757
BP_ecc,same_type_exponential_history;lr04_scaled;co2_scaled;mis6_segment;pre_phase_sin;pre_phase_cos;ecc_scaled,8,True,True,,-101.21762223740339,218.43524447480678,326.73816398101883,5.510556272510876,53.0,163.714738,finite_mle,joint_08757
B_obl,same_type_exponential_history;lr04_scaled;co2_scaled;mis6_segment;obl_scaled,6,True,True,,-110.17625844607764,232.35251689215528,,,53.0,163.714738,finite_mle,joint_08757
BP_obl,same_type_exponential_history;lr04_scaled;co2_scaled;mis6_segment;pre_phase_sin;pre_phase_cos;obl_scaled,8,True,True,,-100.77604765195807,217.55209530391613,328.4777516053013,8.398119626101858,53.0,163.714738,finite_mle,joint_08757
B_insol65n,same_type_exponential_history;lr04_scaled;co2_scaled;mis6_segment;insol65n_scaled,6,True,True,,-103.10473389476658,218.20946778953316,,,53.0,163.714738,finite_mle,joint_08757
BP_insol65n,same_type_exponential_history;lr04_scaled;co2_scaled;mis6_segment;pre_phase_sin;pre_phase_cos;insol65n_scaled,8,True,True,,-99.47077786560814,214.94155573121628,294.70485782076287,3.605097969167699,53.0,163.714738,finite_mle,joint_08757
B,same_type_exponential_history;lr04_scaled;co2_scaled;mis6_segment,5,True,True,,-111.03890870048036,232.07781740096073,,,53.0,165.10169800000006,finite_mle,joint_00766
BP,same_type_exponential_history;lr04_scaled;co2_scaled;mis6_segment;pre_phase_sin;pre_phase_cos,7,True,True,,-102.92426223782105,219.8485244756421,334.4037566607067,6.230275078867471,53.0,165.10169800000006,finite_mle,joint_00766
B_ecc,same_type_exponential_history;lr04_scaled;co2_scaled;mis6_segment;ecc_scaled,6,True,True,,-109.73755943339728,231.47511886679456,,,53.0,165.10169800000006,finite_mle,joint_00766
BP_ecc,same_type_exponential_history;lr04_scaled;co2_scaled;mis6_segment;pre_phase_sin;pre_phase_cos;ecc_scaled,8,True,True,,-102.61038279752256,221.22076559504512,333.66658688734225,5.682734168801373,53.0,165.10169800000006,finite_mle,joint_00766
B_obl,same_type_exponential_history;lr04_scaled;co2_scaled;mis6_segment;obl_scaled,6,True,True,,-111.01821651124351,234.03643302248702,,,53.0,165.10169800000006,finite_mle,joint_00766
BP_obl,same_type_exponential_history;lr04_scaled;co2_scaled;mis6_segment;pre_phase_sin;pre_phase_cos;obl_scaled,8,True,True,,-102.65830553474693,221.31661106949386,334.3536860676492,6.831046545911311,53.0,165.10169800000006,finite_mle,joint_00766
B_insol65n,same_type_exponential_history;lr04_scaled;co2_scaled;mis6_segment;insol65n_scaled,6,True,True,,-105.91188041776792,223.82376083553584,,,53.0,165.10169800000006,finite_mle,joint_00766
BP_insol65n,same_type_exponential_history;lr04_scaled;co2_scaled;mis6_segment;pre_phase_sin;pre_phase_cos;insol65n_scaled,8,True,True,,-102.4814263423722,220.9628526847444,325.45532338311057,4.333197487035449,53.0,165.10169800000006,finite_mle,joint_00766
B,same_type_exponential_history;lr04_scaled;co2_scaled;mis6_segment,5,True,True,,-110.79109240776367,231.58218481552734,,,53.0,162.77503100000004,finite_mle,joint_09165
BP,same_type_exponential_history;lr04_scaled;co2_scaled;mis6_segment;pre_phase_sin;pre_phase_cos,7,True,True,,-101.31223199724036,216.62446399448072,319.5244230987569,7.684752471466351,53.0,162.77503100000004,finite_mle,joint_09165
B_ecc,same_type_exponential_history;lr04_scaled;co2_scaled;mis6_segment;ecc_scaled,6,True,True,,-108.76507126186391,229.53014252372782,,,53.0,162.77503100000004,finite_mle,joint_09165
BP_ecc,same_type_exponential_history;lr04_scaled;co2_scaled;mis6_segment;pre_phase_sin;pre_phase_cos;ecc_scaled,8,True,True,,-100.400984611137,216.801969222274,317.9000756644717,6.810473055959232,53.0,162.77503100000004,finite_mle,joint_09165
B_obl,same_type_exponential_history;lr04_scaled;co2_scaled;mis6_segment;obl_scaled,6,True,True,,-110.75707478955901,233.51414957911803,,,53.0,162.77503100000004,finite_mle,joint_09165
BP_obl,same_type_exponential_history;lr04_scaled;co2_scaled;mis6_segment;pre_phase_sin;pre_phase_cos;obl_scaled,8,True,True,,-99.98672401359273,215.97344802718547,320.2318400525384,9.852734912546541,53.0,162.77503100000004,finite_mle,joint_09165
B_insol65n,same_type_exponential_history;lr04_scaled;co2_scaled;mis6_segment;insol65n_scaled,6,True,True,,-105.07264205873318,222.14528411746636,,,53.0,162.77503100000004,finite_mle,joint_09165
BP_insol65n,same_type_exponential_history;lr04_scaled;co2_scaled;mis6_segment;pre_phase_sin;pre_phase_cos;insol65n_scaled,8,True,True,,-99.36286378529034,214.7257275705807,294.0230516778523,5.104208206805668,53.0,162.77503100000004,finite_mle,joint_09165
B,same_type_exponential_history;lr04_scaled;co2_scaled;mis6_segment,5,True,True,,-110.65585262467556,231.31170524935112,,,53.0,166.53830900000003,finite_mle,joint_02359
BP,same_type_exponential_history;lr04_scaled;co2_scaled;mis6_segment;pre_phase_sin;pre_phase_cos,7,True,True,,-102.82251633606745,219.6450326721349,335.2924057596971,6.112887693329413,53.0,166.53830900000003,finite_mle,joint_02359
B_ecc,same_type_exponential_history;lr04_scaled;co2_scaled;mis6_segment;ecc_scaled,6,True,True,,-109.4514533080226,230.9029066160452,,,53.0,166.53830900000003,finite_mle,joint_02359
BP_ecc,same_type_exponential_history;lr04_scaled;co2_scaled;mis6_segment;pre_phase_sin;pre_phase_cos;ecc_scaled,8,True,True,,-102.54927242777208,221.09854485554416,334.5333325711626,5.589552816236183,53.0,166.53830900000003,finite_mle,joint_02359
B_obl,same_type_exponential_history;lr04_scaled;co2_scaled;mis6_segment;obl_scaled,6,True,True,,-110.63342060286999,233.26684120573998,,,53.0,166.53830900000003,finite_mle,joint_02359
BP_obl,same_type_exponential_history;lr04_scaled;co2_scaled;mis6_segment;pre_phase_sin;pre_phase_cos;obl_scaled,8,True,True,,-102.02304169567147,220.04608339134293,335.0121819735994,7.296691622024898,53.0,166.53830900000003,finite_mle,joint_02359
B_insol65n,same_type_exponential_history;lr04_scaled;co2_scaled;mis6_segment;insol65n_scaled,6,True,True,,-104.55085956468326,221.10171912936653,,,53.0,166.53830900000003,finite_mle,joint_02359
BP_insol65n,same_type_exponential_history;lr04_scaled;co2_scaled;mis6_segment;pre_phase_sin;pre_phase_cos;insol65n_scaled,8,True,True,,-101.75083353158891,219.50166706317782,319.54888970981904,3.5819832662997557,53.0,166.53830900000003,finite_mle,joint_02359
B,same_type_exponential_history;lr04_scaled;co2_scaled;mis6_segment,5,True,True,,-110.43591884834838,230.87183769669676,,,53.0,165.08254800000003,finite_mle,joint_03699
BP,same_type_exponential_history;lr04_scaled;co2_scaled;mis6_segment;pre_phase_sin;pre_phase_cos,7,True,True,,-103.07610774018019,220.15221548036038,325.67769409802196,5.696722877045092,53.0,165.08254800000003,finite_mle,joint_03699
B_ecc,same_type_exponential_history;lr04_scaled;co2_scaled;mis6_segment;ecc_scaled,6,True,True,,-108.34608300885995,228.6921660177199,,,53.0,165.08254800000003,finite_mle,joint_03699
BP_ecc,same_type_exponential_history;lr04_scaled;co2_scaled;mis6_segment;pre_phase_sin;pre_phase_cos;ecc_scaled,8,True,True,,-102.26204825719574,220.5240965143915,323.160889934545,4.944059108927152,53.0,165.08254800000003,finite_mle,joint_03699
B_obl,same_type_exponential_history;lr04_scaled;co2_scaled;mis6_segment;obl_scaled,6,True,True,,-110.43324564164428,232.86649128328855,,,53.0,165.08254800000003,finite_mle,joint_03699
BP_obl,same_type_exponential_history;lr04_scaled;co2_scaled;mis6_segment;pre_phase_sin;pre_phase_cos;obl_scaled,8,True,True,,-102.5059717404641,221.0119434809282,325.94178626998615,6.563775859562919,53.0,165.08254800000003,finite_mle,joint_03699
B_insol65n,same_type_exponential_history;lr04_scaled;co2_scaled;mis6_segment;insol65n_scaled,6,True,True,,-105.38441450423267,222.76882900846533,,,53.0,165.08254800000003,finite_mle,joint_03699
BP_insol65n,same_type_exponential_history;lr04_scaled;co2_scaled;mis6_segment;pre_phase_sin;pre_phase_cos;insol65n_scaled,8,True,True,,-101.88808044429325,219.7761608885865,304.0254535833012,3.6469108607027114,53.0,165.08254800000003,finite_mle,joint_03699
B,same_type_exponential_history;lr04_scaled;co2_scaled;mis6_segment,5,True,True,,-111.28682096280951,232.57364192561903,,,53.0,164.97469700000005,finite_mle,joint_02115
BP,same_type_exponential_history;lr04_scaled;co2_scaled;mis6_segment;pre_phase_sin;pre_phase_cos,7,True,True,,-102.91882466297251,219.83764932594502,331.4206207202595,6.4738024109506025,53.0,164.97469700000005,finite_mle,joint_02115
B_ecc,same_type_exponential_history;lr04_scaled;co2_scaled;mis6_segment;ecc_scaled,6,True,True,,-109.86540596389474,231.7308119277895,,,53.0,164.97469700000005,finite_mle,joint_02115
BP_ecc,same_type_exponential_history;lr04_scaled;co2_scaled;mis6_segment;pre_phase_sin;pre_phase_cos;ecc_scaled,8,True,True,,-102.53771684215126,221.0754336843025,330.4096802120457,5.831871254277085,53.0,164.97469700000005,finite_mle,joint_02115
B_obl,same_type_exponential_history;lr04_scaled;co2_scaled;mis6_segment;obl_scaled,6,True,True,,-111.27983916375769,234.55967832751537,,,53.0,164.97469700000005,finite_mle,joint_02115
BP_obl,same_type_exponential_history;lr04_scaled;co2_scaled;mis6_segment;pre_phase_sin;pre_phase_cos;obl_scaled,8,True,True,,-102.09988125219337,220.19976250438674,331.2192204509578,7.770167625066971,53.0,164.97469700000005,finite_mle,joint_02115
B_insol65n,same_type_exponential_history;lr04_scaled;co2_scaled;mis6_segment;insol65n_scaled,6,True,True,,-104.95798360335112,221.91596720670225,,,53.0,164.97469700000005,finite_mle,joint_02115
BP_insol65n,same_type_exponential_history;lr04_scaled;co2_scaled;mis6_segment;pre_phase_sin;pre_phase_cos;insol65n_scaled,8,True,True,,-101.43922000970366,218.87844001940732,310.239280525114,3.78082170021509,53.0,164.97469700000005,finite_mle,joint_02115
B,same_type_exponential_history;lr04_scaled;co2_scaled;mis6_segment,5,True,True,,-111.03803418514265,232.0760683702853,,,53.0,168.678784,finite_mle,joint_03897
BP,same_type_exponential_history;lr04_scaled;co2_scaled;mis6_segment;pre_phase_sin;pre_phase_cos,7,True,True,,-105.68166678481126,225.3633335696225,346.58607048305,4.275009586904995,53.0,168.678784,finite_mle,joint_03897
B_ecc,same_type_exponential_history;lr04_scaled;co2_scaled;mis6_segment;ecc_scaled,6,True,True,,-110.28891594309309,232.57783188618617,,,53.0,168.678784,finite_mle,joint_03897
BP_ecc,same_type_exponential_history;lr04_scaled;co2_scaled;mis6_segment;pre_phase_sin;pre_phase_cos;ecc_scaled,8,True,True,,-105.49137391602503,226.98274783205005,346.3260814119018,4.008585770839124,53.0,168.678784,finite_mle,joint_03897
B_obl,same_type_exponential_history;lr04_scaled;co2_scaled;mis6_segment;obl_scaled,6,True,True,,-111.03394605459428,234.06789210918856,,,53.0,168.678784,finite_mle,joint_03897
BP_obl,same_type_exponential_history;lr04_scaled;co2_scaled;mis6_segment;pre_phase_sin;pre_phase_cos;obl_scaled,8,True,True,,-105.2715222996228,226.5430445992456,345.4039835065117,4.820680981466142,53.0,168.678784,finite_mle,joint_03897
B_insol65n,same_type_exponential_history;lr04_scaled;co2_scaled;mis6_segment;insol65n_scaled,6,True,True,,-106.93573595166362,225.87147190332723,,,53.0,168.678784,finite_mle,joint_03897
BP_insol65n,same_type_exponential_history;lr04_scaled;co2_scaled;mis6_segment;pre_phase_sin;pre_phase_cos;insol65n_scaled,8,True,True,,-105.32168844353538,226.64337688707076,339.6726553238966,2.9455873206865966,53.0,168.678784,finite_mle,joint_03897
B,same_type_exponential_history;lr04_scaled;co2_scaled;mis6_segment,5,True,True,,-111.53030391701844,233.0606078340369,,,53.0,166.165862,finite_mle,joint_06064
BP,same_type_exponential_history;lr04_scaled;co2_scaled;mis6_segment;pre_phase_sin;pre_phase_cos,7,True,True,,-101.35596786505502,216.71193573011004,326.02997662799714,8.238319094759467,53.0,166.165862,finite_mle,joint_06064
B_ecc,same_type_exponential_history;lr04_scaled;co2_scaled;mis6_segment;ecc_scaled,6,True,True,,-109.1312534866461,230.2625069732922,,,53.0,166.165862,finite_mle,joint_06064
BP_ecc,same_type_exponential_history;lr04_scaled;co2_scaled;mis6_segment;pre_phase_sin;pre_phase_cos;ecc_scaled,8,True,True,,-100.46926896207646,216.9385379241529,324.1997109224518,7.107897518612284,53.0,166.165862,finite_mle,joint_06064
B_obl,same_type_exponential_history;lr04_scaled;co2_scaled;mis6_segment;obl_scaled,6,True,True,,-111.52464258929183,235.04928517858366,,,53.0,166.165862,finite_mle,joint_06064
BP_obl,same_type_exponential_history;lr04_scaled;co2_scaled;mis6_segment;pre_phase_sin;pre_phase_cos;obl_scaled,8,True,True,,-100.53716149168349,217.07432298336698,326.16726711165825,9.806003451953805,53.0,166.165862,finite_mle,joint_06064
B_insol65n,same_type_exponential_history;lr04_scaled;co2_scaled;mis6_segment;insol65n_scaled,6,True,True,,-104.6553965198132,221.3107930396264,,,53.0,166.165862,finite_mle,joint_06064
BP_insol65n,same_type_exponential_history;lr04_scaled;co2_scaled;mis6_segment;pre_phase_sin;pre_phase_cos;insol65n_scaled,8,True,True,,-99.66921629005617,215.33843258011234,304.04623463666593,4.889783711092854,53.0,166.165862,finite_mle,joint_06064
B,same_type_exponential_history;lr04_scaled;co2_scaled;mis6_segment,5,True,True,,-111.21850336117376,232.43700672234752,,,53.0,164.30850600000002,finite_mle,joint_05459
BP,same_type_exponential_history;lr04_scaled;co2_scaled;mis6_segment;pre_phase_sin;pre_phase_cos,7,True,True,,-102.39775124895314,218.79550249790628,330.5281112550583,6.89089582093394,53.0,164.30850600000002,finite_mle,joint_05459
B_ecc,same_type_exponential_history;lr04_scaled;co2_scaled;mis6_segment;ecc_scaled,6,True,True,,-109.07982718461002,230.15965436922005,,,53.0,164.30850600000002,finite_mle,joint_05459
BP_ecc,same_type_exponential_history;lr04_scaled;co2_scaled;mis6_segment;pre_phase_sin;pre_phase_cos;ecc_scaled,8,True,True,,-101.60975795185863,219.21951590371725,329.1933895084837,5.9563986938739495,53.0,164.30850600000002,finite_mle,joint_05459
B_obl,same_type_exponential_history;lr04_scaled;co2_scaled;mis6_segment;obl_scaled,6,True,True,,-111.20220224948906,234.40440449897812,,,53.0,164.30850600000002,finite_mle,joint_05459
BP_obl,same_type_exponential_history;lr04_scaled;co2_scaled;mis6_segment;pre_phase_sin;pre_phase_cos;obl_scaled,8,True,True,,-101.38149601231078,218.76299202462155,330.2467827067265,8.564539748581403,53.0,164.30850600000002,finite_mle,joint_05459
B_insol65n,same_type_exponential_history;lr04_scaled;co2_scaled;mis6_segment;insol65n_scaled,6,True,True,,-104.1053808052414,220.2107616104828,,,53.0,164.30850600000002,finite_mle,joint_05459
BP_insol65n,same_type_exponential_history;lr04_scaled;co2_scaled;mis6_segment;pre_phase_sin;pre_phase_cos;insol65n_scaled,8,True,True,,-100.30161520829347,216.60323041658694,303.92024747713594,3.842914335261516,53.0,164.30850600000002,finite_mle,joint_05459
B,same_type_exponential_history;lr04_scaled;co2_scaled;mis6_segment,5,True,True,,-111.05860915498633,232.11721830997266,,,53.0,166.22632300000004,finite_mle,joint_05642
BP,same_type_exponential_history;lr04_scaled;co2_scaled;mis6_segment;pre_phase_sin;pre_phase_cos,7,True,True,,-104.58830291671387,223.17660583342774,326.6910172161369,4.8915201005811815,53.0,166.22632300000004,finite_mle,joint_05642
B_ecc,same_type_exponential_history;lr04_scaled;co2_scaled;mis6_segment;ecc_scaled,6,True,True,,-109.81143462233982,231.62286924467963,,,53.0,166.22632300000004,finite_mle,joint_05642
BP_ecc,same_type_exponential_history;lr04_scaled;co2_scaled;mis6_segment;pre_phase_sin;pre_phase_cos;ecc_scaled,8,True,True,,-104.1862362019137,224.3724724038274,325.10561309329137,4.46181795847188,53.0,166.22632300000004,finite_mle,joint_05642
B_obl,same_type_exponential_history;lr04_scaled;co2_scaled;mis6_segment;obl_scaled,6,True,True,,-110.94400873767142,233.88801747534285,,,53.0,166.22632300000004,finite_mle,joint_05642
BP_obl,same_type_exponential_history;lr04_scaled;co2_scaled;mis6_segment;pre_phase_sin;pre_phase_cos;obl_scaled,8,True,True,,-103.51674981866222,223.03349963732444,327.1831782660665,5.901290867210525,53.0,166.22632300000004,finite_mle,joint_05642
B_insol65n,same_type_exponential_history;lr04_scaled;co2_scaled;mis6_segment;insol65n_scaled,6,True,True,,-106.03744590052902,224.07489180105804,,,53.0,166.22632300000004,finite_mle,joint_05642
BP_insol65n,same_type_exponential_history;lr04_scaled;co2_scaled;mis6_segment;pre_phase_sin;pre_phase_cos;insol65n_scaled,8,True,True,,-103.24050309542707,222.48100619085415,301.1529124057225,3.0534751975391092,53.0,166.22632300000004,finite_mle,joint_05642
B,same_type_exponential_history;lr04_scaled;co2_scaled;mis6_segment,5,True,True,,-111.00656085435733,232.01312170871466,,,53.0,163.87088200000002,finite_mle,joint_03492
BP,same_type_exponential_history;lr04_scaled;co2_scaled;mis6_segment;pre_phase_sin;pre_phase_cos,7,True,True,,-100.84626865304243,215.69253730608486,332.0356204099588,8.649759451957102,53.0,163.87088200000002,finite_mle,joint_03492
B_ecc,same_type_exponential_history;lr04_scaled;co2_scaled;mis6_segment;ecc_scaled,6,True,True,,-109.17043544785159,230.34087089570318,,,53.0,163.87088200000002,finite_mle,joint_03492
BP_ecc,same_type_exponential_history;lr04_scaled;co2_scaled;mis6_segment;pre_phase_sin;pre_phase_cos;ecc_scaled,8,True,True,,-100.28928218007428,216.57856436014856,331.53122534895726,7.600544277151039,53.0,163.87088200000002,finite_mle,joint_03492
B_obl,same_type_exponential_history;lr04_scaled;co2_scaled;mis6_segment;obl_scaled,6,True,True,,-111.00644765261899,234.01289530523798,,,53.0,163.87088200000002,finite_mle,joint_03492
BP_obl,same_type_exponential_history;lr04_scaled;co2_scaled;mis6_segment;pre_phase_sin;pre_phase_cos;obl_scaled,8,True,True,,-100.03019221376879,216.06038442753757,332.087180148015,10.593251859960759,53.0,163.87088200000002,finite_mle,joint_03492
B_insol65n,same_type_exponential_history;lr04_scaled;co2_scaled;mis6_segment;insol65n_scaled,6,True,True,,-104.0358939638692,220.0717879277384,,,53.0,163.87088200000002,finite_mle,joint_03492
BP_insol65n,same_type_exponential_history;lr04_scaled;co2_scaled;mis6_segment;pre_phase_sin;pre_phase_cos;insol65n_scaled,8,True,True,,-99.58958701244963,215.17917402489925,316.9774246360897,5.082397400321898,53.0,163.87088200000002,finite_mle,joint_03492
B,same_type_exponential_history;lr04_scaled;co2_scaled;mis6_segment,5,True,True,,-110.73149505266166,231.4629901053233,,,53.0,165.64630300000005,finite_mle,joint_01163
BP,same_type_exponential_history;lr04_scaled;co2_scaled;mis6_segment;pre_phase_sin;pre_phase_cos,7,True,True,,-103.82713021949625,221.6542604389925,333.988695701413,5.3277557580650265,53.0,165.64630300000005,finite_mle,joint_01163
B_ecc,same_type_exponential_history;lr04_scaled;co2_scaled;mis6_segment;ecc_scaled,6,True,True,,-109.40898800529979,230.81797601059958,,,53.0,165.64630300000005,finite_mle,joint_01163
BP_ecc,same_type_exponential_history;lr04_scaled;co2_scaled;mis6_segment;pre_phase_sin;pre_phase_cos;ecc_scaled,8,True,True,,-103.45575065508032,222.91150131016065,332.8792151305409,4.8219917308609554,53.0,165.64630300000005,finite_mle,joint_01163
B_obl,same_type_exponential_history;lr04_scaled;co2_scaled;mis6_segment;obl_scaled,6,True,True,,-110.68773326334939,233.37546652669877,,,53.0,165.64630300000005,finite_mle,joint_01163
BP_obl,same_type_exponential_history;lr04_scaled;co2_scaled;mis6_segment;pre_phase_sin;pre_phase_cos;obl_scaled,8,True,True,,-102.96385668625648,221.92771337251295,333.5569395081209,6.408221482236031,53.0,165.64630300000005,finite_mle,joint_01163
B_insol65n,same_type_exponential_history;lr04_scaled;co2_scaled;mis6_segment;insol65n_scaled,6,True,True,,-104.89330637608646,221.7866127521729,,,53.0,165.64630300000005,finite_mle,joint_01163
BP_insol65n,same_type_exponential_history;lr04_scaled;co2_scaled;mis6_segment;pre_phase_sin;pre_phase_cos;insol65n_scaled,8,True,True,,-102.43468403470861,220.86936806941722,311.1589635728766,3.04414125471285,53.0,165.64630300000005,finite_mle,joint_01163
B,same_type_exponential_history;lr04_scaled;co2_scaled;mis6_segment,5,True,True,,-110.86921021943334,231.73842043886668,,,53.0,166.35694100000003,finite_mle,joint_00891
BP,same_type_exponential_history;lr04_scaled;co2_scaled;mis6_segment;pre_phase_sin;pre_phase_cos,7,True,True,,-103.60391217854841,221.20782435709683,331.443796123288,5.407947364236696,53.0,166.35694100000003,finite_mle,joint_00891
B_ecc,same_type_exponential_history;lr04_scaled;co2_scaled;mis6_segment;ecc_scaled,6,True,True,,-108.93231567016284,229.86463134032567,,,53.0,166.35694100000003,finite_mle,joint_00891
BP_ecc,same_type_exponential_history;lr04_scaled;co2_scaled;mis6_segment;pre_phase_sin;pre_phase_cos;ecc_scaled,8,True,True,,-102.95817568093807,221.91635136187614,329.780367173016,4.704767599649186,53.0,166.35694100000003,finite_mle,joint_00891
B_obl,same_type_exponential_history;lr04_scaled;co2_scaled;mis6_segment;obl_scaled,6,True,True,,-110.85621398903514,233.71242797807028,,,53.0,166.35694100000003,finite_mle,joint_00891
BP_obl,same_type_exponential_history;lr04_scaled;co2_scaled;mis6_segment;pre_phase_sin;pre_phase_cos;obl_scaled,8,True,True,,-102.96248660049037,221.92497320098073,331.11881578509883,6.250021899640677,53.0,166.35694100000003,finite_mle,joint_00891
B_insol65n,same_type_exponential_history;lr04_scaled;co2_scaled;mis6_segment;insol65n_scaled,6,True,True,,-105.06271435390826,222.12542870781652,,,53.0,166.35694100000003,finite_mle,joint_00891
BP_insol65n,same_type_exponential_history;lr04_scaled;co2_scaled;mis6_segment;pre_phase_sin;pre_phase_cos;insol65n_scaled,8,True,True,,-102.22502793904951,220.45005587809902,307.40364125176876,3.1805647880103423,53.0,166.35694100000003,finite_mle,joint_00891
B,same_type_exponential_history;lr04_scaled;co2_scaled;mis6_segment,5,True,True,,-110.18541909873738,230.37083819747477,,,53.0,160.16702400000003,finite_mle,joint_06592
BP,same_type_exponential_history;lr04_scaled;co2_scaled;mis6_segment;pre_phase_sin;pre_phase_cos,7,True,True,,-102.36496852809444,218.72993705618887,317.2079059551577,6.3368694750515875,53.0,160.16702400000003,finite_mle,joint_06592
B_ecc,same_type_exponential_history;lr04_scaled;co2_scaled;mis6_segment;ecc_scaled,6,True,True,,-107.50379061822582,227.00758123645164,,,53.0,160.16702400000003,finite_mle,joint_06592
BP_ecc,same_type_exponential_history;lr04_scaled;co2_scaled;mis6_segment;pre_phase_sin;pre_phase_cos;ecc_scaled,8,True,True,,-100.83090646041956,217.6618129208391,314.5944063132769,5.520219825068471,53.0,160.16702400000003,finite_mle,joint_06592
B_obl,same_type_exponential_history;lr04_scaled;co2_scaled;mis6_segment;obl_scaled,6,True,True,,-110.16800508573432,232.33601017146864,,,53.0,160.16702400000003,finite_mle,joint_06592
BP_obl,same_type_exponential_history;lr04_scaled;co2_scaled;mis6_segment;pre_phase_sin;pre_phase_cos;obl_scaled,8,True,True,,-101.28834363850797,218.57668727701594,317.92136990214783,7.968884648280162,53.0,160.16702400000003,finite_mle,joint_06592
B_insol65n,same_type_exponential_history;lr04_scaled;co2_scaled;mis6_segment;insol65n_scaled,6,True,True,,-106.20683222309279,224.41366444618558,,,53.0,160.16702400000003,finite_mle,joint_06592
BP_insol65n,same_type_exponential_history;lr04_scaled;co2_scaled;mis6_segment;pre_phase_sin;pre_phase_cos;insol65n_scaled,8,True,True,,-101.26821616975755,218.5364323395151,295.67045472073517,4.55427633520362,53.0,160.16702400000003,finite_mle,joint_06592
B,same_type_exponential_history;lr04_scaled;co2_scaled;mis6_segment,5,True,True,,-111.32468361469265,232.6493672293853,,,53.0,165.815496,finite_mle,joint_04188
BP,same_type_exponential_history;lr04_scaled;co2_scaled;mis6_segment;pre_phase_sin;pre_phase_cos,7,True,True,,-102.15074797501534,218.30149595003067,327.75094465315897,7.151110461708756,53.0,165.815496,finite_mle,joint_04188
B_ecc,same_type_exponential_history;lr04_scaled;co2_scaled;mis6_segment;ecc_scaled,6,True,True,,-108.99503141299144,229.99006282598287,,,53.0,165.815496,finite_mle,joint_04188
BP_ecc,same_type_exponential_history;lr04_scaled;co2_scaled;mis6_segment;pre_phase_sin;pre_phase_cos;ecc_scaled,8,True,True,,-101.11617292791868,218.23234585583737,326.05056166671903,6.139926204118652,53.0,165.815496,finite_mle,joint_04188
B_obl,same_type_exponential_history;lr04_scaled;co2_scaled;mis6_segment;obl_scaled,6,True,True,,-111.20519898554772,234.41039797109545,,,53.0,165.815496,finite_mle,joint_04188
BP_obl,same_type_exponential_history;lr04_scaled;co2_scaled;mis6_segment;pre_phase_sin;pre_phase_cos;obl_scaled,8,True,True,,-100.52706712988339,217.05413425976678,327.645463079338,9.211632492796321,53.0,165.815496,finite_mle,joint_04188
B_insol65n,same_type_exponential_history;lr04_scaled;co2_scaled;mis6_segment;insol65n_scaled,6,True,True,,-103.75495623168193,219.50991246336386,,,53.0,165.815496,finite_mle,joint_04188
BP_insol65n,same_type_exponential_history;lr04_scaled;co2_scaled;mis6_segment;pre_phase_sin;pre_phase_cos;insol65n_scaled,8,True,True,,-99.47470536896995,214.9494107379399,296.13842569674347,3.948150226335091,53.0,165.815496,finite_mle,joint_04188
B,same_type_exponential_history;lr04_scaled;co2_scaled;mis6_segment,5,True,True,,-110.7601500668821,231.5203001337642,,,53.0,164.91085700000002,finite_mle,joint_04101
BP,same_type_exponential_history;lr04_scaled;co2_scaled;mis6_segment;pre_phase_sin;pre_phase_cos,7,True,True,,-102.38643301947276,218.77286603894552,333.31642527263006,6.478186989303206,53.0,164.91085700000002,finite_mle,joint_04101
B_ecc,same_type_exponential_history;lr04_scaled;co2_scaled;mis6_segment;ecc_scaled,6,True,True,,-109.10051629495428,230.20103258990855,,,53.0,164.91085700000002,finite_mle,joint_04101
BP_ecc,same_type_exponential_history;lr04_scaled;co2_scaled;mis6_segment;pre_phase_sin;pre_phase_cos;ecc_scaled,8,True,True,,-101.8888683662862,219.7777367325724,332.3639151322339,5.748634012975863,53.0,164.91085700000002,finite_mle,joint_04101
B_obl,same_type_exponential_history;lr04_scaled;co2_scaled;mis6_segment;obl_scaled,6,True,True,,-110.74680372629744,233.4936074525949,,,53.0,164.91085700000002,finite_mle,joint_04101
BP_obl,same_type_exponential_history;lr04_scaled;co2_scaled;mis6_segment;pre_phase_sin;pre_phase_cos;obl_scaled,8,True,True,,-101.511899508981,219.023799017962,332.91271031929665,7.894939135780206,53.0,164.91085700000002,finite_mle,joint_04101
B_insol65n,same_type_exponential_history;lr04_scaled;co2_scaled;mis6_segment;insol65n_scaled,6,True,True,,-104.22161392355798,220.44322784711596,,,53.0,164.91085700000002,finite_mle,joint_04101
BP_insol65n,same_type_exponential_history;lr04_scaled;co2_scaled;mis6_segment;pre_phase_sin;pre_phase_cos;insol65n_scaled,8,True,True,,-100.93568093391188,217.87136186782377,312.8782836795841,3.708211292691044,53.0,164.91085700000002,finite_mle,joint_04101
B,same_type_exponential_history;lr04_scaled;co2_scaled;mis6_segment,5,True,True,,-111.08947819593155,232.1789563918631,,,53.0,164.42789500000003,finite_mle,joint_06731
BP,same_type_exponential_history;lr04_scaled;co2_scaled;mis6_segment;pre_phase_sin;pre_phase_cos,7,True,True,,-101.30343478586224,216.60686957172447,326.0186484983963,7.6515460046588135,53.0,164.42789500000003,finite_mle,joint_06731
B_ecc,same_type_exponential_history;lr04_scaled;co2_scaled;mis6_segment;ecc_scaled,6,True,True,,-108.71916167180015,229.4383233436003,,,53.0,164.42789500000003,finite_mle,joint_06731
BP_ecc,same_type_exponential_history;lr04_scaled;co2_scaled;mis6_segment;pre_phase_sin;pre_phase_cos;ecc_scaled,8,True,True,,-100.50752732192637,217.01505464385275,324.1779816720301,6.57642839852417,53.0,164.42789500000003,finite_mle,joint_06731
B_obl,same_type_exponential_history;lr04_scaled;co2_scaled;mis6_segment;obl_scaled,6,True,True,,-111.08930360929307,234.17860721858614,,,53.0,164.42789500000003,finite_mle,joint_06731
BP_obl,same_type_exponential_history;lr04_scaled;co2_scaled;mis6_segment;pre_phase_sin;pre_phase_cos;obl_scaled,8,True,True,,-100.58763479818276,217.17526959636552,326.2031793068832,9.02210340184945,53.0,164.42789500000003,finite_mle,joint_06731
B_insol65n,same_type_exponential_history;lr04_scaled;co2_scaled;mis6_segment;insol65n_scaled,6,True,True,,-104.00542880901403,220.01085761802807,,,53.0,164.42789500000003,finite_mle,joint_06731
BP_insol65n,same_type_exponential_history;lr04_scaled;co2_scaled;mis6_segment;pre_phase_sin;pre_phase_cos;insol65n_scaled,8,True,True,,-99.1573829228818,214.3147658457636,298.4833683584379,4.4633916645862115,53.0,164.42789500000003,finite_mle,joint_06731
B,same_type_exponential_history;lr04_scaled;co2_scaled;mis6_segment,5,True,True,,-111.50539978901395,233.0107995780279,,,53.0,165.72235800000004,finite_mle,joint_00167
BP,same_type_exponential_history;lr04_scaled;co2_scaled;mis6_segment;pre_phase_sin;pre_phase_cos,7,True,True,,-102.69558073646587,219.39116147293174,324.6687350874269,6.9820514961661555,53.0,165.72235800000004,finite_mle,joint_00167
B_ecc,same_type_exponential_history;lr04_scaled;co2_scaled;mis6_segment;ecc_scaled,6,True,True,,-109.3885312332232,230.7770624664464,,,53.0,165.72235800000004,finite_mle,joint_00167
BP_ecc,same_type_exponential_history;lr04_scaled;co2_scaled;mis6_segment;pre_phase_sin;pre_phase_cos;ecc_scaled,8,True,True,,-101.87724766906553,219.75449533813105,322.7577783989025,6.082445470630628,53.0,165.72235800000004,finite_mle,joint_00167
B_obl,same_type_exponential_history;lr04_scaled;co2_scaled;mis6_segment;obl_scaled,6,True,True,,-111.43023627595858,234.86047255191716,,,53.0,165.72235800000004,finite_mle,joint_00167
BP_obl,same_type_exponential_history;lr04_scaled;co2_scaled;mis6_segment;pre_phase_sin;pre_phase_cos;obl_scaled,8,True,True,,-101.4586129646782,218.9172259293564,325.09542072780687,8.714123115950745,53.0,165.72235800000004,finite_mle,joint_00167
B_insol65n,same_type_exponential_history;lr04_scaled;co2_scaled;mis6_segment;insol65n_scaled,6,True,True,,-105.10918104278144,222.2183620855629,,,53.0,165.72235800000004,finite_mle,joint_00167
BP_insol65n,same_type_exponential_history;lr04_scaled;co2_scaled;mis6_segment;pre_phase_sin;pre_phase_cos;insol65n_scaled,8,True,True,,-100.74370849507449,217.48741699014897,298.34794884099847,4.1772571681625905,53.0,165.72235800000004,finite_mle,joint_00167
B,same_type_exponential_history;lr04_scaled;co2_scaled;mis6_segment,5,True,True,,-109.85727778959192,229.71455557918384,,,53.0,161.74690800000002,finite_mle,joint_02319
BP,same_type_exponential_history;lr04_scaled;co2_scaled;mis6_segment;pre_phase_sin;pre_phase_cos,7,True,True,,-101.48691608447447,216.97383216894895,317.81005204684965,6.409906664153875,53.0,161.74690800000002,finite_mle,joint_02319
B_ecc,same_type_exponential_history;lr04_scaled;co2_scaled;mis6_segment;ecc_scaled,6,True,True,,-107.38821548442729,226.77643096885458,,,53.0,161.74690800000002,finite_mle,joint_02319
BP_ecc,same_type_exponential_history;lr04_scaled;co2_scaled;mis6_segment;pre_phase_sin;pre_phase_cos;ecc_scaled,8,True,True,,-100.18425561909297,216.36851123818593,314.9940875449897,5.577192554235855,53.0,161.74690800000002,finite_mle,joint_02319
B_obl,same_type_exponential_history;lr04_scaled;co2_scaled;mis6_segment;obl_scaled,6,True,True,,-109.66690086215087,231.33380172430174,,,53.0,161.74690800000002,finite_mle,joint_02319
BP_obl,same_type_exponential_history;lr04_scaled;co2_scaled;mis6_segment;pre_phase_sin;pre_phase_cos;obl_scaled,8,True,True,,-99.54409299653389,215.08818599306778,318.66029662458175,8.50044247584696,53.0,161.74690800000002,finite_mle,joint_02319
B_insol65n,same_type_exponential_history;lr04_scaled;co2_scaled;mis6_segment;insol65n_scaled,6,True,True,,-103.88392993478433,219.76785986956867,,,53.0,161.74690800000002,finite_mle,joint_02319
BP_insol65n,same_type_exponential_history;lr04_scaled;co2_scaled;mis6_segment;pre_phase_sin;pre_phase_cos;insol65n_scaled,8,True,True,,-98.54235598550666,213.08471197101332,280.4798445070757,4.38904541620417,53.0,161.74690800000002,finite_mle,joint_02319
B,same_type_exponential_history;lr04_scaled;co2_scaled;mis6_segment,5,True,True,,-111.48958299675803,232.97916599351606,,,53.0,170.05039500000004,finite_mle,joint_00211
BP,same_type_exponential_history;lr04_scaled;co2_scaled;mis6_segment;pre_phase_sin;pre_phase_cos,7,True,True,,-105.1109398037471,224.2218796074942,338.3979079396747,4.885207637359863,53.0,170.05039500000004,finite_mle,joint_00211
B_ecc,same_type_exponential_history;lr04_scaled;co2_scaled;mis6_segment;ecc_scaled,6,True,True,,-110.38511045996138,232.77022091992276,,,53.0,170.05039500000004,finite_mle,joint_00211
BP_ecc,same_type_exponential_history;lr04_scaled;co2_scaled;mis6_segment;pre_phase_sin;pre_phase_cos;ecc_scaled,8,True,True,,-104.76661612933144,225.53323225866288,337.3938482454167,4.493992526500506,53.0,170.05039500000004,finite_mle,joint_00211
B_obl,same_type_exponential_history;lr04_scaled;co2_scaled;mis6_segment;obl_scaled,6,True,True,,-111.48410467460175,234.9682093492035,,,53.0,170.05039500000004,finite_mle,joint_00211
BP_obl,same_type_exponential_history;lr04_scaled;co2_scaled;mis6_segment;pre_phase_sin;pre_phase_cos;obl_scaled,8,True,True,,-104.60619744104852,225.21239488209704,337.6274826206051,5.572598063533798,53.0,170.05039500000004,finite_mle,joint_00211
B_insol65n,same_type_exponential_history;lr04_scaled;co2_scaled;mis6_segment;insol65n_scaled,6,True,True,,-106.81955387414393,225.63910774828787,,,53.0,170.05039500000004,finite_mle,joint_00211
BP_insol65n,same_type_exponential_history;lr04_scaled;co2_scaled;mis6_segment;pre_phase_sin;pre_phase_cos;insol65n_scaled,8,True,True,,-104.56325221671008,225.12650443342017,326.988285755624,3.231729131233738,53.0,170.05039500000004,finite_mle,joint_00211
B,same_type_exponential_history;lr04_scaled;co2_scaled;mis6_segment,5,True,True,,-109.59637513176452,229.19275026352904,,,53.0,161.39052200000003,finite_mle,joint_06306
BP,same_type_exponential_history;lr04_scaled;co2_scaled;mis6_segment;pre_phase_sin;pre_phase_cos,7,True,True,,-100.662009798631,215.324019597262,313.74574190283874,7.212242036726135,53.0,161.39052200000003,finite_mle,joint_06306
B_ecc,same_type_exponential_history;lr04_scaled;co2_scaled;mis6_segment;ecc_scaled,6,True,True,,-106.87787594249468,225.75575188498937,,,53.0,161.39052200000003,finite_mle,joint_06306
BP_ecc,same_type_exponential_history;lr04_scaled;co2_scaled;mis6_segment;pre_phase_sin;pre_phase_cos;ecc_scaled,8,True,True,,-98.90493505498813,213.80987010997626,310.45596421421453,6.323520494325263,53.0,161.39052200000003,finite_mle,joint_06306
B_obl,same_type_exponential_history;lr04_scaled;co2_scaled;mis6_segment;obl_scaled,6,True,True,,-109.56157305863115,231.1231461172623,,,53.0,161.39052200000003,finite_mle,joint_06306
BP_obl,same_type_exponential_history;lr04_scaled;co2_scaled;mis6_segment;pre_phase_sin;pre_phase_cos;obl_scaled,8,True,True,,-99.52329792731985,215.0465958546397,314.33515751034327,8.717655205600984,53.0,161.39052200000003,finite_mle,joint_06306
B_insol65n,same_type_exponential_history;lr04_scaled;co2_scaled;mis6_segment;insol65n_scaled,6,True,True,,-105.39755645705361,222.79511291410722,,,53.0,161.39052200000003,finite_mle,joint_06306
BP_insol65n,same_type_exponential_history;lr04_scaled;co2_scaled;mis6_segment;pre_phase_sin;pre_phase_cos;insol65n_scaled,8,True,True,,-99.21957466140397,214.43914932280794,290.0320929290118,5.2342362900746595,53.0,161.39052200000003,finite_mle,joint_06306
B,same_type_exponential_history;lr04_scaled;co2_scaled;mis6_segment,5,True,True,,-110.99094575499686,231.98189150999372,,,53.0,167.80509100000006,finite_mle,joint_08435
BP,same_type_exponential_history;lr04_scaled;co2_scaled;mis6_segment;pre_phase_sin;pre_phase_cos,7,True,True,,-104.65691940820473,223.31383881640946,337.93397131400957,4.956537391877398,53.0,167.80509100000006,finite_mle,joint_08435
B_ecc,same_type_exponential_history;lr04_scaled;co2_scaled;mis6_segment;ecc_scaled,6,True,True,,-110.05212444503945,232.1042488900789,,,53.0,167.80509100000006,finite_mle,joint_08435
BP_ecc,same_type_exponential_history;lr04_scaled;co2_scaled;mis6_segment;pre_phase_sin;pre_phase_cos;ecc_scaled,8,True,True,,-104.45009241951897,224.90018483903793,337.22971674925674,4.608381570389243,53.0,167.80509100000006,finite_mle,joint_08435
B_obl,same_type_exponential_history;lr04_scaled;co2_scaled;mis6_segment;obl_scaled,6,True,True,,-110.98231730568286,233.9646346113657,,,53.0,167.80509100000006,finite_mle,joint_08435
BP_obl,same_type_exponential_history;lr04_scaled;co2_scaled;mis6_segment;pre_phase_sin;pre_phase_cos;obl_scaled,8,True,True,,-104.11175023976881,224.22350047953762,337.250306479364,5.709131348427901,53.0,167.80509100000006,finite_mle,joint_08435
B_insol65n,same_type_exponential_history;lr04_scaled;co2_scaled;mis6_segment;insol65n_scaled,6,True,True,,-105.9387361139157,223.8774722278314,,,53.0,167.80509100000006,finite_mle,joint_08435
BP_insol65n,same_type_exponential_history;lr04_scaled;co2_scaled;mis6_segment;pre_phase_sin;pre_phase_cos;insol65n_scaled,8,True,True,,-103.83213756708021,223.66427513416042,323.0547112281963,3.043605604612709,53.0,167.80509100000006,finite_mle,joint_08435
B,same_type_exponential_history;lr04_scaled;co2_scaled;mis6_segment,5,True,True,,-111.31998663934472,232.63997327868944,,,53.0,166.80819400000001,finite_mle,joint_09530
BP,same_type_exponential_history;lr04_scaled;co2_scaled;mis6_segment;pre_phase_sin;pre_phase_cos,7,True,True,,-102.67553233604846,219.35106467209692,332.20756310145936,6.861440619835536,53.0,166.80819400000001,finite_mle,joint_09530
B_ecc,same_type_exponential_history;lr04_scaled;co2_scaled;mis6_segment;ecc_scaled,6,True,True,,-109.92541249585996,231.85082499171992,,,53.0,166.80819400000001,finite_mle,joint_09530
BP_ecc,same_type_exponential_history;lr04_scaled;co2_scaled;mis6_segment;pre_phase_sin;pre_phase_cos;ecc_scaled,8,True,True,,-102.30683394186482,220.61366788372965,331.471534337131,6.205739595513737,53.0,166.80819400000001,finite_mle,joint_09530
B_obl,same_type_exponential_history;lr04_scaled;co2_scaled;mis6_segment;obl_scaled,6,True,True,,-111.31996801869207,234.63993603738413,,,53.0,166.80819400000001,finite_mle,joint_09530
BP_obl,same_type_exponential_history;lr04_scaled;co2_scaled;mis6_segment;pre_phase_sin;pre_phase_cos;obl_scaled,8,True,True,,-102.078429012776,220.156858025552,332.23414355033964,7.982458329313443,53.0,166.80819400000001,finite_mle,joint_09530
B_insol65n,same_type_exponential_history;lr04_scaled;co2_scaled;mis6_segment;insol65n_scaled,6,True,True,,-105.2038566758329,222.4077133516658,,,53.0,166.80819400000001,finite_mle,joint_09530
BP_insol65n,same_type_exponential_history;lr04_scaled;co2_scaled;mis6_segment;pre_phase_sin;pre_phase_cos;insol65n_scaled,8,True,True,,-101.63516288133874,219.2703257626775,317.2253521390925,4.2070706062735646,53.0,166.80819400000001,finite_mle,joint_09530
B,same_type_exponential_history;lr04_scaled;co2_scaled;mis6_segment,5,True,True,,-111.35927003851023,232.71854007702046,,,53.0,168.74326300000007,finite_mle,joint_06369
BP,same_type_exponential_history;lr04_scaled;co2_scaled;mis6_segment;pre_phase_sin;pre_phase_cos,7,True,True,,-107.84051893679035,229.6810378735807,332.24916312749804,3.1374561375828875,53.0,168.74326300000007,finite_mle,joint_06369
B_ecc,same_type_exponential_history;lr04_scaled;co2_scaled;mis6_segment;ecc_scaled,6,True,True,,-110.29304958735617,232.58609917471233,,,53.0,168.74326300000007,finite_mle,joint_06369
BP_ecc,same_type_exponential_history;lr04_scaled;co2_scaled;mis6_segment;pre_phase_sin;pre_phase_cos;ecc_scaled,8,True,True,,-107.35683318200604,230.71366636401208,330.2852535845687,2.879583385307065,53.0,168.74326300000007,finite_mle,joint_06369
B_obl,same_type_exponential_history;lr04_scaled;co2_scaled;mis6_segment;obl_scaled,6,True,True,,-111.29592418934713,234.59184837869427,,,53.0,168.74326300000007,finite_mle,joint_06369
BP_obl,same_type_exponential_history;lr04_scaled;co2_scaled;mis6_segment;pre_phase_sin;pre_phase_cos;obl_scaled,8,True,True,,-107.31858068784345,230.6371613756869,331.8402584297838,3.538342108828348,53.0,168.74326300000007,finite_mle,joint_06369
B_insol65n,same_type_exponential_history;lr04_scaled;co2_scaled;mis6_segment;insol65n_scaled,6,True,True,,-108.85589110721477,229.71178221442955,,,53.0,168.74326300000007,finite_mle,joint_06369
BP_insol65n,same_type_exponential_history;lr04_scaled;co2_scaled;mis6_segment;pre_phase_sin;pre_phase_cos;insol65n_scaled,8,True,True,,-107.49186138617512,230.98372277235023,317.5037525885798,2.318559795017893,53.0,168.74326300000007,finite_mle,joint_06369
B,same_type_exponential_history;lr04_scaled;co2_scaled;mis6_segment,5,True,True,,-111.71157906283518,233.42315812567037,,,53.0,167.99170100000003,finite_mle,joint_00473
BP,same_type_exponential_history;lr04_scaled;co2_scaled;mis6_segment;pre_phase_sin;pre_phase_cos,7,True,True,,-105.96427687394706,225.9285537478941,335.89385170410685,4.3943490851579,53.0,167.99170100000003,finite_mle,joint_00473
B_ecc,same_type_exponential_history;lr04_scaled;co2_scaled;mis6_segment;ecc_scaled,6,True,True,,-110.81792494782755,233.6358498956551,,,53.0,167.99170100000003,finite_mle,joint_00473
BP_ecc,same_type_exponential_history;lr04_scaled;co2_scaled;mis6_segment;pre_phase_sin;pre_phase_cos;ecc_scaled,8,True,True,,-105.73142765495473,227.46285530990946,335.2644914182933,4.096503515035279,53.0,167.99170100000003,finite_mle,joint_00473
B_obl,same_type_exponential_history;lr04_scaled;co2_scaled;mis6_segment;obl_scaled,6,True,True,,-111.70371301349124,235.40742602698248,,,53.0,167.99170100000003,finite_mle,joint_00473
BP_obl,same_type_exponential_history;lr04_scaled;co2_scaled;mis6_segment;pre_phase_sin;pre_phase_cos;obl_scaled,8,True,True,,-105.46046775415248,226.92093550830495,335.4581588311683,5.0020069537125185,53.0,167.99170100000003,finite_mle,joint_00473
B_insol65n,same_type_exponential_history;lr04_scaled;co2_scaled;mis6_segment;insol65n_scaled,6,True,True,,-107.35348476016995,226.7069695203399,,,53.0,167.99170100000003,finite_mle,joint_00473
BP_insol65n,same_type_exponential_history;lr04_scaled;co2_scaled;mis6_segment;pre_phase_sin;pre_phase_cos;insol65n_scaled,8,True,True,,-105.29075481028488,226.58150962056976,321.0457011578881,2.875653098939095,53.0,167.99170100000003,finite_mle,joint_00473
B,same_type_exponential_history;lr04_scaled;co2_scaled;mis6_segment,5,True,True,,-111.38931326162887,232.77862652325774,,,53.0,164.99496700000003,finite_mle,joint_03239
BP,same_type_exponential_history;lr04_scaled;co2_scaled;mis6_segment;pre_phase_sin;pre_phase_cos,7,True,True,,-100.62796356971424,215.25592713942848,337.6421610858038,9.540978598388367,53.0,164.99496700000003,finite_mle,joint_03239
B_ecc,same_type_exponential_history;lr04_scaled;co2_scaled;mis6_segment;ecc_scaled,6,True,True,,-110.06737808395188,232.13475616790376,,,53.0,164.99496700000003,finite_mle,joint_03239
BP_ecc,same_type_exponential_history;lr04_scaled;co2_scaled;mis6_segment;pre_phase_sin;pre_phase_cos;ecc_scaled,8,True,True,,-100.39216819779863,216.78433639559725,337.56587736804386,8.694370790617468,53.0,164.99496700000003,finite_mle,joint_03239
B_obl,same_type_exponential_history;lr04_scaled;co2_scaled;mis6_segment;obl_scaled,6,True,True,,-111.35364313336376,234.70728626672752,,,53.0,164.99496700000003,finite_mle,joint_03239
BP_obl,same_type_exponential_history;lr04_scaled;co2_scaled;mis6_segment;pre_phase_sin;pre_phase_cos;obl_scaled,8,True,True,,-100.1796747629937,216.3593495259874,337.47406279158713,11.055572285109502,53.0,164.99496700000003,finite_mle,joint_03239
B_insol65n,same_type_exponential_history;lr04_scaled;co2_scaled;mis6_segment;insol65n_scaled,6,True,True,,-103.80011137393485,219.6002227478697,,,53.0,164.99496700000003,finite_mle,joint_03239
BP_insol65n,same_type_exponential_history;lr04_scaled;co2_scaled;mis6_segment;pre_phase_sin;pre_phase_cos;insol65n_scaled,8,True,True,,-99.52568504447368,215.05137008894735,326.2004137007704,5.50579619852516,53.0,164.99496700000003,finite_mle,joint_03239
B,same_type_exponential_history;lr04_scaled;co2_scaled;mis6_segment,5,True,True,,-110.26372450715064,230.52744901430128,,,53.0,164.62656600000003,finite_mle,joint_00236
BP,same_type_exponential_history;lr04_scaled;co2_scaled;mis6_segment;pre_phase_sin;pre_phase_cos,7,True,True,,-99.22213726394239,212.44427452788477,324.31732988789986,9.282131190771253,53.0,164.62656600000003,finite_mle,joint_00236
B_ecc,same_type_exponential_history;lr04_scaled;co2_scaled;mis6_segment;ecc_scaled,6,True,True,,-107.95153998436189,227.90307996872377,,,53.0,164.62656600000003,finite_mle,joint_00236
BP_ecc,same_type_exponential_history;lr04_scaled;co2_scaled;mis6_segment;pre_phase_sin;pre_phase_cos;ecc_scaled,8,True,True,,-98.34936537580063,212.69873075160126,322.67213480693135,7.988071983434897,53.0,164.62656600000003,finite_mle,joint_00236
B_obl,same_type_exponential_history;lr04_scaled;co2_scaled;mis6_segment;obl_scaled,6,True,True,,-110.22327823214795,232.4465564642959,,,53.0,164.62656600000003,finite_mle,joint_00236
BP_obl,same_type_exponential_history;lr04_scaled;co2_scaled;mis6_segment;pre_phase_sin;pre_phase_cos;obl_scaled,8,True,True,,-97.80780358830631,211.61560717661263,324.3155863008031,11.834255429989167,53.0,164.62656600000003,finite_mle,joint_00236
B_insol65n,same_type_exponential_history;lr04_scaled;co2_scaled;mis6_segment;insol65n_scaled,6,True,True,,-103.03055831970327,218.06111663940655,,,53.0,164.62656600000003,finite_mle,joint_00236
BP_insol65n,same_type_exponential_history;lr04_scaled;co2_scaled;mis6_segment;pre_phase_sin;pre_phase_cos;insol65n_scaled,8,True,True,,-97.18122416365658,210.36244832731316,301.3346732594168,5.506251629278296,53.0,164.62656600000003,finite_mle,joint_00236
B,same_type_exponential_history;lr04_scaled;co2_scaled;mis6_segment,5,True,True,,-111.88371234860807,233.76742469721614,,,53.0,165.49111700000003,finite_mle,joint_09056
BP,same_type_exponential_history;lr04_scaled;co2_scaled;mis6_segment;pre_phase_sin;pre_phase_cos,7,True,True,,-101.68915659285815,217.3783131857163,334.27914290221975,8.473880012670213,53.0,165.49111700000003,finite_mle,joint_09056
B_ecc,same_type_exponential_history;lr04_scaled;co2_scaled;mis6_segment;ecc_scaled,6,True,True,,-109.71905185097866,231.43810370195732,,,53.0,165.49111700000003,finite_mle,joint_09056
BP_ecc,same_type_exponential_history;lr04_scaled;co2_scaled;mis6_segment;pre_phase_sin;pre_phase_cos;ecc_scaled,8,True,True,,-100.93550627304533,217.87101254609067,333.46071727302706,7.323781311760221,53.0,165.49111700000003,finite_mle,joint_09056
B_obl,same_type_exponential_history;lr04_scaled;co2_scaled;mis6_segment;obl_scaled,6,True,True,,-111.88371085912473,235.76742171824947,,,53.0,165.49111700000003,finite_mle,joint_09056
BP_obl,same_type_exponential_history;lr04_scaled;co2_scaled;mis6_segment;pre_phase_sin;pre_phase_cos;obl_scaled,8,True,True,,-100.95944227849756,217.91888455699512,334.02755485671577,10.152189148522726,53.0,165.49111700000003,finite_mle,joint_09056
B_insol65n,same_type_exponential_history;lr04_scaled;co2_scaled;mis6_segment;insol65n_scaled,6,True,True,,-104.08764295365879,220.17528590731757,,,53.0,165.49111700000003,finite_mle,joint_09056
BP_insol65n,same_type_exponential_history;lr04_scaled;co2_scaled;mis6_segment;pre_phase_sin;pre_phase_cos;insol65n_scaled,8,True,True,,-100.03539512457377,216.07079024914754,315.90990505245014,4.592571858707367,53.0,165.49111700000003,finite_mle,joint_09056
B,same_type_exponential_history;lr04_scaled;co2_scaled;mis6_segment,5,True,True,,-110.66737237746679,231.33474475493358,,,53.0,165.80390800000004,finite_mle,joint_04865
BP,same_type_exponential_history;lr04_scaled;co2_scaled;mis6_segment;pre_phase_sin;pre_phase_cos,7,True,True,,-103.71395367639059,221.42790735278118,321.7167325559698,5.170522304410469,53.0,165.80390800000004,finite_mle,joint_04865
B_ecc,same_type_exponential_history;lr04_scaled;co2_scaled;mis6_segment;ecc_scaled,6,True,True,,-108.67761284463388,229.35522568926777,,,53.0,165.80390800000004,finite_mle,joint_04865
BP_ecc,same_type_exponential_history;lr04_scaled;co2_scaled;mis6_segment;pre_phase_sin;pre_phase_cos;ecc_scaled,8,True,True,,-102.96452457307106,221.92904914614212,318.88778511589425,4.531425346127937,53.0,165.80390800000004,finite_mle,joint_04865
B_obl,same_type_exponential_history;lr04_scaled;co2_scaled;mis6_segment;obl_scaled,6,True,True,,-110.65519362495561,233.31038724991123,,,53.0,165.80390800000004,finite_mle,joint_04865
BP_obl,same_type_exponential_history;lr04_scaled;co2_scaled;mis6_segment;pre_phase_sin;pre_phase_cos;obl_scaled,8,True,True,,-103.1484847371769,222.2969694743538,322.20635903102504,5.863648567008457,53.0,165.80390800000004,finite_mle,joint_04865
B_insol65n,same_type_exponential_history;lr04_scaled;co2_scaled;mis6_segment;insol65n_scaled,6,True,True,,-106.16965318104161,224.33930636208322,,,53.0,165.80390800000004,finite_mle,joint_04865
BP_insol65n,same_type_exponential_history;lr04_scaled;co2_scaled;mis6_segment;pre_phase_sin;pre_phase_cos;insol65n_scaled,8,True,True,,-102.62114063073778,221.24228126147557,298.38990836624345,3.497529625705801,53.0,165.80390800000004,finite_mle,joint_04865
B,same_type_exponential_history;lr04_scaled;co2_scaled;mis6_segment,5,True,True,,-110.26118054035516,230.5223610807103,,,53.0,160.88659300000003,finite_mle,joint_04168
BP,same_type_exponential_history;lr04_scaled;co2_scaled;mis6_segment;pre_phase_sin;pre_phase_cos,7,True,True,,-99.82382008982205,213.6476401796441,325.6549345216732,9.275351156901053,53.0,160.88659300000003,finite_mle,joint_04168
B_ecc,same_type_exponential_history;lr04_scaled;co2_scaled;mis6_segment;ecc_scaled,6,True,True,,-107.71802188836716,227.43604377673432,,,53.0,160.88659300000003,finite_mle,joint_04168
BP_ecc,same_type_exponential_history;lr04_scaled;co2_scaled;mis6_segment;pre_phase_sin;pre_phase_cos;ecc_scaled,8,True,True,,-98.45801960316238,212.91603920632477,324.32406478791967,8.138465523582148,53.0,160.88659300000003,finite_mle,joint_04168
B_obl,same_type_exponential_history;lr04_scaled;co2_scaled;mis6_segment;obl_scaled,6,True,True,,-110.25266572325606,232.50533144651212,,,53.0,160.88659300000003,finite_mle,joint_04168
BP_obl,same_type_exponential_history;lr04_scaled;co2_scaled;mis6_segment;pre_phase_sin;pre_phase_cos;obl_scaled,8,True,True,,-98.2034683153831,212.4069366307662,325.9174207139354,13.146503200065535,53.0,160.88659300000003,finite_mle,joint_04168
B_insol65n,same_type_exponential_history;lr04_scaled;co2_scaled;mis6_segment;insol65n_scaled,6,True,True,,-104.06150639649522,220.12301279299044,,,53.0,160.88659300000003,finite_mle,joint_04168
BP_insol65n,same_type_exponential_history;lr04_scaled;co2_scaled;mis6_segment;pre_phase_sin;pre_phase_cos;insol65n_scaled,8,True,True,,-98.29282514021008,212.58565028042017,307.04081970151685,5.750625914654969,53.0,160.88659300000003,finite_mle,joint_04168
B,same_type_exponential_history;lr04_scaled;co2_scaled;mis6_segment,5,True,True,,-110.77693792035004,231.55387584070007,,,53.0,164.53020800000004,finite_mle,joint_03175
BP,same_type_exponential_history;lr04_scaled;co2_scaled;mis6_segment;pre_phase_sin;pre_phase_cos,7,True,True,,-101.26496438669983,216.52992877339966,337.74514421054926,7.91455122731002,53.0,164.53020800000004,finite_mle,joint_03175
B_ecc,same_type_exponential_history;lr04_scaled;co2_scaled;mis6_segment;ecc_scaled,6,True,True,,-109.6994009612778,231.3988019225556,,,53.0,164.53020800000004,finite_mle,joint_03175
BP_ecc,same_type_exponential_history;lr04_scaled;co2_scaled;mis6_segment;pre_phase_sin;pre_phase_cos;ecc_scaled,8,True,True,,-101.08886228703675,218.1777245740735,337.4122044002246,7.324889585832513,53.0,164.53020800000004,finite_mle,joint_03175
B_obl,same_type_exponential_history;lr04_scaled;co2_scaled;mis6_segment;obl_scaled,6,True,True,,-110.77678856746601,233.55357713493203,,,53.0,164.53020800000004,finite_mle,joint_03175
BP_obl,same_type_exponential_history;lr04_scaled;co2_scaled;mis6_segment;pre_phase_sin;pre_phase_cos;obl_scaled,8,True,True,,-100.47846242087093,216.95692484174185,337.3921632634605,9.68380236347511,53.0,164.53020800000004,finite_mle,joint_03175
B_insol65n,same_type_exponential_history;lr04_scaled;co2_scaled;mis6_segment;insol65n_scaled,6,True,True,,-103.4317067740236,218.8634135480472,,,53.0,164.53020800000004,finite_mle,joint_03175
BP_insol65n,same_type_exponential_history;lr04_scaled;co2_scaled;mis6_segment;pre_phase_sin;pre_phase_cos;insol65n_scaled,8,True,True,,-99.94905751502577,215.89811503005154,323.7383904097218,4.401572627591999,53.0,164.53020800000004,finite_mle,joint_03175
B,same_type_exponential_history;lr04_scaled;co2_scaled;mis6_segment,5,True,True,,-111.69877659518852,233.39755319037704,,,53.0,167.55276900000004,finite_mle,joint_05339
BP,same_type_exponential_history;lr04_scaled;co2_scaled;mis6_segment;pre_phase_sin;pre_phase_cos,7,True,True,,-104.20818769005123,222.41637538010247,332.7263428032116,5.583587636894575,53.0,167.55276900000004,finite_mle,joint_05339
B_ecc,same_type_exponential_history;lr04_scaled;co2_scaled;mis6_segment;ecc_scaled,6,True,True,,-109.91296677402978,231.82593354805957,,,53.0,167.55276900000004,finite_mle,joint_05339
BP_ecc,same_type_exponential_history;lr04_scaled;co2_scaled;mis6_segment;pre_phase_sin;pre_phase_cos;ecc_scaled,8,True,True,,-103.59906444236668,223.19812888473336,331.14569034481957,4.94356520952297,53.0,167.55276900000004,finite_mle,joint_05339
B_obl,same_type_exponential_history;lr04_scaled;co2_scaled;mis6_segment;obl_scaled,6,True,True,,-111.6971069561549,235.3942139123098,,,53.0,167.55276900000004,finite_mle,joint_05339
BP_obl,same_type_exponential_history;lr04_scaled;co2_scaled;mis6_segment;pre_phase_sin;pre_phase_cos;obl_scaled,8,True,True,,-103.83647672393691,223.67295344787382,332.3928904793271,6.220377912881381,53.0,167.55276900000004,finite_mle,joint_05339
B_insol65n,same_type_exponential_history;lr04_scaled;co2_scaled;mis6_segment;insol65n_scaled,6,True,True,,-106.43353877976932,224.86707755953864,,,53.0,167.55276900000004,finite_mle,joint_05339
BP_insol65n,same_type_exponential_history;lr04_scaled;co2_scaled;mis6_segment;pre_phase_sin;pre_phase_cos;insol65n_scaled,8,True,True,,-103.39446316673957,222.78892633347914,316.89273795731833,3.5532926327384637,53.0,167.55276900000004,finite_mle,joint_05339
B,same_type_exponential_history;lr04_scaled;co2_scaled;mis6_segment,5,True,True,,-111.20176451984982,232.40352903969963,,,53.0,162.874119,finite_mle,joint_00850
BP,same_type_exponential_history;lr04_scaled;co2_scaled;mis6_segment;pre_phase_sin;pre_phase_cos,7,True,True,,-102.27613608116373,218.55227216232745,328.12442250838706,7.043057685891488,53.0,162.874119,finite_mle,joint_00850
B_ecc,same_type_exponential_history;lr04_scaled;co2_scaled;mis6_segment;ecc_scaled,6,True,True,,-109.37823876285803,230.75647752571606,,,53.0,162.874119,finite_mle,joint_00850
BP_ecc,same_type_exponential_history;lr04_scaled;co2_scaled;mis6_segment;pre_phase_sin;pre_phase_cos;ecc_scaled,8,True,True,,-101.6885532743776,219.3771065487552,326.957739748396,6.181005063252411,53.0,162.874119,finite_mle,joint_00850
B_obl,same_type_exponential_history;lr04_scaled;co2_scaled;mis6_segment;obl_scaled,6,True,True,,-111.20095678993371,234.40191357986743,,,53.0,162.874119,finite_mle,joint_00850
BP_obl,same_type_exponential_history;lr04_scaled;co2_scaled;mis6_segment;pre_phase_sin;pre_phase_cos;obl_scaled,8,True,True,,-101.4875091057431,218.9750182114862,328.20717281744885,8.404555514118261,53.0,162.874119,finite_mle,joint_00850
B_insol65n,same_type_exponential_history;lr04_scaled;co2_scaled;mis6_segment;insol65n_scaled,6,True,True,,-104.38491298814907,220.76982597629814,,,53.0,162.874119,finite_mle,joint_00850
BP_insol65n,same_type_exponential_history;lr04_scaled;co2_scaled;mis6_segment;pre_phase_sin;pre_phase_cos;insol65n_scaled,8,True,True,,-100.14264403549012,216.28528807098024,300.5842745172602,4.052135116766783,53.0,162.874119,finite_mle,joint_00850
B,same_type_exponential_history;lr04_scaled;co2_scaled;mis6_segment,5,True,True,,-111.36124732760626,232.72249465521253,,,53.0,166.31535000000002,finite_mle,joint_08546
BP,same_type_exponential_history;lr04_scaled;co2_scaled;mis6_segment;pre_phase_sin;pre_phase_cos,7,True,True,,-103.83297058439895,221.6659411687979,337.31751373049406,5.852764027767397,53.0,166.31535000000002,finite_mle,joint_08546
B_ecc,same_type_exponential_history;lr04_scaled;co2_scaled;mis6_segment;ecc_scaled,6,True,True,,-109.95802482701139,231.91604965402277,,,53.0,166.31535000000002,finite_mle,joint_08546
BP_ecc,same_type_exponential_history;lr04_scaled;co2_scaled;mis6_segment;pre_phase_sin;pre_phase_cos;ecc_scaled,8,True,True,,-103.44600149150506,222.89200298301012,336.940692773957,5.260598221324695,53.0,166.31535000000002,finite_mle,joint_08546
B_obl,same_type_exponential_history;lr04_scaled;co2_scaled;mis6_segment;obl_scaled,6,True,True,,-111.34649162642339,234.69298325284677,,,53.0,166.31535000000002,finite_mle,joint_08546
BP_obl,same_type_exponential_history;lr04_scaled;co2_scaled;mis6_segment;pre_phase_sin;pre_phase_cos;obl_scaled,8,True,True,,-103.57088710740243,223.14177421480485,337.1977423589305,6.397962535195116,53.0,166.31535000000002,finite_mle,joint_08546
B_insol65n,same_type_exponential_history;lr04_scaled;co2_scaled;mis6_segment;insol65n_scaled,6,True,True,,-106.31163200365616,224.62326400731232,,,53.0,166.31535000000002,finite_mle,joint_08546
BP_insol65n,same_type_exponential_history;lr04_scaled;co2_scaled;mis6_segment;pre_phase_sin;pre_phase_cos;insol65n_scaled,8,True,True,,-103.37803267797733,222.75606535595466,328.8074427712115,3.995707388417486,53.0,166.31535000000002,finite_mle,joint_08546
B,same_type_exponential_history;lr04_scaled;co2_scaled;mis6_segment,5,True,True,,-111.21554771449775,232.4310954289955,,,53.0,169.10294400000004,finite_mle,joint_04605
BP,same_type_exponential_history;lr04_scaled;co2_scaled;mis6_segment;pre_phase_sin;pre_phase_cos,7,True,True,,-105.54543824826085,225.0908764965217,333.3669431032253,4.420015865052546,53.0,169.10294400000004,finite_mle,joint_04605
B_ecc,same_type_exponential_history;lr04_scaled;co2_scaled;mis6_segment;ecc_scaled,6,True,True,,-110.41570392293858,232.83140784587715,,,53.0,169.10294400000004,finite_mle,joint_04605
BP_ecc,same_type_exponential_history;lr04_scaled;co2_scaled;mis6_segment;pre_phase_sin;pre_phase_cos;ecc_scaled,8,True,True,,-105.36325072731921,226.72650145463842,332.3279098519527,4.16180720443986,53.0,169.10294400000004,finite_mle,joint_04605
B_obl,same_type_exponential_history;lr04_scaled;co2_scaled;mis6_segment;obl_scaled,6,True,True,,-111.21553374544261,234.43106749088523,,,53.0,169.10294400000004,finite_mle,joint_04605
BP_obl,same_type_exponential_history;lr04_scaled;co2_scaled;mis6_segment;pre_phase_sin;pre_phase_cos;obl_scaled,8,True,True,,-105.2104900350754,226.4209800701508,333.07484622320055,4.898569046283383,53.0,169.10294400000004,finite_mle,joint_04605
B_insol65n,same_type_exponential_history;lr04_scaled;co2_scaled;mis6_segment;insol65n_scaled,6,True,True,,-107.5207397211134,227.0414794422268,,,53.0,169.10294400000004,finite_mle,joint_04605
BP_insol65n,same_type_exponential_history;lr04_scaled;co2_scaled;mis6_segment;pre_phase_sin;pre_phase_cos;insol65n_scaled,8,True,True,,-105.16443544277797,226.32887088555594,322.4369369499931,3.1923335370597017,53.0,169.10294400000004,finite_mle,joint_04605
B,same_type_exponential_history;lr04_scaled;co2_scaled;mis6_segment,5,True,True,,-110.61691752086482,231.23383504172963,,,53.0,163.997321,finite_mle,joint_02840
BP,same_type_exponential_history;lr04_scaled;co2_scaled;mis6_segment;pre_phase_sin;pre_phase_cos,7,True,True,,-101.68741769006198,217.37483538012395,329.45063498047165,7.083924073575062,53.0,163.997321,finite_mle,joint_02840
B_ecc,same_type_exponential_history;lr04_scaled;co2_scaled;mis6_segment;ecc_scaled,6,True,True,,-109.5322833033699,231.0645666067398,,,53.0,163.997321,finite_mle,joint_02840
BP_ecc,same_type_exponential_history;lr04_scaled;co2_scaled;mis6_segment;pre_phase_sin;pre_phase_cos;ecc_scaled,8,True,True,,-101.45864144773495,218.9172828954699,328.8012645956998,6.569049913515363,53.0,163.997321,finite_mle,joint_02840
B_obl,same_type_exponential_history;lr04_scaled;co2_scaled;mis6_segment;obl_scaled,6,True,True,,-110.6026524152079,233.2053048304158,,,53.0,163.997321,finite_mle,joint_02840
BP_obl,same_type_exponential_history;lr04_scaled;co2_scaled;mis6_segment;pre_phase_sin;pre_phase_cos;obl_scaled,8,True,True,,-100.6523200167044,217.3046400334088,329.68303230300035,8.889149590072853,53.0,163.997321,finite_mle,joint_02840
B_insol65n,same_type_exponential_history;lr04_scaled;co2_scaled;mis6_segment;insol65n_scaled,6,True,True,,-104.01634908173475,220.0326981634695,,,53.0,163.997321,finite_mle,joint_02840
BP_insol65n,same_type_exponential_history;lr04_scaled;co2_scaled;mis6_segment;pre_phase_sin;pre_phase_cos;insol65n_scaled,8,True,True,,-99.9992348138901,215.9984696277802,307.8088802448625,4.16976776283051,53.0,163.997321,finite_mle,joint_02840
B,same_type_exponential_history;lr04_scaled;co2_scaled;mis6_segment,5,True,True,,-111.48406998831626,232.96813997663253,,,53.0,167.092196,finite_mle,joint_06693
BP,same_type_exponential_history;lr04_scaled;co2_scaled;mis6_segment;pre_phase_sin;pre_phase_cos,7,True,True,,-103.90023762552838,221.80047525105675,330.6176071754012,5.634214252549866,53.0,167.092196,finite_mle,joint_06693
B_ecc,same_type_exponential_history;lr04_scaled;co2_scaled;mis6_segment;ecc_scaled,6,True,True,,-109.19423927166551,230.38847854333102,,,53.0,167.092196,finite_mle,joint_06693
BP_ecc,same_type_exponential_history;lr04_scaled;co2_scaled;mis6_segment;pre_phase_sin;pre_phase_cos;ecc_scaled,8,True,True,,-103.00746613554327,222.01493227108654,328.45026911700575,4.844385444821339,53.0,167.092196,finite_mle,joint_06693
B_obl,same_type_exponential_history;lr04_scaled;co2_scaled;mis6_segment;obl_scaled,6,True,True,,-111.47519899789197,234.95039799578393,,,53.0,167.092196,finite_mle,joint_06693
BP_obl,same_type_exponential_history;lr04_scaled;co2_scaled;mis6_segment;pre_phase_sin;pre_phase_cos;obl_scaled,8,True,True,,-103.36444160586802,222.72888321173605,330.33439731059593,6.36621612774244,53.0,167.092196,finite_mle,joint_06693
B_insol65n,same_type_exponential_history;lr04_scaled;co2_scaled;mis6_segment;insol65n_scaled,6,True,True,,-105.7832210692541,223.5664421385082,,,53.0,167.092196,finite_mle,joint_06693
BP_insol65n,same_type_exponential_history;lr04_scaled;co2_scaled;mis6_segment;pre_phase_sin;pre_phase_cos;insol65n_scaled,8,True,True,,-102.72965101377719,221.45930202755437,309.1555834995415,3.380271246370185,53.0,167.092196,finite_mle,joint_06693
B,same_type_exponential_history;lr04_scaled;co2_scaled;mis6_segment,5,True,True,,-110.42056435676126,230.84112871352252,,,53.0,163.67795900000002,finite_mle,joint_08935
BP,same_type_exponential_history;lr04_scaled;co2_scaled;mis6_segment;pre_phase_sin;pre_phase_cos,7,True,True,,-103.77427187591661,221.54854375183322,328.71058212962214,5.1082840348679275,53.0,163.67795900000002,finite_mle,joint_08935
B_ecc,same_type_exponential_history;lr04_scaled;co2_scaled;mis6_segment;ecc_scaled,6,True,True,,-108.85477330809627,229.70954661619254,,,53.0,163.67795900000002,finite_mle,joint_08935
BP_ecc,same_type_exponential_history;lr04_scaled;co2_scaled;mis6_segment;pre_phase_sin;pre_phase_cos;ecc_scaled,8,True,True,,-103.22112026421793,222.44224052843586,327.02515853030843,4.549397994943667,53.0,163.67795900000002,finite_mle,joint_08935
B_obl,same_type_exponential_history;lr04_scaled;co2_scaled;mis6_segment;obl_scaled,6,True,True,,-110.40072706136108,232.80145412272216,,,53.0,163.67795900000002,finite_mle,joint_08935
BP_obl,same_type_exponential_history;lr04_scaled;co2_scaled;mis6_segment;pre_phase_sin;pre_phase_cos;obl_scaled,8,True,True,,-103.0664561358425,222.132912271685,328.88985050324897,5.956468673195083,53.0,163.67795900000002,finite_mle,joint_08935
B_insol65n,same_type_exponential_history;lr04_scaled;co2_scaled;mis6_segment;insol65n_scaled,6,True,True,,-105.70372686334154,223.4074537266831,,,53.0,163.67795900000002,finite_mle,joint_08935
BP_insol65n,same_type_exponential_history;lr04_scaled;co2_scaled;mis6_segment;pre_phase_sin;pre_phase_cos;insol65n_scaled,8,True,True,,-102.84826499731645,221.6965299946329,309.77762009293883,3.296721904957983,53.0,163.67795900000002,finite_mle,joint_08935
B,same_type_exponential_history;lr04_scaled;co2_scaled;mis6_segment,5,True,True,,-111.15681569319841,232.31363138639682,,,53.0,166.22801100000004,finite_mle,joint_02031
BP,same_type_exponential_history;lr04_scaled;co2_scaled;mis6_segment;pre_phase_sin;pre_phase_cos,7,True,True,,-105.7778416560906,225.5556833121812,330.24646853541265,4.179413826753711,53.0,166.22801100000004,finite_mle,joint_02031
B_ecc,same_type_exponential_history;lr04_scaled;co2_scaled;mis6_segment;ecc_scaled,6,True,True,,-109.06650824564048,230.13301649128096,,,53.0,166.22801100000004,finite_mle,joint_02031
BP_ecc,same_type_exponential_history;lr04_scaled;co2_scaled;mis6_segment;pre_phase_sin;pre_phase_cos;ecc_scaled,8,True,True,,-104.84012833217966,225.68025666435932,328.3564522740461,3.5991992915700197,53.0,166.22801100000004,finite_mle,joint_02031
B_obl,same_type_exponential_history;lr04_scaled;co2_scaled;mis6_segment;obl_scaled,6,True,True,,-111.10542673035046,234.21085346070092,,,53.0,166.22801100000004,finite_mle,joint_02031
BP_obl,same_type_exponential_history;lr04_scaled;co2_scaled;mis6_segment;pre_phase_sin;pre_phase_cos;obl_scaled,8,True,True,,-105.18266600325907,226.36533200651814,330.3758958938982,4.717698510895322,53.0,166.22801100000004,finite_mle,joint_02031
B_insol65n,same_type_exponential_history;lr04_scaled;co2_scaled;mis6_segment;insol65n_scaled,6,True,True,,-107.00681071519395,226.0136214303879,,,53.0,166.22801100000004,finite_mle,joint_02031
BP_insol65n,same_type_exponential_history;lr04_scaled;co2_scaled;mis6_segment;pre_phase_sin;pre_phase_cos;insol65n_scaled,8,True,True,,-104.98434331567503,225.96868663135007,310.50974293683055,2.7101688076710584,53.0,166.22801100000004,finite_mle,joint_02031
B,same_type_exponential_history;lr04_scaled;co2_scaled;mis6_segment,5,True,True,,-111.27614734919942,232.55229469839884,,,53.0,164.97920600000003,finite_mle,joint_02336
BP,same_type_exponential_history;lr04_scaled;co2_scaled;mis6_segment;pre_phase_sin;pre_phase_cos,7,True,True,,-99.97569348548858,213.95138697097715,326.74074117600975,9.911854532301755,53.0,164.97920600000003,finite_mle,joint_02336
B_ecc,same_type_exponential_history;lr04_scaled;co2_scaled;mis6_segment;ecc_scaled,6,True,True,,-109.08310133813879,230.16620267627758,,,53.0,164.97920600000003,finite_mle,joint_02336
BP_ecc,same_type_exponential_history;lr04_scaled;co2_scaled;mis6_segment;pre_phase_sin;pre_phase_cos;ecc_scaled,8,True,True,,-99.15870210713706,214.31740421427412,325.60520338960043,8.63135831083552,53.0,164.97920600000003,finite_mle,joint_02336
B_obl,same_type_exponential_history;lr04_scaled;co2_scaled;mis6_segment;obl_scaled,6,True,True,,-111.27033543258995,234.5406708651799,,,53.0,164.97920600000003,finite_mle,joint_02336
BP_obl,same_type_exponential_history;lr04_scaled;co2_scaled;mis6_segment;pre_phase_sin;pre_phase_cos;obl_scaled,8,True,True,,-98.67961221398721,213.35922442797442,326.8363270029247,13.066581498902513,53.0,164.97920600000003,finite_mle,joint_02336
B_insol65n,same_type_exponential_history;lr04_scaled;co2_scaled;mis6_segment;insol65n_scaled,6,True,True,,-103.80140559210051,219.60281118420102,,,53.0,164.97920600000003,finite_mle,joint_02336
BP_insol65n,same_type_exponential_history;lr04_scaled;co2_scaled;mis6_segment;pre_phase_sin;pre_phase_cos;insol65n_scaled,8,True,True,,-97.96567862377023,211.93135724754046,306.00727784975993,5.859333814030915,53.0,164.97920600000003,finite_mle,joint_02336
B,same_type_exponential_history;lr04_scaled;co2_scaled;mis6_segment,5,True,True,,-110.23986232383444,230.4797246476689,,,53.0,160.89939600000002,finite_mle,joint_05174
BP,same_type_exponential_history;lr04_scaled;co2_scaled;mis6_segment;pre_phase_sin;pre_phase_cos,7,True,True,,-101.22612273411275,216.4522454682255,318.5611839238386,7.412069509592491,53.0,160.89939600000002,finite_mle,joint_05174
B_ecc,same_type_exponential_history;lr04_scaled;co2_scaled;mis6_segment;ecc_scaled,6,True,True,,-107.85924782510833,227.71849565021665,,,53.0,160.89939600000002,finite_mle,joint_05174
BP_ecc,same_type_exponential_history;lr04_scaled;co2_scaled;mis6_segment;pre_phase_sin;pre_phase_cos;ecc_scaled,8,True,True,,-99.8097630755577,215.6195261511154,316.3220423727879,6.636414197126118,53.0,160.89939600000002,finite_mle,joint_05174
B_obl,same_type_exponential_history;lr04_scaled;co2_scaled;mis6_segment;obl_scaled,6,True,True,,-110.18075330597,232.36150661194,,,53.0,160.89939600000002,finite_mle,joint_05174
BP_obl,same_type_exponential_history;lr04_scaled;co2_scaled;mis6_segment;pre_phase_sin;pre_phase_cos;obl_scaled,8,True,True,,-99.48849129718587,214.97698259437175,319.1037986174446,10.245809842323155,53.0,160.89939600000002,finite_mle,joint_05174
B_insol65n,same_type_exponential_history;lr04_scaled;co2_scaled;mis6_segment;insol65n_scaled,6,True,True,,-105.47347402987542,222.94694805975084,,,53.0,160.89939600000002,finite_mle,joint_05174
BP_insol65n,same_type_exponential_history;lr04_scaled;co2_scaled;mis6_segment;pre_phase_sin;pre_phase_cos;insol65n_scaled,8,True,True,,-99.66311427552142,215.32622855104285,295.280540631994,5.159160509068897,53.0,160.89939600000002,finite_mle,joint_05174
B,same_type_exponential_history;lr04_scaled;co2_scaled;mis6_segment,5,True,True,,-111.90972644871404,233.81945289742808,,,53.0,168.32246200000003,finite_mle,joint_07983
BP,same_type_exponential_history;lr04_scaled;co2_scaled;mis6_segment;pre_phase_sin;pre_phase_cos,7,True,True,,-101.89335523430188,217.78671046860376,329.7165762151905,7.909734596874683,53.0,168.32246200000003,finite_mle,joint_07983
B_ecc,same_type_exponential_history;lr04_scaled;co2_scaled;mis6_segment;ecc_scaled,6,True,True,,-109.42684229931929,230.85368459863858,,,53.0,168.32246200000003,finite_mle,joint_07983
BP_ecc,same_type_exponential_history;lr04_scaled;co2_scaled;mis6_segment;pre_phase_sin;pre_phase_cos;ecc_scaled,8,True,True,,-100.94590454842219,217.89180909684438,327.7208569349332,6.817228008241764,53.0,168.32246200000003,finite_mle,joint_07983
B_obl,same_type_exponential_history;lr04_scaled;co2_scaled;mis6_segment;obl_scaled,6,True,True,,-111.90255234553322,235.80510469106645,,,53.0,168.32246200000003,finite_mle,joint_07983
BP_obl,same_type_exponential_history;lr04_scaled;co2_scaled;mis6_segment;pre_phase_sin;pre_phase_cos;obl_scaled,8,True,True,,-101.49337656118061,218.98675312236122,329.6504878439947,8.828620474286513,53.0,168.32246200000003,finite_mle,joint_07983
B_insol65n,same_type_exponential_history;lr04_scaled;co2_scaled;mis6_segment;insol65n_scaled,6,True,True,,-105.8702377647165,223.740475529433,,,53.0,168.32246200000003,finite_mle,joint_07983
BP_insol65n,same_type_exponential_history;lr04_scaled;co2_scaled;mis6_segment;pre_phase_sin;pre_phase_cos;insol65n_scaled,8,True,True,,-101.20034673218373,218.40069346436746,317.8545405192602,5.206084108003117,53.0,168.32246200000003,finite_mle,joint_07983
B,same_type_exponential_history;lr04_scaled;co2_scaled;mis6_segment,5,True,True,,-111.05843603149404,232.11687206298808,,,53.0,163.87549700000005,finite_mle,joint_00147
BP,same_type_exponential_history;lr04_scaled;co2_scaled;mis6_segment;pre_phase_sin;pre_phase_cos,7,True,True,,-100.4664875811151,214.9329751622302,330.37672213964333,9.241822720729076,53.0,163.87549700000005,finite_mle,joint_00147
B_ecc,same_type_exponential_history;lr04_scaled;co2_scaled;mis6_segment;ecc_scaled,6,True,True,,-108.62117418463433,229.24234836926865,,,53.0,163.87549700000005,finite_mle,joint_00147
BP_ecc,same_type_exponential_history;lr04_scaled;co2_scaled;mis6_segment;pre_phase_sin;pre_phase_cos;ecc_scaled,8,True,True,,-99.56358546045695,215.1271709209139,329.2800811984222,7.880837056210655,53.0,163.87549700000005,finite_mle,joint_00147
B_obl,same_type_exponential_history;lr04_scaled;co2_scaled;mis6_segment;obl_scaled,6,True,True,,-111.05804451044149,234.11608902088298,,,53.0,163.87549700000005,finite_mle,joint_00147
BP_obl,same_type_exponential_history;lr04_scaled;co2_scaled;mis6_segment;pre_phase_sin;pre_phase_cos;obl_scaled,8,True,True,,-99.61620520243886,215.23241040487773,330.2229052291706,11.428765925334217,53.0,163.87549700000005,finite_mle,joint_00147
B_insol65n,same_type_exponential_history;lr04_scaled;co2_scaled;mis6_segment;insol65n_scaled,6,True,True,,-103.67436091704027,219.34872183408055,,,53.0,163.87549700000005,finite_mle,joint_00147
BP_insol65n,same_type_exponential_history;lr04_scaled;co2_scaled;mis6_segment;pre_phase_sin;pre_phase_cos;insol65n_scaled,8,True,True,,-98.75188786030358,213.50377572060717,310.44010091325947,5.237618235808771,53.0,163.87549700000005,finite_mle,joint_00147
B,same_type_exponential_history;lr04_scaled;co2_scaled;mis6_segment,5,True,True,,-112.58961874112077,235.17923748224155,,,53.0,169.82854600000002,finite_mle,joint_05173
BP,same_type_exponential_history;lr04_scaled;co2_scaled;mis6_segment;pre_phase_sin;pre_phase_cos,7,True,True,,-104.93915115691243,223.87830231382486,338.41533150093625,5.850208080909079,53.0,169.82854600000002,finite_mle,joint_05173
B_ecc,same_type_exponential_history;lr04_scaled;co2_scaled;mis6_segment;ecc_scaled,6,True,True,,-110.98977684154131,233.97955368308263,,,53.0,169.82854600000002,finite_mle,joint_05173
BP_ecc,same_type_exponential_history;lr04_scaled;co2_scaled;mis6_segment;pre_phase_sin;pre_phase_cos;ecc_scaled,8,True,True,,-104.36843061117776,224.73686122235551,337.48218281128436,5.222618889536307,53.0,169.82854600000002,finite_mle,joint_05173
B_obl,same_type_exponential_history;lr04_scaled;co2_scaled;mis6_segment;obl_scaled,6,True,True,,-112.55011273538904,237.10022547077807,,,53.0,169.82854600000002,finite_mle,joint_05173
BP_obl,same_type_exponential_history;lr04_scaled;co2_scaled;mis6_segment;pre_phase_sin;pre_phase_cos;obl_scaled,8,True,True,,-104.07009608548407,224.14019217096813,337.44979515855397,7.0151774427833855,53.0,169.82854600000002,finite_mle,joint_05173
B_insol65n,same_type_exponential_history;lr04_scaled;co2_scaled;mis6_segment;insol65n_scaled,6,True,True,,-105.59407148420827,223.18814296841654,,,53.0,169.82854600000002,finite_mle,joint_05173
BP_insol65n,same_type_exponential_history;lr04_scaled;co2_scaled;mis6_segment;pre_phase_sin;pre_phase_cos;insol65n_scaled,8,True,True,,-103.2582149707344,222.5164299414688,315.52375311423384,3.036588792547061,53.0,169.82854600000002,finite_mle,joint_05173
B,same_type_exponential_history;lr04_scaled;co2_scaled;mis6_segment,5,True,True,,-111.27451430120215,232.5490286024043,,,53.0,163.68800100000004,finite_mle,joint_09164
BP,same_type_exponential_history;lr04_scaled;co2_scaled;mis6_segment;pre_phase_sin;pre_phase_cos,7,True,True,,-101.01939488368808,216.03878976737616,321.77772207225576,8.496923684863873,53.0,163.68800100000004,finite_mle,joint_09164
B_ecc,same_type_exponential_history;lr04_scaled;co2_scaled;mis6_segment;ecc_scaled,6,True,True,,-108.40954960277611,228.81909920555222,,,53.0,163.68800100000004,finite_mle,joint_09164
BP_ecc,same_type_exponential_history;lr04_scaled;co2_scaled;mis6_segment;pre_phase_sin;pre_phase_cos;ecc_scaled,8,True,True,,-99.62257948928504,215.2451589785701,319.9283070658507,7.267756100112849,53.0,163.68800100000004,finite_mle,joint_09164
B_obl,same_type_exponential_history;lr04_scaled;co2_scaled;mis6_segment;obl_scaled,6,True,True,,-111.27248839949887,234.54497679899774,,,53.0,163.68800100000004,finite_mle,joint_09164
BP_obl,same_type_exponential_history;lr04_scaled;co2_scaled;mis6_segment;pre_phase_sin;pre_phase_cos;obl_scaled,8,True,True,,-100.14881158335987,216.29762316671975,322.290963846977,10.242873949864691,53.0,163.68800100000004,finite_mle,joint_09164
B_insol65n,same_type_exponential_history;lr04_scaled;co2_scaled;mis6_segment;insol65n_scaled,6,True,True,,-105.82571474685491,223.65142949370983,,,53.0,163.68800100000004,finite_mle,joint_09164
BP_insol65n,same_type_exponential_history;lr04_scaled;co2_scaled;mis6_segment;pre_phase_sin;pre_phase_cos;insol65n_scaled,8,True,True,,-99.99535110124592,215.99070220249183,305.3337855022081,5.7195705909799335,53.0,163.68800100000004,finite_mle,joint_09164
B,same_type_exponential_history;lr04_scaled;co2_scaled;mis6_segment,5,True,True,,-111.9725700548568,233.9451401097136,,,53.0,166.78217800000004,finite_mle,joint_02532
BP,same_type_exponential_history;lr04_scaled;co2_scaled;mis6_segment;pre_phase_sin;pre_phase_cos,7,True,True,,-103.67259455931861,221.34518911863722,337.50591748590216,6.37630672610727,53.0,166.78217800000004,finite_mle,joint_02532
B_ecc,same_type_exponential_history;lr04_scaled;co2_scaled;mis6_segment;ecc_scaled,6,True,True,,-109.72299390071072,231.44598780142144,,,53.0,166.78217800000004,finite_mle,joint_02532
BP_ecc,same_type_exponential_history;lr04_scaled;co2_scaled;mis6_segment;pre_phase_sin;pre_phase_cos;ecc_scaled,8,True,True,,-102.8139232044989,221.6278464089978,336.3648689234703,5.491119226915188,53.0,166.78217800000004,finite_mle,joint_02532
B_obl,same_type_exponential_history;lr04_scaled;co2_scaled;mis6_segment;obl_scaled,6,True,True,,-111.96375294872882,235.92750589745765,,,53.0,166.78217800000004,finite_mle,joint_02532
BP_obl,same_type_exponential_history;lr04_scaled;co2_scaled;mis6_segment;pre_phase_sin;pre_phase_cos;obl_scaled,8,True,True,,-103.33429637512788,222.66859275025575,336.92872263778656,7.101568973289456,53.0,166.78217800000004,finite_mle,joint_02532
B_insol65n,same_type_exponential_history;lr04_scaled;co2_scaled;mis6_segment;insol65n_scaled,6,True,True,,-105.63326814658478,223.26653629316957,,,53.0,166.78217800000004,finite_mle,joint_02532
BP_insol65n,same_type_exponential_history;lr04_scaled;co2_scaled;mis6_segment;pre_phase_sin;pre_phase_cos;insol65n_scaled,8,True,True,,-102.66285889943293,221.32571779886587,321.9854002351235,3.7180232248660077,53.0,166.78217800000004,finite_mle,joint_02532
B,same_type_exponential_history;lr04_scaled;co2_scaled;mis6_segment,5,True,True,,-111.06942088887145,232.1388417777429,,,53.0,166.83982400000002,finite_mle,joint_09596
BP,same_type_exponential_history;lr04_scaled;co2_scaled;mis6_segment;pre_phase_sin;pre_phase_cos,7,True,True,,-105.26026482353333,224.52052964706667,327.03651464902487,4.3748831501208345,53.0,166.83982400000002,finite_mle,joint_09596
B_ecc,same_type_exponential_history;lr04_scaled;co2_scaled;mis6_segment;ecc_scaled,6,True,True,,-109.24307173603543,230.48614347207086,,,53.0,166.83982400000002,finite_mle,joint_09596
BP_ecc,same_type_exponential_history;lr04_scaled;co2_scaled;mis6_segment;pre_phase_sin;pre_phase_cos;ecc_scaled,8,True,True,,-104.50978166438213,225.01956332876426,324.44837133664424,3.832775044391758,53.0,166.83982400000002,finite_mle,joint_09596
B_obl,same_type_exponential_history;lr04_scaled;co2_scaled;mis6_segment;obl_scaled,6,True,True,,-111.03834925066076,234.07669850132152,,,53.0,166.83982400000002,finite_mle,joint_09596
BP_obl,same_type_exponential_history;lr04_scaled;co2_scaled;mis6_segment;pre_phase_sin;pre_phase_cos;obl_scaled,8,True,True,,-104.64953499016892,225.29906998033783,326.920862654681,4.9818498793321195,53.0,166.83982400000002,finite_mle,joint_09596
B_insol65n,same_type_exponential_history;lr04_scaled;co2_scaled;mis6_segment;insol65n_scaled,6,True,True,,-106.61996871841697,225.23993743683394,,,53.0,166.83982400000002,finite_mle,joint_09596
BP_insol65n,same_type_exponential_history;lr04_scaled;co2_scaled;mis6_segment;pre_phase_sin;pre_phase_cos;insol65n_scaled,8,True,True,,-104.05860248724386,224.11720497448772,299.39201526285166,2.8113264201454493,53.0,166.83982400000002,finite_mle,joint_09596
B,same_type_exponential_history;lr04_scaled;co2_scaled;mis6_segment,5,True,True,,-111.29477773887845,232.5895554777569,,,53.0,163.90917700000006,finite_mle,joint_07231
BP,same_type_exponential_history;lr04_scaled;co2_scaled;mis6_segment;pre_phase_sin;pre_phase_cos,7,True,True,,-101.72374373958746,217.44748747917492,330.4939447648801,8.132922170848204,53.0,163.90917700000006,finite_mle,joint_07231
B_ecc,same_type_exponential_history;lr04_scaled;co2_scaled;mis6_segment;ecc_scaled,6,True,True,,-109.08631029308249,230.17262058616498,,,53.0,163.90917700000006,finite_mle,joint_07231
BP_ecc,same_type_exponential_history;lr04_scaled;co2_scaled;mis6_segment;pre_phase_sin;pre_phase_cos;ecc_scaled,8,True,True,,-100.94561562510629,217.89123125021257,329.4831891630627,6.989713414264936,53.0,163.90917700000006,finite_mle,joint_07231
B_obl,same_type_exponential_history;lr04_scaled;co2_scaled;mis6_segment;obl_scaled,6,True,True,,-111.27167049175299,234.54334098350597,,,53.0,163.90917700000006,finite_mle,joint_07231
BP_obl,same_type_exponential_history;lr04_scaled;co2_scaled;mis6_segment;pre_phase_sin;pre_phase_cos;obl_scaled,8,True,True,,-101.2841858218584,218.5683716437168,330.5493263806902,9.34008055106806,53.0,163.90917700000006,finite_mle,joint_07231
B_insol65n,same_type_exponential_history;lr04_scaled;co2_scaled;mis6_segment;insol65n_scaled,6,True,True,,-105.03760937993891,222.07521875987783,,,53.0,163.90917700000006,finite_mle,joint_07231
BP_insol65n,same_type_exponential_history;lr04_scaled;co2_scaled;mis6_segment;pre_phase_sin;pre_phase_cos;insol65n_scaled,8,True,True,,-100.59168490153397,217.18336980306793,314.99939820415955,4.976939811039546,53.0,163.90917700000006,finite_mle,joint_07231
B,same_type_exponential_history;lr04_scaled;co2_scaled;mis6_segment,5,True,True,,-111.77643661967655,233.5528732393531,,,53.0,166.38085700000002,finite_mle,joint_05955
BP,same_type_exponential_history;lr04_scaled;co2_scaled;mis6_segment;pre_phase_sin;pre_phase_cos,7,True,True,,-105.10832673307294,224.21665346614589,319.18702652731923,4.929723890273603,53.0,166.38085700000002,finite_mle,joint_05955
B_ecc,same_type_exponential_history;lr04_scaled;co2_scaled;mis6_segment;ecc_scaled,6,True,True,,-109.41661819515241,230.83323639030482,,,53.0,166.38085700000002,finite_mle,joint_05955
BP_ecc,same_type_exponential_history;lr04_scaled;co2_scaled;mis6_segment;pre_phase_sin;pre_phase_cos;ecc_scaled,8,True,True,,-103.99447955928082,223.98895911856164,315.90596715965773,4.241154082431379,53.0,166.38085700000002,finite_mle,joint_05955
B_obl,same_type_exponential_history;lr04_scaled;co2_scaled;mis6_segment;obl_scaled,6,True,True,,-111.74161155648868,235.48322311297736,,,53.0,166.38085700000002,finite_mle,joint_05955
BP_obl,same_type_exponential_history;lr04_scaled;co2_scaled;mis6_segment;pre_phase_sin;pre_phase_cos;obl_scaled,8,True,True,,-104.49089086272548,224.98178172545096,319.9625603006056,5.51468685783599,53.0,166.38085700000002,finite_mle,joint_05955
B_insol65n,same_type_exponential_history;lr04_scaled;co2_scaled;mis6_segment;insol65n_scaled,6,True,True,,-107.63245832408043,227.26491664816086,,,53.0,166.38085700000002,finite_mle,joint_05955
BP_insol65n,same_type_exponential_history;lr04_scaled;co2_scaled;mis6_segment;pre_phase_sin;pre_phase_cos;insol65n_scaled,8,True,True,,-104.06259689918085,224.1251937983617,295.54423552773903,3.4128269213908715,53.0,166.38085700000002,finite_mle,joint_05955
B,same_type_exponential_history;lr04_scaled;co2_scaled;mis6_segment,5,True,True,,-110.93818666366036,231.87637332732072,,,53.0,167.56567800000005,finite_mle,joint_09073
BP,same_type_exponential_history;lr04_scaled;co2_scaled;mis6_segment;pre_phase_sin;pre_phase_cos,7,True,True,,-102.24010336069585,218.4802067213917,330.3268250404646,6.6692136078893585,53.0,167.56567800000005,finite_mle,joint_09073
B_ecc,same_type_exponential_history;lr04_scaled;co2_scaled;mis6_segment;ecc_scaled,6,True,True,,-109.76385164899462,231.52770329798923,,,53.0,167.56567800000005,finite_mle,joint_09073
BP_ecc,same_type_exponential_history;lr04_scaled;co2_scaled;mis6_segment;pre_phase_sin;pre_phase_cos;ecc_scaled,8,True,True,,-102.00547206149739,220.01094412299477,329.42206864285697,6.169195446942656,53.0,167.56567800000005,finite_mle,joint_09073
B_obl,same_type_exponential_history;lr04_scaled;co2_scaled;mis6_segment;obl_scaled,6,True,True,,-110.93769713502766,233.87539427005532,,,53.0,167.56567800000005,finite_mle,joint_09073
BP_obl,same_type_exponential_history;lr04_scaled;co2_scaled;mis6_segment;pre_phase_sin;pre_phase_cos;obl_scaled,8,True,True,,-101.62072965698414,219.24145931396828,330.32707477449674,7.767735982139516,53.0,167.56567800000005,finite_mle,joint_09073
B_insol65n,same_type_exponential_history;lr04_scaled;co2_scaled;mis6_segment;insol65n_scaled,6,True,True,,-104.88211907303145,221.7642381460629,,,53.0,167.56567800000005,finite_mle,joint_09073
BP_insol65n,same_type_exponential_history;lr04_scaled;co2_scaled;mis6_segment;pre_phase_sin;pre_phase_cos;insol65n_scaled,8,True,True,,-101.12801765398052,218.25603530796104,313.20802403371863,4.116195498378849,53.0,167.56567800000005,finite_mle,joint_09073
B,same_type_exponential_history;lr04_scaled;co2_scaled;mis6_segment,5,True,True,,-111.87897169580245,233.7579433916049,,,53.0,169.8195,finite_mle,joint_08639
BP,same_type_exponential_history;lr04_scaled;co2_scaled;mis6_segment;pre_phase_sin;pre_phase_cos,7,True,True,,-106.44198067564238,226.88396135128477,336.63510500058254,4.237594755861671,53.0,169.8195,finite_mle,joint_08639
B_ecc,same_type_exponential_history;lr04_scaled;co2_scaled;mis6_segment;ecc_scaled,6,True,True,,-110.96630630980832,233.93261261961663,,,53.0,169.8195,finite_mle,joint_08639
BP_ecc,same_type_exponential_history;lr04_scaled;co2_scaled;mis6_segment;pre_phase_sin;pre_phase_cos;ecc_scaled,8,True,True,,-106.1690071414784,228.3380142829568,335.8156540145753,3.950281990627347,53.0,169.8195,finite_mle,joint_08639
B_obl,same_type_exponential_history;lr04_scaled;co2_scaled;mis6_segment;obl_scaled,6,True,True,,-111.87842063525038,235.75684127050076,,,53.0,169.8195,finite_mle,joint_08639
BP_obl,same_type_exponential_history;lr04_scaled;co2_scaled;mis6_segment;pre_phase_sin;pre_phase_cos;obl_scaled,8,True,True,,-106.13596602732653,228.27193205465306,336.16844239017865,4.680694858857505,53.0,169.8195,finite_mle,joint_08639
B_insol65n,same_type_exponential_history;lr04_scaled;co2_scaled;mis6_segment;insol65n_scaled,6,True,True,,-108.34301532649582,228.68603065299163,,,53.0,169.8195,finite_mle,joint_08639
BP_insol65n,same_type_exponential_history;lr04_scaled;co2_scaled;mis6_segment;pre_phase_sin;pre_phase_cos;insol65n_scaled,8,True,True,,-106.15415048983041,228.30830097966083,327.9955908462324,3.1535279134788596,53.0,169.8195,finite_mle,joint_08639
B,same_type_exponential_history;lr04_scaled;co2_scaled;mis6_segment,5,True,True,,-111.46322088756897,232.92644177513793,,,53.0,165.53305400000005,finite_mle,joint_03891
BP,same_type_exponential_history;lr04_scaled;co2_scaled;mis6_segment;pre_phase_sin;pre_phase_cos,7,True,True,,-103.71292805259608,221.42585610519217,327.881806651083,5.919819390204333,53.0,165.53305400000005,finite_mle,joint_03891
B_ecc,same_type_exponential_history;lr04_scaled;co2_scaled;mis6_segment;ecc_scaled,6,True,True,,-109.4049417491052,230.8098834982104,,,53.0,165.53305400000005,finite_mle,joint_03891
BP_ecc,same_type_exponential_history;lr04_scaled;co2_scaled;mis6_segment;pre_phase_sin;pre_phase_cos;ecc_scaled,8,True,True,,-102.8955432472491,221.7910864944982,326.2563797363992,5.153926432105142,53.0,165.53305400000005,finite_mle,joint_03891
B_obl,same_type_exponential_history;lr04_scaled;co2_scaled;mis6_segment;obl_scaled,6,True,True,,-111.4170976200551,234.8341952401102,,,53.0,165.53305400000005,finite_mle,joint_03891
BP_obl,same_type_exponential_history;lr04_scaled;co2_scaled;mis6_segment;pre_phase_sin;pre_phase_cos;obl_scaled,8,True,True,,-102.6630109978523,221.3260219957046,327.90307846059255,7.3045174826814145,53.0,165.53305400000005,finite_mle,joint_03891
B_insol65n,same_type_exponential_history;lr04_scaled;co2_scaled;mis6_segment;insol65n_scaled,6,True,True,,-105.15149690475637,222.30299380951274,,,53.0,165.53305400000005,finite_mle,joint_03891
BP_insol65n,same_type_exponential_history;lr04_scaled;co2_scaled;mis6_segment;pre_phase_sin;pre_phase_cos;insol65n_scaled,8,True,True,,-101.66242571244689,219.32485142489378,298.32654485288884,3.469623610155594,53.0,165.53305400000005,finite_mle,joint_03891
B,same_type_exponential_history;lr04_scaled;co2_scaled;mis6_segment,5,True,True,,-111.29560458582117,232.59120917164233,,,53.0,166.45946300000003,finite_mle,joint_07635
BP,same_type_exponential_history;lr04_scaled;co2_scaled;mis6_segment;pre_phase_sin;pre_phase_cos,7,True,True,,-103.97929552780428,221.95859105560857,324.4139082933752,5.421560166631151,53.0,166.45946300000003,finite_mle,joint_07635
B_ecc,same_type_exponential_history;lr04_scaled;co2_scaled;mis6_segment;ecc_scaled,6,True,True,,-109.17553376277539,230.35106752555077,,,53.0,166.45946300000003,finite_mle,joint_07635
BP_ecc,same_type_exponential_history;lr04_scaled;co2_scaled;mis6_segment;pre_phase_sin;pre_phase_cos;ecc_scaled,8,True,True,,-103.15634596150457,222.31269192300914,321.6610481124445,4.710850049965983,53.0,166.45946300000003,finite_mle,joint_07635
B_obl,same_type_exponential_history;lr04_scaled;co2_scaled;mis6_segment;obl_scaled,6,True,True,,-111.27617652845518,234.55235305691036,,,53.0,166.45946300000003,finite_mle,joint_07635
BP_obl,same_type_exponential_history;lr04_scaled;co2_scaled;mis6_segment;pre_phase_sin;pre_phase_cos;obl_scaled,8,True,True,,-103.30343694919969,222.60687389839939,324.5882214153208,6.25435568272244,53.0,166.45946300000003,finite_mle,joint_07635
B_insol65n,same_type_exponential_history;lr04_scaled;co2_scaled;mis6_segment;insol65n_scaled,6,True,True,,-106.09565715232957,224.19131430465913,,,53.0,166.45946300000003,finite_mle,joint_07635
BP_insol65n,same_type_exponential_history;lr04_scaled;co2_scaled;mis6_segment;pre_phase_sin;pre_phase_cos;insol65n_scaled,8,True,True,,-102.56499158975922,221.12998317951843,298.16747179141385,3.4531537263773537,53.0,166.45946300000003,finite_mle,joint_07635
B,same_type_exponential_history;lr04_scaled;co2_scaled;mis6_segment,5,True,True,,-111.0159848741379,232.0319697482758,,,53.0,168.74390700000004,finite_mle,joint_06444
BP,same_type_exponential_history;lr04_scaled;co2_scaled;mis6_segment;pre_phase_sin;pre_phase_cos,7,True,True,,-105.2696573542109,224.5393147084218,338.604867483754,4.4588140811696375,53.0,168.74390700000004,finite_mle,joint_06444
B_ecc,same_type_exponential_history;lr04_scaled;co2_scaled;mis6_segment;ecc_scaled,6,True,True,,-110.11208258112003,232.22416516224007,,,53.0,168.74390700000004,finite_mle,joint_06444
BP_ecc,same_type_exponential_history;lr04_scaled;co2_scaled;mis6_segment;pre_phase_sin;pre_phase_cos;ecc_scaled,8,True,True,,-105.0424547235298,226.0849094470596,337.9954985852202,4.14847452358996,53.0,168.74390700000004,finite_mle,joint_06444
B_obl,same_type_exponential_history;lr04_scaled;co2_scaled;mis6_segment;obl_scaled,6,True,True,,-111.01597422695349,234.03194845390698,,,53.0,168.74390700000004,finite_mle,joint_06444
BP_obl,same_type_exponential_history;lr04_scaled;co2_scaled;mis6_segment;pre_phase_sin;pre_phase_cos;obl_scaled,8,True,True,,-104.93544508536866,225.8708901707373,338.0963292095947,4.946367667267155,53.0,168.74390700000004,finite_mle,joint_06444
B_insol65n,same_type_exponential_history;lr04_scaled;co2_scaled;mis6_segment;insol65n_scaled,6,True,True,,-107.21412012406188,226.42824024812376,,,53.0,168.74390700000004,finite_mle,joint_06444
BP_insol65n,same_type_exponential_history;lr04_scaled;co2_scaled;mis6_segment;pre_phase_sin;pre_phase_cos;insol65n_scaled,8,True,True,,-105.00014553630598,226.00029107261196,331.2470020713729,3.306253156617239,53.0,168.74390700000004,finite_mle,joint_06444
B,same_type_exponential_history;lr04_scaled;co2_scaled;mis6_segment,5,True,True,,-111.0635910549255,232.127182109851,,,53.0,165.6273,finite_mle,joint_05619
BP,same_type_exponential_history;lr04_scaled;co2_scaled;mis6_segment;pre_phase_sin;pre_phase_cos,7,True,True,,-103.08819220997601,220.17638441995203,332.59851915083107,6.238367727077005,53.0,165.6273,finite_mle,joint_05619
B_ecc,same_type_exponential_history;lr04_scaled;co2_scaled;mis6_segment;ecc_scaled,6,True,True,,-109.91201726592043,231.82403453184085,,,53.0,165.6273,finite_mle,joint_05619
BP_ecc,same_type_exponential_history;lr04_scaled;co2_scaled;mis6_segment;pre_phase_sin;pre_phase_cos;ecc_scaled,8,True,True,,-102.8481426328959,221.6962852657918,331.8588650191112,5.748053134045733,53.0,165.6273,finite_mle,joint_05619
B_obl,same_type_exponential_history;lr04_scaled;co2_scaled;mis6_segment;obl_scaled,6,True,True,,-111.06358809767116,234.12717619534232,,,53.0,165.6273,finite_mle,joint_05619
BP_obl,same_type_exponential_history;lr04_scaled;co2_scaled;mis6_segment;pre_phase_sin;pre_phase_cos;obl_scaled,8,True,True,,-102.55339020033432,221.10678040066864,332.6137522921987,7.211987201960956,53.0,165.6273,finite_mle,joint_05619
B_insol65n,same_type_exponential_history;lr04_scaled;co2_scaled;mis6_segment;insol65n_scaled,6,True,True,,-105.25113724397224,222.50227448794448,,,53.0,165.6273,finite_mle,joint_05619
BP_insol65n,same_type_exponential_history;lr04_scaled;co2_scaled;mis6_segment;pre_phase_sin;pre_phase_cos;insol65n_scaled,8,True,True,,-102.02168176410058,220.04336352820116,316.2088178526472,3.786823167127339,53.0,165.6273,finite_mle,joint_05619
B,same_type_exponential_history;lr04_scaled;co2_scaled;mis6_segment,5,True,True,,-111.14615976185706,232.29231952371413,,,53.0,169.82184300000003,finite_mle,joint_07573
BP,same_type_exponential_history;lr04_scaled;co2_scaled;mis6_segment;pre_phase_sin;pre_phase_cos,7,True,True,,-104.61176429688763,223.22352859377526,345.9806030247747,5.089929464416327,53.0,169.82184300000003,finite_mle,joint_07573
B_ecc,same_type_exponential_history;lr04_scaled;co2_scaled;mis6_segment;ecc_scaled,6,True,True,,-110.88572944420824,233.77145888841648,,,53.0,169.82184300000003,finite_mle,joint_07573
BP_ecc,same_type_exponential_history;lr04_scaled;co2_scaled;mis6_segment;pre_phase_sin;pre_phase_cos;ecc_scaled,8,True,True,,-104.61012135780075,225.2202427156015,345.98107078429314,5.125715925202006,53.0,169.82184300000003,finite_mle,joint_07573
B_obl,same_type_exponential_history;lr04_scaled;co2_scaled;mis6_segment;obl_scaled,6,True,True,,-111.08447298215515,234.1689459643103,,,53.0,169.82184300000003,finite_mle,joint_07573
BP_obl,same_type_exponential_history;lr04_scaled;co2_scaled;mis6_segment;pre_phase_sin;pre_phase_cos;obl_scaled,8,True,True,,-104.52808221362932,225.05616442725864,345.7401555935454,5.340421104609694,53.0,169.82184300000003,finite_mle,joint_07573
B_insol65n,same_type_exponential_history;lr04_scaled;co2_scaled;mis6_segment;insol65n_scaled,6,True,True,,-107.52095399342538,227.04190798685076,,,53.0,169.82184300000003,finite_mle,joint_07573
BP_insol65n,same_type_exponential_history;lr04_scaled;co2_scaled;mis6_segment;pre_phase_sin;pre_phase_cos;insol65n_scaled,8,True,True,,-104.58930326168098,225.17860652336196,344.88786169528794,4.622406797784614,53.0,169.82184300000003,finite_mle,joint_07573
B,same_type_exponential_history;lr04_scaled;co2_scaled;mis6_segment,5,True,True,,-111.44961306864218,232.89922613728436,,,53.0,170.22118700000004,finite_mle,joint_03217
BP,same_type_exponential_history;lr04_scaled;co2_scaled;mis6_segment;pre_phase_sin;pre_phase_cos,7,True,True,,-105.7542497470715,225.508499494143,345.1751386003387,4.4885572600426835,53.0,170.22118700000004,finite_mle,joint_03217
B_ecc,same_type_exponential_history;lr04_scaled;co2_scaled;mis6_segment;ecc_scaled,6,True,True,,-110.84797284220667,233.69594568441335,,,53.0,170.22118700000004,finite_mle,joint_03217
BP_ecc,same_type_exponential_history;lr04_scaled;co2_scaled;mis6_segment;pre_phase_sin;pre_phase_cos;ecc_scaled,8,True,True,,-105.68082305389912,227.36164610779824,345.12021593319287,4.2922074721851065,53.0,170.22118700000004,finite_mle,joint_03217
B_obl,same_type_exponential_history;lr04_scaled;co2_scaled;mis6_segment;obl_scaled,6,True,True,,-111.43165012089162,234.86330024178324,,,53.0,170.22118700000004,finite_mle,joint_03217
BP_obl,same_type_exponential_history;lr04_scaled;co2_scaled;mis6_segment;pre_phase_sin;pre_phase_cos;obl_scaled,8,True,True,,-105.62061637865665,227.2412327573133,344.75725141397,4.761128096432058,53.0,170.22118700000004,finite_mle,joint_03217
B_insol65n,same_type_exponential_history;lr04_scaled;co2_scaled;mis6_segment;insol65n_scaled,6,True,True,,-108.14683699433672,228.29367398867345,,,53.0,170.22118700000004,finite_mle,joint_03217
BP_insol65n,same_type_exponential_history;lr04_scaled;co2_scaled;mis6_segment;pre_phase_sin;pre_phase_cos;insol65n_scaled,8,True,True,,-105.72152129989558,227.44304259979117,343.54404951980507,3.9868305120965686,53.0,170.22118700000004,finite_mle,joint_03217
B,same_type_exponential_history;lr04_scaled;co2_scaled;mis6_segment,5,True,True,,-111.32749874419964,232.6549974883993,,,53.0,165.000794,finite_mle,joint_09560
BP,same_type_exponential_history;lr04_scaled;co2_scaled;mis6_segment;pre_phase_sin;pre_phase_cos,7,True,True,,-102.75138995748273,219.50277991496546,322.3584134156389,6.829136260299855,53.0,165.000794,finite_mle,joint_09560
B_ecc,same_type_exponential_history;lr04_scaled;co2_scaled;mis6_segment;ecc_scaled,6,True,True,,-108.79426645405402,229.58853290810805,,,53.0,165.000794,finite_mle,joint_09560
BP_ecc,same_type_exponential_history;lr04_scaled;co2_scaled;mis6_segment;pre_phase_sin;pre_phase_cos;ecc_scaled,8,True,True,,-101.50886583726984,219.01773167453968,320.05910007738174,5.8623510926170495,53.0,165.000794,finite_mle,joint_09560
B_obl,same_type_exponential_history;lr04_scaled;co2_scaled;mis6_segment;obl_scaled,6,True,True,,-111.27367629026654,234.54735258053307,,,53.0,165.000794,finite_mle,joint_09560
BP_obl,same_type_exponential_history;lr04_scaled;co2_scaled;mis6_segment;pre_phase_sin;pre_phase_cos;obl_scaled,8,True,True,,-101.54859118602464,219.09718237204928,322.7730104495163,8.52672439890378,53.0,165.000794,finite_mle,joint_09560
B_insol65n,same_type_exponential_history;lr04_scaled;co2_scaled;mis6_segment;insol65n_scaled,6,True,True,,-106.01268423959442,224.02536847918884,,,53.0,165.000794,finite_mle,joint_09560
BP_insol65n,same_type_exponential_history;lr04_scaled;co2_scaled;mis6_segment;pre_phase_sin;pre_phase_cos;insol65n_scaled,8,True,True,,-101.38939640990122,218.77879281980245,300.88765293767443,4.451328879883817,53.0,165.000794,finite_mle,joint_09560
B,same_type_exponential_history;lr04_scaled;co2_scaled;mis6_segment,5,True,True,,-111.74341672327839,233.48683344655677,,,53.0,164.23352900000003,finite_mle,joint_05070
BP,same_type_exponential_history;lr04_scaled;co2_scaled;mis6_segment;pre_phase_sin;pre_phase_cos,7,True,True,,-103.18192905406477,220.36385810812953,327.93088636114305,6.760066976049126,53.0,164.23352900000003,finite_mle,joint_05070
B_ecc,same_type_exponential_history;lr04_scaled;co2_scaled;mis6_segment;ecc_scaled,6,True,True,,-109.71565508051165,231.4313101610233,,,53.0,164.23352900000003,finite_mle,joint_05070
BP_ecc,same_type_exponential_history;lr04_scaled;co2_scaled;mis6_segment;pre_phase_sin;pre_phase_cos;ecc_scaled,8,True,True,,-102.3305262599777,220.6610525199554,326.67510202975575,5.914265087557167,53.0,164.23352900000003,finite_mle,joint_05070
B_obl,same_type_exponential_history;lr04_scaled;co2_scaled;mis6_segment;obl_scaled,6,True,True,,-111.66868952102702,235.33737904205404,,,53.0,164.23352900000003,finite_mle,joint_05070
BP_obl,same_type_exponential_history;lr04_scaled;co2_scaled;mis6_segment;pre_phase_sin;pre_phase_cos;obl_scaled,8,True,True,,-101.68641110158516,219.37282220317033,328.13093332841976,8.945772876946757,53.0,164.23352900000003,finite_mle,joint_05070
B_insol65n,same_type_exponential_history;lr04_scaled;co2_scaled;mis6_segment;insol65n_scaled,6,True,True,,-104.67947158496327,221.35894316992653,,,53.0,164.23352900000003,finite_mle,joint_05070
BP_insol65n,same_type_exponential_history;lr04_scaled;co2_scaled;mis6_segment;pre_phase_sin;pre_phase_cos;insol65n_scaled,8,True,True,,-100.66866683004876,217.33733366009753,296.9907059015109,3.871004295616647,53.0,164.23352900000003,finite_mle,joint_05070
B,same_type_exponential_history;lr04_scaled;co2_scaled;mis6_segment,5,True,True,,-111.29012936575208,232.58025873150416,,,53.0,163.60543300000006,finite_mle,joint_01557
BP,same_type_exponential_history;lr04_scaled;co2_scaled;mis6_segment;pre_phase_sin;pre_phase_cos,7,True,True,,-102.4550373668269,218.9100747336538,330.7322698703494,7.163963738977654,53.0,163.60543300000006,finite_mle,joint_01557
B_ecc,same_type_exponential_history;lr04_scaled;co2_scaled;mis6_segment;ecc_scaled,6,True,True,,-109.4472011951647,230.8944023903294,,,53.0,163.60543300000006,finite_mle,joint_01557
BP_ecc,same_type_exponential_history;lr04_scaled;co2_scaled;mis6_segment;pre_phase_sin;pre_phase_cos;ecc_scaled,8,True,True,,-101.71881146737559,219.43762293475118,329.67433895855584,6.328377755730069,53.0,163.60543300000006,finite_mle,joint_01557
B_obl,same_type_exponential_history;lr04_scaled;co2_scaled;mis6_segment;obl_scaled,6,True,True,,-111.2464553580825,234.492910716165,,,53.0,163.60543300000006,finite_mle,joint_01557
BP_obl,same_type_exponential_history;lr04_scaled;co2_scaled;mis6_segment;pre_phase_sin;pre_phase_cos;obl_scaled,8,True,True,,-101.19651022177861,218.39302044355722,330.5935919530499,9.246273843436411,53.0,163.60543300000006,finite_mle,joint_01557
B_insol65n,same_type_exponential_history;lr04_scaled;co2_scaled;mis6_segment;insol65n_scaled,6,True,True,,-104.1575185431048,220.3150370862096,,,53.0,163.60543300000006,finite_mle,joint_01557
BP_insol65n,same_type_exponential_history;lr04_scaled;co2_scaled;mis6_segment;pre_phase_sin;pre_phase_cos;insol65n_scaled,8,True,True,,-100.35575498609037,216.71150997218075,303.7148710334703,3.9502437743098637,53.0,163.60543300000006,finite_mle,joint_01557
B,same_type_exponential_history;lr04_scaled;co2_scaled;mis6_segment,5,True,True,,-110.10187425188968,230.20374850377937,,,53.0,165.85197700000003,finite_mle,joint_01221
BP,same_type_exponential_history;lr04_scaled;co2_scaled;mis6_segment;pre_phase_sin;pre_phase_cos,7,True,True,,-104.87850392086844,223.75700784173688,331.70144980740423,4.1543739508112045,53.0,165.85197700000003,finite_mle,joint_01221
B_ecc,same_type_exponential_history;lr04_scaled;co2_scaled;mis6_segment;ecc_scaled,6,True,True,,-109.3944239921869,230.7888479843738,,,53.0,165.85197700000003,finite_mle,joint_01221
BP_ecc,same_type_exponential_history;lr04_scaled;co2_scaled;mis6_segment;pre_phase_sin;pre_phase_cos;ecc_scaled,8,True,True,,-104.76204296861606,225.52408593723212,331.0992024181273,3.9303318721178924,53.0,165.85197700000003,finite_mle,joint_01221
B_obl,same_type_exponential_history;lr04_scaled;co2_scaled;mis6_segment;obl_scaled,6,True,True,,-110.10022432493395,232.2004486498679,,,53.0,165.85197700000003,finite_mle,joint_01221
BP_obl,same_type_exponential_history;lr04_scaled;co2_scaled;mis6_segment;pre_phase_sin;pre_phase_cos;obl_scaled,8,True,True,,-104.64027890323023,225.28055780646045,331.88659546682027,4.500640847656208,53.0,165.85197700000003,finite_mle,joint_01221
B_insol65n,same_type_exponential_history;lr04_scaled;co2_scaled;mis6_segment;insol65n_scaled,6,True,True,,-106.98194750011533,225.96389500023065,,,53.0,165.85197700000003,finite_mle,joint_01221
BP_insol65n,same_type_exponential_history;lr04_scaled;co2_scaled;mis6_segment;pre_phase_sin;pre_phase_cos;insol65n_scaled,8,True,True,,-104.64465189658901,225.28930379317802,323.4141323250806,3.2098080247897443,53.0,165.85197700000003,finite_mle,joint_01221
B,same_type_exponential_history;lr04_scaled;co2_scaled;mis6_segment,5,True,True,,-111.588936411334,233.177872822668,,,53.0,166.21374600000001,finite_mle,joint_05402
BP,same_type_exponential_history;lr04_scaled;co2_scaled;mis6_segment;pre_phase_sin;pre_phase_cos,7,True,True,,-100.73607827291947,215.47215654583894,328.9211799459729,9.025773274272272,53.0,166.21374600000001,finite_mle,joint_05402
B_ecc,same_type_exponential_history;lr04_scaled;co2_scaled;mis6_segment;ecc_scaled,6,True,True,,-108.61598238926575,229.2319647785315,,,53.0,166.21374600000001,finite_mle,joint_05402
BP_ecc,same_type_exponential_history;lr04_scaled;co2_scaled;mis6_segment;pre_phase_sin;pre_phase_cos;ecc_scaled,8,True,True,,-99.52051089249989,215.04102178499977,327.37758090313133,7.566079923619874,53.0,166.21374600000001,finite_mle,joint_05402
B_obl,same_type_exponential_history;lr04_scaled;co2_scaled;mis6_segment;obl_scaled,6,True,True,,-111.58846001999365,235.1769200399873,,,53.0,166.21374600000001,finite_mle,joint_05402
BP_obl,same_type_exponential_history;lr04_scaled;co2_scaled;mis6_segment;pre_phase_sin;pre_phase_cos;obl_scaled,8,True,True,,-100.03865066058947,216.07730132117894,328.71399062300355,10.69234115546161,53.0,166.21374600000001,finite_mle,joint_05402
B_insol65n,same_type_exponential_history;lr04_scaled;co2_scaled;mis6_segment;insol65n_scaled,6,True,True,,-104.5209620001379,221.0419240002758,,,53.0,166.21374600000001,finite_mle,joint_05402
BP_insol65n,same_type_exponential_history;lr04_scaled;co2_scaled;mis6_segment;pre_phase_sin;pre_phase_cos;insol65n_scaled,8,True,True,,-99.3774887813345,214.754977562669,310.93924514549855,5.375159700104681,53.0,166.21374600000001,finite_mle,joint_05402
B,same_type_exponential_history;lr04_scaled;co2_scaled;mis6_segment,5,True,True,,-110.18952782093942,230.37905564187884,,,53.0,161.53827700000005,finite_mle,joint_08424
BP,same_type_exponential_history;lr04_scaled;co2_scaled;mis6_segment;pre_phase_sin;pre_phase_cos,7,True,True,,-99.18007935330597,212.36015870661194,320.23988622934405,9.720541040978027,53.0,161.53827700000005,finite_mle,joint_08424
B_ecc,same_type_exponential_history;lr04_scaled;co2_scaled;mis6_segment;ecc_scaled,6,True,True,,-107.48823759151645,226.9764751830329,,,53.0,161.53827700000005,finite_mle,joint_08424
BP_ecc,same_type_exponential_history;lr04_scaled;co2_scaled;mis6_segment;pre_phase_sin;pre_phase_cos;ecc_scaled,8,True,True,,-97.87073272728216,211.74146545456432,318.4964693505509,8.440245947623696,53.0,161.53827700000005,finite_mle,joint_08424
B_obl,same_type_exponential_history;lr04_scaled;co2_scaled;mis6_segment;obl_scaled,6,True,True,,-110.18486948016192,232.36973896032384,,,53.0,161.53827700000005,finite_mle,joint_08424
BP_obl,same_type_exponential_history;lr04_scaled;co2_scaled;mis6_segment;pre_phase_sin;pre_phase_cos;obl_scaled,8,True,True,,-97.8513969940407,211.7027939880814,320.55192036961057,12.892134137176587,53.0,161.53827700000005,finite_mle,joint_08424
B_insol65n,same_type_exponential_history;lr04_scaled;co2_scaled;mis6_segment;insol65n_scaled,6,True,True,,-104.27113914397198,220.54227828794396,,,53.0,161.53827700000005,finite_mle,joint_08424
BP_insol65n,same_type_exponential_history;lr04_scaled;co2_scaled;mis6_segment;pre_phase_sin;pre_phase_cos;insol65n_scaled,8,True,True,,-97.49788562818912,210.99577125637825,298.99788208480766,6.425309967543753,53.0,161.53827700000005,finite_mle,joint_08424
B,same_type_exponential_history;lr04_scaled;co2_scaled;mis6_segment,5,True,True,,-111.4730142407414,232.9460284814828,,,53.0,163.902238,finite_mle,joint_06600
BP,same_type_exponential_history;lr04_scaled;co2_scaled;mis6_segment;pre_phase_sin;pre_phase_cos,7,True,True,,-103.77833426754069,221.55666853508137,326.30675137627804,5.9912874311127275,53.0,163.902238,finite_mle,joint_06600
B_ecc,same_type_exponential_history;lr04_scaled;co2_scaled;mis6_segment;ecc_scaled,6,True,True,,-109.27657720125227,230.55315440250453,,,53.0,163.902238,finite_mle,joint_06600
BP_ecc,same_type_exponential_history;lr04_scaled;co2_scaled;mis6_segment;pre_phase_sin;pre_phase_cos;ecc_scaled,8,True,True,,-102.71552980731761,221.43105961463522,324.7365836109326,5.222729980828669,53.0,163.902238,finite_mle,joint_06600
B_obl,same_type_exponential_history;lr04_scaled;co2_scaled;mis6_segment;obl_scaled,6,True,True,,-111.38253708012635,234.7650741602527,,,53.0,163.902238,finite_mle,joint_06600
BP_obl,same_type_exponential_history;lr04_scaled;co2_scaled;mis6_segment;pre_phase_sin;pre_phase_cos;obl_scaled,8,True,True,,-102.27157136225763,220.54314272451526,326.52810164258807,7.932487233406957,53.0,163.902238,finite_mle,joint_06600
B_insol65n,same_type_exponential_history;lr04_scaled;co2_scaled;mis6_segment;insol65n_scaled,6,True,True,,-105.21963381982371,222.43926763964743,,,53.0,163.902238,finite_mle,joint_06600
BP_insol65n,same_type_exponential_history;lr04_scaled;co2_scaled;mis6_segment;pre_phase_sin;pre_phase_cos;insol65n_scaled,8,True,True,,-101.46903121418369,218.93806242836737,294.4103578922054,3.6136811055709095,53.0,163.902238,finite_mle,joint_06600
B,same_type_exponential_history;lr04_scaled;co2_scaled;mis6_segment,5,True,True,,-111.8445743086915,233.689148617383,,,53.0,165.285576,finite_mle,joint_06958
BP,same_type_exponential_history;lr04_scaled;co2_scaled;mis6_segment;pre_phase_sin;pre_phase_cos,7,True,True,,-101.53537741889863,217.07075483779727,324.4698736331111,8.401145119358805,53.0,165.285576,finite_mle,joint_06958
B_ecc,same_type_exponential_history;lr04_scaled;co2_scaled;mis6_segment;ecc_scaled,6,True,True,,-109.30913164168193,230.61826328336386,,,53.0,165.285576,finite_mle,joint_06958
BP_ecc,same_type_exponential_history;lr04_scaled;co2_scaled;mis6_segment;pre_phase_sin;pre_phase_cos;ecc_scaled,8,True,True,,-100.4701135631463,216.9402271262926,322.8160974299734,7.2211629818318945,53.0,165.285576,finite_mle,joint_06958
B_obl,same_type_exponential_history;lr04_scaled;co2_scaled;mis6_segment;obl_scaled,6,True,True,,-111.8165768320184,235.6331536640368,,,53.0,165.285576,finite_mle,joint_06958
BP_obl,same_type_exponential_history;lr04_scaled;co2_scaled;mis6_segment;pre_phase_sin;pre_phase_cos;obl_scaled,8,True,True,,-100.27312733794538,216.54625467589076,324.8667975739264,10.699263616734852,53.0,165.285576,finite_mle,joint_06958
B_insol65n,same_type_exponential_history;lr04_scaled;co2_scaled;mis6_segment;insol65n_scaled,6,True,True,,-104.90374213450171,221.80748426900342,,,53.0,165.285576,finite_mle,joint_06958
BP_insol65n,same_type_exponential_history;lr04_scaled;co2_scaled;mis6_segment;pre_phase_sin;pre_phase_cos;insol65n_scaled,8,True,True,,-99.519410647337,215.038821294674,300.5432295835743,5.014011263490776,53.0,165.285576,finite_mle,joint_06958
B,same_type_exponential_history;lr04_scaled;co2_scaled;mis6_segment,5,True,True,,-110.82195250634224,231.64390501268448,,,53.0,165.42616900000002,finite_mle,joint_05224
BP,same_type_exponential_history;lr04_scaled;co2_scaled;mis6_segment;pre_phase_sin;pre_phase_cos,7,True,True,,-103.94929269116278,221.89858538232556,330.90164121114276,5.210821082245211,53.0,165.42616900000002,finite_mle,joint_05224
B_ecc,same_type_exponential_history;lr04_scaled;co2_scaled;mis6_segment;ecc_scaled,6,True,True,,-108.66319275872522,229.32638551745043,,,53.0,165.42616900000002,finite_mle,joint_05224
BP_ecc,same_type_exponential_history;lr04_scaled;co2_scaled;mis6_segment;pre_phase_sin;pre_phase_cos;ecc_scaled,8,True,True,,-103.04291610581004,222.08583221162007,329.1605336594133,4.493717191813301,53.0,165.42616900000002,finite_mle,joint_05224
B_obl,same_type_exponential_history;lr04_scaled;co2_scaled;mis6_segment;obl_scaled,6,True,True,,-110.82185516455486,233.64371032910972,,,53.0,165.42616900000002,finite_mle,joint_05224
BP_obl,same_type_exponential_history;lr04_scaled;co2_scaled;mis6_segment;pre_phase_sin;pre_phase_cos;obl_scaled,8,True,True,,-103.53853005296416,223.07706010592833,330.670227851966,5.8403016532393615,53.0,165.42616900000002,finite_mle,joint_05224
B_insol65n,same_type_exponential_history;lr04_scaled;co2_scaled;mis6_segment;insol65n_scaled,6,True,True,,-106.26341397592415,224.5268279518483,,,53.0,165.42616900000002,finite_mle,joint_05224
BP_insol65n,same_type_exponential_history;lr04_scaled;co2_scaled;mis6_segment;pre_phase_sin;pre_phase_cos;insol65n_scaled,8,True,True,,-103.32183002766772,222.64366005533543,316.74148709457165,3.526857683367651,53.0,165.42616900000002,finite_mle,joint_05224
B,same_type_exponential_history;lr04_scaled;co2_scaled;mis6_segment,5,True,True,,-111.11043093831523,232.22086187663047,,,53.0,163.63853300000005,finite_mle,joint_06128
BP,same_type_exponential_history;lr04_scaled;co2_scaled;mis6_segment;pre_phase_sin;pre_phase_cos,7,True,True,,-100.1861400410577,214.3722800821154,330.4805493056484,9.594091909453839,53.0,163.63853300000005,finite_mle,joint_06128
B_ecc,same_type_exponential_history;lr04_scaled;co2_scaled;mis6_segment;ecc_scaled,6,True,True,,-109.69179735756708,231.38359471513417,,,53.0,163.63853300000005,finite_mle,joint_06128
BP_ecc,same_type_exponential_history;lr04_scaled;co2_scaled;mis6_segment;pre_phase_sin;pre_phase_cos;ecc_scaled,8,True,True,,-99.82760760019151,215.65521520038303,330.1811986509658,8.723021121941489,53.0,163.63853300000005,finite_mle,joint_06128
B_obl,same_type_exponential_history;lr04_scaled;co2_scaled;mis6_segment;obl_scaled,6,True,True,,-111.09740070820085,234.1948014164017,,,53.0,163.63853300000005,finite_mle,joint_06128
BP_obl,same_type_exponential_history;lr04_scaled;co2_scaled;mis6_segment;pre_phase_sin;pre_phase_cos;obl_scaled,8,True,True,,-99.42287410434432,214.84574820868863,330.811993811676,11.83566661552982,53.0,163.63853300000005,finite_mle,joint_06128
B_insol65n,same_type_exponential_history;lr04_scaled;co2_scaled;mis6_segment;insol65n_scaled,6,True,True,,-104.2343776318908,220.4687552637816,,,53.0,163.63853300000005,finite_mle,joint_06128
BP_insol65n,same_type_exponential_history;lr04_scaled;co2_scaled;mis6_segment;pre_phase_sin;pre_phase_cos;insol65n_scaled,8,True,True,,-98.98596893787102,213.97193787574204,316.59949957275495,5.8701967473879835,53.0,163.63853300000005,finite_mle,joint_06128
B,same_type_exponential_history;lr04_scaled;co2_scaled;mis6_segment,5,True,True,,-110.67520600416182,231.35041200832364,,,53.0,169.09146200000004,finite_mle,joint_00295
BP,same_type_exponential_history;lr04_scaled;co2_scaled;mis6_segment;pre_phase_sin;pre_phase_cos,7,True,True,,-105.05636137085199,224.11272274170398,342.63719423497514,4.398489735826519,53.0,169.09146200000004,finite_mle,joint_00295
B_ecc,same_type_exponential_history;lr04_scaled;co2_scaled;mis6_segment;ecc_scaled,6,True,True,,-109.77058127821473,231.54116255642947,,,53.0,169.09146200000004,finite_mle,joint_00295
BP_ecc,same_type_exponential_history;lr04_scaled;co2_scaled;mis6_segment;pre_phase_sin;pre_phase_cos;ecc_scaled,8,True,True,,-104.85735499183292,225.71470998366584,342.50349421594433,4.0735443678476,53.0,169.09146200000004,finite_mle,joint_00295
B_obl,same_type_exponential_history;lr04_scaled;co2_scaled;mis6_segment;obl_scaled,6,True,True,,-110.63008822569145,233.2601764513829,,,53.0,169.09146200000004,finite_mle,joint_00295
BP_obl,same_type_exponential_history;lr04_scaled;co2_scaled;mis6_segment;pre_phase_sin;pre_phase_cos;obl_scaled,8,True,True,,-104.97490370293468,225.94980740586936,342.3794309511964,4.597333444820957,53.0,169.09146200000004,finite_mle,joint_00295
B_insol65n,same_type_exponential_history;lr04_scaled;co2_scaled;mis6_segment;insol65n_scaled,6,True,True,,-107.35046708595726,226.70093417191453,,,53.0,169.09146200000004,finite_mle,joint_00295
BP_insol65n,same_type_exponential_history;lr04_scaled;co2_scaled;mis6_segment;pre_phase_sin;pre_phase_cos;insol65n_scaled,8,True,True,,-104.9891783857289,225.9783567714578,339.96866200370164,3.7400062331242077,53.0,169.09146200000004,finite_mle,joint_00295
B,same_type_exponential_history;lr04_scaled;co2_scaled;mis6_segment,5,True,True,,-111.46308665442032,232.92617330884065,,,53.0,164.34441200000003,finite_mle,joint_02975
BP,same_type_exponential_history;lr04_scaled;co2_scaled;mis6_segment;pre_phase_sin;pre_phase_cos,7,True,True,,-102.04119316590953,218.08238633181907,323.2660310472772,7.6322500399597,53.0,164.34441200000003,finite_mle,joint_02975
B_ecc,same_type_exponential_history;lr04_scaled;co2_scaled;mis6_segment;ecc_scaled,6,True,True,,-108.40932472021572,228.81864944043144,,,53.0,164.34441200000003,finite_mle,joint_02975
BP_ecc,same_type_exponential_history;lr04_scaled;co2_scaled;mis6_segment;pre_phase_sin;pre_phase_cos;ecc_scaled,8,True,True,,-100.55711222521369,217.11422445042737,321.3154439485255,6.4227544212491035,53.0,164.34441200000003,finite_mle,joint_02975
B_obl,same_type_exponential_history;lr04_scaled;co2_scaled;mis6_segment;obl_scaled,6,True,True,,-111.44530347135202,234.89060694270404,,,53.0,164.34441200000003,finite_mle,joint_02975
BP_obl,same_type_exponential_history;lr04_scaled;co2_scaled;mis6_segment;pre_phase_sin;pre_phase_cos;obl_scaled,8,True,True,,-100.97298990487363,217.94597980974726,323.60785867700884,9.487261992487586,53.0,164.34441200000003,finite_mle,joint_02975
B_insol65n,same_type_exponential_history;lr04_scaled;co2_scaled;mis6_segment;insol65n_scaled,6,True,True,,-105.51387646674982,223.02775293349964,,,53.0,164.34441200000003,finite_mle,joint_02975
BP_insol65n,same_type_exponential_history;lr04_scaled;co2_scaled;mis6_segment;pre_phase_sin;pre_phase_cos;insol65n_scaled,8,True,True,,-100.43580661291989,216.87161322583978,300.3904133985994,4.825569474335547,53.0,164.34441200000003,finite_mle,joint_02975
B,same_type_exponential_history;lr04_scaled;co2_scaled;mis6_segment,5,True,True,,-110.17058823254206,230.34117646508412,,,53.0,161.94690800000004,finite_mle,joint_06770
BP,same_type_exponential_history;lr04_scaled;co2_scaled;mis6_segment;pre_phase_sin;pre_phase_cos,7,True,True,,-101.6180814440444,217.2361628880888,315.60890749671347,6.581560236719932,53.0,161.94690800000004,finite_mle,joint_06770
B_ecc,same_type_exponential_history;lr04_scaled;co2_scaled;mis6_segment;ecc_scaled,6,True,True,,-107.48793719649291,226.97587439298582,,,53.0,161.94690800000004,finite_mle,joint_06770
BP_ecc,same_type_exponential_history;lr04_scaled;co2_scaled;mis6_segment;pre_phase_sin;pre_phase_cos;ecc_scaled,8,True,True,,-100.11907783589214,216.23815567178428,312.2846718861693,5.6618045530545,53.0,161.94690800000004,finite_mle,joint_06770
B_obl,same_type_exponential_history;lr04_scaled;co2_scaled;mis6_segment;obl_scaled,6,True,True,,-110.08632031448923,232.17264062897846,,,53.0,161.94690800000004,finite_mle,joint_06770
BP_obl,same_type_exponential_history;lr04_scaled;co2_scaled;mis6_segment;pre_phase_sin;pre_phase_cos;obl_scaled,8,True,True,,-100.26419092409984,216.52838184819967,316.3300632728938,8.076469248107033,53.0,161.94690800000004,finite_mle,joint_06770
B_insol65n,same_type_exponential_history;lr04_scaled;co2_scaled;mis6_segment;insol65n_scaled,6,True,True,,-104.80526522772865,221.6105304554573,,,53.0,161.94690800000004,finite_mle,joint_06770
BP_insol65n,same_type_exponential_history;lr04_scaled;co2_scaled;mis6_segment;pre_phase_sin;pre_phase_cos;insol65n_scaled,8,True,True,,-99.11477493752567,214.22954987505133,281.4078132034592,4.637763839437738,53.0,161.94690800000004,finite_mle,joint_06770
B,same_type_exponential_history;lr04_scaled;co2_scaled;mis6_segment,5,True,True,,-110.95573014204723,231.91146028409446,,,53.0,166.62104700000003,finite_mle,joint_09726
BP,same_type_exponential_history;lr04_scaled;co2_scaled;mis6_segment;pre_phase_sin;pre_phase_cos,7,True,True,,-102.7466904989208,219.4933809978416,337.8477251805107,6.419692402414879,53.0,166.62104700000003,finite_mle,joint_09726
B_ecc,same_type_exponential_history;lr04_scaled;co2_scaled;mis6_segment;ecc_scaled,6,True,True,,-110.09013427058107,232.18026854116215,,,53.0,166.62104700000003,finite_mle,joint_09726
BP_ecc,same_type_exponential_history;lr04_scaled;co2_scaled;mis6_segment;pre_phase_sin;pre_phase_cos;ecc_scaled,8,True,True,,-102.63129015239312,221.26258030478624,337.49731696337994,6.048545510304489,53.0,166.62104700000003,finite_mle,joint_09726
B_obl,same_type_exponential_history;lr04_scaled;co2_scaled;mis6_segment;obl_scaled,6,True,True,,-110.95444102380813,233.90888204761626,,,53.0,166.62104700000003,finite_mle,joint_09726
BP_obl,same_type_exponential_history;lr04_scaled;co2_scaled;mis6_segment;pre_phase_sin;pre_phase_cos;obl_scaled,8,True,True,,-102.10739072964321,220.21478145928643,337.4310215066415,7.551104276580571,53.0,166.62104700000003,finite_mle,joint_09726
B_insol65n,same_type_exponential_history;lr04_scaled;co2_scaled;mis6_segment;insol65n_scaled,6,True,True,,-104.45426925402532,220.90853850805064,,,53.0,166.62104700000003,finite_mle,joint_09726
BP_insol65n,same_type_exponential_history;lr04_scaled;co2_scaled;mis6_segment;pre_phase_sin;pre_phase_cos;insol65n_scaled,8,True,True,,-101.63517861887385,219.2703572377477,323.2215001349934,3.6934611357142373,53.0,166.62104700000003,finite_mle,joint_09726
B,same_type_exponential_history;lr04_scaled;co2_scaled;mis6_segment,5,True,True,,-111.07825068420104,232.15650136840208,,,53.0,163.85832600000003,finite_mle,joint_06190
BP,same_type_exponential_history;lr04_scaled;co2_scaled;mis6_segment;pre_phase_sin;pre_phase_cos,7,True,True,,-100.3904293909855,214.780858781971,323.6569656985597,8.882435489586404,53.0,163.85832600000003,finite_mle,joint_06190
B_ecc,same_type_exponential_history;lr04_scaled;co2_scaled;mis6_segment;ecc_scaled,6,True,True,,-108.12212621601788,228.24425243203575,,,53.0,163.85832600000003,finite_mle,joint_06190
BP_ecc,same_type_exponential_history;lr04_scaled;co2_scaled;mis6_segment;pre_phase_sin;pre_phase_cos;ecc_scaled,8,True,True,,-99.11709532910652,214.23419065821304,321.31022355857993,7.47891472153496,53.0,163.85832600000003,finite_mle,joint_06190
B_obl,same_type_exponential_history;lr04_scaled;co2_scaled;mis6_segment;obl_scaled,6,True,True,,-111.0609199370571,234.1218398741142,,,53.0,163.85832600000003,finite_mle,joint_06190
BP_obl,same_type_exponential_history;lr04_scaled;co2_scaled;mis6_segment;pre_phase_sin;pre_phase_cos;obl_scaled,8,True,True,,-99.16207793141456,214.32415586282912,323.85438399117345,11.30238715435588,53.0,163.85832600000003,finite_mle,joint_06190
B_insol65n,same_type_exponential_history;lr04_scaled;co2_scaled;mis6_segment;insol65n_scaled,6,True,True,,-104.03632657464797,220.07265314929595,,,53.0,163.85832600000003,finite_mle,joint_06190
BP_insol65n,same_type_exponential_history;lr04_scaled;co2_scaled;mis6_segment;pre_phase_sin;pre_phase_cos;insol65n_scaled,8,True,True,,-98.2203801127406,212.4407602254812,297.77047158495867,5.321552913266969,53.0,163.85832600000003,finite_mle,joint_06190
B,same_type_exponential_history;lr04_scaled;co2_scaled;mis6_segment,5,True,True,,-110.66299958441687,231.32599916883373,,,53.0,165.58875600000005,finite_mle,joint_07857
BP,same_type_exponential_history;lr04_scaled;co2_scaled;mis6_segment;pre_phase_sin;pre_phase_cos,7,True,True,,-102.95806509624848,219.91613019249695,328.58359808719365,5.990026559305913,53.0,165.58875600000005,finite_mle,joint_07857
B_ecc,same_type_exponential_history;lr04_scaled;co2_scaled;mis6_segment;ecc_scaled,6,True,True,,-108.91530786436314,229.8306157287263,,,53.0,165.58875600000005,finite_mle,joint_07857
BP_ecc,same_type_exponential_history;lr04_scaled;co2_scaled;mis6_segment;pre_phase_sin;pre_phase_cos;ecc_scaled,8,True,True,,-102.39863231224142,220.79726462448284,326.9362338486545,5.305600606711694,53.0,165.58875600000005,finite_mle,joint_07857
B_obl,same_type_exponential_history;lr04_scaled;co2_scaled;mis6_segment;obl_scaled,6,True,True,,-110.66218473206126,233.32436946412253,,,53.0,165.58875600000005,finite_mle,joint_07857
BP_obl,same_type_exponential_history;lr04_scaled;co2_scaled;mis6_segment;pre_phase_sin;pre_phase_cos;obl_scaled,8,True,True,,-102.5081776139229,221.0163552278458,328.8035479617617,6.722964850256541,53.0,165.58875600000005,finite_mle,joint_07857
B_insol65n,same_type_exponential_history;lr04_scaled;co2_scaled;mis6_segment;insol65n_scaled,6,True,True,,-105.7120779251411,223.4241558502822,,,53.0,165.58875600000005,finite_mle,joint_07857
BP_insol65n,same_type_exponential_history;lr04_scaled;co2_scaled;mis6_segment;pre_phase_sin;pre_phase_cos;insol65n_scaled,8,True,True,,-102.25877195883277,220.51754391766553,314.53028233323585,3.983130823189756,53.0,165.58875600000005,finite_mle,joint_07857
B,same_type_exponential_history;lr04_scaled;co2_scaled;mis6_segment,5,True,True,,-111.43239608538047,232.86479217076095,,,53.0,168.74575100000004,finite_mle,joint_07402
BP,same_type_exponential_history;lr04_scaled;co2_scaled;mis6_segment;pre_phase_sin;pre_phase_cos,7,True,True,,-105.35967575281725,224.7193515056345,330.8872922265492,4.610755609629316,53.0,168.74575100000004,finite_mle,joint_07402
B_ecc,same_type_exponential_history;lr04_scaled;co2_scaled;mis6_segment;ecc_scaled,6,True,True,,-109.57562388127451,231.15124776254902,,,53.0,168.74575100000004,finite_mle,joint_07402
BP_ecc,same_type_exponential_history;lr04_scaled;co2_scaled;mis6_segment;pre_phase_sin;pre_phase_cos;ecc_scaled,8,True,True,,-104.55712819219372,225.11425638438743,328.62854110318824,4.061075975464221,53.0,168.74575100000004,finite_mle,joint_07402
B_obl,same_type_exponential_history;lr04_scaled;co2_scaled;mis6_segment;obl_scaled,6,True,True,,-111.33981214730392,234.67962429460783,,,53.0,168.74575100000004,finite_mle,joint_07402
BP_obl,same_type_exponential_history;lr04_scaled;co2_scaled;mis6_segment;pre_phase_sin;pre_phase_cos;obl_scaled,8,True,True,,-104.40576530392357,224.81153060784715,330.3911655285788,5.5503537236569,53.0,168.74575100000004,finite_mle,joint_07402
B_insol65n,same_type_exponential_history;lr04_scaled;co2_scaled;mis6_segment;insol65n_scaled,6,True,True,,-106.12759391076021,224.25518782152042,,,53.0,168.74575100000004,finite_mle,joint_07402
BP_insol65n,same_type_exponential_history;lr04_scaled;co2_scaled;mis6_segment;pre_phase_sin;pre_phase_cos;insol65n_scaled,8,True,True,,-103.84127625561568,223.68255251123136,301.70752992528855,2.7404138492021155,53.0,168.74575100000004,finite_mle,joint_07402
B,same_type_exponential_history;lr04_scaled;co2_scaled;mis6_segment,5,True,True,,-110.28769250163865,230.5753850032773,,,53.0,163.609223,finite_mle,joint_02857
BP,same_type_exponential_history;lr04_scaled;co2_scaled;mis6_segment;pre_phase_sin;pre_phase_cos,7,True,True,,-101.91580636607303,217.83161273214606,330.00138554432385,6.691632099968014,53.0,163.609223,finite_mle,joint_02857
B_ecc,same_type_exponential_history;lr04_scaled;co2_scaled;mis6_segment;ecc_scaled,6,True,True,,-109.3235062011724,230.6470124023448,,,53.0,163.609223,finite_mle,joint_02857
BP_ecc,same_type_exponential_history;lr04_scaled;co2_scaled;mis6_segment;pre_phase_sin;pre_phase_cos;ecc_scaled,8,True,True,,-101.73953645656869,219.47907291313737,329.4309772591719,6.2451767720324,53.0,163.609223,finite_mle,joint_02857
B_obl,same_type_exponential_history;lr04_scaled;co2_scaled;mis6_segment;obl_scaled,6,True,True,,-110.28692599764106,232.57385199528213,,,53.0,163.609223,finite_mle,joint_02857
BP_obl,same_type_exponential_history;lr04_scaled;co2_scaled;mis6_segment;pre_phase_sin;pre_phase_cos;obl_scaled,8,True,True,,-101.29174591929169,218.58349183858337,330.28266893804033,7.902444527665757,53.0,163.609223,finite_mle,joint_02857
B_insol65n,same_type_exponential_history;lr04_scaled;co2_scaled;mis6_segment;insol65n_scaled,6,True,True,,-104.79096728798277,221.58193457596553,,,53.0,163.609223,finite_mle,joint_02857
BP_insol65n,same_type_exponential_history;lr04_scaled;co2_scaled;mis6_segment;pre_phase_sin;pre_phase_cos;insol65n_scaled,8,True,True,,-100.94027602037255,217.8805520407451,314.7249425482868,4.287137423085346,53.0,163.609223,finite_mle,joint_02857
B,same_type_exponential_history;lr04_scaled;co2_scaled;mis6_segment,5,True,True,,-110.95119126897941,231.90238253795883,,,53.0,165.09664400000003,finite_mle,joint_04536
BP,same_type_exponential_history;lr04_scaled;co2_scaled;mis6_segment;pre_phase_sin;pre_phase_cos,7,True,True,,-103.87075272752973,221.74150545505947,324.2260021699041,5.494021885121142,53.0,165.09664400000003,finite_mle,joint_04536
B_ecc,same_type_exponential_history;lr04_scaled;co2_scaled;mis6_segment;ecc_scaled,6,True,True,,-109.38715904861732,230.77431809723464,,,53.0,165.09664400000003,finite_mle,joint_04536
BP_ecc,same_type_exponential_history;lr04_scaled;co2_scaled;mis6_segment;pre_phase_sin;pre_phase_cos;ecc_scaled,8,True,True,,-103.34719175862388,222.69438351724776,322.3134496686202,4.935311192550817,53.0,165.09664400000003,finite_mle,joint_04536
B_obl,same_type_exponential_history;lr04_scaled;co2_scaled;mis6_segment;obl_scaled,6,True,True,,-110.91757913329072,233.83515826658143,,,53.0,165.09664400000003,finite_mle,joint_04536
BP_obl,same_type_exponential_history;lr04_scaled;co2_scaled;mis6_segment;pre_phase_sin;pre_phase_cos;obl_scaled,8,True,True,,-103.12124858389407,222.24249716778814,324.70229713256515,6.431917046633089,53.0,165.09664400000003,finite_mle,joint_04536
B_insol65n,same_type_exponential_history;lr04_scaled;co2_scaled;mis6_segment;insol65n_scaled,6,True,True,,-105.93409283543377,223.86818567086755,,,53.0,165.09664400000003,finite_mle,joint_04536
BP_insol65n,same_type_exponential_history;lr04_scaled;co2_scaled;mis6_segment;pre_phase_sin;pre_phase_cos;insol65n_scaled,8,True,True,,-102.50471495131364,221.0094299026273,299.3466160164243,3.5062229773410265,53.0,165.09664400000003,finite_mle,joint_04536
B,same_type_exponential_history;lr04_scaled;co2_scaled;mis6_segment,5,True,True,,-110.86177416737439,231.72354833474878,,,53.0,160.70059300000003,finite_mle,joint_03530
BP,same_type_exponential_history;lr04_scaled;co2_scaled;mis6_segment;pre_phase_sin;pre_phase_cos,7,True,True,,-101.58020273127187,217.16040546254374,321.75593112618856,7.852856191457569,53.0,160.70059300000003,finite_mle,joint_03530
B_ecc,same_type_exponential_history;lr04_scaled;co2_scaled;mis6_segment;ecc_scaled,6,True,True,,-108.56916624297845,229.1383324859569,,,53.0,160.70059300000003,finite_mle,joint_03530
BP_ecc,same_type_exponential_history;lr04_scaled;co2_scaled;mis6_segment;pre_phase_sin;pre_phase_cos;ecc_scaled,8,True,True,,-100.22074613580156,216.44149227160312,320.1642036464601,7.171562338084878,53.0,160.70059300000003,finite_mle,joint_03530
B_obl,same_type_exponential_history;lr04_scaled;co2_scaled;mis6_segment;obl_scaled,6,True,True,,-110.85897295567932,233.71794591135864,,,53.0,160.70059300000003,finite_mle,joint_03530
BP_obl,same_type_exponential_history;lr04_scaled;co2_scaled;mis6_segment;pre_phase_sin;pre_phase_cos;obl_scaled,8,True,True,,-100.30192496405155,216.6038499281031,322.4287807049291,10.629322413793439,53.0,160.70059300000003,finite_mle,joint_03530
B_insol65n,same_type_exponential_history;lr04_scaled;co2_scaled;mis6_segment;insol65n_scaled,6,True,True,,-106.16317223276785,224.3263444655357,,,53.0,160.70059300000003,finite_mle,joint_03530
BP_insol65n,same_type_exponential_history;lr04_scaled;co2_scaled;mis6_segment;pre_phase_sin;pre_phase_cos;insol65n_scaled,8,True,True,,-100.46621750136143,216.93243500272285,303.89855397929455,5.416761354271779,53.0,160.70059300000003,finite_mle,joint_03530
B,same_type_exponential_history;lr04_scaled;co2_scaled;mis6_segment,5,True,True,,-110.76702877938928,231.53405755877856,,,53.0,164.299799,finite_mle,joint_07459
BP,same_type_exponential_history;lr04_scaled;co2_scaled;mis6_segment;pre_phase_sin;pre_phase_cos,7,True,True,,-100.94265775888982,215.88531551777965,321.5480423457228,7.8270836530002486,53.0,164.299799,finite_mle,joint_07459
B_ecc,same_type_exponential_history;lr04_scaled;co2_scaled;mis6_segment;ecc_scaled,6,True,True,,-108.5991831870414,229.1983663740828,,,53.0,164.299799,finite_mle,joint_07459
BP_ecc,same_type_exponential_history;lr04_scaled;co2_scaled;mis6_segment;pre_phase_sin;pre_phase_cos;ecc_scaled,8,True,True,,-100.02094977449866,216.04189954899732,319.6287692533567,6.83338503852834,53.0,164.299799,finite_mle,joint_07459
B_obl,same_type_exponential_history;lr04_scaled;co2_scaled;mis6_segment;obl_scaled,6,True,True,,-110.7262135495474,233.4524270990948,,,53.0,164.299799,finite_mle,joint_07459
BP_obl,same_type_exponential_history;lr04_scaled;co2_scaled;mis6_segment;pre_phase_sin;pre_phase_cos;obl_scaled,8,True,True,,-99.69575984037007,215.39151968074015,322.0711336995198,9.727920429958647,53.0,164.299799,finite_mle,joint_07459
B_insol65n,same_type_exponential_history;lr04_scaled;co2_scaled;mis6_segment;insol65n_scaled,6,True,True,,-104.20490274274714,220.40980548549427,,,53.0,164.299799,finite_mle,joint_07459
BP_insol65n,same_type_exponential_history;lr04_scaled;co2_scaled;mis6_segment;pre_phase_sin;pre_phase_cos;insol65n_scaled,8,True,True,,-98.6147288546963,213.2294577093926,293.166422849254,4.867537508599931,53.0,164.299799,finite_mle,joint_07459
B,same_type_exponential_history;lr04_scaled;co2_scaled;mis6_segment,5,True,True,,-110.24688242032553,230.49376484065107,,,53.0,161.28538500000002,finite_mle,joint_09402
BP,same_type_exponential_history;lr04_scaled;co2_scaled;mis6_segment;pre_phase_sin;pre_phase_cos,7,True,True,,-100.8031670743598,215.6063341487196,312.35287538932766,7.594684499190737,53.0,161.28538500000002,finite_mle,joint_09402
B_ecc,same_type_exponential_history;lr04_scaled;co2_scaled;mis6_segment;ecc_scaled,6,True,True,,-107.4580540638296,226.9161081276592,,,53.0,161.28538500000002,finite_mle,joint_09402
BP_ecc,same_type_exponential_history;lr04_scaled;co2_scaled;mis6_segment;pre_phase_sin;pre_phase_cos;ecc_scaled,8,True,True,,-99.28971256903614,214.57942513807228,309.17553492152547,6.5438168175262685,53.0,161.28538500000002,finite_mle,joint_09402
B_obl,same_type_exponential_history;lr04_scaled;co2_scaled;mis6_segment;obl_scaled,6,True,True,,-110.22569518979634,232.45139037959268,,,53.0,161.28538500000002,finite_mle,joint_09402
BP_obl,same_type_exponential_history;lr04_scaled;co2_scaled;mis6_segment;pre_phase_sin;pre_phase_cos;obl_scaled,8,True,True,,-99.68242134862902,215.36484269725804,313.0333680987586,9.295862095918713,53.0,161.28538500000002,finite_mle,joint_09402
B_insol65n,same_type_exponential_history;lr04_scaled;co2_scaled;mis6_segment;insol65n_scaled,6,True,True,,-106.2187756128462,224.4375512256924,,,53.0,161.28538500000002,finite_mle,joint_09402
BP_insol65n,same_type_exponential_history;lr04_scaled;co2_scaled;mis6_segment;pre_phase_sin;pre_phase_cos;insol65n_scaled,8,True,True,,-99.60144048745533,215.20288097491067,291.10195840782376,5.702860479170811,53.0,161.28538500000002,finite_mle,joint_09402
B,same_type_exponential_history;lr04_scaled;co2_scaled;mis6_segment,5,True,True,,-111.54401381325722,233.08802762651445,,,53.0,166.09588300000001,finite_mle,joint_04663
BP,same_type_exponential_history;lr04_scaled;co2_scaled;mis6_segment;pre_phase_sin;pre_phase_cos,7,True,True,,-104.23882811777202,222.47765623554403,334.1992918329036,5.56978706967858,53.0,166.09588300000001,finite_mle,joint_04663
B_ecc,same_type_exponential_history;lr04_scaled;co2_scaled;mis6_segment;ecc_scaled,6,True,True,,-110.2355647355516,232.4711294711032,,,53.0,166.09588300000001,finite_mle,joint_04663
BP_ecc,same_type_exponential_history;lr04_scaled;co2_scaled;mis6_segment;pre_phase_sin;pre_phase_cos;ecc_scaled,8,True,True,,-103.88492260181775,223.7698452036355,333.2982267419647,5.03317922450497,53.0,166.09588300000001,finite_mle,joint_04663
B_obl,same_type_exponential_history;lr04_scaled;co2_scaled;mis6_segment;obl_scaled,6,True,True,,-111.44896585905403,234.89793171810805,,,53.0,166.09588300000001,finite_mle,joint_04663
BP_obl,same_type_exponential_history;lr04_scaled;co2_scaled;mis6_segment;pre_phase_sin;pre_phase_cos;obl_scaled,8,True,True,,-103.06130517941277,222.12261035882554,333.8708348502393,6.893942105558723,53.0,166.09588300000001,finite_mle,joint_04663
B_insol65n,same_type_exponential_history;lr04_scaled;co2_scaled;mis6_segment;insol65n_scaled,6,True,True,,-104.93506478296925,221.8701295659385,,,53.0,166.09588300000001,finite_mle,joint_04663
BP_insol65n,same_type_exponential_history;lr04_scaled;co2_scaled;mis6_segment;pre_phase_sin;pre_phase_cos;insol65n_scaled,8,True,True,,-102.37804670630047,220.75609341260093,307.287368254676,3.000217658240155,53.0,166.09588300000001,finite_mle,joint_04663
B,same_type_exponential_history;lr04_scaled;co2_scaled;mis6_segment,5,True,True,,-111.4600107880228,232.9200215760456,,,53.0,163.94074200000006,finite_mle,joint_01630
BP,same_type_exponential_history;lr04_scaled;co2_scaled;mis6_segment;pre_phase_sin;pre_phase_cos,7,True,True,,-103.62069910262525,221.2413982052505,335.744632600559,6.070765492181136,53.0,163.94074200000006,finite_mle,joint_01630
B_ecc,same_type_exponential_history;lr04_scaled;co2_scaled;mis6_segment;ecc_scaled,6,True,True,,-109.00190788957822,230.00381577915644,,,53.0,163.94074200000006,finite_mle,joint_01630
BP_ecc,same_type_exponential_history;lr04_scaled;co2_scaled;mis6_segment;pre_phase_sin;pre_phase_cos;ecc_scaled,8,True,True,,-102.6064063474333,221.2128126948666,334.629332019883,5.1048591052221814,53.0,163.94074200000006,finite_mle,joint_01630
B_obl,same_type_exponential_history;lr04_scaled;co2_scaled;mis6_segment;obl_scaled,6,True,True,,-111.43063713800558,234.86127427601116,,,53.0,163.94074200000006,finite_mle,joint_01630
BP_obl,same_type_exponential_history;lr04_scaled;co2_scaled;mis6_segment;pre_phase_sin;pre_phase_cos;obl_scaled,8,True,True,,-102.62397931005268,221.24795862010535,335.0009268024539,7.506316086102817,53.0,163.94074200000006,finite_mle,joint_01630
B_insol65n,same_type_exponential_history;lr04_scaled;co2_scaled;mis6_segment;insol65n_scaled,6,True,True,,-103.84423573688858,219.68847147377716,,,53.0,163.94074200000006,finite_mle,joint_01630
BP_insol65n,same_type_exponential_history;lr04_scaled;co2_scaled;mis6_segment;pre_phase_sin;pre_phase_cos;insol65n_scaled,8,True,True,,-101.13047071833805,218.2609414366761,303.25073860050685,3.0543880373095087,53.0,163.94074200000006,finite_mle,joint_01630
B,same_type_exponential_history;lr04_scaled;co2_scaled;mis6_segment,5,True,True,,-111.36453659578513,232.72907319157025,,,53.0,163.24339100000003,finite_mle,joint_05326
BP,same_type_exponential_history;lr04_scaled;co2_scaled;mis6_segment;pre_phase_sin;pre_phase_cos,7,True,True,,-100.78498386896564,215.56996773793128,327.4472755334409,8.979152272366981,53.0,163.24339100000003,finite_mle,joint_05326
B_ecc,same_type_exponential_history;lr04_scaled;co2_scaled;mis6_segment;ecc_scaled,6,True,True,,-108.5162779209304,229.0325558418608,,,53.0,163.24339100000003,finite_mle,joint_05326
BP_ecc,same_type_exponential_history;lr04_scaled;co2_scaled;mis6_segment;pre_phase_sin;pre_phase_cos;ecc_scaled,8,True,True,,-99.54804206394611,215.09608412789223,325.73694625517635,7.568677518848652,53.0,163.24339100000003,finite_mle,joint_05326
B_obl,same_type_exponential_history;lr04_scaled;co2_scaled;mis6_segment;obl_scaled,6,True,True,,-111.36025606206445,234.7205121241289,,,53.0,163.24339100000003,finite_mle,joint_05326
BP_obl,same_type_exponential_history;lr04_scaled;co2_scaled;mis6_segment;pre_phase_sin;pre_phase_cos;obl_scaled,8,True,True,,-99.67393610245345,215.3478722049069,327.44434376612685,11.388116619663037,53.0,163.24339100000003,finite_mle,joint_05326
B_insol65n,same_type_exponential_history;lr04_scaled;co2_scaled;mis6_segment;insol65n_scaled,6,True,True,,-103.7797825598924,219.5595651197848,,,53.0,163.24339100000003,finite_mle,joint_05326
BP_insol65n,same_type_exponential_history;lr04_scaled;co2_scaled;mis6_segment;pre_phase_sin;pre_phase_cos;insol65n_scaled,8,True,True,,-98.50505358455078,213.01010716910156,301.7344945950042,5.052635709904647,53.0,163.24339100000003,finite_mle,joint_05326
B,same_type_exponential_history;lr04_scaled;co2_scaled;mis6_segment,5,True,True,,-110.64019934769786,231.28039869539572,,,53.0,162.576591,finite_mle,joint_04153
BP,same_type_exponential_history;lr04_scaled;co2_scaled;mis6_segment;pre_phase_sin;pre_phase_cos,7,True,True,,-102.16774272703242,218.33548545406484,319.9932495296304,6.839688479779357,53.0,162.576591,finite_mle,joint_04153
B_ecc,same_type_exponential_history;lr04_scaled;co2_scaled;mis6_segment;ecc_scaled,6,True,True,,-108.15326440230912,228.30652880461824,,,53.0,162.576591,finite_mle,joint_04153
BP_ecc,same_type_exponential_history;lr04_scaled;co2_scaled;mis6_segment;pre_phase_sin;pre_phase_cos;ecc_scaled,8,True,True,,-100.86169237146368,217.72338474292735,317.97036452493086,5.950218787270973,53.0,162.576591,finite_mle,joint_04153
B_obl,same_type_exponential_history;lr04_scaled;co2_scaled;mis6_segment;obl_scaled,6,True,True,,-110.58991829501477,233.17983659002954,,,53.0,162.576591,finite_mle,joint_04153
BP_obl,same_type_exponential_history;lr04_scaled;co2_scaled;mis6_segment;pre_phase_sin;pre_phase_cos;obl_scaled,8,True,True,,-100.97835706057282,217.95671412114564,320.9960340065186,8.577706216235667,53.0,162.576591,finite_mle,joint_04153
B_insol65n,same_type_exponential_history;lr04_scaled;co2_scaled;mis6_segment;insol65n_scaled,6,True,True,,-105.93198207752334,223.8639641550467,,,53.0,162.576591,finite_mle,joint_04153
BP_insol65n,same_type_exponential_history;lr04_scaled;co2_scaled;mis6_segment;pre_phase_sin;pre_phase_cos;insol65n_scaled,8,True,True,,-101.04122843181199,218.08245686362397,300.325541548572,4.676724948916918,53.0,162.576591,finite_mle,joint_04153
B,same_type_exponential_history;lr04_scaled;co2_scaled;mis6_segment,5,True,True,,-110.12890938565525,230.2578187713105,,,53.0,161.501864,finite_mle,joint_00882
BP,same_type_exponential_history;lr04_scaled;co2_scaled;mis6_segment;pre_phase_sin;pre_phase_cos,7,True,True,,-101.05497726318796,216.10995452637593,317.67726014827434,7.5292920296417805,53.0,161.501864,finite_mle,joint_00882
B_ecc,same_type_exponential_history;lr04_scaled;co2_scaled;mis6_segment;ecc_scaled,6,True,True,,-108.45243222086589,228.90486444173177,,,53.0,161.501864,finite_mle,joint_00882
BP_ecc,same_type_exponential_history;lr04_scaled;co2_scaled;mis6_segment;pre_phase_sin;pre_phase_cos;ecc_scaled,8,True,True,,-100.32953402054942,216.65906804109883,316.0202866099231,6.828081401035829,53.0,161.501864,finite_mle,joint_00882
B_obl,same_type_exponential_history;lr04_scaled;co2_scaled;mis6_segment;obl_scaled,6,True,True,,-110.0538405209231,232.1076810418462,,,53.0,161.501864,finite_mle,joint_00882
BP_obl,same_type_exponential_history;lr04_scaled;co2_scaled;mis6_segment;pre_phase_sin;pre_phase_cos;obl_scaled,8,True,True,,-99.46862183464995,214.9372436692999,318.9291202005513,10.045720295748609,53.0,161.501864,finite_mle,joint_00882
B_insol65n,same_type_exponential_history;lr04_scaled;co2_scaled;mis6_segment;insol65n_scaled,6,True,True,,-105.19251930769519,222.38503861539039,,,53.0,161.501864,finite_mle,joint_00882
BP_insol65n,same_type_exponential_history;lr04_scaled;co2_scaled;mis6_segment;pre_phase_sin;pre_phase_cos;insol65n_scaled,8,True,True,,-99.53571432973632,215.07142865947264,294.85255408688727,5.18590956347877,53.0,161.501864,finite_mle,joint_00882
B,same_type_exponential_history;lr04_scaled;co2_scaled;mis6_segment,5,True,True,,-111.65405365935045,233.3081073187009,,,53.0,165.45056000000005,finite_mle,joint_09228
BP,same_type_exponential_history;lr04_scaled;co2_scaled;mis6_segment;pre_phase_sin;pre_phase_cos,7,True,True,,-101.93436515921672,217.86873031843345,328.3923820602386,7.844628614578409,53.0,165.45056000000005,finite_mle,joint_09228
B_ecc,same_type_exponential_history;lr04_scaled;co2_scaled;mis6_segment;ecc_scaled,6,True,True,,-109.53675181617172,231.07350363234343,,,53.0,165.45056000000005,finite_mle,joint_09228
BP_ecc,same_type_exponential_history;lr04_scaled;co2_scaled;mis6_segment;pre_phase_sin;pre_phase_cos;ecc_scaled,8,True,True,,-101.1913385288874,218.3826770577748,327.3173608513064,6.802962734880601,53.0,165.45056000000005,finite_mle,joint_09228
B_obl,same_type_exponential_history;lr04_scaled;co2_scaled;mis6_segment;obl_scaled,6,True,True,,-111.65199473787013,235.30398947574025,,,53.0,165.45056000000005,finite_mle,joint_09228
BP_obl,same_type_exponential_history;lr04_scaled;co2_scaled;mis6_segment;pre_phase_sin;pre_phase_cos;obl_scaled,8,True,True,,-101.27504989405665,218.5500997881133,328.35706318667025,9.254775993866605,53.0,165.45056000000005,finite_mle,joint_09228
B_insol65n,same_type_exponential_history;lr04_scaled;co2_scaled;mis6_segment;insol65n_scaled,6,True,True,,-104.95578918061342,221.91157836122684,,,53.0,165.45056000000005,finite_mle,joint_09228
BP_insol65n,same_type_exponential_history;lr04_scaled;co2_scaled;mis6_segment;pre_phase_sin;pre_phase_cos;insol65n_scaled,8,True,True,,-100.31259749066626,216.62519498133253,307.3799704985708,4.676980813278371,53.0,165.45056000000005,finite_mle,joint_09228
B,same_type_exponential_history;lr04_scaled;co2_scaled;mis6_segment,5,True,True,,-110.28651500243578,230.57303000487155,,,53.0,166.78371700000002,finite_mle,joint_09125
BP,same_type_exponential_history;lr04_scaled;co2_scaled;mis6_segment;pre_phase_sin;pre_phase_cos,7,True,True,,-100.32248330127467,214.64496660254935,332.88812392271757,8.14277891882176,53.0,166.78371700000002,finite_mle,joint_09125
B_ecc,same_type_exponential_history;lr04_scaled;co2_scaled;mis6_segment;ecc_scaled,6,True,True,,-109.2970160323019,230.5940320646038,,,53.0,166.78371700000002,finite_mle,joint_09125
BP_ecc,same_type_exponential_history;lr04_scaled;co2_scaled;mis6_segment;pre_phase_sin;pre_phase_cos;ecc_scaled,8,True,True,,-100.2367140452398,216.4734280904796,332.5218663262997,7.692458554108417,53.0,166.78371700000002,finite_mle,joint_09125
B_obl,same_type_exponential_history;lr04_scaled;co2_scaled;mis6_segment;obl_scaled,6,True,True,,-110.28062960689516,232.56125921379032,,,53.0,166.78371700000002,finite_mle,joint_09125
BP_obl,same_type_exponential_history;lr04_scaled;co2_scaled;mis6_segment;pre_phase_sin;pre_phase_cos;obl_scaled,8,True,True,,-99.8684450825076,215.7368901650152,333.06302263749325,9.22077039240554,53.0,166.78371700000002,finite_mle,joint_09125
B_insol65n,same_type_exponential_history;lr04_scaled;co2_scaled;mis6_segment;insol65n_scaled,6,True,True,,-104.0002320417824,220.0004640835648,,,53.0,166.78371700000002,finite_mle,joint_09125
BP_insol65n,same_type_exponential_history;lr04_scaled;co2_scaled;mis6_segment;pre_phase_sin;pre_phase_cos;insol65n_scaled,8,True,True,,-99.67243388928077,215.34486777856154,323.14875649573145,5.307704356052359,53.0,166.78371700000002,finite_mle,joint_09125
B,same_type_exponential_history;lr04_scaled;co2_scaled;mis6_segment,5,True,True,,-111.32985108947747,232.65970217895494,,,53.0,166.68287400000003,finite_mle,joint_06152
BP,same_type_exponential_history;lr04_scaled;co2_scaled;mis6_segment;pre_phase_sin;pre_phase_cos,7,True,True,,-102.77135162180858,219.54270324361715,330.67789434665616,6.49837639937779,53.0,166.68287400000003,finite_mle,joint_06152
B_ecc,same_type_exponential_history;lr04_scaled;co2_scaled;mis6_segment;ecc_scaled,6,True,True,,-109.24281489376224,230.4856297875245,,,53.0,166.68287400000003,finite_mle,joint_06152
BP_ecc,same_type_exponential_history;lr04_scaled;co2_scaled;mis6_segment;pre_phase_sin;pre_phase_cos;ecc_scaled,8,True,True,,-102.03303466444066,220.06606932888133,329.07444759269475,5.625958803830358,53.0,166.68287400000003,finite_mle,joint_06152
B_obl,same_type_exponential_history;lr04_scaled;co2_scaled;mis6_segment;obl_scaled,6,True,True,,-111.32632159586299,234.65264319172599,,,53.0,166.68287400000003,finite_mle,joint_06152
BP_obl,same_type_exponential_history;lr04_scaled;co2_scaled;mis6_segment;pre_phase_sin;pre_phase_cos;obl_scaled,8,True,True,,-102.1043163641847,220.2086327283694,330.33119835638536,7.5539268900030185,53.0,166.68287400000003,finite_mle,joint_06152
B_insol65n,same_type_exponential_history;lr04_scaled;co2_scaled;mis6_segment;insol65n_scaled,6,True,True,,-105.33530872185301,222.67061744370602,,,53.0,166.68287400000003,finite_mle,joint_06152
BP_insol65n,same_type_exponential_history;lr04_scaled;co2_scaled;mis6_segment;pre_phase_sin;pre_phase_cos;insol65n_scaled,8,True,True,,-101.65141079038911,219.30282158077821,312.6148245687507,3.961911636502922,53.0,166.68287400000003,finite_mle,joint_06152
B,same_type_exponential_history;lr04_scaled;co2_scaled;mis6_segment,5,True,True,,-111.6755531324971,233.3511062649942,,,53.0,164.10186700000003,finite_mle,joint_07414
BP,same_type_exponential_history;lr04_scaled;co2_scaled;mis6_segment;pre_phase_sin;pre_phase_cos,7,True,True,,-101.95567675905401,217.91135351810803,329.2985176291854,8.27148054229281,53.0,164.10186700000003,finite_mle,joint_07414
B_ecc,same_type_exponential_history;lr04_scaled;co2_scaled;mis6_segment;ecc_scaled,6,True,True,,-108.7610502532174,229.5221005064348,,,53.0,164.10186700000003,finite_mle,joint_07414
BP_ecc,same_type_exponential_history;lr04_scaled;co2_scaled;mis6_segment;pre_phase_sin;pre_phase_cos;ecc_scaled,8,True,True,,-100.44578409776227,216.89156819552454,327.7957298713262,7.038683939959564,53.0,164.10186700000003,finite_mle,joint_07414
B_obl,same_type_exponential_history;lr04_scaled;co2_scaled;mis6_segment;obl_scaled,6,True,True,,-111.60618388698951,235.21236777397903,,,53.0,164.10186700000003,finite_mle,joint_07414
BP_obl,same_type_exponential_history;lr04_scaled;co2_scaled;mis6_segment;pre_phase_sin;pre_phase_cos;obl_scaled,8,True,True,,-100.31120281541307,216.62240563082614,329.15619032882756,11.29588808624461,53.0,164.10186700000003,finite_mle,joint_07414
B_insol65n,same_type_exponential_history;lr04_scaled;co2_scaled;mis6_segment;insol65n_scaled,6,True,True,,-104.0296477809209,220.0592955618418,,,53.0,164.10186700000003,finite_mle,joint_07414
BP_insol65n,same_type_exponential_history;lr04_scaled;co2_scaled;mis6_segment;pre_phase_sin;pre_phase_cos;insol65n_scaled,8,True,True,,-99.5871416338929,215.1742832677858,302.8206658422261,4.482828336967759,53.0,164.10186700000003,finite_mle,joint_07414
B,same_type_exponential_history;lr04_scaled;co2_scaled;mis6_segment,5,True,True,,-111.32619173266463,232.65238346532925,,,53.0,164.91802,finite_mle,joint_04920
BP,same_type_exponential_history;lr04_scaled;co2_scaled;mis6_segment;pre_phase_sin;pre_phase_cos,7,True,True,,-103.64852884755993,221.29705769511986,326.0259047314643,5.7100572494112605,53.0,164.91802,finite_mle,joint_04920
B_ecc,same_type_exponential_history;lr04_scaled;co2_scaled;mis6_segment;ecc_scaled,6,True,True,,-108.93169247910868,229.86338495821735,,,53.0,164.91802,finite_mle,joint_04920
BP_ecc,same_type_exponential_history;lr04_scaled;co2_scaled;mis6_segment;pre_phase_sin;pre_phase_cos;ecc_scaled,8,True,True,,-102.66446346885198,221.32892693770395,323.52554772024223,4.844887240762198,53.0,164.91802,finite_mle,joint_04920
B_obl,same_type_exponential_history;lr04_scaled;co2_scaled;mis6_segment;obl_scaled,6,True,True,,-111.22253989054028,234.44507978108055,,,53.0,164.91802,finite_mle,joint_04920
BP_obl,same_type_exponential_history;lr04_scaled;co2_scaled;mis6_segment;pre_phase_sin;pre_phase_cos;obl_scaled,8,True,True,,-102.44361412103498,220.88722824206997,326.2536056595261,6.946270269332131,53.0,164.91802,finite_mle,joint_04920
B_insol65n,same_type_exponential_history;lr04_scaled;co2_scaled;mis6_segment;insol65n_scaled,6,True,True,,-104.37583868582226,220.75167737164452,,,53.0,164.91802,finite_mle,joint_04920
BP_insol65n,same_type_exponential_history;lr04_scaled;co2_scaled;mis6_segment;pre_phase_sin;pre_phase_cos;insol65n_scaled,8,True,True,,-100.75028450409869,217.50056900819737,285.3015627884206,3.301628065693695,53.0,164.91802,finite_mle,joint_04920
B,same_type_exponential_history;lr04_scaled;co2_scaled;mis6_segment,5,True,True,,-111.41232028839869,232.82464057679738,,,53.0,165.66763500000002,finite_mle,joint_06177
BP,same_type_exponential_history;lr04_scaled;co2_scaled;mis6_segment;pre_phase_sin;pre_phase_cos,7,True,True,,-102.67645924638609,219.35291849277218,331.49131025413215,6.935153736659674,53.0,165.66763500000002,finite_mle,joint_06177
B_ecc,same_type_exponential_history;lr04_scaled;co2_scaled;mis6_segment;ecc_scaled,6,True,True,,-110.04224611626617,232.08449223253234,,,53.0,165.66763500000002,finite_mle,joint_06177
BP_ecc,same_type_exponential_history;lr04_scaled;co2_scaled;mis6_segment;pre_phase_sin;pre_phase_cos;ecc_scaled,8,True,True,,-102.3126914064776,220.6253828129552,330.5195790383319,6.298481734589147,53.0,165.66763500000002,finite_mle,joint_06177
B_obl,same_type_exponential_history;lr04_scaled;co2_scaled;mis6_segment;obl_scaled,6,True,True,,-111.40797936038467,234.81595872076934,,,53.0,165.66763500000002,finite_mle,joint_06177
BP_obl,same_type_exponential_history;lr04_scaled;co2_scaled;mis6_segment;pre_phase_sin;pre_phase_cos;obl_scaled,8,True,True,,-102.17385497766756,220.34770995533512,331.4833638812739,7.964891943161962,53.0,165.66763500000002,finite_mle,joint_06177
B_insol65n,same_type_exponential_history;lr04_scaled;co2_scaled;mis6_segment;insol65n_scaled,6,True,True,,-105.42158989131718,222.84317978263437,,,53.0,165.66763500000002,finite_mle,joint_06177
BP_insol65n,same_type_exponential_history;lr04_scaled;co2_scaled;mis6_segment;pre_phase_sin;pre_phase_cos;insol65n_scaled,8,True,True,,-101.65903574658981,219.31807149317962,316.2256989721112,4.297846424655984,53.0,165.66763500000002,finite_mle,joint_06177
B,same_type_exponential_history;lr04_scaled;co2_scaled;mis6_segment,5,True,True,,-110.11212096963186,230.22424193926372,,,53.0,159.03382200000004,finite_mle,joint_08762
BP,same_type_exponential_history;lr04_scaled;co2_scaled;mis6_segment;pre_phase_sin;pre_phase_cos,7,True,True,,-102.24666288421957,218.49332576843915,316.2530229247078,6.08258651126179,53.0,159.03382200000004,finite_mle,joint_08762
B_ecc,same_type_exponential_history;lr04_scaled;co2_scaled;mis6_segment;ecc_scaled,6,True,True,,-108.17091004678295,228.3418200935659,,,53.0,159.03382200000004,finite_mle,joint_08762
BP_ecc,same_type_exponential_history;lr04_scaled;co2_scaled;mis6_segment;pre_phase_sin;pre_phase_cos;ecc_scaled,8,True,True,,-101.20888876118096,218.41777752236192,314.116887967075,5.454578487731328,53.0,159.03382200000004,finite_mle,joint_08762
B_obl,same_type_exponential_history;lr04_scaled;co2_scaled;mis6_segment;obl_scaled,6,True,True,,-110.08236739206976,232.1647347841395,,,53.0,159.03382200000004,finite_mle,joint_08762
BP_obl,same_type_exponential_history;lr04_scaled;co2_scaled;mis6_segment;pre_phase_sin;pre_phase_cos;obl_scaled,8,True,True,,-101.07935880634128,218.15871761268255,317.21401260146877,7.567889548952231,53.0,159.03382200000004,finite_mle,joint_08762
B_insol65n,same_type_exponential_history;lr04_scaled;co2_scaled;mis6_segment;insol65n_scaled,6,True,True,,-105.75730722857027,223.51461445714054,,,53.0,159.03382200000004,finite_mle,joint_08762
BP_insol65n,same_type_exponential_history;lr04_scaled;co2_scaled;mis6_segment;pre_phase_sin;pre_phase_cos;insol65n_scaled,8,True,True,,-100.57750729507967,217.15501459015934,288.3308553204006,4.3755322289650715,53.0,159.03382200000004,finite_mle,joint_08762
B,same_type_exponential_history;lr04_scaled;co2_scaled;mis6_segment,5,True,True,,-111.50339004418001,233.00678008836002,,,53.0,164.681148,finite_mle,joint_00851
BP,same_type_exponential_history;lr04_scaled;co2_scaled;mis6_segment;pre_phase_sin;pre_phase_cos,7,True,True,,-101.46409084233957,216.92818168467915,330.010863343608,8.694112785344837,53.0,164.681148,finite_mle,joint_00851
B_ecc,same_type_exponential_history;lr04_scaled;co2_scaled;mis6_segment;ecc_scaled,6,True,True,,-108.88194071346962,229.76388142693924,,,53.0,164.681148,finite_mle,joint_00851
BP_ecc,same_type_exponential_history;lr04_scaled;co2_scaled;mis6_segment;pre_phase_sin;pre_phase_cos;ecc_scaled,8,True,True,,-100.36083291261502,216.72166582523005,328.72166902483235,7.354350110189544,53.0,164.681148,finite_mle,joint_00851
B_obl,same_type_exponential_history;lr04_scaled;co2_scaled;mis6_segment;obl_scaled,6,True,True,,-111.46939587584963,234.93879175169926,,,53.0,164.681148,finite_mle,joint_00851
BP_obl,same_type_exponential_history;lr04_scaled;co2_scaled;mis6_segment;pre_phase_sin;pre_phase_cos;obl_scaled,8,True,True,,-100.16027102272758,216.32054204545517,329.92892478720313,11.36388150004219,53.0,164.681148,finite_mle,joint_00851
B_insol65n,same_type_exponential_history;lr04_scaled;co2_scaled;mis6_segment;insol65n_scaled,6,True,True,,-103.85472413016112,219.70944826032223,,,53.0,164.681148,finite_mle,joint_00851
BP_insol65n,same_type_exponential_history;lr04_scaled;co2_scaled;mis6_segment;pre_phase_sin;pre_phase_cos;insol65n_scaled,8,True,True,,-99.35147013702357,214.70294027404714,307.3127458207307,4.73981583541584,53.0,164.681148,finite_mle,joint_00851
B,same_type_exponential_history;lr04_scaled;co2_scaled;mis6_segment,5,True,True,,-111.24235967582837,232.48471935165674,,,53.0,163.49250700000005,finite_mle,joint_04543
BP,same_type_exponential_history;lr04_scaled;co2_scaled;mis6_segment;pre_phase_sin;pre_phase_cos,7,True,True,,-100.58502869432195,215.1700573886439,329.8774994748443,8.922508231512154,53.0,163.49250700000005,finite_mle,joint_04543
B_ecc,same_type_exponential_history;lr04_scaled;co2_scaled;mis6_segment;ecc_scaled,6,True,True,,-108.47161703832415,228.9432340766483,,,53.0,163.49250700000005,finite_mle,joint_04543
BP_ecc,same_type_exponential_history;lr04_scaled;co2_scaled;mis6_segment;pre_phase_sin;pre_phase_cos;ecc_scaled,8,True,True,,-99.31406471386055,214.6281294277211,328.76492772957624,7.586108339092019,53.0,163.49250700000005,finite_mle,joint_04543
B_obl,same_type_exponential_history;lr04_scaled;co2_scaled;mis6_segment;obl_scaled,6,True,True,,-111.23486476002542,234.46972952005083,,,53.0,163.49250700000005,finite_mle,joint_04543
BP_obl,same_type_exponential_history;lr04_scaled;co2_scaled;mis6_segment;pre_phase_sin;pre_phase_cos;obl_scaled,8,True,True,,-99.39799056455887,214.79598112911773,329.6175031512739,11.437489517752047,53.0,163.49250700000005,finite_mle,joint_04543
B_insol65n,same_type_exponential_history;lr04_scaled;co2_scaled;mis6_segment;insol65n_scaled,6,True,True,,-103.92235480706623,219.84470961413246,,,53.0,163.49250700000005,finite_mle,joint_04543
BP_insol65n,same_type_exponential_history;lr04_scaled;co2_scaled;mis6_segment;pre_phase_sin;pre_phase_cos;insol65n_scaled,8,True,True,,-98.94035827679866,213.88071655359732,310.17593654700835,5.114426487657417,53.0,163.49250700000005,finite_mle,joint_04543
B,same_type_exponential_history;lr04_scaled;co2_scaled;mis6_segment,5,True,True,,-111.31553815220835,232.6310763044167,,,53.0,164.97549200000003,finite_mle,joint_00181
BP,same_type_exponential_history;lr04_scaled;co2_scaled;mis6_segment;pre_phase_sin;pre_phase_cos,7,True,True,,-101.77265912660461,217.54531825320922,329.80186586615446,7.609172721645257,53.0,164.97549200000003,finite_mle,joint_00181
B_ecc,same_type_exponential_history;lr04_scaled;co2_scaled;mis6_segment;ecc_scaled,6,True,True,,-109.19785056794589,230.39570113589178,,,53.0,164.97549200000003,finite_mle,joint_00181
BP_ecc,same_type_exponential_history;lr04_scaled;co2_scaled;mis6_segment;pre_phase_sin;pre_phase_cos;ecc_scaled,8,True,True,,-101.1259642058846,218.2519284117692,328.7849121078978,6.595254441385504,53.0,164.97549200000003,finite_mle,joint_00181
B_obl,same_type_exponential_history;lr04_scaled;co2_scaled;mis6_segment;obl_scaled,6,True,True,,-111.31550775435875,234.6310155087175,,,53.0,164.97549200000003,finite_mle,joint_00181
BP_obl,same_type_exponential_history;lr04_scaled;co2_scaled;mis6_segment;pre_phase_sin;pre_phase_cos;obl_scaled,8,True,True,,-101.06503890242715,218.1300778048543,329.6484757493591,9.053366867017766,53.0,164.97549200000003,finite_mle,joint_00181
B_insol65n,same_type_exponential_history;lr04_scaled;co2_scaled;mis6_segment;insol65n_scaled,6,True,True,,-104.40852767710732,220.81705535421463,,,53.0,164.97549200000003,finite_mle,joint_00181
BP_insol65n,same_type_exponential_history;lr04_scaled;co2_scaled;mis6_segment;pre_phase_sin;pre_phase_cos;insol65n_scaled,8,True,True,,-100.0953349537356,216.1906699074712,307.6939862943386,4.404782535382971,53.0,164.97549200000003,finite_mle,joint_00181
B,same_type_exponential_history;lr04_scaled;co2_scaled;mis6_segment,5,True,True,,-110.78184296394707,231.56368592789414,,,53.0,161.30829500000004,finite_mle,joint_00240
BP,same_type_exponential_history;lr04_scaled;co2_scaled;mis6_segment;pre_phase_sin;pre_phase_cos,7,True,True,,-103.35589111107011,220.71178222214022,311.02170437926065,5.716756040984605,53.0,161.30829500000004,finite_mle,joint_00240
B_ecc,same_type_exponential_history;lr04_scaled;co2_scaled;mis6_segment;ecc_scaled,6,True,True,,-107.98362540589059,227.96725081178118,,,53.0,161.30829500000004,finite_mle,joint_00240
BP_ecc,same_type_exponential_history;lr04_scaled;co2_scaled;mis6_segment;pre_phase_sin;pre_phase_cos;ecc_scaled,8,True,True,,-101.52274888879033,219.04549777758066,307.7402641435501,5.097519910520133,53.0,161.30829500000004,finite_mle,joint_00240
B_obl,same_type_exponential_history;lr04_scaled;co2_scaled;mis6_segment;obl_scaled,6,True,True,,-110.58233423950136,233.16466847900273,,,53.0,161.30829500000004,finite_mle,joint_00240
BP_obl,same_type_exponential_history;lr04_scaled;co2_scaled;mis6_segment;pre_phase_sin;pre_phase_cos;obl_scaled,8,True,True,,-101.59625072868286,219.19250145736572,312.83354726840656,7.524676670257995,53.0,161.30829500000004,finite_mle,joint_00240
B_insol65n,same_type_exponential_history;lr04_scaled;co2_scaled;mis6_segment;insol65n_scaled,6,True,True,,-107.08296481412913,226.16592962825825,,,53.0,161.30829500000004,finite_mle,joint_00240
BP_insol65n,same_type_exponential_history;lr04_scaled;co2_scaled;mis6_segment;pre_phase_sin;pre_phase_cos;insol65n_scaled,8,True,True,,-101.70096319734131,219.40192639468262,281.8543552466707,4.4290688812627135,53.0,161.30829500000004,finite_mle,joint_00240
B,same_type_exponential_history;lr04_scaled;co2_scaled;mis6_segment,5,True,True,,-111.24548827054781,232.49097654109562,,,53.0,163.48439000000002,finite_mle,joint_03680
BP,same_type_exponential_history;lr04_scaled;co2_scaled;mis6_segment;pre_phase_sin;pre_phase_cos,7,True,True,,-103.16771801411306,220.33543602822613,319.49153278819955,6.305673681753597,53.0,163.48439000000002,finite_mle,joint_03680
B_ecc,same_type_exponential_history;lr04_scaled;co2_scaled;mis6_segment;ecc_scaled,6,True,True,,-107.95189002441438,227.90378004882876,,,53.0,163.48439000000002,finite_mle,joint_03680
BP_ecc,same_type_exponential_history;lr04_scaled;co2_scaled;mis6_segment;pre_phase_sin;pre_phase_cos;ecc_scaled,8,True,True,,-101.34042857404178,218.68085714808356,316.78203080760943,5.313488594069567,53.0,163.48439000000002,finite_mle,joint_03680
B_obl,same_type_exponential_history;lr04_scaled;co2_scaled;mis6_segment;obl_scaled,6,True,True,,-111.16992136726279,234.33984273452558,,,53.0,163.48439000000002,finite_mle,joint_03680
BP_obl,same_type_exponential_history;lr04_scaled;co2_scaled;mis6_segment;pre_phase_sin;pre_phase_cos;obl_scaled,8,True,True,,-102.00786716253961,220.01573432507922,320.35535429902654,7.761193366613313,53.0,163.48439000000002,finite_mle,joint_03680
B_insol65n,same_type_exponential_history;lr04_scaled;co2_scaled;mis6_segment;insol65n_scaled,6,True,True,,-106.44223476985687,224.88446953971373,,,53.0,163.48439000000002,finite_mle,joint_03680
BP_insol65n,same_type_exponential_history;lr04_scaled;co2_scaled;mis6_segment;pre_phase_sin;pre_phase_cos;insol65n_scaled,8,True,True,,-101.89265568458065,219.7853113691613,296.75686117976136,4.2511117555136,53.0,163.48439000000002,finite_mle,joint_03680
B,same_type_exponential_history;lr04_scaled;co2_scaled;mis6_segment,5,True,True,,-110.89983554701827,231.79967109403654,,,53.0,165.91437900000005,finite_mle,joint_01201
BP,same_type_exponential_history;lr04_scaled;co2_scaled;mis6_segment;pre_phase_sin;pre_phase_cos,7,True,True,,-102.50607749905052,219.01215499810104,335.81769632059746,6.629780927788955,53.0,165.91437900000005,finite_mle,joint_01201
B_ecc,same_type_exponential_history;lr04_scaled;co2_scaled;mis6_segment;ecc_scaled,6,True,True,,-109.92209020206019,231.84418040412038,,,53.0,165.91437900000005,finite_mle,joint_01201
BP_ecc,same_type_exponential_history;lr04_scaled;co2_scaled;mis6_segment;pre_phase_sin;pre_phase_cos;ecc_scaled,8,True,True,,-102.33909371729479,220.67818743458957,335.4919138456746,6.1708787460693,53.0,165.91437900000005,finite_mle,joint_01201
B_obl,same_type_exponential_history;lr04_scaled;co2_scaled;mis6_segment;obl_scaled,6,True,True,,-110.83732258209568,233.67464516419136,,,53.0,165.91437900000005,finite_mle,joint_01201
BP_obl,same_type_exponential_history;lr04_scaled;co2_scaled;mis6_segment;pre_phase_sin;pre_phase_cos;obl_scaled,8,True,True,,-101.26223148205062,218.52446296410125,335.74202285979595,8.452640142988159,53.0,165.91437900000005,finite_mle,joint_01201
B_insol65n,same_type_exponential_history;lr04_scaled;co2_scaled;mis6_segment;insol65n_scaled,6,True,True,,-104.03899163731681,220.07798327463362,,,53.0,165.91437900000005,finite_mle,joint_01201
BP_insol65n,same_type_exponential_history;lr04_scaled;co2_scaled;mis6_segment;pre_phase_sin;pre_phase_cos;insol65n_scaled,8,True,True,,-101.06885972180534,218.13771944361068,318.53873497389196,3.671876859891476,53.0,165.91437900000005,finite_mle,joint_01201
B,same_type_exponential_history;lr04_scaled;co2_scaled;mis6_segment,5,True,True,,-112.34163653080114,234.68327306160228,,,53.0,170.55865900000003,finite_mle,joint_08705
BP,same_type_exponential_history;lr04_scaled;co2_scaled;mis6_segment;pre_phase_sin;pre_phase_cos,7,True,True,,-108.69187140700254,231.38374281400507,335.8340220983553,3.2859430674176004,53.0,170.55865900000003,finite_mle,joint_08705
B_ecc,same_type_exponential_history;lr04_scaled;co2_scaled;mis6_segment;ecc_scaled,6,True,True,,-111.41865194124915,234.8373038824983,,,53.0,170.55865900000003,finite_mle,joint_08705
BP_ecc,same_type_exponential_history;lr04_scaled;co2_scaled;mis6_segment;pre_phase_sin;pre_phase_cos;ecc_scaled,8,True,True,,-108.29344996331025,232.5868999266205,335.3250068600446,3.045820726345867,53.0,170.55865900000003,finite_mle,joint_08705
B_obl,same_type_exponential_history;lr04_scaled;co2_scaled;mis6_segment;obl_scaled,6,True,True,,-112.30812338040212,236.61624676080424,,,53.0,170.55865900000003,finite_mle,joint_08705
BP_obl,same_type_exponential_history;lr04_scaled;co2_scaled;mis6_segment;pre_phase_sin;pre_phase_cos;obl_scaled,8,True,True,,-108.65634464727866,233.31268929455732,335.7445438730144,3.3727463652083594,53.0,170.55865900000003,finite_mle,joint_08705
B_insol65n,same_type_exponential_history;lr04_scaled;co2_scaled;mis6_segment;insol65n_scaled,6,True,True,,-111.12011885223768,234.24023770447536,,,53.0,170.55865900000003,finite_mle,joint_08705
BP_insol65n,same_type_exponential_history;lr04_scaled;co2_scaled;mis6_segment;pre_phase_sin;pre_phase_cos;insol65n_scaled,8,True,True,,-108.59438861000149,233.18877722000298,339.99075176651417,4.030025787637838,53.0,170.55865900000003,finite_mle,joint_08705
B,same_type_exponential_history;lr04_scaled;co2_scaled;mis6_segment,5,True,True,,-111.92775495358559,233.85550990717118,,,53.0,166.62717600000002,finite_mle,joint_08224
BP,same_type_exponential_history;lr04_scaled;co2_scaled;mis6_segment;pre_phase_sin;pre_phase_cos,7,True,True,,-103.3265475831839,220.6530951663678,329.24016801995816,6.478603713020684,53.0,166.62717600000002,finite_mle,joint_08224
B_ecc,same_type_exponential_history;lr04_scaled;co2_scaled;mis6_segment;ecc_scaled,6,True,True,,-109.49884710816593,230.99769421633187,,,53.0,166.62717600000002,finite_mle,joint_08224
BP_ecc,same_type_exponential_history;lr04_scaled;co2_scaled;mis6_segment;pre_phase_sin;pre_phase_cos;ecc_scaled,8,True,True,,-102.40429056765912,220.80858113531824,327.26547721397486,5.485223886199447,53.0,166.62717600000002,finite_mle,joint_08224
B_obl,same_type_exponential_history;lr04_scaled;co2_scaled;mis6_segment;obl_scaled,6,True,True,,-111.81327547363716,235.62655094727432,,,53.0,166.62717600000002,finite_mle,joint_08224
BP_obl,same_type_exponential_history;lr04_scaled;co2_scaled;mis6_segment;pre_phase_sin;pre_phase_cos;obl_scaled,8,True,True,,-102.03875743992936,220.0775148798587,329.1538948058195,7.969612455270949,53.0,166.62717600000002,finite_mle,joint_08224
B_insol65n,same_type_exponential_history;lr04_scaled;co2_scaled;mis6_segment;insol65n_scaled,6,True,True,,-103.96896797068862,219.93793594137725,,,53.0,166.62717600000002,finite_mle,joint_08224
BP_insol65n,same_type_exponential_history;lr04_scaled;co2_scaled;mis6_segment;pre_phase_sin;pre_phase_cos;insol65n_scaled,8,True,True,,-100.32377707514019,216.64755415028037,291.29453990138666,3.4235930021092553,53.0,166.62717600000002,finite_mle,joint_08224
B,same_type_exponential_history;lr04_scaled;co2_scaled;mis6_segment,5,True,True,,-110.62245452774255,231.2449090554851,,,53.0,164.91842400000002,finite_mle,joint_03983
BP,same_type_exponential_history;lr04_scaled;co2_scaled;mis6_segment;pre_phase_sin;pre_phase_cos,7,True,True,,-100.71596884882642,215.43193769765284,327.6335863160743,8.270950606645354,53.0,164.91842400000002,finite_mle,joint_03983
B_ecc,same_type_exponential_history;lr04_scaled;co2_scaled;mis6_segment;ecc_scaled,6,True,True,,-108.68492063009273,229.36984126018547,,,53.0,164.91842400000002,finite_mle,joint_03983
BP_ecc,same_type_exponential_history;lr04_scaled;co2_scaled;mis6_segment;pre_phase_sin;pre_phase_cos;ecc_scaled,8,True,True,,-100.04356438892275,216.0871287778455,326.74410573243273,7.283848264183015,53.0,164.91842400000002,finite_mle,joint_03983
B_obl,same_type_exponential_history;lr04_scaled;co2_scaled;mis6_segment;obl_scaled,6,True,True,,-110.61936742112715,233.2387348422543,,,53.0,164.91842400000002,finite_mle,joint_03983
BP_obl,same_type_exponential_history;lr04_scaled;co2_scaled;mis6_segment;pre_phase_sin;pre_phase_cos;obl_scaled,8,True,True,,-99.76189440374046,215.5237888074809,327.8983670559737,10.337735496582185,53.0,164.91842400000002,finite_mle,joint_03983
B_insol65n,same_type_exponential_history;lr04_scaled;co2_scaled;mis6_segment;insol65n_scaled,6,True,True,,-104.13515791438431,220.27031582876862,,,53.0,164.91842400000002,finite_mle,joint_03983
BP_insol65n,same_type_exponential_history;lr04_scaled;co2_scaled;mis6_segment;pre_phase_sin;pre_phase_cos;insol65n_scaled,8,True,True,,-99.31508958009499,214.63017916018998,309.5127065452973,5.072365753879147,53.0,164.91842400000002,finite_mle,joint_03983
B,same_type_exponential_history;lr04_scaled;co2_scaled;mis6_segment,5,True,True,,-111.59011202099454,233.18022404198908,,,53.0,162.78980900000005,finite_mle,joint_07393
BP,same_type_exponential_history;lr04_scaled;co2_scaled;mis6_segment;pre_phase_sin;pre_phase_cos,7,True,True,,-103.15332929152095,220.3066585830419,325.82249767801176,6.797161672333308,53.0,162.78980900000005,finite_mle,joint_07393
B_ecc,same_type_exponential_history;lr04_scaled;co2_scaled;mis6_segment;ecc_scaled,6,True,True,,-108.59354360326356,229.1870872065271,,,53.0,162.78980900000005,finite_mle,joint_07393
BP_ecc,same_type_exponential_history;lr04_scaled;co2_scaled;mis6_segment;pre_phase_sin;pre_phase_cos;ecc_scaled,8,True,True,,-101.51736772242135,219.0347354448427,324.12537132056093,5.784526242062065,53.0,162.78980900000005,finite_mle,joint_07393
B_obl,same_type_exponential_history;lr04_scaled;co2_scaled;mis6_segment;obl_scaled,6,True,True,,-111.54744509037678,235.09489018075357,,,53.0,162.78980900000005,finite_mle,joint_07393
BP_obl,same_type_exponential_history;lr04_scaled;co2_scaled;mis6_segment;pre_phase_sin;pre_phase_cos;obl_scaled,8,True,True,,-101.90214954230002,219.80429908460005,325.87936585809683,8.747018665709325,53.0,162.78980900000005,finite_mle,joint_07393
B_insol65n,same_type_exponential_history;lr04_scaled;co2_scaled;mis6_segment;insol65n_scaled,6,True,True,,-105.67116424862135,223.3423284972427,,,53.0,162.78980900000005,finite_mle,joint_07393
BP_insol65n,same_type_exponential_history;lr04_scaled;co2_scaled;mis6_segment;pre_phase_sin;pre_phase_cos;insol65n_scaled,8,True,True,,-101.33990951099219,218.67981902198437,298.8097119200503,4.153396275939501,53.0,162.78980900000005,finite_mle,joint_07393
B,same_type_exponential_history;lr04_scaled;co2_scaled;mis6_segment,5,True,True,,-111.1684188150949,232.3368376301898,,,53.0,163.32198000000005,finite_mle,joint_04696
BP,same_type_exponential_history;lr04_scaled;co2_scaled;mis6_segment;pre_phase_sin;pre_phase_cos,7,True,True,,-103.03252309385051,220.06504618770103,318.54992559236206,6.428936183218198,53.0,163.32198000000005,finite_mle,joint_04696
B_ecc,same_type_exponential_history;lr04_scaled;co2_scaled;mis6_segment;ecc_scaled,6,True,True,,-108.40349241092389,228.80698482184778,,,53.0,163.32198000000005,finite_mle,joint_04696
BP_ecc,same_type_exponential_history;lr04_scaled;co2_scaled;mis6_segment;pre_phase_sin;pre_phase_cos;ecc_scaled,8,True,True,,-101.62487778850317,219.24975557700634,315.7715669012787,5.486872347568502,53.0,163.32198000000005,finite_mle,joint_04696
B_obl,same_type_exponential_history;lr04_scaled;co2_scaled;mis6_segment;obl_scaled,6,True,True,,-111.12001968863191,234.24003937726383,,,53.0,163.32198000000005,finite_mle,joint_04696
BP_obl,same_type_exponential_history;lr04_scaled;co2_scaled;mis6_segment;pre_phase_sin;pre_phase_cos;obl_scaled,8,True,True,,-101.95117442830718,219.90234885661437,319.3936412339462,7.880372517614582,53.0,163.32198000000005,finite_mle,joint_04696
B_insol65n,same_type_exponential_history;lr04_scaled;co2_scaled;mis6_segment;insol65n_scaled,6,True,True,,-106.21160379934456,224.42320759868912,,,53.0,163.32198000000005,finite_mle,joint_04696
BP_insol65n,same_type_exponential_history;lr04_scaled;co2_scaled;mis6_segment;pre_phase_sin;pre_phase_cos;insol65n_scaled,8,True,True,,-101.41777398647422,218.83554797294843,292.13991764452925,4.381421560001246,53.0,163.32198000000005,finite_mle,joint_04696
B,same_type_exponential_history;lr04_scaled;co2_scaled;mis6_segment,5,True,True,,-111.15132740561074,232.3026548112215,,,53.0,164.43694800000003,finite_mle,joint_07355
BP,same_type_exponential_history;lr04_scaled;co2_scaled;mis6_segment;pre_phase_sin;pre_phase_cos,7,True,True,,-103.42326192680314,220.84652385360627,324.4972343485792,6.088645211038766,53.0,164.43694800000003,finite_mle,joint_07355
B_ecc,same_type_exponential_history;lr04_scaled;co2_scaled;mis6_segment;ecc_scaled,6,True,True,,-108.08269581835722,228.16539163671445,,,53.0,164.43694800000003,finite_mle,joint_07355
BP_ecc,same_type_exponential_history;lr04_scaled;co2_scaled;mis6_segment;pre_phase_sin;pre_phase_cos;ecc_scaled,8,True,True,,-101.79786581406574,219.5957316281315,321.76369029770206,5.098084073195569,53.0,164.43694800000003,finite_mle,joint_07355
B_obl,same_type_exponential_history;lr04_scaled;co2_scaled;mis6_segment;obl_scaled,6,True,True,,-111.05611758275731,234.11223516551462,,,53.0,164.43694800000003,finite_mle,joint_07355
BP_obl,same_type_exponential_history;lr04_scaled;co2_scaled;mis6_segment;pre_phase_sin;pre_phase_cos;obl_scaled,8,True,True,,-102.14497729278854,220.28995458557708,324.81113032270616,7.692163047268209,53.0,164.43694800000003,finite_mle,joint_07355
B_insol65n,same_type_exponential_history;lr04_scaled;co2_scaled;mis6_segment;insol65n_scaled,6,True,True,,-105.47256902820968,222.94513805641935,,,53.0,164.43694800000003,finite_mle,joint_07355
BP_insol65n,same_type_exponential_history;lr04_scaled;co2_scaled;mis6_segment;pre_phase_sin;pre_phase_cos;insol65n_scaled,8,True,True,,-101.6519182617881,219.3038365235762,296.63891655876887,3.7717825579711626,53.0,164.43694800000003,finite_mle,joint_07355
B,same_type_exponential_history;lr04_scaled;co2_scaled;mis6_segment,5,True,True,,-110.4842413706836,230.9684827413672,,,53.0,162.38409300000004,finite_mle,joint_08920
BP,same_type_exponential_history;lr04_scaled;co2_scaled;mis6_segment;pre_phase_sin;pre_phase_cos,7,True,True,,-102.64518039234854,219.29036078469707,319.77751228228544,6.111276610766716,53.0,162.38409300000004,finite_mle,joint_08920
B_ecc,same_type_exponential_history;lr04_scaled;co2_scaled;mis6_segment;ecc_scaled,6,True,True,,-108.17499499734004,228.34998999468007,,,53.0,162.38409300000004,finite_mle,joint_08920
BP_ecc,same_type_exponential_history;lr04_scaled;co2_scaled;mis6_segment;pre_phase_sin;pre_phase_cos;ecc_scaled,8,True,True,,-101.34299264150965,218.6859852830193,317.2630616543712,5.387010925893562,53.0,162.38409300000004,finite_mle,joint_08920
B_obl,same_type_exponential_history;lr04_scaled;co2_scaled;mis6_segment;obl_scaled,6,True,True,,-110.30632037719104,232.61264075438208,,,53.0,162.38409300000004,finite_mle,joint_08920
BP_obl,same_type_exponential_history;lr04_scaled;co2_scaled;mis6_segment;pre_phase_sin;pre_phase_cos;obl_scaled,8,True,True,,-100.71708916534779,217.43417833069557,320.26350582378257,8.287024121111614,53.0,162.38409300000004,finite_mle,joint_08920
B_insol65n,same_type_exponential_history;lr04_scaled;co2_scaled;mis6_segment;insol65n_scaled,6,True,True,,-105.04282817198592,222.08565634397183,,,53.0,162.38409300000004,finite_mle,joint_08920
BP_insol65n,same_type_exponential_history;lr04_scaled;co2_scaled;mis6_segment;pre_phase_sin;pre_phase_cos;insol65n_scaled,8,True,True,,-100.3238839386097,216.6477678772194,286.32883783858745,4.089139137954811,53.0,162.38409300000004,finite_mle,joint_08920
B,same_type_exponential_history;lr04_scaled;co2_scaled;mis6_segment,5,True,True,,-110.83280028168724,231.66560056337448,,,53.0,161.17174300000005,finite_mle,joint_09875
BP,same_type_exponential_history;lr04_scaled;co2_scaled;mis6_segment;pre_phase_sin;pre_phase_cos,7,True,True,,-100.78746558482172,215.57493116964343,321.0106719905349,8.452251884219788,53.0,161.17174300000005,finite_mle,joint_09875
B_ecc,same_type_exponential_history;lr04_scaled;co2_scaled;mis6_segment;ecc_scaled,6,True,True,,-108.30383247018685,228.6076649403737,,,53.0,161.17174300000005,finite_mle,joint_09875
BP_ecc,same_type_exponential_history;lr04_scaled;co2_scaled;mis6_segment;pre_phase_sin;pre_phase_cos;ecc_scaled,8,True,True,,-99.41190150312917,214.82380300625834,319.29356059661995,7.479281845712385,53.0,161.17174300000005,finite_mle,joint_09875
B_obl,same_type_exponential_history;lr04_scaled;co2_scaled;mis6_segment;obl_scaled,6,True,True,,-110.81993745698885,233.6398749139777,,,53.0,161.17174300000005,finite_mle,joint_09875
BP_obl,same_type_exponential_history;lr04_scaled;co2_scaled;mis6_segment;pre_phase_sin;pre_phase_cos;obl_scaled,8,True,True,,-99.415013767608,214.830027535216,321.7432281115042,11.306009744818521,53.0,161.17174300000005,finite_mle,joint_09875
B_insol65n,same_type_exponential_history;lr04_scaled;co2_scaled;mis6_segment;insol65n_scaled,6,True,True,,-105.05307715757749,222.10615431515498,,,53.0,161.17174300000005,finite_mle,joint_09875
BP_insol65n,same_type_exponential_history;lr04_scaled;co2_scaled;mis6_segment;pre_phase_sin;pre_phase_cos;insol65n_scaled,8,True,True,,-98.91038331985737,213.82076663971475,296.98952622308764,5.518035213773375,53.0,161.17174300000005,finite_mle,joint_09875
B,same_type_exponential_history;lr04_scaled;co2_scaled;mis6_segment,5,True,True,,-110.95545223938464,231.91090447876928,,,53.0,160.838995,finite_mle,joint_00899
BP,same_type_exponential_history;lr04_scaled;co2_scaled;mis6_segment;pre_phase_sin;pre_phase_cos,7,True,True,,-102.82280405798741,219.64560811597482,326.7485232811612,6.570680774798062,53.0,160.838995,finite_mle,joint_00899
B_ecc,same_type_exponential_history;lr04_scaled;co2_scaled;mis6_segment;ecc_scaled,6,True,True,,-108.63010296500397,229.26020593000794,,,53.0,160.838995,finite_mle,joint_00899
BP_ecc,same_type_exponential_history;lr04_scaled;co2_scaled;mis6_segment;pre_phase_sin;pre_phase_cos;ecc_scaled,8,True,True,,-101.56498131156802,219.12996262313604,325.4272761497518,5.7806648718164215,53.0,160.838995,finite_mle,joint_00899
B_obl,same_type_exponential_history;lr04_scaled;co2_scaled;mis6_segment;obl_scaled,6,True,True,,-110.90698723187313,233.81397446374626,,,53.0,160.838995,finite_mle,joint_00899
BP_obl,same_type_exponential_history;lr04_scaled;co2_scaled;mis6_segment;pre_phase_sin;pre_phase_cos;obl_scaled,8,True,True,,-101.32371945512628,218.64743891025256,326.91131483767487,8.923861346705515,53.0,160.838995,finite_mle,joint_00899
B_insol65n,same_type_exponential_history;lr04_scaled;co2_scaled;mis6_segment;insol65n_scaled,6,True,True,,-105.23155676009415,222.4631135201883,,,53.0,160.838995,finite_mle,joint_00899
BP_insol65n,same_type_exponential_history;lr04_scaled;co2_scaled;mis6_segment;pre_phase_sin;pre_phase_cos;insol65n_scaled,8,True,True,,-101.1463534752902,218.2927069505804,302.20318360797165,4.038413227402946,53.0,160.838995,finite_mle,joint_00899
B,same_type_exponential_history;lr04_scaled;co2_scaled;mis6_segment,5,True,True,,-111.05136005221469,232.10272010442938,,,53.0,164.049171,finite_mle,joint_06055
BP,same_type_exponential_history;lr04_scaled;co2_scaled;mis6_segment;pre_phase_sin;pre_phase_cos,7,True,True,,-102.5213499040303,219.0426998080606,324.63303582418007,6.722782711781616,53.0,164.049171,finite_mle,joint_06055
B_ecc,same_type_exponential_history;lr04_scaled;co2_scaled;mis6_segment;ecc_scaled,6,True,True,,-108.96030606465544,229.92061212931088,,,53.0,164.049171,finite_mle,joint_06055
BP_ecc,same_type_exponential_history;lr04_scaled;co2_scaled;mis6_segment;pre_phase_sin;pre_phase_cos;ecc_scaled,8,True,True,,-101.79220506418979,219.58441012837957,322.7765674937459,5.796277913459362,53.0,164.049171,finite_mle,joint_06055
B_obl,same_type_exponential_history;lr04_scaled;co2_scaled;mis6_segment;obl_scaled,6,True,True,,-111.02152541766982,234.04305083533964,,,53.0,164.049171,finite_mle,joint_06055
BP_obl,same_type_exponential_history;lr04_scaled;co2_scaled;mis6_segment;pre_phase_sin;pre_phase_cos;obl_scaled,8,True,True,,-101.4454547471181,218.8909094942362,324.7697273590841,8.30948160164167,53.0,164.049171,finite_mle,joint_06055
B_insol65n,same_type_exponential_history;lr04_scaled;co2_scaled;mis6_segment;insol65n_scaled,6,True,True,,-104.7129798699671,221.4259597399342,,,53.0,164.049171,finite_mle,joint_06055
BP_insol65n,same_type_exponential_history;lr04_scaled;co2_scaled;mis6_segment;pre_phase_sin;pre_phase_cos;insol65n_scaled,8,True,True,,-100.2132268231784,216.4264536463568,292.8990840647369,4.087536729877103,53.0,164.049171,finite_mle,joint_06055
B,same_type_exponential_history;lr04_scaled;co2_scaled;mis6_segment,5,True,True,,-111.48442606916299,232.96885213832599,,,53.0,163.30371800000006,finite_mle,joint_02408
BP,same_type_exponential_history;lr04_scaled;co2_scaled;mis6_segment;pre_phase_sin;pre_phase_cos,7,True,True,,-99.70479092165738,213.40958184331475,320.6174103336609,10.399485334619365,53.0,163.30371800000006,finite_mle,joint_02408
B_ecc,same_type_exponential_history;lr04_scaled;co2_scaled;mis6_segment;ecc_scaled,6,True,True,,-108.32590319750693,228.65180639501386,,,53.0,163.30371800000006,finite_mle,joint_02408
BP_ecc,same_type_exponential_history;lr04_scaled;co2_scaled;mis6_segment;pre_phase_sin;pre_phase_cos;ecc_scaled,8,True,True,,-98.03669603598439,212.07339207196878,318.49409899184184,8.923696780666807,53.0,163.30371800000006,finite_mle,joint_02408
B_obl,same_type_exponential_history;lr04_scaled;co2_scaled;mis6_segment;obl_scaled,6,True,True,,-111.45717747887817,234.91435495775633,,,53.0,163.30371800000006,finite_mle,joint_02408
BP_obl,same_type_exponential_history;lr04_scaled;co2_scaled;mis6_segment;pre_phase_sin;pre_phase_cos;obl_scaled,8,True,True,,-98.09705415976697,212.19410831953394,321.28031473481997,13.992412282590733,53.0,163.30371800000006,finite_mle,joint_02408
B_insol65n,same_type_exponential_history;lr04_scaled;co2_scaled;mis6_segment;insol65n_scaled,6,True,True,,-104.90395420223138,221.80790840446275,,,53.0,163.30371800000006,finite_mle,joint_02408
BP_insol65n,same_type_exponential_history;lr04_scaled;co2_scaled;mis6_segment;pre_phase_sin;pre_phase_cos;insol65n_scaled,8,True,True,,-97.76192418600947,211.52384837201893,297.793977230207,6.571708364734526,53.0,163.30371800000006,finite_mle,joint_02408
B,same_type_exponential_history;lr04_scaled;co2_scaled;mis6_segment,5,True,True,,-110.66873122653502,231.33746245307003,,,53.0,164.87293900000003,finite_mle,joint_06154
BP,same_type_exponential_history;lr04_scaled;co2_scaled;mis6_segment;pre_phase_sin;pre_phase_cos,7,True,True,,-102.34188154543519,218.68376309087037,329.1794573882744,6.550225405552478,53.0,164.87293900000003,finite_mle,joint_06154
B_ecc,same_type_exponential_history;lr04_scaled;co2_scaled;mis6_segment;ecc_scaled,6,True,True,,-109.05846834168457,230.11693668336915,,,53.0,164.87293900000003,finite_mle,joint_06154
BP_ecc,same_type_exponential_history;lr04_scaled;co2_scaled;mis6_segment;pre_phase_sin;pre_phase_cos;ecc_scaled,8,True,True,,-101.82082909516996,219.6416581903399,327.81482890182735,5.843056719011072,53.0,164.87293900000003,finite_mle,joint_06154
B_obl,same_type_exponential_history;lr04_scaled;co2_scaled;mis6_segment;obl_scaled,6,True,True,,-110.66188979923191,233.32377959846383,,,53.0,164.87293900000003,finite_mle,joint_06154
BP_obl,same_type_exponential_history;lr04_scaled;co2_scaled;mis6_segment;pre_phase_sin;pre_phase_cos;obl_scaled,8,True,True,,-101.60807914635356,219.21615829270712,329.34583252416877,7.725918584090996,53.0,164.87293900000003,finite_mle,joint_06154
B_insol65n,same_type_exponential_history;lr04_scaled;co2_scaled;mis6_segment;insol65n_scaled,6,True,True,,-104.92320054705615,221.8464010941123,,,53.0,164.87293900000003,finite_mle,joint_06154
BP_insol65n,same_type_exponential_history;lr04_scaled;co2_scaled;mis6_segment;pre_phase_sin;pre_phase_cos;insol65n_scaled,8,True,True,,-101.25214734320654,218.5042946864131,311.98698179281615,4.068697131942128,53.0,164.87293900000003,finite_mle,joint_06154
B,same_type_exponential_history;lr04_scaled;co2_scaled;mis6_segment,5,True,True,,-110.85527615864676,231.71055231729352,,,53.0,161.09103700000003,finite_mle,joint_09836
BP,same_type_exponential_history;lr04_scaled;co2_scaled;mis6_segment;pre_phase_sin;pre_phase_cos,7,True,True,,-102.02016499276775,218.0403299855355,316.36484072489213,7.216370602058137,53.0,161.09103700000003,finite_mle,joint_09836
B_ecc,same_type_exponential_history;lr04_scaled;co2_scaled;mis6_segment;ecc_scaled,6,True,True,,-107.94942515351603,227.89885030703206,,,53.0,161.09103700000003,finite_mle,joint_09836
BP_ecc,same_type_exponential_history;lr04_scaled;co2_scaled;mis6_segment;pre_phase_sin;pre_phase_cos;ecc_scaled,8,True,True,,-100.33055470784187,216.66110941568374,313.5640608373175,6.275584260280202,53.0,161.09103700000003,finite_mle,joint_09836
B_obl,same_type_exponential_history;lr04_scaled;co2_scaled;mis6_segment;obl_scaled,6,True,True,,-110.79423832013283,233.58847664026567,,,53.0,161.09103700000003,finite_mle,joint_09836
BP_obl,same_type_exponential_history;lr04_scaled;co2_scaled;mis6_segment;pre_phase_sin;pre_phase_cos;obl_scaled,8,True,True,,-100.58970811289683,217.17941622579366,317.44617928905666,9.36589979460429,53.0,161.09103700000003,finite_mle,joint_09836
B_insol65n,same_type_exponential_history;lr04_scaled;co2_scaled;mis6_segment;insol65n_scaled,6,True,True,,-106.06169937512581,224.12339875025162,,,53.0,161.09103700000003,finite_mle,joint_09836
BP_insol65n,same_type_exponential_history;lr04_scaled;co2_scaled;mis6_segment;pre_phase_sin;pre_phase_cos;insol65n_scaled,8,True,True,,-100.38500325491276,216.77000650982552,291.1196394714225,5.03284469257852,53.0,161.09103700000003,finite_mle,joint_09836
B,same_type_exponential_history;lr04_scaled;co2_scaled;mis6_segment,5,True,True,,-110.8628134062901,231.7256268125802,,,53.0,161.30941600000006,finite_mle,joint_04816
BP,same_type_exponential_history;lr04_scaled;co2_scaled;mis6_segment;pre_phase_sin;pre_phase_cos,7,True,True,,-100.43629914013744,214.87259828027487,330.3303783043788,9.052264394609871,53.0,161.30941600000006,finite_mle,joint_04816
B_ecc,same_type_exponential_history;lr04_scaled;co2_scaled;mis6_segment;ecc_scaled,6,True,True,,-108.95988209804213,229.91976419608426,,,53.0,161.30941600000006,finite_mle,joint_04816
BP_ecc,same_type_exponential_history;lr04_scaled;co2_scaled;mis6_segment;pre_phase_sin;pre_phase_cos;ecc_scaled,8,True,True,,-99.71703436273557,215.43406872547115,329.61182024317014,8.01392575024346,53.0,161.30941600000006,finite_mle,joint_04816
B_obl,same_type_exponential_history;lr04_scaled;co2_scaled;mis6_segment;obl_scaled,6,True,True,,-110.84372081159458,233.68744162318916,,,53.0,161.30941600000006,finite_mle,joint_04816
BP_obl,same_type_exponential_history;lr04_scaled;co2_scaled;mis6_segment;pre_phase_sin;pre_phase_cos;obl_scaled,8,True,True,,-99.61568891145984,215.23137782291968,330.11398250709937,11.344329924454353,53.0,161.30941600000006,finite_mle,joint_04816
B_insol65n,same_type_exponential_history;lr04_scaled;co2_scaled;mis6_segment;insol65n_scaled,6,True,True,,-104.085316595382,220.170633190764,,,53.0,161.30941600000006,finite_mle,joint_04816
BP_insol65n,same_type_exponential_history;lr04_scaled;co2_scaled;mis6_segment;pre_phase_sin;pre_phase_cos;insol65n_scaled,8,True,True,,-98.99850212732532,213.99700425465065,312.8161311991903,5.45353597527034,53.0,161.30941600000006,finite_mle,joint_04816
B,same_type_exponential_history;lr04_scaled;co2_scaled;mis6_segment,5,True,True,,-110.20278898750962,230.40557797501924,,,53.0,165.23984100000004,finite_mle,joint_00524
BP,same_type_exponential_history;lr04_scaled;co2_scaled;mis6_segment;pre_phase_sin;pre_phase_cos,7,True,True,,-100.14870877044183,214.29741754088366,331.1684359449722,8.401898558466161,53.0,165.23984100000004,finite_mle,joint_00524
B_ecc,same_type_exponential_history;lr04_scaled;co2_scaled;mis6_segment;ecc_scaled,6,True,True,,-108.94786269574719,229.89572539149438,,,53.0,165.23984100000004,finite_mle,joint_00524
BP_ecc,same_type_exponential_history;lr04_scaled;co2_scaled;mis6_segment;pre_phase_sin;pre_phase_cos;ecc_scaled,8,True,True,,-99.87100374900616,215.74200749801233,331.0234502828817,7.700405711304519,53.0,165.23984100000004,finite_mle,joint_00524
B_obl,same_type_exponential_history;lr04_scaled;co2_scaled;mis6_segment;obl_scaled,6,True,True,,-110.19349247101904,232.38698494203808,,,53.0,165.23984100000004,finite_mle,joint_00524
BP_obl,same_type_exponential_history;lr04_scaled;co2_scaled;mis6_segment;pre_phase_sin;pre_phase_cos;obl_scaled,8,True,True,,-99.4439764531309,214.8879529062618,331.5778273856216,10.163124841533952,53.0,165.23984100000004,finite_mle,joint_00524
B_insol65n,same_type_exponential_history;lr04_scaled;co2_scaled;mis6_segment;insol65n_scaled,6,True,True,,-103.79020393583647,219.58040787167295,,,53.0,165.23984100000004,finite_mle,joint_00524
BP_insol65n,same_type_exponential_history;lr04_scaled;co2_scaled;mis6_segment;pre_phase_sin;pre_phase_cos;insol65n_scaled,8,True,True,,-99.12761194465654,214.25522388931307,318.5806378815305,5.239380379099757,53.0,165.23984100000004,finite_mle,joint_00524
B,same_type_exponential_history;lr04_scaled;co2_scaled;mis6_segment,5,True,True,,-110.62084721953542,231.24169443907084,,,53.0,160.93185300000005,finite_mle,joint_06142
BP,same_type_exponential_history;lr04_scaled;co2_scaled;mis6_segment;pre_phase_sin;pre_phase_cos,7,True,True,,-100.61344638388655,215.2268927677731,321.50406893787044,8.517682495662127,53.0,160.93185300000005,finite_mle,joint_06142
B_ecc,same_type_exponential_history;lr04_scaled;co2_scaled;mis6_segment;ecc_scaled,6,True,True,,-107.82232905562026,227.64465811124052,,,53.0,160.93185300000005,finite_mle,joint_06142
BP_ecc,same_type_exponential_history;lr04_scaled;co2_scaled;mis6_segment;pre_phase_sin;pre_phase_cos;ecc_scaled,8,True,True,,-99.14269526106719,214.28539052213438,319.7879587785829,7.424585555882965,53.0,160.93185300000005,finite_mle,joint_06142
B_obl,same_type_exponential_history;lr04_scaled;co2_scaled;mis6_segment;obl_scaled,6,True,True,,-110.61977604962225,233.2395520992445,,,53.0,160.93185300000005,finite_mle,joint_06142
BP_obl,same_type_exponential_history;lr04_scaled;co2_scaled;mis6_segment;pre_phase_sin;pre_phase_cos;obl_scaled,8,True,True,,-99.40609749393604,214.8121949878721,321.86877617662395,11.259495875846662,53.0,160.93185300000005,finite_mle,joint_06142
B_insol65n,same_type_exponential_history;lr04_scaled;co2_scaled;mis6_segment;insol65n_scaled,6,True,True,,-104.97513043958561,221.95026087917122,,,53.0,160.93185300000005,finite_mle,joint_06142
BP_insol65n,same_type_exponential_history;lr04_scaled;co2_scaled;mis6_segment;pre_phase_sin;pre_phase_cos;insol65n_scaled,8,True,True,,-98.908443352305,213.81688670461,298.2420041563436,5.590331953186336,53.0,160.93185300000005,finite_mle,joint_06142
B,same_type_exponential_history;lr04_scaled;co2_scaled;mis6_segment,5,True,True,,-110.43622073070856,230.8724414614171,,,53.0,165.20503200000002,finite_mle,joint_01346
BP,same_type_exponential_history;lr04_scaled;co2_scaled;mis6_segment;pre_phase_sin;pre_phase_cos,7,True,True,,-101.92975481061544,217.85950962123087,334.935985544055,6.820057449482689,53.0,165.20503200000002,finite_mle,joint_01346
B_ecc,same_type_exponential_history;lr04_scaled;co2_scaled;mis6_segment;ecc_scaled,6,True,True,,-109.60127984878133,231.20255969756266,,,53.0,165.20503200000002,finite_mle,joint_01346
BP_ecc,same_type_exponential_history;lr04_scaled;co2_scaled;mis6_segment;pre_phase_sin;pre_phase_cos;ecc_scaled,8,True,True,,-101.83218998101843,219.66437996203686,334.6329256014604,6.452337416419199,53.0,165.20503200000002,finite_mle,joint_01346
B_obl,same_type_exponential_history;lr04_scaled;co2_scaled;mis6_segment;obl_scaled,6,True,True,,-110.43607535199038,232.87215070398076,,,53.0,165.20503200000002,finite_mle,joint_01346
BP_obl,same_type_exponential_history;lr04_scaled;co2_scaled;mis6_segment;pre_phase_sin;pre_phase_cos;obl_scaled,8,True,True,,-101.3033578596806,218.6067157193612,334.8530569720404,8.005629903279688,53.0,165.20503200000002,finite_mle,joint_01346
B_insol65n,same_type_exponential_history;lr04_scaled;co2_scaled;mis6_segment;insol65n_scaled,6,True,True,,-104.38983275755525,220.7796655151105,,,53.0,165.20503200000002,finite_mle,joint_01346
BP_insol65n,same_type_exponential_history;lr04_scaled;co2_scaled;mis6_segment;pre_phase_sin;pre_phase_cos;insol65n_scaled,8,True,True,,-101.04692307585269,218.09384615170538,322.2746416135398,4.198089806000973,53.0,165.20503200000002,finite_mle,joint_01346
B,same_type_exponential_history;lr04_scaled;co2_scaled;mis6_segment,5,True,True,,-111.37673411283323,232.75346822566647,,,53.0,167.06856400000004,finite_mle,joint_04722
BP,same_type_exponential_history;lr04_scaled;co2_scaled;mis6_segment;pre_phase_sin;pre_phase_cos,7,True,True,,-104.55733757616424,223.1146751523285,330.5960136577903,5.200662569156756,53.0,167.06856400000004,finite_mle,joint_04722
B_ecc,same_type_exponential_history;lr04_scaled;co2_scaled;mis6_segment;ecc_scaled,6,True,True,,-109.77626237223785,231.5525247444757,,,53.0,167.06856400000004,finite_mle,joint_04722
BP_ecc,same_type_exponential_history;lr04_scaled;co2_scaled;mis6_segment;pre_phase_sin;pre_phase_cos;ecc_scaled,8,True,True,,-104.00394911938017,224.00789823876033,329.0079886844232,4.642324210888763,53.0,167.06856400000004,finite_mle,joint_04722
B_obl,same_type_exponential_history;lr04_scaled;co2_scaled;mis6_segment;obl_scaled,6,True,True,,-111.36850003299614,234.73700006599228,,,53.0,167.06856400000004,finite_mle,joint_04722
BP_obl,same_type_exponential_history;lr04_scaled;co2_scaled;mis6_segment;pre_phase_sin;pre_phase_cos;obl_scaled,8,True,True,,-103.96475675195907,223.92951350391814,330.46491661336256,6.005129839629938,53.0,167.06856400000004,finite_mle,joint_04722
B_insol65n,same_type_exponential_history;lr04_scaled;co2_scaled;mis6_segment;insol65n_scaled,6,True,True,,-106.34534196988503,224.69068393977005,,,53.0,167.06856400000004,finite_mle,joint_04722
BP_insol65n,same_type_exponential_history;lr04_scaled;co2_scaled;mis6_segment;pre_phase_sin;pre_phase_cos;insol65n_scaled,8,True,True,,-103.54125978572216,223.08251957144432,311.0401688666378,3.266793065024295,53.0,167.06856400000004,finite_mle,joint_04722
B,same_type_exponential_history;lr04_scaled;co2_scaled;mis6_segment,5,True,True,,-110.98685782317577,231.97371564635154,,,53.0,164.83981700000004,finite_mle,joint_06092
BP,same_type_exponential_history;lr04_scaled;co2_scaled;mis6_segment;pre_phase_sin;pre_phase_cos,7,True,True,,-103.0806470104513,220.1612940209026,331.4289826191664,6.268196635210986,53.0,164.83981700000004,finite_mle,joint_06092
B_ecc,same_type_exponential_history;lr04_scaled;co2_scaled;mis6_segment;ecc_scaled,6,True,True,,-109.53058379239378,231.06116758478757,,,53.0,164.83981700000004,finite_mle,joint_06092
BP_ecc,same_type_exponential_history;lr04_scaled;co2_scaled;mis6_segment;pre_phase_sin;pre_phase_cos;ecc_scaled,8,True,True,,-102.54258279200113,221.08516558400225,330.2442171999099,5.640748190887781,53.0,164.83981700000004,finite_mle,joint_06092
B_obl,same_type_exponential_history;lr04_scaled;co2_scaled;mis6_segment;obl_scaled,6,True,True,,-110.92841443412675,233.8568288682535,,,53.0,164.83981700000004,finite_mle,joint_06092
BP_obl,same_type_exponential_history;lr04_scaled;co2_scaled;mis6_segment;pre_phase_sin;pre_phase_cos;obl_scaled,8,True,True,,-101.92873535549623,219.85747071099246,331.1747858828213,7.8227123852479075,53.0,164.83981700000004,finite_mle,joint_06092
B_insol65n,same_type_exponential_history;lr04_scaled;co2_scaled;mis6_segment;insol65n_scaled,6,True,True,,-104.98384929267692,221.96769858535384,,,53.0,164.83981700000004,finite_mle,joint_06092
BP_insol65n,same_type_exponential_history;lr04_scaled;co2_scaled;mis6_segment;pre_phase_sin;pre_phase_cos;insol65n_scaled,8,True,True,,-101.70839390103609,219.41678780207218,311.0687196130725,3.6935826751707386,53.0,164.83981700000004,finite_mle,joint_06092
B,same_type_exponential_history;lr04_scaled;co2_scaled;mis6_segment,5,True,True,,-111.15020010089398,232.30040020178797,,,53.0,165.533837,finite_mle,joint_00615
BP,same_type_exponential_history;lr04_scaled;co2_scaled;mis6_segment;pre_phase_sin;pre_phase_cos,7,True,True,,-103.99764706239995,221.9952941247999,331.29459797063214,5.434972871821313,53.0,165.533837,finite_mle,joint_00615
B_ecc,same_type_exponential_history;lr04_scaled;co2_scaled;mis6_segment;ecc_scaled,6,True,True,,-109.79374952601792,231.58749905203584,,,53.0,165.533837,finite_mle,joint_00615
BP_ecc,same_type_exponential_history;lr04_scaled;co2_scaled;mis6_segment;pre_phase_sin;pre_phase_cos;ecc_scaled,8,True,True,,-103.585878985542,223.171757971084,330.3404447176495,4.903677002089183,53.0,165.533837,finite_mle,joint_00615
B_obl,same_type_exponential_history;lr04_scaled;co2_scaled;mis6_segment;obl_scaled,6,True,True,,-111.10192622235564,234.2038524447113,,,53.0,165.533837,finite_mle,joint_00615
BP_obl,same_type_exponential_history;lr04_scaled;co2_scaled;mis6_segment;pre_phase_sin;pre_phase_cos;obl_scaled,8,True,True,,-102.97095893389906,221.9419178677981,330.9479319222796,6.714170141396761,53.0,165.533837,finite_mle,joint_00615
B_insol65n,same_type_exponential_history;lr04_scaled;co2_scaled;mis6_segment;insol65n_scaled,6,True,True,,-105.28718817239704,222.57437634479408,,,53.0,165.533837,finite_mle,joint_00615
BP_insol65n,same_type_exponential_history;lr04_scaled;co2_scaled;mis6_segment;pre_phase_sin;pre_phase_cos;insol65n_scaled,8,True,True,,-102.39927258528766,220.79854517057532,305.98921517914283,3.2060752172758864,53.0,165.533837,finite_mle,joint_00615
B,same_type_exponential_history;lr04_scaled;co2_scaled;mis6_segment,5,True,True,,-110.35767243813208,230.71534487626417,,,53.0,162.606918,finite_mle,joint_09418
BP,same_type_exponential_history;lr04_scaled;co2_scaled;mis6_segment;pre_phase_sin;pre_phase_cos,7,True,True,,-101.99454272809828,217.98908545619656,314.94595665900874,6.697900610672383,53.0,162.606918,finite_mle,joint_09418
B_ecc,same_type_exponential_history;lr04_scaled;co2_scaled;mis6_segment;ecc_scaled,6,True,True,,-107.63298514533471,227.26597029066943,,,53.0,162.606918,finite_mle,joint_09418
BP_ecc,same_type_exponential_history;lr04_scaled;co2_scaled;mis6_segment;pre_phase_sin;pre_phase_cos;ecc_scaled,8,True,True,,-100.34268590490956,216.68537180981912,312.0375083306577,5.9176181639798076,53.0,162.606918,finite_mle,joint_09418
B_obl,same_type_exponential_history;lr04_scaled;co2_scaled;mis6_segment;obl_scaled,6,True,True,,-110.13904853534392,232.27809707068783,,,53.0,162.606918,finite_mle,joint_09418
BP_obl,same_type_exponential_history;lr04_scaled;co2_scaled;mis6_segment;pre_phase_sin;pre_phase_cos;obl_scaled,8,True,True,,-99.92422462284993,215.84844924569987,316.1909432781293,9.28461236599611,53.0,162.606918,finite_mle,joint_09418
B_insol65n,same_type_exponential_history;lr04_scaled;co2_scaled;mis6_segment;insol65n_scaled,6,True,True,,-105.61338013331502,223.22676026663004,,,53.0,162.606918,finite_mle,joint_09418
BP_insol65n,same_type_exponential_history;lr04_scaled;co2_scaled;mis6_segment;pre_phase_sin;pre_phase_cos;insol65n_scaled,8,True,True,,-100.01587358761952,216.03174717523905,286.227777293106,4.7713135927345,53.0,162.606918,finite_mle,joint_09418
B,same_type_exponential_history;lr04_scaled;co2_scaled;mis6_segment,5,True,True,,-111.22840907721314,232.4568181544263,,,53.0,168.70384400000003,finite_mle,joint_08209
BP,same_type_exponential_history;lr04_scaled;co2_scaled;mis6_segment;pre_phase_sin;pre_phase_cos,7,True,True,,-106.0742979273503,226.1485958547006,337.81033459462776,4.107275465840202,53.0,168.70384400000003,finite_mle,joint_08209
B_ecc,same_type_exponential_history;lr04_scaled;co2_scaled;mis6_segment;ecc_scaled,6,True,True,,-110.28239626139204,232.56479252278407,,,53.0,168.70384400000003,finite_mle,joint_08209
BP_ecc,same_type_exponential_history;lr04_scaled;co2_scaled;mis6_segment;pre_phase_sin;pre_phase_cos;ecc_scaled,8,True,True,,-105.79378820687643,227.58757641375286,337.0527998194358,3.7945625031089145,53.0,168.70384400000003,finite_mle,joint_08209
B_obl,same_type_exponential_history;lr04_scaled;co2_scaled;mis6_segment;obl_scaled,6,True,True,,-111.20167799300637,234.40335598601274,,,53.0,168.70384400000003,finite_mle,joint_08209
BP_obl,same_type_exponential_history;lr04_scaled;co2_scaled;mis6_segment;pre_phase_sin;pre_phase_cos;obl_scaled,8,True,True,,-105.50987399993639,227.01974799987278,337.19633369285924,4.711764072459498,53.0,168.70384400000003,finite_mle,joint_08209
B_insol65n,same_type_exponential_history;lr04_scaled;co2_scaled;mis6_segment;insol65n_scaled,6,True,True,,-107.20108720589354,226.4021744117871,,,53.0,168.70384400000003,finite_mle,joint_08209
BP_insol65n,same_type_exponential_history;lr04_scaled;co2_scaled;mis6_segment;pre_phase_sin;pre_phase_cos;insol65n_scaled,8,True,True,,-105.48357991260303,226.96715982520607,324.2798249199238,2.7095442891596506,53.0,168.70384400000003,finite_mle,joint_08209
B,same_type_exponential_history;lr04_scaled;co2_scaled;mis6_segment,5,True,True,,-111.35699899270526,232.71399798541051,,,53.0,167.09364400000004,finite_mle,joint_06983
BP,same_type_exponential_history;lr04_scaled;co2_scaled;mis6_segment;pre_phase_sin;pre_phase_cos,7,True,True,,-103.29418693356095,220.5883738671219,336.394247281697,6.270739576704348,53.0,167.09364400000004,finite_mle,joint_06983
B_ecc,same_type_exponential_history;lr04_scaled;co2_scaled;mis6_segment;ecc_scaled,6,True,True,,-110.13162854043097,232.26325708086193,,,53.0,167.09364400000004,finite_mle,joint_06983
BP_ecc,same_type_exponential_history;lr04_scaled;co2_scaled;mis6_segment;pre_phase_sin;pre_phase_cos;ecc_scaled,8,True,True,,-103.02798544364498,222.05597088728996,336.0411546857995,5.738869248458027,53.0,167.09364400000004,finite_mle,joint_06983
B_obl,same_type_exponential_history;lr04_scaled;co2_scaled;mis6_segment;obl_scaled,6,True,True,,-111.35699863797674,234.7139972759535,,,53.0,167.09364400000004,finite_mle,joint_06983
BP_obl,same_type_exponential_history;lr04_scaled;co2_scaled;mis6_segment;pre_phase_sin;pre_phase_cos;obl_scaled,8,True,True,,-102.8285862679306,221.6571725358612,336.24451767901155,7.112351570089036,53.0,167.09364400000004,finite_mle,joint_06983
B_insol65n,same_type_exponential_history;lr04_scaled;co2_scaled;mis6_segment;insol65n_scaled,6,True,True,,-105.31057956369202,222.62115912738403,,,53.0,167.09364400000004,finite_mle,joint_06983
BP_insol65n,same_type_exponential_history;lr04_scaled;co2_scaled;mis6_segment;pre_phase_sin;pre_phase_cos;insol65n_scaled,8,True,True,,-102.4150194784426,220.8300389568852,323.38194273208455,3.7892296661466425,53.0,167.09364400000004,finite_mle,joint_06983
B,same_type_exponential_history;lr04_scaled;co2_scaled;mis6_segment,5,True,True,,-111.47757573549279,232.95515147098558,,,53.0,164.76584700000006,finite_mle,joint_05587
BP,same_type_exponential_history;lr04_scaled;co2_scaled;mis6_segment;pre_phase_sin;pre_phase_cos,7,True,True,,-105.176976352595,224.35395270519,320.16308873689513,4.774472797409882,53.0,164.76584700000006,finite_mle,joint_05587
B_ecc,same_type_exponential_history;lr04_scaled;co2_scaled;mis6_segment;ecc_scaled,6,True,True,,-109.12264000448886,230.24528000897772,,,53.0,164.76584700000006,finite_mle,joint_05587
BP_ecc,same_type_exponential_history;lr04_scaled;co2_scaled;mis6_segment;pre_phase_sin;pre_phase_cos;ecc_scaled,8,True,True,,-103.92825784252909,223.85651568505818,316.89248318714283,4.128172763339482,53.0,164.76584700000006,finite_mle,joint_05587
B_obl,same_type_exponential_history;lr04_scaled;co2_scaled;mis6_segment;obl_scaled,6,True,True,,-111.40645655356951,234.81291310713902,,,53.0,164.76584700000006,finite_mle,joint_05587
BP_obl,same_type_exponential_history;lr04_scaled;co2_scaled;mis6_segment;pre_phase_sin;pre_phase_cos;obl_scaled,8,True,True,,-104.33476732396119,224.66953464792238,320.81507638350286,5.531563733979762,53.0,164.76584700000006,finite_mle,joint_05587
B_insol65n,same_type_exponential_history;lr04_scaled;co2_scaled;mis6_segment;insol65n_scaled,6,True,True,,-107.30257322254644,226.60514644509288,,,53.0,164.76584700000006,finite_mle,joint_05587
BP_insol65n,same_type_exponential_history;lr04_scaled;co2_scaled;mis6_segment;pre_phase_sin;pre_phase_cos;insol65n_scaled,8,True,True,,-103.88170316266024,223.7634063253205,292.1975744544626,3.273253301681939,53.0,164.76584700000006,finite_mle,joint_05587
B,same_type_exponential_history;lr04_scaled;co2_scaled;mis6_segment,5,True,True,,-109.95484917760285,229.9096983552057,,,53.0,165.416043,finite_mle,joint_07530
BP,same_type_exponential_history;lr04_scaled;co2_scaled;mis6_segment;pre_phase_sin;pre_phase_cos,7,True,True,,-102.54713644778735,219.0942728955747,336.37457816432715,5.804393913416984,53.0,165.416043,finite_mle,joint_07530
B_ecc,same_type_exponential_history;lr04_scaled;co2_scaled;mis6_segment;ecc_scaled,6,True,True,,-109.38052918256741,230.76105836513483,,,53.0,165.416043,finite_mle,joint_07530
BP_ecc,same_type_exponential_history;lr04_scaled;co2_scaled;mis6_segment;pre_phase_sin;pre_phase_cos;ecc_scaled,8,True,True,,-102.52984780809372,221.05969561618744,336.22790734834484,5.661672198310015,53.0,165.416043,finite_mle,joint_07530
B_obl,same_type_exponential_history;lr04_scaled;co2_scaled;mis6_segment;obl_scaled,6,True,True,,-109.95461716814268,231.90923433628535,,,53.0,165.416043,finite_mle,joint_07530
BP_obl,same_type_exponential_history;lr04_scaled;co2_scaled;mis6_segment;pre_phase_sin;pre_phase_cos;obl_scaled,8,True,True,,-102.05887649453598,220.11775298907196,336.27253451931034,6.649387195960624,53.0,165.416043,finite_mle,joint_07530
B_insol65n,same_type_exponential_history;lr04_scaled;co2_scaled;mis6_segment;insol65n_scaled,6,True,True,,-104.40112903622978,220.80225807245955,,,53.0,165.416043,finite_mle,joint_07530
BP_insol65n,same_type_exponential_history;lr04_scaled;co2_scaled;mis6_segment;pre_phase_sin;pre_phase_cos;insol65n_scaled,8,True,True,,-101.70834822138376,219.41669644276752,323.2491049074778,3.580428895928145,53.0,165.416043,finite_mle,joint_07530
B,same_type_exponential_history;lr04_scaled;co2_scaled;mis6_segment,5,True,True,,-110.4189560002253,230.8379120004506,,,53.0,165.46697,finite_mle,joint_06797
BP,same_type_exponential_history;lr04_scaled;co2_scaled;mis6_segment;pre_phase_sin;pre_phase_cos,7,True,True,,-103.6245741942692,221.2491483885384,330.5664420786922,5.317894590864861,53.0,165.46697,finite_mle,joint_06797
B_ecc,same_type_exponential_history;lr04_scaled;co2_scaled;mis6_segment;ecc_scaled,6,True,True,,-109.51386821814572,231.02773643629143,,,53.0,165.46697,finite_mle,joint_06797
BP_ecc,same_type_exponential_history;lr04_scaled;co2_scaled;mis6_segment;pre_phase_sin;pre_phase_cos;ecc_scaled,8,True,True,,-103.47128018726266,222.94256037452533,329.8657752028116,4.979382636970371,53.0,165.46697,finite_mle,joint_06797
B_obl,same_type_exponential_history;lr04_scaled;co2_scaled;mis6_segment;obl_scaled,6,True,True,,-110.41143510086316,232.82287020172632,,,53.0,165.46697,finite_mle,joint_06797
BP_obl,same_type_exponential_history;lr04_scaled;co2_scaled;mis6_segment;pre_phase_sin;pre_phase_cos;obl_scaled,8,True,True,,-103.08055971549962,222.16111943099924,330.8505356980264,6.068570237567949,53.0,165.46697,finite_mle,joint_06797
B_insol65n,same_type_exponential_history;lr04_scaled;co2_scaled;mis6_segment;insol65n_scaled,6,True,True,,-105.89146464311607,223.78292928623213,,,53.0,165.46697,finite_mle,joint_06797
BP_insol65n,same_type_exponential_history;lr04_scaled;co2_scaled;mis6_segment;pre_phase_sin;pre_phase_cos;insol65n_scaled,8,True,True,,-102.98430251649755,221.9686050329951,317.18445080854934,3.5751412835145966,53.0,165.46697,finite_mle,joint_06797
B,same_type_exponential_history;lr04_scaled;co2_scaled;mis6_segment,5,True,True,,-111.11386702672152,232.22773405344304,,,53.0,165.226112,finite_mle,joint_08641
BP,same_type_exponential_history;lr04_scaled;co2_scaled;mis6_segment;pre_phase_sin;pre_phase_cos,7,True,True,,-102.16213953159934,218.32427906319867,331.32742254780396,7.2724433742391,53.0,165.226112,finite_mle,joint_08641
B_ecc,same_type_exponential_history;lr04_scaled;co2_scaled;mis6_segment;ecc_scaled,6,True,True,,-109.8267775538583,231.6535551077166,,,53.0,165.226112,finite_mle,joint_08641
BP_ecc,same_type_exponential_history;lr04_scaled;co2_scaled;mis6_segment;pre_phase_sin;pre_phase_cos;ecc_scaled,8,True,True,,-101.85123411557831,219.70246823115662,330.45792903747565,6.633569420495763,53.0,165.226112,finite_mle,joint_08641
B_obl,same_type_exponential_history;lr04_scaled;co2_scaled;mis6_segment;obl_scaled,6,True,True,,-111.11320774352586,234.22641548705172,,,53.0,165.226112,finite_mle,joint_08641
BP_obl,same_type_exponential_history;lr04_scaled;co2_scaled;mis6_segment;pre_phase_sin;pre_phase_cos;obl_scaled,8,True,True,,-101.54820983656103,219.09641967312206,331.3728643149296,8.547720784192578,53.0,165.226112,finite_mle,joint_08641
B_insol65n,same_type_exponential_history;lr04_scaled;co2_scaled;mis6_segment;insol65n_scaled,6,True,True,,-104.86577024764222,221.73154049528443,,,53.0,165.226112,finite_mle,joint_08641
BP_insol65n,same_type_exponential_history;lr04_scaled;co2_scaled;mis6_segment;pre_phase_sin;pre_phase_cos;insol65n_scaled,8,True,True,,-100.96406448708696,217.92812897417392,314.8892880501907,4.388604072265259,53.0,165.226112,finite_mle,joint_08641
B,same_type_exponential_history;lr04_scaled;co2_scaled;mis6_segment,5,True,True,,-108.29984587480936,226.59969174961873,,,53.0,156.02393100000006,finite_mle,joint_02508
BP,same_type_exponential_history;lr04_scaled;co2_scaled;mis6_segment;pre_phase_sin;pre_phase_cos,7,True,True,,-101.40321519001238,216.80643038002475,299.71586168528546,5.3077137810581405,53.0,156.02393100000006,finite_mle,joint_02508
B_ecc,same_type_exponential_history;lr04_scaled;co2_scaled;mis6_segment;ecc_scaled,6,True,True,,-105.97655060722559,223.95310121445118,,,53.0,156.02393100000006,finite_mle,joint_02508
BP_ecc,same_type_exponential_history;lr04_scaled;co2_scaled;mis6_segment;pre_phase_sin;pre_phase_cos;ecc_scaled,8,True,True,,-99.21424664922131,214.42849329844262,293.2475984151603,5.261336736975828,53.0,156.02393100000006,finite_mle,joint_02508
B_obl,same_type_exponential_history;lr04_scaled;co2_scaled;mis6_segment;obl_scaled,6,True,True,,-108.12624649072382,228.25249298144763,,,53.0,156.02393100000006,finite_mle,joint_02508
BP_obl,same_type_exponential_history;lr04_scaled;co2_scaled;mis6_segment;pre_phase_sin;pre_phase_cos;obl_scaled,8,True,True,,-99.82519603225143,215.65039206450285,301.30397914837135,6.762032058374586,53.0,156.02393100000006,finite_mle,joint_02508
B_insol65n,same_type_exponential_history;lr04_scaled;co2_scaled;mis6_segment;insol65n_scaled,6,True,True,,-106.5045565705545,225.009113141109,,,53.0,156.02393100000006,finite_mle,joint_02508
BP_insol65n,same_type_exponential_history;lr04_scaled;co2_scaled;mis6_segment;pre_phase_sin;pre_phase_cos;insol65n_scaled,8,True,True,,-100.41654322293371,216.83308644586742,276.4702230037087,4.788138388785125,53.0,156.02393100000006,finite_mle,joint_02508
B,same_type_exponential_history;lr04_scaled;co2_scaled;mis6_segment,5,True,True,,-111.76784240747611,233.53568481495222,,,53.0,165.28290700000002,finite_mle,joint_02990
BP,same_type_exponential_history;lr04_scaled;co2_scaled;mis6_segment;pre_phase_sin;pre_phase_cos,7,True,True,,-104.7361248753293,223.4722497506586,334.44498649723596,5.314451951174541,53.0,165.28290700000002,finite_mle,joint_02990
B_ecc,same_type_exponential_history;lr04_scaled;co2_scaled;mis6_segment;ecc_scaled,6,True,True,,-109.7561647846214,231.5123295692428,,,53.0,165.28290700000002,finite_mle,joint_02990
BP_ecc,same_type_exponential_history;lr04_scaled;co2_scaled;mis6_segment;pre_phase_sin;pre_phase_cos;ecc_scaled,8,True,True,,-103.93447760378007,223.86895520756013,333.0948614492397,4.610241244420902,53.0,165.28290700000002,finite_mle,joint_02990
B_obl,same_type_exponential_history;lr04_scaled;co2_scaled;mis6_segment;obl_scaled,6,True,True,,-111.752047915823,235.504095831646,,,53.0,165.28290700000002,finite_mle,joint_02990
BP_obl,same_type_exponential_history;lr04_scaled;co2_scaled;mis6_segment;pre_phase_sin;pre_phase_cos;obl_scaled,8,True,True,,-104.07296031224917,224.14592062449833,333.92872628940887,6.187659991687775,53.0,165.28290700000002,finite_mle,joint_02990
B_insol65n,same_type_exponential_history;lr04_scaled;co2_scaled;mis6_segment;insol65n_scaled,6,True,True,,-105.68849050430086,223.37698100860172,,,53.0,165.28290700000002,finite_mle,joint_02990
BP_insol65n,same_type_exponential_history;lr04_scaled;co2_scaled;mis6_segment;pre_phase_sin;pre_phase_cos;insol65n_scaled,8,True,True,,-103.21214325426115,222.4242865085223,309.23667740372684,2.9653577004896565,53.0,165.28290700000002,finite_mle,joint_02990
B,same_type_exponential_history;lr04_scaled;co2_scaled;mis6_segment,5,True,True,,-110.91094979879541,231.82189959759083,,,53.0,164.17445800000007,finite_mle,joint_05719
BP,same_type_exponential_history;lr04_scaled;co2_scaled;mis6_segment;pre_phase_sin;pre_phase_cos,7,True,True,,-102.69452766234959,219.38905532469917,329.6710469685872,6.539913746844743,53.0,164.17445800000007,finite_mle,joint_05719
B_ecc,same_type_exponential_history;lr04_scaled;co2_scaled;mis6_segment;ecc_scaled,6,True,True,,-108.88105920711999,229.76211841423998,,,53.0,164.17445800000007,finite_mle,joint_05719
BP_ecc,same_type_exponential_history;lr04_scaled;co2_scaled;mis6_segment;pre_phase_sin;pre_phase_cos;ecc_scaled,8,True,True,,-101.91780835292256,219.83561670584513,328.5501725581011,5.675637760379272,53.0,164.17445800000007,finite_mle,joint_05719
B_obl,same_type_exponential_history;lr04_scaled;co2_scaled;mis6_segment;obl_scaled,6,True,True,,-110.89581993641931,233.79163987283863,,,53.0,164.17445800000007,finite_mle,joint_05719
BP_obl,same_type_exponential_history;lr04_scaled;co2_scaled;mis6_segment;pre_phase_sin;pre_phase_cos;obl_scaled,8,True,True,,-101.78388381070445,219.5677676214089,329.76841668282333,8.006106105522743,53.0,164.17445800000007,finite_mle,joint_05719
B_insol65n,same_type_exponential_history;lr04_scaled;co2_scaled;mis6_segment;insol65n_scaled,6,True,True,,-104.89064022371245,221.7812804474249,,,53.0,164.17445800000007,finite_mle,joint_05719
BP_insol65n,same_type_exponential_history;lr04_scaled;co2_scaled;mis6_segment;pre_phase_sin;pre_phase_cos;insol65n_scaled,8,True,True,,-101.3100150224264,218.6200300448528,309.2194562804972,3.9231521858547738,53.0,164.17445800000007,finite_mle,joint_05719
B,same_type_exponential_history;lr04_scaled;co2_scaled;mis6_segment,5,True,True,,-111.74460723499122,233.48921446998244,,,53.0,167.05582000000004,finite_mle,joint_05029
BP,same_type_exponential_history;lr04_scaled;co2_scaled;mis6_segment;pre_phase_sin;pre_phase_cos,7,True,True,,-104.49077453738619,222.98154907477237,336.15916654217216,5.681630148351238,53.0,167.05582000000004,finite_mle,joint_05029
B_ecc,same_type_exponential_history;lr04_scaled;co2_scaled;mis6_segment;ecc_scaled,6,True,True,,-110.45931971186045,232.9186394237209,,,53.0,167.05582000000004,finite_mle,joint_05029
BP_ecc,same_type_exponential_history;lr04_scaled;co2_scaled;mis6_segment;pre_phase_sin;pre_phase_cos;ecc_scaled,8,True,True,,-104.13540329728133,224.27080659456266,335.25527525254904,5.164977969048247,53.0,167.05582000000004,finite_mle,joint_05029
B_obl,same_type_exponential_history;lr04_scaled;co2_scaled;mis6_segment;obl_scaled,6,True,True,,-111.73283476780958,235.46566953561916,,,53.0,167.05582000000004,finite_mle,joint_05029
BP_obl,same_type_exponential_history;lr04_scaled;co2_scaled;mis6_segment;pre_phase_sin;pre_phase_cos;obl_scaled,8,True,True,,-103.91016288987669,223.82032577975338,335.65591965301695,6.523081222908379,53.0,167.05582000000004,finite_mle,joint_05029
B_insol65n,same_type_exponential_history;lr04_scaled;co2_scaled;mis6_segment;insol65n_scaled,6,True,True,,-106.39551203157482,224.79102406314965,,,53.0,167.05582000000004,finite_mle,joint_05029
BP_insol65n,same_type_exponential_history;lr04_scaled;co2_scaled;mis6_segment;pre_phase_sin;pre_phase_cos;insol65n_scaled,8,True,True,,-103.7413569263532,223.4827138527064,322.5825373188883,3.547020206300281,53.0,167.05582000000004,finite_mle,joint_05029
B,same_type_exponential_history;lr04_scaled;co2_scaled;mis6_segment,5,True,True,,-110.68324882194807,231.36649764389614,,,53.0,165.44567800000004,finite_mle,joint_01114
BP,same_type_exponential_history;lr04_scaled;co2_scaled;mis6_segment;pre_phase_sin;pre_phase_cos,7,True,True,,-104.7592765347872,223.5185530695744,327.4020498434697,4.595167362660398,53.0,165.44567800000004,finite_mle,joint_01114
B_ecc,same_type_exponential_history;lr04_scaled;co2_scaled;mis6_segment;ecc_scaled,6,True,True,,-109.57198015811335,231.1439603162267,,,53.0,165.44567800000004,finite_mle,joint_01114
BP_ecc,same_type_exponential_history;lr04_scaled;co2_scaled;mis6_segment;pre_phase_sin;pre_phase_cos;ecc_scaled,8,True,True,,-104.44975469350436,224.89950938700872,326.0046384394939,4.219185874780112,53.0,165.44567800000004,finite_mle,joint_01114
B_obl,same_type_exponential_history;lr04_scaled;co2_scaled;mis6_segment;obl_scaled,6,True,True,,-110.68276830897923,233.36553661795847,,,53.0,165.44567800000004,finite_mle,joint_01114
BP_obl,same_type_exponential_history;lr04_scaled;co2_scaled;mis6_segment;pre_phase_sin;pre_phase_cos;obl_scaled,8,True,True,,-104.39993634471516,224.79987268943032,327.6209004945092,5.1165025330691325,53.0,165.44567800000004,finite_mle,joint_01114
B_insol65n,same_type_exponential_history;lr04_scaled;co2_scaled;mis6_segment;insol65n_scaled,6,True,True,,-106.9904790660375,225.980958132075,,,53.0,165.44567800000004,finite_mle,joint_01114
BP_insol65n,same_type_exponential_history;lr04_scaled;co2_scaled;mis6_segment;pre_phase_sin;pre_phase_cos;insol65n_scaled,8,True,True,,-104.20249866467626,224.4049973293525,312.5260676297584,3.269464726416712,53.0,165.44567800000004,finite_mle,joint_01114
B,same_type_exponential_history;lr04_scaled;co2_scaled;mis6_segment,5,True,True,,-110.5410918055554,231.0821836111108,,,53.0,161.791381,finite_mle,joint_08165
BP,same_type_exponential_history;lr04_scaled;co2_scaled;mis6_segment;pre_phase_sin;pre_phase_cos,7,True,True,,-101.14441472329298,216.28882944658596,315.5378472746688,7.596977254479093,53.0,161.791381,finite_mle,joint_08165
B_ecc,same_type_exponential_history;lr04_scaled;co2_scaled;mis6_segment;ecc_scaled,6,True,True,,-107.63633230715641,227.27266461431282,,,53.0,161.791381,finite_mle,joint_08165
BP_ecc,same_type_exponential_history;lr04_scaled;co2_scaled;mis6_segment;pre_phase_sin;pre_phase_cos;ecc_scaled,8,True,True,,-99.59606800851387,215.19213601702774,313.1861522431902,6.596152319193341,53.0,161.791381,finite_mle,joint_08165
B_obl,same_type_exponential_history;lr04_scaled;co2_scaled;mis6_segment;obl_scaled,6,True,True,,-110.5254593793275,233.050918758655,,,53.0,161.791381,finite_mle,joint_08165
BP_obl,same_type_exponential_history;lr04_scaled;co2_scaled;mis6_segment;pre_phase_sin;pre_phase_cos;obl_scaled,8,True,True,,-99.95256334483668,215.90512668967335,316.6123166963157,9.725604705330749,53.0,161.791381,finite_mle,joint_08165
B_insol65n,same_type_exponential_history;lr04_scaled;co2_scaled;mis6_segment;insol65n_scaled,6,True,True,,-105.89505937951989,223.79011875903979,,,53.0,161.791381,finite_mle,joint_08165
BP_insol65n,same_type_exponential_history;lr04_scaled;co2_scaled;mis6_segment;pre_phase_sin;pre_phase_cos;insol65n_scaled,8,True,True,,-99.62926048449512,215.25852096899024,292.1496716279522,5.442647826190422,53.0,161.791381,finite_mle,joint_08165
B,same_type_exponential_history;lr04_scaled;co2_scaled;mis6_segment,5,True,True,,-111.3890896501832,232.7781793003664,,,53.0,162.90503300000003,finite_mle,joint_07763
BP,same_type_exponential_history;lr04_scaled;co2_scaled;mis6_segment;pre_phase_sin;pre_phase_cos,7,True,True,,-103.71302854530467,221.42605709060933,326.5162020725953,5.922955375545755,53.0,162.90503300000003,finite_mle,joint_07763
B_ecc,same_type_exponential_history;lr04_scaled;co2_scaled;mis6_segment;ecc_scaled,6,True,True,,-109.13791814146684,230.27583628293368,,,53.0,162.90503300000003,finite_mle,joint_07763
BP_ecc,same_type_exponential_history;lr04_scaled;co2_scaled;mis6_segment;pre_phase_sin;pre_phase_cos;ecc_scaled,8,True,True,,-102.63414477164606,221.26828954329213,324.89096518089224,5.1359008330306795,53.0,162.90503300000003,finite_mle,joint_07763
B_obl,same_type_exponential_history;lr04_scaled;co2_scaled;mis6_segment;obl_scaled,6,True,True,,-111.22545596130352,234.45091192260705,,,53.0,162.90503300000003,finite_mle,joint_07763
BP_obl,same_type_exponential_history;lr04_scaled;co2_scaled;mis6_segment;pre_phase_sin;pre_phase_cos;obl_scaled,8,True,True,,-101.94194774192738,219.88389548385476,326.6935540364791,8.01001313851394,53.0,162.90503300000003,finite_mle,joint_07763
B_insol65n,same_type_exponential_history;lr04_scaled;co2_scaled;mis6_segment;insol65n_scaled,6,True,True,,-104.3975225442486,220.7950450884972,,,53.0,162.90503300000003,finite_mle,joint_07763
BP_insol65n,same_type_exponential_history;lr04_scaled;co2_scaled;mis6_segment;pre_phase_sin;pre_phase_cos;insol65n_scaled,8,True,True,,-100.58325731136557,217.16651462273114,285.3639900683486,3.545992955916727,53.0,162.90503300000003,finite_mle,joint_07763
B,same_type_exponential_history;lr04_scaled;co2_scaled;mis6_segment,5,True,True,,-109.18288741331111,228.36577482662221,,,53.0,160.26473800000002,finite_mle,joint_07072
BP,same_type_exponential_history;lr04_scaled;co2_scaled;mis6_segment;pre_phase_sin;pre_phase_cos,7,True,True,,-100.30074488816228,214.60148977632457,301.81221777601075,6.887484055935166,53.0,160.26473800000002,finite_mle,joint_07072
B_ecc,same_type_exponential_history;lr04_scaled;co2_scaled;mis6_segment;ecc_scaled,6,True,True,,-106.3068538246879,224.6137076493758,,,53.0,160.26473800000002,finite_mle,joint_07072
BP_ecc,same_type_exponential_history;lr04_scaled;co2_scaled;mis6_segment;pre_phase_sin;pre_phase_cos;ecc_scaled,8,True,True,,-98.29967368886338,212.59934737772676,297.11574124403757,6.116502258493775,53.0,160.26473800000002,finite_mle,joint_07072
B_obl,same_type_exponential_history;lr04_scaled;co2_scaled;mis6_segment;obl_scaled,6,True,True,,-109.10189353669742,230.20378707339484,,,53.0,160.26473800000002,finite_mle,joint_07072
BP_obl,same_type_exponential_history;lr04_scaled;co2_scaled;mis6_segment;pre_phase_sin;pre_phase_cos;obl_scaled,8,True,True,,-99.19726291418942,214.39452582837885,303.1693608217829,7.975043133900885,53.0,160.26473800000002,finite_mle,joint_07072
B_insol65n,same_type_exponential_history;lr04_scaled;co2_scaled;mis6_segment;insol65n_scaled,6,True,True,,-106.39823216857329,224.79646433714657,,,53.0,160.26473800000002,finite_mle,joint_07072
BP_insol65n,same_type_exponential_history;lr04_scaled;co2_scaled;mis6_segment;pre_phase_sin;pre_phase_cos;insol65n_scaled,8,True,True,,-98.9552833375705,213.910566675141,277.34894938405614,5.8789303394806,53.0,160.26473800000002,finite_mle,joint_07072
B,same_type_exponential_history;lr04_scaled;co2_scaled;mis6_segment,5,True,True,,-111.19290234653229,232.38580469306459,,,53.0,161.64195100000003,finite_mle,joint_06945
BP,same_type_exponential_history;lr04_scaled;co2_scaled;mis6_segment;pre_phase_sin;pre_phase_cos,7,True,True,,-101.86149338511598,217.72298677023196,321.6597426055555,7.479109333974687,53.0,161.64195100000003,finite_mle,joint_06945
B_ecc,same_type_exponential_history;lr04_scaled;co2_scaled;mis6_segment;ecc_scaled,6,True,True,,-109.21045596079449,230.42091192158898,,,53.0,161.64195100000003,finite_mle,joint_06945
BP_ecc,same_type_exponential_history;lr04_scaled;co2_scaled;mis6_segment;pre_phase_sin;pre_phase_cos;ecc_scaled,8,True,True,,-101.0770441838149,218.1540883676298,320.22859165019514,6.573899173488593,53.0,161.64195100000003,finite_mle,joint_06945
B_obl,same_type_exponential_history;lr04_scaled;co2_scaled;mis6_segment;obl_scaled,6,True,True,,-111.19259038491225,234.3851807698245,,,53.0,161.64195100000003,finite_mle,joint_06945
BP_obl,same_type_exponential_history;lr04_scaled;co2_scaled;mis6_segment;pre_phase_sin;pre_phase_cos;obl_scaled,8,True,True,,-100.95468292789803,217.90936585579607,322.1503439226629,9.140276494810987,53.0,161.64195100000003,finite_mle,joint_06945
B_insol65n,same_type_exponential_history;lr04_scaled;co2_scaled;mis6_segment;insol65n_scaled,6,True,True,,-105.44049012647855,222.8809802529571,,,53.0,161.64195100000003,finite_mle,joint_06945
BP_insol65n,same_type_exponential_history;lr04_scaled;co2_scaled;mis6_segment;pre_phase_sin;pre_phase_cos;insol65n_scaled,8,True,True,,-99.94874191027915,215.8974838205583,295.23227387527356,4.855343439046189,53.0,161.64195100000003,finite_mle,joint_06945
B,same_type_exponential_history;lr04_scaled;co2_scaled;mis6_segment,5,True,True,,-110.5913561828541,231.1827123657082,,,53.0,162.80449300000004,finite_mle,joint_06005
BP,same_type_exponential_history;lr04_scaled;co2_scaled;mis6_segment;pre_phase_sin;pre_phase_cos,7,True,True,,-100.25664594802704,214.51329189605408,321.7614386028651,8.569020100836015,53.0,162.80449300000004,finite_mle,joint_06005
B_ecc,same_type_exponential_history;lr04_scaled;co2_scaled;mis6_segment;ecc_scaled,6,True,True,,-107.97874192901995,227.9574838580399,,,53.0,162.80449300000004,finite_mle,joint_06005
BP_ecc,same_type_exponential_history;lr04_scaled;co2_scaled;mis6_segment;pre_phase_sin;pre_phase_cos;ecc_scaled,8,True,True,,-99.07885927849784,214.1577185569957,319.7546248240136,7.337318037951016,53.0,162.80449300000004,finite_mle,joint_06005
B_obl,same_type_exponential_history;lr04_scaled;co2_scaled;mis6_segment;obl_scaled,6,True,True,,-110.565336994048,233.130673988096,,,53.0,162.80449300000004,finite_mle,joint_06005
BP_obl,same_type_exponential_history;lr04_scaled;co2_scaled;mis6_segment;pre_phase_sin;pre_phase_cos;obl_scaled,8,True,True,,-98.91918508989619,213.83837017979238,322.2088882426,10.970614702523983,53.0,162.80449300000004,finite_mle,joint_06005
B_insol65n,same_type_exponential_history;lr04_scaled;co2_scaled;mis6_segment;insol65n_scaled,6,True,True,,-104.41640205355944,220.83280410711887,,,53.0,162.80449300000004,finite_mle,joint_06005
BP_insol65n,same_type_exponential_history;lr04_scaled;co2_scaled;mis6_segment;pre_phase_sin;pre_phase_cos;insol65n_scaled,8,True,True,,-98.50399630695847,213.00799261391694,299.09693143447987,5.433690233716974,53.0,162.80449300000004,finite_mle,joint_06005
B,same_type_exponential_history;lr04_scaled;co2_scaled;mis6_segment,5,True,True,,-111.06069574886138,232.12139149772275,,,53.0,165.30066800000003,finite_mle,joint_00356
BP,same_type_exponential_history;lr04_scaled;co2_scaled;mis6_segment;pre_phase_sin;pre_phase_cos,7,True,True,,-102.18666066512888,218.37332133025777,326.023771852154,7.057916296032752,53.0,165.30066800000003,finite_mle,joint_00356
B_ecc,same_type_exponential_history;lr04_scaled;co2_scaled;mis6_segment;ecc_scaled,6,True,True,,-107.95887786021882,227.91775572043764,,,53.0,165.30066800000003,finite_mle,joint_00356
BP_ecc,same_type_exponential_history;lr04_scaled;co2_scaled;mis6_segment;pre_phase_sin;pre_phase_cos;ecc_scaled,8,True,True,,-100.70355992781857,217.40711985563715,323.8370269368921,5.870467457862258,53.0,165.30066800000003,finite_mle,joint_00356
B_obl,same_type_exponential_history;lr04_scaled;co2_scaled;mis6_segment;obl_scaled,6,True,True,,-110.989706854041,233.979413708082,,,53.0,165.30066800000003,finite_mle,joint_00356
BP_obl,same_type_exponential_history;lr04_scaled;co2_scaled;mis6_segment;pre_phase_sin;pre_phase_cos;obl_scaled,8,True,True,,-100.91480934865444,217.8296186973089,326.11066707660245,8.936585439991319,53.0,165.30066800000003,finite_mle,joint_00356
B_insol65n,same_type_exponential_history;lr04_scaled;co2_scaled;mis6_segment;insol65n_scaled,6,True,True,,-104.69355716759061,221.38711433518122,,,53.0,165.30066800000003,finite_mle,joint_00356
BP_insol65n,same_type_exponential_history;lr04_scaled;co2_scaled;mis6_segment;pre_phase_sin;pre_phase_cos;insol65n_scaled,8,True,True,,-100.4523213336282,216.9046426672564,301.1923634467472,4.219577778443921,53.0,165.30066800000003,finite_mle,joint_00356
B,same_type_exponential_history;lr04_scaled;co2_scaled;mis6_segment,5,True,True,,-111.43332911286568,232.86665822573136,,,53.0,166.01040300000005,finite_mle,joint_04020
BP,same_type_exponential_history;lr04_scaled;co2_scaled;mis6_segment;pre_phase_sin;pre_phase_cos,7,True,True,,-103.19218646934493,220.38437293868986,334.09833328899083,6.3244671814354545,53.0,166.01040300000005,finite_mle,joint_04020
B_ecc,same_type_exponential_history;lr04_scaled;co2_scaled;mis6_segment;ecc_scaled,6,True,True,,-109.32920590304064,230.6584118060813,,,53.0,166.01040300000005,finite_mle,joint_04020
BP_ecc,same_type_exponential_history;lr04_scaled;co2_scaled;mis6_segment;pre_phase_sin;pre_phase_cos;ecc_scaled,8,True,True,,-102.3674470293841,220.7348940587682,332.7706282640267,5.478830347621802,53.0,166.01040300000005,finite_mle,joint_04020
B_obl,same_type_exponential_history;lr04_scaled;co2_scaled;mis6_segment;obl_scaled,6,True,True,,-111.40189871919266,234.80379743838532,,,53.0,166.01040300000005,finite_mle,joint_04020
BP_obl,same_type_exponential_history;lr04_scaled;co2_scaled;mis6_segment;pre_phase_sin;pre_phase_cos;obl_scaled,8,True,True,,-102.31108837687422,220.62217675374845,333.65267341151576,7.586634661213035,53.0,166.01040300000005,finite_mle,joint_04020
B_insol65n,same_type_exponential_history;lr04_scaled;co2_scaled;mis6_segment;insol65n_scaled,6,True,True,,-104.95860593522129,221.91721187044257,,,53.0,166.01040300000005,finite_mle,joint_04020
BP_insol65n,same_type_exponential_history;lr04_scaled;co2_scaled;mis6_segment;pre_phase_sin;pre_phase_cos;insol65n_scaled,8,True,True,,-101.90787530152554,219.81575060305107,315.2276336790469,3.609750864733623,53.0,166.01040300000005,finite_mle,joint_04020
B,same_type_exponential_history;lr04_scaled;co2_scaled;mis6_segment,5,True,True,,-111.76401984907531,233.52803969815062,,,53.0,166.05519500000003,finite_mle,joint_08860
BP,same_type_exponential_history;lr04_scaled;co2_scaled;mis6_segment;pre_phase_sin;pre_phase_cos,7,True,True,,-102.26968097332119,218.53936194664237,330.23883933060404,7.444429257489344,53.0,166.05519500000003,finite_mle,joint_08860
B_ecc,same_type_exponential_history;lr04_scaled;co2_scaled;mis6_segment;ecc_scaled,6,True,True,,-109.34463879819978,230.68927759639956,,,53.0,166.05519500000003,finite_mle,joint_08860
BP_ecc,same_type_exponential_history;lr04_scaled;co2_scaled;mis6_segment;pre_phase_sin;pre_phase_cos;ecc_scaled,8,True,True,,-101.40973340361822,218.81946680723644,328.43028021391046,6.3640832698887735,53.0,166.05519500000003,finite_mle,joint_08860
B_obl,same_type_exponential_history;lr04_scaled;co2_scaled;mis6_segment;obl_scaled,6,True,True,,-111.75063723189419,235.50127446378838,,,53.0,166.05519500000003,finite_mle,joint_08860
BP_obl,same_type_exponential_history;lr04_scaled;co2_scaled;mis6_segment;pre_phase_sin;pre_phase_cos;obl_scaled,8,True,True,,-101.84553392043475,219.6910678408695,330.0469379303596,8.406721314395261,53.0,166.05519500000003,finite_mle,joint_08860
B_insol65n,same_type_exponential_history;lr04_scaled;co2_scaled;mis6_segment;insol65n_scaled,6,True,True,,-105.02697761587947,222.05395523175895,,,53.0,166.05519500000003,finite_mle,joint_08860
BP_insol65n,same_type_exponential_history;lr04_scaled;co2_scaled;mis6_segment;pre_phase_sin;pre_phase_cos;insol65n_scaled,8,True,True,,-100.79697441241366,217.59394882482732,309.804291022142,4.33093224250171,53.0,166.05519500000003,finite_mle,joint_08860
B,same_type_exponential_history;lr04_scaled;co2_scaled;mis6_segment,5,True,True,,-110.97031163597211,231.94062327194422,,,53.0,162.41261300000002,finite_mle,joint_01210
BP,same_type_exponential_history;lr04_scaled;co2_scaled;mis6_segment;pre_phase_sin;pre_phase_cos,7,True,True,,-99.84551957590662,213.69103915181324,318.8822000580168,10.048015518649674,53.0,162.41261300000002,finite_mle,joint_01210
B_ecc,same_type_exponential_history;lr04_scaled;co2_scaled;mis6_segment;ecc_scaled,6,True,True,,-108.57825152634243,229.15650305268485,,,53.0,162.41261300000002,finite_mle,joint_01210
BP_ecc,same_type_exponential_history;lr04_scaled;co2_scaled;mis6_segment;pre_phase_sin;pre_phase_cos;ecc_scaled,8,True,True,,-98.57192229456209,213.14384458912417,317.3184174005675,8.995971440633735,53.0,162.41261300000002,finite_mle,joint_01210
B_obl,same_type_exponential_history;lr04_scaled;co2_scaled;mis6_segment;obl_scaled,6,True,True,,-110.96185789513385,233.9237157902677,,,53.0,162.41261300000002,finite_mle,joint_01210
BP_obl,same_type_exponential_history;lr04_scaled;co2_scaled;mis6_segment;pre_phase_sin;pre_phase_cos;obl_scaled,8,True,True,,-98.35467915886557,212.70935831773113,319.6439923931773,13.689126962803602,53.0,162.41261300000002,finite_mle,joint_01210
B_insol65n,same_type_exponential_history;lr04_scaled;co2_scaled;mis6_segment;insol65n_scaled,6,True,True,,-105.7212672297826,223.4425344595652,,,53.0,162.41261300000002,finite_mle,joint_01210
BP_insol65n,same_type_exponential_history;lr04_scaled;co2_scaled;mis6_segment;pre_phase_sin;pre_phase_cos;insol65n_scaled,8,True,True,,-98.52526394966503,213.05052789933006,301.4975224801986,6.9366115750076975,53.0,162.41261300000002,finite_mle,joint_01210
B,same_type_exponential_history;lr04_scaled;co2_scaled;mis6_segment,5,True,True,,-111.25999415143906,232.51998830287812,,,53.0,163.024021,finite_mle,joint_06179
BP,same_type_exponential_history;lr04_scaled;co2_scaled;mis6_segment;pre_phase_sin;pre_phase_cos,7,True,True,,-101.9163436296231,217.8326872592462,324.84059561587776,7.698543401550415,53.0,163.024021,finite_mle,joint_06179
B_ecc,same_type_exponential_history;lr04_scaled;co2_scaled;mis6_segment;ecc_scaled,6,True,True,,-108.55205715347583,229.10411430695166,,,53.0,163.024021,finite_mle,joint_06179
BP_ecc,same_type_exponential_history;lr04_scaled;co2_scaled;mis6_segment;pre_phase_sin;pre_phase_cos;ecc_scaled,8,True,True,,-100.35004840546677,216.70009681093353,323.21398466977337,6.773689885260813,53.0,163.024021,finite_mle,joint_06179
B_obl,same_type_exponential_history;lr04_scaled;co2_scaled;mis6_segment;obl_scaled,6,True,True,,-111.16906678329869,234.33813356659738,,,53.0,163.024021,finite_mle,joint_06179
BP_obl,same_type_exponential_history;lr04_scaled;co2_scaled;mis6_segment;pre_phase_sin;pre_phase_cos;obl_scaled,8,True,True,,-100.08644901123682,216.17289802247365,325.26324718665114,10.786065433358413,53.0,163.024021,finite_mle,joint_06179
B_insol65n,same_type_exponential_history;lr04_scaled;co2_scaled;mis6_segment;insol65n_scaled,6,True,True,,-104.79643962224071,221.59287924448142,,,53.0,163.024021,finite_mle,joint_06179
BP_insol65n,same_type_exponential_history;lr04_scaled;co2_scaled;mis6_segment;pre_phase_sin;pre_phase_cos;insol65n_scaled,8,True,True,,-99.9194936869942,215.8389873739884,299.29548322090733,4.658014843477504,53.0,163.024021,finite_mle,joint_06179
B,same_type_exponential_history;lr04_scaled;co2_scaled;mis6_segment,5,True,True,,-111.44533707544286,232.89067415088573,,,53.0,164.06099600000005,finite_mle,joint_01919
BP,same_type_exponential_history;lr04_scaled;co2_scaled;mis6_segment;pre_phase_sin;pre_phase_cos,7,True,True,,-103.78874812479853,221.57749624959706,326.94025276443676,5.921729105518597,53.0,164.06099600000005,finite_mle,joint_01919
B_ecc,same_type_exponential_history;lr04_scaled;co2_scaled;mis6_segment;ecc_scaled,6,True,True,,-108.44734752130802,228.89469504261604,,,53.0,164.06099600000005,finite_mle,joint_01919
BP_ecc,same_type_exponential_history;lr04_scaled;co2_scaled;mis6_segment;pre_phase_sin;pre_phase_cos;ecc_scaled,8,True,True,,-102.16312540442682,220.32625080885364,325.0644435311069,4.99507374080549,53.0,164.06099600000005,finite_mle,joint_01919
B_obl,same_type_exponential_history;lr04_scaled;co2_scaled;mis6_segment;obl_scaled,6,True,True,,-111.41664983871422,234.83329967742844,,,53.0,164.06099600000005,finite_mle,joint_01919
BP_obl,same_type_exponential_history;lr04_scaled;co2_scaled;mis6_segment;pre_phase_sin;pre_phase_cos;obl_scaled,8,True,True,,-102.91262892081141,221.82525784162283,327.14485485314174,7.071077893808829,53.0,164.06099600000005,finite_mle,joint_01919
B_insol65n,same_type_exponential_history;lr04_scaled;co2_scaled;mis6_segment;insol65n_scaled,6,True,True,,-106.40827119182646,224.81654238365292,,,53.0,164.06099600000005,finite_mle,joint_01919
BP_insol65n,same_type_exponential_history;lr04_scaled;co2_scaled;mis6_segment;pre_phase_sin;pre_phase_cos;insol65n_scaled,8,True,True,,-102.84813466148063,221.69626932296126,309.0525316416177,3.8323975326436046,53.0,164.06099600000005,finite_mle,joint_01919
B,same_type_exponential_history;lr04_scaled;co2_scaled;mis6_segment,5,True,True,,-110.79273700693042,231.58547401386085,,,53.0,162.06896500000005,finite_mle,joint_02157
BP,same_type_exponential_history;lr04_scaled;co2_scaled;mis6_segment;pre_phase_sin;pre_phase_cos,7,True,True,,-102.39433377719558,218.78866755439117,321.00203066320876,6.8632858074995555,53.0,162.06896500000005,finite_mle,joint_02157
B_ecc,same_type_exponential_history;lr04_scaled;co2_scaled;mis6_segment;ecc_scaled,6,True,True,,-108.30096567027297,228.60193134054595,,,53.0,162.06896500000005,finite_mle,joint_02157
BP_ecc,same_type_exponential_history;lr04_scaled;co2_scaled;mis6_segment;pre_phase_sin;pre_phase_cos;ecc_scaled,8,True,True,,-101.06735760347723,218.13471520695447,319.45045974536146,6.01766568240662,53.0,162.06896500000005,finite_mle,joint_02157
B_obl,same_type_exponential_history;lr04_scaled;co2_scaled;mis6_segment;obl_scaled,6,True,True,,-110.77545785286983,233.55091570573967,,,53.0,162.06896500000005,finite_mle,joint_02157
BP_obl,same_type_exponential_history;lr04_scaled;co2_scaled;mis6_segment;pre_phase_sin;pre_phase_cos;obl_scaled,8,True,True,,-101.24582701971019,218.49165403942038,321.646134116796,8.802943556718516,53.0,162.06896500000005,finite_mle,joint_02157
B_insol65n,same_type_exponential_history;lr04_scaled;co2_scaled;mis6_segment;insol65n_scaled,6,True,True,,-106.30457384647875,224.6091476929575,,,53.0,162.06896500000005,finite_mle,joint_02157
BP_insol65n,same_type_exponential_history;lr04_scaled;co2_scaled;mis6_segment;pre_phase_sin;pre_phase_cos;insol65n_scaled,8,True,True,,-101.38444481929976,218.76888963859952,302.89800900170684,4.767370895423728,53.0,162.06896500000005,finite_mle,joint_02157
B,same_type_exponential_history;lr04_scaled;co2_scaled;mis6_segment,5,True,True,,-108.99161408427126,227.98322816854252,,,53.0,159.44023800000002,finite_mle,joint_02307
BP,same_type_exponential_history;lr04_scaled;co2_scaled;mis6_segment;pre_phase_sin;pre_phase_cos,7,True,True,,-99.29210678410348,212.58421356820696,305.51589743843107,8.056885664931006,53.0,159.44023800000002,finite_mle,joint_02307
B_ecc,same_type_exponential_history;lr04_scaled;co2_scaled;mis6_segment;ecc_scaled,6,True,True,,-107.11109844235317,226.22219688470634,,,53.0,159.44023800000002,finite_mle,joint_02307
BP_ecc,same_type_exponential_history;lr04_scaled;co2_scaled;mis6_segment;pre_phase_sin;pre_phase_cos;ecc_scaled,8,True,True,,-98.07073381736872,212.14146763473744,302.8563618277951,7.515591907814335,53.0,159.44023800000002,finite_mle,joint_02307
B_obl,same_type_exponential_history;lr04_scaled;co2_scaled;mis6_segment;obl_scaled,6,True,True,,-108.95967511907884,229.91935023815768,,,53.0,159.44023800000002,finite_mle,joint_02307
BP_obl,same_type_exponential_history;lr04_scaled;co2_scaled;mis6_segment;pre_phase_sin;pre_phase_cos;obl_scaled,8,True,True,,-97.91339203145814,211.8267840629163,307.07247282074786,10.348805809957614,53.0,159.44023800000002,finite_mle,joint_02307
B_insol65n,same_type_exponential_history;lr04_scaled;co2_scaled;mis6_segment;insol65n_scaled,6,True,True,,-105.95670794033428,223.91341588066857,,,53.0,159.44023800000002,finite_mle,joint_02307
BP_insol65n,same_type_exponential_history;lr04_scaled;co2_scaled;mis6_segment;pre_phase_sin;pre_phase_cos;insol65n_scaled,8,True,True,,-98.14415805434632,212.28831610869264,286.695031700994,6.671970121867101,53.0,159.44023800000002,finite_mle,joint_02307
B,same_type_exponential_history;lr04_scaled;co2_scaled;mis6_segment,5,True,True,,-110.71639606925433,231.43279213850866,,,53.0,162.450649,finite_mle,joint_05937
BP,same_type_exponential_history;lr04_scaled;co2_scaled;mis6_segment;pre_phase_sin;pre_phase_cos,7,True,True,,-104.30831046764558,222.61662093529117,323.252238032607,5.078782353777886,53.0,162.450649,finite_mle,joint_05937
B_ecc,same_type_exponential_history;lr04_scaled;co2_scaled;mis6_segment;ecc_scaled,6,True,True,,-108.98283546379487,229.96567092758974,,,53.0,162.450649,finite_mle,joint_05937
BP_ecc,same_type_exponential_history;lr04_scaled;co2_scaled;mis6_segment;pre_phase_sin;pre_phase_cos;ecc_scaled,8,True,True,,-103.57864564066631,223.15729128133262,322.1125098265352,4.4939809340818595,53.0,162.450649,finite_mle,joint_05937
B_obl,same_type_exponential_history;lr04_scaled;co2_scaled;mis6_segment;obl_scaled,6,True,True,,-110.70583887780828,233.41167775561655,,,53.0,162.450649,finite_mle,joint_05937
BP_obl,same_type_exponential_history;lr04_scaled;co2_scaled;mis6_segment;pre_phase_sin;pre_phase_cos;obl_scaled,8,True,True,,-103.71064169345414,223.42128338690827,324.30838702420976,5.821982410562713,53.0,162.450649,finite_mle,joint_05937
B_insol65n,same_type_exponential_history;lr04_scaled;co2_scaled;mis6_segment;insol65n_scaled,6,True,True,,-106.9606131027127,225.9212262054254,,,53.0,162.450649,finite_mle,joint_05937
BP_insol65n,same_type_exponential_history;lr04_scaled;co2_scaled;mis6_segment;pre_phase_sin;pre_phase_cos;insol65n_scaled,8,True,True,,-103.69139067293457,223.38278134586915,307.82118555324917,3.5931320637476536,53.0,162.450649,finite_mle,joint_05937
B,same_type_exponential_history;lr04_scaled;co2_scaled;mis6_segment,5,True,True,,-112.10515608544229,234.21031217088458,,,53.0,171.18838500000004,finite_mle,joint_03760
BP,same_type_exponential_history;lr04_scaled;co2_scaled;mis6_segment;pre_phase_sin;pre_phase_cos,7,True,True,,-109.56472548861244,233.12945097722488,338.3307630668862,2.626984932455293,53.0,171.18838500000004,finite_mle,joint_03760
B_ecc,same_type_exponential_history;lr04_scaled;co2_scaled;mis6_segment;ecc_scaled,6,True,True,,-111.08004246426705,234.1600849285341,,,53.0,171.18838500000004,finite_mle,joint_03760
BP_ecc,same_type_exponential_history;lr04_scaled;co2_scaled;mis6_segment;pre_phase_sin;pre_phase_cos;ecc_scaled,8,True,True,,-109.0767689856489,234.1535379712978,337.8225470322891,2.3851218325234425,53.0,171.18838500000004,finite_mle,joint_03760
B_obl,same_type_exponential_history;lr04_scaled;co2_scaled;mis6_segment;obl_scaled,6,True,True,,-112.0985008948089,236.1970017896178,,,53.0,171.18838500000004,finite_mle,joint_03760
BP_obl,same_type_exponential_history;lr04_scaled;co2_scaled;mis6_segment;pre_phase_sin;pre_phase_cos;obl_scaled,8,True,True,,-109.51410320377163,235.02820640754325,338.04863772384635,2.704730889199676,53.0,171.18838500000004,finite_mle,joint_03760
B_insol65n,same_type_exponential_history;lr04_scaled;co2_scaled;mis6_segment;insol65n_scaled,6,True,True,,-111.09059355753851,234.18118711507702,,,53.0,171.18838500000004,finite_mle,joint_03760
BP_insol65n,same_type_exponential_history;lr04_scaled;co2_scaled;mis6_segment;pre_phase_sin;pre_phase_cos;insol65n_scaled,8,True,True,,-109.53666856394054,235.07333712788108,340.9628175047164,2.9296353936332458,53.0,171.18838500000004,finite_mle,joint_03760
B,same_type_exponential_history;lr04_scaled;co2_scaled;mis6_segment,5,True,True,,-110.6849980506258,231.3699961012516,,,53.0,168.91407400000003,finite_mle,joint_03092
BP,same_type_exponential_history;lr04_scaled;co2_scaled;mis6_segment;pre_phase_sin;pre_phase_cos,7,True,True,,-105.3242506086495,224.648501217299,331.91882577138193,4.253299488326764,53.0,168.91407400000003,finite_mle,joint_03092
B_ecc,same_type_exponential_history;lr04_scaled;co2_scaled;mis6_segment;ecc_scaled,6,True,True,,-109.7361273455105,231.472254691021,,,53.0,168.91407400000003,finite_mle,joint_03092
BP_ecc,same_type_exponential_history;lr04_scaled;co2_scaled;mis6_segment;pre_phase_sin;pre_phase_cos;ecc_scaled,8,True,True,,-105.04159620805353,226.08319241610707,330.56859017960386,3.946564674713942,53.0,168.91407400000003,finite_mle,joint_03092
B_obl,same_type_exponential_history;lr04_scaled;co2_scaled;mis6_segment;obl_scaled,6,True,True,,-110.62394060949262,233.24788121898524,,,53.0,168.91407400000003,finite_mle,joint_03092
BP_obl,same_type_exponential_history;lr04_scaled;co2_scaled;mis6_segment;pre_phase_sin;pre_phase_cos;obl_scaled,8,True,True,,-104.54612064845163,225.09224129690327,331.63823378139773,5.036257047085733,53.0,168.91407400000003,finite_mle,joint_03092
B_insol65n,same_type_exponential_history;lr04_scaled;co2_scaled;mis6_segment;insol65n_scaled,6,True,True,,-106.52209523836976,225.04419047673952,,,53.0,168.91407400000003,finite_mle,joint_03092
BP_insol65n,same_type_exponential_history;lr04_scaled;co2_scaled;mis6_segment;pre_phase_sin;pre_phase_cos;insol65n_scaled,8,True,True,,-104.47999842667984,224.95999685335968,312.62477600088215,2.7599026868905554,53.0,168.91407400000003,finite_mle,joint_03092
B,same_type_exponential_history;lr04_scaled;co2_scaled;mis6_segment,5,True,True,,-111.33716182862624,232.67432365725247,,,53.0,167.34698500000002,finite_mle,joint_05979
BP,same_type_exponential_history;lr04_scaled;co2_scaled;mis6_segment;pre_phase_sin;pre_phase_cos,7,True,True,,-101.87092422225462,217.74184844450923,340.32112842133336,7.809936023616777,53.0,167.34698500000002,finite_mle,joint_05979
B_ecc,same_type_exponential_history;lr04_scaled;co2_scaled;mis6_segment;ecc_scaled,6,True,True,,-110.58994976489043,233.17989952978087,,,53.0,167.34698500000002,finite_mle,joint_05979
BP_ecc,same_type_exponential_history;lr04_scaled;co2_scaled;mis6_segment;pre_phase_sin;pre_phase_cos;ecc_scaled,8,True,True,,-101.82277983254522,219.64555966509045,340.26687507547626,7.4825410546801026,53.0,167.34698500000002,finite_mle,joint_05979
B_obl,same_type_exponential_history;lr04_scaled;co2_scaled;mis6_segment;obl_scaled,6,True,True,,-111.31339552646901,234.62679105293802,,,53.0,167.34698500000002,finite_mle,joint_05979
BP_obl,same_type_exponential_history;lr04_scaled;co2_scaled;mis6_segment;pre_phase_sin;pre_phase_cos;obl_scaled,8,True,True,,-100.8362456193004,217.6724912386008,339.8617917019332,9.736549991077615,53.0,167.34698500000002,finite_mle,joint_05979
B_insol65n,same_type_exponential_history;lr04_scaled;co2_scaled;mis6_segment;insol65n_scaled,6,True,True,,-103.25295152184798,218.50590304369595,,,53.0,167.34698500000002,finite_mle,joint_05979
BP_insol65n,same_type_exponential_history;lr04_scaled;co2_scaled;mis6_segment;pre_phase_sin;pre_phase_cos;insol65n_scaled,8,True,True,,-100.2720577111014,216.5441154222028,325.16254554102153,3.9896637237073946,53.0,167.34698500000002,finite_mle,joint_05979
B,same_type_exponential_history;lr04_scaled;co2_scaled;mis6_segment,5,True,True,,-112.27091094705929,234.54182189411858,,,53.0,172.06714200000005,finite_mle,joint_06853
BP,same_type_exponential_history;lr04_scaled;co2_scaled;mis6_segment;pre_phase_sin;pre_phase_cos,7,True,True,,-109.41769370487636,232.8353874097527,327.0744658801513,2.8405592937296817,53.0,172.06714200000005,finite_mle,joint_06853
B_ecc,same_type_exponential_history;lr04_scaled;co2_scaled;mis6_segment;ecc_scaled,6,True,True,,-110.89180737833763,233.78361475667526,,,53.0,172.06714200000005,finite_mle,joint_06853
BP_ecc,same_type_exponential_history;lr04_scaled;co2_scaled;mis6_segment;pre_phase_sin;pre_phase_cos;ecc_scaled,8,True,True,,-108.64485726972357,233.28971453944715,325.2660701057939,2.564663824431962,53.0,172.06714200000005,finite_mle,joint_06853
B_obl,same_type_exponential_history;lr04_scaled;co2_scaled;mis6_segment;obl_scaled,6,True,True,,-112.27045064524737,236.54090129049473,,,53.0,172.06714200000005,finite_mle,joint_06853
BP_obl,same_type_exponential_history;lr04_scaled;co2_scaled;mis6_segment;pre_phase_sin;pre_phase_cos;obl_scaled,8,True,True,,-109.28468784189407,234.56937568378814,327.07135391670545,2.9858463945727287,53.0,172.06714200000005,finite_mle,joint_06853
B_insol65n,same_type_exponential_history;lr04_scaled;co2_scaled;mis6_segment;insol65n_scaled,6,True,True,,-111.39158892564464,234.78317785128928,,,53.0,172.06714200000005,finite_mle,joint_06853
BP_insol65n,same_type_exponential_history;lr04_scaled;co2_scaled;mis6_segment;pre_phase_sin;pre_phase_cos;insol65n_scaled,8,True,True,,-109.38733193561325,234.7746638712265,330.77532812663287,3.1487723429958385,53.0,172.06714200000005,finite_mle,joint_06853
B,same_type_exponential_history;lr04_scaled;co2_scaled;mis6_segment,5,True,True,,-110.70104200615792,231.40208401231584,,,53.0,162.52299400000004,finite_mle,joint_07916
BP,same_type_exponential_history;lr04_scaled;co2_scaled;mis6_segment;pre_phase_sin;pre_phase_cos,7,True,True,,-101.53398503540981,217.06797007081963,321.33904424641526,7.270924276757684,53.0,162.52299400000004,finite_mle,joint_07916
B_ecc,same_type_exponential_history;lr04_scaled;co2_scaled;mis6_segment;ecc_scaled,6,True,True,,-108.42006905016298,228.84013810032596,,,53.0,162.52299400000004,finite_mle,joint_07916
BP_ecc,same_type_exponential_history;lr04_scaled;co2_scaled;mis6_segment;pre_phase_sin;pre_phase_cos;ecc_scaled,8,True,True,,-100.61996874237656,217.2399374847531,319.4275188506773,6.272903214788716,53.0,162.52299400000004,finite_mle,joint_07916
B_obl,same_type_exponential_history;lr04_scaled;co2_scaled;mis6_segment;obl_scaled,6,True,True,,-110.69570651609504,233.3914130321901,,,53.0,162.52299400000004,finite_mle,joint_07916
BP_obl,same_type_exponential_history;lr04_scaled;co2_scaled;mis6_segment;pre_phase_sin;pre_phase_cos;obl_scaled,8,True,True,,-100.62276987699478,217.24553975398956,321.8359483820728,8.782094888173985,53.0,162.52299400000004,finite_mle,joint_07916
B_insol65n,same_type_exponential_history;lr04_scaled;co2_scaled;mis6_segment;insol65n_scaled,6,True,True,,-104.94976128298393,221.89952256596786,,,53.0,162.52299400000004,finite_mle,joint_07916
BP_insol65n,same_type_exponential_history;lr04_scaled;co2_scaled;mis6_segment;pre_phase_sin;pre_phase_cos;insol65n_scaled,8,True,True,,-99.74758306588892,215.49516613177784,296.12920526095263,4.6919537464287755,53.0,162.52299400000004,finite_mle,joint_07916
B,same_type_exponential_history;lr04_scaled;co2_scaled;mis6_segment,5,True,True,,-111.07519426379146,232.15038852758292,,,53.0,162.86933700000003,finite_mle,joint_09795
BP,same_type_exponential_history;lr04_scaled;co2_scaled;mis6_segment;pre_phase_sin;pre_phase_cos,7,True,True,,-102.2146499363676,218.4292998727352,318.6562729871635,7.014580050778246,53.0,162.86933700000003,finite_mle,joint_09795
B_ecc,same_type_exponential_history;lr04_scaled;co2_scaled;mis6_segment;ecc_scaled,6,True,True,,-108.35191821495798,228.70383642991595,,,53.0,162.86933700000003,finite_mle,joint_09795
BP_ecc,same_type_exponential_history;lr04_scaled;co2_scaled;mis6_segment;pre_phase_sin;pre_phase_cos;ecc_scaled,8,True,True,,-100.75317032029334,217.50634064058667,316.13989746182114,6.064364186430964,53.0,162.86933700000003,finite_mle,joint_09795
B_obl,same_type_exponential_history;lr04_scaled;co2_scaled;mis6_segment;obl_scaled,6,True,True,,-110.90901017890324,233.8180203578065,,,53.0,162.86933700000003,finite_mle,joint_09795
BP_obl,same_type_exponential_history;lr04_scaled;co2_scaled;mis6_segment;pre_phase_sin;pre_phase_cos;obl_scaled,8,True,True,,-100.29844358199055,216.5968871639811,319.4495374089121,9.417777432200237,53.0,162.86933700000003,finite_mle,joint_09795
B_insol65n,same_type_exponential_history;lr04_scaled;co2_scaled;mis6_segment;insol65n_scaled,6,True,True,,-105.27869799901313,222.55739599802627,,,53.0,162.86933700000003,finite_mle,joint_09795
BP_insol65n,same_type_exponential_history;lr04_scaled;co2_scaled;mis6_segment;pre_phase_sin;pre_phase_cos;insol65n_scaled,8,True,True,,-99.78101273860418,215.56202547720835,286.7403944919416,4.653826282598227,53.0,162.86933700000003,finite_mle,joint_09795
B,same_type_exponential_history;lr04_scaled;co2_scaled;mis6_segment,5,True,True,,-111.48266404325807,232.96532808651614,,,53.0,168.39386100000002,finite_mle,joint_00437
BP,same_type_exponential_history;lr04_scaled;co2_scaled;mis6_segment;pre_phase_sin;pre_phase_cos,7,True,True,,-106.95961185161805,227.9192237032361,329.133052434266,3.675027761576588,53.0,168.39386100000002,finite_mle,joint_00437
B_ecc,same_type_exponential_history;lr04_scaled;co2_scaled;mis6_segment;ecc_scaled,6,True,True,,-110.01124587270922,232.02249174541845,,,53.0,168.39386100000002,finite_mle,joint_00437
BP_ecc,same_type_exponential_history;lr04_scaled;co2_scaled;mis6_segment;pre_phase_sin;pre_phase_cos;ecc_scaled,8,True,True,,-106.29025310472156,228.58050620944312,326.49905520210103,3.300139150409591,53.0,168.39386100000002,finite_mle,joint_00437
B_obl,same_type_exponential_history;lr04_scaled;co2_scaled;mis6_segment;obl_scaled,6,True,True,,-111.45396415580214,234.90792831160428,,,53.0,168.39386100000002,finite_mle,joint_00437
BP_obl,same_type_exponential_history;lr04_scaled;co2_scaled;mis6_segment;pre_phase_sin;pre_phase_cos;obl_scaled,8,True,True,,-106.49794117537382,228.99588235074765,328.9544724894759,4.0991234794963765,53.0,168.39386100000002,finite_mle,joint_00437
B_insol65n,same_type_exponential_history;lr04_scaled;co2_scaled;mis6_segment;insol65n_scaled,6,True,True,,-108.54555966888626,229.0911193377725,,,53.0,168.39386100000002,finite_mle,joint_00437
BP_insol65n,same_type_exponential_history;lr04_scaled;co2_scaled;mis6_segment;pre_phase_sin;pre_phase_cos;insol65n_scaled,8,True,True,,-106.58263995145262,229.16527990290524,314.97781264082715,2.710702298952064,53.0,168.39386100000002,finite_mle,joint_00437
B,same_type_exponential_history;lr04_scaled;co2_scaled;mis6_segment,5,True,True,,-109.64265242349907,229.28530484699814,,,53.0,159.05196700000005,finite_mle,joint_06488
BP,same_type_exponential_history;lr04_scaled;co2_scaled;mis6_segment;pre_phase_sin;pre_phase_cos,7,True,True,,-101.98963738002487,217.97927476004975,310.36491121718575,6.173246153505581,53.0,159.05196700000005,finite_mle,joint_06488
B_ecc,same_type_exponential_history;lr04_scaled;co2_scaled;mis6_segment;ecc_scaled,6,True,True,,-106.62520188615031,225.25040377230061,,,53.0,159.05196700000005,finite_mle,joint_06488
BP_ecc,same_type_exponential_history;lr04_scaled;co2_scaled;mis6_segment;pre_phase_sin;pre_phase_cos;ecc_scaled,8,True,True,,-99.41886204579177,214.83772409158354,306.07477054268236,5.908441483768933,53.0,159.05196700000005,finite_mle,joint_06488
B_obl,same_type_exponential_history;lr04_scaled;co2_scaled;mis6_segment;obl_scaled,6,True,True,,-109.44368291733777,230.88736583467553,,,53.0,159.05196700000005,finite_mle,joint_06488
BP_obl,same_type_exponential_history;lr04_scaled;co2_scaled;mis6_segment;pre_phase_sin;pre_phase_cos;obl_scaled,8,True,True,,-99.93263246363679,215.86526492727359,311.721199553162,8.622450643377158,53.0,159.05196700000005,finite_mle,joint_06488
B_insol65n,same_type_exponential_history;lr04_scaled;co2_scaled;mis6_segment;insol65n_scaled,6,True,True,,-106.65197661192235,225.3039532238447,,,53.0,159.05196700000005,finite_mle,joint_06488
BP_insol65n,same_type_exponential_history;lr04_scaled;co2_scaled;mis6_segment;pre_phase_sin;pre_phase_cos;insol65n_scaled,8,True,True,,-100.80439826505776,217.6087965301155,287.22424155042836,4.865489885434117,53.0,159.05196700000005,finite_mle,joint_06488
B,same_type_exponential_history;lr04_scaled;co2_scaled;mis6_segment,5,True,True,,-110.84893637927442,231.69787275854884,,,53.0,160.94019900000006,finite_mle,joint_05259
BP,same_type_exponential_history;lr04_scaled;co2_scaled;mis6_segment;pre_phase_sin;pre_phase_cos,7,True,True,,-102.93745279110811,219.87490558221623,317.70208035028577,6.242332919771623,53.0,160.94019900000006,finite_mle,joint_05259
B_ecc,same_type_exponential_history;lr04_scaled;co2_scaled;mis6_segment;ecc_scaled,6,True,True,,-107.8873806851614,227.7747613703228,,,53.0,160.94019900000006,finite_mle,joint_05259
BP_ecc,same_type_exponential_history;lr04_scaled;co2_scaled;mis6_segment;pre_phase_sin;pre_phase_cos;ecc_scaled,8,True,True,,-101.06351541511712,218.12703083023425,314.8520953959717,5.4733251267875485,53.0,160.94019900000006,finite_mle,joint_05259
B_obl,same_type_exponential_history;lr04_scaled;co2_scaled;mis6_segment;obl_scaled,6,True,True,,-110.62060146226767,233.24120292453534,,,53.0,160.94019900000006,finite_mle,joint_05259
BP_obl,same_type_exponential_history;lr04_scaled;co2_scaled;mis6_segment;pre_phase_sin;pre_phase_cos;obl_scaled,8,True,True,,-100.71296242106325,217.4259248421265,318.72983531107906,8.902286451688715,53.0,160.94019900000006,finite_mle,joint_05259
B_insol65n,same_type_exponential_history;lr04_scaled;co2_scaled;mis6_segment;insol65n_scaled,6,True,True,,-105.39464747085799,222.78929494171598,,,53.0,160.94019900000006,finite_mle,joint_05259
BP_insol65n,same_type_exponential_history;lr04_scaled;co2_scaled;mis6_segment;pre_phase_sin;pre_phase_cos;insol65n_scaled,8,True,True,,-100.18371266897367,216.36742533794734,280.3045359830561,4.38211196985591,53.0,160.94019900000006,finite_mle,joint_05259
B,same_type_exponential_history;lr04_scaled;co2_scaled;mis6_segment,5,True,True,,-110.16056374544627,230.32112749089254,,,53.0,164.23657900000003,finite_mle,joint_01299
BP,same_type_exponential_history;lr04_scaled;co2_scaled;mis6_segment;pre_phase_sin;pre_phase_cos,7,True,True,,-102.65572702377705,219.3114540475541,323.46178975804514,5.813482891073043,53.0,164.23657900000003,finite_mle,joint_01299
B_ecc,same_type_exponential_history;lr04_scaled;co2_scaled;mis6_segment;ecc_scaled,6,True,True,,-108.68065474120124,229.36130948240248,,,53.0,164.23657900000003,finite_mle,joint_01299
BP_ecc,same_type_exponential_history;lr04_scaled;co2_scaled;mis6_segment;pre_phase_sin;pre_phase_cos;ecc_scaled,8,True,True,,-102.21617160792607,220.43234321585214,321.9207017641613,5.237285396533237,53.0,164.23657900000003,finite_mle,joint_01299
B_obl,same_type_exponential_history;lr04_scaled;co2_scaled;mis6_segment;obl_scaled,6,True,True,,-110.1227465974405,232.245493194881,,,53.0,164.23657900000003,finite_mle,joint_01299
BP_obl,same_type_exponential_history;lr04_scaled;co2_scaled;mis6_segment;pre_phase_sin;pre_phase_cos;obl_scaled,8,True,True,,-101.6996373349709,219.3992746699418,324.21249078479184,7.082593608611265,53.0,164.23657900000003,finite_mle,joint_01299
B_insol65n,same_type_exponential_history;lr04_scaled;co2_scaled;mis6_segment;insol65n_scaled,6,True,True,,-104.82135629057143,221.64271258114286,,,53.0,164.23657900000003,finite_mle,joint_01299
BP_insol65n,same_type_exponential_history;lr04_scaled;co2_scaled;mis6_segment;pre_phase_sin;pre_phase_cos;insol65n_scaled,8,True,True,,-101.02731945347742,218.05463890695484,296.9751667633913,3.7349989238665855,53.0,164.23657900000003,finite_mle,joint_01299
B,same_type_exponential_history;lr04_scaled;co2_scaled;mis6_segment,5,True,True,,-111.8646618871555,233.729323774311,,,53.0,163.346719,finite_mle,joint_02583
BP,same_type_exponential_history;lr04_scaled;co2_scaled;mis6_segment;pre_phase_sin;pre_phase_cos,7,True,True,,-103.65739266237325,221.3147853247465,326.5516625789282,6.545927941482574,53.0,163.346719,finite_mle,joint_02583
B_ecc,same_type_exponential_history;lr04_scaled;co2_scaled;mis6_segment;ecc_scaled,6,True,True,,-108.49282344156103,228.98564688312206,,,53.0,163.346719,finite_mle,joint_02583
BP_ecc,same_type_exponential_history;lr04_scaled;co2_scaled;mis6_segment;pre_phase_sin;pre_phase_cos;ecc_scaled,8,True,True,,-101.69658263045528,219.39316526091056,324.5664992348874,5.50752856393608,53.0,163.346719,finite_mle,joint_02583
B_obl,same_type_exponential_history;lr04_scaled;co2_scaled;mis6_segment;obl_scaled,6,True,True,,-111.77833300262486,235.55666600524972,,,53.0,163.346719,finite_mle,joint_02583
BP_obl,same_type_exponential_history;lr04_scaled;co2_scaled;mis6_segment;pre_phase_sin;pre_phase_cos;obl_scaled,8,True,True,,-102.11891823619578,220.23783647239156,326.56350776344533,8.720667435687199,53.0,163.346719,finite_mle,joint_02583
B_insol65n,same_type_exponential_history;lr04_scaled;co2_scaled;mis6_segment;insol65n_scaled,6,True,True,,-105.49226596080024,222.98453192160048,,,53.0,163.346719,finite_mle,joint_02583
BP_insol65n,same_type_exponential_history;lr04_scaled;co2_scaled;mis6_segment;pre_phase_sin;pre_phase_cos;insol65n_scaled,8,True,True,,-101.45111114996102,218.90222229992204,295.4176242976623,3.8686605274502632,53.0,163.346719,finite_mle,joint_02583
B,same_type_exponential_history;lr04_scaled;co2_scaled;mis6_segment,5,True,True,,-110.47145292921692,230.94290585843385,,,53.0,160.90224600000005,finite_mle,joint_00762
BP,same_type_exponential_history;lr04_scaled;co2_scaled;mis6_segment;pre_phase_sin;pre_phase_cos,7,True,True,,-100.41361349704205,214.8272269940841,325.72626985774747,8.667249656856953,53.0,160.90224600000005,finite_mle,joint_00762
B_ecc,same_type_exponential_history;lr04_scaled;co2_scaled;mis6_segment;ecc_scaled,6,True,True,,-108.44801743320235,228.8960348664047,,,53.0,160.90224600000005,finite_mle,joint_00762
BP_ecc,same_type_exponential_history;lr04_scaled;co2_scaled;mis6_segment;pre_phase_sin;pre_phase_cos;ecc_scaled,8,True,True,,-99.50775261263504,215.0155052252701,324.84356502628253,7.698238457711278,53.0,160.90224600000005,finite_mle,joint_00762
B_obl,same_type_exponential_history;lr04_scaled;co2_scaled;mis6_segment;obl_scaled,6,True,True,,-110.46839267784961,232.93678535569921,,,53.0,160.90224600000005,finite_mle,joint_00762
BP_obl,same_type_exponential_history;lr04_scaled;co2_scaled;mis6_segment;pre_phase_sin;pre_phase_cos;obl_scaled,8,True,True,,-99.3492956697136,214.6985913394272,326.17647451388086,11.388149981295554,53.0,160.90224600000005,finite_mle,joint_00762
B_insol65n,same_type_exponential_history;lr04_scaled;co2_scaled;mis6_segment;insol65n_scaled,6,True,True,,-104.47279002621829,220.94558005243658,,,53.0,160.90224600000005,finite_mle,joint_00762
BP_insol65n,same_type_exponential_history;lr04_scaled;co2_scaled;mis6_segment;pre_phase_sin;pre_phase_cos;insol65n_scaled,8,True,True,,-99.02231591293497,214.04463182586994,307.5210686071107,5.499667726532447,53.0,160.90224600000005,finite_mle,joint_00762
B,same_type_exponential_history;lr04_scaled;co2_scaled;mis6_segment,5,True,True,,-110.5748350774696,231.1496701549392,,,53.0,164.502365,finite_mle,joint_01782
BP,same_type_exponential_history;lr04_scaled;co2_scaled;mis6_segment;pre_phase_sin;pre_phase_cos,7,True,True,,-100.8102649349822,215.6205298699644,324.9640153606666,8.013144899016465,53.0,164.502365,finite_mle,joint_01782
B_ecc,same_type_exponential_history;lr04_scaled;co2_scaled;mis6_segment;ecc_scaled,6,True,True,,-108.3640762133666,228.7281524267332,,,53.0,164.502365,finite_mle,joint_01782
BP_ecc,same_type_exponential_history;lr04_scaled;co2_scaled;mis6_segment;pre_phase_sin;pre_phase_cos;ecc_scaled,8,True,True,,-100.03356621193683,216.06713242387366,323.33981808765293,6.932406009068125,53.0,164.502365,finite_mle,joint_01782
B_obl,same_type_exponential_history;lr04_scaled;co2_scaled;mis6_segment;obl_scaled,6,True,True,,-110.54313183089087,233.08626366178174,,,53.0,164.502365,finite_mle,joint_01782
BP_obl,same_type_exponential_history;lr04_scaled;co2_scaled;mis6_segment;pre_phase_sin;pre_phase_cos;obl_scaled,8,True,True,,-99.58305423299562,215.16610846599124,325.1960494771354,10.265237852997116,53.0,164.502365,finite_mle,joint_01782
B_insol65n,same_type_exponential_history;lr04_scaled;co2_scaled;mis6_segment;insol65n_scaled,6,True,True,,-103.83254081494593,219.66508162989186,,,53.0,164.502365,finite_mle,joint_01782
BP_insol65n,same_type_exponential_history;lr04_scaled;co2_scaled;mis6_segment;pre_phase_sin;pre_phase_cos;insol65n_scaled,8,True,True,,-98.78063580336638,213.56127160673276,299.95302047848475,4.819630818285303,53.0,164.502365,finite_mle,joint_01782
B,same_type_exponential_history;lr04_scaled;co2_scaled;mis6_segment,5,True,True,,-111.930021025229,233.860042050458,,,53.0,167.82555300000004,finite_mle,joint_01002
BP,same_type_exponential_history;lr04_scaled;co2_scaled;mis6_segment;pre_phase_sin;pre_phase_cos,7,True,True,,-104.49371508828685,222.9874301765737,334.6423557255896,5.571698857816463,53.0,167.82555300000004,finite_mle,joint_01002
B_ecc,same_type_exponential_history;lr04_scaled;co2_scaled;mis6_segment;ecc_scaled,6,True,True,,-109.38188178937823,230.76376357875645,,,53.0,167.82555300000004,finite_mle,joint_01002
BP_ecc,same_type_exponential_history;lr04_scaled;co2_scaled;mis6_segment;pre_phase_sin;pre_phase_cos;ecc_scaled,8,True,True,,-103.34129202355444,222.6825840471089,332.6273921180623,4.733785485761223,53.0,167.82555300000004,finite_mle,joint_01002
B_obl,same_type_exponential_history;lr04_scaled;co2_scaled;mis6_segment;obl_scaled,6,True,True,,-111.92919245124823,235.85838490249645,,,53.0,167.82555300000004,finite_mle,joint_01002
BP_obl,same_type_exponential_history;lr04_scaled;co2_scaled;mis6_segment;pre_phase_sin;pre_phase_cos;obl_scaled,8,True,True,,-104.03402433798395,224.0680486759679,333.9618055996145,6.26803164198562,53.0,167.82555300000004,finite_mle,joint_01002
B_insol65n,same_type_exponential_history;lr04_scaled;co2_scaled;mis6_segment;insol65n_scaled,6,True,True,,-106.27213064623928,224.54426129247855,,,53.0,167.82555300000004,finite_mle,joint_01002
BP_insol65n,same_type_exponential_history;lr04_scaled;co2_scaled;mis6_segment;pre_phase_sin;pre_phase_cos;insol65n_scaled,8,True,True,,-103.51342537619243,223.02685075238486,316.6848195519326,3.346979238068059,53.0,167.82555300000004,finite_mle,joint_01002
B,same_type_exponential_history;lr04_scaled;co2_scaled;mis6_segment,5,True,True,,-110.98026736679304,231.9605347335861,,,53.0,166.92161300000004,finite_mle,joint_08308
BP,same_type_exponential_history;lr04_scaled;co2_scaled;mis6_segment;pre_phase_sin;pre_phase_cos,7,True,True,,-104.009079703167,222.018159406334,331.0082779157155,5.380884866184999,53.0,166.92161300000004,finite_mle,joint_08308
B_ecc,same_type_exponential_history;lr04_scaled;co2_scaled;mis6_segment;ecc_scaled,6,True,True,,-109.24483530853536,230.48967061707071,,,53.0,166.92161300000004,finite_mle,joint_08308
BP_ecc,same_type_exponential_history;lr04_scaled;co2_scaled;mis6_segment;pre_phase_sin;pre_phase_cos;ecc_scaled,8,True,True,,-103.42023936953238,222.84047873906476,329.6722111659469,4.739606272529931,53.0,166.92161300000004,finite_mle,joint_08308
B_obl,same_type_exponential_history;lr04_scaled;co2_scaled;mis6_segment;obl_scaled,6,True,True,,-110.97838194174047,233.95676388348093,,,53.0,166.92161300000004,finite_mle,joint_08308
BP_obl,same_type_exponential_history;lr04_scaled;co2_scaled;mis6_segment;pre_phase_sin;pre_phase_cos;obl_scaled,8,True,True,,-103.551328806547,223.102657613094,331.07506895635515,6.055565093916823,53.0,166.92161300000004,finite_mle,joint_08308
B_insol65n,same_type_exponential_history;lr04_scaled;co2_scaled;mis6_segment;insol65n_scaled,6,True,True,,-106.10215698715763,224.20431397431526,,,53.0,166.92161300000004,finite_mle,joint_08308
BP_insol65n,same_type_exponential_history;lr04_scaled;co2_scaled;mis6_segment;pre_phase_sin;pre_phase_cos;insol65n_scaled,8,True,True,,-103.24169504223156,222.4833900844631,315.88410768149015,3.4838380783869027,53.0,166.92161300000004,finite_mle,joint_08308
B,same_type_exponential_history;lr04_scaled;co2_scaled;mis6_segment,5,True,True,,-111.47001516557967,232.94003033115933,,,53.0,167.22839000000005,finite_mle,joint_03727
BP,same_type_exponential_history;lr04_scaled;co2_scaled;mis6_segment;pre_phase_sin;pre_phase_cos,7,True,True,,-105.71780710382528,225.43561420765056,335.98289584318593,4.407311267343312,53.0,167.22839000000005,finite_mle,joint_03727
B_ecc,same_type_exponential_history;lr04_scaled;co2_scaled;mis6_segment;ecc_scaled,6,True,True,,-110.06270711851411,232.12541423702822,,,53.0,167.22839000000005,finite_mle,joint_03727
BP_ecc,same_type_exponential_history;lr04_scaled;co2_scaled;mis6_segment;pre_phase_sin;pre_phase_cos;ecc_scaled,8,True,True,,-105.15542844807301,226.31085689614602,334.61732556633797,3.9730087992711454,53.0,167.22839000000005,finite_mle,joint_03727
B_obl,same_type_exponential_history;lr04_scaled;co2_scaled;mis6_segment;obl_scaled,6,True,True,,-111.46264614369366,234.92529228738732,,,53.0,167.22839000000005,finite_mle,joint_03727
BP_obl,same_type_exponential_history;lr04_scaled;co2_scaled;mis6_segment;pre_phase_sin;pre_phase_cos;obl_scaled,8,True,True,,-105.2627018559775,226.525403711955,335.4016444687672,4.954880462511475,53.0,167.22839000000005,finite_mle,joint_03727
B_insol65n,same_type_exponential_history;lr04_scaled;co2_scaled;mis6_segment;insol65n_scaled,6,True,True,,-107.2771927534132,226.5543855068264,,,53.0,167.22839000000005,finite_mle,joint_03727
BP_insol65n,same_type_exponential_history;lr04_scaled;co2_scaled;mis6_segment;pre_phase_sin;pre_phase_cos;insol65n_scaled,8,True,True,,-105.18227737844663,226.36455475689326,323.09821456344963,2.9700587292168974,53.0,167.22839000000005,finite_mle,joint_03727
B,same_type_exponential_history;lr04_scaled;co2_scaled;mis6_segment,5,True,True,,-110.708414120864,231.416828241728,,,53.0,163.36175600000004,finite_mle,joint_07864
BP,same_type_exponential_history;lr04_scaled;co2_scaled;mis6_segment;pre_phase_sin;pre_phase_cos,7,True,True,,-100.60847336231681,215.21694672463363,320.42698744908364,8.124771938430996,53.0,163.36175600000004,finite_mle,joint_07864
B_ecc,same_type_exponential_history;lr04_scaled;co2_scaled;mis6_segment;ecc_scaled,6,True,True,,-108.05852616704637,228.11705233409273,,,53.0,163.36175600000004,finite_mle,joint_07864
BP_ecc,same_type_exponential_history;lr04_scaled;co2_scaled;mis6_segment;pre_phase_sin;pre_phase_cos;ecc_scaled,8,True,True,,-99.44344990352107,214.88689980704214,318.3984888396388,6.94515298706666,53.0,163.36175600000004,finite_mle,joint_07864
B_obl,same_type_exponential_history;lr04_scaled;co2_scaled;mis6_segment;obl_scaled,6,True,True,,-110.6356648910027,233.2713297820054,,,53.0,163.36175600000004,finite_mle,joint_07864
BP_obl,same_type_exponential_history;lr04_scaled;co2_scaled;mis6_segment;pre_phase_sin;pre_phase_cos;obl_scaled,8,True,True,,-99.09602797633389,214.19205595266777,320.90273261491194,10.42809205585472,53.0,163.36175600000004,finite_mle,joint_07864
B_insol65n,same_type_exponential_history;lr04_scaled;co2_scaled;mis6_segment;insol65n_scaled,6,True,True,,-104.43004523031766,220.86009046063532,,,53.0,163.36175600000004,finite_mle,joint_07864
BP_insol65n,same_type_exponential_history;lr04_scaled;co2_scaled;mis6_segment;pre_phase_sin;pre_phase_cos;insol65n_scaled,8,True,True,,-98.54409207381096,213.08818414762192,293.71500715127036,5.146810837753864,53.0,163.36175600000004,finite_mle,joint_07864
B,same_type_exponential_history;lr04_scaled;co2_scaled;mis6_segment,5,True,True,,-111.56988159613059,233.13976319226117,,,53.0,170.13398200000006,finite_mle,joint_07506
BP,same_type_exponential_history;lr04_scaled;co2_scaled;mis6_segment;pre_phase_sin;pre_phase_cos,7,True,True,,-107.81109249786945,229.6221849957389,347.2801682408736,3.2755209984806526,53.0,170.13398200000006,finite_mle,joint_07506
B_ecc,same_type_exponential_history;lr04_scaled;co2_scaled;mis6_segment;ecc_scaled,6,True,True,,-110.78048896632208,233.56097793264416,,,53.0,170.13398200000006,finite_mle,joint_07506
BP_ecc,same_type_exponential_history;lr04_scaled;co2_scaled;mis6_segment;pre_phase_sin;pre_phase_cos;ecc_scaled,8,True,True,,-107.57720458481253,231.15440916962507,347.4072555293519,3.0381644813344018,53.0,170.13398200000006,finite_mle,joint_07506
B_obl,same_type_exponential_history;lr04_scaled;co2_scaled;mis6_segment;obl_scaled,6,True,True,,-111.5317276905023,235.0634553810046,,,53.0,170.13398200000006,finite_mle,joint_07506
BP_obl,same_type_exponential_history;lr04_scaled;co2_scaled;mis6_segment;pre_phase_sin;pre_phase_cos;obl_scaled,8,True,True,,-107.79059243824281,231.58118487648562,347.0433763247801,3.3354262290690095,53.0,170.13398200000006,finite_mle,joint_07506
B_insol65n,same_type_exponential_history;lr04_scaled;co2_scaled;mis6_segment;insol65n_scaled,6,True,True,,-109.6827046736033,231.3654093472066,,,53.0,170.13398200000006,finite_mle,joint_07506
BP_insol65n,same_type_exponential_history;lr04_scaled;co2_scaled;mis6_segment;pre_phase_sin;pre_phase_cos;insol65n_scaled,8,True,True,,-107.80350813229977,231.60701626459954,348.0445428578587,3.4792401918863187,53.0,170.13398200000006,finite_mle,joint_07506
B,same_type_exponential_history;lr04_scaled;co2_scaled;mis6_segment,5,True,True,,-110.08601184885137,230.17202369770274,,,53.0,161.03852100000003,finite_mle,joint_03366
BP,same_type_exponential_history;lr04_scaled;co2_scaled;mis6_segment;pre_phase_sin;pre_phase_cos,7,True,True,,-100.34643014967654,214.69286029935307,312.73983542416124,7.901706388310525,53.0,161.03852100000003,finite_mle,joint_03366
B_ecc,same_type_exponential_history;lr04_scaled;co2_scaled;mis6_segment;ecc_scaled,6,True,True,,-107.74692826483486,227.49385652966973,,,53.0,161.03852100000003,finite_mle,joint_03366
BP_ecc,same_type_exponential_history;lr04_scaled;co2_scaled;mis6_segment;pre_phase_sin;pre_phase_cos;ecc_scaled,8,True,True,,-99.12349012999304,214.2469802599861,310.2098388353528,6.966638503834818,53.0,161.03852100000003,finite_mle,joint_03366
B_obl,same_type_exponential_history;lr04_scaled;co2_scaled;mis6_segment;obl_scaled,6,True,True,,-110.06525539342414,232.13051078684828,,,53.0,161.03852100000003,finite_mle,joint_03366
BP_obl,same_type_exponential_history;lr04_scaled;co2_scaled;mis6_segment;pre_phase_sin;pre_phase_cos;obl_scaled,8,True,True,,-99.11427925019697,214.22855850039394,313.7442293142932,9.87217338956724,53.0,161.03852100000003,finite_mle,joint_03366
B_insol65n,same_type_exponential_history;lr04_scaled;co2_scaled;mis6_segment;insol65n_scaled,6,True,True,,-105.69585451596718,223.39170903193437,,,53.0,161.03852100000003,finite_mle,joint_03366
BP_insol65n,same_type_exponential_history;lr04_scaled;co2_scaled;mis6_segment;pre_phase_sin;pre_phase_cos;insol65n_scaled,8,True,True,,-98.79164757610428,213.58329515220856,289.9701411731098,5.834808661948963,53.0,161.03852100000003,finite_mle,joint_03366
B,same_type_exponential_history;lr04_scaled;co2_scaled;mis6_segment,5,True,True,,-110.29757995892822,230.59515991785645,,,53.0,162.06318200000004,finite_mle,joint_08049
BP,same_type_exponential_history;lr04_scaled;co2_scaled;mis6_segment;pre_phase_sin;pre_phase_cos,7,True,True,,-101.56648113556886,217.13296227113773,314.16700592216404,7.080773483361329,53.0,162.06318200000004,finite_mle,joint_08049
B_ecc,same_type_exponential_history;lr04_scaled;co2_scaled;mis6_segment;ecc_scaled,6,True,True,,-107.05899065146056,226.11798130292112,,,53.0,162.06318200000004,finite_mle,joint_08049
BP_ecc,same_type_exponential_history;lr04_scaled;co2_scaled;mis6_segment;pre_phase_sin;pre_phase_cos;ecc_scaled,8,True,True,,-99.33157371836626,214.66314743673252,311.2797141606584,6.3192103436697575,53.0,162.06318200000004,finite_mle,joint_08049
B_obl,same_type_exponential_history;lr04_scaled;co2_scaled;mis6_segment;obl_scaled,6,True,True,,-110.15746270087975,232.3149254017595,,,53.0,162.06318200000004,finite_mle,joint_08049
BP_obl,same_type_exponential_history;lr04_scaled;co2_scaled;mis6_segment;pre_phase_sin;pre_phase_cos;obl_scaled,8,True,True,,-99.71900492056972,215.43800984113943,315.20014857669497,9.684422482434396,53.0,162.06318200000004,finite_mle,joint_08049
B_insol65n,same_type_exponential_history;lr04_scaled;co2_scaled;mis6_segment;insol65n_scaled,6,True,True,,-106.29923882601591,224.59847765203182,,,53.0,162.06318200000004,finite_mle,joint_08049
BP_insol65n,same_type_exponential_history;lr04_scaled;co2_scaled;mis6_segment;pre_phase_sin;pre_phase_cos;insol65n_scaled,8,True,True,,-100.33141654768812,216.66283309537624,292.98784755957075,5.233278037990381,53.0,162.06318200000004,finite_mle,joint_08049
B,same_type_exponential_history;lr04_scaled;co2_scaled;mis6_segment,5,True,True,,-109.82250541010073,229.64501082020146,,,53.0,162.54841900000002,finite_mle,joint_08018
BP,same_type_exponential_history;lr04_scaled;co2_scaled;mis6_segment;pre_phase_sin;pre_phase_cos,7,True,True,,-100.80270018093802,215.60540036187604,330.43274679515304,7.431818512124087,53.0,162.54841900000002,finite_mle,joint_08018
B_ecc,same_type_exponential_history;lr04_scaled;co2_scaled;mis6_segment;ecc_scaled,6,True,True,,-108.85873047909553,229.71746095819105,,,53.0,162.54841900000002,finite_mle,joint_08018
BP_ecc,same_type_exponential_history;lr04_scaled;co2_scaled;mis6_segment;pre_phase_sin;pre_phase_cos;ecc_scaled,8,True,True,,-100.66764334886304,217.33528669772608,330.3205720495374,6.947611928820847,53.0,162.54841900000002,finite_mle,joint_08018
B_obl,same_type_exponential_history;lr04_scaled;co2_scaled;mis6_segment;obl_scaled,6,True,True,,-109.809498595669,231.618997191338,,,53.0,162.54841900000002,finite_mle,joint_08018
BP_obl,same_type_exponential_history;lr04_scaled;co2_scaled;mis6_segment;pre_phase_sin;pre_phase_cos;obl_scaled,8,True,True,,-100.29006243103132,216.58012486206263,331.0672166332503,8.619500006346973,53.0,162.54841900000002,finite_mle,joint_08018
B_insol65n,same_type_exponential_history;lr04_scaled;co2_scaled;mis6_segment;insol65n_scaled,6,True,True,,-104.32633368683472,220.65266737366943,,,53.0,162.54841900000002,finite_mle,joint_08018
BP_insol65n,same_type_exponential_history;lr04_scaled;co2_scaled;mis6_segment;pre_phase_sin;pre_phase_cos;insol65n_scaled,8,True,True,,-100.07793010416346,216.1558602083269,319.28163933481005,4.92803092022178,53.0,162.54841900000002,finite_mle,joint_08018
B,same_type_exponential_history;lr04_scaled;co2_scaled;mis6_segment,5,True,True,,-111.30840480367672,232.61680960735345,,,53.0,168.122722,finite_mle,joint_08981
BP,same_type_exponential_history;lr04_scaled;co2_scaled;mis6_segment;pre_phase_sin;pre_phase_cos,7,True,True,,-102.35739773849502,218.71479547699005,329.5251803465499,6.963609197700678,53.0,168.122722,finite_mle,joint_08981
B_ecc,same_type_exponential_history;lr04_scaled;co2_scaled;mis6_segment;ecc_scaled,6,True,True,,-109.76576210168676,231.53152420337352,,,53.0,168.122722,finite_mle,joint_08981
BP_ecc,same_type_exponential_history;lr04_scaled;co2_scaled;mis6_segment;pre_phase_sin;pre_phase_cos;ecc_scaled,8,True,True,,-101.9415362466562,219.8830724933124,328.14504614813484,6.2939727710814095,53.0,168.122722,finite_mle,joint_08981
B_obl,same_type_exponential_history;lr04_scaled;co2_scaled;mis6_segment;obl_scaled,6,True,True,,-111.29813765123168,234.59627530246337,,,53.0,168.122722,finite_mle,joint_08981
BP_obl,same_type_exponential_history;lr04_scaled;co2_scaled;mis6_segment;pre_phase_sin;pre_phase_cos;obl_scaled,8,True,True,,-101.96562934093502,219.93125868187005,329.4920367435582,7.829999788848431,53.0,168.122722,finite_mle,joint_08981
B_insol65n,same_type_exponential_history;lr04_scaled;co2_scaled;mis6_segment;insol65n_scaled,6,True,True,,-105.48370980153969,222.96741960307938,,,53.0,168.122722,finite_mle,joint_08981
BP_insol65n,same_type_exponential_history;lr04_scaled;co2_scaled;mis6_segment;pre_phase_sin;pre_phase_cos;insol65n_scaled,8,True,True,,-101.41656902972404,218.8331380594481,314.1534474504539,4.4472917613789855,53.0,168.122722,finite_mle,joint_08981
B,same_type_exponential_history;lr04_scaled;co2_scaled;mis6_segment,5,True,True,,-111.97216037207812,233.94432074415624,,,53.0,167.03777800000006,finite_mle,joint_09830
BP,same_type_exponential_history;lr04_scaled;co2_scaled;mis6_segment;pre_phase_sin;pre_phase_cos,7,True,True,,-106.1405992536342,226.2811985072684,344.0146337793135,4.462078955159258,53.0,167.03777800000006,finite_mle,joint_09830
B_ecc,same_type_exponential_history;lr04_scaled;co2_scaled;mis6_segment;ecc_scaled,6,True,True,,-110.89629685720666,233.79259371441333,,,53.0,167.03777800000006,finite_mle,joint_09830
BP_ecc,same_type_exponential_history;lr04_scaled;co2_scaled;mis6_segment;pre_phase_sin;pre_phase_cos;ecc_scaled,8,True,True,,-105.80762724868218,227.61525449736436,343.7120065700578,4.087355646566285,53.0,167.03777800000006,finite_mle,joint_09830
B_obl,same_type_exponential_history;lr04_scaled;co2_scaled;mis6_segment;obl_scaled,6,True,True,,-111.9702202028108,235.9404404056216,,,53.0,167.03777800000006,finite_mle,joint_09830
BP_obl,same_type_exponential_history;lr04_scaled;co2_scaled;mis6_segment;pre_phase_sin;pre_phase_cos;obl_scaled,8,True,True,,-105.70562343930224,227.4112468786045,342.97168906681406,5.046569427677264,53.0,167.03777800000006,finite_mle,joint_09830
B_insol65n,same_type_exponential_history;lr04_scaled;co2_scaled;mis6_segment;insol65n_scaled,6,True,True,,-106.72697277616548,225.45394555233096,,,53.0,167.03777800000006,finite_mle,joint_09830
BP_insol65n,same_type_exponential_history;lr04_scaled;co2_scaled;mis6_segment;pre_phase_sin;pre_phase_cos;insol65n_scaled,8,True,True,,-105.20040842557594,226.4008168511519,328.6799478427054,2.583208867374479,53.0,167.03777800000006,finite_mle,joint_09830
B,same_type_exponential_history;lr04_scaled;co2_scaled;mis6_segment,5,True,True,,-110.51523029644108,231.03046059288215,,,53.0,163.67276700000002,finite_mle,joint_04796
BP,same_type_exponential_history;lr04_scaled;co2_scaled;mis6_segment;pre_phase_sin;pre_phase_cos,7,True,True,,-102.87390628655896,219.74781257311793,324.25071140525773,5.861060704953688,53.0,163.67276700000002,finite_mle,joint_04796
B_ecc,same_type_exponential_history;lr04_scaled;co2_scaled;mis6_segment;ecc_scaled,6,True,True,,-108.79293546474925,229.5858709294985,,,53.0,163.67276700000002,finite_mle,joint_04796
BP_ecc,same_type_exponential_history;lr04_scaled;co2_scaled;mis6_segment;pre_phase_sin;pre_phase_cos;ecc_scaled,8,True,True,,-102.27315374583785,220.5463074916757,322.2762333263666,5.193775652784727,53.0,163.67276700000002,finite_mle,joint_04796
B_obl,same_type_exponential_history;lr04_scaled;co2_scaled;mis6_segment;obl_scaled,6,True,True,,-110.47779857209105,232.9555971441821,,,53.0,163.67276700000002,finite_mle,joint_04796
BP_obl,same_type_exponential_history;lr04_scaled;co2_scaled;mis6_segment;pre_phase_sin;pre_phase_cos;obl_scaled,8,True,True,,-101.88174318960901,219.76348637921802,324.6659009112193,7.124105388165219,53.0,163.67276700000002,finite_mle,joint_04796
B_insol65n,same_type_exponential_history;lr04_scaled;co2_scaled;mis6_segment;insol65n_scaled,6,True,True,,-104.85486975805165,221.7097395161033,,,53.0,163.67276700000002,finite_mle,joint_04796
BP_insol65n,same_type_exponential_history;lr04_scaled;co2_scaled;mis6_segment;pre_phase_sin;pre_phase_cos;insol65n_scaled,8,True,True,,-101.03072622459874,218.06145244919747,295.2007330363115,3.6652328630325934,53.0,163.67276700000002,finite_mle,joint_04796
B,same_type_exponential_history;lr04_scaled;co2_scaled;mis6_segment,5,True,True,,-110.9096441604286,231.8192883208572,,,53.0,169.06049800000002,finite_mle,joint_06381
BP,same_type_exponential_history;lr04_scaled;co2_scaled;mis6_segment;pre_phase_sin;pre_phase_cos,7,True,True,,-103.5904616043334,221.1809232086668,333.46654833900305,5.632953493211379,53.0,169.06049800000002,finite_mle,joint_06381
B_ecc,same_type_exponential_history;lr04_scaled;co2_scaled;mis6_segment;ecc_scaled,6,True,True,,-109.62494143462345,231.2498828692469,,,53.0,169.06049800000002,finite_mle,joint_06381
BP_ecc,same_type_exponential_history;lr04_scaled;co2_scaled;mis6_segment;pre_phase_sin;pre_phase_cos;ecc_scaled,8,True,True,,-103.22893351016512,222.45786702033024,332.20082423506625,5.148076020344231,53.0,169.06049800000002,finite_mle,joint_06381
B_obl,same_type_exponential_history;lr04_scaled;co2_scaled;mis6_segment;obl_scaled,6,True,True,,-110.89996471650414,233.7999294330083,,,53.0,169.06049800000002,finite_mle,joint_06381
BP_obl,same_type_exponential_history;lr04_scaled;co2_scaled;mis6_segment;pre_phase_sin;pre_phase_cos;obl_scaled,8,True,True,,-103.31798129423427,222.63596258846854,333.18915867658757,6.180655121907139,53.0,169.06049800000002,finite_mle,joint_06381
B_insol65n,same_type_exponential_history;lr04_scaled;co2_scaled;mis6_segment;insol65n_scaled,6,True,True,,-106.5490728141429,225.0981456282858,,,53.0,169.06049800000002,finite_mle,joint_06381
BP_insol65n,same_type_exponential_history;lr04_scaled;co2_scaled;mis6_segment;pre_phase_sin;pre_phase_cos;insol65n_scaled,8,True,True,,-103.28611653541739,222.57223307083478,325.3470866806856,4.163019339836127,53.0,169.06049800000002,finite_mle,joint_06381
B,same_type_exponential_history;lr04_scaled;co2_scaled;mis6_segment,5,True,True,,-110.66589502238001,231.33179004476003,,,53.0,166.761213,finite_mle,joint_09696
BP,same_type_exponential_history;lr04_scaled;co2_scaled;mis6_segment;pre_phase_sin;pre_phase_cos,7,True,True,,-104.79165801512389,223.58331603024777,332.09975396277633,4.542488962123754,53.0,166.761213,finite_mle,joint_09696
B_ecc,same_type_exponential_history;lr04_scaled;co2_scaled;mis6_segment;ecc_scaled,6,True,True,,-109.69243619254442,231.38487238508884,,,53.0,166.761213,finite_mle,joint_09696
BP_ecc,same_type_exponential_history;lr04_scaled;co2_scaled;mis6_segment;pre_phase_sin;pre_phase_cos;ecc_scaled,8,True,True,,-104.53016986370697,225.06033972741395,330.82470156672565,4.220305870993697,53.0,166.761213,finite_mle,joint_09696
B_obl,same_type_exponential_history;lr04_scaled;co2_scaled;mis6_segment;obl_scaled,6,True,True,,-110.63408191852912,233.26816383705824,,,53.0,166.761213,finite_mle,joint_09696
BP_obl,same_type_exponential_history;lr04_scaled;co2_scaled;mis6_segment;pre_phase_sin;pre_phase_cos;obl_scaled,8,True,True,,-104.12490425779819,224.24980851559638,331.8388966044763,5.294671970110048,53.0,166.761213,finite_mle,joint_09696
B_insol65n,same_type_exponential_history;lr04_scaled;co2_scaled;mis6_segment;insol65n_scaled,6,True,True,,-106.08035983044851,224.16071966089703,,,53.0,166.761213,finite_mle,joint_09696
BP_insol65n,same_type_exponential_history;lr04_scaled;co2_scaled;mis6_segment;pre_phase_sin;pre_phase_cos;insol65n_scaled,8,True,True,,-103.85071409364744,223.70142818729488,311.61836658699116,2.8665346048471534,53.0,166.761213,finite_mle,joint_09696
B,same_type_exponential_history;lr04_scaled;co2_scaled;mis6_segment,5,True,True,,-111.51723466064271,233.03446932128543,,,53.0,164.52113200000002,finite_mle,joint_00148
BP,same_type_exponential_history;lr04_scaled;co2_scaled;mis6_segment;pre_phase_sin;pre_phase_cos,7,True,True,,-101.70182894355003,217.40365788710005,326.4503737773436,8.148655459312714,53.0,164.52113200000002,finite_mle,joint_00148
B_ecc,same_type_exponential_history;lr04_scaled;co2_scaled;mis6_segment;ecc_scaled,6,True,True,,-108.66147040142974,229.32294080285948,,,53.0,164.52113200000002,finite_mle,joint_00148
BP_ecc,same_type_exponential_history;lr04_scaled;co2_scaled;mis6_segment;pre_phase_sin;pre_phase_cos;ecc_scaled,8,True,True,,-100.31028904240029,216.62057808480057,324.78039264301384,6.917760566565662,53.0,164.52113200000002,finite_mle,joint_00148
B_obl,same_type_exponential_history;lr04_scaled;co2_scaled;mis6_segment;obl_scaled,6,True,True,,-111.50283150317614,235.00566300635228,,,53.0,164.52113200000002,finite_mle,joint_00148
BP_obl,same_type_exponential_history;lr04_scaled;co2_scaled;mis6_segment;pre_phase_sin;pre_phase_cos;obl_scaled,8,True,True,,-100.53237572340137,217.06475144680275,326.4431022556496,10.37937855533435,53.0,164.52113200000002,finite_mle,joint_00148
B_insol65n,same_type_exponential_history;lr04_scaled;co2_scaled;mis6_segment;insol65n_scaled,6,True,True,,-104.79119657546201,221.58239315092402,,,53.0,164.52113200000002,finite_mle,joint_00148
BP_insol65n,same_type_exponential_history;lr04_scaled;co2_scaled;mis6_segment;pre_phase_sin;pre_phase_cos;insol65n_scaled,8,True,True,,-99.81786816989981,215.63573633979962,303.0089445705286,4.8633806566671565,53.0,164.52113200000002,finite_mle,joint_00148
B,same_type_exponential_history;lr04_scaled;co2_scaled;mis6_segment,5,True,True,,-110.32677088753425,230.6535417750685,,,53.0,160.51194800000002,finite_mle,joint_07211
BP,same_type_exponential_history;lr04_scaled;co2_scaled;mis6_segment;pre_phase_sin;pre_phase_cos,7,True,True,,-102.05372090021359,218.10744180042718,312.0189589333264,6.647244678733649,53.0,160.51194800000002,finite_mle,joint_07211
B_ecc,same_type_exponential_history;lr04_scaled;co2_scaled;mis6_segment;ecc_scaled,6,True,True,,-107.85929925642583,227.71859851285166,,,53.0,160.51194800000002,finite_mle,joint_07211
BP_ecc,same_type_exponential_history;lr04_scaled;co2_scaled;mis6_segment;pre_phase_sin;pre_phase_cos;ecc_scaled,8,True,True,,-100.58124670976045,217.1624934195209,309.4563688540813,5.948907456159014,53.0,160.51194800000002,finite_mle,joint_07211
B_obl,same_type_exponential_history;lr04_scaled;co2_scaled;mis6_segment;obl_scaled,6,True,True,,-110.28417469617841,232.56834939235682,,,53.0,160.51194800000002,finite_mle,joint_07211
BP_obl,same_type_exponential_history;lr04_scaled;co2_scaled;mis6_segment;pre_phase_sin;pre_phase_cos;obl_scaled,8,True,True,,-100.74270072462329,217.48540144924658,313.4361436726201,8.584144491464867,53.0,160.51194800000002,finite_mle,joint_07211
B_insol65n,same_type_exponential_history;lr04_scaled;co2_scaled;mis6_segment;insol65n_scaled,6,True,True,,-106.79140470332331,225.58280940664662,,,53.0,160.51194800000002,finite_mle,joint_07211
BP_insol65n,same_type_exponential_history;lr04_scaled;co2_scaled;mis6_segment;pre_phase_sin;pre_phase_cos;insol65n_scaled,8,True,True,,-100.9112107691333,217.8224215382666,291.07832482423584,5.1007353268598825,53.0,160.51194800000002,finite_mle,joint_07211
B,same_type_exponential_history;lr04_scaled;co2_scaled;mis6_segment,5,True,True,,-111.64687884255244,233.29375768510488,,,53.0,166.575397,finite_mle,joint_06836
BP,same_type_exponential_history;lr04_scaled;co2_scaled;mis6_segment;pre_phase_sin;pre_phase_cos,7,True,True,,-104.71487211241582,223.42974422483164,329.0823773771281,5.2425898577058625,53.0,166.575397,finite_mle,joint_06836
B_ecc,same_type_exponential_history;lr04_scaled;co2_scaled;mis6_segment;ecc_scaled,6,True,True,,-109.40486315258194,230.80972630516388,,,53.0,166.575397,finite_mle,joint_06836
BP_ecc,same_type_exponential_history;lr04_scaled;co2_scaled;mis6_segment;pre_phase_sin;pre_phase_cos;ecc_scaled,8,True,True,,-103.72060609861235,223.4412121972247,326.6425352975194,4.491897925213173,53.0,166.575397,finite_mle,joint_06836
B_obl,same_type_exponential_history;lr04_scaled;co2_scaled;mis6_segment;obl_scaled,6,True,True,,-111.55696500749337,235.11393001498675,,,53.0,166.575397,finite_mle,joint_06836
BP_obl,same_type_exponential_history;lr04_scaled;co2_scaled;mis6_segment;pre_phase_sin;pre_phase_cos;obl_scaled,8,True,True,,-103.68205002667978,223.36410005335955,328.7749493038484,6.302301936289183,53.0,166.575397,finite_mle,joint_06836
B_insol65n,same_type_exponential_history;lr04_scaled;co2_scaled;mis6_segment;insol65n_scaled,6,True,True,,-105.89718412165199,223.79436824330398,,,53.0,166.575397,finite_mle,joint_06836
BP_insol65n,same_type_exponential_history;lr04_scaled;co2_scaled;mis6_segment;pre_phase_sin;pre_phase_cos;insol65n_scaled,8,True,True,,-103.01794177101564,222.03588354203129,299.8502634821312,3.082841073643174,53.0,166.575397,finite_mle,joint_06836
B,same_type_exponential_history;lr04_scaled;co2_scaled;mis6_segment,5,True,True,,-110.41640362965698,230.83280725931397,,,53.0,162.43224200000003,finite_mle,joint_03935
BP,same_type_exponential_history;lr04_scaled;co2_scaled;mis6_segment;pre_phase_sin;pre_phase_cos,7,True,True,,-101.89484476668812,217.78968953337625,323.09550845045385,6.63820047724724,53.0,162.43224200000003,finite_mle,joint_03935
B_ecc,same_type_exponential_history;lr04_scaled;co2_scaled;mis6_segment;ecc_scaled,6,True,True,,-107.82075233242969,227.64150466485938,,,53.0,162.43224200000003,finite_mle,joint_03935
BP_ecc,same_type_exponential_history;lr04_scaled;co2_scaled;mis6_segment;pre_phase_sin;pre_phase_cos;ecc_scaled,8,True,True,,-100.61951688138734,217.23903376277468,320.8958773367541,5.661658144216123,53.0,162.43224200000003,finite_mle,joint_03935
B_obl,same_type_exponential_history;lr04_scaled;co2_scaled;mis6_segment;obl_scaled,6,True,True,,-110.29255276433977,232.58510552867955,,,53.0,162.43224200000003,finite_mle,joint_03935
BP_obl,same_type_exponential_history;lr04_scaled;co2_scaled;mis6_segment;pre_phase_sin;pre_phase_cos;obl_scaled,8,True,True,,-100.1532455085923,216.3064910171846,323.4381619908367,8.800256749542994,53.0,162.43224200000003,finite_mle,joint_03935
B_insol65n,same_type_exponential_history;lr04_scaled;co2_scaled;mis6_segment;insol65n_scaled,6,True,True,,-103.80303265159999,219.60606530319998,,,53.0,162.43224200000003,finite_mle,joint_03935
BP_insol65n,same_type_exponential_history;lr04_scaled;co2_scaled;mis6_segment;pre_phase_sin;pre_phase_cos;insol65n_scaled,8,True,True,,-99.11086856230528,214.22173712461057,287.7823465761853,4.078406533110572,53.0,162.43224200000003,finite_mle,joint_03935
B,same_type_exponential_history;lr04_scaled;co2_scaled;mis6_segment,5,True,True,,-110.79855077431436,231.59710154862873,,,53.0,163.12616500000001,finite_mle,joint_07458
BP,same_type_exponential_history;lr04_scaled;co2_scaled;mis6_segment;pre_phase_sin;pre_phase_cos,7,True,True,,-99.36804372534118,212.73608745068236,321.8716247631844,10.315680494044996,53.0,163.12616500000001,finite_mle,joint_07458
B_ecc,same_type_exponential_history;lr04_scaled;co2_scaled;mis6_segment;ecc_scaled,6,True,True,,-108.15573365627702,228.31146731255404,,,53.0,163.12616500000001,finite_mle,joint_07458
BP_ecc,same_type_exponential_history;lr04_scaled;co2_scaled;mis6_segment;pre_phase_sin;pre_phase_cos;ecc_scaled,8,True,True,,-98.23227487821495,212.4645497564299,320.51488651522607,8.917204702377331,53.0,163.12616500000001,finite_mle,joint_07458
B_obl,same_type_exponential_history;lr04_scaled;co2_scaled;mis6_segment;obl_scaled,6,True,True,,-110.79279963612873,233.58559927225747,,,53.0,163.12616500000001,finite_mle,joint_07458
BP_obl,same_type_exponential_history;lr04_scaled;co2_scaled;mis6_segment;pre_phase_sin;pre_phase_cos;obl_scaled,8,True,True,,-98.47436635569528,212.94873271139056,322.38546409691924,12.948962342330613,53.0,163.12616500000001,finite_mle,joint_07458
B_insol65n,same_type_exponential_history;lr04_scaled;co2_scaled;mis6_segment;insol65n_scaled,6,True,True,,-104.76806489748662,221.53612979497325,,,53.0,163.12616500000001,finite_mle,joint_07458
BP_insol65n,same_type_exponential_history;lr04_scaled;co2_scaled;mis6_segment;pre_phase_sin;pre_phase_cos;insol65n_scaled,8,True,True,,-97.94067745668791,211.88135491337582,303.60717984771964,6.7739264379655895,53.0,163.12616500000001,finite_mle,joint_07458
B,same_type_exponential_history;lr04_scaled;co2_scaled;mis6_segment,5,True,True,,-110.62052222471871,231.24104444943742,,,53.0,161.79483900000002,finite_mle,joint_05210
BP,same_type_exponential_history;lr04_scaled;co2_scaled;mis6_segment;pre_phase_sin;pre_phase_cos,7,True,True,,-102.41589877668636,218.83179755337272,315.4876200095518,6.317603960980719,53.0,161.79483900000002,finite_mle,joint_05210
B_ecc,same_type_exponential_history;lr04_scaled;co2_scaled;mis6_segment;ecc_scaled,6,True,True,,-107.99217548539761,227.98435097079522,,,53.0,161.79483900000002,finite_mle,joint_05210
BP_ecc,same_type_exponential_history;lr04_scaled;co2_scaled;mis6_segment;pre_phase_sin;pre_phase_cos;ecc_scaled,8,True,True,,-100.9169445514856,217.8338891029712,312.70752519428675,5.505532847623229,53.0,161.79483900000002,finite_mle,joint_05210
B_obl,same_type_exponential_history;lr04_scaled;co2_scaled;mis6_segment;obl_scaled,6,True,True,,-110.56757950614349,233.13515901228698,,,53.0,161.79483900000002,finite_mle,joint_05210
BP_obl,same_type_exponential_history;lr04_scaled;co2_scaled;mis6_segment;pre_phase_sin;pre_phase_cos;obl_scaled,8,True,True,,-101.28011670955854,218.56023341911708,316.4894071666675,7.658122304644468,53.0,161.79483900000002,finite_mle,joint_05210
B_insol65n,same_type_exponential_history;lr04_scaled;co2_scaled;mis6_segment;insol65n_scaled,6,True,True,,-106.00404450211704,224.00808900423408,,,53.0,161.79483900000002,finite_mle,joint_05210
BP_insol65n,same_type_exponential_history;lr04_scaled;co2_scaled;mis6_segment;pre_phase_sin;pre_phase_cos;insol65n_scaled,8,True,True,,-100.59078505682322,217.18157011364644,286.12127670300754,4.47050946612756,53.0,161.79483900000002,finite_mle,joint_05210
B,same_type_exponential_history;lr04_scaled;co2_scaled;mis6_segment,5,True,True,,-110.88828703297543,231.77657406595085,,,53.0,164.539557,finite_mle,joint_04419
BP,same_type_exponential_history;lr04_scaled;co2_scaled;mis6_segment;pre_phase_sin;pre_phase_cos,7,True,True,,-103.36082560111461,220.72165120222922,329.23894439293366,6.018065123901754,53.0,164.539557,finite_mle,joint_04419
B_ecc,same_type_exponential_history;lr04_scaled;co2_scaled;mis6_segment;ecc_scaled,6,True,True,,-109.0648043701631,230.1296087403262,,,53.0,164.539557,finite_mle,joint_04419
BP_ecc,same_type_exponential_history;lr04_scaled;co2_scaled;mis6_segment;pre_phase_sin;pre_phase_cos;ecc_scaled,8,True,True,,-102.66716497829579,221.33432995659157,327.98826270875105,5.281898378494405,53.0,164.539557,finite_mle,joint_04419
B_obl,same_type_exponential_history;lr04_scaled;co2_scaled;mis6_segment;obl_scaled,6,True,True,,-110.8681564718776,233.7363129437552,,,53.0,164.539557,finite_mle,joint_04419
BP_obl,same_type_exponential_history;lr04_scaled;co2_scaled;mis6_segment;pre_phase_sin;pre_phase_cos;obl_scaled,8,True,True,,-102.52897517570094,221.05795035140187,329.425739148009,7.238413894163675,53.0,164.539557,finite_mle,joint_04419
B_insol65n,same_type_exponential_history;lr04_scaled;co2_scaled;mis6_segment;insol65n_scaled,6,True,True,,-105.23464008632772,222.46928017265543,,,53.0,164.539557,finite_mle,joint_04419
BP_insol65n,same_type_exponential_history;lr04_scaled;co2_scaled;mis6_segment;pre_phase_sin;pre_phase_cos;insol65n_scaled,8,True,True,,-101.96827477176797,219.93654954353593,307.57354657183265,3.6266036786250124,53.0,164.539557,finite_mle,joint_04419
B,same_type_exponential_history;lr04_scaled;co2_scaled;mis6_segment,5,True,True,,-109.63225334944707,229.26450669889414,,,53.0,160.02224200000003,finite_mle,joint_01800
BP,same_type_exponential_history;lr04_scaled;co2_scaled;mis6_segment;pre_phase_sin;pre_phase_cos,7,True,True,,-99.13074218698395,212.2614843739679,313.67533366475965,9.036921411458824,53.0,160.02224200000003,finite_mle,joint_01800
B_ecc,same_type_exponential_history;lr04_scaled;co2_scaled;mis6_segment;ecc_scaled,6,True,True,,-107.5741707057696,227.1483414115392,,,53.0,160.02224200000003,finite_mle,joint_01800
BP_ecc,same_type_exponential_history;lr04_scaled;co2_scaled;mis6_segment;pre_phase_sin;pre_phase_cos;ecc_scaled,8,True,True,,-98.14029019701898,212.28058039403797,311.72346455727154,8.09101659755979,53.0,160.02224200000003,finite_mle,joint_01800
B_obl,same_type_exponential_history;lr04_scaled;co2_scaled;mis6_segment;obl_scaled,6,True,True,,-109.60470845004957,231.20941690009914,,,53.0,160.02224200000003,finite_mle,joint_01800
BP_obl,same_type_exponential_history;lr04_scaled;co2_scaled;mis6_segment;pre_phase_sin;pre_phase_cos;obl_scaled,8,True,True,,-97.53652945506269,211.07305891012538,314.8529481101227,12.21389231801202,53.0,160.02224200000003,finite_mle,joint_01800
B_insol65n,same_type_exponential_history;lr04_scaled;co2_scaled;mis6_segment;insol65n_scaled,6,True,True,,-104.66842470567643,221.33684941135286,,,53.0,160.02224200000003,finite_mle,joint_01800
BP_insol65n,same_type_exponential_history;lr04_scaled;co2_scaled;mis6_segment;pre_phase_sin;pre_phase_cos;insol65n_scaled,8,True,True,,-97.1942520794359,210.3885041588718,290.0522953812927,6.5999904147514785,53.0,160.02224200000003,finite_mle,joint_01800
B,same_type_exponential_history;lr04_scaled;co2_scaled;mis6_segment,5,True,True,,-110.89809413485341,231.79618826970682,,,53.0,163.76998000000003,finite_mle,joint_03204
BP,same_type_exponential_history;lr04_scaled;co2_scaled;mis6_segment;pre_phase_sin;pre_phase_cos,7,True,True,,-103.70723952675557,221.41447905351114,326.00691017522934,5.557635588750803,53.0,163.76998000000003,finite_mle,joint_03204
B_ecc,same_type_exponential_history;lr04_scaled;co2_scaled;mis6_segment;ecc_scaled,6,True,True,,-108.80776322271711,229.61552644543423,,,53.0,163.76998000000003,finite_mle,joint_03204
BP_ecc,same_type_exponential_history;lr04_scaled;co2_scaled;mis6_segment;pre_phase_sin;pre_phase_cos;ecc_scaled,8,True,True,,-102.80339876496785,221.6067975299357,324.2039775753977,4.834832867079999,53.0,163.76998000000003,finite_mle,joint_03204
B_obl,same_type_exponential_history;lr04_scaled;co2_scaled;mis6_segment;obl_scaled,6,True,True,,-110.88451953832347,233.76903907664695,,,53.0,163.76998000000003,finite_mle,joint_03204
BP_obl,same_type_exponential_history;lr04_scaled;co2_scaled;mis6_segment;pre_phase_sin;pre_phase_cos;obl_scaled,8,True,True,,-102.970163466009,221.940326932018,326.2980694853322,6.555665807188249,53.0,163.76998000000003,finite_mle,joint_03204
B_insol65n,same_type_exponential_history;lr04_scaled;co2_scaled;mis6_segment;insol65n_scaled,6,True,True,,-105.8445192062068,223.6890384124136,,,53.0,163.76998000000003,finite_mle,joint_03204
BP_insol65n,same_type_exponential_history;lr04_scaled;co2_scaled;mis6_segment;pre_phase_sin;pre_phase_cos;insol65n_scaled,8,True,True,,-102.44042556337129,220.88085112674258,303.1679967245322,3.5465749937060296,53.0,163.76998000000003,finite_mle,joint_03204
B,same_type_exponential_history;lr04_scaled;co2_scaled;mis6_segment,5,True,True,,-110.94402772541659,231.88805545083318,,,53.0,163.25981600000003,finite_mle,joint_09525
BP,same_type_exponential_history;lr04_scaled;co2_scaled;mis6_segment;pre_phase_sin;pre_phase_cos,7,True,True,,-103.31526673253796,220.63053346507593,315.09708154644306,5.879191849751343,53.0,163.25981600000003,finite_mle,joint_09525
B_ecc,same_type_exponential_history;lr04_scaled;co2_scaled;mis6_segment;ecc_scaled,6,True,True,,-107.66708260127392,227.33416520254784,,,53.0,163.25981600000003,finite_mle,joint_09525
BP_ecc,same_type_exponential_history;lr04_scaled;co2_scaled;mis6_segment;pre_phase_sin;pre_phase_cos;ecc_scaled,8,True,True,,-101.43692672159659,218.87385344319318,311.1669441632659,4.940756659849124,53.0,163.25981600000003,finite_mle,joint_09525
B_obl,same_type_exponential_history;lr04_scaled;co2_scaled;mis6_segment;obl_scaled,6,True,True,,-110.74775255244529,233.49550510489058,,,53.0,163.25981600000003,finite_mle,joint_09525
BP_obl,same_type_exponential_history;lr04_scaled;co2_scaled;mis6_segment;pre_phase_sin;pre_phase_cos;obl_scaled,8,True,True,,-101.69952510925867,219.39905021851735,316.2308481085438,7.446589131145483,53.0,163.25981600000003,finite_mle,joint_09525
B_insol65n,same_type_exponential_history;lr04_scaled;co2_scaled;mis6_segment;insol65n_scaled,6,True,True,,-105.82210794210425,223.6442158842085,,,53.0,163.25981600000003,finite_mle,joint_09525
BP_insol65n,same_type_exponential_history;lr04_scaled;co2_scaled;mis6_segment;pre_phase_sin;pre_phase_cos;insol65n_scaled,8,True,True,,-100.80712682200932,217.61425364401865,278.4744791719465,4.196660483115619,53.0,163.25981600000003,finite_mle,joint_09525
B,same_type_exponential_history;lr04_scaled;co2_scaled;mis6_segment,5,True,True,,-111.26524581567418,232.53049163134835,,,53.0,162.86320400000005,finite_mle,joint_03740
BP,same_type_exponential_history;lr04_scaled;co2_scaled;mis6_segment;pre_phase_sin;pre_phase_cos,7,True,True,,-104.5910906516327,223.1821813032654,323.1735766650531,5.074073607467075,53.0,162.86320400000005,finite_mle,joint_03740
B_ecc,same_type_exponential_history;lr04_scaled;co2_scaled;mis6_segment;ecc_scaled,6,True,True,,-108.59445410838714,229.18890821677428,,,53.0,162.86320400000005,finite_mle,joint_03740
BP_ecc,same_type_exponential_history;lr04_scaled;co2_scaled;mis6_segment;pre_phase_sin;pre_phase_cos;ecc_scaled,8,True,True,,-103.0673803587113,222.1347607174226,320.9360837547474,4.330454662917889,53.0,162.86320400000005,finite_mle,joint_03740
B_obl,same_type_exponential_history;lr04_scaled;co2_scaled;mis6_segment;obl_scaled,6,True,True,,-111.1816175629896,234.3632351259792,,,53.0,162.86320400000005,finite_mle,joint_03740
BP_obl,same_type_exponential_history;lr04_scaled;co2_scaled;mis6_segment;pre_phase_sin;pre_phase_cos;obl_scaled,8,True,True,,-103.53285934253032,223.06571868506063,323.9475745247599,6.039356159859034,53.0,162.86320400000005,finite_mle,joint_03740
B_insol65n,same_type_exponential_history;lr04_scaled;co2_scaled;mis6_segment;insol65n_scaled,6,True,True,,-105.8756707543703,223.7513415087406,,,53.0,162.86320400000005,finite_mle,joint_03740
BP_insol65n,same_type_exponential_history;lr04_scaled;co2_scaled;mis6_segment;pre_phase_sin;pre_phase_cos;insol65n_scaled,8,True,True,,-102.40643703316161,220.81287406632322,286.1094703025329,3.202189295158879,53.0,162.86320400000005,finite_mle,joint_03740
B,same_type_exponential_history;lr04_scaled;co2_scaled;mis6_segment,5,True,True,,-111.15694245503119,232.31388491006237,,,53.0,166.30598300000003,finite_mle,joint_07755
BP,same_type_exponential_history;lr04_scaled;co2_scaled;mis6_segment;pre_phase_sin;pre_phase_cos,7,True,True,,-104.33945996512902,222.67891993025805,344.1178070139108,5.298719914897204,53.0,166.30598300000003,finite_mle,joint_07755
B_ecc,same_type_exponential_history;lr04_scaled;co2_scaled;mis6_segment;ecc_scaled,6,True,True,,-110.55742862331476,233.11485724662953,,,53.0,166.30598300000003,finite_mle,joint_07755
BP_ecc,same_type_exponential_history;lr04_scaled;co2_scaled;mis6_segment;pre_phase_sin;pre_phase_cos;ecc_scaled,8,True,True,,-104.29558809837195,224.5911761967439,344.06536402801476,5.10470175565357,53.0,166.30598300000003,finite_mle,joint_07755
B_obl,same_type_exponential_history;lr04_scaled;co2_scaled;mis6_segment;obl_scaled,6,True,True,,-111.15467026600749,234.30934053201497,,,53.0,166.30598300000003,finite_mle,joint_07755
BP_obl,same_type_exponential_history;lr04_scaled;co2_scaled;mis6_segment;pre_phase_sin;pre_phase_cos;obl_scaled,8,True,True,,-103.98693734078995,223.9738746815799,343.442732456396,5.9376649825032795,53.0,166.30598300000003,finite_mle,joint_07755
B_insol65n,same_type_exponential_history;lr04_scaled;co2_scaled;mis6_segment;insol65n_scaled,6,True,True,,-105.66203780146427,223.32407560292853,,,53.0,166.30598300000003,finite_mle,joint_07755
BP_insol65n,same_type_exponential_history;lr04_scaled;co2_scaled;mis6_segment;pre_phase_sin;pre_phase_cos;insol65n_scaled,8,True,True,,-103.62335976986594,223.24671953973188,333.97387418173935,3.238635695754296,53.0,166.30598300000003,finite_mle,joint_07755
B,same_type_exponential_history;lr04_scaled;co2_scaled;mis6_segment,5,True,True,,-111.14043267165916,232.2808653433183,,,53.0,164.946242,finite_mle,joint_09348
BP,same_type_exponential_history;lr04_scaled;co2_scaled;mis6_segment;pre_phase_sin;pre_phase_cos,7,True,True,,-103.0308441549854,220.0616883099708,320.66076978332603,6.231011185071149,53.0,164.946242,finite_mle,joint_09348
B_ecc,same_type_exponential_history;lr04_scaled;co2_scaled;mis6_segment;ecc_scaled,6,True,True,,-108.51388773785668,229.02777547571336,,,53.0,164.946242,finite_mle,joint_09348
BP_ecc,same_type_exponential_history;lr04_scaled;co2_scaled;mis6_segment;pre_phase_sin;pre_phase_cos;ecc_scaled,8,True,True,,-101.58741211334258,219.17482422668516,318.05108058997376,5.364141102856502,53.0,164.946242,finite_mle,joint_09348
B_obl,same_type_exponential_history;lr04_scaled;co2_scaled;mis6_segment;obl_scaled,6,True,True,,-110.99290368816264,233.98580737632528,,,53.0,164.946242,finite_mle,joint_09348
BP_obl,same_type_exponential_history;lr04_scaled;co2_scaled;mis6_segment;pre_phase_sin;pre_phase_cos;obl_scaled,8,True,True,,-101.49642377097265,218.9928475419453,321.31238865081104,7.858188602216756,53.0,164.946242,finite_mle,joint_09348
B_insol65n,same_type_exponential_history;lr04_scaled;co2_scaled;mis6_segment;insol65n_scaled,6,True,True,,-105.89522706347482,223.79045412694964,,,53.0,164.946242,finite_mle,joint_09348
BP_insol65n,same_type_exponential_history;lr04_scaled;co2_scaled;mis6_segment;pre_phase_sin;pre_phase_cos;insol65n_scaled,8,True,True,,-101.40716199904435,218.8143239980887,294.76188817140974,4.0906602813648165,53.0,164.946242,finite_mle,joint_09348
B,same_type_exponential_history;lr04_scaled;co2_scaled;mis6_segment,5,True,True,,-111.18086365292493,232.36172730584985,,,53.0,167.46260200000006,finite_mle,joint_08504
BP,same_type_exponential_history;lr04_scaled;co2_scaled;mis6_segment;pre_phase_sin;pre_phase_cos,7,True,True,,-105.88673090533052,225.77346181066105,337.41976101217836,4.139375267191402,53.0,167.46260200000006,finite_mle,joint_08504
B_ecc,same_type_exponential_history;lr04_scaled;co2_scaled;mis6_segment;ecc_scaled,6,True,True,,-110.18816515091842,232.37633030183684,,,53.0,167.46260200000006,finite_mle,joint_08504
BP_ecc,same_type_exponential_history;lr04_scaled;co2_scaled;mis6_segment;pre_phase_sin;pre_phase_cos;ecc_scaled,8,True,True,,-105.58544460243246,227.17088920486492,336.61783493671675,3.8188020018303166,53.0,167.46260200000006,finite_mle,joint_08504
B_obl,same_type_exponential_history;lr04_scaled;co2_scaled;mis6_segment;obl_scaled,6,True,True,,-111.10009113301203,234.20018226602406,,,53.0,167.46260200000006,finite_mle,joint_08504
BP_obl,same_type_exponential_history;lr04_scaled;co2_scaled;mis6_segment;pre_phase_sin;pre_phase_cos;obl_scaled,8,True,True,,-105.07043322519525,226.1408664503905,336.7493261134373,4.890503175583324,53.0,167.46260200000006,finite_mle,joint_08504
B_insol65n,same_type_exponential_history;lr04_scaled;co2_scaled;mis6_segment;insol65n_scaled,6,True,True,,-106.78386571368213,225.56773142736427,,,53.0,167.46260200000006,finite_mle,joint_08504
BP_insol65n,same_type_exponential_history;lr04_scaled;co2_scaled;mis6_segment;pre_phase_sin;pre_phase_cos;insol65n_scaled,8,True,True,,-105.11677741914623,226.23355483829246,320.89622076781205,2.6045514519610378,53.0,167.46260200000006,finite_mle,joint_08504
B,same_type_exponential_history;lr04_scaled;co2_scaled;mis6_segment,5,True,True,,-111.42386058210842,232.84772116421684,,,53.0,165.67417800000004,finite_mle,joint_02413
BP,same_type_exponential_history;lr04_scaled;co2_scaled;mis6_segment;pre_phase_sin;pre_phase_cos,7,True,True,,-103.75519479323182,221.51038958646365,327.330334013869,5.829162531568929,53.0,165.67417800000004,finite_mle,joint_02413
B_ecc,same_type_exponential_history;lr04_scaled;co2_scaled;mis6_segment;ecc_scaled,6,True,True,,-109.69837299560086,231.39674599120173,,,53.0,165.67417800000004,finite_mle,joint_02413
BP_ecc,same_type_exponential_history;lr04_scaled;co2_scaled;mis6_segment;pre_phase_sin;pre_phase_cos;ecc_scaled,8,True,True,,-103.1782682537554,222.3565365075108,325.810957433953,5.1659321748206475,53.0,165.67417800000004,finite_mle,joint_02413
B_obl,same_type_exponential_history;lr04_scaled;co2_scaled;mis6_segment;obl_scaled,6,True,True,,-111.41434778757286,234.82869557514573,,,53.0,165.67417800000004,finite_mle,joint_02413
BP_obl,same_type_exponential_history;lr04_scaled;co2_scaled;mis6_segment;pre_phase_sin;pre_phase_cos;obl_scaled,8,True,True,,-103.00400928562624,222.00801857125248,327.4214876321708,6.915340948514007,53.0,165.67417800000004,finite_mle,joint_02413
B_insol65n,same_type_exponential_history;lr04_scaled;co2_scaled;mis6_segment;insol65n_scaled,6,True,True,,-105.3596791952528,222.7193583905056,,,53.0,165.67417800000004,finite_mle,joint_02413
BP_insol65n,same_type_exponential_history;lr04_scaled;co2_scaled;mis6_segment;pre_phase_sin;pre_phase_cos;insol65n_scaled,8,True,True,,-101.86105522071013,219.72211044142026,298.60105854431714,3.5019871642442486,53.0,165.67417800000004,finite_mle,joint_02413
B,same_type_exponential_history;lr04_scaled;co2_scaled;mis6_segment,5,True,True,,-110.50588624186045,231.0117724837209,,,53.0,165.802769,finite_mle,joint_01235
BP,same_type_exponential_history;lr04_scaled;co2_scaled;mis6_segment;pre_phase_sin;pre_phase_cos,7,True,True,,-102.47859141121745,218.9571828224349,330.373295664705,6.2859367595200055,53.0,165.802769,finite_mle,joint_01235
B_ecc,same_type_exponential_history;lr04_scaled;co2_scaled;mis6_segment;ecc_scaled,6,True,True,,-109.29514422517784,230.59028845035567,,,53.0,165.802769,finite_mle,joint_01235
BP_ecc,same_type_exponential_history;lr04_scaled;co2_scaled;mis6_segment;pre_phase_sin;pre_phase_cos;ecc_scaled,8,True,True,,-102.19308628301573,220.38617256603146,329.4680284099532,5.754545132928768,53.0,165.802769,finite_mle,joint_01235
B_obl,same_type_exponential_history;lr04_scaled;co2_scaled;mis6_segment;obl_scaled,6,True,True,,-110.50585573478611,233.01171146957222,,,53.0,165.802769,finite_mle,joint_01235
BP_obl,same_type_exponential_history;lr04_scaled;co2_scaled;mis6_segment;pre_phase_sin;pre_phase_cos;obl_scaled,8,True,True,,-101.90424766344009,219.80849532688018,330.5271855672272,7.297373880330503,53.0,165.802769,finite_mle,joint_01235
B_insol65n,same_type_exponential_history;lr04_scaled;co2_scaled;mis6_segment;insol65n_scaled,6,True,True,,-104.9060875345863,221.8121750691726,,,53.0,165.802769,finite_mle,joint_01235
BP_insol65n,same_type_exponential_history;lr04_scaled;co2_scaled;mis6_segment;pre_phase_sin;pre_phase_cos;insol65n_scaled,8,True,True,,-101.4534413123965,218.906882624793,313.9754829204308,3.9370879316590224,53.0,165.802769,finite_mle,joint_01235
B,same_type_exponential_history;lr04_scaled;co2_scaled;mis6_segment,5,True,True,,-111.27406370729184,232.5481274145837,,,53.0,167.23680200000004,finite_mle,joint_03453
BP,same_type_exponential_history;lr04_scaled;co2_scaled;mis6_segment;pre_phase_sin;pre_phase_cos,7,True,True,,-102.99225242762687,219.98450485525373,338.84148039013644,6.591329078146007,53.0,167.23680200000004,finite_mle,joint_03453
B_ecc,same_type_exponential_history;lr04_scaled;co2_scaled;mis6_segment;ecc_scaled,6,True,True,,-110.26953731939554,232.53907463879108,,,53.0,167.23680200000004,finite_mle,joint_03453
BP_ecc,same_type_exponential_history;lr04_scaled;co2_scaled;mis6_segment;pre_phase_sin;pre_phase_cos;ecc_scaled,8,True,True,,-102.83846544462764,221.6769308892553,338.52174858326987,6.13380882583043,53.0,167.23680200000004,finite_mle,joint_03453
B_obl,same_type_exponential_history;lr04_scaled;co2_scaled;mis6_segment;obl_scaled,6,True,True,,-111.27108556125646,234.5421711225129,,,53.0,167.23680200000004,finite_mle,joint_03453
BP_obl,same_type_exponential_history;lr04_scaled;co2_scaled;mis6_segment;pre_phase_sin;pre_phase_cos;obl_scaled,8,True,True,,-102.35831081151576,220.71662162303153,338.3754474356014,7.73686268667257,53.0,167.23680200000004,finite_mle,joint_03453
B_insol65n,same_type_exponential_history;lr04_scaled;co2_scaled;mis6_segment;insol65n_scaled,6,True,True,,-104.18204767408483,220.36409534816966,,,53.0,167.23680200000004,finite_mle,joint_03453
BP_insol65n,same_type_exponential_history;lr04_scaled;co2_scaled;mis6_segment;pre_phase_sin;pre_phase_cos;insol65n_scaled,8,True,True,,-101.55089356031576,219.1017871206315,321.79784278464393,3.5203924736793715,53.0,167.23680200000004,finite_mle,joint_03453
B,same_type_exponential_history;lr04_scaled;co2_scaled;mis6_segment,5,True,True,,-110.86525599907823,231.73051199815646,,,53.0,162.86762000000004,finite_mle,joint_00468
BP,same_type_exponential_history;lr04_scaled;co2_scaled;mis6_segment;pre_phase_sin;pre_phase_cos,7,True,True,,-100.76243545489538,215.52487090979076,314.5615566266309,8.24101858199498,53.0,162.86762000000004,finite_mle,joint_00468
B_ecc,same_type_exponential_history;lr04_scaled;co2_scaled;mis6_segment;ecc_scaled,6,True,True,,-108.77545888478753,229.55091776957505,,,53.0,162.86762000000004,finite_mle,joint_00468
BP_ecc,same_type_exponential_history;lr04_scaled;co2_scaled;mis6_segment;pre_phase_sin;pre_phase_cos;ecc_scaled,8,True,True,,-99.86688294929762,215.73376589859524,312.8062274397632,7.321881519545866,53.0,162.86762000000004,finite_mle,joint_00468
B_obl,same_type_exponential_history;lr04_scaled;co2_scaled;mis6_segment;obl_scaled,6,True,True,,-110.8649964798031,233.7299929596062,,,53.0,162.86762000000004,finite_mle,joint_00468
BP_obl,same_type_exponential_history;lr04_scaled;co2_scaled;mis6_segment;pre_phase_sin;pre_phase_cos;obl_scaled,8,True,True,,-100.01115273482122,216.02230546964245,315.57420933716,9.77453043276335,53.0,162.86762000000004,finite_mle,joint_00468
B_insol65n,same_type_exponential_history;lr04_scaled;co2_scaled;mis6_segment;insol65n_scaled,6,True,True,,-106.35033521259236,224.7006704251847,,,53.0,162.86762000000004,finite_mle,joint_00468
BP_insol65n,same_type_exponential_history;lr04_scaled;co2_scaled;mis6_segment;pre_phase_sin;pre_phase_cos;insol65n_scaled,8,True,True,,-99.57846579277188,215.15693158554376,295.9265353409237,6.017886657630077,53.0,162.86762000000004,finite_mle,joint_00468
B,same_type_exponential_history;lr04_scaled;co2_scaled;mis6_segment,5,True,True,,-110.1902989947801,230.3805979895602,,,53.0,162.320208,finite_mle,joint_04382
BP,same_type_exponential_history;lr04_scaled;co2_scaled;mis6_segment;pre_phase_sin;pre_phase_cos,7,True,True,,-102.19172381632598,218.38344763265195,320.26416855213347,6.28923683533907,53.0,162.320208,finite_mle,joint_04382
B_ecc,same_type_exponential_history;lr04_scaled;co2_scaled;mis6_segment;ecc_scaled,6,True,True,,-108.05614909473267,228.11229818946535,,,53.0,162.320208,finite_mle,joint_04382
BP_ecc,same_type_exponential_history;lr04_scaled;co2_scaled;mis6_segment;pre_phase_sin;pre_phase_cos;ecc_scaled,8,True,True,,-101.01693136126599,218.03386272253198,317.81612108804916,5.546676947663466,53.0,162.320208,finite_mle,joint_04382
B_obl,same_type_exponential_history;lr04_scaled;co2_scaled;mis6_segment;obl_scaled,6,True,True,,-110.12714721781367,232.25429443562734,,,53.0,162.320208,finite_mle,joint_04382
BP_obl,same_type_exponential_history;lr04_scaled;co2_scaled;mis6_segment;pre_phase_sin;pre_phase_cos;obl_scaled,8,True,True,,-100.8644823983384,217.7289647966768,320.83309412087607,7.881263446246828,53.0,162.320208,finite_mle,joint_04382
B_insol65n,same_type_exponential_history;lr04_scaled;co2_scaled;mis6_segment;insol65n_scaled,6,True,True,,-105.15955800018078,222.31911600036156,,,53.0,162.320208,finite_mle,joint_04382
BP_insol65n,same_type_exponential_history;lr04_scaled;co2_scaled;mis6_segment;pre_phase_sin;pre_phase_cos;insol65n_scaled,8,True,True,,-100.47330155704498,216.94660311408995,293.7716973736376,4.176408245537187,53.0,162.320208,finite_mle,joint_04382
B,same_type_exponential_history;lr04_scaled;co2_scaled;mis6_segment,5,True,True,,-111.05298543638298,232.10597087276597,,,53.0,164.77171700000002,finite_mle,joint_07696
BP,same_type_exponential_history;lr04_scaled;co2_scaled;mis6_segment;pre_phase_sin;pre_phase_cos,7,True,True,,-104.54186575939137,223.08373151878274,320.5126767341931,4.931717383824758,53.0,164.77171700000002,finite_mle,joint_07696
B_ecc,same_type_exponential_history;lr04_scaled;co2_scaled;mis6_segment;ecc_scaled,6,True,True,,-108.2191382611429,228.4382765222858,,,53.0,164.77171700000002,finite_mle,joint_07696
BP_ecc,same_type_exponential_history;lr04_scaled;co2_scaled;mis6_segment;pre_phase_sin;pre_phase_cos;ecc_scaled,8,True,True,,-103.10682548679367,222.21365097358733,316.40830069772306,4.13258796956867,53.0,164.77171700000002,finite_mle,joint_07696
B_obl,same_type_exponential_history;lr04_scaled;co2_scaled;mis6_segment;obl_scaled,6,True,True,,-110.76861527844977,233.53723055689954,,,53.0,164.77171700000002,finite_mle,joint_07696
BP_obl,same_type_exponential_history;lr04_scaled;co2_scaled;mis6_segment;pre_phase_sin;pre_phase_cos;obl_scaled,8,True,True,,-102.91496288498374,221.82992576996747,320.95934626873725,6.252388307127965,53.0,164.77171700000002,finite_mle,joint_07696
B_insol65n,same_type_exponential_history;lr04_scaled;co2_scaled;mis6_segment;insol65n_scaled,6,True,True,,-105.5933282585749,223.1866565171498,,,53.0,164.77171700000002,finite_mle,joint_07696
BP_insol65n,same_type_exponential_history;lr04_scaled;co2_scaled;mis6_segment;pre_phase_sin;pre_phase_cos;insol65n_scaled,8,True,True,,-101.9850396886741,219.9700793773482,277.3329114071198,3.3125613482343272,53.0,164.77171700000002,finite_mle,joint_07696
B,same_type_exponential_history;lr04_scaled;co2_scaled;mis6_segment,5,True,True,,-111.48563926101683,232.97127852203366,,,53.0,168.57854400000002,finite_mle,joint_03691
BP,same_type_exponential_history;lr04_scaled;co2_scaled;mis6_segment;pre_phase_sin;pre_phase_cos,7,True,True,,-104.91596872597827,223.83193745195655,335.804300562757,5.138176268027194,53.0,168.57854400000002,finite_mle,joint_03691
B_ecc,same_type_exponential_history;lr04_scaled;co2_scaled;mis6_segment;ecc_scaled,6,True,True,,-110.39815708348148,232.79631416696296,,,53.0,168.57854400000002,finite_mle,joint_03691
BP_ecc,same_type_exponential_history;lr04_scaled;co2_scaled;mis6_segment;pre_phase_sin;pre_phase_cos;ecc_scaled,8,True,True,,-104.66037027853503,225.32074055707005,334.94882065765654,4.747581968298075,53.0,168.57854400000002,finite_mle,joint_03691
B_obl,same_type_exponential_history;lr04_scaled;co2_scaled;mis6_segment;obl_scaled,6,True,True,,-111.47558437173097,234.95116874346195,,,53.0,168.57854400000002,finite_mle,joint_03691
BP_obl,same_type_exponential_history;lr04_scaled;co2_scaled;mis6_segment;pre_phase_sin;pre_phase_cos;obl_scaled,8,True,True,,-104.40754966728805,224.8150993345761,335.430797500223,5.85734348470437,53.0,168.57854400000002,finite_mle,joint_03691
B_insol65n,same_type_exponential_history;lr04_scaled;co2_scaled;mis6_segment;insol65n_scaled,6,True,True,,-106.61640757690266,225.23281515380532,,,53.0,168.57854400000002,finite_mle,joint_03691
BP_insol65n,same_type_exponential_history;lr04_scaled;co2_scaled;mis6_segment;pre_phase_sin;pre_phase_cos;insol65n_scaled,8,True,True,,-104.23780459638607,224.47560919277214,322.30867564552096,3.2856002094298495,53.0,168.57854400000002,finite_mle,joint_03691
B,same_type_exponential_history;lr04_scaled;co2_scaled;mis6_segment,5,True,True,,-111.26426145614627,232.52852291229254,,,53.0,168.14525000000003,finite_mle,joint_02633
BP,same_type_exponential_history;lr04_scaled;co2_scaled;mis6_segment;pre_phase_sin;pre_phase_cos,7,True,True,,-105.24680823560308,224.49361647120617,330.0015442289868,4.59066618328917,53.0,168.14525000000003,finite_mle,joint_02633
B_ecc,same_type_exponential_history;lr04_scaled;co2_scaled;mis6_segment;ecc_scaled,6,True,True,,-109.18705482698621,230.37410965397243,,,53.0,168.14525000000003,finite_mle,joint_02633
BP_ecc,same_type_exponential_history;lr04_scaled;co2_scaled;mis6_segment;pre_phase_sin;pre_phase_cos;ecc_scaled,8,True,True,,-104.30456365676477,224.60912731352954,327.2912554712304,4.003760259770737,53.0,168.14525000000003,finite_mle,joint_02633
B_obl,same_type_exponential_history;lr04_scaled;co2_scaled;mis6_segment;obl_scaled,6,True,True,,-111.26125457444431,234.52250914888862,,,53.0,168.14525000000003,finite_mle,joint_02633
BP_obl,same_type_exponential_history;lr04_scaled;co2_scaled;mis6_segment;pre_phase_sin;pre_phase_cos;obl_scaled,8,True,True,,-104.84434713036724,225.68869426073448,329.64833948742,5.108710446900005,53.0,168.14525000000003,finite_mle,joint_02633
B_insol65n,same_type_exponential_history;lr04_scaled;co2_scaled;mis6_segment;insol65n_scaled,6,True,True,,-107.13286552094523,226.26573104189046,,,53.0,168.14525000000003,finite_mle,joint_02633
BP_insol65n,same_type_exponential_history;lr04_scaled;co2_scaled;mis6_segment;pre_phase_sin;pre_phase_cos;insol65n_scaled,8,True,True,,-104.59095948968802,225.18191897937604,313.0784310441588,3.1034618946684,53.0,168.14525000000003,finite_mle,joint_02633
B,same_type_exponential_history;lr04_scaled;co2_scaled;mis6_segment,5,True,True,,-110.3266849133922,230.6533698267844,,,53.0,161.45952900000003,finite_mle,joint_09160
BP,same_type_exponential_history;lr04_scaled;co2_scaled;mis6_segment;pre_phase_sin;pre_phase_cos,7,True,True,,-101.06859931751559,216.13719863503118,317.68607289577307,7.50156155300964,53.0,161.45952900000003,finite_mle,joint_09160
B_ecc,same_type_exponential_history;lr04_scaled;co2_scaled;mis6_segment;ecc_scaled,6,True,True,,-107.88153539280145,227.7630707856029,,,53.0,161.45952900000003,finite_mle,joint_09160
BP_ecc,same_type_exponential_history;lr04_scaled;co2_scaled;mis6_segment;pre_phase_sin;pre_phase_cos;ecc_scaled,8,True,True,,-99.8155005036669,215.6310010073338,315.7933457297164,6.602000890785587,53.0,161.45952900000003,finite_mle,joint_09160
B_obl,same_type_exponential_history;lr04_scaled;co2_scaled;mis6_segment;obl_scaled,6,True,True,,-110.27328893076466,232.54657786152933,,,53.0,161.45952900000003,finite_mle,joint_09160
BP_obl,same_type_exponential_history;lr04_scaled;co2_scaled;mis6_segment;pre_phase_sin;pre_phase_cos;obl_scaled,8,True,True,,-99.3911094605696,214.7822189211392,318.69709643653835,10.339384794351616,53.0,161.45952900000003,finite_mle,joint_09160
B_insol65n,same_type_exponential_history;lr04_scaled;co2_scaled;mis6_segment;insol65n_scaled,6,True,True,,-105.08017544486181,222.16035088972362,,,53.0,161.45952900000003,finite_mle,joint_09160
BP_insol65n,same_type_exponential_history;lr04_scaled;co2_scaled;mis6_segment;pre_phase_sin;pre_phase_cos;insol65n_scaled,8,True,True,,-99.02568783957585,214.0513756791517,290.62402988181873,5.216140158758507,53.0,161.45952900000003,finite_mle,joint_09160
B,same_type_exponential_history;lr04_scaled;co2_scaled;mis6_segment,5,True,True,,-110.92202474492834,231.84404948985667,,,53.0,163.48292700000002,finite_mle,joint_00709
BP,same_type_exponential_history;lr04_scaled;co2_scaled;mis6_segment;pre_phase_sin;pre_phase_cos,7,True,True,,-102.53688954244171,219.07377908488343,327.29502885735485,6.509222086319312,53.0,163.48292700000002,finite_mle,joint_00709
B_ecc,same_type_exponential_history;lr04_scaled;co2_scaled;mis6_segment;ecc_scaled,6,True,True,,-108.67721867868133,229.35443735736266,,,53.0,163.48292700000002,finite_mle,joint_00709
BP_ecc,same_type_exponential_history;lr04_scaled;co2_scaled;mis6_segment;pre_phase_sin;pre_phase_cos;ecc_scaled,8,True,True,,-101.69287914991662,219.38575829983324,325.8066689493905,5.610377140053244,53.0,163.48292700000002,finite_mle,joint_00709
B_obl,same_type_exponential_history;lr04_scaled;co2_scaled;mis6_segment;obl_scaled,6,True,True,,-110.92176782484225,233.8435356496845,,,53.0,163.48292700000002,finite_mle,joint_00709
BP_obl,same_type_exponential_history;lr04_scaled;co2_scaled;mis6_segment;pre_phase_sin;pre_phase_cos;obl_scaled,8,True,True,,-101.87943537945893,219.75887075891785,327.4144881333898,7.656744018389781,53.0,163.48292700000002,finite_mle,joint_00709
B_insol65n,same_type_exponential_history;lr04_scaled;co2_scaled;mis6_segment;insol65n_scaled,6,True,True,,-104.99387566307942,221.98775132615884,,,53.0,163.48292700000002,finite_mle,joint_00709
BP_insol65n,same_type_exponential_history;lr04_scaled;co2_scaled;mis6_segment;pre_phase_sin;pre_phase_cos;insol65n_scaled,8,True,True,,-100.99196280210028,217.98392560420055,303.29415782180826,3.964232546704667,53.0,163.48292700000002,finite_mle,joint_00709
B,same_type_exponential_history;lr04_scaled;co2_scaled;mis6_segment,5,True,True,,-111.79255238213305,233.5851047642661,,,53.0,164.99860800000005,finite_mle,joint_02934
BP,same_type_exponential_history;lr04_scaled;co2_scaled;mis6_segment;pre_phase_sin;pre_phase_cos,7,True,True,,-102.122071092466,218.244142184932,331.9780351958159,8.195722675854148,53.0,164.99860800000005,finite_mle,joint_02934
B_ecc,same_type_exponential_history;lr04_scaled;co2_scaled;mis6_segment;ecc_scaled,6,True,True,,-108.92524688231329,229.85049376462658,,,53.0,164.99860800000005,finite_mle,joint_02934
BP_ecc,same_type_exponential_history;lr04_scaled;co2_scaled;mis6_segment;pre_phase_sin;pre_phase_cos;ecc_scaled,8,True,True,,-100.82430543813912,217.64861087627824,330.3124006973669,6.854785177740635,53.0,164.99860800000005,finite_mle,joint_02934
B_obl,same_type_exponential_history;lr04_scaled;co2_scaled;mis6_segment;obl_scaled,6,True,True,,-111.7609287384687,235.5218574769374,,,53.0,164.99860800000005,finite_mle,joint_02934
BP_obl,same_type_exponential_history;lr04_scaled;co2_scaled;mis6_segment;pre_phase_sin;pre_phase_cos;obl_scaled,8,True,True,,-100.87407571281949,217.74815142563898,331.54202933817174,10.59918638011912,53.0,164.99860800000005,finite_mle,joint_02934
B_insol65n,same_type_exponential_history;lr04_scaled;co2_scaled;mis6_segment;insol65n_scaled,6,True,True,,-103.44032581493175,218.8806516298635,,,53.0,164.99860800000005,finite_mle,joint_02934
BP_insol65n,same_type_exponential_history;lr04_scaled;co2_scaled;mis6_segment;pre_phase_sin;pre_phase_cos;insol65n_scaled,8,True,True,,-99.42442843054775,214.8488568610955,303.5050779858885,4.1603784325345154,53.0,164.99860800000005,finite_mle,joint_02934
B,same_type_exponential_history;lr04_scaled;co2_scaled;mis6_segment,5,True,True,,-110.84710686611186,231.69421373222372,,,53.0,163.89851800000005,finite_mle,joint_04903
BP,same_type_exponential_history;lr04_scaled;co2_scaled;mis6_segment;pre_phase_sin;pre_phase_cos,7,True,True,,-102.55633591206569,219.11267182413138,318.85134485711404,6.399415195661716,53.0,163.89851800000005,finite_mle,joint_04903
B_ecc,same_type_exponential_history;lr04_scaled;co2_scaled;mis6_segment;ecc_scaled,6,True,True,,-108.49999523728401,228.99999047456802,,,53.0,163.89851800000005,finite_mle,joint_04903
BP_ecc,same_type_exponential_history;lr04_scaled;co2_scaled;mis6_segment;pre_phase_sin;pre_phase_cos;ecc_scaled,8,True,True,,-101.48266799492198,218.96533598984396,316.25296303196114,5.52524613086962,53.0,163.89851800000005,finite_mle,joint_04903
B_obl,same_type_exponential_history;lr04_scaled;co2_scaled;mis6_segment;obl_scaled,6,True,True,,-110.68324213044144,233.36648426088288,,,53.0,163.89851800000005,finite_mle,joint_04903
BP_obl,same_type_exponential_history;lr04_scaled;co2_scaled;mis6_segment;pre_phase_sin;pre_phase_cos;obl_scaled,8,True,True,,-100.90816920036761,217.81633840073522,320.01972084166823,8.242876237962351,53.0,163.89851800000005,finite_mle,joint_04903
B_insol65n,same_type_exponential_history;lr04_scaled;co2_scaled;mis6_segment;insol65n_scaled,6,True,True,,-104.80900278163716,221.61800556327432,,,53.0,163.89851800000005,finite_mle,joint_04903
BP_insol65n,same_type_exponential_history;lr04_scaled;co2_scaled;mis6_segment;pre_phase_sin;pre_phase_cos;insol65n_scaled,8,True,True,,-99.92445302284176,215.84890604568352,284.16375380004024,4.209604988992101,53.0,163.89851800000005,finite_mle,joint_04903
B,same_type_exponential_history;lr04_scaled;co2_scaled;mis6_segment,5,True,True,,-111.54874790781007,233.09749581562014,,,53.0,168.19722600000006,finite_mle,joint_09534
BP,same_type_exponential_history;lr04_scaled;co2_scaled;mis6_segment;pre_phase_sin;pre_phase_cos,7,True,True,,-104.58059285414416,223.16118570828831,338.09290039844984,5.268384020365901,53.0,168.19722600000006,finite_mle,joint_09534
B_ecc,same_type_exponential_history;lr04_scaled;co2_scaled;mis6_segment;ecc_scaled,6,True,True,,-110.12950894807639,232.25901789615278,,,53.0,168.19722600000006,finite_mle,joint_09534
BP_ecc,same_type_exponential_history;lr04_scaled;co2_scaled;mis6_segment;pre_phase_sin;pre_phase_cos;ecc_scaled,8,True,True,,-104.15272884515439,224.30545769030877,337.0319515198447,4.738891640961354,53.0,168.19722600000006,finite_mle,joint_09534
B_obl,same_type_exponential_history;lr04_scaled;co2_scaled;mis6_segment;obl_scaled,6,True,True,,-111.5203313156274,235.0406626312548,,,53.0,168.19722600000006,finite_mle,joint_09534
BP_obl,same_type_exponential_history;lr04_scaled;co2_scaled;mis6_segment;pre_phase_sin;pre_phase_cos;obl_scaled,8,True,True,,-103.84181368296001,223.68362736592002,337.19128435263906,6.2250213964024095,53.0,168.19722600000006,finite_mle,joint_09534
B_insol65n,same_type_exponential_history;lr04_scaled;co2_scaled;mis6_segment;insol65n_scaled,6,True,True,,-105.41421608113161,222.82843216226323,,,53.0,168.19722600000006,finite_mle,joint_09534
BP_insol65n,same_type_exponential_history;lr04_scaled;co2_scaled;mis6_segment;pre_phase_sin;pre_phase_cos;insol65n_scaled,8,True,True,,-103.24871931499024,222.49743862998048,316.94167794303206,2.909818310151855,53.0,168.19722600000006,finite_mle,joint_09534
B,same_type_exponential_history;lr04_scaled;co2_scaled;mis6_segment,5,True,True,,-109.79400127530894,229.5880025506179,,,53.0,165.03887300000002,finite_mle,joint_09763
BP,same_type_exponential_history;lr04_scaled;co2_scaled;mis6_segment;pre_phase_sin;pre_phase_cos,7,True,True,,-103.85638940772691,221.71277881545382,338.71468955338713,4.666422639422389,53.0,165.03887300000002,finite_mle,joint_09763
B_ecc,same_type_exponential_history;lr04_scaled;co2_scaled;mis6_segment;ecc_scaled,6,True,True,,-109.16723474486949,230.33446948973898,,,53.0,165.03887300000002,finite_mle,joint_09763
BP_ecc,same_type_exponential_history;lr04_scaled;co2_scaled;mis6_segment;pre_phase_sin;pre_phase_cos;ecc_scaled,8,True,True,,-103.82908876983146,223.65817753966292,338.5947937074891,4.508375313360455,53.0,165.03887300000002,finite_mle,joint_09763
B_obl,same_type_exponential_history;lr04_scaled;co2_scaled;mis6_segment;obl_scaled,6,True,True,,-109.79321839771679,231.58643679543357,,,53.0,165.03887300000002,finite_mle,joint_09763
BP_obl,same_type_exponential_history;lr04_scaled;co2_scaled;mis6_segment;pre_phase_sin;pre_phase_cos;obl_scaled,8,True,True,,-103.53740729774242,223.07481459548484,338.67487249972146,5.154432817472153,53.0,165.03887300000002,finite_mle,joint_09763
B_insol65n,same_type_exponential_history;lr04_scaled;co2_scaled;mis6_segment;insol65n_scaled,6,True,True,,-104.81659960525486,221.63319921050973,,,53.0,165.03887300000002,finite_mle,joint_09763
BP_insol65n,same_type_exponential_history;lr04_scaled;co2_scaled;mis6_segment;pre_phase_sin;pre_phase_cos;insol65n_scaled,8,True,True,,-102.9882288403227,221.9764576806454,324.02210290233256,2.8025788367725877,53.0,165.03887300000002,finite_mle,joint_09763
B,same_type_exponential_history;lr04_scaled;co2_scaled;mis6_segment,5,True,True,,-111.5066085434571,233.0132170869142,,,53.0,165.942453,finite_mle,joint_03533
BP,same_type_exponential_history;lr04_scaled;co2_scaled;mis6_segment;pre_phase_sin;pre_phase_cos,7,True,True,,-101.589793041089,217.179586082178,332.63885497231036,8.089380169476444,53.0,165.942453,finite_mle,joint_03533
B_ecc,same_type_exponential_history;lr04_scaled;co2_scaled;mis6_segment;ecc_scaled,6,True,True,,-109.8231970543912,231.6463941087824,,,53.0,165.942453,finite_mle,joint_03533
BP_ecc,same_type_exponential_history;lr04_scaled;co2_scaled;mis6_segment;pre_phase_sin;pre_phase_cos;ecc_scaled,8,True,True,,-101.14348951126456,218.28697902252912,331.70334502242315,7.1846589110285315,53.0,165.942453,finite_mle,joint_03533
B_obl,same_type_exponential_history;lr04_scaled;co2_scaled;mis6_segment;obl_scaled,6,True,True,,-111.48031003814867,234.96062007629735,,,53.0,165.942453,finite_mle,joint_03533
BP_obl,same_type_exponential_history;lr04_scaled;co2_scaled;mis6_segment;pre_phase_sin;pre_phase_cos;obl_scaled,8,True,True,,-100.42091996545678,216.84183993091355,332.2646721827404,10.235943038196202,53.0,165.942453,finite_mle,joint_03533
B_insol65n,same_type_exponential_history;lr04_scaled;co2_scaled;mis6_segment;insol65n_scaled,6,True,True,,-103.56252825949336,219.12505651898672,,,53.0,165.942453,finite_mle,joint_03533
BP_insol65n,same_type_exponential_history;lr04_scaled;co2_scaled;mis6_segment;pre_phase_sin;pre_phase_cos;insol65n_scaled,8,True,True,,-99.49782160208133,214.99564320416266,308.955560102474,4.280113024355977,53.0,165.942453,finite_mle,joint_03533
B,same_type_exponential_history;lr04_scaled;co2_scaled;mis6_segment,5,True,True,,-110.95034884786378,231.90069769572756,,,53.0,163.381598,finite_mle,joint_03636
BP,same_type_exponential_history;lr04_scaled;co2_scaled;mis6_segment;pre_phase_sin;pre_phase_cos,7,True,True,,-103.1916672673558,220.3833345347116,319.78660523974827,5.997906062281014,53.0,163.381598,finite_mle,joint_03636
B_ecc,same_type_exponential_history;lr04_scaled;co2_scaled;mis6_segment;ecc_scaled,6,True,True,,-107.72738858416477,227.45477716832954,,,53.0,163.381598,finite_mle,joint_03636
BP_ecc,same_type_exponential_history;lr04_scaled;co2_scaled;mis6_segment;pre_phase_sin;pre_phase_cos;ecc_scaled,8,True,True,,-101.44536136214859,218.89072272429718,316.65570064703485,5.014352483886397,53.0,163.381598,finite_mle,joint_03636
B_obl,same_type_exponential_history;lr04_scaled;co2_scaled;mis6_segment;obl_scaled,6,True,True,,-110.80207333385329,233.60414666770657,,,53.0,163.381598,finite_mle,joint_03636
BP_obl,same_type_exponential_history;lr04_scaled;co2_scaled;mis6_segment;pre_phase_sin;pre_phase_cos;obl_scaled,8,True,True,,-101.67575803845065,219.3515160769013,320.626434366606,7.6905502586075185,53.0,163.381598,finite_mle,joint_03636
B_insol65n,same_type_exponential_history;lr04_scaled;co2_scaled;mis6_segment;insol65n_scaled,6,True,True,,-105.33636644280162,222.67273288560324,,,53.0,163.381598,finite_mle,joint_03636
BP_insol65n,same_type_exponential_history;lr04_scaled;co2_scaled;mis6_segment;pre_phase_sin;pre_phase_cos;insol65n_scaled,8,True,True,,-100.8951935566944,217.7903871133888,285.9342590666955,3.964928166240111,53.0,163.381598,finite_mle,joint_03636
B,same_type_exponential_history;lr04_scaled;co2_scaled;mis6_segment,5,True,True,,-111.87209103165642,233.74418206331285,,,53.0,165.66267700000003,finite_mle,joint_02312
BP,same_type_exponential_history;lr04_scaled;co2_scaled;mis6_segment;pre_phase_sin;pre_phase_cos,7,True,True,,-102.84311686185153,219.68623372370305,330.94444529838853,7.192541713754912,53.0,165.66267700000003,finite_mle,joint_02312
B_ecc,same_type_exponential_history;lr04_scaled;co2_scaled;mis6_segment;ecc_scaled,6,True,True,,-109.29527689712765,230.5905537942553,,,53.0,165.66267700000003,finite_mle,joint_02312
BP_ecc,same_type_exponential_history;lr04_scaled;co2_scaled;mis6_segment;pre_phase_sin;pre_phase_cos;ecc_scaled,8,True,True,,-101.77518053172399,219.55036106344798,329.27459460306875,6.063398160366023,53.0,165.66267700000003,finite_mle,joint_02312
B_obl,same_type_exponential_history;lr04_scaled;co2_scaled;mis6_segment;obl_scaled,6,True,True,,-111.85943493973645,235.7188698794729,,,53.0,165.66267700000003,finite_mle,joint_02312
BP_obl,same_type_exponential_history;lr04_scaled;co2_scaled;mis6_segment;pre_phase_sin;pre_phase_cos;obl_scaled,8,True,True,,-101.93371337338561,219.86742674677123,330.6852501240181,8.740445081560347,53.0,165.66267700000003,finite_mle,joint_02312
B_insol65n,same_type_exponential_history;lr04_scaled;co2_scaled;mis6_segment;insol65n_scaled,6,True,True,,-104.62127142339153,221.24254284678307,,,53.0,165.66267700000003,finite_mle,joint_02312
BP_insol65n,same_type_exponential_history;lr04_scaled;co2_scaled;mis6_segment;pre_phase_sin;pre_phase_cos;insol65n_scaled,8,True,True,,-100.82068234234087,217.64136468468175,305.79583598527927,3.9467560630634937,53.0,165.66267700000003,finite_mle,joint_02312
B,same_type_exponential_history;lr04_scaled;co2_scaled;mis6_segment,5,True,True,,-110.74316960336303,231.48633920672606,,,53.0,161.96617200000003,finite_mle,joint_04476
BP,same_type_exponential_history;lr04_scaled;co2_scaled;mis6_segment;pre_phase_sin;pre_phase_cos,7,True,True,,-104.26938477612372,222.53876955224743,321.3997083009743,4.922987911449214,53.0,161.96617200000003,finite_mle,joint_04476
B_ecc,same_type_exponential_history;lr04_scaled;co2_scaled;mis6_segment;ecc_scaled,6,True,True,,-108.70310749015684,229.40621498031368,,,53.0,161.96617200000003,finite_mle,joint_04476
BP_ecc,same_type_exponential_history;lr04_scaled;co2_scaled;mis6_segment;pre_phase_sin;pre_phase_cos;ecc_scaled,8,True,True,,-103.35388452916091,222.70776905832182,318.889780816848,4.268740433231809,53.0,161.96617200000003,finite_mle,joint_04476
B_obl,same_type_exponential_history;lr04_scaled;co2_scaled;mis6_segment;obl_scaled,6,True,True,,-110.65318763116468,233.30637526232937,,,53.0,161.96617200000003,finite_mle,joint_04476
BP_obl,same_type_exponential_history;lr04_scaled;co2_scaled;mis6_segment;pre_phase_sin;pre_phase_cos;obl_scaled,8,True,True,,-103.14509729279192,222.29019458558383,322.0116863635715,5.9767185666014395,53.0,161.96617200000003,finite_mle,joint_04476
B_insol65n,same_type_exponential_history;lr04_scaled;co2_scaled;mis6_segment;insol65n_scaled,6,True,True,,-105.35411207305232,222.70822414610464,,,53.0,161.96617200000003,finite_mle,joint_04476
BP_insol65n,same_type_exponential_history;lr04_scaled;co2_scaled;mis6_segment;pre_phase_sin;pre_phase_cos;insol65n_scaled,8,True,True,,-101.71900363035618,219.43800726071237,279.0411308917499,3.2922529189173284,53.0,161.96617200000003,finite_mle,joint_04476
B,same_type_exponential_history;lr04_scaled;co2_scaled;mis6_segment,5,True,True,,-111.02044565070528,232.04089130141057,,,53.0,165.55931700000002,finite_mle,joint_00113
BP,same_type_exponential_history;lr04_scaled;co2_scaled;mis6_segment;pre_phase_sin;pre_phase_cos,7,True,True,,-102.29607644718035,218.5921528943607,329.3393142661124,7.208658976530804,53.0,165.55931700000002,finite_mle,joint_00113
B_ecc,same_type_exponential_history;lr04_scaled;co2_scaled;mis6_segment;ecc_scaled,6,True,True,,-109.7127994155122,231.4255988310244,,,53.0,165.55931700000002,finite_mle,joint_00113
BP_ecc,same_type_exponential_history;lr04_scaled;co2_scaled;mis6_segment;pre_phase_sin;pre_phase_cos;ecc_scaled,8,True,True,,-101.99961476053181,219.99922952106363,328.88712278756367,6.54140617016416,53.0,165.55931700000002,finite_mle,joint_00113
B_obl,same_type_exponential_history;lr04_scaled;co2_scaled;mis6_segment;obl_scaled,6,True,True,,-111.020332694721,234.040665389442,,,53.0,165.55931700000002,finite_mle,joint_00113
BP_obl,same_type_exponential_history;lr04_scaled;co2_scaled;mis6_segment;pre_phase_sin;pre_phase_cos;obl_scaled,8,True,True,,-101.66663072715438,219.33326145430877,329.71636979661724,8.473470187610062,53.0,165.55931700000002,finite_mle,joint_00113
B_insol65n,same_type_exponential_history;lr04_scaled;co2_scaled;mis6_segment;insol65n_scaled,6,True,True,,-105.38021960619886,222.76043921239773,,,53.0,165.55931700000002,finite_mle,joint_00113
BP_insol65n,same_type_exponential_history;lr04_scaled;co2_scaled;mis6_segment;pre_phase_sin;pre_phase_cos;insol65n_scaled,8,True,True,,-101.30649358204073,218.61298716408146,314.6839459671198,4.570930155178637,53.0,165.55931700000002,finite_mle,joint_00113
B,same_type_exponential_history;lr04_scaled;co2_scaled;mis6_segment,5,True,True,,-110.27214004168437,230.54428008336873,,,53.0,165.70404000000002,finite_mle,joint_01743
BP,same_type_exponential_history;lr04_scaled;co2_scaled;mis6_segment;pre_phase_sin;pre_phase_cos,7,True,True,,-102.87652729820371,219.75305459640742,343.66281717702634,5.84411274957611,53.0,165.70404000000002,finite_mle,joint_01743
B_ecc,same_type_exponential_history;lr04_scaled;co2_scaled;mis6_segment;ecc_scaled,6,True,True,,-109.85441243395495,231.7088248679099,,,53.0,165.70404000000002,finite_mle,joint_01743
BP_ecc,same_type_exponential_history;lr04_scaled;co2_scaled;mis6_segment;pre_phase_sin;pre_phase_cos;ecc_scaled,8,True,True,,-102.87646735695759,221.75293471391518,343.6629885385879,5.834775518475637,53.0,165.70404000000002,finite_mle,joint_01743
B_obl,same_type_exponential_history;lr04_scaled;co2_scaled;mis6_segment;obl_scaled,6,True,True,,-110.26742556804174,232.5348511360835,,,53.0,165.70404000000002,finite_mle,joint_01743
BP_obl,same_type_exponential_history;lr04_scaled;co2_scaled;mis6_segment;pre_phase_sin;pre_phase_cos;obl_scaled,8,True,True,,-102.1967266054175,220.393453210835,343.1184799193718,6.953852814450731,53.0,165.70404000000002,finite_mle,joint_01743
B_insol65n,same_type_exponential_history;lr04_scaled;co2_scaled;mis6_segment;insol65n_scaled,6,True,True,,-103.57060323456413,219.14120646912826,,,53.0,165.70404000000002,finite_mle,joint_01743
BP_insol65n,same_type_exponential_history;lr04_scaled;co2_scaled;mis6_segment;pre_phase_sin;pre_phase_cos;insol65n_scaled,8,True,True,,-101.57849206009973,219.15698412019947,329.7344116703326,3.1119100754277955,53.0,165.70404000000002,finite_mle,joint_01743
B,same_type_exponential_history;lr04_scaled;co2_scaled;mis6_segment,5,True,True,,-110.59654116841588,231.19308233683176,,,53.0,165.76888000000002,finite_mle,joint_03228
BP,same_type_exponential_history;lr04_scaled;co2_scaled;mis6_segment;pre_phase_sin;pre_phase_cos,7,True,True,,-103.22204401576694,220.44408803153388,329.3615670430566,5.7518245129693195,53.0,165.76888000000002,finite_mle,joint_03228
B_ecc,same_type_exponential_history;lr04_scaled;co2_scaled;mis6_segment;ecc_scaled,6,True,True,,-109.03226312036458,230.06452624072915,,,53.0,165.76888000000002,finite_mle,joint_03228
BP_ecc,same_type_exponential_history;lr04_scaled;co2_scaled;mis6_segment;pre_phase_sin;pre_phase_cos;ecc_scaled,8,True,True,,-102.71508199022458,221.43016398044915,327.9689536918631,5.119187633000504,53.0,165.76888000000002,finite_mle,joint_03228
B_obl,same_type_exponential_history;lr04_scaled;co2_scaled;mis6_segment;obl_scaled,6,True,True,,-110.57064432829085,233.1412886565817,,,53.0,165.76888000000002,finite_mle,joint_03228
BP_obl,same_type_exponential_history;lr04_scaled;co2_scaled;mis6_segment;pre_phase_sin;pre_phase_cos;obl_scaled,8,True,True,,-102.41049411591509,220.82098823183017,329.459867720868,6.865581114364402,53.0,165.76888000000002,finite_mle,joint_03228
B_insol65n,same_type_exponential_history;lr04_scaled;co2_scaled;mis6_segment;insol65n_scaled,6,True,True,,-105.12058397530168,222.24116795060337,,,53.0,165.76888000000002,finite_mle,joint_03228
BP_insol65n,same_type_exponential_history;lr04_scaled;co2_scaled;mis6_segment;pre_phase_sin;pre_phase_cos;insol65n_scaled,8,True,True,,-101.98337780790655,219.9667556158131,308.88563397242405,3.5144464097321975,53.0,165.76888000000002,finite_mle,joint_03228
B,same_type_exponential_history;lr04_scaled;co2_scaled;mis6_segment,5,True,True,,-111.3283718847106,232.6567437694212,,,53.0,165.25579300000004,finite_mle,joint_09701
BP,same_type_exponential_history;lr04_scaled;co2_scaled;mis6_segment;pre_phase_sin;pre_phase_cos,7,True,True,,-103.38778663304785,220.7755732660957,329.285745445303,6.057152991137878,53.0,165.25579300000004,finite_mle,joint_09701
B_ecc,same_type_exponential_history;lr04_scaled;co2_scaled;mis6_segment;ecc_scaled,6,True,True,,-109.43200487792957,230.86400975585914,,,53.0,165.25579300000004,finite_mle,joint_09701
BP_ecc,same_type_exponential_history;lr04_scaled;co2_scaled;mis6_segment;pre_phase_sin;pre_phase_cos;ecc_scaled,8,True,True,,-102.72016345921526,221.44032691843051,327.8267169479042,5.319861020095145,53.0,165.25579300000004,finite_mle,joint_09701
B_obl,same_type_exponential_history;lr04_scaled;co2_scaled;mis6_segment;obl_scaled,6,True,True,,-111.3242814631383,234.6485629262766,,,53.0,165.25579300000004,finite_mle,joint_09701
BP_obl,same_type_exponential_history;lr04_scaled;co2_scaled;mis6_segment;pre_phase_sin;pre_phase_cos;obl_scaled,8,True,True,,-102.93612077100107,221.87224154200214,329.217649880622,6.883946530736279,53.0,165.25579300000004,finite_mle,joint_09701
B_insol65n,same_type_exponential_history;lr04_scaled;co2_scaled;mis6_segment;insol65n_scaled,6,True,True,,-106.1261388367117,224.2522776734234,,,53.0,165.25579300000004,finite_mle,joint_09701
BP_insol65n,same_type_exponential_history;lr04_scaled;co2_scaled;mis6_segment;pre_phase_sin;pre_phase_cos;insol65n_scaled,8,True,True,,-102.48895864796552,220.97791729593104,312.87708047926685,3.9339820040710483,53.0,165.25579300000004,finite_mle,joint_09701
B,same_type_exponential_history;lr04_scaled;co2_scaled;mis6_segment,5,True,True,,-110.26949206030594,230.53898412061187,,,53.0,162.616014,finite_mle,joint_04448
BP,same_type_exponential_history;lr04_scaled;co2_scaled;mis6_segment;pre_phase_sin;pre_phase_cos,7,True,True,,-98.98343360027366,211.9668672005473,318.081144439762,10.184654250019873,53.0,162.616014,finite_mle,joint_04448
B_ecc,same_type_exponential_history;lr04_scaled;co2_scaled;mis6_segment;ecc_scaled,6,True,True,,-107.70546716086996,227.41093432173992,,,53.0,162.616014,finite_mle,joint_04448
BP_ecc,same_type_exponential_history;lr04_scaled;co2_scaled;mis6_segment;pre_phase_sin;pre_phase_cos;ecc_scaled,8,True,True,,-97.89290383856813,211.78580767713626,316.3702333199437,8.812067323118544,53.0,162.616014,finite_mle,joint_04448
B_obl,same_type_exponential_history;lr04_scaled;co2_scaled;mis6_segment;obl_scaled,6,True,True,,-110.26146155223392,232.52292310446785,,,53.0,162.616014,finite_mle,joint_04448
BP_obl,same_type_exponential_history;lr04_scaled;co2_scaled;mis6_segment;pre_phase_sin;pre_phase_cos;obl_scaled,8,True,True,,-98.14967499673816,212.2993499934763,318.84492305698984,12.587700505751707,53.0,162.616014,finite_mle,joint_04448
B_insol65n,same_type_exponential_history;lr04_scaled;co2_scaled;mis6_segment;insol65n_scaled,6,True,True,,-104.9339698443726,221.8679396887452,,,53.0,162.616014,finite_mle,joint_04448
BP_insol65n,same_type_exponential_history;lr04_scaled;co2_scaled;mis6_segment;pre_phase_sin;pre_phase_cos;insol65n_scaled,8,True,True,,-97.68683470630597,211.37366941261195,300.4348051212038,7.098841635362337,53.0,162.616014,finite_mle,joint_04448
B,same_type_exponential_history;lr04_scaled;co2_scaled;mis6_segment,5,True,True,,-110.71931905648242,231.43863811296484,,,53.0,165.07867000000005,finite_mle,joint_06021
BP,same_type_exponential_history;lr04_scaled;co2_scaled;mis6_segment;pre_phase_sin;pre_phase_cos,7,True,True,,-102.3605108703396,218.7210217406792,339.6012915916559,6.751387436585515,53.0,165.07867000000005,finite_mle,joint_06021
B_ecc,same_type_exponential_history;lr04_scaled;co2_scaled;mis6_segment;ecc_scaled,6,True,True,,-110.06353986771802,232.12707973543604,,,53.0,165.07867000000005,finite_mle,joint_06021
BP_ecc,same_type_exponential_history;lr04_scaled;co2_scaled;mis6_segment;pre_phase_sin;pre_phase_cos;ecc_scaled,8,True,True,,-102.34434171412605,220.6886834282521,339.56396120949125,6.575761259968942,53.0,165.07867000000005,finite_mle,joint_06021
B_obl,same_type_exponential_history;lr04_scaled;co2_scaled;mis6_segment;obl_scaled,6,True,True,,-110.71925814519719,233.43851629039438,,,53.0,165.07867000000005,finite_mle,joint_06021
BP_obl,same_type_exponential_history;lr04_scaled;co2_scaled;mis6_segment;pre_phase_sin;pre_phase_cos;obl_scaled,8,True,True,,-101.77845384139425,219.5569076827885,339.3856014472318,7.910825525853434,53.0,165.07867000000005,finite_mle,joint_06021
B_insol65n,same_type_exponential_history;lr04_scaled;co2_scaled;mis6_segment;insol65n_scaled,6,True,True,,-104.06869479018901,220.13738958037803,,,53.0,165.07867000000005,finite_mle,joint_06021
BP_insol65n,same_type_exponential_history;lr04_scaled;co2_scaled;mis6_segment;pre_phase_sin;pre_phase_cos;insol65n_scaled,8,True,True,,-101.26470834611557,218.52941669223114,326.648105945327,3.8237861241159212,53.0,165.07867000000005,finite_mle,joint_06021
B,same_type_exponential_history;lr04_scaled;co2_scaled;mis6_segment,5,True,True,,-110.3693409933039,230.7386819866078,,,53.0,161.12412100000003,finite_mle,joint_02734
BP,same_type_exponential_history;lr04_scaled;co2_scaled;mis6_segment;pre_phase_sin;pre_phase_cos,7,True,True,,-102.83399971472801,219.66799942945602,326.4693301285731,5.85349375608808,53.0,161.12412100000003,finite_mle,joint_02734
B_ecc,same_type_exponential_history;lr04_scaled;co2_scaled;mis6_segment;ecc_scaled,6,True,True,,-107.93482494673464,227.86964989346927,,,53.0,161.12412100000003,finite_mle,joint_02734
BP_ecc,same_type_exponential_history;lr04_scaled;co2_scaled;mis6_segment;pre_phase_sin;pre_phase_cos;ecc_scaled,8,True,True,,-101.61133864676268,219.22267729352535,324.436281995896,5.026348491549811,53.0,161.12412100000003,finite_mle,joint_02734
B_obl,same_type_exponential_history;lr04_scaled;co2_scaled;mis6_segment;obl_scaled,6,True,True,,-110.2897395770792,232.5794791541584,,,53.0,161.12412100000003,finite_mle,joint_02734
BP_obl,same_type_exponential_history;lr04_scaled;co2_scaled;mis6_segment;pre_phase_sin;pre_phase_cos;obl_scaled,8,True,True,,-101.34175907530172,218.68351815060345,326.4028511309964,7.724545197187135,53.0,161.12412100000003,finite_mle,joint_02734
B_insol65n,same_type_exponential_history;lr04_scaled;co2_scaled;mis6_segment;insol65n_scaled,6,True,True,,-104.34587150213595,220.6917430042719,,,53.0,161.12412100000003,finite_mle,joint_02734
BP_insol65n,same_type_exponential_history;lr04_scaled;co2_scaled;mis6_segment;pre_phase_sin;pre_phase_cos;insol65n_scaled,8,True,True,,-100.69807516351361,217.39615032702721,294.4362217994052,3.540208513003866,53.0,161.12412100000003,finite_mle,joint_02734
B,same_type_exponential_history;lr04_scaled;co2_scaled;mis6_segment,5,True,True,,-110.14029694500633,230.28059389001265,,,53.0,161.70643100000007,finite_mle,joint_09531
BP,same_type_exponential_history;lr04_scaled;co2_scaled;mis6_segment;pre_phase_sin;pre_phase_cos,7,True,True,,-101.30665446493872,216.61330892987743,313.9578735772114,7.208411658185228,53.0,161.70643100000007,finite_mle,joint_09531
B_ecc,same_type_exponential_history;lr04_scaled;co2_scaled;mis6_segment;ecc_scaled,6,True,True,,-107.71299609838786,227.42599219677572,,,53.0,161.70643100000007,finite_mle,joint_09531
BP_ecc,same_type_exponential_history;lr04_scaled;co2_scaled;mis6_segment;pre_phase_sin;pre_phase_cos;ecc_scaled,8,True,True,,-100.00458424850298,216.00916849700596,311.30661831547195,6.370650827912863,53.0,161.70643100000007,finite_mle,joint_09531
B_obl,same_type_exponential_history;lr04_scaled;co2_scaled;mis6_segment;obl_scaled,6,True,True,,-110.07955097170412,232.15910194340825,,,53.0,161.70643100000007,finite_mle,joint_09531
BP_obl,same_type_exponential_history;lr04_scaled;co2_scaled;mis6_segment;pre_phase_sin;pre_phase_cos;obl_scaled,8,True,True,,-99.865980330762,215.731960661524,315.0550129774315,9.341358520073278,53.0,161.70643100000007,finite_mle,joint_09531
B_insol65n,same_type_exponential_history;lr04_scaled;co2_scaled;mis6_segment;insol65n_scaled,6,True,True,,-105.70661546898461,223.41323093796922,,,53.0,161.70643100000007,finite_mle,joint_09531
BP_insol65n,same_type_exponential_history;lr04_scaled;co2_scaled;mis6_segment;pre_phase_sin;pre_phase_cos;insol65n_scaled,8,True,True,,-99.68762043021238,215.37524086042475,288.6129357689874,5.290776349026668,53.0,161.70643100000007,finite_mle,joint_09531
B,same_type_exponential_history;lr04_scaled;co2_scaled;mis6_segment,5,True,True,,-109.70582047887115,229.4116409577423,,,53.0,161.31495700000005,finite_mle,joint_03443
BP,same_type_exponential_history;lr04_scaled;co2_scaled;mis6_segment;pre_phase_sin;pre_phase_cos,7,True,True,,-100.45236886779324,214.90473773558648,321.66283785378886,7.729611108357755,53.0,161.31495700000005,finite_mle,joint_03443
B_ecc,same_type_exponential_history;lr04_scaled;co2_scaled;mis6_segment;ecc_scaled,6,True,True,,-107.60185416045655,227.2037083209131,,,53.0,161.31495700000005,finite_mle,joint_03443
BP_ecc,same_type_exponential_history;lr04_scaled;co2_scaled;mis6_segment;pre_phase_sin;pre_phase_cos;ecc_scaled,8,True,True,,-99.45862301424347,214.91724602848694,319.87820072262195,6.82452263016383,53.0,161.31495700000005,finite_mle,joint_03443
B_obl,same_type_exponential_history;lr04_scaled;co2_scaled;mis6_segment;obl_scaled,6,True,True,,-109.69700203983302,231.39400407966605,,,53.0,161.31495700000005,finite_mle,joint_03443
BP_obl,same_type_exponential_history;lr04_scaled;co2_scaled;mis6_segment;pre_phase_sin;pre_phase_cos;obl_scaled,8,True,True,,-99.25072674542528,214.50145349085057,321.95145702424605,9.992057516088751,53.0,161.31495700000005,finite_mle,joint_03443
B_insol65n,same_type_exponential_history;lr04_scaled;co2_scaled;mis6_segment;insol65n_scaled,6,True,True,,-104.07788902213707,220.15577804427414,,,53.0,161.31495700000005,finite_mle,joint_03443
BP_insol65n,same_type_exponential_history;lr04_scaled;co2_scaled;mis6_segment;pre_phase_sin;pre_phase_cos;insol65n_scaled,8,True,True,,-98.68789659466131,213.37579318932262,297.8240770361733,5.0392139422925855,53.0,161.31495700000005,finite_mle,joint_03443
B,same_type_exponential_history;lr04_scaled;co2_scaled;mis6_segment,5,True,True,,-111.15327279508307,232.30654559016614,,,53.0,168.02829900000003,finite_mle,joint_01509
BP,same_type_exponential_history;lr04_scaled;co2_scaled;mis6_segment;pre_phase_sin;pre_phase_cos,7,True,True,,-103.11223346863977,220.22446693727954,333.80085463483005,6.227612482412987,53.0,168.02829900000003,finite_mle,joint_01509
B_ecc,same_type_exponential_history;lr04_scaled;co2_scaled;mis6_segment;ecc_scaled,6,True,True,,-110.01767120112258,232.03534240224516,,,53.0,168.02829900000003,finite_mle,joint_01509
BP_ecc,same_type_exponential_history;lr04_scaled;co2_scaled;mis6_segment;pre_phase_sin;pre_phase_cos;ecc_scaled,8,True,True,,-102.91350319708812,221.82700639417624,333.0224404787658,5.746524826172037,53.0,168.02829900000003,finite_mle,joint_01509
B_obl,same_type_exponential_history;lr04_scaled;co2_scaled;mis6_segment;obl_scaled,6,True,True,,-111.13449552823411,234.26899105646822,,,53.0,168.02829900000003,finite_mle,joint_01509
BP_obl,same_type_exponential_history;lr04_scaled;co2_scaled;mis6_segment;pre_phase_sin;pre_phase_cos;obl_scaled,8,True,True,,-102.28694005036604,220.57388010073208,333.4947775936564,7.482733304252558,53.0,168.02829900000003,finite_mle,joint_01509
B_insol65n,same_type_exponential_history;lr04_scaled;co2_scaled;mis6_segment;insol65n_scaled,6,True,True,,-104.56234274303787,221.12468548607575,,,53.0,168.02829900000003,finite_mle,joint_01509
BP_insol65n,same_type_exponential_history;lr04_scaled;co2_scaled;mis6_segment;pre_phase_sin;pre_phase_cos;insol65n_scaled,8,True,True,,-101.57371114783648,219.14742229567295,312.79416289138834,3.503582579241669,53.0,168.02829900000003,finite_mle,joint_01509
B,same_type_exponential_history;lr04_scaled;co2_scaled;mis6_segment,5,True,True,,-111.72347261041024,233.44694522082048,,,53.0,168.608337,finite_mle,joint_03939
BP,same_type_exponential_history;lr04_scaled;co2_scaled;mis6_segment;pre_phase_sin;pre_phase_cos,7,True,True,,-105.24930165142125,224.4986033028425,341.64561495651895,5.014994158102653,53.0,168.608337,finite_mle,joint_03939
B_ecc,same_type_exponential_history;lr04_scaled;co2_scaled;mis6_segment;ecc_scaled,6,True,True,,-110.8397898117609,233.6795796235218,,,53.0,168.608337,finite_mle,joint_03939
BP_ecc,same_type_exponential_history;lr04_scaled;co2_scaled;mis6_segment;pre_phase_sin;pre_phase_cos;ecc_scaled,8,True,True,,-105.0452446613551,226.0904893227102,341.19152960509973,4.675541291209918,53.0,168.608337,finite_mle,joint_03939
B_obl,same_type_exponential_history;lr04_scaled;co2_scaled;mis6_segment;obl_scaled,6,True,True,,-111.71153367341725,235.4230673468345,,,53.0,168.608337,finite_mle,joint_03939
BP_obl,same_type_exponential_history;lr04_scaled;co2_scaled;mis6_segment;pre_phase_sin;pre_phase_cos;obl_scaled,8,True,True,,-104.62972873804307,225.25945747608614,340.75096721403344,5.853581862379044,53.0,168.608337,finite_mle,joint_03939
B_insol65n,same_type_exponential_history;lr04_scaled;co2_scaled;mis6_segment;insol65n_scaled,6,True,True,,-106.44847701211222,224.89695402422444,,,53.0,168.608337,finite_mle,joint_03939
BP_insol65n,same_type_exponential_history;lr04_scaled;co2_scaled;mis6_segment;pre_phase_sin;pre_phase_cos;insol65n_scaled,8,True,True,,-104.46992674618204,224.93985349236408,329.17112165772573,3.0563197954366386,53.0,168.608337,finite_mle,joint_03939
B,same_type_exponential_history;lr04_scaled;co2_scaled;mis6_segment,5,True,True,,-110.61662932715402,231.23325865430803,,,53.0,161.46156200000001,finite_mle,joint_05783
BP,same_type_exponential_history;lr04_scaled;co2_scaled;mis6_segment;pre_phase_sin;pre_phase_cos,7,True,True,,-103.42646676746807,220.85293353493614,320.32869420658017,5.58517592272745,53.0,161.46156200000001,finite_mle,joint_05783
B_ecc,same_type_exponential_history;lr04_scaled;co2_scaled;mis6_segment;ecc_scaled,6,True,True,,-108.42884698821939,228.85769397643878,,,53.0,161.46156200000001,finite_mle,joint_05783
BP_ecc,same_type_exponential_history;lr04_scaled;co2_scaled;mis6_segment;pre_phase_sin;pre_phase_cos;ecc_scaled,8,True,True,,-102.41946127464405,220.8389225492881,317.78261074016154,4.844474315335911,53.0,161.46156200000001,finite_mle,joint_05783
B_obl,same_type_exponential_history;lr04_scaled;co2_scaled;mis6_segment;obl_scaled,6,True,True,,-110.58341882496345,233.1668376499269,,,53.0,161.46156200000001,finite_mle,joint_05783
BP_obl,same_type_exponential_history;lr04_scaled;co2_scaled;mis6_segment;pre_phase_sin;pre_phase_cos;obl_scaled,8,True,True,,-102.38823953005415,220.7764790601083,320.8857607294909,6.894058993622925,53.0,161.46156200000001,finite_mle,joint_05783
B_insol65n,same_type_exponential_history;lr04_scaled;co2_scaled;mis6_segment;insol65n_scaled,6,True,True,,-105.62938535306333,223.25877070612665,,,53.0,161.46156200000001,finite_mle,joint_05783
BP_insol65n,same_type_exponential_history;lr04_scaled;co2_scaled;mis6_segment;pre_phase_sin;pre_phase_cos;insol65n_scaled,8,True,True,,-101.42339635066827,218.84679270133654,286.73771638050283,3.7897257868476966,53.0,161.46156200000001,finite_mle,joint_05783
B,same_type_exponential_history;lr04_scaled;co2_scaled;mis6_segment,5,True,True,,-111.77034432613686,233.54068865227373,,,53.0,169.33179600000005,finite_mle,joint_04143
BP,same_type_exponential_history;lr04_scaled;co2_scaled;mis6_segment;pre_phase_sin;pre_phase_cos,7,True,True,,-107.35990426394491,228.71980852788982,332.82027777786453,3.605929485417597,53.0,169.33179600000005,finite_mle,joint_04143
B_ecc,same_type_exponential_history;lr04_scaled;co2_scaled;mis6_segment;ecc_scaled,6,True,True,,-110.39152035556924,232.78304071113848,,,53.0,169.33179600000005,finite_mle,joint_04143
BP_ecc,same_type_exponential_history;lr04_scaled;co2_scaled;mis6_segment;pre_phase_sin;pre_phase_cos;ecc_scaled,8,True,True,,-106.74277454305556,229.48554908611112,330.852038795129,3.2656542400672,53.0,169.33179600000005,finite_mle,joint_04143
B_obl,same_type_exponential_history;lr04_scaled;co2_scaled;mis6_segment;obl_scaled,6,True,True,,-111.7598123192239,235.5196246384478,,,53.0,169.33179600000005,finite_mle,joint_04143
BP_obl,same_type_exponential_history;lr04_scaled;co2_scaled;mis6_segment;pre_phase_sin;pre_phase_cos;obl_scaled,8,True,True,,-106.99275494809883,229.98550989619767,332.2950397531639,3.9925065166405025,53.0,169.33179600000005,finite_mle,joint_04143
B_insol65n,same_type_exponential_history;lr04_scaled;co2_scaled;mis6_segment;insol65n_scaled,6,True,True,,-108.94796947942405,229.8959389588481,,,53.0,169.33179600000005,finite_mle,joint_04143
BP_insol65n,same_type_exponential_history;lr04_scaled;co2_scaled;mis6_segment;pre_phase_sin;pre_phase_cos;insol65n_scaled,8,True,True,,-107.09929612395305,230.1985922479061,321.91600537116733,2.7422564516526653,53.0,169.33179600000005,finite_mle,joint_04143
B,same_type_exponential_history;lr04_scaled;co2_scaled;mis6_segment,5,True,True,,-111.68064790475847,233.36129580951695,,,53.0,166.186844,finite_mle,joint_01181
BP,same_type_exponential_history;lr04_scaled;co2_scaled;mis6_segment;pre_phase_sin;pre_phase_cos,7,True,True,,-104.10218897522054,222.20437795044108,330.4341847472844,5.795581255199506,53.0,166.186844,finite_mle,joint_01181
B_ecc,same_type_exponential_history;lr04_scaled;co2_scaled;mis6_segment;ecc_scaled,6,True,True,,-109.57261998521986,231.14523997043972,,,53.0,166.186844,finite_mle,joint_01181
BP_ecc,same_type_exponential_history;lr04_scaled;co2_scaled;mis6_segment;pre_phase_sin;pre_phase_cos;ecc_scaled,8,True,True,,-103.23760930217622,222.47521860435245,328.7834957322576,5.015572322513839,53.0,166.186844,finite_mle,joint_01181
B_obl,same_type_exponential_history;lr04_scaled;co2_scaled;mis6_segment;obl_scaled,6,True,True,,-111.63170908659268,235.26341817318536,,,53.0,166.186844,finite_mle,joint_01181
BP_obl,same_type_exponential_history;lr04_scaled;co2_scaled;mis6_segment;pre_phase_sin;pre_phase_cos;obl_scaled,8,True,True,,-103.15630630268578,222.31261260537156,330.1575507201662,6.985964104755118,53.0,166.186844,finite_mle,joint_01181
B_insol65n,same_type_exponential_history;lr04_scaled;co2_scaled;mis6_segment;insol65n_scaled,6,True,True,,-105.62312082506239,223.24624165012477,,,53.0,166.186844,finite_mle,joint_01181
BP_insol65n,same_type_exponential_history;lr04_scaled;co2_scaled;mis6_segment;pre_phase_sin;pre_phase_cos;insol65n_scaled,8,True,True,,-102.54267975431955,221.0853595086391,305.84416276926373,3.36944506983839,53.0,166.186844,finite_mle,joint_01181
B,same_type_exponential_history;lr04_scaled;co2_scaled;mis6_segment,5,True,True,,-110.94413470151022,231.88826940302044,,,53.0,164.72004300000003,finite_mle,joint_02877
BP,same_type_exponential_history;lr04_scaled;co2_scaled;mis6_segment;pre_phase_sin;pre_phase_cos,7,True,True,,-103.20966557455884,220.41933114911768,326.68483341471153,5.891953077285619,53.0,164.72004300000003,finite_mle,joint_02877
B_ecc,same_type_exponential_history;lr04_scaled;co2_scaled;mis6_segment;ecc_scaled,6,True,True,,-108.17221176148041,228.34442352296082,,,53.0,164.72004300000003,finite_mle,joint_02877
BP_ecc,same_type_exponential_history;lr04_scaled;co2_scaled;mis6_segment;pre_phase_sin;pre_phase_cos;ecc_scaled,8,True,True,,-101.98885820022568,219.97771640045136,324.3887535740573,4.929045426559995,53.0,164.72004300000003,finite_mle,joint_02877
B_obl,same_type_exponential_history;lr04_scaled;co2_scaled;mis6_segment;obl_scaled,6,True,True,,-110.91273083844347,233.82546167688693,,,53.0,164.72004300000003,finite_mle,joint_02877
BP_obl,same_type_exponential_history;lr04_scaled;co2_scaled;mis6_segment;pre_phase_sin;pre_phase_cos;obl_scaled,8,True,True,,-102.33486737055742,220.66973474111484,326.74998931923307,7.036135599802684,53.0,164.72004300000003,finite_mle,joint_02877
B_insol65n,same_type_exponential_history;lr04_scaled;co2_scaled;mis6_segment;insol65n_scaled,6,True,True,,-105.04720741887571,222.09441483775143,,,53.0,164.72004300000003,finite_mle,joint_02877
BP_insol65n,same_type_exponential_history;lr04_scaled;co2_scaled;mis6_segment;pre_phase_sin;pre_phase_cos;insol65n_scaled,8,True,True,,-101.51179679437669,219.02359358875339,299.72591609352827,3.557221806454328,53.0,164.72004300000003,finite_mle,joint_02877
B,same_type_exponential_history;lr04_scaled;co2_scaled;mis6_segment,5,True,True,,-110.96203554576354,231.92407109152708,,,53.0,165.80051200000003,finite_mle,joint_03635
BP,same_type_exponential_history;lr04_scaled;co2_scaled;mis6_segment;pre_phase_sin;pre_phase_cos,7,True,True,,-101.65669551054543,217.31339102109087,324.23214168785427,7.410585486316265,53.0,165.80051200000003,finite_mle,joint_03635
B_ecc,same_type_exponential_history;lr04_scaled;co2_scaled;mis6_segment;ecc_scaled,6,True,True,,-109.02271716598727,230.04543433197455,,,53.0,165.80051200000003,finite_mle,joint_03635
BP_ecc,same_type_exponential_history;lr04_scaled;co2_scaled;mis6_segment;pre_phase_sin;pre_phase_cos;ecc_scaled,8,True,True,,-100.95042254085536,217.9008450817107,322.5452805234295,6.5309163029660855,53.0,165.80051200000003,finite_mle,joint_03635
B_obl,same_type_exponential_history;lr04_scaled;co2_scaled;mis6_segment;obl_scaled,6,True,True,,-110.94271427211625,233.8854285442325,,,53.0,165.80051200000003,finite_mle,joint_03635
BP_obl,same_type_exponential_history;lr04_scaled;co2_scaled;mis6_segment;pre_phase_sin;pre_phase_cos;obl_scaled,8,True,True,,-100.62613740937611,217.25227481875223,324.46237384213475,9.17485779793623,53.0,165.80051200000003,finite_mle,joint_03635
B_insol65n,same_type_exponential_history;lr04_scaled;co2_scaled;mis6_segment;insol65n_scaled,6,True,True,,-104.93201576861378,221.86403153722756,,,53.0,165.80051200000003,finite_mle,joint_03635
BP_insol65n,same_type_exponential_history;lr04_scaled;co2_scaled;mis6_segment;pre_phase_sin;pre_phase_cos;insol65n_scaled,8,True,True,,-100.1252892626207,216.2505785252414,302.9098831335763,4.673998473304705,53.0,165.80051200000003,finite_mle,joint_03635
B,same_type_exponential_history;lr04_scaled;co2_scaled;mis6_segment,5,True,True,,-110.84944028230434,231.6988805646087,,,53.0,163.74682600000003,finite_mle,joint_05063
BP,same_type_exponential_history;lr04_scaled;co2_scaled;mis6_segment;pre_phase_sin;pre_phase_cos,7,True,True,,-100.79331896020668,215.58663792041335,329.1969716930207,8.59783998900978,53.0,163.74682600000003,finite_mle,joint_05063
B_ecc,same_type_exponential_history;lr04_scaled;co2_scaled;mis6_segment;ecc_scaled,6,True,True,,-109.21235526110112,230.42471052220225,,,53.0,163.74682600000003,finite_mle,joint_05063
BP_ecc,same_type_exponential_history;lr04_scaled;co2_scaled;mis6_segment;pre_phase_sin;pre_phase_cos;ecc_scaled,8,True,True,,-100.39099326761476,216.78198653522952,328.7373332925991,7.671884076051159,53.0,163.74682600000003,finite_mle,joint_05063
B_obl,same_type_exponential_history;lr04_scaled;co2_scaled;mis6_segment;obl_scaled,6,True,True,,-110.8319169668136,233.6638339336272,,,53.0,163.74682600000003,finite_mle,joint_05063
BP_obl,same_type_exponential_history;lr04_scaled;co2_scaled;mis6_segment;pre_phase_sin;pre_phase_cos;obl_scaled,8,True,True,,-99.72285163140927,215.44570326281854,329.7478024910234,10.749851849745102,53.0,163.74682600000003,finite_mle,joint_05063
B_insol65n,same_type_exponential_history;lr04_scaled;co2_scaled;mis6_segment;insol65n_scaled,6,True,True,,-103.80559913963918,219.61119827927837,,,53.0,163.74682600000003,finite_mle,joint_05063
BP_insol65n,same_type_exponential_history;lr04_scaled;co2_scaled;mis6_segment;pre_phase_sin;pre_phase_cos;insol65n_scaled,8,True,True,,-99.2648867590722,214.5297735181444,311.0872437363442,4.920349941260874,53.0,163.74682600000003,finite_mle,joint_05063
B,same_type_exponential_history;lr04_scaled;co2_scaled;mis6_segment,5,True,True,,-111.09094584386779,232.18189168773557,,,53.0,165.54981000000004,finite_mle,joint_07777
BP,same_type_exponential_history;lr04_scaled;co2_scaled;mis6_segment;pre_phase_sin;pre_phase_cos,7,True,True,,-104.66061984217234,223.32123968434468,323.64179644126216,4.8390938300558,53.0,165.54981000000004,finite_mle,joint_07777
B_ecc,same_type_exponential_history;lr04_scaled;co2_scaled;mis6_segment;ecc_scaled,6,True,True,,-108.14221661620743,228.28443323241487,,,53.0,165.54981000000004,finite_mle,joint_07777
BP_ecc,same_type_exponential_history;lr04_scaled;co2_scaled;mis6_segment;pre_phase_sin;pre_phase_cos;ecc_scaled,8,True,True,,-103.21014357294612,222.42028714589225,319.80328784372546,4.0154019773216785,53.0,165.54981000000004,finite_mle,joint_07777
B_obl,same_type_exponential_history;lr04_scaled;co2_scaled;mis6_segment;obl_scaled,6,True,True,,-111.02996285569913,234.05992571139825,,,53.0,165.54981000000004,finite_mle,joint_07777
BP_obl,same_type_exponential_history;lr04_scaled;co2_scaled;mis6_segment;pre_phase_sin;pre_phase_cos;obl_scaled,8,True,True,,-103.887299075225,223.77459815045,323.8336437517138,5.592241957769026,53.0,165.54981000000004,finite_mle,joint_07777
B_insol65n,same_type_exponential_history;lr04_scaled;co2_scaled;mis6_segment;insol65n_scaled,6,True,True,,-106.2666353853449,224.5332707706898,,,53.0,165.54981000000004,finite_mle,joint_07777
BP_insol65n,same_type_exponential_history;lr04_scaled;co2_scaled;mis6_segment;pre_phase_sin;pre_phase_cos;insol65n_scaled,8,True,True,,-103.14497615707774,222.28995231415547,292.45946375139397,3.109351322909722,53.0,165.54981000000004,finite_mle,joint_07777
B,same_type_exponential_history;lr04_scaled;co2_scaled;mis6_segment,5,True,True,,-111.35519600724675,232.7103920144935,,,53.0,166.3931,finite_mle,joint_06343
BP,same_type_exponential_history;lr04_scaled;co2_scaled;mis6_segment;pre_phase_sin;pre_phase_cos,7,True,True,,-104.68956515712524,223.3791303142505,322.4631559996497,4.991154819369728,53.0,166.3931,finite_mle,joint_06343
B_ecc,same_type_exponential_history;lr04_scaled;co2_scaled;mis6_segment;ecc_scaled,6,True,True,,-108.408959819009,228.817919638018,,,53.0,166.3931,finite_mle,joint_06343
BP_ecc,same_type_exponential_history;lr04_scaled;co2_scaled;mis6_segment;pre_phase_sin;pre_phase_cos;ecc_scaled,8,True,True,,-103.26022319683463,222.52044639366926,318.5115073798221,4.159625338471631,53.0,166.3931,finite_mle,joint_06343
B_obl,same_type_exponential_history;lr04_scaled;co2_scaled;mis6_segment;obl_scaled,6,True,True,,-111.30159936963786,234.6031987392757,,,53.0,166.3931,finite_mle,joint_06343
BP_obl,same_type_exponential_history;lr04_scaled;co2_scaled;mis6_segment;pre_phase_sin;pre_phase_cos;obl_scaled,8,True,True,,-103.95977359129277,223.91954718258555,322.75567182239985,5.717004114297207,53.0,166.3931,finite_mle,joint_06343
B_insol65n,same_type_exponential_history;lr04_scaled;co2_scaled;mis6_segment;insol65n_scaled,6,True,True,,-106.65497081153768,225.30994162307536,,,53.0,166.3931,finite_mle,joint_06343
BP_insol65n,same_type_exponential_history;lr04_scaled;co2_scaled;mis6_segment;pre_phase_sin;pre_phase_cos;insol65n_scaled,8,True,True,,-103.39510784905545,222.7902156981109,295.42907041473575,3.2731822612046853,53.0,166.3931,finite_mle,joint_06343
B,same_type_exponential_history;lr04_scaled;co2_scaled;mis6_segment,5,True,True,,-110.13118431406684,230.2623686281337,,,53.0,163.82189900000003,finite_mle,joint_09833
BP,same_type_exponential_history;lr04_scaled;co2_scaled;mis6_segment;pre_phase_sin;pre_phase_cos,7,True,True,,-102.79538447619566,219.59076895239133,321.21705767289757,5.654855489604392,53.0,163.82189900000003,finite_mle,joint_09833
B_ecc,same_type_exponential_history;lr04_scaled;co2_scaled;mis6_segment;ecc_scaled,6,True,True,,-108.01657987249885,228.0331597449977,,,53.0,163.82189900000003,finite_mle,joint_09833
BP_ecc,same_type_exponential_history;lr04_scaled;co2_scaled;mis6_segment;pre_phase_sin;pre_phase_cos;ecc_scaled,8,True,True,,-101.96438107809597,219.92876215619194,318.6445387450662,4.914300666137504,53.0,163.82189900000003,finite_mle,joint_09833
B_obl,same_type_exponential_history;lr04_scaled;co2_scaled;mis6_segment;obl_scaled,6,True,True,,-110.12701014157253,232.25402028314505,,,53.0,163.82189900000003,finite_mle,joint_09833
BP_obl,same_type_exponential_history;lr04_scaled;co2_scaled;mis6_segment;pre_phase_sin;pre_phase_cos;obl_scaled,8,True,True,,-102.19372057387748,220.38744114775497,321.7249987607961,6.521555713640866,53.0,163.82189900000003,finite_mle,joint_09833
B_insol65n,same_type_exponential_history;lr04_scaled;co2_scaled;mis6_segment;insol65n_scaled,6,True,True,,-105.57682202509051,223.15364405018101,,,53.0,163.82189900000003,finite_mle,joint_09833
BP_insol65n,same_type_exponential_history;lr04_scaled;co2_scaled;mis6_segment;pre_phase_sin;pre_phase_cos;insol65n_scaled,8,True,True,,-101.61096704691815,219.2219340938363,297.99588573315174,3.843024257141352,53.0,163.82189900000003,finite_mle,joint_09833
B,same_type_exponential_history;lr04_scaled;co2_scaled;mis6_segment,5,True,True,,-109.31996832996182,228.63993665992365,,,53.0,157.48281400000002,finite_mle,joint_05004
BP,same_type_exponential_history;lr04_scaled;co2_scaled;mis6_segment;pre_phase_sin;pre_phase_cos,7,True,True,,-101.19396253718543,216.38792507437086,309.8694689016877,6.55611726308266,53.0,157.48281400000002,finite_mle,joint_05004
B_ecc,same_type_exponential_history;lr04_scaled;co2_scaled;mis6_segment;ecc_scaled,6,True,True,,-106.83998610081673,225.67997220163346,,,53.0,157.48281400000002,finite_mle,joint_05004
BP_ecc,same_type_exponential_history;lr04_scaled;co2_scaled;mis6_segment;pre_phase_sin;pre_phase_cos;ecc_scaled,8,True,True,,-99.19116001187787,214.38232002375574,305.3816194796848,6.318868033628,53.0,157.48281400000002,finite_mle,joint_05004
B_obl,same_type_exponential_history;lr04_scaled;co2_scaled;mis6_segment;obl_scaled,6,True,True,,-109.19194845125895,230.3838969025179,,,53.0,157.48281400000002,finite_mle,joint_05004
BP_obl,same_type_exponential_history;lr04_scaled;co2_scaled;mis6_segment;pre_phase_sin;pre_phase_cos;obl_scaled,8,True,True,,-99.03137866218623,214.06275732437246,310.88160420057915,9.739824507217874,53.0,157.48281400000002,finite_mle,joint_05004
B_insol65n,same_type_exponential_history;lr04_scaled;co2_scaled;mis6_segment;insol65n_scaled,6,True,True,,-106.03255620398178,224.06511240796357,,,53.0,157.48281400000002,finite_mle,joint_05004
BP_insol65n,same_type_exponential_history;lr04_scaled;co2_scaled;mis6_segment;pre_phase_sin;pre_phase_cos;insol65n_scaled,8,True,True,,-99.55623513216585,215.1124702643317,282.8889403154373,5.339116053233161,53.0,157.48281400000002,finite_mle,joint_05004
B,same_type_exponential_history;lr04_scaled;co2_scaled;mis6_segment,5,True,True,,-111.2970104526793,232.5940209053586,,,53.0,164.093299,finite_mle,joint_03849
BP,same_type_exponential_history;lr04_scaled;co2_scaled;mis6_segment;pre_phase_sin;pre_phase_cos,7,True,True,,-101.35450197388082,216.70900394776163,325.4397471937726,8.047738742065631,53.0,164.093299,finite_mle,joint_03849
B_ecc,same_type_exponential_history;lr04_scaled;co2_scaled;mis6_segment;ecc_scaled,6,True,True,,-108.74678794173366,229.49357588346732,,,53.0,164.093299,finite_mle,joint_03849
BP_ecc,same_type_exponential_history;lr04_scaled;co2_scaled;mis6_segment;pre_phase_sin;pre_phase_cos;ecc_scaled,8,True,True,,-100.38209756997713,216.76419513995427,323.5396052199521,6.827130619828055,53.0,164.093299,finite_mle,joint_03849
B_obl,same_type_exponential_history;lr04_scaled;co2_scaled;mis6_segment;obl_scaled,6,True,True,,-111.25482082376408,234.50964164752816,,,53.0,164.093299,finite_mle,joint_03849
BP_obl,same_type_exponential_history;lr04_scaled;co2_scaled;mis6_segment;pre_phase_sin;pre_phase_cos;obl_scaled,8,True,True,,-100.03801024829087,216.07602049658175,325.5787370352973,10.325915212475397,53.0,164.093299,finite_mle,joint_03849
B_insol65n,same_type_exponential_history;lr04_scaled;co2_scaled;mis6_segment;insol65n_scaled,6,True,True,,-103.9841938615435,219.968387723087,,,53.0,164.093299,finite_mle,joint_03849
BP_insol65n,same_type_exponential_history;lr04_scaled;co2_scaled;mis6_segment;pre_phase_sin;pre_phase_cos;insol65n_scaled,8,True,True,,-98.85455104620834,213.70910209241669,296.0450645591415,4.687456032917975,53.0,164.093299,finite_mle,joint_03849
B,same_type_exponential_history;lr04_scaled;co2_scaled;mis6_segment,5,True,True,,-111.1413143969559,232.2826287939118,,,53.0,168.478629,finite_mle,joint_07446
BP,same_type_exponential_history;lr04_scaled;co2_scaled;mis6_segment;pre_phase_sin;pre_phase_cos,7,True,True,,-105.44941753267874,224.89883506535747,338.27323778354906,4.424224748970833,53.0,168.478629,finite_mle,joint_07446
B_ecc,same_type_exponential_history;lr04_scaled;co2_scaled;mis6_segment;ecc_scaled,6,True,True,,-110.45681113390883,232.91362226781766,,,53.0,168.478629,finite_mle,joint_07446
BP_ecc,same_type_exponential_history;lr04_scaled;co2_scaled;mis6_segment;pre_phase_sin;pre_phase_cos;ecc_scaled,8,True,True,,-105.32863420063282,226.65726840126564,337.7877536505697,4.196967044662165,53.0,168.478629,finite_mle,joint_07446
B_obl,same_type_exponential_history;lr04_scaled;co2_scaled;mis6_segment;obl_scaled,6,True,True,,-111.14048280514345,234.2809656102869,,,53.0,168.478629,finite_mle,joint_07446
BP_obl,same_type_exponential_history;lr04_scaled;co2_scaled;mis6_segment;pre_phase_sin;pre_phase_cos;obl_scaled,8,True,True,,-105.04329253378984,226.08658506757968,337.7608424902608,4.979568184771287,53.0,168.478629,finite_mle,joint_07446
B_insol65n,same_type_exponential_history;lr04_scaled;co2_scaled;mis6_segment;insol65n_scaled,6,True,True,,-106.81784416335934,225.63568832671868,,,53.0,168.478629,finite_mle,joint_07446
BP_insol65n,same_type_exponential_history;lr04_scaled;co2_scaled;mis6_segment;pre_phase_sin;pre_phase_cos;insol65n_scaled,8,True,True,,-104.87762961550916,225.75525923101833,326.13128944606933,2.9304025849551127,53.0,168.478629,finite_mle,joint_07446
B,same_type_exponential_history;lr04_scaled;co2_scaled;mis6_segment,5,True,True,,-109.9795956567767,229.9591913135534,,,53.0,161.66575600000004,finite_mle,joint_02911
BP,same_type_exponential_history;lr04_scaled;co2_scaled;mis6_segment;pre_phase_sin;pre_phase_cos,7,True,True,,-101.62074621610685,217.2414924322137,324.63362172843426,6.771495678498227,53.0,161.66575600000004,finite_mle,joint_02911
B_ecc,same_type_exponential_history;lr04_scaled;co2_scaled;mis6_segment;ecc_scaled,6,True,True,,-109.00778351552995,230.0155670310599,,,53.0,161.66575600000004,finite_mle,joint_02911
BP_ecc,same_type_exponential_history;lr04_scaled;co2_scaled;mis6_segment;pre_phase_sin;pre_phase_cos;ecc_scaled,8,True,True,,-101.38513077163647,218.77026154327294,324.169871621433,6.318196803301552,53.0,161.66575600000004,finite_mle,joint_02911
B_obl,same_type_exponential_history;lr04_scaled;co2_scaled;mis6_segment;obl_scaled,6,True,True,,-109.97697239739779,231.95394479479558,,,53.0,161.66575600000004,finite_mle,joint_02911
BP_obl,same_type_exponential_history;lr04_scaled;co2_scaled;mis6_segment;pre_phase_sin;pre_phase_cos;obl_scaled,8,True,True,,-100.86053269743053,217.72106539486106,325.4638198497714,8.283795913000047,53.0,161.66575600000004,finite_mle,joint_02911
B_insol65n,same_type_exponential_history;lr04_scaled;co2_scaled;mis6_segment;insol65n_scaled,6,True,True,,-105.22840353545715,222.4568070709143,,,53.0,161.66575600000004,finite_mle,joint_02911
BP_insol65n,same_type_exponential_history;lr04_scaled;co2_scaled;mis6_segment;pre_phase_sin;pre_phase_cos;insol65n_scaled,8,True,True,,-100.71263216743138,217.42526433486276,309.37869485130216,4.647756173249564,53.0,161.66575600000004,finite_mle,joint_02911
B,same_type_exponential_history;lr04_scaled;co2_scaled;mis6_segment,5,True,True,,-111.65929268607199,233.31858537214399,,,53.0,165.276271,finite_mle,joint_04331
BP,same_type_exponential_history;lr04_scaled;co2_scaled;mis6_segment;pre_phase_sin;pre_phase_cos,7,True,True,,-101.03493970308811,216.06987940617623,331.4012676701695,9.08956077302561,53.0,165.276271,finite_mle,joint_04331
B_ecc,same_type_exponential_history;lr04_scaled;co2_scaled;mis6_segment;ecc_scaled,6,True,True,,-108.95235149469156,229.9047029893831,,,53.0,165.276271,finite_mle,joint_04331
BP_ecc,same_type_exponential_history;lr04_scaled;co2_scaled;mis6_segment;pre_phase_sin;pre_phase_cos;ecc_scaled,8,True,True,,-99.9336607114757,215.8673214229514,330.3788835823051,7.674979077662388,53.0,165.276271,finite_mle,joint_04331
B_obl,same_type_exponential_history;lr04_scaled;co2_scaled;mis6_segment;obl_scaled,6,True,True,,-111.65566066311305,235.3113213262261,,,53.0,165.276271,finite_mle,joint_04331
BP_obl,same_type_exponential_history;lr04_scaled;co2_scaled;mis6_segment;pre_phase_sin;pre_phase_cos;obl_scaled,8,True,True,,-100.07120926708787,216.14241853417573,331.22813673750665,11.299489306585377,53.0,165.276271,finite_mle,joint_04331
B_insol65n,same_type_exponential_history;lr04_scaled;co2_scaled;mis6_segment;insol65n_scaled,6,True,True,,-104.0180330829017,220.0360661658034,,,53.0,165.276271,finite_mle,joint_04331
BP_insol65n,same_type_exponential_history;lr04_scaled;co2_scaled;mis6_segment;pre_phase_sin;pre_phase_cos;insol65n_scaled,8,True,True,,-99.41066013973091,214.82132027946182,312.83246681935924,5.052810660016873,53.0,165.276271,finite_mle,joint_04331
B,same_type_exponential_history;lr04_scaled;co2_scaled;mis6_segment,5,True,True,,-111.11277880848726,232.22555761697453,,,53.0,169.31983300000002,finite_mle,joint_09476
BP,same_type_exponential_history;lr04_scaled;co2_scaled;mis6_segment;pre_phase_sin;pre_phase_cos,7,True,True,,-105.4653912158335,224.930782431667,336.7685937679536,4.420079260258634,53.0,169.31983300000002,finite_mle,joint_09476
B_ecc,same_type_exponential_history;lr04_scaled;co2_scaled;mis6_segment;ecc_scaled,6,True,True,,-109.99117620856848,231.98235241713695,,,53.0,169.31983300000002,finite_mle,joint_09476
BP_ecc,same_type_exponential_history;lr04_scaled;co2_scaled;mis6_segment;pre_phase_sin;pre_phase_cos;ecc_scaled,8,True,True,,-105.09418974184845,226.1883794836969,335.399511498377,4.056181505316825,53.0,169.31983300000002,finite_mle,joint_09476
B_obl,same_type_exponential_history;lr04_scaled;co2_scaled;mis6_segment;obl_scaled,6,True,True,,-111.10676861317859,234.21353722635718,,,53.0,169.31983300000002,finite_mle,joint_09476
BP_obl,same_type_exponential_history;lr04_scaled;co2_scaled;mis6_segment;pre_phase_sin;pre_phase_cos;obl_scaled,8,True,True,,-105.01143622701089,226.02287245402178,336.14946386850073,5.003433129465459,53.0,169.31983300000002,finite_mle,joint_09476
B_insol65n,same_type_exponential_history;lr04_scaled;co2_scaled;mis6_segment;insol65n_scaled,6,True,True,,-107.07658101032331,226.15316202064662,,,53.0,169.31983300000002,finite_mle,joint_09476
BP_insol65n,same_type_exponential_history;lr04_scaled;co2_scaled;mis6_segment;pre_phase_sin;pre_phase_cos;insol65n_scaled,8,True,True,,-105.00475053551031,226.00950107102062,325.19299956668806,3.0385870215329835,53.0,169.31983300000002,finite_mle,joint_09476
B,same_type_exponential_history;lr04_scaled;co2_scaled;mis6_segment,5,True,True,,-109.61053626748026,229.2210725349605,,,53.0,158.30803000000003,finite_mle,joint_03297
BP,same_type_exponential_history;lr04_scaled;co2_scaled;mis6_segment;pre_phase_sin;pre_phase_cos,7,True,True,,-100.09810753636674,214.19621507273348,314.39587392086014,8.027224099533257,53.0,158.30803000000003,finite_mle,joint_03297
B_ecc,same_type_exponential_history;lr04_scaled;co2_scaled;mis6_segment;ecc_scaled,6,True,True,,-106.77409444374578,225.54818888749156,,,53.0,158.30803000000003,finite_mle,joint_03297
BP_ecc,same_type_exponential_history;lr04_scaled;co2_scaled;mis6_segment;pre_phase_sin;pre_phase_cos;ecc_scaled,8,True,True,,-98.02900354336623,212.05800708673246,311.60378778952247,7.544841690043652,53.0,158.30803000000003,finite_mle,joint_03297
B_obl,same_type_exponential_history;lr04_scaled;co2_scaled;mis6_segment;obl_scaled,6,True,True,,-109.60962644214962,231.21925288429924,,,53.0,158.30803000000003,finite_mle,joint_03297
BP_obl,same_type_exponential_history;lr04_scaled;co2_scaled;mis6_segment;pre_phase_sin;pre_phase_cos;obl_scaled,8,True,True,,-98.888164581147,213.776329162294,315.4495523200108,10.66689653158993,53.0,158.30803000000003,finite_mle,joint_03297
B_insol65n,same_type_exponential_history;lr04_scaled;co2_scaled;mis6_segment;insol65n_scaled,6,True,True,,-106.11017655949072,224.22035311898145,,,53.0,158.30803000000003,finite_mle,joint_03297
BP_insol65n,same_type_exponential_history;lr04_scaled;co2_scaled;mis6_segment;pre_phase_sin;pre_phase_cos;insol65n_scaled,8,True,True,,-99.27351856074245,214.5470371214849,298.11535174786206,6.115316572326578,53.0,158.30803000000003,finite_mle,joint_03297
B,same_type_exponential_history;lr04_scaled;co2_scaled;mis6_segment,5,True,True,,-110.65311039771936,231.30622079543872,,,53.0,164.767224,finite_mle,joint_00293
BP,same_type_exponential_history;lr04_scaled;co2_scaled;mis6_segment;pre_phase_sin;pre_phase_cos,7,True,True,,-101.3817704533301,216.7635409066602,329.22679749549,7.574187829253434,53.0,164.767224,finite_mle,joint_00293
B_ecc,same_type_exponential_history;lr04_scaled;co2_scaled;mis6_segment;ecc_scaled,6,True,True,,-109.65866559080743,231.31733118161486,,,53.0,164.767224,finite_mle,joint_00293
BP_ecc,same_type_exponential_history;lr04_scaled;co2_scaled;mis6_segment;pre_phase_sin;pre_phase_cos;ecc_scaled,8,True,True,,-101.24556194872468,218.49112389744937,328.74331512824074,7.103708763926183,53.0,164.767224,finite_mle,joint_00293
B_obl,same_type_exponential_history;lr04_scaled;co2_scaled;mis6_segment;obl_scaled,6,True,True,,-110.6471281932836,233.2942563865672,,,53.0,164.767224,finite_mle,joint_00293
BP_obl,same_type_exponential_history;lr04_scaled;co2_scaled;mis6_segment;pre_phase_sin;pre_phase_cos;obl_scaled,8,True,True,,-100.4844106363987,216.9688212727974,329.6079248012561,9.330583089382516,53.0,164.767224,finite_mle,joint_00293
B_insol65n,same_type_exponential_history;lr04_scaled;co2_scaled;mis6_segment;insol65n_scaled,6,True,True,,-104.24456411948012,220.48912823896023,,,53.0,164.767224,finite_mle,joint_00293
BP_insol65n,same_type_exponential_history;lr04_scaled;co2_scaled;mis6_segment;pre_phase_sin;pre_phase_cos;insol65n_scaled,8,True,True,,-99.96654225740339,215.93308451480678,310.68407495412544,4.542017156167215,53.0,164.767224,finite_mle,joint_00293
B,same_type_exponential_history;lr04_scaled;co2_scaled;mis6_segment,5,True,True,,-111.40525353657273,232.81050707314546,,,53.0,167.92100200000002,finite_mle,joint_03101
BP,same_type_exponential_history;lr04_scaled;co2_scaled;mis6_segment;pre_phase_sin;pre_phase_cos,7,True,True,,-105.4660869996633,224.9321739993266,334.75366004724333,4.515390425997066,53.0,167.92100200000002,finite_mle,joint_03101
B_ecc,same_type_exponential_history;lr04_scaled;co2_scaled;mis6_segment;ecc_scaled,6,True,True,,-110.01416389761084,232.02832779522168,,,53.0,167.92100200000002,finite_mle,joint_03101
BP_ecc,same_type_exponential_history;lr04_scaled;co2_scaled;mis6_segment;pre_phase_sin;pre_phase_cos;ecc_scaled,8,True,True,,-104.99399448562804,225.98798897125607,333.2195373542014,4.072513278056237,53.0,167.92100200000002,finite_mle,joint_03101
B_obl,same_type_exponential_history;lr04_scaled;co2_scaled;mis6_segment;obl_scaled,6,True,True,,-111.37621181788037,234.75242363576075,,,53.0,167.92100200000002,finite_mle,joint_03101
BP_obl,same_type_exponential_history;lr04_scaled;co2_scaled;mis6_segment;pre_phase_sin;pre_phase_cos;obl_scaled,8,True,True,,-104.8499534934871,225.6999069869742,334.02394340718195,5.2012180625322175,53.0,167.92100200000002,finite_mle,joint_03101
B_insol65n,same_type_exponential_history;lr04_scaled;co2_scaled;mis6_segment;insol65n_scaled,6,True,True,,-106.34875937603056,224.69751875206111,,,53.0,167.92100200000002,finite_mle,joint_03101
BP_insol65n,same_type_exponential_history;lr04_scaled;co2_scaled;mis6_segment;pre_phase_sin;pre_phase_cos;insol65n_scaled,8,True,True,,-104.3377628737595,224.675525747519,311.34576691858405,2.678248788075733,53.0,167.92100200000002,finite_mle,joint_03101
B,same_type_exponential_history;lr04_scaled;co2_scaled;mis6_segment,5,True,True,,-110.66133371846286,231.3226674369257,,,53.0,166.51236,finite_mle,joint_02172
BP,same_type_exponential_history;lr04_scaled;co2_scaled;mis6_segment;pre_phase_sin;pre_phase_cos,7,True,True,,-106.75122219766112,227.50244439532224,327.60934420489764,3.368310911049662,53.0,166.51236,finite_mle,joint_02172
B_ecc,same_type_exponential_history;lr04_scaled;co2_scaled;mis6_segment;ecc_scaled,6,True,True,,-109.63289964954096,231.26579929908192,,,53.0,166.51236,finite_mle,joint_02172
BP_ecc,same_type_exponential_history;lr04_scaled;co2_scaled;mis6_segment;pre_phase_sin;pre_phase_cos;ecc_scaled,8,True,True,,-106.33652302911844,228.67304605823688,325.35567586489515,3.1027700888072887,53.0,166.51236,finite_mle,joint_02172
B_obl,same_type_exponential_history;lr04_scaled;co2_scaled;mis6_segment;obl_scaled,6,True,True,,-110.64022808429972,233.28045616859944,,,53.0,166.51236,finite_mle,joint_02172
BP_obl,same_type_exponential_history;lr04_scaled;co2_scaled;mis6_segment;pre_phase_sin;pre_phase_cos;obl_scaled,8,True,True,,-106.33982747829457,228.67965495658913,327.70120113618225,3.761629589210078,53.0,166.51236,finite_mle,joint_02172
B_insol65n,same_type_exponential_history;lr04_scaled;co2_scaled;mis6_segment;insol65n_scaled,6,True,True,,-108.03355397417133,228.06710794834265,,,53.0,166.51236,finite_mle,joint_02172
BP_insol65n,same_type_exponential_history;lr04_scaled;co2_scaled;mis6_segment;pre_phase_sin;pre_phase_cos;insol65n_scaled,8,True,True,,-106.29907906649954,228.5981581329991,309.9941680971516,2.4794193320178364,53.0,166.51236,finite_mle,joint_02172
B,same_type_exponential_history;lr04_scaled;co2_scaled;mis6_segment,5,True,True,,-111.32284026383324,232.64568052766649,,,53.0,165.913339,finite_mle,joint_05122
BP,same_type_exponential_history;lr04_scaled;co2_scaled;mis6_segment;pre_phase_sin;pre_phase_cos,7,True,True,,-102.76986891796346,219.53973783592693,326.8854737920427,6.686841874592765,53.0,165.913339,finite_mle,joint_05122
B_ecc,same_type_exponential_history;lr04_scaled;co2_scaled;mis6_segment;ecc_scaled,6,True,True,,-109.53914840207,231.07829680414,,,53.0,165.913339,finite_mle,joint_05122
BP_ecc,same_type_exponential_history;lr04_scaled;co2_scaled;mis6_segment;pre_phase_sin;pre_phase_cos;ecc_scaled,8,True,True,,-102.1754300813136,220.3508601626272,325.30028598307405,5.896571991860506,53.0,165.913339,finite_mle,joint_05122
B_obl,same_type_exponential_history;lr04_scaled;co2_scaled;mis6_segment;obl_scaled,6,True,True,,-111.25025548083153,234.50051096166305,,,53.0,165.913339,finite_mle,joint_05122
BP_obl,same_type_exponential_history;lr04_scaled;co2_scaled;mis6_segment;pre_phase_sin;pre_phase_cos;obl_scaled,8,True,True,,-101.54402653656183,219.08805307312366,327.01060816759076,8.352701672502349,53.0,165.913339,finite_mle,joint_05122
B_insol65n,same_type_exponential_history;lr04_scaled;co2_scaled;mis6_segment;insol65n_scaled,6,True,True,,-104.97641944765155,221.9528388953031,,,53.0,165.913339,finite_mle,joint_05122
BP_insol65n,same_type_exponential_history;lr04_scaled;co2_scaled;mis6_segment;pre_phase_sin;pre_phase_cos;insol65n_scaled,8,True,True,,-100.9870309694717,217.9740619389434,301.78023324926943,3.965268355115178,53.0,165.913339,finite_mle,joint_05122
B,same_type_exponential_history;lr04_scaled;co2_scaled;mis6_segment,5,True,True,,-111.1061866734889,232.2123733469778,,,53.0,162.99918700000006,finite_mle,joint_04431
BP,same_type_exponential_history;lr04_scaled;co2_scaled;mis6_segment;pre_phase_sin;pre_phase_cos,7,True,True,,-102.5912666281659,219.1825332563318,331.60231660739396,6.7329612637043255,53.0,162.99918700000006,finite_mle,joint_04431
B_ecc,same_type_exponential_history;lr04_scaled;co2_scaled;mis6_segment;ecc_scaled,6,True,True,,-109.1180375637978,230.2360751275956,,,53.0,162.99918700000006,finite_mle,joint_04431
BP_ecc,same_type_exponential_history;lr04_scaled;co2_scaled;mis6_segment;pre_phase_sin;pre_phase_cos;ecc_scaled,8,True,True,,-101.70943312785039,219.41886625570078,330.4129658436091,5.866954983492215,53.0,162.99918700000006,finite_mle,joint_04431
B_obl,same_type_exponential_history;lr04_scaled;co2_scaled;mis6_segment;obl_scaled,6,True,True,,-111.01772098867167,234.03544197734334,,,53.0,162.99918700000006,finite_mle,joint_04431
BP_obl,same_type_exponential_history;lr04_scaled;co2_scaled;mis6_segment;pre_phase_sin;pre_phase_cos;obl_scaled,8,True,True,,-100.94085492001216,217.8817098400243,331.2261171461556,8.980275654585316,53.0,162.99918700000006,finite_mle,joint_04431
B_insol65n,same_type_exponential_history;lr04_scaled;co2_scaled;mis6_segment;insol65n_scaled,6,True,True,,-103.257701488704,218.515402977408,,,53.0,162.99918700000006,finite_mle,joint_04431
BP_insol65n,same_type_exponential_history;lr04_scaled;co2_scaled;mis6_segment;pre_phase_sin;pre_phase_cos;insol65n_scaled,8,True,True,,-99.64992774670873,215.29985549341745,297.66364338033236,3.551496897094998,53.0,162.99918700000006,finite_mle,joint_04431
B,same_type_exponential_history;lr04_scaled;co2_scaled;mis6_segment,5,True,True,,-111.16113833267832,232.32227666535664,,,53.0,165.720163,finite_mle,joint_06761
BP,same_type_exponential_history;lr04_scaled;co2_scaled;mis6_segment;pre_phase_sin;pre_phase_cos,7,True,True,,-101.13682143683624,216.2736428736725,326.78510842310095,8.041171718998974,53.0,165.720163,finite_mle,joint_06761
B_ecc,same_type_exponential_history;lr04_scaled;co2_scaled;mis6_segment;ecc_scaled,6,True,True,,-109.25940073833334,230.51880147666668,,,53.0,165.720163,finite_mle,joint_06761
BP_ecc,same_type_exponential_history;lr04_scaled;co2_scaled;mis6_segment;pre_phase_sin;pre_phase_cos;ecc_scaled,8,True,True,,-100.58811364081717,217.17622728163434,325.40577761934355,7.06342724216663,53.0,165.720163,finite_mle,joint_06761
B_obl,same_type_exponential_history;lr04_scaled;co2_scaled;mis6_segment;obl_scaled,6,True,True,,-111.1558390072633,234.3116780145266,,,53.0,165.720163,finite_mle,joint_06761
BP_obl,same_type_exponential_history;lr04_scaled;co2_scaled;mis6_segment;pre_phase_sin;pre_phase_cos;obl_scaled,8,True,True,,-100.28271014032407,216.56542028064814,326.88496585077235,9.677849624027047,53.0,165.720163,finite_mle,joint_06761
B_insol65n,same_type_exponential_history;lr04_scaled;co2_scaled;mis6_segment;insol65n_scaled,6,True,True,,-104.74252810264232,221.48505620528465,,,53.0,165.720163,finite_mle,joint_06761
BP_insol65n,same_type_exponential_history;lr04_scaled;co2_scaled;mis6_segment;pre_phase_sin;pre_phase_cos;insol65n_scaled,8,True,True,,-99.79096115373909,215.58192230747818,307.69652610823925,4.953732292614023,53.0,165.720163,finite_mle,joint_06761
B,same_type_exponential_history;lr04_scaled;co2_scaled;mis6_segment,5,True,True,,-111.51142798110945,233.0228559622189,,,53.0,163.51581000000004,finite_mle,joint_08951
BP,same_type_exponential_history;lr04_scaled;co2_scaled;mis6_segment;pre_phase_sin;pre_phase_cos,7,True,True,,-102.9908459360413,219.9816918720826,336.66905410700383,6.757784865203047,53.0,163.51581000000004,finite_mle,joint_08951
B_ecc,same_type_exponential_history;lr04_scaled;co2_scaled;mis6_segment;ecc_scaled,6,True,True,,-109.57027159647077,231.14054319294155,,,53.0,163.51581000000004,finite_mle,joint_08951
BP_ecc,same_type_exponential_history;lr04_scaled;co2_scaled;mis6_segment;pre_phase_sin;pre_phase_cos;ecc_scaled,8,True,True,,-102.21145366548853,220.42290733097707,336.1694009695827,5.911049299106022,53.0,163.51581000000004,finite_mle,joint_08951
B_obl,same_type_exponential_history;lr04_scaled;co2_scaled;mis6_segment;obl_scaled,6,True,True,,-111.48546877447856,234.97093754895712,,,53.0,163.51581000000004,finite_mle,joint_08951
BP_obl,same_type_exponential_history;lr04_scaled;co2_scaled;mis6_segment;pre_phase_sin;pre_phase_cos;obl_scaled,8,True,True,,-101.89581933542993,219.79163867085987,336.057577287678,8.558196455054428,53.0,163.51581000000004,finite_mle,joint_08951
B_insol65n,same_type_exponential_history;lr04_scaled;co2_scaled;mis6_segment;insol65n_scaled,6,True,True,,-104.09978887275798,220.19957774551597,,,53.0,163.51581000000004,finite_mle,joint_08951
BP_insol65n,same_type_exponential_history;lr04_scaled;co2_scaled;mis6_segment;pre_phase_sin;pre_phase_cos;insol65n_scaled,8,True,True,,-101.1625836286449,218.3251672572898,314.1655013529399,3.5199480730019372,53.0,163.51581000000004,finite_mle,joint_08951
B,same_type_exponential_history;lr04_scaled;co2_scaled;mis6_segment,5,True,True,,-109.93322996610345,229.8664599322069,,,53.0,164.64913400000006,finite_mle,joint_05931
BP,same_type_exponential_history;lr04_scaled;co2_scaled;mis6_segment;pre_phase_sin;pre_phase_cos,7,True,True,,-100.98486705402539,215.96973410805077,336.82547252058885,7.197992624952767,53.0,164.64913400000006,finite_mle,joint_05931
B_ecc,same_type_exponential_history;lr04_scaled;co2_scaled;mis6_segment;ecc_scaled,6,True,True,,-109.2516822500861,230.5033645001722,,,53.0,164.64913400000006,finite_mle,joint_05931
BP_ecc,same_type_exponential_history;lr04_scaled;co2_scaled;mis6_segment;pre_phase_sin;pre_phase_cos;ecc_scaled,8,True,True,,-100.9774452569066,217.9548905138132,336.77292600672246,7.062982741617151,53.0,164.64913400000006,finite_mle,joint_05931
B_obl,same_type_exponential_history;lr04_scaled;co2_scaled;mis6_segment;obl_scaled,6,True,True,,-109.89926037545322,231.79852075090645,,,53.0,164.64913400000006,finite_mle,joint_05931
BP_obl,same_type_exponential_history;lr04_scaled;co2_scaled;mis6_segment;pre_phase_sin;pre_phase_cos;obl_scaled,8,True,True,,-100.68182607400082,217.36365214800165,336.99128674881706,8.007481367809325,53.0,164.64913400000006,finite_mle,joint_05931
B_insol65n,same_type_exponential_history;lr04_scaled;co2_scaled;mis6_segment;insol65n_scaled,6,True,True,,-103.94624491865105,219.8924898373021,,,53.0,164.64913400000006,finite_mle,joint_05931
BP_insol65n,same_type_exponential_history;lr04_scaled;co2_scaled;mis6_segment;pre_phase_sin;pre_phase_cos;insol65n_scaled,8,True,True,,-100.36030274432792,216.72060548865585,328.05133459867096,4.659652647628237,53.0,164.64913400000006,finite_mle,joint_05931
B,same_type_exponential_history;lr04_scaled;co2_scaled;mis6_segment,5,True,True,,-111.49679550535114,232.9935910107023,,,53.0,164.70945,finite_mle,joint_00007
BP,same_type_exponential_history;lr04_scaled;co2_scaled;mis6_segment;pre_phase_sin;pre_phase_cos,7,True,True,,-102.31165675729342,218.62331351458684,328.4963034305116,7.150707629368939,53.0,164.70945,finite_mle,joint_00007
B_ecc,same_type_exponential_history;lr04_scaled;co2_scaled;mis6_segment;ecc_scaled,6,True,True,,-109.20591096088683,230.41182192177365,,,53.0,164.70945,finite_mle,joint_00007
BP_ecc,same_type_exponential_history;lr04_scaled;co2_scaled;mis6_segment;pre_phase_sin;pre_phase_cos;ecc_scaled,8,True,True,,-101.38230344897158,218.76460689794317,327.2319667802235,6.16889250562006,53.0,164.70945,finite_mle,joint_00007
B_obl,same_type_exponential_history;lr04_scaled;co2_scaled;mis6_segment;obl_scaled,6,True,True,,-111.46042191642884,234.92084383285768,,,53.0,164.70945,finite_mle,joint_00007
BP_obl,same_type_exponential_history;lr04_scaled;co2_scaled;mis6_segment;pre_phase_sin;pre_phase_cos;obl_scaled,8,True,True,,-101.02182694510148,218.04365389020296,328.3494581804821,9.16946895955381,53.0,164.70945,finite_mle,joint_00007
B_insol65n,same_type_exponential_history;lr04_scaled;co2_scaled;mis6_segment;insol65n_scaled,6,True,True,,-104.41652275575947,220.83304551151895,,,53.0,164.70945,finite_mle,joint_00007
BP_insol65n,same_type_exponential_history;lr04_scaled;co2_scaled;mis6_segment;pre_phase_sin;pre_phase_cos;insol65n_scaled,8,True,True,,-100.1422944416992,216.2845888833984,301.30202877657877,4.085331082427819,53.0,164.70945,finite_mle,joint_00007
B,same_type_exponential_history;lr04_scaled;co2_scaled;mis6_segment,5,True,True,,-111.40233776606404,232.80467553212807,,,53.0,163.61921400000006,finite_mle,joint_06647
BP,same_type_exponential_history;lr04_scaled;co2_scaled;mis6_segment;pre_phase_sin;pre_phase_cos,7,True,True,,-102.78613075613276,219.57226151226553,325.39068835769615,6.716229685688068,53.0,163.61921400000006,finite_mle,joint_06647
B_ecc,same_type_exponential_history;lr04_scaled;co2_scaled;mis6_segment;ecc_scaled,6,True,True,,-108.65052806979419,229.30105613958838,,,53.0,163.61921400000006,finite_mle,joint_06647
BP_ecc,same_type_exponential_history;lr04_scaled;co2_scaled;mis6_segment;pre_phase_sin;pre_phase_cos;ecc_scaled,8,True,True,,-101.48646470762634,218.97292941525268,323.45529093540625,5.679655063255312,53.0,163.61921400000006,finite_mle,joint_06647
B_obl,same_type_exponential_history;lr04_scaled;co2_scaled;mis6_segment;obl_scaled,6,True,True,,-111.2712645952893,234.5425291905786,,,53.0,163.61921400000006,finite_mle,joint_06647
BP_obl,same_type_exponential_history;lr04_scaled;co2_scaled;mis6_segment;pre_phase_sin;pre_phase_cos;obl_scaled,8,True,True,,-101.05863727780579,218.11727455561157,325.482518670568,8.995176849574591,53.0,163.61921400000006,finite_mle,joint_06647
B_insol65n,same_type_exponential_history;lr04_scaled;co2_scaled;mis6_segment;insol65n_scaled,6,True,True,,-104.25830781447294,220.51661562894589,,,53.0,163.61921400000006,finite_mle,joint_06647
BP_insol65n,same_type_exponential_history;lr04_scaled;co2_scaled;mis6_segment;pre_phase_sin;pre_phase_cos;insol65n_scaled,8,True,True,,-99.85710275528793,215.71420551057585,288.9233509796838,3.9599546765713733,53.0,163.61921400000006,finite_mle,joint_06647
B,same_type_exponential_history;lr04_scaled;co2_scaled;mis6_segment,5,True,True,,-111.13874619721352,232.27749239442704,,,53.0,167.27531100000004,finite_mle,joint_03968
BP,same_type_exponential_history;lr04_scaled;co2_scaled;mis6_segment;pre_phase_sin;pre_phase_cos,7,True,True,,-104.51966106732073,223.03932213464145,326.27295410931396,5.018874756186715,53.0,167.27531100000004,finite_mle,joint_03968
B_ecc,same_type_exponential_history;lr04_scaled;co2_scaled;mis6_segment;ecc_scaled,6,True,True,,-108.18388614608959,228.36777229217918,,,53.0,167.27531100000004,finite_mle,joint_03968
BP_ecc,same_type_exponential_history;lr04_scaled;co2_scaled;mis6_segment;pre_phase_sin;pre_phase_cos;ecc_scaled,8,True,True,,-103.09780249419711,222.19560498839422,322.7312966730569,4.178155635841293,53.0,167.27531100000004,finite_mle,joint_03968
B_obl,same_type_exponential_history;lr04_scaled;co2_scaled;mis6_segment;obl_scaled,6,True,True,,-111.09306882931895,234.1861376586379,,,53.0,167.27531100000004,finite_mle,joint_03968
BP_obl,same_type_exponential_history;lr04_scaled;co2_scaled;mis6_segment;pre_phase_sin;pre_phase_cos;obl_scaled,8,True,True,,-103.84695392503039,223.69390785006078,326.15760541297817,5.7505466151605145,53.0,167.27531100000004,finite_mle,joint_03968
B_insol65n,same_type_exponential_history;lr04_scaled;co2_scaled;mis6_segment;insol65n_scaled,6,True,True,,-106.34755713602979,224.69511427205958,,,53.0,167.27531100000004,finite_mle,joint_03968
BP_insol65n,same_type_exponential_history;lr04_scaled;co2_scaled;mis6_segment;pre_phase_sin;pre_phase_cos;insol65n_scaled,8,True,True,,-103.40681083222418,222.81362166444836,302.2739177093524,3.207286321443111,53.0,167.27531100000004,finite_mle,joint_03968
B,same_type_exponential_history;lr04_scaled;co2_scaled;mis6_segment,5,True,True,,-110.83574852114452,231.67149704228905,,,53.0,166.17478900000003,finite_mle,joint_09038
BP,same_type_exponential_history;lr04_scaled;co2_scaled;mis6_segment;pre_phase_sin;pre_phase_cos,7,True,True,,-103.65404857745011,221.30809715490022,331.54363269929905,5.518692357668212,53.0,166.17478900000003,finite_mle,joint_09038
B_ecc,same_type_exponential_history;lr04_scaled;co2_scaled;mis6_segment;ecc_scaled,6,True,True,,-109.2638428513606,230.5276857027212,,,53.0,166.17478900000003,finite_mle,joint_09038
BP_ecc,same_type_exponential_history;lr04_scaled;co2_scaled;mis6_segment;pre_phase_sin;pre_phase_cos;ecc_scaled,8,True,True,,-103.13193202480335,222.2638640496067,330.10031671531203,4.933393148431938,53.0,166.17478900000003,finite_mle,joint_09038
B_obl,same_type_exponential_history;lr04_scaled;co2_scaled;mis6_segment;obl_scaled,6,True,True,,-110.82923851696424,233.65847703392848,,,53.0,166.17478900000003,finite_mle,joint_09038
BP_obl,same_type_exponential_history;lr04_scaled;co2_scaled;mis6_segment;pre_phase_sin;pre_phase_cos;obl_scaled,8,True,True,,-103.02918618002886,222.05837236005772,331.3326368965387,6.4403538658361965,53.0,166.17478900000003,finite_mle,joint_09038
B_insol65n,same_type_exponential_history;lr04_scaled;co2_scaled;mis6_segment;insol65n_scaled,6,True,True,,-105.25024462561066,222.50048925122132,,,53.0,166.17478900000003,finite_mle,joint_09038
BP_insol65n,same_type_exponential_history;lr04_scaled;co2_scaled;mis6_segment;pre_phase_sin;pre_phase_cos;insol65n_scaled,8,True,True,,-102.39302232657593,220.78604465315186,310.22486457688996,3.318882049889468,53.0,166.17478900000003,finite_mle,joint_09038
B,same_type_exponential_history;lr04_scaled;co2_scaled;mis6_segment,5,True,True,,-110.63710178256113,231.27420356512226,,,53.0,160.51729900000004,finite_mle,joint_03114
BP,same_type_exponential_history;lr04_scaled;co2_scaled;mis6_segment;pre_phase_sin;pre_phase_cos,7,True,True,,-102.94832748112269,219.89665496224538,319.0994582062928,6.136983607106755,53.0,160.51729900000004,finite_mle,joint_03114
B_ecc,same_type_exponential_history;lr04_scaled;co2_scaled;mis6_segment;ecc_scaled,6,True,True,,-107.99480918412738,227.98961836825475,,,53.0,160.51729900000004,finite_mle,joint_03114
BP_ecc,same_type_exponential_history;lr04_scaled;co2_scaled;mis6_segment;pre_phase_sin;pre_phase_cos;ecc_scaled,8,True,True,,-101.1695628066955,218.339125613391,316.6141011321128,5.535938082720712,53.0,160.51729900000004,finite_mle,joint_03114
B_obl,same_type_exponential_history;lr04_scaled;co2_scaled;mis6_segment;obl_scaled,6,True,True,,-110.49525927449028,232.99051854898056,,,53.0,160.51729900000004,finite_mle,joint_03114
BP_obl,same_type_exponential_history;lr04_scaled;co2_scaled;mis6_segment;pre_phase_sin;pre_phase_cos;obl_scaled,8,True,True,,-101.02145347795692,218.04290695591385,319.97458067146704,8.641169532425673,53.0,160.51729900000004,finite_mle,joint_03114
B_insol65n,same_type_exponential_history;lr04_scaled;co2_scaled;mis6_segment;insol65n_scaled,6,True,True,,-106.48159349238543,224.96318698477086,,,53.0,160.51729900000004,finite_mle,joint_03114
BP_insol65n,same_type_exponential_history;lr04_scaled;co2_scaled;mis6_segment;pre_phase_sin;pre_phase_cos;insol65n_scaled,8,True,True,,-101.66985267723979,219.33970535447958,295.825929775664,4.316441794592669,53.0,160.51729900000004,finite_mle,joint_03114
B,same_type_exponential_history;lr04_scaled;co2_scaled;mis6_segment,5,True,True,,-110.78453645800083,231.56907291600166,,,53.0,163.41190500000005,finite_mle,joint_07129
BP,same_type_exponential_history;lr04_scaled;co2_scaled;mis6_segment;pre_phase_sin;pre_phase_cos,7,True,True,,-101.9780720673079,217.9561441346158,326.29487327619756,7.038604762798698,53.0,163.41190500000005,finite_mle,joint_07129
B_ecc,same_type_exponential_history;lr04_scaled;co2_scaled;mis6_segment;ecc_scaled,6,True,True,,-109.03172459203192,230.06344918406384,,,53.0,163.41190500000005,finite_mle,joint_07129
BP_ecc,same_type_exponential_history;lr04_scaled;co2_scaled;mis6_segment;pre_phase_sin;pre_phase_cos;ecc_scaled,8,True,True,,-101.35868317542909,218.71736635085819,325.06184780660425,6.2449253771090065,53.0,163.41190500000005,finite_mle,joint_07129
B_obl,same_type_exponential_history;lr04_scaled;co2_scaled;mis6_segment;obl_scaled,6,True,True,,-110.7438697694408,233.4877395388816,,,53.0,163.41190500000005,finite_mle,joint_07129
BP_obl,same_type_exponential_history;lr04_scaled;co2_scaled;mis6_segment;pre_phase_sin;pre_phase_cos;obl_scaled,8,True,True,,-100.89208247260834,217.78416494521667,326.93605125176043,8.661991661425933,53.0,163.41190500000005,finite_mle,joint_07129
B_insol65n,same_type_exponential_history;lr04_scaled;co2_scaled;mis6_segment;insol65n_scaled,6,True,True,,-104.91809609124957,221.83619218249913,,,53.0,163.41190500000005,finite_mle,joint_07129
BP_insol65n,same_type_exponential_history;lr04_scaled;co2_scaled;mis6_segment;pre_phase_sin;pre_phase_cos;insol65n_scaled,8,True,True,,-100.7151610111394,217.4303220222788,307.29364682865287,4.357199910392394,53.0,163.41190500000005,finite_mle,joint_07129
B,same_type_exponential_history;lr04_scaled;co2_scaled;mis6_segment,5,True,True,,-110.37723455149427,230.75446910298854,,,53.0,160.97892500000003,finite_mle,joint_09633
BP,same_type_exponential_history;lr04_scaled;co2_scaled;mis6_segment;pre_phase_sin;pre_phase_cos,7,True,True,,-100.59703434502843,215.19406869005687,314.860980195362,8.027199295692435,53.0,160.97892500000003,finite_mle,joint_09633
B_ecc,same_type_exponential_history;lr04_scaled;co2_scaled;mis6_segment;ecc_scaled,6,True,True,,-107.73152269072611,227.46304538145222,,,53.0,160.97892500000003,finite_mle,joint_09633
BP_ecc,same_type_exponential_history;lr04_scaled;co2_scaled;mis6_segment;pre_phase_sin;pre_phase_cos;ecc_scaled,8,True,True,,-99.07593116338272,214.15186232676544,312.3005055270354,7.043653161525422,53.0,160.97892500000003,finite_mle,joint_09633
B_obl,same_type_exponential_history;lr04_scaled;co2_scaled;mis6_segment;obl_scaled,6,True,True,,-110.30214411119334,232.60428822238669,,,53.0,160.97892500000003,finite_mle,joint_09633
BP_obl,same_type_exponential_history;lr04_scaled;co2_scaled;mis6_segment;pre_phase_sin;pre_phase_cos;obl_scaled,8,True,True,,-98.91508419620817,213.83016839241634,315.75566215210694,10.573821071161518,53.0,160.97892500000003,finite_mle,joint_09633
B_insol65n,same_type_exponential_history;lr04_scaled;co2_scaled;mis6_segment;insol65n_scaled,6,True,True,,-104.90698456746786,221.81396913493572,,,53.0,160.97892500000003,finite_mle,joint_09633
BP_insol65n,same_type_exponential_history;lr04_scaled;co2_scaled;mis6_segment;pre_phase_sin;pre_phase_cos;insol65n_scaled,8,True,True,,-98.09290297003622,212.18580594007244,284.93753332943413,5.683918866496833,53.0,160.97892500000003,finite_mle,joint_09633
B,same_type_exponential_history;lr04_scaled;co2_scaled;mis6_segment,5,True,True,,-110.46533754882518,230.93067509765035,,,53.0,162.03180100000003,finite_mle,joint_00111
BP,same_type_exponential_history;lr04_scaled;co2_scaled;mis6_segment;pre_phase_sin;pre_phase_cos,7,True,True,,-100.05759125308418,214.11518250616837,318.7441151305561,9.120769558437981,53.0,162.03180100000003,finite_mle,joint_00111
B_ecc,same_type_exponential_history;lr04_scaled;co2_scaled;mis6_segment;ecc_scaled,6,True,True,,-108.4850233171941,228.9700466343882,,,53.0,162.03180100000003,finite_mle,joint_00111
BP_ecc,same_type_exponential_history;lr04_scaled;co2_scaled;mis6_segment;pre_phase_sin;pre_phase_cos;ecc_scaled,8,True,True,,-99.04717576236266,214.0943515247253,317.17616988169226,8.25014368609307,53.0,162.03180100000003,finite_mle,joint_00111
B_obl,same_type_exponential_history;lr04_scaled;co2_scaled;mis6_segment;obl_scaled,6,True,True,,-110.45152986634089,232.90305973268178,,,53.0,162.03180100000003,finite_mle,joint_00111
BP_obl,same_type_exponential_history;lr04_scaled;co2_scaled;mis6_segment;pre_phase_sin;pre_phase_cos;obl_scaled,8,True,True,,-98.50462552633307,213.00925105266614,319.5942346698147,12.596338067554392,53.0,162.03180100000003,finite_mle,joint_00111
B_insol65n,same_type_exponential_history;lr04_scaled;co2_scaled;mis6_segment;insol65n_scaled,6,True,True,,-105.20678909432897,222.41357818865794,,,53.0,162.03180100000003,finite_mle,joint_00111
BP_insol65n,same_type_exponential_history;lr04_scaled;co2_scaled;mis6_segment;pre_phase_sin;pre_phase_cos;insol65n_scaled,8,True,True,,-98.38957332885204,212.77914665770408,298.192922998587,6.320347312412378,53.0,162.03180100000003,finite_mle,joint_00111
B,same_type_exponential_history;lr04_scaled;co2_scaled;mis6_segment,5,True,True,,-110.42543310176794,230.85086620353587,,,53.0,162.08819200000005,finite_mle,joint_09652
BP,same_type_exponential_history;lr04_scaled;co2_scaled;mis6_segment;pre_phase_sin;pre_phase_cos,7,True,True,,-101.9909420547356,217.9818841094712,317.61259221049585,6.709119427661865,53.0,162.08819200000005,finite_mle,joint_09652
B_ecc,same_type_exponential_history;lr04_scaled;co2_scaled;mis6_segment;ecc_scaled,6,True,True,,-107.88180060512897,227.76360121025795,,,53.0,162.08819200000005,finite_mle,joint_09652
BP_ecc,same_type_exponential_history;lr04_scaled;co2_scaled;mis6_segment;pre_phase_sin;pre_phase_cos;ecc_scaled,8,True,True,,-100.33371218742954,216.66742437485908,314.6576850473555,5.979760114700551,53.0,162.08819200000005,finite_mle,joint_09652
B_obl,same_type_exponential_history;lr04_scaled;co2_scaled;mis6_segment;obl_scaled,6,True,True,,-110.19466865136556,232.38933730273112,,,53.0,162.08819200000005,finite_mle,joint_09652
BP_obl,same_type_exponential_history;lr04_scaled;co2_scaled;mis6_segment;pre_phase_sin;pre_phase_cos;obl_scaled,8,True,True,,-99.68817339810542,215.37634679621084,318.089920249961,9.422968121412787,53.0,162.08819200000005,finite_mle,joint_09652
B_insol65n,same_type_exponential_history;lr04_scaled;co2_scaled;mis6_segment;insol65n_scaled,6,True,True,,-105.13355490408082,222.26710980816165,,,53.0,162.08819200000005,finite_mle,joint_09652
BP_insol65n,same_type_exponential_history;lr04_scaled;co2_scaled;mis6_segment;pre_phase_sin;pre_phase_cos;insol65n_scaled,8,True,True,,-99.7018871056062,215.4037742112124,286.36286934627446,4.628497024618292,53.0,162.08819200000005,finite_mle,joint_09652
B,same_type_exponential_history;lr04_scaled;co2_scaled;mis6_segment,5,True,True,,-110.72534956747633,231.45069913495266,,,53.0,162.30589500000002,finite_mle,joint_09978
BP,same_type_exponential_history;lr04_scaled;co2_scaled;mis6_segment;pre_phase_sin;pre_phase_cos,7,True,True,,-102.1389942553396,218.2779885106792,315.81433455884627,7.10653194752014,53.0,162.30589500000002,finite_mle,joint_09978
B_ecc,same_type_exponential_history;lr04_scaled;co2_scaled;mis6_segment;ecc_scaled,6,True,True,,-107.56975462209931,227.13950924419862,,,53.0,162.30589500000002,finite_mle,joint_09978
BP_ecc,same_type_exponential_history;lr04_scaled;co2_scaled;mis6_segment;pre_phase_sin;pre_phase_cos;ecc_scaled,8,True,True,,-100.33429641706704,216.66859283413407,312.9259157749524,6.078444139814206,53.0,162.30589500000002,finite_mle,joint_09978
B_obl,same_type_exponential_history;lr04_scaled;co2_scaled;mis6_segment;obl_scaled,6,True,True,,-110.68009299797325,233.3601859959465,,,53.0,162.30589500000002,finite_mle,joint_09978
BP_obl,same_type_exponential_history;lr04_scaled;co2_scaled;mis6_segment;pre_phase_sin;pre_phase_cos;obl_scaled,8,True,True,,-100.83847923291756,217.67695846583513,316.69434404462885,9.208241764101132,53.0,162.30589500000002,finite_mle,joint_09978
B_insol65n,same_type_exponential_history;lr04_scaled;co2_scaled;mis6_segment;insol65n_scaled,6,True,True,,-106.09337045994661,224.18674091989323,,,53.0,162.30589500000002,finite_mle,joint_09978
BP_insol65n,same_type_exponential_history;lr04_scaled;co2_scaled;mis6_segment;pre_phase_sin;pre_phase_cos;insol65n_scaled,8,True,True,,-100.40442540017874,216.80885080035748,288.8899347586494,5.0645452289662005,53.0,162.30589500000002,finite_mle,joint_09978
B,same_type_exponential_history;lr04_scaled;co2_scaled;mis6_segment,5,True,True,,-111.48739934659076,232.97479869318153,,,53.0,165.514209,finite_mle,joint_00153
BP,same_type_exponential_history;lr04_scaled;co2_scaled;mis6_segment;pre_phase_sin;pre_phase_cos,7,True,True,,-104.17148118731588,222.34296237463175,331.039968463511,5.62816076346473,53.0,165.514209,finite_mle,joint_00153
B_ecc,same_type_exponential_history;lr04_scaled;co2_scaled;mis6_segment;ecc_scaled,6,True,True,,-109.7770494296333,231.5540988592666,,,53.0,165.514209,finite_mle,joint_00153
BP_ecc,same_type_exponential_history;lr04_scaled;co2_scaled;mis6_segment;pre_phase_sin;pre_phase_cos;ecc_scaled,8,True,True,,-103.52488761348508,223.04977522697016,329.52882927233475,4.986486765359487,53.0,165.514209,finite_mle,joint_00153
B_obl,same_type_exponential_history;lr04_scaled;co2_scaled;mis6_segment;obl_scaled,6,True,True,,-111.43405996553025,234.8681199310605,,,53.0,165.514209,finite_mle,joint_00153
BP_obl,same_type_exponential_history;lr04_scaled;co2_scaled;mis6_segment;pre_phase_sin;pre_phase_cos;obl_scaled,8,True,True,,-103.1575281072291,222.3150562144582,330.83875571766526,6.891655907961726,53.0,165.514209,finite_mle,joint_00153
B_insol65n,same_type_exponential_history;lr04_scaled;co2_scaled;mis6_segment;insol65n_scaled,6,True,True,,-105.32793853717885,222.6558770743577,,,53.0,165.514209,finite_mle,joint_00153
BP_insol65n,same_type_exponential_history;lr04_scaled;co2_scaled;mis6_segment;pre_phase_sin;pre_phase_cos;insol65n_scaled,8,True,True,,-102.41394279927474,220.82788559854947,304.3127876152455,3.216750588331267,53.0,165.514209,finite_mle,joint_00153
B,same_type_exponential_history;lr04_scaled;co2_scaled;mis6_segment,5,True,True,,-110.91683283801744,231.83366567603488,,,53.0,162.77020000000005,finite_mle,joint_08124
BP,same_type_exponential_history;lr04_scaled;co2_scaled;mis6_segment;pre_phase_sin;pre_phase_cos,7,True,True,,-100.63063937927863,215.26127875855727,322.1866602115043,8.491239055762236,53.0,162.77020000000005,finite_mle,joint_08124
B_ecc,same_type_exponential_history;lr04_scaled;co2_scaled;mis6_segment;ecc_scaled,6,True,True,,-108.18615102785148,228.37230205570296,,,53.0,162.77020000000005,finite_mle,joint_08124
BP_ecc,same_type_exponential_history;lr04_scaled;co2_scaled;mis6_segment;pre_phase_sin;pre_phase_cos;ecc_scaled,8,True,True,,-99.47242140981977,214.94484281963955,320.28630301028807,7.200163970141365,53.0,162.77020000000005,finite_mle,joint_08124
B_obl,same_type_exponential_history;lr04_scaled;co2_scaled;mis6_segment;obl_scaled,6,True,True,,-110.9139295004706,233.8278590009412,,,53.0,162.77020000000005,finite_mle,joint_08124
BP_obl,same_type_exponential_history;lr04_scaled;co2_scaled;mis6_segment;pre_phase_sin;pre_phase_cos;obl_scaled,8,True,True,,-99.5954607994469,215.1909215988938,322.4600863873899,10.553041605610831,53.0,162.77020000000005,finite_mle,joint_08124
B_insol65n,same_type_exponential_history;lr04_scaled;co2_scaled;mis6_segment;insol65n_scaled,6,True,True,,-104.67974144172237,221.35948288344474,,,53.0,162.77020000000005,finite_mle,joint_08124
BP_insol65n,same_type_exponential_history;lr04_scaled;co2_scaled;mis6_segment;pre_phase_sin;pre_phase_cos;insol65n_scaled,8,True,True,,-98.76687521709866,213.53375043419732,297.84449208644503,5.366174199096339,53.0,162.77020000000005,finite_mle,joint_08124
B,same_type_exponential_history;lr04_scaled;co2_scaled;mis6_segment,5,True,True,,-110.47690291018796,230.95380582037592,,,53.0,165.39385500000003,finite_mle,joint_08349
BP,same_type_exponential_history;lr04_scaled;co2_scaled;mis6_segment;pre_phase_sin;pre_phase_cos,7,True,True,,-101.29607807135383,216.59215614270767,331.42993243915146,7.511198784128586,53.0,165.39385500000003,finite_mle,joint_08349
B_ecc,same_type_exponential_history;lr04_scaled;co2_scaled;mis6_segment;ecc_scaled,6,True,True,,-109.68188894765053,231.36377789530107,,,53.0,165.39385500000003,finite_mle,joint_08349
BP_ecc,same_type_exponential_history;lr04_scaled;co2_scaled;mis6_segment;pre_phase_sin;pre_phase_cos;ecc_scaled,8,True,True,,-101.23066543718228,218.46133087436456,331.191999808158,7.1662433616344146,53.0,165.39385500000003,finite_mle,joint_08349
B_obl,same_type_exponential_history;lr04_scaled;co2_scaled;mis6_segment;obl_scaled,6,True,True,,-110.47351882196229,232.94703764392457,,,53.0,165.39385500000003,finite_mle,joint_08349
BP_obl,same_type_exponential_history;lr04_scaled;co2_scaled;mis6_segment;pre_phase_sin;pre_phase_cos;obl_scaled,8,True,True,,-100.65965076644497,217.31930153288994,331.7728555970306,8.902137821893586,53.0,165.39385500000003,finite_mle,joint_08349
B_insol65n,same_type_exponential_history;lr04_scaled;co2_scaled;mis6_segment;insol65n_scaled,6,True,True,,-104.11546423865545,220.2309284773109,,,53.0,165.39385500000003,finite_mle,joint_08349
BP_insol65n,same_type_exponential_history;lr04_scaled;co2_scaled;mis6_segment;pre_phase_sin;pre_phase_cos;insol65n_scaled,8,True,True,,-100.11097129564862,216.22194259129725,316.3045099780502,4.575718708377674,53.0,165.39385500000003,finite_mle,joint_08349
B,same_type_exponential_history;lr04_scaled;co2_scaled;mis6_segment,5,True,True,,-110.97894410899829,231.95788821799658,,,53.0,166.82800500000002,finite_mle,joint_03863
BP,same_type_exponential_history;lr04_scaled;co2_scaled;mis6_segment;pre_phase_sin;pre_phase_cos,7,True,True,,-103.9504883075443,221.9009766150886,331.2152126776538,5.286163205874526,53.0,166.82800500000002,finite_mle,joint_03863
B_ecc,same_type_exponential_history;lr04_scaled;co2_scaled;mis6_segment;ecc_scaled,6,True,True,,-109.5711291237523,231.1422582475046,,,53.0,166.82800500000002,finite_mle,joint_03863
BP_ecc,same_type_exponential_history;lr04_scaled;co2_scaled;mis6_segment;pre_phase_sin;pre_phase_cos;ecc_scaled,8,True,True,,-103.53282375317579,223.06564750635158,329.74877219530174,4.78548646061317,53.0,166.82800500000002,finite_mle,joint_03863
B_obl,same_type_exponential_history;lr04_scaled;co2_scaled;mis6_segment;obl_scaled,6,True,True,,-110.97870625573083,233.95741251146165,,,53.0,166.82800500000002,finite_mle,joint_03863
BP_obl,same_type_exponential_history;lr04_scaled;co2_scaled;mis6_segment;pre_phase_sin;pre_phase_cos;obl_scaled,8,True,True,,-103.55341433741563,223.10682867483126,331.10136903330476,5.909907926887224,53.0,166.82800500000002,finite_mle,joint_03863
B_insol65n,same_type_exponential_history;lr04_scaled;co2_scaled;mis6_segment;insol65n_scaled,6,True,True,,-106.07695379804761,224.15390759609522,,,53.0,166.82800500000002,finite_mle,joint_03863
BP_insol65n,same_type_exponential_history;lr04_scaled;co2_scaled;mis6_segment;pre_phase_sin;pre_phase_cos;insol65n_scaled,8,True,True,,-103.17255409486332,222.34510818972663,315.2666568507825,3.4471459991211497,53.0,166.82800500000002,finite_mle,joint_03863
B,same_type_exponential_history;lr04_scaled;co2_scaled;mis6_segment,5,True,True,,-111.89966920075892,233.79933840151784,,,53.0,171.620079,finite_mle,joint_02505
BP,same_type_exponential_history;lr04_scaled;co2_scaled;mis6_segment;pre_phase_sin;pre_phase_cos,7,True,True,,-107.79299187032706,229.58598374065411,341.49259781423956,3.487995093267154,53.0,171.620079,finite_mle,joint_02505
B_ecc,same_type_exponential_history;lr04_scaled;co2_scaled;mis6_segment;ecc_scaled,6,True,True,,-110.80896156520984,233.61792313041968,,,53.0,171.620079,finite_mle,joint_02505
BP_ecc,same_type_exponential_history;lr04_scaled;co2_scaled;mis6_segment;pre_phase_sin;pre_phase_cos;ecc_scaled,8,True,True,,-107.34801933342027,230.69603866684054,341.0510734855576,3.1934766077303514,53.0,171.620079,finite_mle,joint_02505
B_obl,same_type_exponential_history;lr04_scaled;co2_scaled;mis6_segment;obl_scaled,6,True,True,,-111.89921024080004,235.7984204816001,,,53.0,171.620079,finite_mle,joint_02505
BP_obl,same_type_exponential_history;lr04_scaled;co2_scaled;mis6_segment;pre_phase_sin;pre_phase_cos;obl_scaled,8,True,True,,-107.61213332486021,231.22426664972042,340.8740037559572,3.7360952725330954,53.0,171.620079,finite_mle,joint_02505
B_insol65n,same_type_exponential_history;lr04_scaled;co2_scaled;mis6_segment;insol65n_scaled,6,True,True,,-109.61930246047238,231.23860492094477,,,53.0,171.620079,finite_mle,joint_02505
BP_insol65n,same_type_exponential_history;lr04_scaled;co2_scaled;mis6_segment;pre_phase_sin;pre_phase_cos;insol65n_scaled,8,True,True,,-107.77487727636637,231.54975455273274,339.70502458872295,3.2007865737208094,53.0,171.620079,finite_mle,joint_02505
B,same_type_exponential_history;lr04_scaled;co2_scaled;mis6_segment,5,True,True,,-109.97643076211048,229.95286152422096,,,53.0,161.37064400000006,finite_mle,joint_04425
BP,same_type_exponential_history;lr04_scaled;co2_scaled;mis6_segment;pre_phase_sin;pre_phase_cos,7,True,True,,-101.26450543903124,216.52901087806248,318.6777953633882,6.937056512314644,53.0,161.37064400000006,finite_mle,joint_04425
B_ecc,same_type_exponential_history;lr04_scaled;co2_scaled;mis6_segment;ecc_scaled,6,True,True,,-107.70527517495808,227.41055034991615,,,53.0,161.37064400000006,finite_mle,joint_04425
BP_ecc,same_type_exponential_history;lr04_scaled;co2_scaled;mis6_segment;pre_phase_sin;pre_phase_cos;ecc_scaled,8,True,True,,-99.95615888823531,215.91231777647062,316.06491616921176,6.143722870783197,53.0,161.37064400000006,finite_mle,joint_04425
B_obl,same_type_exponential_history;lr04_scaled;co2_scaled;mis6_segment;obl_scaled,6,True,True,,-109.85428241806846,231.70856483613693,,,53.0,161.37064400000006,finite_mle,joint_04425
BP_obl,same_type_exponential_history;lr04_scaled;co2_scaled;mis6_segment;pre_phase_sin;pre_phase_cos;obl_scaled,8,True,True,,-99.38711749269005,214.7742349853801,319.09050513106433,9.402031144372568,53.0,161.37064400000006,finite_mle,joint_04425
B_insol65n,same_type_exponential_history;lr04_scaled;co2_scaled;mis6_segment;insol65n_scaled,6,True,True,,-104.90207544420498,221.80415088840996,,,53.0,161.37064400000006,finite_mle,joint_04425
BP_insol65n,same_type_exponential_history;lr04_scaled;co2_scaled;mis6_segment;pre_phase_sin;pre_phase_cos;insol65n_scaled,8,True,True,,-99.50361373709552,215.00722747419104,292.78644097208246,4.730848857354176,53.0,161.37064400000006,finite_mle,joint_04425
B,same_type_exponential_history;lr04_scaled;co2_scaled;mis6_segment,5,True,True,,-110.75667770432048,231.51335540864096,,,53.0,165.69865400000003,finite_mle,joint_07222
BP,same_type_exponential_history;lr04_scaled;co2_scaled;mis6_segment;pre_phase_sin;pre_phase_cos,7,True,True,,-104.10249257826484,222.2049851565297,324.37405440746727,5.011158863226498,53.0,165.69865400000003,finite_mle,joint_07222
B_ecc,same_type_exponential_history;lr04_scaled;co2_scaled;mis6_segment;ecc_scaled,6,True,True,,-108.73367789508555,229.4673557901711,,,53.0,165.69865400000003,finite_mle,joint_07222
BP_ecc,same_type_exponential_history;lr04_scaled;co2_scaled;mis6_segment;pre_phase_sin;pre_phase_cos;ecc_scaled,8,True,True,,-103.16878496933543,222.33756993867087,321.51330734882595,4.361165037165403,53.0,165.69865400000003,finite_mle,joint_07222
B_obl,same_type_exponential_history;lr04_scaled;co2_scaled;mis6_segment;obl_scaled,6,True,True,,-110.72317283189139,233.44634566378278,,,53.0,165.69865400000003,finite_mle,joint_07222
BP_obl,same_type_exponential_history;lr04_scaled;co2_scaled;mis6_segment;pre_phase_sin;pre_phase_cos;obl_scaled,8,True,True,,-103.40308062470336,222.80616124940673,324.5524575792973,5.707004488647757,53.0,165.69865400000003,finite_mle,joint_07222
B_insol65n,same_type_exponential_history;lr04_scaled;co2_scaled;mis6_segment;insol65n_scaled,6,True,True,,-105.89103392146001,223.78206784292001,,,53.0,165.69865400000003,finite_mle,joint_07222
BP_insol65n,same_type_exponential_history;lr04_scaled;co2_scaled;mis6_segment;pre_phase_sin;pre_phase_cos;insol65n_scaled,8,True,True,,-102.66593428143081,221.33186856286162,296.48895175932034,3.1803349483957013,53.0,165.69865400000003,finite_mle,joint_07222
B,same_type_exponential_history;lr04_scaled;co2_scaled;mis6_segment,5,True,True,,-110.68282780455343,231.36565560910685,,,53.0,160.65903200000002,finite_mle,joint_06550
BP,same_type_exponential_history;lr04_scaled;co2_scaled;mis6_segment;pre_phase_sin;pre_phase_cos,7,True,True,,-102.40734792521724,218.81469585043448,322.26131227792223,6.588270975841295,53.0,160.65903200000002,finite_mle,joint_06550
B_ecc,same_type_exponential_history;lr04_scaled;co2_scaled;mis6_segment;ecc_scaled,6,True,True,,-108.74388771120921,229.48777542241842,,,53.0,160.65903200000002,finite_mle,joint_06550
BP_ecc,same_type_exponential_history;lr04_scaled;co2_scaled;mis6_segment;pre_phase_sin;pre_phase_cos;ecc_scaled,8,True,True,,-101.45289229765233,218.90578459530465,320.79759017224893,5.899342482786527,53.0,160.65903200000002,finite_mle,joint_06550
B_obl,same_type_exponential_history;lr04_scaled;co2_scaled;mis6_segment;obl_scaled,6,True,True,,-110.63805594202864,233.2761118840573,,,53.0,160.65903200000002,finite_mle,joint_06550
BP_obl,same_type_exponential_history;lr04_scaled;co2_scaled;mis6_segment;pre_phase_sin;pre_phase_cos;obl_scaled,8,True,True,,-100.92308283806096,217.84616567612193,323.0153091352729,8.838380209811364,53.0,160.65903200000002,finite_mle,joint_06550
B_insol65n,same_type_exponential_history;lr04_scaled;co2_scaled;mis6_segment;insol65n_scaled,6,True,True,,-105.65691121673652,223.31382243347304,,,53.0,160.65903200000002,finite_mle,joint_06550
BP_insol65n,same_type_exponential_history;lr04_scaled;co2_scaled;mis6_segment;pre_phase_sin;pre_phase_cos;insol65n_scaled,8,True,True,,-100.95619825138513,217.91239650277026,299.0838251329647,4.3748523732253854,53.0,160.65903200000002,finite_mle,joint_06550
B,same_type_exponential_history;lr04_scaled;co2_scaled;mis6_segment,5,True,True,,-110.9584390759095,231.916878151819,,,53.0,163.785052,finite_mle,joint_07874
BP,same_type_exponential_history;lr04_scaled;co2_scaled;mis6_segment;pre_phase_sin;pre_phase_cos,7,True,True,,-102.70240401904964,219.40480803809928,317.4863690039712,6.533160044036661,53.0,163.785052,finite_mle,joint_07874
B_ecc,same_type_exponential_history;lr04_scaled;co2_scaled;mis6_segment;ecc_scaled,6,True,True,,-107.88262191958668,227.76524383917337,,,53.0,163.785052,finite_mle,joint_07874
BP_ecc,same_type_exponential_history;lr04_scaled;co2_scaled;mis6_segment;pre_phase_sin;pre_phase_cos;ecc_scaled,8,True,True,,-101.0873794626561,218.1747589253122,314.40797393881076,5.532052827287377,53.0,163.785052,finite_mle,joint_07874
B_obl,same_type_exponential_history;lr04_scaled;co2_scaled;mis6_segment;obl_scaled,6,True,True,,-110.88819724642315,233.7763944928463,,,53.0,163.785052,finite_mle,joint_07874
BP_obl,same_type_exponential_history;lr04_scaled;co2_scaled;mis6_segment;pre_phase_sin;pre_phase_cos;obl_scaled,8,True,True,,-101.57658173966348,219.15316347932696,318.45919359280987,8.02014702623851,53.0,163.785052,finite_mle,joint_07874
B_insol65n,same_type_exponential_history;lr04_scaled;co2_scaled;mis6_segment;insol65n_scaled,6,True,True,,-106.00021529863605,224.0004305972721,,,53.0,163.785052,finite_mle,joint_07874
BP_insol65n,same_type_exponential_history;lr04_scaled;co2_scaled;mis6_segment;pre_phase_sin;pre_phase_cos;insol65n_scaled,8,True,True,,-101.09239162968217,218.18478325936434,291.0209825376236,4.468568411938312,53.0,163.785052,finite_mle,joint_07874
B,same_type_exponential_history;lr04_scaled;co2_scaled;mis6_segment,5,True,True,,-111.07256703033505,232.1451340606701,,,53.0,168.55047800000006,finite_mle,joint_09022
BP,same_type_exponential_history;lr04_scaled;co2_scaled;mis6_segment;pre_phase_sin;pre_phase_cos,7,True,True,,-103.64143840580954,221.28287681161908,339.31033878411256,5.719113049438448,53.0,168.55047800000006,finite_mle,joint_09022
B_ecc,same_type_exponential_history;lr04_scaled;co2_scaled;mis6_segment;ecc_scaled,6,True,True,,-110.10785902425951,232.21571804851902,,,53.0,168.55047800000006,finite_mle,joint_09022
BP_ecc,same_type_exponential_history;lr04_scaled;co2_scaled;mis6_segment;pre_phase_sin;pre_phase_cos;ecc_scaled,8,True,True,,-103.46594596075802,222.93189192151604,338.9399454229056,5.332998392979211,53.0,168.55047800000006,finite_mle,joint_09022
B_obl,same_type_exponential_history;lr04_scaled;co2_scaled;mis6_segment;obl_scaled,6,True,True,,-111.06961828589277,234.13923657178555,,,53.0,168.55047800000006,finite_mle,joint_09022
BP_obl,same_type_exponential_history;lr04_scaled;co2_scaled;mis6_segment;pre_phase_sin;pre_phase_cos;obl_scaled,8,True,True,,-103.2929329953424,222.5858659906848,338.8607323879578,6.373150416836545,53.0,168.55047800000006,finite_mle,joint_09022
B_insol65n,same_type_exponential_history;lr04_scaled;co2_scaled;mis6_segment;insol65n_scaled,6,True,True,,-105.56356421088145,223.1271284217629,,,53.0,168.55047800000006,finite_mle,joint_09022
BP_insol65n,same_type_exponential_history;lr04_scaled;co2_scaled;mis6_segment;pre_phase_sin;pre_phase_cos;insol65n_scaled,8,True,True,,-102.98840903078721,221.97681806157442,328.69462283028304,3.623536600585003,53.0,168.55047800000006,finite_mle,joint_09022
B,same_type_exponential_history;lr04_scaled;co2_scaled;mis6_segment,5,True,True,,-111.62084597520051,233.24169195040102,,,53.0,164.22576200000003,finite_mle,joint_01323
BP,same_type_exponential_history;lr04_scaled;co2_scaled;mis6_segment;pre_phase_sin;pre_phase_cos,7,True,True,,-103.17475321253573,220.34950642507147,327.66576975103766,6.576940778543017,53.0,164.22576200000003,finite_mle,joint_01323
B_ecc,same_type_exponential_history;lr04_scaled;co2_scaled;mis6_segment;ecc_scaled,6,True,True,,-109.28159343516867,230.56318687033735,,,53.0,164.22576200000003,finite_mle,joint_01323
BP_ecc,same_type_exponential_history;lr04_scaled;co2_scaled;mis6_segment;pre_phase_sin;pre_phase_cos;ecc_scaled,8,True,True,,-102.21929265743529,220.43858531487058,326.06990516318564,5.637680374839081,53.0,164.22576200000003,finite_mle,joint_01323
B_obl,same_type_exponential_history;lr04_scaled;co2_scaled;mis6_segment;obl_scaled,6,True,True,,-111.57758340108384,235.15516680216768,,,53.0,164.22576200000003,finite_mle,joint_01323
BP_obl,same_type_exponential_history;lr04_scaled;co2_scaled;mis6_segment;pre_phase_sin;pre_phase_cos;obl_scaled,8,True,True,,-102.01624864774752,220.03249729549503,327.80503134439715,8.261002826424441,53.0,164.22576200000003,finite_mle,joint_01323
B_insol65n,same_type_exponential_history;lr04_scaled;co2_scaled;mis6_segment;insol65n_scaled,6,True,True,,-104.7747421746638,221.5494843493276,,,53.0,164.22576200000003,finite_mle,joint_01323
BP_insol65n,same_type_exponential_history;lr04_scaled;co2_scaled;mis6_segment;pre_phase_sin;pre_phase_cos;insol65n_scaled,8,True,True,,-100.88699585645773,217.77399171291546,297.58072437248853,3.7712879107627058,53.0,164.22576200000003,finite_mle,joint_01323
B,same_type_exponential_history;lr04_scaled;co2_scaled;mis6_segment,5,True,True,,-111.7834724882307,233.5669449764614,,,53.0,165.92206000000004,finite_mle,joint_06709
BP,same_type_exponential_history;lr04_scaled;co2_scaled;mis6_segment;pre_phase_sin;pre_phase_cos,7,True,True,,-103.26772299717592,220.53544599435185,333.4593520999399,6.582750633203521,53.0,165.92206000000004,finite_mle,joint_06709
B_ecc,same_type_exponential_history;lr04_scaled;co2_scaled;mis6_segment;ecc_scaled,6,True,True,,-109.72867701977762,231.45735403955524,,,53.0,165.92206000000004,finite_mle,joint_06709
BP_ecc,same_type_exponential_history;lr04_scaled;co2_scaled;mis6_segment;pre_phase_sin;pre_phase_cos;ecc_scaled,8,True,True,,-102.48073924906711,220.96147849813423,332.2338982116323,5.710788060287709,53.0,165.92206000000004,finite_mle,joint_06709
B_obl,same_type_exponential_history;lr04_scaled;co2_scaled;mis6_segment;obl_scaled,6,True,True,,-111.77998903696671,235.55997807393342,,,53.0,165.92206000000004,finite_mle,joint_06709
BP_obl,same_type_exponential_history;lr04_scaled;co2_scaled;mis6_segment;pre_phase_sin;pre_phase_cos;obl_scaled,8,True,True,,-102.4651323671049,220.9302647342098,332.9097107102566,7.923322031224184,53.0,165.92206000000004,finite_mle,joint_06709
B_insol65n,same_type_exponential_history;lr04_scaled;co2_scaled;mis6_segment;insol65n_scaled,6,True,True,,-104.97351869620206,221.94703739240413,,,53.0,165.92206000000004,finite_mle,joint_06709
BP_insol65n,same_type_exponential_history;lr04_scaled;co2_scaled;mis6_segment;pre_phase_sin;pre_phase_cos;insol65n_scaled,8,True,True,,-101.59959689216817,219.19919378433633,311.20783528260176,3.6907466029688947,53.0,165.92206000000004,finite_mle,joint_06709
B,same_type_exponential_history;lr04_scaled;co2_scaled;mis6_segment,5,True,True,,-111.0256877862665,232.051375572533,,,53.0,163.56395600000005,finite_mle,joint_09226
BP,same_type_exponential_history;lr04_scaled;co2_scaled;mis6_segment;pre_phase_sin;pre_phase_cos,7,True,True,,-100.32680347792636,214.65360695585272,330.8965480959749,9.521494378457975,53.0,163.56395600000005,finite_mle,joint_09226
B_ecc,same_type_exponential_history;lr04_scaled;co2_scaled;mis6_segment;ecc_scaled,6,True,True,,-109.08767438178953,230.17534876357905,,,53.0,163.56395600000005,finite_mle,joint_09226
BP_ecc,same_type_exponential_history;lr04_scaled;co2_scaled;mis6_segment;pre_phase_sin;pre_phase_cos;ecc_scaled,8,True,True,,-99.7693626642722,215.5387253285444,330.37840896388394,8.323235714259011,53.0,163.56395600000005,finite_mle,joint_09226
B_obl,same_type_exponential_history;lr04_scaled;co2_scaled;mis6_segment;obl_scaled,6,True,True,,-111.02568092606975,234.0513618521395,,,53.0,163.56395600000005,finite_mle,joint_09226
BP_obl,same_type_exponential_history;lr04_scaled;co2_scaled;mis6_segment;pre_phase_sin;pre_phase_cos;obl_scaled,8,True,True,,-99.4618382054876,214.9236764109752,331.15582334766395,11.754173934263878,53.0,163.56395600000005,finite_mle,joint_09226
B_insol65n,same_type_exponential_history;lr04_scaled;co2_scaled;mis6_segment;insol65n_scaled,6,True,True,,-103.50805775191048,219.01611550382097,,,53.0,163.56395600000005,finite_mle,joint_09226
BP_insol65n,same_type_exponential_history;lr04_scaled;co2_scaled;mis6_segment;pre_phase_sin;pre_phase_cos;insol65n_scaled,8,True,True,,-98.66435092356656,213.32870184713312,313.11030584253325,5.327997071422064,53.0,163.56395600000005,finite_mle,joint_09226
B,same_type_exponential_history;lr04_scaled;co2_scaled;mis6_segment,5,True,True,,-111.07706902955985,232.1541380591197,,,53.0,168.50498400000004,finite_mle,joint_03922
BP,same_type_exponential_history;lr04_scaled;co2_scaled;mis6_segment;pre_phase_sin;pre_phase_cos,7,True,True,,-104.83587362413508,223.67174724827015,335.20409422050403,4.898582837357807,53.0,168.50498400000004,finite_mle,joint_03922
B_ecc,same_type_exponential_history;lr04_scaled;co2_scaled;mis6_segment;ecc_scaled,6,True,True,,-109.89297397460382,231.78594794920764,,,53.0,168.50498400000004,finite_mle,joint_03922
BP_ecc,same_type_exponential_history;lr04_scaled;co2_scaled;mis6_segment;pre_phase_sin;pre_phase_cos;ecc_scaled,8,True,True,,-104.4988804188078,224.9977608376156,334.3107463778497,4.479547896267756,53.0,168.50498400000004,finite_mle,joint_03922
B_obl,same_type_exponential_history;lr04_scaled;co2_scaled;mis6_segment;obl_scaled,6,True,True,,-111.06359845461043,234.12719690922086,,,53.0,168.50498400000004,finite_mle,joint_03922
BP_obl,same_type_exponential_history;lr04_scaled;co2_scaled;mis6_segment;pre_phase_sin;pre_phase_cos;obl_scaled,8,True,True,,-104.64475277142016,225.28950554284032,334.89684634940994,5.277361561220244,53.0,168.50498400000004,finite_mle,joint_03922
B_insol65n,same_type_exponential_history;lr04_scaled;co2_scaled;mis6_segment;insol65n_scaled,6,True,True,,-107.2255691860245,226.451138372049,,,53.0,168.50498400000004,finite_mle,joint_03922
BP_insol65n,same_type_exponential_history;lr04_scaled;co2_scaled;mis6_segment;pre_phase_sin;pre_phase_cos;insol65n_scaled,8,True,True,,-104.57289220975844,225.14578441951687,327.454811809346,3.6650815286453673,53.0,168.50498400000004,finite_mle,joint_03922
B,same_type_exponential_history;lr04_scaled;co2_scaled;mis6_segment,5,True,True,,-111.17293801019497,232.34587602038994,,,53.0,168.59488700000003,finite_mle,joint_01940
BP,same_type_exponential_history;lr04_scaled;co2_scaled;mis6_segment;pre_phase_sin;pre_phase_cos,7,True,True,,-106.09398917555274,226.18797835110547,339.9031475890393,3.990674347306264,53.0,168.59488700000003,finite_mle,joint_01940
B_ecc,same_type_exponential_history;lr04_scaled;co2_scaled;mis6_segment;ecc_scaled,6,True,True,,-110.14937955914476,232.29875911828952,,,53.0,168.59488700000003,finite_mle,joint_01940
BP_ecc,same_type_exponential_history;lr04_scaled;co2_scaled;mis6_segment;pre_phase_sin;pre_phase_cos;ecc_scaled,8,True,True,,-105.73686026182021,227.47372052364042,338.8776322711318,3.678545499072586,53.0,168.59488700000003,finite_mle,joint_01940
B_obl,same_type_exponential_history;lr04_scaled;co2_scaled;mis6_segment;obl_scaled,6,True,True,,-111.14387972348133,234.28775944696267,,,53.0,168.59488700000003,finite_mle,joint_01940
BP_obl,same_type_exponential_history;lr04_scaled;co2_scaled;mis6_segment;pre_phase_sin;pre_phase_cos;obl_scaled,8,True,True,,-105.53426345855937,227.06852691711873,338.9315338719308,4.57202074756106,53.0,168.59488700000003,finite_mle,joint_01940
B_insol65n,same_type_exponential_history;lr04_scaled;co2_scaled;mis6_segment;insol65n_scaled,6,True,True,,-107.38824169131935,226.7764833826387,,,53.0,168.59488700000003,finite_mle,joint_01940
BP_insol65n,same_type_exponential_history;lr04_scaled;co2_scaled;mis6_segment;pre_phase_sin;pre_phase_cos;insol65n_scaled,8,True,True,,-105.69578916185237,227.39157832370475,329.63041476715483,2.7768149651448804,53.0,168.59488700000003,finite_mle,joint_01940
B,same_type_exponential_history;lr04_scaled;co2_scaled;mis6_segment,5,True,True,,-110.4227569088776,230.8455138177552,,,53.0,167.35138000000006,finite_mle,joint_03687
BP,same_type_exponential_history;lr04_scaled;co2_scaled;mis6_segment;pre_phase_sin;pre_phase_cos,7,True,True,,-104.47629555779446,222.95259111558892,341.40548467848805,4.659103529537144,53.0,167.35138000000006,finite_mle,joint_03687
B_ecc,same_type_exponential_history;lr04_scaled;co2_scaled;mis6_segment;ecc_scaled,6,True,True,,-109.82364166612783,231.64728333225565,,,53.0,167.35138000000006,finite_mle,joint_03687
BP_ecc,same_type_exponential_history;lr04_scaled;co2_scaled;mis6_segment;pre_phase_sin;pre_phase_cos;ecc_scaled,8,True,True,,-104.39392087483026,224.78784174966052,341.1624016327168,4.448994988092337,53.0,167.35138000000006,finite_mle,joint_03687
B_obl,same_type_exponential_history;lr04_scaled;co2_scaled;mis6_segment;obl_scaled,6,True,True,,-110.39947339973324,232.79894679946648,,,53.0,167.35138000000006,finite_mle,joint_03687
BP_obl,same_type_exponential_history;lr04_scaled;co2_scaled;mis6_segment;pre_phase_sin;pre_phase_cos;obl_scaled,8,True,True,,-103.92031620094168,223.84063240188337,341.1395675301304,5.299220699283219,53.0,167.35138000000006,finite_mle,joint_03687
B_insol65n,same_type_exponential_history;lr04_scaled;co2_scaled;mis6_segment;insol65n_scaled,6,True,True,,-106.1149976215631,224.2299952431262,,,53.0,167.35138000000006,finite_mle,joint_03687
BP_insol65n,same_type_exponential_history;lr04_scaled;co2_scaled;mis6_segment;pre_phase_sin;pre_phase_cos;insol65n_scaled,8,True,True,,-104.11329232584734,224.22658465169468,334.31254610439714,3.2483358667650264,53.0,167.35138000000006,finite_mle,joint_03687
B,same_type_exponential_history;lr04_scaled;co2_scaled;mis6_segment,5,True,True,,-111.2700872640892,232.5401745281784,,,53.0,165.166332,finite_mle,joint_07791
BP,same_type_exponential_history;lr04_scaled;co2_scaled;mis6_segment;pre_phase_sin;pre_phase_cos,7,True,True,,-102.64757958678214,219.2951591735643,325.43249009038465,6.559153878022536,53.0,165.166332,finite_mle,joint_07791
B_ecc,same_type_exponential_history;lr04_scaled;co2_scaled;mis6_segment;ecc_scaled,6,True,True,,-108.79145508654898,229.58291017309796,,,53.0,165.166332,finite_mle,joint_07791
BP_ecc,same_type_exponential_history;lr04_scaled;co2_scaled;mis6_segment;pre_phase_sin;pre_phase_cos;ecc_scaled,8,True,True,,-101.65650222037655,219.3130044407531,322.9492738500884,5.603780576082177,53.0,165.166332,finite_mle,joint_07791
B_obl,same_type_exponential_history;lr04_scaled;co2_scaled;mis6_segment;obl_scaled,6,True,True,,-111.26209277026182,234.52418554052363,,,53.0,165.166332,finite_mle,joint_07791
BP_obl,same_type_exponential_history;lr04_scaled;co2_scaled;mis6_segment;pre_phase_sin;pre_phase_cos;obl_scaled,8,True,True,,-101.92720725120968,219.85441450241936,325.60594492759657,7.660929027894504,53.0,165.166332,finite_mle,joint_07791
B_insol65n,same_type_exponential_history;lr04_scaled;co2_scaled;mis6_segment;insol65n_scaled,6,True,True,,-105.06046821297105,222.1209364259421,,,53.0,165.166332,finite_mle,joint_07791
BP_insol65n,same_type_exponential_history;lr04_scaled;co2_scaled;mis6_segment;pre_phase_sin;pre_phase_cos;insol65n_scaled,8,True,True,,-100.87689945445129,217.75379890890258,298.74813671229344,3.9612298134465402,53.0,165.166332,finite_mle,joint_07791
B,same_type_exponential_history;lr04_scaled;co2_scaled;mis6_segment,5,True,True,,-111.0835313597302,232.1670627194604,,,53.0,168.736332,finite_mle,joint_05595
BP,same_type_exponential_history;lr04_scaled;co2_scaled;mis6_segment;pre_phase_sin;pre_phase_cos,7,True,True,,-104.05587732451689,222.11175464903377,327.6257796751696,5.4926228364305505,53.0,168.736332,finite_mle,joint_05595
B_ecc,same_type_exponential_history;lr04_scaled;co2_scaled;mis6_segment;ecc_scaled,6,True,True,,-109.90074776184923,231.80149552369846,,,53.0,168.736332,finite_mle,joint_05595
BP_ecc,same_type_exponential_history;lr04_scaled;co2_scaled;mis6_segment;pre_phase_sin;pre_phase_cos;ecc_scaled,8,True,True,,-103.72805971481213,223.45611942962427,326.3495006066234,5.034263391951816,53.0,168.736332,finite_mle,joint_05595
B_obl,same_type_exponential_history;lr04_scaled;co2_scaled;mis6_segment;obl_scaled,6,True,True,,-111.05957163845463,234.11914327690926,,,53.0,168.736332,finite_mle,joint_05595
BP_obl,same_type_exponential_history;lr04_scaled;co2_scaled;mis6_segment;pre_phase_sin;pre_phase_cos;obl_scaled,8,True,True,,-103.37368305022054,222.74736610044107,327.91310659221,6.376063279474665,53.0,168.736332,finite_mle,joint_05595
B_insol65n,same_type_exponential_history;lr04_scaled;co2_scaled;mis6_segment;insol65n_scaled,6,True,True,,-106.3567753776155,224.713550755231,,,53.0,168.736332,finite_mle,joint_05595
BP_insol65n,same_type_exponential_history;lr04_scaled;co2_scaled;mis6_segment;pre_phase_sin;pre_phase_cos;insol65n_scaled,8,True,True,,-103.18556266168716,222.37112532337432,310.71009388602255,3.6184293612020517,53.0,168.736332,finite_mle,joint_05595
B,same_type_exponential_history;lr04_scaled;co2_scaled;mis6_segment,5,True,True,,-111.22718648136384,232.4543729627277,,,53.0,164.333298,finite_mle,joint_04717
BP,same_type_exponential_history;lr04_scaled;co2_scaled;mis6_segment;pre_phase_sin;pre_phase_cos,7,True,True,,-103.56928688659215,221.1385737731843,327.4796308553876,5.792804395713894,53.0,164.333298,finite_mle,joint_04717
B_ecc,same_type_exponential_history;lr04_scaled;co2_scaled;mis6_segment;ecc_scaled,6,True,True,,-109.08895417483785,230.1779083496757,,,53.0,164.333298,finite_mle,joint_04717
BP_ecc,same_type_exponential_history;lr04_scaled;co2_scaled;mis6_segment;pre_phase_sin;pre_phase_cos;ecc_scaled,8,True,True,,-102.68801293115726,221.37602586231452,325.68685896348177,4.980361461286243,53.0,164.333298,finite_mle,joint_04717
B_obl,same_type_exponential_history;lr04_scaled;co2_scaled;mis6_segment;obl_scaled,6,True,True,,-111.14299728451583,234.28599456903166,,,53.0,164.333298,finite_mle,joint_04717
BP_obl,same_type_exponential_history;lr04_scaled;co2_scaled;mis6_segment;pre_phase_sin;pre_phase_cos;obl_scaled,8,True,True,,-102.34845720292299,220.69691440584597,327.6362520907324,7.127373329718547,53.0,164.333298,finite_mle,joint_04717
B_insol65n,same_type_exponential_history;lr04_scaled;co2_scaled;mis6_segment;insol65n_scaled,6,True,True,,-104.29099279701083,220.58198559402166,,,53.0,164.333298,finite_mle,joint_04717
BP_insol65n,same_type_exponential_history;lr04_scaled;co2_scaled;mis6_segment;pre_phase_sin;pre_phase_cos;insol65n_scaled,8,True,True,,-100.79575412477887,217.59150824955773,289.5492284303007,3.297159309937722,53.0,164.333298,finite_mle,joint_04717
B,same_type_exponential_history;lr04_scaled;co2_scaled;mis6_segment,5,True,True,,-110.2989993872285,230.597998774457,,,53.0,168.49532600000003,finite_mle,joint_04611
BP,same_type_exponential_history;lr04_scaled;co2_scaled;mis6_segment;pre_phase_sin;pre_phase_cos,7,True,True,,-104.1735079422542,222.3470158845084,338.65589865350137,4.716303207370547,53.0,168.49532600000003,finite_mle,joint_04611
B_ecc,same_type_exponential_history;lr04_scaled;co2_scaled;mis6_segment;ecc_scaled,6,True,True,,-109.67930947131927,231.35861894263854,,,53.0,168.49532600000003,finite_mle,joint_04611
BP_ecc,same_type_exponential_history;lr04_scaled;co2_scaled;mis6_segment;pre_phase_sin;pre_phase_cos;ecc_scaled,8,True,True,,-104.10163990397876,224.20327980795753,338.3426802060379,4.511849870459801,53.0,168.49532600000003,finite_mle,joint_04611
B_obl,same_type_exponential_history;lr04_scaled;co2_scaled;mis6_segment;obl_scaled,6,True,True,,-110.29700507922607,232.59401015845214,,,53.0,168.49532600000003,finite_mle,joint_04611
BP_obl,same_type_exponential_history;lr04_scaled;co2_scaled;mis6_segment;pre_phase_sin;pre_phase_cos;obl_scaled,8,True,True,,-103.86877402604,223.73754805208,338.36763576819686,5.1997854649912885,53.0,168.49532600000003,finite_mle,joint_04611
B_insol65n,same_type_exponential_history;lr04_scaled;co2_scaled;mis6_segment;insol65n_scaled,6,True,True,,-106.26564556138274,224.53129112276548,,,53.0,168.49532600000003,finite_mle,joint_04611
BP_insol65n,same_type_exponential_history;lr04_scaled;co2_scaled;mis6_segment;pre_phase_sin;pre_phase_cos;insol65n_scaled,8,True,True,,-103.89419428427873,223.78838856855745,331.79656625540053,3.48416679451567,53.0,168.49532600000003,finite_mle,joint_04611
B,same_type_exponential_history;lr04_scaled;co2_scaled;mis6_segment,5,True,True,,-110.49342546048909,230.98685092097818,,,53.0,162.10463800000002,finite_mle,joint_03882
BP,same_type_exponential_history;lr04_scaled;co2_scaled;mis6_segment;pre_phase_sin;pre_phase_cos,7,True,True,,-100.62189774175695,215.2437954835139,324.27797833307756,8.659239793341703,53.0,162.10463800000002,finite_mle,joint_03882
B_ecc,same_type_exponential_history;lr04_scaled;co2_scaled;mis6_segment;ecc_scaled,6,True,True,,-108.3542099941495,228.708419988299,,,53.0,162.10463800000002,finite_mle,joint_03882
BP_ecc,same_type_exponential_history;lr04_scaled;co2_scaled;mis6_segment;pre_phase_sin;pre_phase_cos;ecc_scaled,8,True,True,,-99.46490770346556,214.9298154069311,323.1113712381855,7.769768008984641,53.0,162.10463800000002,finite_mle,joint_03882
B_obl,same_type_exponential_history;lr04_scaled;co2_scaled;mis6_segment;obl_scaled,6,True,True,,-110.48314495421539,232.96628990843078,,,53.0,162.10463800000002,finite_mle,joint_03882
BP_obl,same_type_exponential_history;lr04_scaled;co2_scaled;mis6_segment;pre_phase_sin;pre_phase_cos;obl_scaled,8,True,True,,-99.17388809489489,214.34777618978978,324.7501620824575,11.891088397971323,53.0,162.10463800000002,finite_mle,joint_03882
B_insol65n,same_type_exponential_history;lr04_scaled;co2_scaled;mis6_segment;insol65n_scaled,6,True,True,,-104.95758985131195,221.9151797026239,,,53.0,162.10463800000002,finite_mle,joint_03882
BP_insol65n,same_type_exponential_history;lr04_scaled;co2_scaled;mis6_segment;pre_phase_sin;pre_phase_cos;insol65n_scaled,8,True,True,,-99.39225910317364,214.7845182063473,307.6449956260628,5.6919267814791095,53.0,162.10463800000002,finite_mle,joint_03882
B,same_type_exponential_history;lr04_scaled;co2_scaled;mis6_segment,5,True,True,,-110.63606593380415,231.2721318676083,,,53.0,163.21772800000002,finite_mle,joint_07475
BP,same_type_exponential_history;lr04_scaled;co2_scaled;mis6_segment;pre_phase_sin;pre_phase_cos,7,True,True,,-103.21861156005046,220.43722312010092,316.38097197357666,5.646457461436367,53.0,163.21772800000002,finite_mle,joint_07475
B_ecc,same_type_exponential_history;lr04_scaled;co2_scaled;mis6_segment;ecc_scaled,6,True,True,,-108.62969913617033,229.25939827234066,,,53.0,163.21772800000002,finite_mle,joint_07475
BP_ecc,same_type_exponential_history;lr04_scaled;co2_scaled;mis6_segment;pre_phase_sin;pre_phase_cos;ecc_scaled,8,True,True,,-102.33036767653371,220.66073535306742,313.5190103371024,4.942612731301742,53.0,163.21772800000002,finite_mle,joint_07475
B_obl,same_type_exponential_history;lr04_scaled;co2_scaled;mis6_segment;obl_scaled,6,True,True,,-110.43033827744964,232.86067655489927,,,53.0,163.21772800000002,finite_mle,joint_07475
BP_obl,same_type_exponential_history;lr04_scaled;co2_scaled;mis6_segment;pre_phase_sin;pre_phase_cos;obl_scaled,8,True,True,,-101.67152392405369,219.34304784810737,317.8885535151371,7.046089851632118,53.0,163.21772800000002,finite_mle,joint_07475
B_insol65n,same_type_exponential_history;lr04_scaled;co2_scaled;mis6_segment;insol65n_scaled,6,True,True,,-105.57230415245338,223.14460830490677,,,53.0,163.21772800000002,finite_mle,joint_07475
BP_insol65n,same_type_exponential_history;lr04_scaled;co2_scaled;mis6_segment;pre_phase_sin;pre_phase_cos;insol65n_scaled,8,True,True,,-100.98066272167512,217.96132544335023,281.7615551706841,3.922043261026714,53.0,163.21772800000002,finite_mle,joint_07475
B,same_type_exponential_history;lr04_scaled;co2_scaled;mis6_segment,5,True,True,,-109.86046089529904,229.72092179059808,,,53.0,162.305097,finite_mle,joint_02455
BP,same_type_exponential_history;lr04_scaled;co2_scaled;mis6_segment;pre_phase_sin;pre_phase_cos,7,True,True,,-99.41955012210687,212.83910024421374,321.2647323860278,8.77540616500687,53.0,162.305097,finite_mle,joint_02455
B_ecc,same_type_exponential_history;lr04_scaled;co2_scaled;mis6_segment;ecc_scaled,6,True,True,,-108.12210930234141,228.24421860468283,,,53.0,162.305097,finite_mle,joint_02455
BP_ecc,same_type_exponential_history;lr04_scaled;co2_scaled;mis6_segment;pre_phase_sin;pre_phase_cos;ecc_scaled,8,True,True,,-98.77436532447089,213.54873064894178,320.1381826562176,7.866963874783032,53.0,162.305097,finite_mle,joint_02455
B_obl,same_type_exponential_history;lr04_scaled;co2_scaled;mis6_segment;obl_scaled,6,True,True,,-109.82992909008426,231.65985818016853,,,53.0,162.305097,finite_mle,joint_02455
BP_obl,same_type_exponential_history;lr04_scaled;co2_scaled;mis6_segment;pre_phase_sin;pre_phase_cos;obl_scaled,8,True,True,,-97.99845858289794,211.99691716579588,322.56682867022704,11.549500674524667,53.0,162.305097,finite_mle,joint_02455
B_insol65n,same_type_exponential_history;lr04_scaled;co2_scaled;mis6_segment;insol65n_scaled,6,True,True,,-103.7793456690946,219.5586913381892,,,53.0,162.305097,finite_mle,joint_02455
BP_insol65n,same_type_exponential_history;lr04_scaled;co2_scaled;mis6_segment;pre_phase_sin;pre_phase_cos;insol65n_scaled,8,True,True,,-97.8317962294727,211.6635924589454,301.5309686556163,5.644245096332944,53.0,162.305097,finite_mle,joint_02455
B,same_type_exponential_history;lr04_scaled;co2_scaled;mis6_segment,5,True,True,,-110.5124719418597,231.0249438837194,,,53.0,163.50177300000001,finite_mle,joint_08801
BP,same_type_exponential_history;lr04_scaled;co2_scaled;mis6_segment;pre_phase_sin;pre_phase_cos,7,True,True,,-101.46530775278515,216.9306155055703,336.00380306251753,7.4783231330564375,53.0,163.50177300000001,finite_mle,joint_08801
B_ecc,same_type_exponential_history;lr04_scaled;co2_scaled;mis6_segment;ecc_scaled,6,True,True,,-109.81563530303752,231.63127060607505,,,53.0,163.50177300000001,finite_mle,joint_08801
BP_ecc,same_type_exponential_history;lr04_scaled;co2_scaled;mis6_segment;pre_phase_sin;pre_phase_cos;ecc_scaled,8,True,True,,-101.42268988915667,218.84537977831334,335.91450095401353,7.195170495087961,53.0,163.50177300000001,finite_mle,joint_08801
B_obl,same_type_exponential_history;lr04_scaled;co2_scaled;mis6_segment;obl_scaled,6,True,True,,-110.49314703110818,232.98629406221636,,,53.0,163.50177300000001,finite_mle,joint_08801
BP_obl,same_type_exponential_history;lr04_scaled;co2_scaled;mis6_segment;pre_phase_sin;pre_phase_cos;obl_scaled,8,True,True,,-100.93893499877592,217.87786999755184,335.9625081028191,8.8030593641552,53.0,163.50177300000001,finite_mle,joint_08801
B_insol65n,same_type_exponential_history;lr04_scaled;co2_scaled;mis6_segment;insol65n_scaled,6,True,True,,-103.67376322138665,219.3475264427733,,,53.0,163.50177300000001,finite_mle,joint_08801
BP_insol65n,same_type_exponential_history;lr04_scaled;co2_scaled;mis6_segment;pre_phase_sin;pre_phase_cos;insol65n_scaled,8,True,True,,-100.15728778224171,216.31457556448342,321.0061801417193,4.287938106773556,53.0,163.50177300000001,finite_mle,joint_08801
B,same_type_exponential_history;lr04_scaled;co2_scaled;mis6_segment,5,True,True,,-110.61891253316796,231.23782506633592,,,53.0,163.02595000000002,finite_mle,joint_09513
BP,same_type_exponential_history;lr04_scaled;co2_scaled;mis6_segment;pre_phase_sin;pre_phase_cos,7,True,True,,-101.44960747301147,216.89921494602294,327.42015972256775,7.656176229190411,53.0,163.02595000000002,finite_mle,joint_09513
B_ecc,same_type_exponential_history;lr04_scaled;co2_scaled;mis6_segment;ecc_scaled,6,True,True,,-109.15481322416328,230.30962644832655,,,53.0,163.02595000000002,finite_mle,joint_09513
BP_ecc,same_type_exponential_history;lr04_scaled;co2_scaled;mis6_segment;pre_phase_sin;pre_phase_cos;ecc_scaled,8,True,True,,-100.96578291432502,217.93156582865004,326.98960232039957,6.893660462973124,53.0,163.02595000000002,finite_mle,joint_09513
B_obl,same_type_exponential_history;lr04_scaled;co2_scaled;mis6_segment;obl_scaled,6,True,True,,-110.61530467002444,233.2306093400489,,,53.0,163.02595000000002,finite_mle,joint_09513
BP_obl,same_type_exponential_history;lr04_scaled;co2_scaled;mis6_segment;pre_phase_sin;pre_phase_cos;obl_scaled,8,True,True,,-100.56186138343551,217.12372276687103,328.1467672525233,9.340651454661028,53.0,163.02595000000002,finite_mle,joint_09513
B_insol65n,same_type_exponential_history;lr04_scaled;co2_scaled;mis6_segment;insol65n_scaled,6,True,True,,-105.10251416177185,222.2050283235437,,,53.0,163.02595000000002,finite_mle,joint_09513
BP_insol65n,same_type_exponential_history;lr04_scaled;co2_scaled;mis6_segment;pre_phase_sin;pre_phase_cos;insol65n_scaled,8,True,True,,-100.56151441763438,217.12302883526877,313.8507279702054,4.98828899824934,53.0,163.02595000000002,finite_mle,joint_09513
B,same_type_exponential_history;lr04_scaled;co2_scaled;mis6_segment,5,True,True,,-110.5281639573582,231.0563279147164,,,53.0,165.36411700000002,finite_mle,joint_08195
BP,same_type_exponential_history;lr04_scaled;co2_scaled;mis6_segment;pre_phase_sin;pre_phase_cos,7,True,True,,-104.44192213214316,222.88384426428632,330.86428325315137,4.65475167884474,53.0,165.36411700000002,finite_mle,joint_08195
B_ecc,same_type_exponential_history;lr04_scaled;co2_scaled;mis6_segment;ecc_scaled,6,True,True,,-109.18805563771858,230.37611127543715,,,53.0,165.36411700000002,finite_mle,joint_08195
BP_ecc,same_type_exponential_history;lr04_scaled;co2_scaled;mis6_segment;pre_phase_sin;pre_phase_cos;ecc_scaled,8,True,True,,-104.00378633938175,224.0075726787635,329.4451452729551,4.214537583769876,53.0,165.36411700000002,finite_mle,joint_08195
B_obl,same_type_exponential_history;lr04_scaled;co2_scaled;mis6_segment;obl_scaled,6,True,True,,-110.52619319867645,233.0523863973529,,,53.0,165.36411700000002,finite_mle,joint_08195
BP_obl,same_type_exponential_history;lr04_scaled;co2_scaled;mis6_segment;pre_phase_sin;pre_phase_cos;obl_scaled,8,True,True,,-103.99146980947012,223.98293961894024,330.90880561903407,5.259185236798417,53.0,165.36411700000002,finite_mle,joint_08195
B_insol65n,same_type_exponential_history;lr04_scaled;co2_scaled;mis6_segment;insol65n_scaled,6,True,True,,-106.2289699336596,224.4579398673192,,,53.0,165.36411700000002,finite_mle,joint_08195
BP_insol65n,same_type_exponential_history;lr04_scaled;co2_scaled;mis6_segment;pre_phase_sin;pre_phase_cos;insol65n_scaled,8,True,True,,-103.73514109699553,223.47028219399107,314.62390204445205,3.1047386770820666,53.0,165.36411700000002,finite_mle,joint_08195
B,same_type_exponential_history;lr04_scaled;co2_scaled;mis6_segment,5,True,True,,-111.76838302598142,233.53676605196284,,,53.0,164.600209,finite_mle,joint_09651
BP,same_type_exponential_history;lr04_scaled;co2_scaled;mis6_segment;pre_phase_sin;pre_phase_cos,7,True,True,,-101.76425517839552,217.52851035679103,329.20513778517153,8.39528650282624,53.0,164.600209,finite_mle,joint_09651
B_ecc,same_type_exponential_history;lr04_scaled;co2_scaled;mis6_segment;ecc_scaled,6,True,True,,-109.44959401059737,230.89918802119473,,,53.0,164.600209,finite_mle,joint_09651
BP_ecc,same_type_exponential_history;lr04_scaled;co2_scaled;mis6_segment;pre_phase_sin;pre_phase_cos;ecc_scaled,8,True,True,,-100.78021301692584,217.56042603385168,327.9837751660299,7.234513027373288,53.0,164.600209,finite_mle,joint_09651
B_obl,same_type_exponential_history;lr04_scaled;co2_scaled;mis6_segment;obl_scaled,6,True,True,,-111.76247878808067,235.52495757616134,,,53.0,164.600209,finite_mle,joint_09651
BP_obl,same_type_exponential_history;lr04_scaled;co2_scaled;mis6_segment;pre_phase_sin;pre_phase_cos;obl_scaled,8,True,True,,-100.64277865725583,217.28555731451166,329.03693195468657,10.708380889787636,53.0,164.600209,finite_mle,joint_09651
B_insol65n,same_type_exponential_history;lr04_scaled;co2_scaled;mis6_segment;insol65n_scaled,6,True,True,,-104.55184812259733,221.10369624519467,,,53.0,164.600209,finite_mle,joint_09651
BP_insol65n,same_type_exponential_history;lr04_scaled;co2_scaled;mis6_segment;pre_phase_sin;pre_phase_cos;insol65n_scaled,8,True,True,,-99.79934697449976,215.5986939489995,306.8070303407985,4.807492623865286,53.0,164.600209,finite_mle,joint_09651
B,same_type_exponential_history;lr04_scaled;co2_scaled;mis6_segment,5,True,True,,-110.84968704057223,231.69937408114447,,,53.0,162.48135100000007,finite_mle,joint_03852
BP,same_type_exponential_history;lr04_scaled;co2_scaled;mis6_segment;pre_phase_sin;pre_phase_cos,7,True,True,,-102.49521998371577,218.99043996743154,318.9124968660754,6.470881412237692,53.0,162.48135100000007,finite_mle,joint_03852
B_ecc,same_type_exponential_history;lr04_scaled;co2_scaled;mis6_segment;ecc_scaled,6,True,True,,-108.63493091608984,229.26986183217969,,,53.0,162.48135100000007,finite_mle,joint_03852
BP_ecc,same_type_exponential_history;lr04_scaled;co2_scaled;mis6_segment;pre_phase_sin;pre_phase_cos;ecc_scaled,8,True,True,,-101.33042551307116,218.66085102614232,316.90535634622046,5.7283548775556605,53.0,162.48135100000007,finite_mle,joint_03852
B_obl,same_type_exponential_history;lr04_scaled;co2_scaled;mis6_segment;obl_scaled,6,True,True,,-110.73229785849367,233.46459571698733,,,53.0,162.48135100000007,finite_mle,joint_03852
BP_obl,same_type_exponential_history;lr04_scaled;co2_scaled;mis6_segment;pre_phase_sin;pre_phase_cos;obl_scaled,8,True,True,,-100.81253555605446,217.6250711121089,319.8763325642549,8.544905064927532,53.0,162.48135100000007,finite_mle,joint_03852
B_insol65n,same_type_exponential_history;lr04_scaled;co2_scaled;mis6_segment;insol65n_scaled,6,True,True,,-105.27037942473046,222.54075884946093,,,53.0,162.48135100000007,finite_mle,joint_03852
BP_insol65n,same_type_exponential_history;lr04_scaled;co2_scaled;mis6_segment;pre_phase_sin;pre_phase_cos;insol65n_scaled,8,True,True,,-100.11306053219033,216.22612106438066,286.74197224327094,4.379188228782826,53.0,162.48135100000007,finite_mle,joint_03852
B,same_type_exponential_history;lr04_scaled;co2_scaled;mis6_segment,5,True,True,,-112.01413567200177,234.02827134400354,,,53.0,165.440672,finite_mle,joint_08319
BP,same_type_exponential_history;lr04_scaled;co2_scaled;mis6_segment;pre_phase_sin;pre_phase_cos,7,True,True,,-103.41137098649662,220.82274197299324,326.80445854020627,6.653063524214688,53.0,165.440672,finite_mle,joint_08319
B_ecc,same_type_exponential_history;lr04_scaled;co2_scaled;mis6_segment;ecc_scaled,6,True,True,,-109.37376311372272,230.74752622744543,,,53.0,165.440672,finite_mle,joint_08319
BP_ecc,same_type_exponential_history;lr04_scaled;co2_scaled;mis6_segment;pre_phase_sin;pre_phase_cos;ecc_scaled,8,True,True,,-102.23655404752414,220.47310809504827,324.7857210409857,5.598058672941301,53.0,165.440672,finite_mle,joint_08319
B_obl,same_type_exponential_history;lr04_scaled;co2_scaled;mis6_segment;obl_scaled,6,True,True,,-111.93465901955338,235.86931803910676,,,53.0,165.440672,finite_mle,joint_08319
BP_obl,same_type_exponential_history;lr04_scaled;co2_scaled;mis6_segment;pre_phase_sin;pre_phase_cos;obl_scaled,8,True,True,,-102.04883386631298,220.09766773262595,326.98321246008163,8.378180550694385,53.0,165.440672,finite_mle,joint_08319
B_insol65n,same_type_exponential_history;lr04_scaled;co2_scaled;mis6_segment;insol65n_scaled,6,True,True,,-104.85344798731163,221.70689597462325,,,53.0,165.440672,finite_mle,joint_08319
BP_insol65n,same_type_exponential_history;lr04_scaled;co2_scaled;mis6_segment;pre_phase_sin;pre_phase_cos;insol65n_scaled,8,True,True,,-100.7501217273369,217.5002434546738,293.18894381636863,3.768679359738063,53.0,165.440672,finite_mle,joint_08319
B,same_type_exponential_history;lr04_scaled;co2_scaled;mis6_segment,5,True,True,,-111.66782437053178,233.33564874106355,,,53.0,163.24451600000003,finite_mle,joint_09463
BP,same_type_exponential_history;lr04_scaled;co2_scaled;mis6_segment;pre_phase_sin;pre_phase_cos,7,True,True,,-103.84124261451885,221.6824852290377,333.29945407018556,6.085306745649246,53.0,163.24451600000003,finite_mle,joint_09463
B_ecc,same_type_exponential_history;lr04_scaled;co2_scaled;mis6_segment;ecc_scaled,6,True,True,,-109.60884756817904,231.2176951363581,,,53.0,163.24451600000003,finite_mle,joint_09463
BP_ecc,same_type_exponential_history;lr04_scaled;co2_scaled;mis6_segment;pre_phase_sin;pre_phase_cos;ecc_scaled,8,True,True,,-102.9023899398463,221.8047798796926,332.46776593930593,5.2990624306112535,53.0,163.24451600000003,finite_mle,joint_09463
B_obl,same_type_exponential_history;lr04_scaled;co2_scaled;mis6_segment;obl_scaled,6,True,True,,-111.61001230650848,235.22002461301696,,,53.0,163.24451600000003,finite_mle,joint_09463
BP_obl,same_type_exponential_history;lr04_scaled;co2_scaled;mis6_segment;pre_phase_sin;pre_phase_cos;obl_scaled,8,True,True,,-102.52136376909365,221.0427275381873,333.018526151402,7.8804475795666855,53.0,163.24451600000003,finite_mle,joint_09463
B_insol65n,same_type_exponential_history;lr04_scaled;co2_scaled;mis6_segment;insol65n_scaled,6,True,True,,-104.37976464138532,220.75952928277064,,,53.0,163.24451600000003,finite_mle,joint_09463
BP_insol65n,same_type_exponential_history;lr04_scaled;co2_scaled;mis6_segment;pre_phase_sin;pre_phase_cos;insol65n_scaled,8,True,True,,-101.37909775950843,218.75819551901685,301.9667968461007,3.211395964358116,53.0,163.24451600000003,finite_mle,joint_09463
B,same_type_exponential_history;lr04_scaled;co2_scaled;mis6_segment,5,True,True,,-110.20227413541511,230.40454827083022,,,53.0,163.61905600000003,finite_mle,joint_06578
BP,same_type_exponential_history;lr04_scaled;co2_scaled;mis6_segment;pre_phase_sin;pre_phase_cos,7,True,True,,-101.46339533943893,216.92679067887786,319.9314917969681,7.078100871349226,53.0,163.61905600000003,finite_mle,joint_06578
B_ecc,same_type_exponential_history;lr04_scaled;co2_scaled;mis6_segment;ecc_scaled,6,True,True,,-108.18780902909452,228.37561805818905,,,53.0,163.61905600000003,finite_mle,joint_06578
BP_ecc,same_type_exponential_history;lr04_scaled;co2_scaled;mis6_segment;pre_phase_sin;pre_phase_cos;ecc_scaled,8,True,True,,-100.41715974745799,216.83431949491597,317.853571577045,6.298053647922148,53.0,163.61905600000003,finite_mle,joint_06578
B_obl,same_type_exponential_history;lr04_scaled;co2_scaled;mis6_segment;obl_scaled,6,True,True,,-110.15093510760761,232.30187021521522,,,53.0,163.61905600000003,finite_mle,joint_06578
BP_obl,same_type_exponential_history;lr04_scaled;co2_scaled;mis6_segment;pre_phase_sin;pre_phase_cos;obl_scaled,8,True,True,,-99.92142785763984,215.84285571527968,320.6880803301142,9.465310136384698,53.0,163.61905600000003,finite_mle,joint_06578
B_insol65n,same_type_exponential_history;lr04_scaled;co2_scaled;mis6_segment;insol65n_scaled,6,True,True,,-104.84816282061857,221.69632564123714,,,53.0,163.61905600000003,finite_mle,joint_06578
BP_insol65n,same_type_exponential_history;lr04_scaled;co2_scaled;mis6_segment;pre_phase_sin;pre_phase_cos;insol65n_scaled,8,True,True,,-99.54926347184002,215.09852694368004,294.8065352661081,4.786085025385853,53.0,163.61905600000003,finite_mle,joint_06578
B,same_type_exponential_history;lr04_scaled;co2_scaled;mis6_segment,5,True,True,,-111.44417331390599,232.88834662781198,,,53.0,165.05167800000004,finite_mle,joint_02991
BP,same_type_exponential_history;lr04_scaled;co2_scaled;mis6_segment;pre_phase_sin;pre_phase_cos,7,True,True,,-103.80683003991543,221.61366007983085,329.23094017248735,5.907695828250879,53.0,165.05167800000004,finite_mle,joint_02991
B_ecc,same_type_exponential_history;lr04_scaled;co2_scaled;mis6_segment;ecc_scaled,6,True,True,,-109.17976025329429,230.35952050658858,,,53.0,165.05167800000004,finite_mle,joint_02991
BP_ecc,same_type_exponential_history;lr04_scaled;co2_scaled;mis6_segment;pre_phase_sin;pre_phase_cos;ecc_scaled,8,True,True,,-102.76870763186182,221.53741526372363,327.2415285490067,5.108713106978325,53.0,165.05167800000004,finite_mle,joint_02991
B_obl,same_type_exponential_history;lr04_scaled;co2_scaled;mis6_segment;obl_scaled,6,True,True,,-111.34088217933053,234.68176435866107,,,53.0,165.05167800000004,finite_mle,joint_02991
BP_obl,same_type_exponential_history;lr04_scaled;co2_scaled;mis6_segment;pre_phase_sin;pre_phase_cos;obl_scaled,8,True,True,,-102.57176780111818,221.14353560223637,329.1677945662072,7.361561808437556,53.0,165.05167800000004,finite_mle,joint_02991
B_insol65n,same_type_exponential_history;lr04_scaled;co2_scaled;mis6_segment;insol65n_scaled,6,True,True,,-104.97560717063769,221.95121434127537,,,53.0,165.05167800000004,finite_mle,joint_02991
BP_insol65n,same_type_exponential_history;lr04_scaled;co2_scaled;mis6_segment;pre_phase_sin;pre_phase_cos;insol65n_scaled,8,True,True,,-101.80312890896647,219.60625781793294,299.7464166129719,3.3371289837722204,53.0,165.05167800000004,finite_mle,joint_02991
B,same_type_exponential_history;lr04_scaled;co2_scaled;mis6_segment,5,True,True,,-110.26460623606552,230.52921247213104,,,53.0,165.87356100000005,finite_mle,joint_08296
BP,same_type_exponential_history;lr04_scaled;co2_scaled;mis6_segment;pre_phase_sin;pre_phase_cos,7,True,True,,-103.35733956470929,220.71467912941858,335.9598750492801,5.372855964380881,53.0,165.87356100000005,finite_mle,joint_08296
B_ecc,same_type_exponential_history;lr04_scaled;co2_scaled;mis6_segment;ecc_scaled,6,True,True,,-109.64194271777527,231.28388543555053,,,53.0,165.87356100000005,finite_mle,joint_08296
BP_ecc,same_type_exponential_history;lr04_scaled;co2_scaled;mis6_segment;pre_phase_sin;pre_phase_cos;ecc_scaled,8,True,True,,-103.2999364827146,222.5998729654292,335.59949514903786,5.160550068826861,53.0,165.87356100000005,finite_mle,joint_08296
B_obl,same_type_exponential_history;lr04_scaled;co2_scaled;mis6_segment;obl_scaled,6,True,True,,-110.26443285116731,232.52886570233463,,,53.0,165.87356100000005,finite_mle,joint_08296
BP_obl,same_type_exponential_history;lr04_scaled;co2_scaled;mis6_segment;pre_phase_sin;pre_phase_cos;obl_scaled,8,True,True,,-102.85760013537106,221.71520027074212,335.655591162673,6.210368441498047,53.0,165.87356100000005,finite_mle,joint_08296
B_insol65n,same_type_exponential_history;lr04_scaled;co2_scaled;mis6_segment;insol65n_scaled,6,True,True,,-105.05129781689578,222.10259563379157,,,53.0,165.87356100000005,finite_mle,joint_08296
BP_insol65n,same_type_exponential_history;lr04_scaled;co2_scaled;mis6_segment;pre_phase_sin;pre_phase_cos;insol65n_scaled,8,True,True,,-102.48874956545374,220.9774991309075,321.34406573797855,3.356941256052914,53.0,165.87356100000005,finite_mle,joint_08296
B,same_type_exponential_history;lr04_scaled;co2_scaled;mis6_segment,5,True,True,,-111.45240360322805,232.9048072064561,,,53.0,167.537303,finite_mle,joint_09493
BP,same_type_exponential_history;lr04_scaled;co2_scaled;mis6_segment;pre_phase_sin;pre_phase_cos,7,True,True,,-103.12624687171828,220.25249374343656,334.5177976619944,6.496777519164454,53.0,167.537303,finite_mle,joint_09493
B_ecc,same_type_exponential_history;lr04_scaled;co2_scaled;mis6_segment;ecc_scaled,6,True,True,,-110.11242827876207,232.22485655752413,,,53.0,167.537303,finite_mle,joint_09493
BP_ecc,same_type_exponential_history;lr04_scaled;co2_scaled;mis6_segment;pre_phase_sin;pre_phase_cos;ecc_scaled,8,True,True,,-102.79418104596306,221.58836209192611,333.80218789073587,5.8970505099538295,53.0,167.537303,finite_mle,joint_09493
B_obl,same_type_exponential_history;lr04_scaled;co2_scaled;mis6_segment;obl_scaled,6,True,True,,-111.43660840114576,234.87321680229152,,,53.0,167.537303,finite_mle,joint_09493
BP_obl,same_type_exponential_history;lr04_scaled;co2_scaled;mis6_segment;pre_phase_sin;pre_phase_cos;obl_scaled,8,True,True,,-102.31297283109294,220.62594566218587,334.24569038555876,7.79032196387446,53.0,167.537303,finite_mle,joint_09493
B_insol65n,same_type_exponential_history;lr04_scaled;co2_scaled;mis6_segment;insol65n_scaled,6,True,True,,-104.63390278630007,221.26780557260014,,,53.0,167.537303,finite_mle,joint_09493
BP_insol65n,same_type_exponential_history;lr04_scaled;co2_scaled;mis6_segment;pre_phase_sin;pre_phase_cos;insol65n_scaled,8,True,True,,-101.61798131840146,219.23596263680292,314.7670363671236,3.609125468195222,53.0,167.537303,finite_mle,joint_09493
B,same_type_exponential_history;lr04_scaled;co2_scaled;mis6_segment,5,True,True,,-111.49380823939333,232.98761647878666,,,53.0,166.233427,finite_mle,joint_03910
BP,same_type_exponential_history;lr04_scaled;co2_scaled;mis6_segment;pre_phase_sin;pre_phase_cos,7,True,True,,-102.38929745368868,218.77859490737737,323.2651177242592,6.954322638785838,53.0,166.233427,finite_mle,joint_03910
B_ecc,same_type_exponential_history;lr04_scaled;co2_scaled;mis6_segment;ecc_scaled,6,True,True,,-108.70054732868238,229.40109465736475,,,53.0,166.233427,finite_mle,joint_03910
BP_ecc,same_type_exponential_history;lr04_scaled;co2_scaled;mis6_segment;pre_phase_sin;pre_phase_cos;ecc_scaled,8,True,True,,-101.23412648893989,218.46825297787979,320.51885975263,5.822548888046252,53.0,166.233427,finite_mle,joint_03910
B_obl,same_type_exponential_history;lr04_scaled;co2_scaled;mis6_segment;obl_scaled,6,True,True,,-111.37273820931443,234.74547641862887,,,53.0,166.233427,finite_mle,joint_03910
BP_obl,same_type_exponential_history;lr04_scaled;co2_scaled;mis6_segment;pre_phase_sin;pre_phase_cos;obl_scaled,8,True,True,,-101.02273445196039,218.04546890392078,323.71224469236256,8.595077801840617,53.0,166.233427,finite_mle,joint_03910
B_insol65n,same_type_exponential_history;lr04_scaled;co2_scaled;mis6_segment;insol65n_scaled,6,True,True,,-104.50653516882014,221.01307033764027,,,53.0,166.233427,finite_mle,joint_03910
BP_insol65n,same_type_exponential_history;lr04_scaled;co2_scaled;mis6_segment;pre_phase_sin;pre_phase_cos;insol65n_scaled,8,True,True,,-99.88181366322277,215.76362732644554,291.11847630332636,4.109008305811406,53.0,166.233427,finite_mle,joint_03910
B,same_type_exponential_history;lr04_scaled;co2_scaled;mis6_segment,5,True,True,,-111.11696629311413,232.23393258622826,,,53.0,162.39806200000004,finite_mle,joint_00852
BP,same_type_exponential_history;lr04_scaled;co2_scaled;mis6_segment;pre_phase_sin;pre_phase_cos,7,True,True,,-101.44680580827153,216.89361161654307,317.549597196418,7.709763850104736,53.0,162.39806200000004,finite_mle,joint_00852
B_ecc,same_type_exponential_history;lr04_scaled;co2_scaled;mis6_segment;ecc_scaled,6,True,True,,-108.12387096006577,228.24774192013155,,,53.0,162.39806200000004,finite_mle,joint_00852
BP_ecc,same_type_exponential_history;lr04_scaled;co2_scaled;mis6_segment;pre_phase_sin;pre_phase_cos;ecc_scaled,8,True,True,,-99.90963573035627,215.81927146071254,315.24484021967885,6.6157838373979825,53.0,162.39806200000004,finite_mle,joint_00852
B_obl,same_type_exponential_history;lr04_scaled;co2_scaled;mis6_segment;obl_scaled,6,True,True,,-111.07932120042287,234.15864240084574,,,53.0,162.39806200000004,finite_mle,joint_00852
BP_obl,same_type_exponential_history;lr04_scaled;co2_scaled;mis6_segment;pre_phase_sin;pre_phase_cos;obl_scaled,8,True,True,,-100.03279198815082,216.06558397630164,318.4032536246832,10.056570242484586,53.0,162.39806200000004,finite_mle,joint_00852
B_insol65n,same_type_exponential_history;lr04_scaled;co2_scaled;mis6_segment;insol65n_scaled,6,True,True,,-105.51089831399781,223.02179662799563,,,53.0,162.39806200000004,finite_mle,joint_00852
BP_insol65n,same_type_exponential_history;lr04_scaled;co2_scaled;mis6_segment;pre_phase_sin;pre_phase_cos;insol65n_scaled,8,True,True,,-99.24789972644543,214.49579945289085,288.376519762414,5.267883087953854,53.0,162.39806200000004,finite_mle,joint_00852
B,same_type_exponential_history;lr04_scaled;co2_scaled;mis6_segment,5,True,True,,-110.71444866494784,231.42889732989568,,,53.0,161.53702500000006,finite_mle,joint_02025
BP,same_type_exponential_history;lr04_scaled;co2_scaled;mis6_segment;pre_phase_sin;pre_phase_cos,7,True,True,,-101.54518933790109,217.09037867580219,310.64081385666975,7.648758557192451,53.0,161.53702500000006,finite_mle,joint_02025
B_ecc,same_type_exponential_history;lr04_scaled;co2_scaled;mis6_segment;ecc_scaled,6,True,True,,-107.56415112720197,227.12830225440393,,,53.0,161.53702500000006,finite_mle,joint_02025
BP_ecc,same_type_exponential_history;lr04_scaled;co2_scaled;mis6_segment;pre_phase_sin;pre_phase_cos;ecc_scaled,8,True,True,,-99.27573916268719,214.55147832537438,307.2329093461963,6.888162601442999,53.0,161.53702500000006,finite_mle,joint_02025
B_obl,same_type_exponential_history;lr04_scaled;co2_scaled;mis6_segment;obl_scaled,6,True,True,,-110.64107117834496,233.28214235668992,,,53.0,161.53702500000006,finite_mle,joint_02025
BP_obl,same_type_exponential_history;lr04_scaled;co2_scaled;mis6_segment;pre_phase_sin;pre_phase_cos;obl_scaled,8,True,True,,-99.99534131208559,215.99068262417117,311.81062699265664,10.019403585317697,53.0,161.53702500000006,finite_mle,joint_02025
B_insol65n,same_type_exponential_history;lr04_scaled;co2_scaled;mis6_segment;insol65n_scaled,6,True,True,,-107.14120790309511,226.28241580619022,,,53.0,161.53702500000006,finite_mle,joint_02025
BP_insol65n,same_type_exponential_history;lr04_scaled;co2_scaled;mis6_segment;pre_phase_sin;pre_phase_cos;insol65n_scaled,8,True,True,,-100.42447882221269,216.84895764442538,290.85056523746806,5.893213035885739,53.0,161.53702500000006,finite_mle,joint_02025
B,same_type_exponential_history;lr04_scaled;co2_scaled;mis6_segment,5,True,True,,-110.85319128103156,231.7063825620631,,,53.0,162.12613800000003,finite_mle,joint_02979
BP,same_type_exponential_history;lr04_scaled;co2_scaled;mis6_segment;pre_phase_sin;pre_phase_cos,7,True,True,,-100.9519243998314,215.9038487996628,321.5034766068293,8.21125415515216,53.0,162.12613800000003,finite_mle,joint_02979
B_ecc,same_type_exponential_history;lr04_scaled;co2_scaled;mis6_segment;ecc_scaled,6,True,True,,-108.32254859128001,228.64509718256002,,,53.0,162.12613800000003,finite_mle,joint_02979
BP_ecc,same_type_exponential_history;lr04_scaled;co2_scaled;mis6_segment;pre_phase_sin;pre_phase_cos;ecc_scaled,8,True,True,,-99.67736558111065,215.3547311622213,319.719057488327,7.154493449071714,53.0,162.12613800000003,finite_mle,joint_02979
B_obl,same_type_exponential_history;lr04_scaled;co2_scaled;mis6_segment;obl_scaled,6,True,True,,-110.81096034501113,233.62192069002225,,,53.0,162.12613800000003,finite_mle,joint_02979
BP_obl,same_type_exponential_history;lr04_scaled;co2_scaled;mis6_segment;pre_phase_sin;pre_phase_cos;obl_scaled,8,True,True,,-99.40516974884898,214.81033949769795,322.21782389524043,10.976322375254334,53.0,162.12613800000003,finite_mle,joint_02979
B_insol65n,same_type_exponential_history;lr04_scaled;co2_scaled;mis6_segment;insol65n_scaled,6,True,True,,-105.15729599820443,222.31459199640886,,,53.0,162.12613800000003,finite_mle,joint_02979
BP_insol65n,same_type_exponential_history;lr04_scaled;co2_scaled;mis6_segment;pre_phase_sin;pre_phase_cos;insol65n_scaled,8,True,True,,-99.42337819588653,214.84675639177306,300.21295238148207,5.335614583186134,53.0,162.12613800000003,finite_mle,joint_02979
B,same_type_exponential_history;lr04_scaled;co2_scaled;mis6_segment,5,True,True,,-110.7051146765964,231.4102293531928,,,53.0,166.30883700000004,finite_mle,joint_07611
BP,same_type_exponential_history;lr04_scaled;co2_scaled;mis6_segment;pre_phase_sin;pre_phase_cos,7,True,True,,-102.91479757710272,219.82959515420544,327.61776320327687,6.2732708648787305,53.0,166.30883700000004,finite_mle,joint_07611
B_ecc,same_type_exponential_history;lr04_scaled;co2_scaled;mis6_segment;ecc_scaled,6,True,True,,-108.85992189895265,229.7198437979053,,,53.0,166.30883700000004,finite_mle,joint_07611
BP_ecc,same_type_exponential_history;lr04_scaled;co2_scaled;mis6_segment;pre_phase_sin;pre_phase_cos;ecc_scaled,8,True,True,,-102.28516734836896,220.57033469673792,326.4513657363209,5.4736012412461035,53.0,166.30883700000004,finite_mle,joint_07611
B_obl,same_type_exponential_history;lr04_scaled;co2_scaled;mis6_segment;obl_scaled,6,True,True,,-110.7051142466265,233.410228493253,,,53.0,166.30883700000004,finite_mle,joint_07611
BP_obl,same_type_exponential_history;lr04_scaled;co2_scaled;mis6_segment;pre_phase_sin;pre_phase_cos;obl_scaled,8,True,True,,-102.43926321096136,220.87852642192271,327.9078474323446,7.117932698388326,53.0,166.30883700000004,finite_mle,joint_07611
B_insol65n,same_type_exponential_history;lr04_scaled;co2_scaled;mis6_segment;insol65n_scaled,6,True,True,,-105.87908339468493,223.75816678936985,,,53.0,166.30883700000004,finite_mle,joint_07611
BP_insol65n,same_type_exponential_history;lr04_scaled;co2_scaled;mis6_segment;pre_phase_sin;pre_phase_cos;insol65n_scaled,8,True,True,,-102.15582592119767,220.31165184239535,313.32487226701846,4.194392187740402,53.0,166.30883700000004,finite_mle,joint_07611
B,same_type_exponential_history;lr04_scaled;co2_scaled;mis6_segment,5,True,True,,-110.83566425177673,231.67132850355347,,,53.0,164.64029300000004,finite_mle,joint_09760
BP,same_type_exponential_history;lr04_scaled;co2_scaled;mis6_segment;pre_phase_sin;pre_phase_cos,7,True,True,,-101.99698341504865,217.9939668300973,313.76701373037133,6.954146835924076,53.0,164.64029300000004,finite_mle,joint_09760
B_ecc,same_type_exponential_history;lr04_scaled;co2_scaled;mis6_segment;ecc_scaled,6,True,True,,-108.3969693333519,228.7939386667038,,,53.0,164.64029300000004,finite_mle,joint_09760
BP_ecc,same_type_exponential_history;lr04_scaled;co2_scaled;mis6_segment;pre_phase_sin;pre_phase_cos;ecc_scaled,8,True,True,,-100.74973947073983,217.49947894147965,310.62906923513384,6.050266729614539,53.0,164.64029300000004,finite_mle,joint_09760
B_obl,same_type_exponential_history;lr04_scaled;co2_scaled;mis6_segment;obl_scaled,6,True,True,,-110.75314850215733,233.50629700431466,,,53.0,164.64029300000004,finite_mle,joint_09760
BP_obl,same_type_exponential_history;lr04_scaled;co2_scaled;mis6_segment;pre_phase_sin;pre_phase_cos;obl_scaled,8,True,True,,-100.6544500583208,217.3089001166416,314.71587883316516,8.65194191708199,53.0,164.64029300000004,finite_mle,joint_09760
B_insol65n,same_type_exponential_history;lr04_scaled;co2_scaled;mis6_segment;insol65n_scaled,6,True,True,,-106.04927442076257,224.09854884152514,,,53.0,164.64029300000004,finite_mle,joint_09760
BP_insol65n,same_type_exponential_history;lr04_scaled;co2_scaled;mis6_segment;pre_phase_sin;pre_phase_cos;insol65n_scaled,8,True,True,,-100.07905384268628,216.15810768537256,285.99339231102675,5.038205269653574,53.0,164.64029300000004,finite_mle,joint_09760
B,same_type_exponential_history;lr04_scaled;co2_scaled;mis6_segment,5,True,True,,-110.57187629297765,231.1437525859553,,,53.0,164.72561500000006,finite_mle,joint_00178
BP,same_type_exponential_history;lr04_scaled;co2_scaled;mis6_segment;pre_phase_sin;pre_phase_cos,7,True,True,,-101.98481221152994,217.96962442305988,323.8083733553457,6.99749817462264,53.0,164.72561500000006,finite_mle,joint_00178
B_ecc,same_type_exponential_history;lr04_scaled;co2_scaled;mis6_segment;ecc_scaled,6,True,True,,-109.06016741662731,230.12033483325462,,,53.0,164.72561500000006,finite_mle,joint_00178
BP_ecc,same_type_exponential_history;lr04_scaled;co2_scaled;mis6_segment;pre_phase_sin;pre_phase_cos;ecc_scaled,8,True,True,,-101.46240201143068,218.92480402286137,322.47034265166207,6.302993747261569,53.0,164.72561500000006,finite_mle,joint_00178
B_obl,same_type_exponential_history;lr04_scaled;co2_scaled;mis6_segment;obl_scaled,6,True,True,,-110.51947385319139,233.03894770638277,,,53.0,164.72561500000006,finite_mle,joint_00178
BP_obl,same_type_exponential_history;lr04_scaled;co2_scaled;mis6_segment;pre_phase_sin;pre_phase_cos;obl_scaled,8,True,True,,-100.73231967374699,217.46463934749397,324.5461755159298,8.900236172203778,53.0,164.72561500000006,finite_mle,joint_00178
B_insol65n,same_type_exponential_history;lr04_scaled;co2_scaled;mis6_segment;insol65n_scaled,6,True,True,,-104.82020043477118,221.64040086954236,,,53.0,164.72561500000006,finite_mle,joint_00178
BP_insol65n,same_type_exponential_history;lr04_scaled;co2_scaled;mis6_segment;pre_phase_sin;pre_phase_cos;insol65n_scaled,8,True,True,,-100.33804812879936,216.67609625759872,301.15926425657494,4.402965622156667,53.0,164.72561500000006,finite_mle,joint_00178
B,same_type_exponential_history;lr04_scaled;co2_scaled;mis6_segment,5,True,True,,-111.23500069036541,232.47000138073082,,,53.0,167.90445900000003,finite_mle,joint_09948
BP,same_type_exponential_history;lr04_scaled;co2_scaled;mis6_segment;pre_phase_sin;pre_phase_cos,7,True,True,,-105.59207079742869,225.18414159485738,337.45376281404305,4.3363451083071585,53.0,167.90445900000003,finite_mle,joint_09948
B_ecc,same_type_exponential_history;lr04_scaled;co2_scaled;mis6_segment;ecc_scaled,6,True,True,,-109.73044554506207,231.46089109012414,,,53.0,167.90445900000003,finite_mle,joint_09948
BP_ecc,same_type_exponential_history;lr04_scaled;co2_scaled;mis6_segment;pre_phase_sin;pre_phase_cos;ecc_scaled,8,True,True,,-105.02913587705838,226.05827175411676,335.9119322931876,3.8753359701534786,53.0,167.90445900000003,finite_mle,joint_09948
B_obl,same_type_exponential_history;lr04_scaled;co2_scaled;mis6_segment;obl_scaled,6,True,True,,-111.20258512578793,234.40517025157587,,,53.0,167.90445900000003,finite_mle,joint_09948
BP_obl,same_type_exponential_history;lr04_scaled;co2_scaled;mis6_segment;pre_phase_sin;pre_phase_cos;obl_scaled,8,True,True,,-104.96882170997941,225.93764341995882,336.53754279459235,5.0147642755881945,53.0,167.90445900000003,finite_mle,joint_09948
B_insol65n,same_type_exponential_history;lr04_scaled;co2_scaled;mis6_segment;insol65n_scaled,6,True,True,,-106.30953937940473,224.61907875880945,,,53.0,167.90445900000003,finite_mle,joint_09948
BP_insol65n,same_type_exponential_history;lr04_scaled;co2_scaled;mis6_segment;pre_phase_sin;pre_phase_cos;insol65n_scaled,8,True,True,,-104.59398716058334,225.18797432116668,316.9634678042785,2.5717448036837274,53.0,167.90445900000003,finite_mle,joint_09948
B,same_type_exponential_history;lr04_scaled;co2_scaled;mis6_segment,5,True,True,,-110.83558137610154,231.6711627522031,,,53.0,162.28076200000004,finite_mle,joint_08368
BP,same_type_exponential_history;lr04_scaled;co2_scaled;mis6_segment;pre_phase_sin;pre_phase_cos,7,True,True,,-101.60007897195021,217.20015794390042,317.75862949892706,7.529422794983744,53.0,162.28076200000004,finite_mle,joint_08368
B_ecc,same_type_exponential_history;lr04_scaled;co2_scaled;mis6_segment;ecc_scaled,6,True,True,,-107.97850179214203,227.95700358428405,,,53.0,162.28076200000004,finite_mle,joint_08368
BP_ecc,same_type_exponential_history;lr04_scaled;co2_scaled;mis6_segment;pre_phase_sin;pre_phase_cos;ecc_scaled,8,True,True,,-100.17396379598743,216.34792759197487,315.5152605438862,6.431729542481171,53.0,162.28076200000004,finite_mle,joint_08368
B_obl,same_type_exponential_history;lr04_scaled;co2_scaled;mis6_segment;obl_scaled,6,True,True,,-110.82799662340607,233.65599324681213,,,53.0,162.28076200000004,finite_mle,joint_08368
BP_obl,same_type_exponential_history;lr04_scaled;co2_scaled;mis6_segment;pre_phase_sin;pre_phase_cos;obl_scaled,8,True,True,,-100.56596183591573,217.13192367183146,318.43809282971563,9.368713136053724,53.0,162.28076200000004,finite_mle,joint_08368
B_insol65n,same_type_exponential_history;lr04_scaled;co2_scaled;mis6_segment;insol65n_scaled,6,True,True,,-105.81252198650702,223.62504397301404,,,53.0,162.28076200000004,finite_mle,joint_08368
BP_insol65n,same_type_exponential_history;lr04_scaled;co2_scaled;mis6_segment;pre_phase_sin;pre_phase_cos;insol65n_scaled,8,True,True,,-99.92339357026209,215.84678714052419,293.0072991391597,5.222536494896759,53.0,162.28076200000004,finite_mle,joint_08368
B,same_type_exponential_history;lr04_scaled;co2_scaled;mis6_segment,5,True,True,,-110.37748028490603,230.75496056981206,,,53.0,161.10282500000002,finite_mle,joint_03029
BP,same_type_exponential_history;lr04_scaled;co2_scaled;mis6_segment;pre_phase_sin;pre_phase_cos,7,True,True,,-99.65897439883926,213.31794879767853,318.9029177399956,9.367203874753494,53.0,161.10282500000002,finite_mle,joint_03029
B_ecc,same_type_exponential_history;lr04_scaled;co2_scaled;mis6_segment;ecc_scaled,6,True,True,,-108.60619637181617,229.21239274363234,,,53.0,161.10282500000002,finite_mle,joint_03029
BP_ecc,same_type_exponential_history;lr04_scaled;co2_scaled;mis6_segment;pre_phase_sin;pre_phase_cos;ecc_scaled,8,True,True,,-98.97459363067976,213.94918726135953,318.0432780720724,8.439976257652766,53.0,161.10282500000002,finite_mle,joint_03029
B_obl,same_type_exponential_history;lr04_scaled;co2_scaled;mis6_segment;obl_scaled,6,True,True,,-110.36361849999108,232.72723699998215,,,53.0,161.10282500000002,finite_mle,joint_03029
BP_obl,same_type_exponential_history;lr04_scaled;co2_scaled;mis6_segment;pre_phase_sin;pre_phase_cos;obl_scaled,8,True,True,,-98.92905630752625,213.8581126150525,320.04001837243345,11.271831861412325,53.0,161.10282500000002,finite_mle,joint_03029
B_insol65n,same_type_exponential_history;lr04_scaled;co2_scaled;mis6_segment;insol65n_scaled,6,True,True,,-105.79277179206164,223.5855435841233,,,53.0,161.10282500000002,finite_mle,joint_03029
BP_insol65n,same_type_exponential_history;lr04_scaled;co2_scaled;mis6_segment;pre_phase_sin;pre_phase_cos;insol65n_scaled,8,True,True,,-98.98115028098687,213.96230056197373,307.1349196628062,6.830788044723555,53.0,161.10282500000002,finite_mle,joint_03029
B,same_type_exponential_history;lr04_scaled;co2_scaled;mis6_segment,5,True,True,,-110.96027048067853,231.92054096135706,,,53.0,165.46294700000004,finite_mle,joint_08194
BP,same_type_exponential_history;lr04_scaled;co2_scaled;mis6_segment;pre_phase_sin;pre_phase_cos,7,True,True,,-102.89375964278616,219.78751928557233,328.5847829532344,6.303233063824967,53.0,165.46294700000004,finite_mle,joint_08194
B_ecc,same_type_exponential_history;lr04_scaled;co2_scaled;mis6_segment;ecc_scaled,6,True,True,,-108.72914031004134,229.4582806200827,,,53.0,165.46294700000004,finite_mle,joint_08194
BP_ecc,same_type_exponential_history;lr04_scaled;co2_scaled;mis6_segment;pre_phase_sin;pre_phase_cos;ecc_scaled,8,True,True,,-102.00029792720781,220.00059585441562,326.45564864098515,5.456521791356275,53.0,165.46294700000004,finite_mle,joint_08194
B_obl,same_type_exponential_history;lr04_scaled;co2_scaled;mis6_segment;obl_scaled,6,True,True,,-110.95194148531377,233.90388297062754,,,53.0,165.46294700000004,finite_mle,joint_08194
BP_obl,same_type_exponential_history;lr04_scaled;co2_scaled;mis6_segment;pre_phase_sin;pre_phase_cos;obl_scaled,8,True,True,,-102.54668571171828,221.09337142343657,328.58594659752515,6.9971932654028155,53.0,165.46294700000004,finite_mle,joint_08194
B_insol65n,same_type_exponential_history;lr04_scaled;co2_scaled;mis6_segment;insol65n_scaled,6,True,True,,-105.87417622643949,223.74835245287898,,,53.0,165.46294700000004,finite_mle,joint_08194
BP_insol65n,same_type_exponential_history;lr04_scaled;co2_scaled;mis6_segment;pre_phase_sin;pre_phase_cos;insol65n_scaled,8,True,True,,-102.15727253138303,220.31454506276606,314.2420310244223,4.181909598401166,53.0,165.46294700000004,finite_mle,joint_08194
B,same_type_exponential_history;lr04_scaled;co2_scaled;mis6_segment,5,True,True,,-111.57452499343057,233.14904998686114,,,53.0,167.31250400000002,finite_mle,joint_00480
BP,same_type_exponential_history;lr04_scaled;co2_scaled;mis6_segment;pre_phase_sin;pre_phase_cos,7,True,True,,-104.15450191006411,222.30900382012823,330.2299674308171,5.599056844481806,53.0,167.31250400000002,finite_mle,joint_00480
B_ecc,same_type_exponential_history;lr04_scaled;co2_scaled;mis6_segment;ecc_scaled,6,True,True,,-109.65416328538353,231.30832657076706,,,53.0,167.31250400000002,finite_mle,joint_00480
BP_ecc,same_type_exponential_history;lr04_scaled;co2_scaled;mis6_segment;pre_phase_sin;pre_phase_cos;ecc_scaled,8,True,True,,-103.40995228341433,222.81990456682865,328.51530473019454,4.91784056580203,53.0,167.31250400000002,finite_mle,joint_00480
B_obl,same_type_exponential_history;lr04_scaled;co2_scaled;mis6_segment;obl_scaled,6,True,True,,-111.54931209720789,235.09862419441578,,,53.0,167.31250400000002,finite_mle,joint_00480
BP_obl,same_type_exponential_history;lr04_scaled;co2_scaled;mis6_segment;pre_phase_sin;pre_phase_cos;obl_scaled,8,True,True,,-103.43182243823975,222.8636448764795,330.0572547940534,6.528403873480193,53.0,167.31250400000002,finite_mle,joint_00480
B_insol65n,same_type_exponential_history;lr04_scaled;co2_scaled;mis6_segment;insol65n_scaled,6,True,True,,-105.93805853847472,223.87611707694944,,,53.0,167.31250400000002,finite_mle,joint_00480
BP_insol65n,same_type_exponential_history;lr04_scaled;co2_scaled;mis6_segment;pre_phase_sin;pre_phase_cos;insol65n_scaled,8,True,True,,-102.92205663398897,221.84411326797795,308.75093475281506,3.3846376442952897,53.0,167.31250400000002,finite_mle,joint_00480
B,same_type_exponential_history;lr04_scaled;co2_scaled;mis6_segment,5,True,True,,-111.10844730649892,232.21689461299783,,,53.0,168.01043500000003,finite_mle,joint_06956
BP,same_type_exponential_history;lr04_scaled;co2_scaled;mis6_segment;pre_phase_sin;pre_phase_cos,7,True,True,,-103.84976801223226,221.69953602446452,332.68935804742347,5.5019728587028345,53.0,168.01043500000003,finite_mle,joint_06956
B_ecc,same_type_exponential_history;lr04_scaled;co2_scaled;mis6_segment;ecc_scaled,6,True,True,,-110.05901932015115,232.1180386403023,,,53.0,168.01043500000003,finite_mle,joint_06956
BP_ecc,same_type_exponential_history;lr04_scaled;co2_scaled;mis6_segment;pre_phase_sin;pre_phase_cos;ecc_scaled,8,True,True,,-103.6340846047683,223.2681692095366,331.6241194592003,5.103702234982059,53.0,168.01043500000003,finite_mle,joint_06956
B_obl,same_type_exponential_history;lr04_scaled;co2_scaled;mis6_segment;obl_scaled,6,True,True,,-111.10354392002586,234.2070878400517,,,53.0,168.01043500000003,finite_mle,joint_06956
BP_obl,same_type_exponential_history;lr04_scaled;co2_scaled;mis6_segment;pre_phase_sin;pre_phase_cos;obl_scaled,8,True,True,,-103.23993123709445,222.4798624741889,332.4151216396876,6.397796216723963,53.0,168.01043500000003,finite_mle,joint_06956
B_insol65n,same_type_exponential_history;lr04_scaled;co2_scaled;mis6_segment;insol65n_scaled,6,True,True,,-105.7660642734341,223.5321285468682,,,53.0,168.01043500000003,finite_mle,joint_06956
BP_insol65n,same_type_exponential_history;lr04_scaled;co2_scaled;mis6_segment;pre_phase_sin;pre_phase_cos;insol65n_scaled,8,True,True,,-102.88653446240525,221.7730689248105,315.15810947205244,3.423238531053687,53.0,168.01043500000003,finite_mle,joint_06956
B,same_type_exponential_history;lr04_scaled;co2_scaled;mis6_segment,5,True,True,,-112.42861857928554,234.85723715857108,,,53.0,171.88124000000002,finite_mle,joint_01547
BP,same_type_exponential_history;lr04_scaled;co2_scaled;mis6_segment;pre_phase_sin;pre_phase_cos,7,True,True,,-108.50246625162059,231.00493250324118,334.0748051160465,3.4325376910762255,53.0,171.88124000000002,finite_mle,joint_01547
B_ecc,same_type_exponential_history;lr04_scaled;co2_scaled;mis6_segment;ecc_scaled,6,True,True,,-111.04723712402966,234.09447424805933,,,53.0,171.88124000000002,finite_mle,joint_01547
BP_ecc,same_type_exponential_history;lr04_scaled;co2_scaled;mis6_segment;pre_phase_sin;pre_phase_cos;ecc_scaled,8,True,True,,-107.81653436435272,231.63306872870544,332.7718141878119,3.111613650274182,53.0,171.88124000000002,finite_mle,joint_01547
B_obl,same_type_exponential_history;lr04_scaled;co2_scaled;mis6_segment;obl_scaled,6,True,True,,-112.42794044819092,236.85588089638185,,,53.0,171.88124000000002,finite_mle,joint_01547
BP_obl,same_type_exponential_history;lr04_scaled;co2_scaled;mis6_segment;pre_phase_sin;pre_phase_cos;obl_scaled,8,True,True,,-108.33832664295124,232.6766532859025,333.7587445062691,3.657006034884103,53.0,171.88124000000002,finite_mle,joint_01547
B_insol65n,same_type_exponential_history;lr04_scaled;co2_scaled;mis6_segment;insol65n_scaled,6,True,True,,-110.68152361006777,233.36304722013554,,,53.0,171.88124000000002,finite_mle,joint_01547
BP_insol65n,same_type_exponential_history;lr04_scaled;co2_scaled;mis6_segment;pre_phase_sin;pre_phase_cos;insol65n_scaled,8,True,True,,-108.50216020358017,233.00432040716035,333.78523647962027,3.3962784356003497,53.0,171.88124000000002,finite_mle,joint_01547
B,same_type_exponential_history;lr04_scaled;co2_scaled;mis6_segment,5,True,True,,-110.39950738256026,230.79901476512052,,,53.0,161.10864900000004,finite_mle,joint_09425
BP,same_type_exponential_history;lr04_scaled;co2_scaled;mis6_segment;pre_phase_sin;pre_phase_cos,7,True,True,,-101.49254155230895,216.9850831046179,320.6949315939981,7.200904539487115,53.0,161.10864900000004,finite_mle,joint_09425
B_ecc,same_type_exponential_history;lr04_scaled;co2_scaled;mis6_segment;ecc_scaled,6,True,True,,-107.22496901877501,226.44993803755003,,,53.0,161.10864900000004,finite_mle,joint_09425
BP_ecc,same_type_exponential_history;lr04_scaled;co2_scaled;mis6_segment;pre_phase_sin;pre_phase_cos;ecc_scaled,8,True,True,,-99.57674194706388,215.15348389412776,318.03503579973335,6.222380473262674,53.0,161.10864900000004,finite_mle,joint_09425
B_obl,same_type_exponential_history;lr04_scaled;co2_scaled;mis6_segment;obl_scaled,6,True,True,,-110.356543080631,232.713086161262,,,53.0,161.10864900000004,finite_mle,joint_09425
BP_obl,same_type_exponential_history;lr04_scaled;co2_scaled;mis6_segment;pre_phase_sin;pre_phase_cos;obl_scaled,8,True,True,,-99.88414782916823,215.76829565833646,320.98064596534965,9.823732510087678,53.0,161.10864900000004,finite_mle,joint_09425
B_insol65n,same_type_exponential_history;lr04_scaled;co2_scaled;mis6_segment;insol65n_scaled,6,True,True,,-105.08043545910567,222.16087091821134,,,53.0,161.10864900000004,finite_mle,joint_09425
BP_insol65n,same_type_exponential_history;lr04_scaled;co2_scaled;mis6_segment;pre_phase_sin;pre_phase_cos;insol65n_scaled,8,True,True,,-99.69586736071447,215.39173472142895,294.3458146233042,4.802011498837228,53.0,161.10864900000004,finite_mle,joint_09425
B,same_type_exponential_history;lr04_scaled;co2_scaled;mis6_segment,5,True,True,,-111.33520892651268,232.67041785302536,,,53.0,168.78895400000005,finite_mle,joint_04365
BP,same_type_exponential_history;lr04_scaled;co2_scaled;mis6_segment;pre_phase_sin;pre_phase_cos,7,True,True,,-105.1469209991405,224.293841998281,336.5965361227489,4.754510666939458,53.0,168.78895400000005,finite_mle,joint_04365
B_ecc,same_type_exponential_history;lr04_scaled;co2_scaled;mis6_segment;ecc_scaled,6,True,True,,-110.41226694192676,232.82453388385352,,,53.0,168.78895400000005,finite_mle,joint_04365
BP_ecc,same_type_exponential_history;lr04_scaled;co2_scaled;mis6_segment;pre_phase_sin;pre_phase_cos;ecc_scaled,8,True,True,,-104.93956289876158,225.87912579752316,335.86721598344764,4.441756475810498,53.0,168.78895400000005,finite_mle,joint_04365
B_obl,same_type_exponential_history;lr04_scaled;co2_scaled;mis6_segment;obl_scaled,6,True,True,,-111.32862999099021,234.65725998198042,,,53.0,168.78895400000005,finite_mle,joint_04365
BP_obl,same_type_exponential_history;lr04_scaled;co2_scaled;mis6_segment;pre_phase_sin;pre_phase_cos;obl_scaled,8,True,True,,-104.8807211457501,225.7614422915002,336.17965270201347,5.226323060884246,53.0,168.78895400000005,finite_mle,joint_04365
B_insol65n,same_type_exponential_history;lr04_scaled;co2_scaled;mis6_segment;insol65n_scaled,6,True,True,,-106.90632046206714,225.81264092413429,,,53.0,168.78895400000005,finite_mle,joint_04365
BP_insol65n,same_type_exponential_history;lr04_scaled;co2_scaled;mis6_segment;pre_phase_sin;pre_phase_cos;insol65n_scaled,8,True,True,,-104.60883231174392,225.21766462348785,324.6187647852389,3.200881040373853,53.0,168.78895400000005,finite_mle,joint_04365
B,same_type_exponential_history;lr04_scaled;co2_scaled;mis6_segment,5,True,True,,-111.19281974714754,232.38563949429508,,,53.0,163.51709900000003,finite_mle,joint_09064
BP,same_type_exponential_history;lr04_scaled;co2_scaled;mis6_segment;pre_phase_sin;pre_phase_cos,7,True,True,,-102.10942983264482,218.21885966528964,326.3605807133451,7.324580241330116,53.0,163.51709900000003,finite_mle,joint_09064
B_ecc,same_type_exponential_history;lr04_scaled;co2_scaled;mis6_segment;ecc_scaled,6,True,True,,-108.21074485536823,228.42148971073647,,,53.0,163.51709900000003,finite_mle,joint_09064
BP_ecc,same_type_exponential_history;lr04_scaled;co2_scaled;mis6_segment;pre_phase_sin;pre_phase_cos;ecc_scaled,8,True,True,,-100.74296121338384,217.48592242676767,324.0989589165552,6.072375564937457,53.0,163.51709900000003,finite_mle,joint_09064
B_obl,same_type_exponential_history;lr04_scaled;co2_scaled;mis6_segment;obl_scaled,6,True,True,,-111.12562250195802,234.25124500391604,,,53.0,163.51709900000003,finite_mle,joint_09064
BP_obl,same_type_exponential_history;lr04_scaled;co2_scaled;mis6_segment;pre_phase_sin;pre_phase_cos;obl_scaled,8,True,True,,-100.67821189839844,217.3564237967969,326.3130952871736,9.502696241486973,53.0,163.51709900000003,finite_mle,joint_09064
B_insol65n,same_type_exponential_history;lr04_scaled;co2_scaled;mis6_segment;insol65n_scaled,6,True,True,,-104.19056826272436,220.3811365254487,,,53.0,163.51709900000003,finite_mle,joint_09064
BP_insol65n,same_type_exponential_history;lr04_scaled;co2_scaled;mis6_segment;pre_phase_sin;pre_phase_cos;insol65n_scaled,8,True,True,,-99.68439156570813,215.36878313141625,296.0538473408576,4.2193887432933534,53.0,163.51709900000003,finite_mle,joint_09064
B,same_type_exponential_history;lr04_scaled;co2_scaled;mis6_segment,5,True,True,,-112.31697993903347,234.63395987806695,,,53.0,172.732283,finite_mle,joint_02355
BP,same_type_exponential_history;lr04_scaled;co2_scaled;mis6_segment;pre_phase_sin;pre_phase_cos,7,True,True,,-108.1085000800029,230.2170001600058,334.43554257998574,3.6193071761041677,53.0,172.732283,finite_mle,joint_02355
B_ecc,same_type_exponential_history;lr04_scaled;co2_scaled;mis6_segment;ecc_scaled,6,True,True,,-111.4082458577347,234.8164917154694,,,53.0,172.732283,finite_mle,joint_02355
BP_ecc,same_type_exponential_history;lr04_scaled;co2_scaled;mis6_segment;pre_phase_sin;pre_phase_cos;ecc_scaled,8,True,True,,-107.73936102087988,231.47872204175977,333.4252366010242,3.376579970024195,53.0,172.732283,finite_mle,joint_02355
B_obl,same_type_exponential_history;lr04_scaled;co2_scaled;mis6_segment;obl_scaled,6,True,True,,-112.31651386105202,236.63302772210403,,,53.0,172.732283,finite_mle,joint_02355
BP_obl,same_type_exponential_history;lr04_scaled;co2_scaled;mis6_segment;pre_phase_sin;pre_phase_cos;obl_scaled,8,True,True,,-107.90793171691902,231.81586343383805,334.1991908749148,3.8954053606267185,53.0,172.732283,finite_mle,joint_02355
B_insol65n,same_type_exponential_history;lr04_scaled;co2_scaled;mis6_segment;insol65n_scaled,6,True,True,,-110.35174885512164,232.70349771024328,,,53.0,172.732283,finite_mle,joint_02355
BP_insol65n,same_type_exponential_history;lr04_scaled;co2_scaled;mis6_segment;pre_phase_sin;pre_phase_cos;insol65n_scaled,8,True,True,,-108.10140958057859,232.20281916115718,333.10122461321515,3.4426896902389594,53.0,172.732283,finite_mle,joint_02355
B,same_type_exponential_history;lr04_scaled;co2_scaled;mis6_segment,5,True,True,,-110.32082247051886,230.64164494103773,,,53.0,166.81311600000004,finite_mle,joint_02103
BP,same_type_exponential_history;lr04_scaled;co2_scaled;mis6_segment;pre_phase_sin;pre_phase_cos,7,True,True,,-102.58268906378316,219.16537812756633,326.4856521923109,5.847991566786194,53.0,166.81311600000004,finite_mle,joint_02103
B_ecc,same_type_exponential_history;lr04_scaled;co2_scaled;mis6_segment;ecc_scaled,6,True,True,,-108.79491801877617,229.58983603755235,,,53.0,166.81311600000004,finite_mle,joint_02103
BP_ecc,same_type_exponential_history;lr04_scaled;co2_scaled;mis6_segment;pre_phase_sin;pre_phase_cos;ecc_scaled,8,True,True,,-102.15378051607487,220.30756103214975,324.6922223450905,5.271511364340113,53.0,166.81311600000004,finite_mle,joint_02103
B_obl,same_type_exponential_history;lr04_scaled;co2_scaled;mis6_segment;obl_scaled,6,True,True,,-110.31692687521533,232.63385375043066,,,53.0,166.81311600000004,finite_mle,joint_02103
BP_obl,same_type_exponential_history;lr04_scaled;co2_scaled;mis6_segment;pre_phase_sin;pre_phase_cos;obl_scaled,8,True,True,,-102.01308458345542,220.02616916691085,326.72361348224314,6.7001997694312045,53.0,166.81311600000004,finite_mle,joint_02103
B_insol65n,same_type_exponential_history;lr04_scaled;co2_scaled;mis6_segment;insol65n_scaled,6,True,True,,-105.08119555867522,222.16239111735044,,,53.0,166.81311600000004,finite_mle,joint_02103
BP_insol65n,same_type_exponential_history;lr04_scaled;co2_scaled;mis6_segment;pre_phase_sin;pre_phase_cos;insol65n_scaled,8,True,True,,-101.52612147919154,219.0522429583831,307.05044820492583,3.770370030783069,53.0,166.81311600000004,finite_mle,joint_02103
B,same_type_exponential_history;lr04_scaled;co2_scaled;mis6_segment,5,True,True,,-111.41017195736649,232.82034391473297,,,53.0,163.80033800000004,finite_mle,joint_09605
BP,same_type_exponential_history;lr04_scaled;co2_scaled;mis6_segment;pre_phase_sin;pre_phase_cos,7,True,True,,-100.01445433205086,214.02890866410172,328.01201659616896,10.429350551146902,53.0,163.80033800000004,finite_mle,joint_09605
B_ecc,same_type_exponential_history;lr04_scaled;co2_scaled;mis6_segment;ecc_scaled,6,True,True,,-109.2765404894563,230.5530809789126,,,53.0,163.80033800000004,finite_mle,joint_09605
BP_ecc,same_type_exponential_history;lr04_scaled;co2_scaled;mis6_segment;pre_phase_sin;pre_phase_cos;ecc_scaled,8,True,True,,-99.1533765737081,214.3067531474162,326.98710065849514,9.142525413381955,53.0,163.80033800000004,finite_mle,joint_09605
B_obl,same_type_exponential_history;lr04_scaled;co2_scaled;mis6_segment;obl_scaled,6,True,True,,-111.40811460493248,234.81622920986496,,,53.0,163.80033800000004,finite_mle,joint_09605
BP_obl,same_type_exponential_history;lr04_scaled;co2_scaled;mis6_segment;pre_phase_sin;pre_phase_cos;obl_scaled,8,True,True,,-98.76184739909823,213.52369479819646,328.30594853792377,13.795909720612702,53.0,163.80033800000004,finite_mle,joint_09605
B_insol65n,same_type_exponential_history;lr04_scaled;co2_scaled;mis6_segment;insol65n_scaled,6,True,True,,-103.66608342226681,219.33216684453362,,,53.0,163.80033800000004,finite_mle,joint_09605
BP_insol65n,same_type_exponential_history;lr04_scaled;co2_scaled;mis6_segment;pre_phase_sin;pre_phase_cos;insol65n_scaled,8,True,True,,-97.9325149706055,211.865029941211,307.0456764885958,5.902798757154167,53.0,163.80033800000004,finite_mle,joint_09605
B,same_type_exponential_history;lr04_scaled;co2_scaled;mis6_segment,5,True,True,,-111.58047408042063,233.16094816084126,,,53.0,166.555367,finite_mle,joint_00231
BP,same_type_exponential_history;lr04_scaled;co2_scaled;mis6_segment;pre_phase_sin;pre_phase_cos,7,True,True,,-101.67374823920977,217.34749647841954,322.5064728823401,7.830908406143871,53.0,166.555367,finite_mle,joint_00231
B_ecc,same_type_exponential_history;lr04_scaled;co2_scaled;mis6_segment;ecc_scaled,6,True,True,,-108.94682257980705,229.8936451596141,,,53.0,166.555367,finite_mle,joint_00231
BP_ecc,same_type_exponential_history;lr04_scaled;co2_scaled;mis6_segment;pre_phase_sin;pre_phase_cos;ecc_scaled,8,True,True,,-100.61637427343234,217.23274854686468,320.22925863254204,6.665584584801936,53.0,166.555367,finite_mle,joint_00231
B_obl,same_type_exponential_history;lr04_scaled;co2_scaled;mis6_segment;obl_scaled,6,True,True,,-111.56754853365706,235.13509706731412,,,53.0,166.555367,finite_mle,joint_00231
BP_obl,same_type_exponential_history;lr04_scaled;co2_scaled;mis6_segment;pre_phase_sin;pre_phase_cos;obl_scaled,8,True,True,,-100.9142920181703,217.8285840363406,322.935864044998,9.055704319190628,53.0,166.555367,finite_mle,joint_00231
B_insol65n,same_type_exponential_history;lr04_scaled;co2_scaled;mis6_segment;insol65n_scaled,6,True,True,,-105.87569105242574,223.75138210485147,,,53.0,166.555367,finite_mle,joint_00231
BP_insol65n,same_type_exponential_history;lr04_scaled;co2_scaled;mis6_segment;pre_phase_sin;pre_phase_cos;insol65n_scaled,8,True,True,,-100.61952660136029,217.23905320272058,305.0122202812334,5.127653327620989,53.0,166.555367,finite_mle,joint_00231
B,same_type_exponential_history;lr04_scaled;co2_scaled;mis6_segment,5,True,True,,-111.1532354820001,232.3064709640002,,,53.0,165.06434000000002,finite_mle,joint_05327
BP,same_type_exponential_history;lr04_scaled;co2_scaled;mis6_segment;pre_phase_sin;pre_phase_cos,7,True,True,,-104.26174964774002,222.52349929548004,328.2206821414855,5.110861401562313,53.0,165.06434000000002,finite_mle,joint_05327
B_ecc,same_type_exponential_history;lr04_scaled;co2_scaled;mis6_segment;ecc_scaled,6,True,True,,-108.89885200447091,229.79770400894182,,,53.0,165.06434000000002,finite_mle,joint_05327
BP_ecc,same_type_exponential_history;lr04_scaled;co2_scaled;mis6_segment;pre_phase_sin;pre_phase_cos;ecc_scaled,8,True,True,,-103.31460594217032,222.62921188434063,325.75327552474454,4.4200691149114535,53.0,165.06434000000002,finite_mle,joint_05327
B_obl,same_type_exponential_history;lr04_scaled;co2_scaled;mis6_segment;obl_scaled,6,True,True,,-111.15321049719469,234.30642099438938,,,53.0,165.06434000000002,finite_mle,joint_05327
BP_obl,same_type_exponential_history;lr04_scaled;co2_scaled;mis6_segment;pre_phase_sin;pre_phase_cos;obl_scaled,8,True,True,,-103.87310185336159,223.74620370672318,328.12627282026955,5.679861381055029,53.0,165.06434000000002,finite_mle,joint_05327
B_insol65n,same_type_exponential_history;lr04_scaled;co2_scaled;mis6_segment;insol65n_scaled,6,True,True,,-106.43749257212735,224.8749851442547,,,53.0,165.06434000000002,finite_mle,joint_05327
BP_insol65n,same_type_exponential_history;lr04_scaled;co2_scaled;mis6_segment;pre_phase_sin;pre_phase_cos;insol65n_scaled,8,True,True,,-103.3823220015837,222.7646440031674,308.36981313979066,3.329655914262055,53.0,165.06434000000002,finite_mle,joint_05327
B,same_type_exponential_history;lr04_scaled;co2_scaled;mis6_segment,5,True,True,,-110.33340927116737,230.66681854233474,,,53.0,163.98863000000006,finite_mle,joint_02394
BP,same_type_exponential_history;lr04_scaled;co2_scaled;mis6_segment;pre_phase_sin;pre_phase_cos,7,True,True,,-100.67641018371673,215.35282036743345,335.17172416865657,8.013980542774428,53.0,163.98863000000006,finite_mle,joint_02394
B_ecc,same_type_exponential_history;lr04_scaled;co2_scaled;mis6_segment;ecc_scaled,6,True,True,,-109.58481589038223,231.16963178076446,,,53.0,163.98863000000006,finite_mle,joint_02394
BP_ecc,same_type_exponential_history;lr04_scaled;co2_scaled;mis6_segment;pre_phase_sin;pre_phase_cos;ecc_scaled,8,True,True,,-100.64891366053229,217.29782732106457,335.1459343560824,7.74958040555242,53.0,163.98863000000006,finite_mle,joint_02394
B_obl,same_type_exponential_history;lr04_scaled;co2_scaled;mis6_segment;obl_scaled,6,True,True,,-110.31839360458821,232.63678720917642,,,53.0,163.98863000000006,finite_mle,joint_02394
BP_obl,same_type_exponential_history;lr04_scaled;co2_scaled;mis6_segment;pre_phase_sin;pre_phase_cos;obl_scaled,8,True,True,,-99.58444387653441,215.16888775306882,335.5951740866352,10.17171672281804,53.0,163.98863000000006,finite_mle,joint_02394
B_insol65n,same_type_exponential_history;lr04_scaled;co2_scaled;mis6_segment;insol65n_scaled,6,True,True,,-102.42496204689829,216.84992409379657,,,53.0,163.98863000000006,finite_mle,joint_02394
BP_insol65n,same_type_exponential_history;lr04_scaled;co2_scaled;mis6_segment;pre_phase_sin;pre_phase_cos;insol65n_scaled,8,True,True,,-98.88635761100943,213.77271522201886,317.48181762531163,4.198292439310569,53.0,163.98863000000006,finite_mle,joint_02394
B,same_type_exponential_history;lr04_scaled;co2_scaled;mis6_segment,5,True,True,,-110.47830716616275,230.9566143323255,,,53.0,164.44375700000006,finite_mle,joint_04245
BP,same_type_exponential_history;lr04_scaled;co2_scaled;mis6_segment;pre_phase_sin;pre_phase_cos,7,True,True,,-104.07133716105072,222.14267432210144,327.68257459941043,5.02117414964256,53.0,164.44375700000006,finite_mle,joint_04245
B_ecc,same_type_exponential_history;lr04_scaled;co2_scaled;mis6_segment;ecc_scaled,6,True,True,,-109.07657592823008,230.15315185646017,,,53.0,164.44375700000006,finite_mle,joint_04245
BP_ecc,same_type_exponential_history;lr04_scaled;co2_scaled;mis6_segment;pre_phase_sin;pre_phase_cos;ecc_scaled,8,True,True,,-103.58453439277619,223.16906878555238,326.10748347669585,4.525179740942871,53.0,164.44375700000006,finite_mle,joint_04245
B_obl,same_type_exponential_history;lr04_scaled;co2_scaled;mis6_segment;obl_scaled,6,True,True,,-110.27557780449024,232.55115560898048,,,53.0,164.44375700000006,finite_mle,joint_04245
BP_obl,same_type_exponential_history;lr04_scaled;co2_scaled;mis6_segment;pre_phase_sin;pre_phase_cos;obl_scaled,8,True,True,,-102.61774238103521,221.23548476207043,328.14324076073694,6.4038027749496065,53.0,164.44375700000006,finite_mle,joint_04245
B_insol65n,same_type_exponential_history;lr04_scaled;co2_scaled;mis6_segment;insol65n_scaled,6,True,True,,-104.7771247057007,221.5542494114014,,,53.0,164.44375700000006,finite_mle,joint_04245
BP_insol65n,same_type_exponential_history;lr04_scaled;co2_scaled;mis6_segment;pre_phase_sin;pre_phase_cos;insol65n_scaled,8,True,True,,-102.07260952298452,220.14521904596904,294.58563312962394,2.9584664977242046,53.0,164.44375700000006,finite_mle,joint_04245
B,same_type_exponential_history;lr04_scaled;co2_scaled;mis6_segment,5,True,True,,-111.71413745478299,233.42827490956597,,,53.0,164.46785800000004,finite_mle,joint_00704
BP,same_type_exponential_history;lr04_scaled;co2_scaled;mis6_segment;pre_phase_sin;pre_phase_cos,7,True,True,,-102.63611653653611,219.27223307307221,325.34541943131876,7.18478756920288,53.0,164.46785800000004,finite_mle,joint_00704
B_ecc,same_type_exponential_history;lr04_scaled;co2_scaled;mis6_segment;ecc_scaled,6,True,True,,-109.27398496153779,230.54796992307558,,,53.0,164.46785800000004,finite_mle,joint_00704
BP_ecc,same_type_exponential_history;lr04_scaled;co2_scaled;mis6_segment;pre_phase_sin;pre_phase_cos;ecc_scaled,8,True,True,,-101.58141511686561,219.16283023373123,323.57517567688933,6.171679603059913,53.0,164.46785800000004,finite_mle,joint_00704
B_obl,same_type_exponential_history;lr04_scaled;co2_scaled;mis6_segment;obl_scaled,6,True,True,,-111.66697096957807,235.33394193915615,,,53.0,164.46785800000004,finite_mle,joint_00704
BP_obl,same_type_exponential_history;lr04_scaled;co2_scaled;mis6_segment;pre_phase_sin;pre_phase_cos;obl_scaled,8,True,True,,-101.33213176672243,218.66426353344485,325.61520384931526,9.207131508813026,53.0,164.46785800000004,finite_mle,joint_00704
B_insol65n,same_type_exponential_history;lr04_scaled;co2_scaled;mis6_segment;insol65n_scaled,6,True,True,,-104.57248769508553,221.14497539017106,,,53.0,164.46785800000004,finite_mle,joint_00704
BP_insol65n,same_type_exponential_history;lr04_scaled;co2_scaled;mis6_segment;pre_phase_sin;pre_phase_cos;insol65n_scaled,8,True,True,,-99.92183320244047,215.84366640488093,292.98367238482894,4.212975279082917,53.0,164.46785800000004,finite_mle,joint_00704
B,same_type_exponential_history;lr04_scaled;co2_scaled;mis6_segment,5,True,True,,-110.58997617874627,231.17995235749254,,,53.0,161.76592700000003,finite_mle,joint_05114
BP,same_type_exponential_history;lr04_scaled;co2_scaled;mis6_segment;pre_phase_sin;pre_phase_cos,7,True,True,,-101.43490968477084,216.8698193695417,322.5132899677732,7.508451228217946,53.0,161.76592700000003,finite_mle,joint_05114
B_ecc,same_type_exponential_history;lr04_scaled;co2_scaled;mis6_segment;ecc_scaled,6,True,True,,-107.70109786782072,227.40219573564144,,,53.0,161.76592700000003,finite_mle,joint_05114
BP_ecc,same_type_exponential_history;lr04_scaled;co2_scaled;mis6_segment;pre_phase_sin;pre_phase_cos;ecc_scaled,8,True,True,,-99.93481813558364,215.86963627116728,320.6380933664378,6.4352123835085155,53.0,161.76592700000003,finite_mle,joint_05114
B_obl,same_type_exponential_history;lr04_scaled;co2_scaled;mis6_segment;obl_scaled,6,True,True,,-110.57832158870124,233.1566431774025,,,53.0,161.76592700000003,finite_mle,joint_05114
BP_obl,same_type_exponential_history;lr04_scaled;co2_scaled;mis6_segment;pre_phase_sin;pre_phase_cos;obl_scaled,8,True,True,,-100.38853588757797,216.77707177515595,323.1577621558809,9.458103165258722,53.0,161.76592700000003,finite_mle,joint_05114
B_insol65n,same_type_exponential_history;lr04_scaled;co2_scaled;mis6_segment;insol65n_scaled,6,True,True,,-104.98079210849926,221.96158421699852,,,53.0,161.76592700000003,finite_mle,joint_05114
BP_insol65n,same_type_exponential_history;lr04_scaled;co2_scaled;mis6_segment;pre_phase_sin;pre_phase_cos;insol65n_scaled,8,True,True,,-99.95704137703785,215.9140827540757,300.5457886882295,4.8595904734464455,53.0,161.76592700000003,finite_mle,joint_05114
B,same_type_exponential_history;lr04_scaled;co2_scaled;mis6_segment,5,True,True,,-110.95143818315373,231.90287636630745,,,53.0,163.63386000000003,finite_mle,joint_07240
BP,same_type_exponential_history;lr04_scaled;co2_scaled;mis6_segment;pre_phase_sin;pre_phase_cos,7,True,True,,-101.0982220854389,216.1964441708778,326.0888710149123,8.276213604364942,53.0,163.63386000000003,finite_mle,joint_07240
B_ecc,same_type_exponential_history;lr04_scaled;co2_scaled;mis6_segment;ecc_scaled,6,True,True,,-107.871157403822,227.742314807644,,,53.0,163.63386000000003,finite_mle,joint_07240
BP_ecc,same_type_exponential_history;lr04_scaled;co2_scaled;mis6_segment;pre_phase_sin;pre_phase_cos;ecc_scaled,8,True,True,,-99.69631138569909,215.39262277139818,324.1506229023558,6.88452827677477,53.0,163.63386000000003,finite_mle,joint_07240
B_obl,same_type_exponential_history;lr04_scaled;co2_scaled;mis6_segment;obl_scaled,6,True,True,,-110.94724727698014,233.89449455396027,,,53.0,163.63386000000003,finite_mle,joint_07240
BP_obl,same_type_exponential_history;lr04_scaled;co2_scaled;mis6_segment;pre_phase_sin;pre_phase_cos;obl_scaled,8,True,True,,-100.19398533792867,216.38797067585733,326.0859355074928,10.11576782725577,53.0,163.63386000000003,finite_mle,joint_07240
B_insol65n,same_type_exponential_history;lr04_scaled;co2_scaled;mis6_segment;insol65n_scaled,6,True,True,,-104.3848530089987,220.7697060179974,,,53.0,163.63386000000003,finite_mle,joint_07240
BP_insol65n,same_type_exponential_history;lr04_scaled;co2_scaled;mis6_segment;pre_phase_sin;pre_phase_cos;insol65n_scaled,8,True,True,,-99.38233428339862,214.76466856679724,303.2018993959128,4.95538306637324,53.0,163.63386000000003,finite_mle,joint_07240
B,same_type_exponential_history;lr04_scaled;co2_scaled;mis6_segment,5,True,True,,-111.47695012531386,232.95390025062773,,,53.0,164.68263100000004,finite_mle,joint_01427
BP,same_type_exponential_history;lr04_scaled;co2_scaled;mis6_segment;pre_phase_sin;pre_phase_cos,7,True,True,,-104.01675837252526,222.03351674505052,322.3539247718668,5.64473682981122,53.0,164.68263100000004,finite_mle,joint_01427
B_ecc,same_type_exponential_history;lr04_scaled;co2_scaled;mis6_segment;ecc_scaled,6,True,True,,-108.92664492284501,229.85328984569003,,,53.0,164.68263100000004,finite_mle,joint_01427
BP_ecc,same_type_exponential_history;lr04_scaled;co2_scaled;mis6_segment;pre_phase_sin;pre_phase_cos;ecc_scaled,8,True,True,,-102.77642841667904,221.55285683335808,319.85841675484016,4.802206660341606,53.0,164.68263100000004,finite_mle,joint_01427
B_obl,same_type_exponential_history;lr04_scaled;co2_scaled;mis6_segment;obl_scaled,6,True,True,,-111.42288835501355,234.8457767100271,,,53.0,164.68263100000004,finite_mle,joint_01427
BP_obl,same_type_exponential_history;lr04_scaled;co2_scaled;mis6_segment;pre_phase_sin;pre_phase_cos;obl_scaled,8,True,True,,-102.97998515170488,221.95997030340976,322.89634228292516,6.791244428952765,53.0,164.68263100000004,finite_mle,joint_01427
B_insol65n,same_type_exponential_history;lr04_scaled;co2_scaled;mis6_segment;insol65n_scaled,6,True,True,,-105.90971333679104,223.8194266735821,,,53.0,164.68263100000004,finite_mle,joint_01427
BP_insol65n,same_type_exponential_history;lr04_scaled;co2_scaled;mis6_segment;pre_phase_sin;pre_phase_cos;insol65n_scaled,8,True,True,,-101.93328595543427,219.86657191086854,289.6360868593035,3.599887982651715,53.0,164.68263100000004,finite_mle,joint_01427
B,same_type_exponential_history;lr04_scaled;co2_scaled;mis6_segment,5,True,True,,-111.82791473229184,233.6558294645837,,,53.0,169.40544900000003,finite_mle,joint_07628
BP,same_type_exponential_history;lr04_scaled;co2_scaled;mis6_segment;pre_phase_sin;pre_phase_cos,7,True,True,,-104.9023388224029,223.8046776448058,336.7879714027128,5.320389971459219,53.0,169.40544900000003,finite_mle,joint_07628
B_ecc,same_type_exponential_history;lr04_scaled;co2_scaled;mis6_segment;ecc_scaled,6,True,True,,-110.68679514393473,233.37359028786946,,,53.0,169.40544900000003,finite_mle,joint_07628
BP_ecc,same_type_exponential_history;lr04_scaled;co2_scaled;mis6_segment;pre_phase_sin;pre_phase_cos;ecc_scaled,8,True,True,,-104.57705889990253,225.15411779980505,336.0953366068514,4.8927537365458615,53.0,169.40544900000003,finite_mle,joint_07628
B_obl,same_type_exponential_history;lr04_scaled;co2_scaled;mis6_segment;obl_scaled,6,True,True,,-111.82773511354054,235.65547022708108,,,53.0,169.40544900000003,finite_mle,joint_07628
BP_obl,same_type_exponential_history;lr04_scaled;co2_scaled;mis6_segment;pre_phase_sin;pre_phase_cos;obl_scaled,8,True,True,,-104.47223079738592,224.94446159477184,336.35042818883073,6.003234674508262,53.0,169.40544900000003,finite_mle,joint_07628
B_insol65n,same_type_exponential_history;lr04_scaled;co2_scaled;mis6_segment;insol65n_scaled,6,True,True,,-106.86803917735756,225.73607835471512,,,53.0,169.40544900000003,finite_mle,joint_07628
BP_insol65n,same_type_exponential_history;lr04_scaled;co2_scaled;mis6_segment;pre_phase_sin;pre_phase_cos;insol65n_scaled,8,True,True,,-104.29786093365658,224.59572186731316,325.0982857172959,3.4869419513104134,53.0,169.40544900000003,finite_mle,joint_07628
B,same_type_exponential_history;lr04_scaled;co2_scaled;mis6_segment,5,True,True,,-111.16477978148025,232.3295595629605,,,53.0,163.45668900000004,finite_mle,joint_02200
BP,same_type_exponential_history;lr04_scaled;co2_scaled;mis6_segment;pre_phase_sin;pre_phase_cos,7,True,True,,-100.56291412432174,215.12582824864347,327.3800037210852,9.208733893230976,53.0,163.45668900000004,finite_mle,joint_02200
B_ecc,same_type_exponential_history;lr04_scaled;co2_scaled;mis6_segment;ecc_scaled,6,True,True,,-108.47959630359307,228.95919260718614,,,53.0,163.45668900000004,finite_mle,joint_02200
BP_ecc,same_type_exponential_history;lr04_scaled;co2_scaled;mis6_segment;pre_phase_sin;pre_phase_cos;ecc_scaled,8,True,True,,-99.29116789426126,214.58233578852253,325.9062401994394,7.911253944868164,53.0,163.45668900000004,finite_mle,joint_02200
B_obl,same_type_exponential_history;lr04_scaled;co2_scaled;mis6_segment;obl_scaled,6,True,True,,-111.12953677962417,234.25907355924835,,,53.0,163.45668900000004,finite_mle,joint_02200
BP_obl,same_type_exponential_history;lr04_scaled;co2_scaled;mis6_segment;pre_phase_sin;pre_phase_cos;obl_scaled,8,True,True,,-99.06230925844238,214.12461851688477,327.53781318254244,12.379765512759489,53.0,163.45668900000004,finite_mle,joint_02200
B_insol65n,same_type_exponential_history;lr04_scaled;co2_scaled;mis6_segment;insol65n_scaled,6,True,True,,-103.55184466979433,219.10368933958867,,,53.0,163.45668900000004,finite_mle,joint_02200
BP_insol65n,same_type_exponential_history;lr04_scaled;co2_scaled;mis6_segment;pre_phase_sin;pre_phase_cos;insol65n_scaled,8,True,True,,-98.31646252435507,212.63292504871015,302.94841909879545,5.191494881015653,53.0,163.45668900000004,finite_mle,joint_02200
B,same_type_exponential_history;lr04_scaled;co2_scaled;mis6_segment,5,True,True,,-111.25298790556545,232.5059758111309,,,53.0,166.506435,finite_mle,joint_02169
BP,same_type_exponential_history;lr04_scaled;co2_scaled;mis6_segment;pre_phase_sin;pre_phase_cos,7,True,True,,-103.63526630712462,221.27053261424925,327.67948969199836,5.851978034815006,53.0,166.506435,finite_mle,joint_02169
B_ecc,same_type_exponential_history;lr04_scaled;co2_scaled;mis6_segment;ecc_scaled,6,True,True,,-109.32828346513071,230.65656693026142,,,53.0,166.506435,finite_mle,joint_02169
BP_ecc,same_type_exponential_history;lr04_scaled;co2_scaled;mis6_segment;pre_phase_sin;pre_phase_cos;ecc_scaled,8,True,True,,-102.84507684656703,221.69015369313405,325.9427801974401,5.15037105971326,53.0,166.506435,finite_mle,joint_02169
B_obl,same_type_exponential_history;lr04_scaled;co2_scaled;mis6_segment;obl_scaled,6,True,True,,-111.21571456155041,234.43142912310083,,,53.0,166.506435,finite_mle,joint_02169
BP_obl,same_type_exponential_history;lr04_scaled;co2_scaled;mis6_segment;pre_phase_sin;pre_phase_cos;obl_scaled,8,True,True,,-102.77159624029414,221.5431924805883,327.80197553327656,6.9826004889520155,53.0,166.506435,finite_mle,joint_02169
B_insol65n,same_type_exponential_history;lr04_scaled;co2_scaled;mis6_segment;insol65n_scaled,6,True,True,,-105.55422417806416,223.10844835612832,,,53.0,166.506435,finite_mle,joint_02169
BP_insol65n,same_type_exponential_history;lr04_scaled;co2_scaled;mis6_segment;pre_phase_sin;pre_phase_cos;insol65n_scaled,8,True,True,,-102.19347412372933,220.38694824745866,304.2826741550548,3.5719283139705142,53.0,166.506435,finite_mle,joint_02169
B,same_type_exponential_history;lr04_scaled;co2_scaled;mis6_segment,5,True,True,,-111.30391200901408,232.60782401802817,,,53.0,166.19054700000004,finite_mle,joint_02069
BP,same_type_exponential_history;lr04_scaled;co2_scaled;mis6_segment;pre_phase_sin;pre_phase_cos,7,True,True,,-104.80510027921702,223.61020055843403,333.0983515448299,4.981581924666488,53.0,166.19054700000004,finite_mle,joint_02069
B_ecc,same_type_exponential_history;lr04_scaled;co2_scaled;mis6_segment;ecc_scaled,6,True,True,,-109.76272455235832,231.52544910471664,,,53.0,166.19054700000004,finite_mle,joint_02069
BP_ecc,same_type_exponential_history;lr04_scaled;co2_scaled;mis6_segment;pre_phase_sin;pre_phase_cos;ecc_scaled,8,True,True,,-104.14083772369011,224.28167544738022,331.9099593855548,4.441689309405951,53.0,166.19054700000004,finite_mle,joint_02069
B_obl,same_type_exponential_history;lr04_scaled;co2_scaled;mis6_segment;obl_scaled,6,True,True,,-111.24258471039107,234.48516942078214,,,53.0,166.19054700000004,finite_mle,joint_02069
BP_obl,same_type_exponential_history;lr04_scaled;co2_scaled;mis6_segment;pre_phase_sin;pre_phase_cos;obl_scaled,8,True,True,,-103.74983323798475,223.4996664759695,332.64804525599885,6.116615858302178,53.0,166.19054700000004,finite_mle,joint_02069
B_insol65n,same_type_exponential_history;lr04_scaled;co2_scaled;mis6_segment;insol65n_scaled,6,True,True,,-104.91391277015408,221.82782554030817,,,53.0,166.19054700000004,finite_mle,joint_02069
BP_insol65n,same_type_exponential_history;lr04_scaled;co2_scaled;mis6_segment;pre_phase_sin;pre_phase_cos;insol65n_scaled,8,True,True,,-102.50327516997393,221.00655033994786,298.44412169141754,2.7533426943396493,53.0,166.19054700000004,finite_mle,joint_02069
B,same_type_exponential_history;lr04_scaled;co2_scaled;mis6_segment,5,True,True,,-110.65541201494523,231.31082402989045,,,53.0,163.85865600000002,finite_mle,joint_00453
BP,same_type_exponential_history;lr04_scaled;co2_scaled;mis6_segment;pre_phase_sin;pre_phase_cos,7,True,True,,-100.61186450236687,215.22372900473374,323.44038357305806,8.16752036679685,53.0,163.85865600000002,finite_mle,joint_00453
B_ecc,same_type_exponential_history;lr04_scaled;co2_scaled;mis6_segment;ecc_scaled,6,True,True,,-108.65634995743548,229.31269991487096,,,53.0,163.85865600000002,finite_mle,joint_00453
BP_ecc,same_type_exponential_history;lr04_scaled;co2_scaled;mis6_segment;pre_phase_sin;pre_phase_cos;ecc_scaled,8,True,True,,-99.88458872520602,215.76917745041203,321.931563557697,7.150156750820035,53.0,163.85865600000002,finite_mle,joint_00453
B_obl,same_type_exponential_history;lr04_scaled;co2_scaled;mis6_segment;obl_scaled,6,True,True,,-110.62225572609495,233.2445114521899,,,53.0,163.85865600000002,finite_mle,joint_00453
BP_obl,same_type_exponential_history;lr04_scaled;co2_scaled;mis6_segment;pre_phase_sin;pre_phase_cos;obl_scaled,8,True,True,,-99.26685622820145,214.5337124564029,323.7064403078966,10.392629750194521,53.0,163.85865600000002,finite_mle,joint_00453
B_insol65n,same_type_exponential_history;lr04_scaled;co2_scaled;mis6_segment;insol65n_scaled,6,True,True,,-103.92174964807485,219.8434992961497,,,53.0,163.85865600000002,finite_mle,joint_00453
BP_insol65n,same_type_exponential_history;lr04_scaled;co2_scaled;mis6_segment;pre_phase_sin;pre_phase_cos;insol65n_scaled,8,True,True,,-98.38524868875922,212.77049737751844,296.96753713616215,4.962234225480775,53.0,163.85865600000002,finite_mle,joint_00453
B,same_type_exponential_history;lr04_scaled;co2_scaled;mis6_segment,5,True,True,,-110.48313795273246,230.96627590546493,,,53.0,164.50830800000006,finite_mle,joint_02535
BP,same_type_exponential_history;lr04_scaled;co2_scaled;mis6_segment;pre_phase_sin;pre_phase_cos,7,True,True,,-102.89642413783574,219.79284827567147,327.94108671354036,5.838508967238422,53.0,164.50830800000006,finite_mle,joint_02535
B_ecc,same_type_exponential_history;lr04_scaled;co2_scaled;mis6_segment;ecc_scaled,6,True,True,,-108.03185717810462,228.06371435620923,,,53.0,164.50830800000006,finite_mle,joint_02535
BP_ecc,same_type_exponential_history;lr04_scaled;co2_scaled;mis6_segment;pre_phase_sin;pre_phase_cos;ecc_scaled,8,True,True,,-101.6355882966026,219.2711765932052,325.9596744238499,4.993082870850572,53.0,164.50830800000006,finite_mle,joint_02535
B_obl,same_type_exponential_history;lr04_scaled;co2_scaled;mis6_segment;obl_scaled,6,True,True,,-110.3929428155607,232.7858856311214,,,53.0,164.50830800000006,finite_mle,joint_02535
BP_obl,same_type_exponential_history;lr04_scaled;co2_scaled;mis6_segment;pre_phase_sin;pre_phase_cos;obl_scaled,8,True,True,,-101.6756428624501,219.3512857249002,328.0001059606505,7.152939380903911,53.0,164.50830800000006,finite_mle,joint_02535
B_insol65n,same_type_exponential_history;lr04_scaled;co2_scaled;mis6_segment;insol65n_scaled,6,True,True,,-104.32751432899792,220.65502865799584,,,53.0,164.50830800000006,finite_mle,joint_02535
BP_insol65n,same_type_exponential_history;lr04_scaled;co2_scaled;mis6_segment;pre_phase_sin;pre_phase_cos;insol65n_scaled,8,True,True,,-100.94986662139848,217.89973324279697,298.6026334138231,3.360603361275783,53.0,164.50830800000006,finite_mle,joint_02535
B,same_type_exponential_history;lr04_scaled;co2_scaled;mis6_segment,5,True,True,,-110.85987789472458,231.71975578944915,,,53.0,162.60451400000005,finite_mle,joint_09235
BP,same_type_exponential_history;lr04_scaled;co2_scaled;mis6_segment;pre_phase_sin;pre_phase_cos,7,True,True,,-100.45683066809383,214.91366133618766,321.4272297375828,9.104442115035518,53.0,162.60451400000005,finite_mle,joint_09235
B_ecc,same_type_exponential_history;lr04_scaled;co2_scaled;mis6_segment;ecc_scaled,6,True,True,,-107.92498454849121,227.84996909698242,,,53.0,162.60451400000005,finite_mle,joint_09235
BP_ecc,same_type_exponential_history;lr04_scaled;co2_scaled;mis6_segment;pre_phase_sin;pre_phase_cos;ecc_scaled,8,True,True,,-98.71574704202632,213.43149408405264,319.7943997172815,7.937066810811622,53.0,162.60451400000005,finite_mle,joint_09235
B_obl,same_type_exponential_history;lr04_scaled;co2_scaled;mis6_segment;obl_scaled,6,True,True,,-110.83694592715037,233.67389185430073,,,53.0,162.60451400000005,finite_mle,joint_09235
BP_obl,same_type_exponential_history;lr04_scaled;co2_scaled;mis6_segment;pre_phase_sin;pre_phase_cos;obl_scaled,8,True,True,,-98.9850169263141,213.9700338526282,322.09805729664475,12.238245225261002,53.0,162.60451400000005,finite_mle,joint_09235
B_insol65n,same_type_exponential_history;lr04_scaled;co2_scaled;mis6_segment;insol65n_scaled,6,True,True,,-105.54276836532105,223.0855367306421,,,53.0,162.60451400000005,finite_mle,joint_09235
BP_insol65n,same_type_exponential_history;lr04_scaled;co2_scaled;mis6_segment;pre_phase_sin;pre_phase_cos;insol65n_scaled,8,True,True,,-99.32986760498366,214.65973520996732,305.16270762721797,6.117943425064338,53.0,162.60451400000005,finite_mle,joint_09235
B,same_type_exponential_history;lr04_scaled;co2_scaled;mis6_segment,5,True,True,,-111.61166684051662,233.22333368103324,,,53.0,165.48489400000005,finite_mle,joint_09532
BP,same_type_exponential_history;lr04_scaled;co2_scaled;mis6_segment;pre_phase_sin;pre_phase_cos,7,True,True,,-105.39884612521965,224.7976922504393,323.63612249259626,4.668446983300722,53.0,165.48489400000005,finite_mle,joint_09532
B_ecc,same_type_exponential_history;lr04_scaled;co2_scaled;mis6_segment;ecc_scaled,6,True,True,,-109.0301929361668,230.0603858723336,,,53.0,165.48489400000005,finite_mle,joint_09532
BP_ecc,same_type_exponential_history;lr04_scaled;co2_scaled;mis6_segment;pre_phase_sin;pre_phase_cos;ecc_scaled,8,True,True,,-104.09233887122366,224.18467774244732,320.0679765666873,3.9677996293839692,53.0,165.48489400000005,finite_mle,joint_09532
B_obl,same_type_exponential_history;lr04_scaled;co2_scaled;mis6_segment;obl_scaled,6,True,True,,-111.53822301395282,235.07644602790563,,,53.0,165.48489400000005,finite_mle,joint_09532
BP_obl,same_type_exponential_history;lr04_scaled;co2_scaled;mis6_segment;pre_phase_sin;pre_phase_cos;obl_scaled,8,True,True,,-104.51570609114172,225.03141218228345,323.93652401496826,5.482672871635994,53.0,165.48489400000005,finite_mle,joint_09532
B_insol65n,same_type_exponential_history;lr04_scaled;co2_scaled;mis6_segment;insol65n_scaled,6,True,True,,-106.44452610263471,224.88905220526942,,,53.0,165.48489400000005,finite_mle,joint_09532
BP_insol65n,same_type_exponential_history;lr04_scaled;co2_scaled;mis6_segment;pre_phase_sin;pre_phase_cos;insol65n_scaled,8,True,True,,-103.40899505785545,222.8179901157109,286.62042158315467,2.9874301445745846,53.0,165.48489400000005,finite_mle,joint_09532
B,same_type_exponential_history;lr04_scaled;co2_scaled;mis6_segment,5,True,True,,-110.99862031362304,231.99724062724607,,,53.0,167.00304300000005,finite_mle,joint_03969
BP,same_type_exponential_history;lr04_scaled;co2_scaled;mis6_segment;pre_phase_sin;pre_phase_cos,7,True,True,,-102.37656448111005,218.7531289622201,328.0625804328876,6.632074262631855,53.0,167.00304300000005,finite_mle,joint_03969
B_ecc,same_type_exponential_history;lr04_scaled;co2_scaled;mis6_segment;ecc_scaled,6,True,True,,-109.35942813278368,230.71885626556735,,,53.0,167.00304300000005,finite_mle,joint_03969
BP_ecc,same_type_exponential_history;lr04_scaled;co2_scaled;mis6_segment;pre_phase_sin;pre_phase_cos;ecc_scaled,8,True,True,,-101.9035484308682,219.8070968617364,326.4103426851516,5.906743771599076,53.0,167.00304300000005,finite_mle,joint_03969
B_obl,same_type_exponential_history;lr04_scaled;co2_scaled;mis6_segment;obl_scaled,6,True,True,,-110.99081008758489,233.98162017516978,,,53.0,167.00304300000005,finite_mle,joint_03969
BP_obl,same_type_exponential_history;lr04_scaled;co2_scaled;mis6_segment;pre_phase_sin;pre_phase_cos;obl_scaled,8,True,True,,-101.6214561506086,219.2429123012172,328.1774495238098,7.814022381171315,53.0,167.00304300000005,finite_mle,joint_03969
B_insol65n,same_type_exponential_history;lr04_scaled;co2_scaled;mis6_segment;insol65n_scaled,6,True,True,,-104.87126398641772,221.74252797283543,,,53.0,167.00304300000005,finite_mle,joint_03969
BP_insol65n,same_type_exponential_history;lr04_scaled;co2_scaled;mis6_segment;pre_phase_sin;pre_phase_cos;insol65n_scaled,8,True,True,,-100.96951166622756,217.93902333245512,307.0659965020154,4.004534230626185,53.0,167.00304300000005,finite_mle,joint_03969
B,same_type_exponential_history;lr04_scaled;co2_scaled;mis6_segment,5,True,True,,-110.17933978287923,230.35867956575845,,,53.0,160.56150800000003,finite_mle,joint_04324
BP,same_type_exponential_history;lr04_scaled;co2_scaled;mis6_segment;pre_phase_sin;pre_phase_cos,7,True,True,,-101.77238468268476,217.54476936536952,323.9923241794751,6.966648576024077,53.0,160.56150800000003,finite_mle,joint_04324
B_ecc,same_type_exponential_history;lr04_scaled;co2_scaled;mis6_segment;ecc_scaled,6,True,True,,-108.44344887914731,228.88689775829462,,,53.0,160.56150800000003,finite_mle,joint_04324
BP_ecc,same_type_exponential_history;lr04_scaled;co2_scaled;mis6_segment;pre_phase_sin;pre_phase_cos;ecc_scaled,8,True,True,,-100.95074705653917,217.90149411307834,322.93017173740185,6.283055418213616,53.0,160.56150800000003,finite_mle,joint_04324
B_obl,same_type_exponential_history;lr04_scaled;co2_scaled;mis6_segment;obl_scaled,6,True,True,,-110.06051258669348,232.12102517338695,,,53.0,160.56150800000003,finite_mle,joint_04324
BP_obl,same_type_exponential_history;lr04_scaled;co2_scaled;mis6_segment;pre_phase_sin;pre_phase_cos;obl_scaled,8,True,True,,-99.87424598528418,215.74849197056835,325.05230922027954,9.802680752986404,53.0,160.56150800000003,finite_mle,joint_04324
B_insol65n,same_type_exponential_history;lr04_scaled;co2_scaled;mis6_segment;insol65n_scaled,6,True,True,,-104.23518713835537,220.47037427671074,,,53.0,160.56150800000003,finite_mle,joint_04324
BP_insol65n,same_type_exponential_history;lr04_scaled;co2_scaled;mis6_segment;pre_phase_sin;pre_phase_cos;insol65n_scaled,8,True,True,,-99.82650035490147,215.65300070980294,298.6197413904606,4.26106364309423,53.0,160.56150800000003,finite_mle,joint_04324
B,same_type_exponential_history;lr04_scaled;co2_scaled;mis6_segment,5,True,True,,-110.83994468344838,231.67988936689676,,,53.0,166.69210000000004,finite_mle,joint_06336
BP,same_type_exponential_history;lr04_scaled;co2_scaled;mis6_segment;pre_phase_sin;pre_phase_cos,7,True,True,,-104.38038686689167,222.76077373378334,332.3963097535308,4.816435999694257,53.0,166.69210000000004,finite_mle,joint_06336
B_ecc,same_type_exponential_history;lr04_scaled;co2_scaled;mis6_segment;ecc_scaled,6,True,True,,-109.38655613289615,230.7731122657923,,,53.0,166.69210000000004,finite_mle,joint_06336
BP_ecc,same_type_exponential_history;lr04_scaled;co2_scaled;mis6_segment;pre_phase_sin;pre_phase_cos;ecc_scaled,8,True,True,,-103.92192321002062,223.84384642004125,330.6628948909612,4.332942055801608,53.0,166.69210000000004,finite_mle,joint_06336
B_obl,same_type_exponential_history;lr04_scaled;co2_scaled;mis6_segment;obl_scaled,6,True,True,,-110.82877652953037,233.65755305906075,,,53.0,166.69210000000004,finite_mle,joint_06336
BP_obl,same_type_exponential_history;lr04_scaled;co2_scaled;mis6_segment;pre_phase_sin;pre_phase_cos;obl_scaled,8,True,True,,-103.82292353678088,223.64584707356175,331.9577212170498,5.510618142891919,53.0,166.69210000000004,finite_mle,joint_06336
B_insol65n,same_type_exponential_history;lr04_scaled;co2_scaled;mis6_segment;insol65n_scaled,6,True,True,,-105.8533164199122,223.7066328398244,,,53.0,166.69210000000004,finite_mle,joint_06336
BP_insol65n,same_type_exponential_history;lr04_scaled;co2_scaled;mis6_segment;pre_phase_sin;pre_phase_cos;insol65n_scaled,8,True,True,,-103.40259799104045,222.8051959820809,312.0032051217327,2.985158992885298,53.0,166.69210000000004,finite_mle,joint_06336
B,same_type_exponential_history;lr04_scaled;co2_scaled;mis6_segment,5,True,True,,-111.21171777651017,232.42343555302034,,,53.0,163.40562900000003,finite_mle,joint_06608
BP,same_type_exponential_history;lr04_scaled;co2_scaled;mis6_segment;pre_phase_sin;pre_phase_cos,7,True,True,,-103.09605738446217,220.19211476892434,322.2141720498962,6.447105800903138,53.0,163.40562900000003,finite_mle,joint_06608
B_ecc,same_type_exponential_history;lr04_scaled;co2_scaled;mis6_segment;ecc_scaled,6,True,True,,-108.4181085386182,228.8362170772364,,,53.0,163.40562900000003,finite_mle,joint_06608
BP_ecc,same_type_exponential_history;lr04_scaled;co2_scaled;mis6_segment;pre_phase_sin;pre_phase_cos;ecc_scaled,8,True,True,,-101.60636031726985,219.2127206345397,320.1139969262234,5.532640465677581,53.0,163.40562900000003,finite_mle,joint_06608
B_obl,same_type_exponential_history;lr04_scaled;co2_scaled;mis6_segment;obl_scaled,6,True,True,,-111.02217728161635,234.0443545632327,,,53.0,163.40562900000003,finite_mle,joint_06608
BP_obl,same_type_exponential_history;lr04_scaled;co2_scaled;mis6_segment;pre_phase_sin;pre_phase_cos;obl_scaled,8,True,True,,-101.12644072700141,218.25288145400282,322.8276508894151,8.972656027617056,53.0,163.40562900000003,finite_mle,joint_06608
B_insol65n,same_type_exponential_history;lr04_scaled;co2_scaled;mis6_segment;insol65n_scaled,6,True,True,,-105.08282458442264,222.16564916884528,,,53.0,163.40562900000003,finite_mle,joint_06608
BP_insol65n,same_type_exponential_history;lr04_scaled;co2_scaled;mis6_segment;pre_phase_sin;pre_phase_cos;insol65n_scaled,8,True,True,,-100.52624330287117,217.05248660574233,288.3174739566833,4.090603643558675,53.0,163.40562900000003,finite_mle,joint_06608
B,same_type_exponential_history;lr04_scaled;co2_scaled;mis6_segment,5,True,True,,-111.28706200835782,232.57412401671564,,,53.0,169.42156400000005,finite_mle,joint_07472
BP,same_type_exponential_history;lr04_scaled;co2_scaled;mis6_segment;pre_phase_sin;pre_phase_cos,7,True,True,,-106.94618099364826,227.8923619872965,338.83783131845706,3.6271886547373504,53.0,169.42156400000005,finite_mle,joint_07472
B_ecc,same_type_exponential_history;lr04_scaled;co2_scaled;mis6_segment;ecc_scaled,6,True,True,,-110.42018257590253,232.84036515180506,,,53.0,169.42156400000005,finite_mle,joint_07472
BP_ecc,same_type_exponential_history;lr04_scaled;co2_scaled;mis6_segment;pre_phase_sin;pre_phase_cos;ecc_scaled,8,True,True,,-106.65237382338015,229.3047476467603,337.9893640169885,3.376005011867582,53.0,169.42156400000005,finite_mle,joint_07472
B_obl,same_type_exponential_history;lr04_scaled;co2_scaled;mis6_segment;obl_scaled,6,True,True,,-111.28652563913116,234.5730512782623,,,53.0,169.42156400000005,finite_mle,joint_07472
BP_obl,same_type_exponential_history;lr04_scaled;co2_scaled;mis6_segment;pre_phase_sin;pre_phase_cos;obl_scaled,8,True,True,,-106.73311640537207,229.46623281074415,338.34377304787597,3.9227689429027657,53.0,169.42156400000005,finite_mle,joint_07472
B_insol65n,same_type_exponential_history;lr04_scaled;co2_scaled;mis6_segment;insol65n_scaled,6,True,True,,-108.76085182340555,229.5217036468111,,,53.0,169.42156400000005,finite_mle,joint_07472
BP_insol65n,same_type_exponential_history;lr04_scaled;co2_scaled;mis6_segment;pre_phase_sin;pre_phase_cos;insol65n_scaled,8,True,True,,-106.88066747964612,229.76133495929224,335.0556356346776,3.1061792436696902,53.0,169.42156400000005,finite_mle,joint_07472
B,same_type_exponential_history;lr04_scaled;co2_scaled;mis6_segment,5,True,True,,-109.55674365441581,229.11348730883162,,,53.0,159.261863,finite_mle,joint_02092
BP,same_type_exponential_history;lr04_scaled;co2_scaled;mis6_segment;pre_phase_sin;pre_phase_cos,7,True,True,,-103.05763803079407,220.11527606158813,317.86126209847293,5.3133636146267,53.0,159.261863,finite_mle,joint_02092
B_ecc,same_type_exponential_history;lr04_scaled;co2_scaled;mis6_segment;ecc_scaled,6,True,True,,-107.07430468157179,226.14860936314358,,,53.0,159.261863,finite_mle,joint_02092
BP_ecc,same_type_exponential_history;lr04_scaled;co2_scaled;mis6_segment;pre_phase_sin;pre_phase_cos;ecc_scaled,8,True,True,,-101.19516435139982,218.39032870279965,315.4919706257247,4.9462840279155555,53.0,159.261863,finite_mle,joint_02092
B_obl,same_type_exponential_history;lr04_scaled;co2_scaled;mis6_segment;obl_scaled,6,True,True,,-109.48114840936573,230.96229681873146,,,53.0,159.261863,finite_mle,joint_02092
BP_obl,same_type_exponential_history;lr04_scaled;co2_scaled;mis6_segment;pre_phase_sin;pre_phase_cos;obl_scaled,8,True,True,,-101.69686222109733,219.39372444219467,319.1355354967567,7.040488068020605,53.0,159.261863,finite_mle,joint_02092
B_insol65n,same_type_exponential_history;lr04_scaled;co2_scaled;mis6_segment;insol65n_scaled,6,True,True,,-106.99015976538115,225.9803195307623,,,53.0,159.261863,finite_mle,joint_02092
BP_insol65n,same_type_exponential_history;lr04_scaled;co2_scaled;mis6_segment;pre_phase_sin;pre_phase_cos;insol65n_scaled,8,True,True,,-102.6557751312759,221.3115502625518,305.3771637493605,4.21751161719038,53.0,159.261863,finite_mle,joint_02092
B,same_type_exponential_history;lr04_scaled;co2_scaled;mis6_segment,5,True,True,,-111.13773473720488,232.27546947440976,,,53.0,165.86088900000004,finite_mle,joint_09359
BP,same_type_exponential_history;lr04_scaled;co2_scaled;mis6_segment;pre_phase_sin;pre_phase_cos,7,True,True,,-103.19168438732015,220.3833687746403,329.00009086454276,6.0487014133699555,53.0,165.86088900000004,finite_mle,joint_09359
B_ecc,same_type_exponential_history;lr04_scaled;co2_scaled;mis6_segment;ecc_scaled,6,True,True,,-108.3553970776689,228.7107941553378,,,53.0,165.86088900000004,finite_mle,joint_09359
BP_ecc,same_type_exponential_history;lr04_scaled;co2_scaled;mis6_segment;pre_phase_sin;pre_phase_cos;ecc_scaled,8,True,True,,-102.03928796843357,220.07857593686714,326.8711436637129,5.024549316760332,53.0,165.86088900000004,finite_mle,joint_09359
B_obl,same_type_exponential_history;lr04_scaled;co2_scaled;mis6_segment;obl_scaled,6,True,True,,-111.0853227152225,234.170645430445,,,53.0,165.86088900000004,finite_mle,joint_09359
BP_obl,same_type_exponential_history;lr04_scaled;co2_scaled;mis6_segment;pre_phase_sin;pre_phase_cos;obl_scaled,8,True,True,,-102.22319863650507,220.44639727301015,328.82018194960006,7.292249386506811,53.0,165.86088900000004,finite_mle,joint_09359
B_insol65n,same_type_exponential_history;lr04_scaled;co2_scaled;mis6_segment;insol65n_scaled,6,True,True,,-104.58735443405347,221.17470886810693,,,53.0,165.86088900000004,finite_mle,joint_09359
BP_insol65n,same_type_exponential_history;lr04_scaled;co2_scaled;mis6_segment;pre_phase_sin;pre_phase_cos;insol65n_scaled,8,True,True,,-101.22443048812795,218.4488609762559,299.62397770413224,3.4378218406338266,53.0,165.86088900000004,finite_mle,joint_09359
B,same_type_exponential_history;lr04_scaled;co2_scaled;mis6_segment,5,True,True,,-110.28328288874638,230.56656577749277,,,53.0,161.21159700000004,finite_mle,joint_09023
BP,same_type_exponential_history;lr04_scaled;co2_scaled;mis6_segment;pre_phase_sin;pre_phase_cos,7,True,True,,-101.91744976255961,217.83489952511923,318.61123346287377,6.834240521872585,53.0,161.21159700000004,finite_mle,joint_09023
B_ecc,same_type_exponential_history;lr04_scaled;co2_scaled;mis6_segment;ecc_scaled,6,True,True,,-107.9009452999756,227.8018905999512,,,53.0,161.21159700000004,finite_mle,joint_09023
BP_ecc,same_type_exponential_history;lr04_scaled;co2_scaled;mis6_segment;pre_phase_sin;pre_phase_cos;ecc_scaled,8,True,True,,-100.50620619035357,217.01241238070713,317.0433555221155,6.150205303833448,53.0,161.21159700000004,finite_mle,joint_09023
B_obl,same_type_exponential_history;lr04_scaled;co2_scaled;mis6_segment;obl_scaled,6,True,True,,-110.27046446693035,232.5409289338607,,,53.0,161.21159700000004,finite_mle,joint_09023
BP_obl,same_type_exponential_history;lr04_scaled;co2_scaled;mis6_segment;pre_phase_sin;pre_phase_cos;obl_scaled,8,True,True,,-100.7982247737614,217.5964495475228,319.8165462663263,8.743563492695516,53.0,161.21159700000004,finite_mle,joint_09023
B_insol65n,same_type_exponential_history;lr04_scaled;co2_scaled;mis6_segment;insol65n_scaled,6,True,True,,-106.66940488051648,225.33880976103296,,,53.0,161.21159700000004,finite_mle,joint_09023
BP_insol65n,same_type_exponential_history;lr04_scaled;co2_scaled;mis6_segment;pre_phase_sin;pre_phase_cos;insol65n_scaled,8,True,True,,-101.31633649056536,218.63267298113072,305.44119928149144,5.145533412922287,53.0,161.21159700000004,finite_mle,joint_09023
B,same_type_exponential_history;lr04_scaled;co2_scaled;mis6_segment,5,True,True,,-110.10645148793927,230.21290297587854,,,53.0,165.37056300000006,finite_mle,joint_08852
BP,same_type_exponential_history;lr04_scaled;co2_scaled;mis6_segment;pre_phase_sin;pre_phase_cos,7,True,True,,-101.61027848913501,217.22055697827003,336.9973436307363,6.788077601307341,53.0,165.37056300000006,finite_mle,joint_08852
B_ecc,same_type_exponential_history;lr04_scaled;co2_scaled;mis6_segment;ecc_scaled,6,True,True,,-109.47222242429659,230.94444484859318,,,53.0,165.37056300000006,finite_mle,joint_08852
BP_ecc,same_type_exponential_history;lr04_scaled;co2_scaled;mis6_segment;pre_phase_sin;pre_phase_cos;ecc_scaled,8,True,True,,-101.59047971290192,219.18095942580385,336.9008084331707,6.6048621192271275,53.0,165.37056300000006,finite_mle,joint_08852
B_obl,same_type_exponential_history;lr04_scaled;co2_scaled;mis6_segment;obl_scaled,6,True,True,,-110.1046162590051,232.2092325180102,,,53.0,165.37056300000006,finite_mle,joint_08852
BP_obl,same_type_exponential_history;lr04_scaled;co2_scaled;mis6_segment;pre_phase_sin;pre_phase_cos;obl_scaled,8,True,True,,-101.10363400000445,218.2072680000089,336.92419954415277,7.8247593922023775,53.0,165.37056300000006,finite_mle,joint_08852
B_insol65n,same_type_exponential_history;lr04_scaled;co2_scaled;mis6_segment;insol65n_scaled,6,True,True,,-104.27065944523727,220.54131889047454,,,53.0,165.37056300000006,finite_mle,joint_08852
BP_insol65n,same_type_exponential_history;lr04_scaled;co2_scaled;mis6_segment;pre_phase_sin;pre_phase_cos;insol65n_scaled,8,True,True,,-100.95341032713434,217.90682065426867,327.2188277494715,4.355143653128653,53.0,165.37056300000006,finite_mle,joint_08852
B,same_type_exponential_history;lr04_scaled;co2_scaled;mis6_segment,5,True,True,,-111.44713853211275,232.8942770642255,,,53.0,168.96425900000003,finite_mle,joint_01966
BP,same_type_exponential_history;lr04_scaled;co2_scaled;mis6_segment;pre_phase_sin;pre_phase_cos,7,True,True,,-104.32939367239543,222.65878734479085,335.0903890756397,5.483052017614391,53.0,168.96425900000003,finite_mle,joint_01966
B_ecc,same_type_exponential_history;lr04_scaled;co2_scaled;mis6_segment;ecc_scaled,6,True,True,,-109.97945002220658,231.95890004441316,,,53.0,168.96425900000003,finite_mle,joint_01966
BP_ecc,same_type_exponential_history;lr04_scaled;co2_scaled;mis6_segment;pre_phase_sin;pre_phase_cos;ecc_scaled,8,True,True,,-103.85960061580471,223.71920123160942,333.854699652108,4.937229229125883,53.0,168.96425900000003,finite_mle,joint_01966
B_obl,same_type_exponential_history;lr04_scaled;co2_scaled;mis6_segment;obl_scaled,6,True,True,,-111.43958801495901,234.87917602991803,,,53.0,168.96425900000003,finite_mle,joint_01966
BP_obl,same_type_exponential_history;lr04_scaled;co2_scaled;mis6_segment;pre_phase_sin;pre_phase_cos;obl_scaled,8,True,True,,-104.03587103481277,224.07174206962554,334.7184529799897,6.0532340761072225,53.0,168.96425900000003,finite_mle,joint_01966
B_insol65n,same_type_exponential_history;lr04_scaled;co2_scaled;mis6_segment;insol65n_scaled,6,True,True,,-106.59947214353167,225.19894428706334,,,53.0,168.96425900000003,finite_mle,joint_01966
BP_insol65n,same_type_exponential_history;lr04_scaled;co2_scaled;mis6_segment;pre_phase_sin;pre_phase_cos;insol65n_scaled,8,True,True,,-103.77328238514633,223.54656477029266,323.5985126548159,3.676664447530724,53.0,168.96425900000003,finite_mle,joint_01966
B,same_type_exponential_history;lr04_scaled;co2_scaled;mis6_segment,5,True,True,,-110.89124280986843,231.78248561973686,,,53.0,163.94088000000005,finite_mle,joint_08089
BP,same_type_exponential_history;lr04_scaled;co2_scaled;mis6_segment;pre_phase_sin;pre_phase_cos,7,True,True,,-101.76383583976329,217.52767167952658,323.4747470088538,7.4951578563284125,53.0,163.94088000000005,finite_mle,joint_08089
B_ecc,same_type_exponential_history;lr04_scaled;co2_scaled;mis6_segment;ecc_scaled,6,True,True,,-109.43031928191604,230.86063856383208,,,53.0,163.94088000000005,finite_mle,joint_08089
BP_ecc,same_type_exponential_history;lr04_scaled;co2_scaled;mis6_segment;pre_phase_sin;pre_phase_cos;ecc_scaled,8,True,True,,-101.34156606334089,218.68313212668178,322.45711790849373,6.7705469801025195,53.0,163.94088000000005,finite_mle,joint_08089
B_obl,same_type_exponential_history;lr04_scaled;co2_scaled;mis6_segment;obl_scaled,6,True,True,,-110.86382854656839,233.72765709313677,,,53.0,163.94088000000005,finite_mle,joint_08089
BP_obl,same_type_exponential_history;lr04_scaled;co2_scaled;mis6_segment;pre_phase_sin;pre_phase_cos;obl_scaled,8,True,True,,-100.67146607562367,217.34293215124734,324.3943227666921,9.336983060966961,53.0,163.94088000000005,finite_mle,joint_08089
B_insol65n,same_type_exponential_history;lr04_scaled;co2_scaled;mis6_segment;insol65n_scaled,6,True,True,,-105.06082451476414,222.12164902952827,,,53.0,163.94088000000005,finite_mle,joint_08089
BP_insol65n,same_type_exponential_history;lr04_scaled;co2_scaled;mis6_segment;pre_phase_sin;pre_phase_cos;insol65n_scaled,8,True,True,,-100.21970814192854,216.43941628385707,302.50473684958496,4.708760070352288,53.0,163.94088000000005,finite_mle,joint_08089
B,same_type_exponential_history;lr04_scaled;co2_scaled;mis6_segment,5,True,True,,-110.50273385666343,231.00546771332685,,,53.0,164.704313,finite_mle,joint_05472
BP,same_type_exponential_history;lr04_scaled;co2_scaled;mis6_segment;pre_phase_sin;pre_phase_cos,7,True,True,,-103.11141181195961,220.22282362391923,331.89243093194284,5.58518867866845,53.0,164.704313,finite_mle,joint_05472
B_ecc,same_type_exponential_history;lr04_scaled;co2_scaled;mis6_segment;ecc_scaled,6,True,True,,-109.45494623211255,230.9098924642251,,,53.0,164.704313,finite_mle,joint_05472
BP_ecc,same_type_exponential_history;lr04_scaled;co2_scaled;mis6_segment;pre_phase_sin;pre_phase_cos;ecc_scaled,8,True,True,,-102.94389476615189,221.88778953230377,331.08235943993816,5.196646009930104,53.0,164.704313,finite_mle,joint_05472
B_obl,same_type_exponential_history;lr04_scaled;co2_scaled;mis6_segment;obl_scaled,6,True,True,,-110.49446157372171,232.98892314744342,,,53.0,164.704313,finite_mle,joint_05472
BP_obl,same_type_exponential_history;lr04_scaled;co2_scaled;mis6_segment;pre_phase_sin;pre_phase_cos;obl_scaled,8,True,True,,-102.44614055319184,220.89228110638368,331.7413472359791,6.550613054723504,53.0,164.704313,finite_mle,joint_05472
B_insol65n,same_type_exponential_history;lr04_scaled;co2_scaled;mis6_segment;insol65n_scaled,6,True,True,,-104.58121012504441,221.16242025008881,,,53.0,164.704313,finite_mle,joint_05472
BP_insol65n,same_type_exponential_history;lr04_scaled;co2_scaled;mis6_segment;pre_phase_sin;pre_phase_cos;insol65n_scaled,8,True,True,,-101.7076601867939,219.4153203735878,309.01102030604983,3.2751419961793884,53.0,164.704313,finite_mle,joint_05472
B,same_type_exponential_history;lr04_scaled;co2_scaled;mis6_segment,5,True,True,,-110.57948617191481,231.15897234382962,,,53.0,168.66115900000003,finite_mle,joint_00375
BP,same_type_exponential_history;lr04_scaled;co2_scaled;mis6_segment;pre_phase_sin;pre_phase_cos,7,True,True,,-104.08858225684804,222.17716451369608,341.99820181411303,5.041504936190707,53.0,168.66115900000003,finite_mle,joint_00375
B_ecc,same_type_exponential_history;lr04_scaled;co2_scaled;mis6_segment;ecc_scaled,6,True,True,,-110.08017770495158,232.16035540990316,,,53.0,168.66115900000003,finite_mle,joint_00375
BP_ecc,same_type_exponential_history;lr04_scaled;co2_scaled;mis6_segment;pre_phase_sin;pre_phase_cos;ecc_scaled,8,True,True,,-104.05608082134069,224.11216164268137,341.87688341552837,4.894066190715007,53.0,168.66115900000003,finite_mle,joint_00375
B_obl,same_type_exponential_history;lr04_scaled;co2_scaled;mis6_segment;obl_scaled,6,True,True,,-110.56932321936667,233.13864643873333,,,53.0,168.66115900000003,finite_mle,joint_00375
BP_obl,same_type_exponential_history;lr04_scaled;co2_scaled;mis6_segment;pre_phase_sin;pre_phase_cos;obl_scaled,8,True,True,,-103.84260334625498,223.68520669250995,341.54153819806373,5.507935335850026,53.0,168.66115900000003,finite_mle,joint_00375
B_insol65n,same_type_exponential_history;lr04_scaled;co2_scaled;mis6_segment;insol65n_scaled,6,True,True,,-106.40586126647341,224.81172253294682,,,53.0,168.66115900000003,finite_mle,joint_00375
BP_insol65n,same_type_exponential_history;lr04_scaled;co2_scaled;mis6_segment;pre_phase_sin;pre_phase_cos;insol65n_scaled,8,True,True,,-103.88328393925158,223.76656787850317,337.0788947403567,3.8402481961025012,53.0,168.66115900000003,finite_mle,joint_00375
B,same_type_exponential_history;lr04_scaled;co2_scaled;mis6_segment,5,True,True,,-109.61492891988382,229.22985783976765,,,53.0,160.46983100000003,finite_mle,joint_02585
BP,same_type_exponential_history;lr04_scaled;co2_scaled;mis6_segment;pre_phase_sin;pre_phase_cos,7,True,True,,-101.25948127259937,216.51896254519875,311.01152342679904,6.482307437847663,53.0,160.46983100000003,finite_mle,joint_02585
B_ecc,same_type_exponential_history;lr04_scaled;co2_scaled;mis6_segment;ecc_scaled,6,True,True,,-106.63654317172282,225.27308634344564,,,53.0,160.46983100000003,finite_mle,joint_02585
BP_ecc,same_type_exponential_history;lr04_scaled;co2_scaled;mis6_segment;pre_phase_sin;pre_phase_cos;ecc_scaled,8,True,True,,-99.22309120381856,214.4461824076371,306.9778007567616,5.680792016775583,53.0,160.46983100000003,finite_mle,joint_02585
B_obl,same_type_exponential_history;lr04_scaled;co2_scaled;mis6_segment;obl_scaled,6,True,True,,-109.44806320545291,230.89612641090582,,,53.0,160.46983100000003,finite_mle,joint_02585
BP_obl,same_type_exponential_history;lr04_scaled;co2_scaled;mis6_segment;pre_phase_sin;pre_phase_cos;obl_scaled,8,True,True,,-99.68865816312314,215.37731632624627,312.0874968806638,7.9363763937085405,53.0,160.46983100000003,finite_mle,joint_02585
B_insol65n,same_type_exponential_history;lr04_scaled;co2_scaled;mis6_segment;insol65n_scaled,6,True,True,,-105.40506316421198,222.81012632842396,,,53.0,160.46983100000003,finite_mle,joint_02585
BP_insol65n,same_type_exponential_history;lr04_scaled;co2_scaled;mis6_segment;pre_phase_sin;pre_phase_cos;insol65n_scaled,8,True,True,,-99.35473648916135,214.7094729783227,280.6319702635597,4.877060765306735,53.0,160.46983100000003,finite_mle,joint_02585
B,same_type_exponential_history;lr04_scaled;co2_scaled;mis6_segment,5,True,True,,-110.92025410431863,231.84050820863726,,,53.0,164.12061100000003,finite_mle,joint_00614
BP,same_type_exponential_history;lr04_scaled;co2_scaled;mis6_segment;pre_phase_sin;pre_phase_cos,7,True,True,,-101.27046541158114,216.54093082316228,319.90798908941105,8.18584825101764,53.0,164.12061100000003,finite_mle,joint_00614
B_ecc,same_type_exponential_history;lr04_scaled;co2_scaled;mis6_segment;ecc_scaled,6,True,True,,-108.37541270280819,228.75082540561638,,,53.0,164.12061100000003,finite_mle,joint_00614
BP_ecc,same_type_exponential_history;lr04_scaled;co2_scaled;mis6_segment;pre_phase_sin;pre_phase_cos;ecc_scaled,8,True,True,,-100.05752806225495,216.1150561245099,317.8314588061382,7.0739451305439545,53.0,164.12061100000003,finite_mle,joint_00614
B_obl,same_type_exponential_history;lr04_scaled;co2_scaled;mis6_segment;obl_scaled,6,True,True,,-110.91381454985864,233.82762909971729,,,53.0,164.12061100000003,finite_mle,joint_00614
BP_obl,same_type_exponential_history;lr04_scaled;co2_scaled;mis6_segment;pre_phase_sin;pre_phase_cos;obl_scaled,8,True,True,,-100.34885330721544,216.69770661443087,320.5296872283918,9.997541190641497,53.0,164.12061100000003,finite_mle,joint_00614
B_insol65n,same_type_exponential_history;lr04_scaled;co2_scaled;mis6_segment;insol65n_scaled,6,True,True,,-105.79282725646743,223.58565451293487,,,53.0,164.12061100000003,finite_mle,joint_00614
BP_insol65n,same_type_exponential_history;lr04_scaled;co2_scaled;mis6_segment;pre_phase_sin;pre_phase_cos;insol65n_scaled,8,True,True,,-100.06444658904294,216.1288931780859,301.2778460561283,5.5714293773485215,53.0,164.12061100000003,finite_mle,joint_00614
B,same_type_exponential_history;lr04_scaled;co2_scaled;mis6_segment,5,True,True,,-111.92621189877323,233.85242379754646,,,53.0,167.08201300000002,finite_mle,joint_02089
BP,same_type_exponential_history;lr04_scaled;co2_scaled;mis6_segment;pre_phase_sin;pre_phase_cos,7,True,True,,-103.8489443260633,221.6978886521266,337.89609947202416,6.230259196901363,53.0,167.08201300000002,finite_mle,joint_02089
B_ecc,same_type_exponential_history;lr04_scaled;co2_scaled;mis6_segment;ecc_scaled,6,True,True,,-110.55218016845865,233.1043603369173,,,53.0,167.08201300000002,finite_mle,joint_02089
BP_ecc,same_type_exponential_history;lr04_scaled;co2_scaled;mis6_segment;pre_phase_sin;pre_phase_cos;ecc_scaled,8,True,True,,-103.44263973265879,222.88527946531758,337.28144279691696,5.620721215311159,53.0,167.08201300000002,finite_mle,joint_02089
B_obl,same_type_exponential_history;lr04_scaled;co2_scaled;mis6_segment;obl_scaled,6,True,True,,-111.90394736397744,235.80789472795487,,,53.0,167.08201300000002,finite_mle,joint_02089
BP_obl,same_type_exponential_history;lr04_scaled;co2_scaled;mis6_segment;pre_phase_sin;pre_phase_cos;obl_scaled,8,True,True,,-102.98435855033726,221.96871710067452,337.27487907883494,7.51201034113028,53.0,167.08201300000002,finite_mle,joint_02089
B_insol65n,same_type_exponential_history;lr04_scaled;co2_scaled;mis6_segment;insol65n_scaled,6,True,True,,-105.17377289886919,222.34754579773838,,,53.0,167.08201300000002,finite_mle,joint_02089
BP_insol65n,same_type_exponential_history;lr04_scaled;co2_scaled;mis6_segment;pre_phase_sin;pre_phase_cos;insol65n_scaled,8,True,True,,-102.50345146124725,221.0069029224945,320.1447000601534,3.4206944936468955,53.0,167.08201300000002,finite_mle,joint_02089
B,same_type_exponential_history;lr04_scaled;co2_scaled;mis6_segment,5,True,True,,-110.72450565355555,231.4490113071111,,,53.0,163.17766400000005,finite_mle,joint_08893
BP,same_type_exponential_history;lr04_scaled;co2_scaled;mis6_segment;pre_phase_sin;pre_phase_cos,7,True,True,,-102.13731159548294,218.27462319096588,324.2549197412694,6.7215084641465195,53.0,163.17766400000005,finite_mle,joint_08893
B_ecc,same_type_exponential_history;lr04_scaled;co2_scaled;mis6_segment;ecc_scaled,6,True,True,,-108.2891325668147,228.5782651336294,,,53.0,163.17766400000005,finite_mle,joint_08893
BP_ecc,same_type_exponential_history;lr04_scaled;co2_scaled;mis6_segment;pre_phase_sin;pre_phase_cos;ecc_scaled,8,True,True,,-101.1466721023809,218.2933442047618,322.5660075485528,5.73926231413087,53.0,163.17766400000005,finite_mle,joint_08893
B_obl,same_type_exponential_history;lr04_scaled;co2_scaled;mis6_segment;obl_scaled,6,True,True,,-110.70093839328158,233.40187678656315,,,53.0,163.17766400000005,finite_mle,joint_08893
BP_obl,same_type_exponential_history;lr04_scaled;co2_scaled;mis6_segment;pre_phase_sin;pre_phase_cos;obl_scaled,8,True,True,,-101.08620371061396,218.17240742122792,324.46441387588493,8.307850299431776,53.0,163.17766400000005,finite_mle,joint_08893
B_insol65n,same_type_exponential_history;lr04_scaled;co2_scaled;mis6_segment;insol65n_scaled,6,True,True,,-104.71058385419211,221.42116770838422,,,53.0,163.17766400000005,finite_mle,joint_08893
BP_insol65n,same_type_exponential_history;lr04_scaled;co2_scaled;mis6_segment;pre_phase_sin;pre_phase_cos;insol65n_scaled,8,True,True,,-100.22570676342713,216.45141352685425,296.7569729842918,4.155510963267927,53.0,163.17766400000005,finite_mle,joint_08893
B,same_type_exponential_history;lr04_scaled;co2_scaled;mis6_segment,5,True,True,,-111.62256877509272,233.24513755018543,,,53.0,166.606673,finite_mle,joint_02487
BP,same_type_exponential_history;lr04_scaled;co2_scaled;mis6_segment;pre_phase_sin;pre_phase_cos,7,True,True,,-102.9930529119789,219.9861058239578,336.7009342037737,6.532833208223049,53.0,166.606673,finite_mle,joint_02487
B_ecc,same_type_exponential_history;lr04_scaled;co2_scaled;mis6_segment;ecc_scaled,6,True,True,,-109.5518715206874,231.1037430413748,,,53.0,166.606673,finite_mle,joint_02487
BP_ecc,same_type_exponential_history;lr04_scaled;co2_scaled;mis6_segment;pre_phase_sin;pre_phase_cos;ecc_scaled,8,True,True,,-102.3179751346217,220.6359502692434,335.6187526725794,5.670092794295715,53.0,166.606673,finite_mle,joint_02487
B_obl,same_type_exponential_history;lr04_scaled;co2_scaled;mis6_segment;obl_scaled,6,True,True,,-111.6215642904501,235.2431285809002,,,53.0,166.606673,finite_mle,joint_02487
BP_obl,same_type_exponential_history;lr04_scaled;co2_scaled;mis6_segment;pre_phase_sin;pre_phase_cos;obl_scaled,8,True,True,,-102.44563183697724,220.89126367395448,336.1348895725205,7.4995496685560274,53.0,166.606673,finite_mle,joint_02487
B_insol65n,same_type_exponential_history;lr04_scaled;co2_scaled;mis6_segment;insol65n_scaled,6,True,True,,-104.54685201489556,221.09370402979113,,,53.0,166.606673,finite_mle,joint_02487
BP_insol65n,same_type_exponential_history;lr04_scaled;co2_scaled;mis6_segment;pre_phase_sin;pre_phase_cos;insol65n_scaled,8,True,True,,-101.58356607790253,219.16713215580506,317.03433714850274,3.5385301564033016,53.0,166.606673,finite_mle,joint_02487
B,same_type_exponential_history;lr04_scaled;co2_scaled;mis6_segment,5,True,True,,-111.25217654968927,232.50435309937853,,,53.0,166.36444700000004,finite_mle,joint_04255
BP,same_type_exponential_history;lr04_scaled;co2_scaled;mis6_segment;pre_phase_sin;pre_phase_cos,7,True,True,,-102.03998440611079,218.07996881222158,326.638228040863,7.172914276566368,53.0,166.36444700000004,finite_mle,joint_04255
B_ecc,same_type_exponential_history;lr04_scaled;co2_scaled;mis6_segment;ecc_scaled,6,True,True,,-109.36976730435592,230.73953460871184,,,53.0,166.36444700000004,finite_mle,joint_04255
BP_ecc,same_type_exponential_history;lr04_scaled;co2_scaled;mis6_segment;pre_phase_sin;pre_phase_cos;ecc_scaled,8,True,True,,-101.47990308344546,218.95980616689093,325.08013549577265,6.318963421726613,53.0,166.36444700000004,finite_mle,joint_04255
B_obl,same_type_exponential_history;lr04_scaled;co2_scaled;mis6_segment;obl_scaled,6,True,True,,-111.19678812898195,234.3935762579639,,,53.0,166.36444700000004,finite_mle,joint_04255
BP_obl,same_type_exponential_history;lr04_scaled;co2_scaled;mis6_segment;pre_phase_sin;pre_phase_cos;obl_scaled,8,True,True,,-100.91332100624541,217.82664201249082,326.8282213757053,8.844020008104168,53.0,166.36444700000004,finite_mle,joint_04255
B_insol65n,same_type_exponential_history;lr04_scaled;co2_scaled;mis6_segment;insol65n_scaled,6,True,True,,-104.35503059529866,220.71006119059732,,,53.0,166.36444700000004,finite_mle,joint_04255
BP_insol65n,same_type_exponential_history;lr04_scaled;co2_scaled;mis6_segment;pre_phase_sin;pre_phase_cos;insol65n_scaled,8,True,True,,-100.05160908755636,216.10321817511272,300.5899277385852,4.1619639020822135,53.0,166.36444700000004,finite_mle,joint_04255
B,same_type_exponential_history;lr04_scaled;co2_scaled;mis6_segment,5,True,True,,-111.40805595354757,232.81611190709515,,,53.0,162.65426000000002,finite_mle,joint_01925
BP,same_type_exponential_history;lr04_scaled;co2_scaled;mis6_segment;pre_phase_sin;pre_phase_cos,7,True,True,,-103.39057659022433,220.78115318044865,329.48078197146054,6.297544955355175,53.0,162.65426000000002,finite_mle,joint_01925
B_ecc,same_type_exponential_history;lr04_scaled;co2_scaled;mis6_segment;ecc_scaled,6,True,True,,-109.16844288511857,230.33688577023713,,,53.0,162.65426000000002,finite_mle,joint_01925
BP_ecc,same_type_exponential_history;lr04_scaled;co2_scaled;mis6_segment;pre_phase_sin;pre_phase_cos;ecc_scaled,8,True,True,,-102.30553987950475,220.6110797590095,328.3319916628101,5.44359258677486,53.0,162.65426000000002,finite_mle,joint_01925
B_obl,same_type_exponential_history;lr04_scaled;co2_scaled;mis6_segment;obl_scaled,6,True,True,,-111.38262411426547,234.76524822853094,,,53.0,162.65426000000002,finite_mle,joint_01925
BP_obl,same_type_exponential_history;lr04_scaled;co2_scaled;mis6_segment;pre_phase_sin;pre_phase_cos;obl_scaled,8,True,True,,-102.30047834253003,220.60095668506005,329.66188798863254,7.827127656665463,53.0,162.65426000000002,finite_mle,joint_01925
B_insol65n,same_type_exponential_history;lr04_scaled;co2_scaled;mis6_segment;insol65n_scaled,6,True,True,,-104.89035611965716,221.7807122393143,,,53.0,162.65426000000002,finite_mle,joint_01925
BP_insol65n,same_type_exponential_history;lr04_scaled;co2_scaled;mis6_segment;pre_phase_sin;pre_phase_cos;insol65n_scaled,8,True,True,,-101.27602727582735,218.5520545516547,300.70568092807827,3.578667135597625,53.0,162.65426000000002,finite_mle,joint_01925
B,same_type_exponential_history;lr04_scaled;co2_scaled;mis6_segment,5,True,True,,-111.0309625792592,232.0619251585184,,,53.0,163.061507,finite_mle,joint_07849
BP,same_type_exponential_history;lr04_scaled;co2_scaled;mis6_segment;pre_phase_sin;pre_phase_cos,7,True,True,,-102.25915487620793,218.51830975241586,321.6446321583381,6.936468592384613,53.0,163.061507,finite_mle,joint_07849
B_ecc,same_type_exponential_history;lr04_scaled;co2_scaled;mis6_segment;ecc_scaled,6,True,True,,-108.78550653349484,229.57101306698968,,,53.0,163.061507,finite_mle,joint_07849
BP_ecc,same_type_exponential_history;lr04_scaled;co2_scaled;mis6_segment;pre_phase_sin;pre_phase_cos;ecc_scaled,8,True,True,,-101.29178805417247,218.58357610834494,320.0008016205532,6.015795224332206,53.0,163.061507,finite_mle,joint_07849
B_obl,same_type_exponential_history;lr04_scaled;co2_scaled;mis6_segment;obl_scaled,6,True,True,,-110.99477941401898,233.98955882803796,,,53.0,163.061507,finite_mle,joint_07849
BP_obl,same_type_exponential_history;lr04_scaled;co2_scaled;mis6_segment;pre_phase_sin;pre_phase_cos;obl_scaled,8,True,True,,-101.06284785089068,218.12569570178135,322.2222831152161,8.732413286164164,53.0,163.061507,finite_mle,joint_07849
B_insol65n,same_type_exponential_history;lr04_scaled;co2_scaled;mis6_segment;insol65n_scaled,6,True,True,,-105.1279889210507,222.2559778421014,,,53.0,163.061507,finite_mle,joint_07849
BP_insol65n,same_type_exponential_history;lr04_scaled;co2_scaled;mis6_segment;pre_phase_sin;pre_phase_cos;insol65n_scaled,8,True,True,,-100.12393730345099,216.24787460690197,292.7589837228188,4.465445281365484,53.0,163.061507,finite_mle,joint_07849
B,same_type_exponential_history;lr04_scaled;co2_scaled;mis6_segment,5,True,True,,-110.28030954854398,230.56061909708797,,,53.0,165.839794,finite_mle,joint_03764
BP,same_type_exponential_history;lr04_scaled;co2_scaled;mis6_segment;pre_phase_sin;pre_phase_cos,7,True,True,,-102.79658121243786,219.59316242487571,334.52571598503533,5.985147954285076,53.0,165.839794,finite_mle,joint_03764
B_ecc,same_type_exponential_history;lr04_scaled;co2_scaled;mis6_segment;ecc_scaled,6,True,True,,-109.62917221606088,231.25834443212176,,,53.0,165.839794,finite_mle,joint_03764
BP_ecc,same_type_exponential_history;lr04_scaled;co2_scaled;mis6_segment;pre_phase_sin;pre_phase_cos;ecc_scaled,8,True,True,,-102.76743241850696,221.5348648370139,334.339857267646,5.787409168142786,53.0,165.839794,finite_mle,joint_03764
B_obl,same_type_exponential_history;lr04_scaled;co2_scaled;mis6_segment;obl_scaled,6,True,True,,-110.27356256424781,232.54712512849562,,,53.0,165.839794,finite_mle,joint_03764
BP_obl,same_type_exponential_history;lr04_scaled;co2_scaled;mis6_segment;pre_phase_sin;pre_phase_cos;obl_scaled,8,True,True,,-102.18167165495034,220.36334330990067,334.76980746135933,6.937097278883108,53.0,165.839794,finite_mle,joint_03764
B_insol65n,same_type_exponential_history;lr04_scaled;co2_scaled;mis6_segment;insol65n_scaled,6,True,True,,-104.65494283781477,221.30988567562954,,,53.0,165.839794,finite_mle,joint_03764
BP_insol65n,same_type_exponential_history;lr04_scaled;co2_scaled;mis6_segment;pre_phase_sin;pre_phase_cos;insol65n_scaled,8,True,True,,-101.85679576135419,219.71359152270838,320.5557342702468,3.616039610481515,53.0,165.839794,finite_mle,joint_03764
B,same_type_exponential_history;lr04_scaled;co2_scaled;mis6_segment,5,True,True,,-110.57710195096465,231.1542039019293,,,53.0,168.57537500000004,finite_mle,joint_09669
BP,same_type_exponential_history;lr04_scaled;co2_scaled;mis6_segment;pre_phase_sin;pre_phase_cos,7,True,True,,-103.6843071016857,221.3686142033714,340.86648469176805,5.3753175683397565,53.0,168.57537500000004,finite_mle,joint_09669
B_ecc,same_type_exponential_history;lr04_scaled;co2_scaled;mis6_segment;ecc_scaled,6,True,True,,-110.09253565079925,232.1850713015985,,,53.0,168.57537500000004,finite_mle,joint_09669
BP_ecc,same_type_exponential_history;lr04_scaled;co2_scaled;mis6_segment;pre_phase_sin;pre_phase_cos;ecc_scaled,8,True,True,,-103.65525681535573,223.31051363071145,340.77501534137065,5.223543923632569,53.0,168.57537500000004,finite_mle,joint_09669
B_obl,same_type_exponential_history;lr04_scaled;co2_scaled;mis6_segment;obl_scaled,6,True,True,,-110.55145983626798,233.10291967253596,,,53.0,168.57537500000004,finite_mle,joint_09669
BP_obl,same_type_exponential_history;lr04_scaled;co2_scaled;mis6_segment;pre_phase_sin;pre_phase_cos;obl_scaled,8,True,True,,-103.4635659106018,222.9271318212036,340.5600572216003,5.852974390255376,53.0,168.57537500000004,finite_mle,joint_09669
B_insol65n,same_type_exponential_history;lr04_scaled;co2_scaled;mis6_segment;insol65n_scaled,6,True,True,,-106.32093183712848,224.64186367425697,,,53.0,168.57537500000004,finite_mle,joint_09669
BP_insol65n,same_type_exponential_history;lr04_scaled;co2_scaled;mis6_segment;pre_phase_sin;pre_phase_cos;insol65n_scaled,8,True,True,,-103.48819533427161,222.97639066854322,336.2518685977597,4.1438568968242935,53.0,168.57537500000004,finite_mle,joint_09669
B,same_type_exponential_history;lr04_scaled;co2_scaled;mis6_segment,5,True,True,,-111.39872094239158,232.79744188478315,,,53.0,163.37664800000002,finite_mle,joint_08784
BP,same_type_exponential_history;lr04_scaled;co2_scaled;mis6_segment;pre_phase_sin;pre_phase_cos,7,True,True,,-102.09202877287149,218.18405754574297,318.1344825132327,7.553145137696058,53.0,163.37664800000002,finite_mle,joint_08784
B_ecc,same_type_exponential_history;lr04_scaled;co2_scaled;mis6_segment;ecc_scaled,6,True,True,,-107.92392066696215,227.8478413339243,,,53.0,163.37664800000002,finite_mle,joint_08784
BP_ecc,same_type_exponential_history;lr04_scaled;co2_scaled;mis6_segment;pre_phase_sin;pre_phase_cos;ecc_scaled,8,True,True,,-100.03645256802776,216.0729051360555,315.61115805023655,6.467153591041707,53.0,163.37664800000002,finite_mle,joint_08784
B_obl,same_type_exponential_history;lr04_scaled;co2_scaled;mis6_segment;obl_scaled,6,True,True,,-111.33122019068374,234.66244038136747,,,53.0,163.37664800000002,finite_mle,joint_08784
BP_obl,same_type_exponential_history;lr04_scaled;co2_scaled;mis6_segment;pre_phase_sin;pre_phase_cos;obl_scaled,8,True,True,,-100.62662989826484,217.25325979652968,318.85125799469597,9.85502134281109,53.0,163.37664800000002,finite_mle,joint_08784
B_insol65n,same_type_exponential_history;lr04_scaled;co2_scaled;mis6_segment;insol65n_scaled,6,True,True,,-106.27559407398442,224.55118814796884,,,53.0,163.37664800000002,finite_mle,joint_08784
BP_insol65n,same_type_exponential_history;lr04_scaled;co2_scaled;mis6_segment;pre_phase_sin;pre_phase_cos;insol65n_scaled,8,True,True,,-100.51960845025977,217.03921690051953,294.2309103702054,5.112375303974838,53.0,163.37664800000002,finite_mle,joint_08784
B,same_type_exponential_history;lr04_scaled;co2_scaled;mis6_segment,5,True,True,,-111.1797671798953,232.3595343597906,,,53.0,164.588341,finite_mle,joint_01698
BP,same_type_exponential_history;lr04_scaled;co2_scaled;mis6_segment;pre_phase_sin;pre_phase_cos,7,True,True,,-103.3992854426979,220.7985708853958,332.6869168069068,5.928784531595735,53.0,164.588341,finite_mle,joint_01698
B_ecc,same_type_exponential_history;lr04_scaled;co2_scaled;mis6_segment;ecc_scaled,6,True,True,,-109.79808472231537,231.59616944463073,,,53.0,164.588341,finite_mle,joint_01698
BP_ecc,same_type_exponential_history;lr04_scaled;co2_scaled;mis6_segment;pre_phase_sin;pre_phase_cos;ecc_scaled,8,True,True,,-103.01299753938412,222.02599507876823,331.7931899807151,5.355295612782898,53.0,164.588341,finite_mle,joint_01698
B_obl,same_type_exponential_history;lr04_scaled;co2_scaled;mis6_segment;obl_scaled,6,True,True,,-111.09686896206608,234.19373792413217,,,53.0,164.588341,finite_mle,joint_01698
BP_obl,same_type_exponential_history;lr04_scaled;co2_scaled;mis6_segment;pre_phase_sin;pre_phase_cos;obl_scaled,8,True,True,,-102.10493340274756,220.20986680549512,332.63470494196076,7.549803951034755,53.0,164.588341,finite_mle,joint_01698
B_insol65n,same_type_exponential_history;lr04_scaled;co2_scaled;mis6_segment;insol65n_scaled,6,True,True,,-103.92508193260862,219.85016386521724,,,53.0,164.588341,finite_mle,joint_01698
BP_insol65n,same_type_exponential_history;lr04_scaled;co2_scaled;mis6_segment;pre_phase_sin;pre_phase_cos;insol65n_scaled,8,True,True,,-101.08312736608369,218.16625473216737,302.71741632059457,3.144588813340843,53.0,164.588341,finite_mle,joint_01698
B,same_type_exponential_history;lr04_scaled;co2_scaled;mis6_segment,5,True,True,,-111.45273693871763,232.90547387743527,,,53.0,163.92104,finite_mle,joint_04061
BP,same_type_exponential_history;lr04_scaled;co2_scaled;mis6_segment;pre_phase_sin;pre_phase_cos,7,True,True,,-101.2694454908262,216.5388909816524,323.4702580409856,8.095762850388104,53.0,163.92104,finite_mle,joint_04061
B_ecc,same_type_exponential_history;lr04_scaled;co2_scaled;mis6_segment;ecc_scaled,6,True,True,,-108.49964389042958,228.99928778085916,,,53.0,163.92104,finite_mle,joint_04061
BP_ecc,same_type_exponential_history;lr04_scaled;co2_scaled;mis6_segment;pre_phase_sin;pre_phase_cos;ecc_scaled,8,True,True,,-99.93129295277193,215.86258590554385,321.3969297519972,6.807421093147198,53.0,163.92104,finite_mle,joint_04061
B_obl,same_type_exponential_history;lr04_scaled;co2_scaled;mis6_segment;obl_scaled,6,True,True,,-111.40862968152203,234.81725936304406,,,53.0,163.92104,finite_mle,joint_04061
BP_obl,same_type_exponential_history;lr04_scaled;co2_scaled;mis6_segment;pre_phase_sin;pre_phase_cos;obl_scaled,8,True,True,,-99.9929757064904,215.9859514129808,323.7922639482785,10.080255549062011,53.0,163.92104,finite_mle,joint_04061
B_insol65n,same_type_exponential_history;lr04_scaled;co2_scaled;mis6_segment;insol65n_scaled,6,True,True,,-104.59176658676775,221.1835331735355,,,53.0,163.92104,finite_mle,joint_04061
BP_insol65n,same_type_exponential_history;lr04_scaled;co2_scaled;mis6_segment;pre_phase_sin;pre_phase_cos;insol65n_scaled,8,True,True,,-99.10887001139035,214.2177400227807,296.1164525008914,4.821114478494133,53.0,163.92104,finite_mle,joint_04061
B,same_type_exponential_history;lr04_scaled;co2_scaled;mis6_segment,5,True,True,,-111.27685911174831,232.55371822349662,,,53.0,167.07768800000002,finite_mle,joint_07636
BP,same_type_exponential_history;lr04_scaled;co2_scaled;mis6_segment;pre_phase_sin;pre_phase_cos,7,True,True,,-101.55950883030324,217.1190176606065,335.66293103944923,7.931813008211974,53.0,167.07768800000002,finite_mle,joint_07636
B_ecc,same_type_exponential_history;lr04_scaled;co2_scaled;mis6_segment;ecc_scaled,6,True,True,,-110.09003438137019,232.18006876274038,,,53.0,167.07768800000002,finite_mle,joint_07636
BP_ecc,same_type_exponential_history;lr04_scaled;co2_scaled;mis6_segment;pre_phase_sin;pre_phase_cos;ecc_scaled,8,True,True,,-101.36872644485015,218.7374528897003,335.20122722840176,7.329150872202151,53.0,167.07768800000002,finite_mle,joint_07636
B_obl,same_type_exponential_history;lr04_scaled;co2_scaled;mis6_segment;obl_scaled,6,True,True,,-111.24626151074716,234.49252302149432,,,53.0,167.07768800000002,finite_mle,joint_07636
BP_obl,same_type_exponential_history;lr04_scaled;co2_scaled;mis6_segment;pre_phase_sin;pre_phase_cos;obl_scaled,8,True,True,,-101.20657001562407,218.41314003124813,335.46205405700846,8.947923476926416,53.0,167.07768800000002,finite_mle,joint_07636
B_insol65n,same_type_exponential_history;lr04_scaled;co2_scaled;mis6_segment;insol65n_scaled,6,True,True,,-104.41535649357421,220.83071298714842,,,53.0,167.07768800000002,finite_mle,joint_07636
BP_insol65n,same_type_exponential_history;lr04_scaled;co2_scaled;mis6_segment;pre_phase_sin;pre_phase_cos;insol65n_scaled,8,True,True,,-100.52447226325097,217.04894452650194,322.65480199834974,4.718803304329275,53.0,167.07768800000002,finite_mle,joint_07636
B,same_type_exponential_history;lr04_scaled;co2_scaled;mis6_segment,5,True,True,,-110.90734295599832,231.81468591199663,,,53.0,162.17294800000002,finite_mle,joint_04757
BP,same_type_exponential_history;lr04_scaled;co2_scaled;mis6_segment;pre_phase_sin;pre_phase_cos,7,True,True,,-101.46464737884725,216.9292947576945,323.19895660874704,7.649037577013091,53.0,162.17294800000002,finite_mle,joint_04757
B_ecc,same_type_exponential_history;lr04_scaled;co2_scaled;mis6_segment;ecc_scaled,6,True,True,,-108.47793038064617,228.95586076129234,,,53.0,162.17294800000002,finite_mle,joint_04757
BP_ecc,same_type_exponential_history;lr04_scaled;co2_scaled;mis6_segment;pre_phase_sin;pre_phase_cos;ecc_scaled,8,True,True,,-100.37828744192512,216.75657488385025,321.4184216095403,6.595322677745724,53.0,162.17294800000002,finite_mle,joint_04757
B_obl,same_type_exponential_history;lr04_scaled;co2_scaled;mis6_segment;obl_scaled,6,True,True,,-110.8903205877898,233.7806411755796,,,53.0,162.17294800000002,finite_mle,joint_04757
BP_obl,same_type_exponential_history;lr04_scaled;co2_scaled;mis6_segment;pre_phase_sin;pre_phase_cos;obl_scaled,8,True,True,,-100.33931779120871,216.67863558241743,323.6858441592769,9.608018887190923,53.0,162.17294800000002,finite_mle,joint_04757
B_insol65n,same_type_exponential_history;lr04_scaled;co2_scaled;mis6_segment;insol65n_scaled,6,True,True,,-104.96803378151208,221.93606756302415,,,53.0,162.17294800000002,finite_mle,joint_04757
BP_insol65n,same_type_exponential_history;lr04_scaled;co2_scaled;mis6_segment;pre_phase_sin;pre_phase_cos;insol65n_scaled,8,True,True,,-99.80904865295332,215.61809730590664,299.76735233019184,4.829316421784598,53.0,162.17294800000002,finite_mle,joint_04757
B,same_type_exponential_history;lr04_scaled;co2_scaled;mis6_segment,5,True,True,,-111.22748595844959,232.45497191689918,,,53.0,166.64744800000005,finite_mle,joint_02946
BP,same_type_exponential_history;lr04_scaled;co2_scaled;mis6_segment;pre_phase_sin;pre_phase_cos,7,True,True,,-104.47384781312387,222.94769562624774,338.4208438037333,5.114192215825361,53.0,166.64744800000005,finite_mle,joint_02946
B_ecc,same_type_exponential_history;lr04_scaled;co2_scaled;mis6_segment;ecc_scaled,6,True,True,,-110.35600206322052,232.71200412644103,,,53.0,166.64744800000005,finite_mle,joint_02946
BP_ecc,same_type_exponential_history;lr04_scaled;co2_scaled;mis6_segment;pre_phase_sin;pre_phase_cos;ecc_scaled,8,True,True,,-104.3532770782819,224.7065541565638,337.99464310165104,4.80895424365092,53.0,166.64744800000005,finite_mle,joint_02946
B_obl,same_type_exponential_history;lr04_scaled;co2_scaled;mis6_segment;obl_scaled,6,True,True,,-111.22652348308259,234.45304696616518,,,53.0,166.64744800000005,finite_mle,joint_02946
BP_obl,same_type_exponential_history;lr04_scaled;co2_scaled;mis6_segment;pre_phase_sin;pre_phase_cos;obl_scaled,8,True,True,,-103.99978676087186,223.9995735217437,337.8697800602441,5.819561695503156,53.0,166.64744800000005,finite_mle,joint_02946
B_insol65n,same_type_exponential_history;lr04_scaled;co2_scaled;mis6_segment;insol65n_scaled,6,True,True,,-105.29302873069912,222.58605746139824,,,53.0,166.64744800000005,finite_mle,joint_02946
BP_insol65n,same_type_exponential_history;lr04_scaled;co2_scaled;mis6_segment;pre_phase_sin;pre_phase_cos;insol65n_scaled,8,True,True,,-103.18871726149465,222.3774345229893,317.62219033096784,2.8628231708311187,53.0,166.64744800000005,finite_mle,joint_02946
B,same_type_exponential_history;lr04_scaled;co2_scaled;mis6_segment,5,True,True,,-111.18938321533557,232.37876643067113,,,53.0,164.26257400000003,finite_mle,joint_08483
BP,same_type_exponential_history;lr04_scaled;co2_scaled;mis6_segment;pre_phase_sin;pre_phase_cos,7,True,True,,-103.3134826344765,220.626965268953,327.3066681060622,6.089250603008689,53.0,164.26257400000003,finite_mle,joint_08483
B_ecc,same_type_exponential_history;lr04_scaled;co2_scaled;mis6_segment;ecc_scaled,6,True,True,,-108.88824380824781,229.77648761649561,,,53.0,164.26257400000003,finite_mle,joint_08483
BP_ecc,same_type_exponential_history;lr04_scaled;co2_scaled;mis6_segment;pre_phase_sin;pre_phase_cos;ecc_scaled,8,True,True,,-102.37195127668309,220.74390255336618,325.55529066383696,5.204477063943122,53.0,164.26257400000003,finite_mle,joint_08483
B_obl,same_type_exponential_history;lr04_scaled;co2_scaled;mis6_segment;obl_scaled,6,True,True,,-111.17954753260831,234.35909506521662,,,53.0,164.26257400000003,finite_mle,joint_08483
BP_obl,same_type_exponential_history;lr04_scaled;co2_scaled;mis6_segment;pre_phase_sin;pre_phase_cos;obl_scaled,8,True,True,,-102.5158746999977,221.0317493999954,327.29795526977193,7.254862702119845,53.0,164.26257400000003,finite_mle,joint_08483
B_insol65n,same_type_exponential_history;lr04_scaled;co2_scaled;mis6_segment;insol65n_scaled,6,True,True,,-105.70184007377432,223.40368014754864,,,53.0,164.26257400000003,finite_mle,joint_08483
BP_insol65n,same_type_exponential_history;lr04_scaled;co2_scaled;mis6_segment;pre_phase_sin;pre_phase_cos;insol65n_scaled,8,True,True,,-101.99635260247281,219.99270520494562,305.5093828635635,3.8135865097782067,53.0,164.26257400000003,finite_mle,joint_08483
B,same_type_exponential_history;lr04_scaled;co2_scaled;mis6_segment,5,True,True,,-110.89767547025134,231.7953509405027,,,53.0,165.43175300000004,finite_mle,joint_05522
BP,same_type_exponential_history;lr04_scaled;co2_scaled;mis6_segment;pre_phase_sin;pre_phase_cos,7,True,True,,-103.04132914365279,220.08265828730558,327.9846613867619,6.159893607409008,53.0,165.43175300000004,finite_mle,joint_05522
B_ecc,same_type_exponential_history;lr04_scaled;co2_scaled;mis6_segment;ecc_scaled,6,True,True,,-109.48033277398942,230.96066554797883,,,53.0,165.43175300000004,finite_mle,joint_05522
BP_ecc,same_type_exponential_history;lr04_scaled;co2_scaled;mis6_segment;pre_phase_sin;pre_phase_cos;ecc_scaled,8,True,True,,-102.60335923076453,221.20671846152905,326.67215226035825,5.560702095281365,53.0,165.43175300000004,finite_mle,joint_05522
B_obl,same_type_exponential_history;lr04_scaled;co2_scaled;mis6_segment;obl_scaled,6,True,True,,-110.87545425975452,233.75090851950904,,,53.0,165.43175300000004,finite_mle,joint_05522
BP_obl,same_type_exponential_history;lr04_scaled;co2_scaled;mis6_segment;pre_phase_sin;pre_phase_cos;obl_scaled,8,True,True,,-102.14973895973293,220.29947791946586,328.21107851988296,7.465146147036466,53.0,165.43175300000004,finite_mle,joint_05522
B_insol65n,same_type_exponential_history;lr04_scaled;co2_scaled;mis6_segment;insol65n_scaled,6,True,True,,-105.08224451696049,222.16448903392097,,,53.0,165.43175300000004,finite_mle,joint_05522
BP_insol65n,same_type_exponential_history;lr04_scaled;co2_scaled;mis6_segment;pre_phase_sin;pre_phase_cos;insol65n_scaled,8,True,True,,-101.5350460490925,219.070092098185,305.40366451805556,3.7395446152449616,53.0,165.43175300000004,finite_mle,joint_05522
B,same_type_exponential_history;lr04_scaled;co2_scaled;mis6_segment,5,True,True,,-110.78053166190418,231.56106332380836,,,53.0,161.872455,finite_mle,joint_04105
BP,same_type_exponential_history;lr04_scaled;co2_scaled;mis6_segment;pre_phase_sin;pre_phase_cos,7,True,True,,-103.13334382337855,220.2666876467571,313.0591429010328,5.925415223569835,53.0,161.872455,finite_mle,joint_04105
B_ecc,same_type_exponential_history;lr04_scaled;co2_scaled;mis6_segment;ecc_scaled,6,True,True,,-108.44547498960985,228.8909499792197,,,53.0,161.872455,finite_mle,joint_04105
BP_ecc,same_type_exponential_history;lr04_scaled;co2_scaled;mis6_segment;pre_phase_sin;pre_phase_cos;ecc_scaled,8,True,True,,-101.79182771870347,219.58365543740695,310.21724346678536,5.235929219834194,53.0,161.872455,finite_mle,joint_04105
B_obl,same_type_exponential_history;lr04_scaled;co2_scaled;mis6_segment;obl_scaled,6,True,True,,-110.67126860761456,233.34253721522913,,,53.0,161.872455,finite_mle,joint_04105
BP_obl,same_type_exponential_history;lr04_scaled;co2_scaled;mis6_segment;pre_phase_sin;pre_phase_cos;obl_scaled,8,True,True,,-101.71379202252598,219.42758404505196,314.5094481207523,7.459397214732925,53.0,161.872455,finite_mle,joint_04105
B_insol65n,same_type_exponential_history;lr04_scaled;co2_scaled;mis6_segment;insol65n_scaled,6,True,True,,-106.5694303458887,225.1388606917774,,,53.0,161.872455,finite_mle,joint_04105
BP_insol65n,same_type_exponential_history;lr04_scaled;co2_scaled;mis6_segment;pre_phase_sin;pre_phase_cos;insol65n_scaled,8,True,True,,-101.2783217891581,218.5566435783162,283.2467468404994,4.42167211051424,53.0,161.872455,finite_mle,joint_04105
B,same_type_exponential_history;lr04_scaled;co2_scaled;mis6_segment,5,True,True,,-110.14895461879865,230.2979092375973,,,53.0,164.19724400000004,finite_mle,joint_08963
BP,same_type_exponential_history;lr04_scaled;co2_scaled;mis6_segment;pre_phase_sin;pre_phase_cos,7,True,True,,-101.68100019087967,217.36200038175934,324.28380248807883,6.8184693104514915,53.0,164.19724400000004,finite_mle,joint_08963
B_ecc,same_type_exponential_history;lr04_scaled;co2_scaled;mis6_segment;ecc_scaled,6,True,True,,-108.95099014767135,229.9019802953427,,,53.0,164.19724400000004,finite_mle,joint_08963
BP_ecc,same_type_exponential_history;lr04_scaled;co2_scaled;mis6_segment;pre_phase_sin;pre_phase_cos;ecc_scaled,8,True,True,,-101.41189491292533,218.82378982585067,323.33846865723996,6.267183228613799,53.0,164.19724400000004,finite_mle,joint_08963
B_obl,same_type_exponential_history;lr04_scaled;co2_scaled;mis6_segment;obl_scaled,6,True,True,,-110.11896184517742,232.23792369035485,,,53.0,164.19724400000004,finite_mle,joint_08963
BP_obl,same_type_exponential_history;lr04_scaled;co2_scaled;mis6_segment;pre_phase_sin;pre_phase_cos;obl_scaled,8,True,True,,-100.68826775194447,217.37653550388893,325.0524521935154,8.343296641174847,53.0,164.19724400000004,finite_mle,joint_08963
B_insol65n,same_type_exponential_history;lr04_scaled;co2_scaled;mis6_segment;insol65n_scaled,6,True,True,,-104.49992849559328,220.99985699118656,,,53.0,164.19724400000004,finite_mle,joint_08963
BP_insol65n,same_type_exponential_history;lr04_scaled;co2_scaled;mis6_segment;pre_phase_sin;pre_phase_cos;insol65n_scaled,8,True,True,,-100.23668663196919,216.47337326393838,303.07192475278293,4.304348432292933,53.0,164.19724400000004,finite_mle,joint_08963
B,same_type_exponential_history;lr04_scaled;co2_scaled;mis6_segment,5,True,True,,-111.30794696888312,232.61589393776623,,,53.0,166.47762800000004,finite_mle,joint_04388
BP,same_type_exponential_history;lr04_scaled;co2_scaled;mis6_segment;pre_phase_sin;pre_phase_cos,7,True,True,,-103.09111085863998,220.18222171727996,334.6653217601656,6.575980647469674,53.0,166.47762800000004,finite_mle,joint_04388
B_ecc,same_type_exponential_history;lr04_scaled;co2_scaled;mis6_segment;ecc_scaled,6,True,True,,-110.17731518306442,232.35463036612884,,,53.0,166.47762800000004,finite_mle,joint_04388
BP_ecc,same_type_exponential_history;lr04_scaled;co2_scaled;mis6_segment;pre_phase_sin;pre_phase_cos;ecc_scaled,8,True,True,,-102.8663768626835,221.732753725367,334.3829056825613,6.028780200575913,53.0,166.47762800000004,finite_mle,joint_04388
B_obl,same_type_exponential_history;lr04_scaled;co2_scaled;mis6_segment;obl_scaled,6,True,True,,-111.29565621102347,234.59131242204694,,,53.0,166.47762800000004,finite_mle,joint_04388
BP_obl,same_type_exponential_history;lr04_scaled;co2_scaled;mis6_segment;pre_phase_sin;pre_phase_cos;obl_scaled,8,True,True,,-102.36695739411051,220.73391478822103,334.79920429727207,7.693306447849032,53.0,166.47762800000004,finite_mle,joint_04388
B_insol65n,same_type_exponential_history;lr04_scaled;co2_scaled;mis6_segment;insol65n_scaled,6,True,True,,-105.28562190382607,222.57124380765214,,,53.0,166.47762800000004,finite_mle,joint_04388
BP_insol65n,same_type_exponential_history;lr04_scaled;co2_scaled;mis6_segment;pre_phase_sin;pre_phase_cos;insol65n_scaled,8,True,True,,-102.17462639743306,220.34925279486612,321.72659485394513,3.9773892143176846,53.0,166.47762800000004,finite_mle,joint_04388
B,same_type_exponential_history;lr04_scaled;co2_scaled;mis6_segment,5,True,True,,-111.22426377128194,232.44852754256388,,,53.0,169.16415100000003,finite_mle,joint_08977
BP,same_type_exponential_history;lr04_scaled;co2_scaled;mis6_segment;pre_phase_sin;pre_phase_cos,7,True,True,,-104.93998243634508,223.87996487269015,333.8980799938913,4.916616390787598,53.0,169.16415100000003,finite_mle,joint_08977
B_ecc,same_type_exponential_history;lr04_scaled;co2_scaled;mis6_segment;ecc_scaled,6,True,True,,-110.58348543182198,233.16697086364397,,,53.0,169.16415100000003,finite_mle,joint_08977
BP_ecc,same_type_exponential_history;lr04_scaled;co2_scaled;mis6_segment;pre_phase_sin;pre_phase_cos;ecc_scaled,8,True,True,,-104.85900927199927,225.71801854399854,333.4029806295539,4.706922090596958,53.0,169.16415100000003,finite_mle,joint_08977
B_obl,same_type_exponential_history;lr04_scaled;co2_scaled;mis6_segment;obl_scaled,6,True,True,,-111.22381283842455,234.4476256768491,,,53.0,169.16415100000003,finite_mle,joint_08977
BP_obl,same_type_exponential_history;lr04_scaled;co2_scaled;mis6_segment;pre_phase_sin;pre_phase_cos;obl_scaled,8,True,True,,-104.57710115077879,225.15420230155758,333.78914786662034,5.4476449424177344,53.0,169.16415100000003,finite_mle,joint_08977
B_insol65n,same_type_exponential_history;lr04_scaled;co2_scaled;mis6_segment;insol65n_scaled,6,True,True,,-107.14954044770282,226.29908089540564,,,53.0,169.16415100000003,finite_mle,joint_08977
BP_insol65n,same_type_exponential_history;lr04_scaled;co2_scaled;mis6_segment;pre_phase_sin;pre_phase_cos;insol65n_scaled,8,True,True,,-104.54926430963434,225.09852861926868,324.1934986712107,3.5132851532517577,53.0,169.16415100000003,finite_mle,joint_08977
B,same_type_exponential_history;lr04_scaled;co2_scaled;mis6_segment,5,True,True,,-111.56380873785767,233.12761747571534,,,53.0,166.18429600000002,finite_mle,joint_01303
BP,same_type_exponential_history;lr04_scaled;co2_scaled;mis6_segment;pre_phase_sin;pre_phase_cos,7,True,True,,-103.07450809568822,220.14901619137643,322.79754460697177,6.636306941058838,53.0,166.18429600000002,finite_mle,joint_01303
B_ecc,same_type_exponential_history;lr04_scaled;co2_scaled;mis6_segment;ecc_scaled,6,True,True,,-108.36919886632481,228.73839773264962,,,53.0,166.18429600000002,finite_mle,joint_01303
BP_ecc,same_type_exponential_history;lr04_scaled;co2_scaled;mis6_segment;pre_phase_sin;pre_phase_cos;ecc_scaled,8,True,True,,-101.51404923055236,219.02809846110472,319.9896376345861,5.519518252990692,53.0,166.18429600000002,finite_mle,joint_01303
B_obl,same_type_exponential_history;lr04_scaled;co2_scaled;mis6_segment;obl_scaled,6,True,True,,-111.4882441141661,234.9764882283322,,,53.0,166.18429600000002,finite_mle,joint_01303
BP_obl,same_type_exponential_history;lr04_scaled;co2_scaled;mis6_segment;pre_phase_sin;pre_phase_cos;obl_scaled,8,True,True,,-101.87555227920231,219.75110455840462,322.9353224745747,8.260083014356386,53.0,166.18429600000002,finite_mle,joint_01303
B_insol65n,same_type_exponential_history;lr04_scaled;co2_scaled;mis6_segment;insol65n_scaled,6,True,True,,-105.3120127328005,222.624025465601,,,53.0,166.18429600000002,finite_mle,joint_01303
BP_insol65n,same_type_exponential_history;lr04_scaled;co2_scaled;mis6_segment;pre_phase_sin;pre_phase_cos;insol65n_scaled,8,True,True,,-100.78395515232693,217.56791030465385,290.6147664963127,4.134150301109377,53.0,166.18429600000002,finite_mle,joint_01303
B,same_type_exponential_history;lr04_scaled;co2_scaled;mis6_segment,5,True,True,,-110.95688248838586,231.91376497677172,,,53.0,166.98673100000002,finite_mle,joint_06257
BP,same_type_exponential_history;lr04_scaled;co2_scaled;mis6_segment;pre_phase_sin;pre_phase_cos,7,True,True,,-104.0298185568908,222.0596371137816,345.3320924874515,5.403846391992095,53.0,166.98673100000002,finite_mle,joint_06257
B_ecc,same_type_exponential_history;lr04_scaled;co2_scaled;mis6_segment;ecc_scaled,6,True,True,,-110.39978421294448,232.79956842588896,,,53.0,166.98673100000002,finite_mle,joint_06257
BP_ecc,same_type_exponential_history;lr04_scaled;co2_scaled;mis6_segment;pre_phase_sin;pre_phase_cos;ecc_scaled,8,True,True,,-104.01226167039256,224.02452334078512,345.3379431796166,5.264847806129662,53.0,166.98673100000002,finite_mle,joint_06257
B_obl,same_type_exponential_history;lr04_scaled;co2_scaled;mis6_segment;obl_scaled,6,True,True,,-110.94869521933532,233.89739043867064,,,53.0,166.98673100000002,finite_mle,joint_06257
BP_obl,same_type_exponential_history;lr04_scaled;co2_scaled;mis6_segment;pre_phase_sin;pre_phase_cos;obl_scaled,8,True,True,,-103.7778963261024,223.5557926522048,344.93450022094123,5.900862185332879,53.0,166.98673100000002,finite_mle,joint_06257
B_insol65n,same_type_exponential_history;lr04_scaled;co2_scaled;mis6_segment;insol65n_scaled,6,True,True,,-106.06032756482186,224.12065512964372,,,53.0,166.98673100000002,finite_mle,joint_06257
BP_insol65n,same_type_exponential_history;lr04_scaled;co2_scaled;mis6_segment;pre_phase_sin;pre_phase_cos;insol65n_scaled,8,True,True,,-103.7133832166868,223.4267664333736,340.2542460872457,3.7986125437934906,53.0,166.98673100000002,finite_mle,joint_06257
B,same_type_exponential_history;lr04_scaled;co2_scaled;mis6_segment,5,True,True,,-110.59224396392243,231.18448792784486,,,53.0,163.88643800000003,finite_mle,joint_09309
BP,same_type_exponential_history;lr04_scaled;co2_scaled;mis6_segment;pre_phase_sin;pre_phase_cos,7,True,True,,-103.83724028312567,221.67448056625133,324.8214469058179,5.115989494753309,53.0,163.88643800000003,finite_mle,joint_09309
B_ecc,same_type_exponential_history;lr04_scaled;co2_scaled;mis6_segment;ecc_scaled,6,True,True,,-108.66503647131329,229.33007294262657,,,53.0,163.88643800000003,finite_mle,joint_09309
BP_ecc,same_type_exponential_history;lr04_scaled;co2_scaled;mis6_segment;pre_phase_sin;pre_phase_cos;ecc_scaled,8,True,True,,-103.02674098184784,222.05348196369567,322.13699431316377,4.481804846443803,53.0,163.88643800000003,finite_mle,joint_09309
B_obl,same_type_exponential_history;lr04_scaled;co2_scaled;mis6_segment;obl_scaled,6,True,True,,-110.53004159374183,233.06008318748366,,,53.0,163.88643800000003,finite_mle,joint_09309
BP_obl,same_type_exponential_history;lr04_scaled;co2_scaled;mis6_segment;pre_phase_sin;pre_phase_cos;obl_scaled,8,True,True,,-102.91060618647938,221.82121237295877,325.07392839958237,6.091415214355585,53.0,163.88643800000003,finite_mle,joint_09309
B_insol65n,same_type_exponential_history;lr04_scaled;co2_scaled;mis6_segment;insol65n_scaled,6,True,True,,-105.43691439600099,222.87382879200197,,,53.0,163.88643800000003,finite_mle,joint_09309
BP_insol65n,same_type_exponential_history;lr04_scaled;co2_scaled;mis6_segment;pre_phase_sin;pre_phase_cos;insol65n_scaled,8,True,True,,-102.23865815897429,220.47731631794858,295.1151909851835,3.2166868860201383,53.0,163.88643800000003,finite_mle,joint_09309
B,same_type_exponential_history;lr04_scaled;co2_scaled;mis6_segment,5,True,True,,-110.94324938864995,231.8864987772999,,,53.0,167.48699100000005,finite_mle,joint_08987
BP,same_type_exponential_history;lr04_scaled;co2_scaled;mis6_segment;pre_phase_sin;pre_phase_cos,7,True,True,,-103.64831217330028,221.29662434660057,336.6002413467473,5.642716688150015,53.0,167.48699100000005,finite_mle,joint_08987
B_ecc,same_type_exponential_history;lr04_scaled;co2_scaled;mis6_segment;ecc_scaled,6,True,True,,-110.02091690231738,232.04183380463476,,,53.0,167.48699100000005,finite_mle,joint_08987
BP_ecc,same_type_exponential_history;lr04_scaled;co2_scaled;mis6_segment;pre_phase_sin;pre_phase_cos;ecc_scaled,8,True,True,,-103.49800330947444,222.99600661894888,335.9839346323394,5.286214996755126,53.0,167.48699100000005,finite_mle,joint_08987
B_obl,same_type_exponential_history;lr04_scaled;co2_scaled;mis6_segment;obl_scaled,6,True,True,,-110.94272353985292,233.88544707970584,,,53.0,167.48699100000005,finite_mle,joint_08987
BP_obl,same_type_exponential_history;lr04_scaled;co2_scaled;mis6_segment;pre_phase_sin;pre_phase_cos;obl_scaled,8,True,True,,-103.13312517917386,222.26625035834772,336.11098977940765,6.494613451517983,53.0,167.48699100000005,finite_mle,joint_08987
B_insol65n,same_type_exponential_history;lr04_scaled;co2_scaled;mis6_segment;insol65n_scaled,6,True,True,,-105.02383748258055,222.0476749651611,,,53.0,167.48699100000005,finite_mle,joint_08987
BP_insol65n,same_type_exponential_history;lr04_scaled;co2_scaled;mis6_segment;pre_phase_sin;pre_phase_cos;insol65n_scaled,8,True,True,,-102.5228684531116,221.0457369062232,318.97645018494075,3.280443354772703,53.0,167.48699100000005,finite_mle,joint_08987
