realization_id,age_ka_bp__Barker_S3_010,age_ka_bp__Barker_S3_011,age_ka_bp__Barker_S3_012,age_ka_bp__Barker_S3_013,age_ka_bp__Barker_S3_014,age_ka_bp__Barker_S3_015,age_ka_bp__Barker_S3_016,age_ka_bp__Barker_S3_017,age_ka_bp__Barker_S3_018,age_ka_bp__Barker_S3_019,age_ka_bp__Barker_S3_020,age_ka_bp__Barker_S3_021,age_ka_bp__Barker_S3_022,age_ka_bp__Barker_S3_023,age_ka_bp__Barker_S3_024,age_ka_bp__Barker_S3_025,age_ka_bp__Barker_S3_026,age_ka_bp__Barker_S3_027,age_ka_bp__Barker_S3_028,age_ka_bp__Barker_S3_029,age_ka_bp__Barker_S3_030,age_ka_bp__Barker_S3_031,age_ka_bp__Barker_S3_032,age_ka_bp__Barker_S3_033,age_ka_bp__Barker_S3_034,age_ka_bp__Barker_S3_035,age_ka_bp__Barker_S3_036,age_ka_bp__Barker_S3_037,age_ka_bp__Barker_S3_038,age_ka_bp__Barker_S3_039,age_ka_bp__Barker_S3_040,age_ka_bp__Barker_S3_041,age_ka_bp__Barker_S3_042,age_ka_bp__Barker_S3_043,age_ka_bp__Barker_S3_044,age_ka_bp__Barker_S3_045,age_ka_bp__Barker_S3_046,age_ka_bp__Barker_S3_047,age_ka_bp__Barker_S3_048,age_ka_bp__Barker_S3_049,age_ka_bp__Barker_S3_050,age_ka_bp__Barker_S3_051,age_ka_bp__Barker_S3_052,age_ka_bp__Barker_S3_053,age_ka_bp__Barker_S3_054,age_ka_bp__Barker_S3_055,age_ka_bp__Barker_S3_056,age_ka_bp__Barker_S3_057,age_ka_bp__Barker_S3_058,age_ka_bp__Barker_S3_059,age_ka_bp__Barker_S3_060,age_ka_bp__Barker_S3_061,age_ka_bp__Barker_S3_062,age_ka_bp__Barker_S3_063,age_ka_bp__Barker_S3_064,age_ka_bp__Barker_S3_065,age_ka_bp__Barker_S3_066,age_ka_bp__Barker_S3_067,age_ka_bp__Barker_S3_068,age_ka_bp__Barker_S3_069,age_ka_bp__Barker_S3_070,age_ka_bp__Barker_S3_071,age_ka_bp__Barker_S3_072,age_ka_bp__Barker_S3_073,age_ka_bp__Barker_S3_074,age_ka_bp__Barker_S3_075,age_ka_bp__Barker_S3_076,age_ka_bp__Barker_S3_077,age_ka_bp__Barker_S3_078,age_ka_bp__Barker_S3_079
Barker_MC_01858,11.45527587296392,14.663461840365231,28.011232818779256,30.105679406795744,33.310174271934905,33.632107969101156,34.881375201181704,37.352107924594776,38.443098939084585,42.047034478223566,44.28942405355555,47.78925879618332,54.071797451201434,57.55204030115389,58.9446229735496,64.47138013911598,71.65826588293231,75.34651388390093,83.23079121035846,90.08242205492202,104.2206777084766,109.51795701280676,124.44737070816312,128.2961711184734,148.1260720041527,149.73227938061194,151.49910749471707,160.60725789111598,165.42728589505424,168.66162832402134,174.8675508175793,176.19568611773929,176.47575769584236,177.5526630335801,189.54929835380216,191.39008303161592,199.60173408599303,217.56367532097903,227.9023358714273,230.3358142980799,232.70337376428796,242.79559759058148,244.20055686858248,248.56789640486505,252.1027699713476,258.61413258996333,260.7285234033883,262.64386334476916,264.44663553515346,277.17206834485324,279.08706066087603,281.7845229554888,291.83308478580193,297.9898880383913,302.33465555108825,307.441301727149,318.43891556381664,328.82644520754815,335.96918871510377,336.32737939247386,336.87520042845154,337.2993334983364,349.1753561357465,350.8642980024832,367.5709440175158,373.9968194808611,378.3501402516917,386.9485109876084,391.5039391920675,395.4519769692656
Barker_MC_05740,11.344249204149117,14.637100753634368,27.83456477363667,30.11759347341764,33.29057022207338,33.6677736594636,35.01699705265775,37.39455433772558,38.14439533437486,41.07014580876433,43.71455598130887,47.80285438801745,53.748093000443006,57.4961503433864,59.176687971785576,64.53630894008923,71.50585407757913,76.17921772726108,83.71630702558367,90.37570377798735,102.36765388689778,109.54383454669734,125.8391876821894,129.8819501365645,147.66617578201758,149.18513624291623,150.8559927499047,159.462621016833,163.09133989014595,169.41452213649313,171.54575995400387,174.3040610049837,177.54183941733297,178.41400231846657,187.87784024695353,193.1004286642581,201.2062702084448,215.70307994469468,225.22046085352432,229.6301242165183,231.91448176963183,241.652039813836,243.3458053419205,248.482271748816,252.00751943792727,257.78885703267343,259.6661917497865,262.08467302482745,264.35861838993,276.78259328158,278.6522205711001,281.28578159182206,291.0962989819923,297.1072512353958,301.34909379549,306.3347665675437,317.07617608888125,327.7634232978732,335.1122606281941,335.48078639402144,336.0444140358749,336.5642109089442,349.77022385078135,351.1020595722344,366.4780208784457,371.9780853947176,379.0947374766871,388.264993807016,393.123407756859,397.3340331800564
Barker_MC_01950,11.41854642744114,14.559050125937953,28.315863081646516,29.740092055812433,33.08707832551172,33.823605468235385,35.660614491883706,38.004635690002566,39.165730440810464,41.627578041977145,43.69569728376229,47.897145671255224,53.79401360944015,57.781179171105215,59.66289349696369,64.69259888701673,71.23312832959519,75.48235688803267,82.3615819327528,90.42009937646344,103.84756145208208,109.72253764957588,124.60935595657776,127.8418776756888,146.94232939606056,148.62364639117453,150.47309508579986,159.99211047944578,162.97419994095975,169.84890259063636,174.58079280251843,175.3982685190557,178.8227934114994,179.21252929654534,190.6011728088863,194.7663879988083,199.08028044301892,215.34139456140147,225.84343725085049,228.8396218882585,231.338374744872,241.98983819297845,243.73731566858277,249.37604369562456,252.3440452368091,257.59435963877485,259.2992587803725,261.57694425666233,263.72494887188907,276.4224077046744,278.3331903445595,281.0247228803118,291.0511952272361,297.19446414471645,301.5296806717678,306.62510104479486,317.59478490322175,327.4854545294299,334.2865437855851,334.6276013589026,335.14921882397647,335.70049559044793,350.14101948527355,351.86647551953547,366.792076997218,373.1964518664609,377.6549813077436,386.6588557328086,391.42912032886954,395.5633496454558
Barker_MC_08028,11.38822451285297,14.408549477197138,28.3551225172436,29.904185552910093,33.26907509699968,33.567517083754765,35.494782317249964,36.89961247998835,37.89026080365785,40.970408752064365,44.181491830230115,48.17469228275919,53.947953742604405,57.645448384861695,59.32347424516784,64.4727408549172,71.16874534364072,75.41260439127915,82.3514286392282,91.0821239548943,104.0904491027358,109.18866109410185,125.26026024769422,128.93748664909586,147.63789634232256,149.4580754943994,151.4602725616839,161.75221962786918,163.1633420203101,169.81616552515553,171.76804558677983,174.61526472393237,176.90198052600803,179.00606068640928,190.53077692366028,193.2621807649392,200.42518156498912,215.5779923965421,226.961763506212,230.2715460682224,232.5109924907296,242.05710732565416,243.69599872672416,248.33340447583032,252.03254957356197,256.8173994815671,258.3711514812145,261.8033666473219,265.02752647184315,277.63483031548265,279.53204594243806,282.20446795460117,292.1597499541094,298.25940019561136,302.56383565031683,307.623077322198,318.51482456917523,328.32905116981345,335.07757615483644,335.41599776175497,335.9335837488069,336.43293523406743,349.66599530197425,351.1840773351522,366.10144937236214,371.9437342596541,377.67933879302814,387.25317442311547,392.32540522051266,396.7213385782569
Barker_MC_08732,11.44354545844031,14.717678746178567,28.056569711663062,30.19683479347202,32.98210758182547,33.74479343490245,35.67444834092407,36.985282162907005,38.19608500115747,41.57751972294281,43.662337467147026,47.760237716971425,53.93306504253776,57.83421442924819,59.58663610455897,64.97414685182818,71.979959306452,75.86272309091669,84.39158290506205,90.31835986828663,102.89958702208128,110.6335282115936,125.29816017296552,128.69600035556462,147.49568011995635,149.13822155912663,150.9450171422139,160.24626565295347,163.4017383325074,170.25940422057525,173.11828417955527,176.45998271267533,178.57455497336989,178.72637882312776,192.0213337627556,193.80229004995377,197.1581179891302,218.9155397572176,225.64028324988053,229.5017212568328,231.8268711562345,241.7383152189382,243.25799075599264,249.05805552512857,251.77469505908752,257.4035119914708,259.2313197038314,262.5157372061069,265.5958765049519,278.0222210002082,279.8922048805623,282.52626819589983,292.3386567293709,298.35075544147713,302.59340704099026,307.5800307219345,318.32005685850015,328.5759924275709,335.6282483259785,335.9819012766361,336.5227822599948,336.9642932165941,348.6707874826886,351.0155282447559,367.8336003538397,373.4390972546683,377.56708634965105,386.54780480645894,391.30580133986706,395.42939833548746
Barker_MC_06901,11.283634391718117,14.626049961847803,27.86761399539945,29.46971819736485,32.71005788251219,33.518676077198904,35.622129676395225,37.392442984735254,38.696342078241955,41.90318275104898,43.60967041501786,47.59288536153116,53.83058007634938,57.51891958026644,59.08737803943658,64.40760464126832,71.32592212349817,75.97714351430466,83.15372032237912,90.76354162929319,103.91519001492884,109.6465446746528,125.3453026412321,128.94416886760513,147.74531838175324,149.45876088922995,151.3435476474543,161.0469102231103,164.42376701207516,168.66234658330598,173.47285892333812,175.07777344473087,176.63083138729078,177.16680837920785,188.40880886975668,192.77887121923104,198.42074869462732,215.49413039216324,225.9451073448151,229.3523076880901,231.6986147757097,241.7002458356475,243.446869516282,248.08134039275572,252.37324783142975,258.3121499198169,260.2406494909536,262.19100952942824,264.02965997119134,276.6530408300429,278.5526758136565,281.22850573681114,291.1964828551276,297.30391145835847,301.61383599107324,306.67952928070946,317.5864077897734,327.5699639962324,334.43492455199214,334.77918511083556,335.3057012596549,335.86592312942986,348.9963314754038,350.87071488715577,366.49047813421714,372.49624706258976,377.3309310996126,387.1652361938392,392.37546405833,396.8909948742221
Barker_MC_09322,11.400654493928052,14.589862504421246,27.923707804577695,29.440557033199863,32.6245598345553,33.280589086514375,34.77942628114704,37.990879398180795,38.68453489296991,41.394160831583946,43.624223485206194,47.17218899189064,53.560186662383,57.340193022982035,58.9484131358162,64.28988158493273,71.23582154538083,75.81989342003581,82.48804147352224,90.94724757381849,102.82500593986552,110.99430681785664,125.11482865283412,128.7935865031488,146.39723366793493,148.14405895764648,150.06556677632912,159.9552698525443,163.02656346166495,171.04429799128044,174.2177144070629,174.96119085098107,178.0441401289156,179.5511991740643,187.18288313949984,192.75838244376325,198.8846497148136,218.72164386059913,226.52921563556953,229.8314763561661,232.3076410099822,242.862817458029,244.4085436320173,248.02989826244743,252.2326013643781,257.75164273017447,259.54380376408614,261.4401689549234,263.2326148529102,276.0855495511671,278.01972904459404,280.7442184385612,290.8934613718125,297.11195243132516,301.50025214221876,306.6580641246907,317.7537531235965,326.7156729075908,332.878128905104,333.1871606217935,333.6597973649656,334.31577456917535,348.99177629810237,350.7166668793256,367.804479906642,371.8070808521106,377.4170754365121,387.17755835985025,392.34867514042674,396.83030968359304
Barker_MC_03459,11.31279485389595,14.353868520501448,28.238191329486828,29.486098315387164,32.76385880002073,34.01473510699337,34.95495861134077,37.78322910348818,38.738826913175565,42.494251457766154,44.04099047370353,47.973564761869326,54.224934700434986,57.630872680793665,58.97133440552714,64.65348151751239,72.04243327530308,75.79548837253272,83.81888625178438,90.00665442184332,103.24135551018628,108.906228456865,126.5544399811784,130.35046935194163,147.54443507046486,149.08898090230053,150.7879813173197,159.5477573547065,164.35866394730795,167.8492998967958,172.49087431683722,175.05544839324727,178.7130209974676,179.37888859244524,187.80851840699228,194.7015823671798,201.1890626966949,218.7413207979325,226.59683229456175,229.45740568631896,231.9531211232836,242.59163692661588,244.05501735839815,248.66788835102943,251.4110061908755,258.54715763504703,260.864431904741,262.69150535818693,264.40711074852476,276.9573960866938,278.8460312589425,281.50636682415313,291.4166245021895,297.48868812049466,301.7736560919408,306.8100165512707,317.65755895692655,328.0656408476903,335.22251663058864,335.5814160061322,336.1303209334341,336.50538616091393,348.67438840771734,351.5192295778545,367.20345362527945,373.0442408106998,378.84986066714146,387.28259215833793,391.7502644715546,395.622247143009
Barker_MC_05927,11.341205934193072,14.461437192479131,28.29337738662408,30.040561738031556,32.838432533114016,33.51729415884135,34.93116819278574,37.34452789980578,38.598691910228894,42.06419205996959,43.99621800271015,47.568029715508246,53.86674791070213,57.832848952749664,59.60907879521808,64.99738682181693,72.00423604271734,75.85309020182537,83.26137004204938,90.8176322811246,103.29388162527152,108.74991243894584,125.43084661417272,129.41566461185477,147.53024996288914,149.3585289455284,151.36963582643153,161.70635740939687,162.98326677338997,169.5333187995646,172.24426420198432,174.47762756614827,176.4797461848382,177.36778073017797,188.65465142720663,194.1150391402937,200.5024327836819,218.539456664226,227.7182196917469,229.7603993779851,232.238335216462,242.8010617143761,244.36391610259125,248.6397946477002,251.77232608419453,258.5468488426129,260.7466938711767,262.3362160490378,263.83462097799315,276.62764065825377,278.55280381402105,281.26459277537083,291.366524173376,297.55602722256356,301.92387051145516,307.0576389268348,318.10801933019115,327.83813483651085,334.5288227810187,334.8643440053745,335.3774941132129,335.963545674854,349.15474382465317,350.4454972693644,366.82209001464093,373.7590936119649,379.16291930011573,388.10157236606955,392.83728259968734,396.94156480215617
Barker_MC_01678,11.514232415861668,14.494751567512555,28.119236149864054,29.95417614692881,32.64346346045473,33.72846571226808,35.69667263505162,37.640043250123455,39.00192165529795,41.19232310746429,43.391335597559745,47.67584008724775,54.07930653044419,57.71499982391037,59.20514139371774,64.66308402787978,71.76048471564941,75.61664239717228,84.55158781786109,89.94706225858448,103.38444595582456,109.1636069843355,126.30392759493228,130.43434306028453,146.88496649492353,148.56632759701262,150.41582480931055,159.93521694038984,162.93479746094735,168.57658135693342,174.5248552530581,176.97685880415077,177.93537478976637,180.1791409433068,189.46044973824183,192.334978358341,198.51452153882713,216.1943484464375,228.155314059359,229.60010614074383,232.1725899381009,243.1383471420891,244.19031337169335,249.23630849683343,252.35461903623911,257.0968037681011,258.63670139320755,262.03589398122244,265.22751067270025,277.4224402746008,279.2575995836246,281.8426089328948,291.4722620813211,297.3723979243118,301.53603893725847,306.42979709465544,316.98398035575036,328.83781800008325,336.98883414902605,337.3975871712445,338.0227388522843,338.51180138377936,349.7122355491311,351.34701178414934,365.8220327572112,373.2411884266063,378.8404472780472,387.2134360850183,391.649456645003,395.4940077969897
Barker_MC_04201,11.339081130978586,14.722478045062951,28.321603211832574,29.932482778202015,32.62360091163472,33.394187907807776,34.72843212440317,37.97437655512939,38.898158094751885,41.39229504866473,43.932339697988695,47.68356266259458,54.05496608771353,57.79956990573531,59.383357351422994,64.8705778658418,72.0060509302191,75.90184655896176,83.21657088216533,91.26036523813757,102.66206140980428,110.06252640328808,124.7018974565808,128.17706905253905,146.65483669532702,148.44145659234593,150.4067384790667,160.51506733155986,162.7416002571576,168.85851307717337,172.30732214249673,175.43389457875776,177.2409265674822,178.20444833535095,189.04958771032935,192.96985028548713,199.25544916556217,218.18908672934916,227.28790089437769,229.86821388205652,232.2550576709183,242.42948500818488,243.63778063091368,249.03716282584764,251.8571776330844,257.6945427074878,259.5900708497295,261.49944938955935,263.30104186352224,275.9953988127659,277.9057146643511,280.5965896811002,290.62061264425705,296.7623808122569,301.09653828198253,306.1907138862097,317.1519697227647,326.3144259263386,332.61477613528695,332.93072290092744,333.4139356013187,333.97471334228476,349.98287381307085,351.5151239931167,366.45190343494806,372.7584865625845,377.6964507839984,387.03412283404504,391.9812338539372,396.2687300711772
Barker_MC_09031,11.292816461741165,14.61986573691756,28.04612049990393,29.64484431657208,33.27908476610118,33.996801933714465,35.16518833056825,37.246823565962515,38.25709154241848,41.17910749938578,43.89208856215943,47.5525367085629,53.87850445343319,57.88329199106851,59.68437259806013,65.03498945484043,71.99282582373343,75.34166029193337,84.25957489653305,91.03859988146877,103.2427090613493,111.33770244138354,126.63385018276712,130.30652911499058,148.70619619907555,150.4158726555226,152.2965167576143,161.96989535504392,164.15262540214212,167.69027413672376,173.35278190363317,174.79584649080527,178.06470944870603,179.18297555492805,188.5012225844296,191.36887628976925,200.03385862124455,218.46181721980005,227.20936555697625,229.44407671271648,231.88485827198417,242.28920678309973,243.57757768356484,249.11793448540828,252.1211547674708,256.6315944527791,258.0962390738386,261.4321685860206,264.5684383407525,277.1361229604158,279.0273764711418,281.6914002335624,291.61539715006023,297.69587886734075,301.9867873701708,307.03013006544023,317.8862383325124,327.49146394006414,334.0962742462711,334.4274889223936,334.9340525446985,335.3641983321515,348.93465769864065,350.67528752073974,366.40951546531494,372.7157934766987,378.4879764897552,387.5806588069344,392.39797394186377,396.57298039213595
Barker_MC_09715,11.484145625217144,14.394026727347896,27.910900403545952,29.8770020363074,32.948472977022504,33.832214337157794,34.942726502099546,37.046543633220075,38.52696835217571,41.30830887483864,43.92942970264288,47.92466030763827,53.90470486215549,57.48272228944828,59.020056657195866,64.45882855625845,71.5312999991459,75.2861332742409,84.80053623102104,90.1632537287088,104.04516031198482,108.5707022158126,126.1395198536026,130.09512315312082,148.03475195273273,149.67338700252554,151.47588555729757,160.75533095243733,163.94684706526365,171.12955578017034,174.07496273342383,177.23891682704718,179.4199439835733,179.76932279860168,188.16562010238903,194.34642920070743,199.67548183450424,217.1059371747431,227.60188907207512,229.5400594912585,231.89881104133937,241.9534892590569,243.76751547933313,248.4497663445906,252.2934201518623,257.6570951969559,259.3988051746984,261.3586037331674,263.2105405316174,275.9600401838517,277.87865420918786,280.5812180513282,290.64878411975917,296.81723136250685,301.17021587160303,306.2865199391663,317.3053634682913,327.7669041618759,334.9605396489452,335.3212824314826,335.873006687128,336.313114589722,348.9287958786781,350.48656200685275,366.1693114851894,373.9347896527547,377.2943049523806,386.93547182841536,392.0433748090959,396.47022405901913
Barker_MC_04692,11.450691517328169,14.362544067072546,28.272528667708222,29.614160624382016,32.64410922126058,34.36902380408954,34.92067269683837,37.35679705927775,38.391961897130805,41.27188603779263,43.32051028280289,48.21740484773077,54.0018447259196,57.38201068545618,58.80516240012474,64.3202312548326,71.49191775030823,75.90579232878501,84.06766585842023,91.1738177182094,103.1061480252026,110.65430498402624,124.92769019258556,128.33932449465868,147.0448780901283,148.66211477070152,150.441075119332,159.60447479870868,163.45776052637706,168.44283346221235,174.84015811735063,176.7503585354318,177.3446474453176,178.0461892778819,188.22461258797048,192.0017328552628,199.74766068125248,217.9065425765095,226.218866411761,229.95148051855068,232.2277104710004,241.93062289542587,243.39478392320092,247.63110522161847,252.410172253285,258.75093633056633,260.8099298316761,261.73475015324675,262.6197198278753,275.74300158228374,277.71786437056846,280.4996603411632,290.8623812087219,297.2116712484762,301.6922739186707,306.9585746874301,318.30020793546,329.03637541176704,336.41885162772655,336.7890642993234,337.3552719147067,337.8199615357738,349.1203677858966,351.52834269281914,367.6960691856991,373.6253871311992,377.8020110005722,387.05807340854216,391.96194753196994,396.211971772274
Barker_MC_05576,11.538063478117843,14.581270353847364,28.01679794418664,29.771970668399906,32.513168555314394,33.76405056564584,35.633523413144836,37.927255853681565,38.6064494397817,41.14608363272455,43.8787647070524,47.28675659950657,53.76645678787965,57.30626426345066,58.70282550400031,64.18544658387688,71.31493863451485,75.47738590737674,82.30158417868311,90.46485188310103,103.54852834436898,108.78718536725825,124.56180678846512,127.91421056406324,148.17478003031795,149.92261624293215,151.8452360768077,161.73457155419996,163.97264498755328,167.6926309492794,172.2818625832751,176.12872452690095,178.94907025908137,179.50386106713128,187.3456831276056,193.5855542844052,196.9513211721117,217.68115784086817,227.87838366293988,229.70656394084955,232.19147667775616,242.78394368338343,244.35110144978913,248.92558075248417,251.6699560891219,257.3591541906361,259.2065690723086,261.3521363784159,263.3741537162298,276.03343220321614,277.93846925708294,280.6219085480138,290.6182320134658,296.74302856299477,301.06520940563905,306.1453082159507,317.08515037659635,327.3429739905043,334.3965281590941,334.7502462147461,335.2912267704491,335.7603404167904,349.31726157905774,350.66008907710795,366.4863362464269,371.88167903774934,378.82644566684303,387.20689655732826,391.64687053904214,395.49484798986094
Barker_MC_07078,11.316104664461887,14.765420555643209,27.650319731360376,29.494949804426653,32.72077078637453,33.43876925296554,35.017505336830475,37.3155156202076,38.55804079452885,42.48209238127669,44.14394658312666,47.67971996457365,53.50958768360974,57.5253212976012,59.444373623734144,64.77005263674212,71.69546032666123,76.2618458062342,83.64988124592455,90.90858886136591,103.2362098290196,109.65188569733036,124.4207841431689,127.81236288151244,148.31009981283884,150.00787509840475,151.8754279125272,161.48338555045547,163.91359113378294,169.50293109308888,173.86967345995856,176.22208834966273,177.0356936350443,179.89895731464577,188.2069504398151,191.1386895354554,197.38124505713833,218.12438400184064,227.83182833052356,229.98153418577405,232.4013775100958,242.71647235868755,243.84690523952935,247.513854997946,251.85027544877943,258.24176743455985,260.31723346684277,262.10840516388447,263.79671319672195,276.55795796527786,278.47833945957507,281.18339296229493,291.2602334915106,297.4343632419932,301.79135781507625,306.91237513320226,317.92734688824874,326.6279690443653,332.61074979674555,332.9107712504047,333.3696275912952,333.87537190752937,349.5530634618745,351.81264614002924,366.3612857127912,372.8450120262018,377.80419973344334,387.4504555052216,392.56105458960747,396.99024046274184
Barker_MC_07555,11.316769053763611,14.625444042954324,27.90303551136663,29.849461503356032,32.53769893226904,33.32204767241442,35.42401644416077,36.915960497227026,37.975596498774735,40.971181933080295,43.90158503499101,48.14600193362332,53.95819834248129,57.93569539599549,59.82837706551464,64.87399713889447,71.43522172100816,76.14139882123303,83.04082592689603,91.36776170394778,103.77462228121487,109.26359415431408,126.33462486810096,129.93069716963575,147.99873255413007,149.68016428587228,151.5297391907886,161.04501048504443,163.424981112501,168.4673703784655,172.2270517175755,176.76329796392577,177.36342884328332,178.2444697939974,187.6643053440723,193.4410689864631,199.51019116232828,215.60394150052505,227.76943164739595,229.7618970818431,232.0945352934238,242.0378998732973,243.70737166718737,249.0434576471833,251.3541515896127,256.68035776457407,258.4099007291371,261.3479507653478,264.1085889058971,276.6367626954565,278.52207040165234,281.17771889102505,291.0705163170849,297.131881953134,301.40930051235256,306.4367877288748,317.26663536441293,327.83527479798795,335.1025542462271,335.4669900887642,336.0243625538209,336.5630834148719,349.90008392013885,350.8146395405411,366.67058241702784,374.08318826078875,379.0407162238327,387.670089803708,392.24194335595973,396.204216434578
Barker_MC_01828,11.47296818786192,14.694458225791724,27.89003838037457,29.600059064491308,33.1817468419221,34.32286284988511,35.919388176727104,37.662770030060464,38.829937483844965,41.10306184160512,43.160399113697885,47.1389705830746,53.76565192176452,57.93955972338638,59.809184722004446,64.7306486247099,71.13042297727745,75.90670794497913,83.7430700363616,90.30330591556539,102.5841986291624,110.80315478694584,124.55037099528754,128.06733463948274,146.9518691756337,148.71230499098303,150.6487843878672,160.60826122213157,162.70512444818945,169.6964464557661,172.11931953977128,176.3717991898003,179.12916731134982,180.16673392449553,191.71250140826103,193.67139005379713,197.40531991426047,216.85198887319615,227.5373423373287,229.91160913623344,232.37030624283904,242.8510235701495,244.25184506050496,248.9158944481156,251.9039452474784,258.5296255263705,260.68113794165646,262.59259709051616,264.38941234949186,276.80793202734395,278.67673838663234,281.3091430432645,291.1153527565199,297.12366567509235,301.36364569455327,306.3471293193224,317.08653955072543,328.1121717610158,335.6936916784365,336.0738858925845,336.6553593965754,337.2612046918943,349.4496527565081,351.42872093432464,367.5894516351104,371.6835772736854,378.50370322599656,387.47252832337114,392.2242237391987,396.3423597662494
Barker_MC_03544,11.42467194120473,14.678654797864032,27.677655764995595,30.11874552280598,32.95518156791273,34.14743293417835,34.82656548757242,37.85248912128778,39.08817885606742,40.86530486114222,43.62292231795356,47.51174467184248,53.57072686755134,57.22356845009313,58.80307935177572,64.17446300559567,71.15930410676074,75.68428023563442,83.25036145510124,90.70229012959076,103.5771070133752,110.1215650131944,124.51547698144807,128.34066211881284,147.4482417296535,149.21647926341512,151.16154055055287,161.16978540294437,163.91074463251493,169.05148793333728,174.50156971796474,175.98907346271736,177.30856007560777,178.11158101821832,190.1441886623835,192.74532395562952,200.293111189985,215.58450748940223,227.98957818886623,229.57594187165543,232.1585293363648,243.1673555630495,244.43036773884597,248.1610793259376,252.2580119787227,256.63863206482284,258.06112124407304,260.95826442641527,263.68776481582097,276.32304802922584,278.2244741438644,280.9028270580328,290.8802027993623,296.9933899851359,301.3073782667353,306.3778479057716,317.2979126342659,327.6573431680517,334.7807649752593,335.13798671780364,335.68432585345965,336.10758619935194,348.667273220114,351.3954500725259,366.87635146025326,372.96306048924777,377.7234694011189,386.609120239869,391.3167498233128,395.39669546229743
Barker_MC_06198,11.324835134070714,14.672936234549946,27.853958954271377,29.70210898117863,32.75653562365361,33.4826194411239,35.216082490142135,37.16675903233991,38.113012354481,41.11329745145785,43.421351155768846,47.343857305713094,53.62119342355873,57.702207145944925,59.57479321469501,64.67614019540537,71.30983094598687,76.14134381351667,82.77221459853499,90.31859622294311,103.4884167294659,110.79518650242434,124.31567985284988,127.89175620959838,147.9429738990273,149.57216209068244,151.36426910150308,160.5874668927707,163.38347132775,169.58201296123966,172.4105612534394,174.65050810620667,176.97702720096024,179.32388609574966,191.0596932946585,193.804918005421,198.1837457410653,218.4104152786331,225.68084340155295,229.88598661946097,232.31205279606937,242.6536738709338,243.79484347925575,247.5119288215446,252.1451850939215,257.8303573725189,259.676464975901,262.8701253984595,265.86545584890433,278.2833405471563,280.1520513512622,282.7843214086587,292.5900297140745,298.5980354175977,302.83779863981647,307.8210274507655,318.5436699993162,327.520906921835,333.6938953939117,334.00345528779167,334.4768998313728,335.08955342737585,350.0133311573097,351.0324468491186,365.81716599775433,373.8130535171414,378.1633425916979,387.82632108103087,392.9457798833264,397.3826441786493
Barker_MC_03528,11.354033874356784,14.431223973231146,28.010676745778905,29.91658515753288,32.839930474223074,34.312989221656345,35.36493073408029,37.01717957604142,38.34084222895779,41.07642453571535,44.062738631192495,47.46474732580115,53.76697325968218,57.40688973480024,58.92234570000598,64.44632793438483,71.62960521255049,76.26758776187013,83.12511485238902,90.07858685280004,103.02118975349836,110.00836978237228,124.85899353550036,128.35372385132928,147.99276425480218,149.57532468220853,151.31614115235547,160.2762640789996,163.11498234101182,168.44840538993105,172.16483416000642,174.36306290377507,178.1798515488905,180.0285110901991,188.93561171447257,192.42230212956656,201.063925999917,216.50394184751636,226.22060340060128,230.05601702634792,232.5190090865399,243.0180345634598,244.42825495151197,247.80938545180288,251.64101562441343,258.21210434272746,260.345889609191,261.7200954961593,263.02071792927796,276.0186812575083,277.97468544767884,280.7299171564138,290.99368107902933,297.28233971194345,301.7201556702875,306.93616684407573,318.16787579448186,328.5970465462269,335.76842359458703,336.12805017223343,336.6780672909867,337.0742804774771,348.46606579718235,350.9745444758773,367.7722139168429,373.797224338511,378.23454122578823,387.1415872525118,391.8605520348818,395.95032151293583
Barker_MC_03251,11.447594941191154,14.452981702293652,28.317142212480363,29.674800106239655,32.62412031371053,34.41339075371323,34.743605089903326,37.88929240448391,38.92439561845779,42.200007080105614,43.17723312827338,48.16341463339442,53.84657757945595,57.35369647102298,58.90042742072291,64.56253522688289,71.9254282675928,75.83855665202589,83.05765774564571,90.85975377822061,103.17161526088572,109.66379443940107,126.22442431027017,130.04059632019093,146.40627358334834,148.14315017575416,150.0537144274005,159.88648777782478,162.85736755222396,169.32715042489437,171.66247050712985,175.61065894140302,177.84400055598164,179.3520923260391,190.00391828125424,191.13113249042297,197.7115749858162,216.80953686179137,228.08792675590135,229.83283510003923,232.3266394483944,242.95700883163695,244.05976556134092,248.96224851760124,252.23946496177956,258.21519948260317,260.1556594008041,262.01054853351144,263.7608334827634,276.5107052622486,278.42937528731676,281.1320180107999,291.19987792728665,297.3685052121832,301.7216167744347,306.83807017461646,317.86099513620536,328.797573595435,336.3178577692256,336.6949811643715,337.27175812165336,337.8365041014448,349.3366204094345,351.0895586202612,367.0404296810112,373.95017800625845,377.8403245576971,387.08514930427185,391.983069699808,396.2279340426061
Barker_MC_09511,11.276208947215228,14.560572727081476,27.646939139824184,29.56460633758618,32.97051315413839,34.47705384914247,35.76394704158909,36.97415366836978,38.15578894710389,42.26295359229427,43.0912042513153,47.50218906491446,54.17945679538678,57.81681915021866,59.248033374080926,64.72665354621492,71.85094289552983,76.36834962098004,83.511731374441,90.01761314774029,103.99705859435812,108.3139457014227,125.15244523278125,128.94916583264856,147.27920477879624,149.04402114318148,150.98531914400516,160.98291207216766,164.91286810290697,168.84644749762575,171.38258190717315,175.32292045838892,177.47411316908506,178.19983140455793,192.5343569817719,194.28005094854095,198.90756196340223,217.16376138799208,226.99840965241805,230.07810550349345,232.34262315069748,241.9956093925926,243.44279718696785,248.8970202668577,252.1211536784028,256.4701415415962,257.88235900270695,260.550782506811,263.0696369635181,276.05585813877207,278.0100953059219,280.7628379822298,291.0173297840485,297.30030734294974,301.734114249064,306.94541336146364,318.17312592983996,329.36942387886774,337.06829812779347,337.45437736741513,338.04485149860113,338.51025323265367,349.3009647102232,350.73947288294835,367.3295388163988,373.0992240230323,377.855894058553,387.17283157076855,392.10895740505487,396.38693312810307
Barker_MC_03335,11.39880841596868,14.568826567261087,28.14344161886754,29.466686134127933,32.6896308338307,33.817861642511254,35.23091264785993,37.43651169530172,38.402268044653134,42.50818842454584,43.521000108901205,47.31511333654266,54.15530710437541,57.79764715960033,59.19662999317591,64.53346584090382,71.4733816581013,76.30271366442172,84.63306387119036,90.4749577305812,103.42885758597728,108.80536083444072,124.626057133796,128.20160550487955,146.41862049243807,148.22556203843797,150.21319773903778,160.44648382310052,164.06668560125033,170.69555096303682,173.34978127279408,174.47474749732172,177.77941785750065,180.16518462380225,187.334633890327,194.8525885565539,199.42388074599435,217.3554534990181,228.05950870931025,229.6512977905257,232.1471321025319,242.78615463591447,244.30278617042555,248.48457235320885,251.48884849450937,256.65033664227883,258.32639183417444,262.2258646809367,265.8807258988924,278.24875684789646,280.10996538876594,282.73166774203384,292.4980093328331,298.481894856704,302.70463681502093,307.66785959067306,318.35770533280106,328.5932536256002,335.63149068697726,335.9844406281083,336.52424642042627,337.04483105706527,349.4909553038252,350.5936077181676,366.65424041121054,371.6338493262164,379.111567809172,388.06147822716287,392.8031526208004,396.91260376195294
Barker_MC_08888,11.398614112844612,14.741194370609938,27.727811508311476,29.625802839166784,32.803837809229094,34.318890974662345,35.03404656781384,37.025539676351855,38.62161205700264,41.69995015793197,44.18742966499757,47.961880769735814,53.72977584428583,57.595735642676814,59.409171165387235,64.73590235347837,71.66267827107217,75.91410667085324,82.94657988474901,91.19642164302856,102.68022710109234,110.12644730108302,125.89393389426697,129.4515791836737,148.05411008885784,149.62216237870553,151.3470198975379,160.23547349895134,164.4838453828022,168.30265984323918,171.93464384160623,176.40026444608688,176.88864031779886,177.72659396090742,190.544896148343,192.47488465085888,197.79708016670887,217.59626218538983,226.6067606924423,229.3359694470588,231.7046995029255,241.80191321564527,243.20127331806765,248.71326565056992,251.6978268360274,258.0419826874751,260.102077576506,263.12384232797064,265.9542930665587,278.2506021520845,280.1010175969937,282.70751677208096,292.41722362278745,298.366408762872,302.56466315938655,307.49910434581113,318.123290692372,327.83618266646255,334.5150272490522,334.84995455850355,335.3621963258998,335.8975842705153,349.37010090861696,351.219901143912,366.74485160312247,373.3286002708843,379.19028555797314,388.35203739267286,393.20594564946754,397.4126661386894
Barker_MC_07321,11.31188792878344,14.596393745837442,28.286832850832248,30.221876809140845,33.22785230040449,33.298208719404755,35.10851456627238,37.8707624185851,38.96809419181247,40.99553345162371,43.14720924783694,47.59209732995636,54.24718397241753,57.54547549058983,58.711375176519134,64.2753312875266,71.51058980450208,75.69361012386395,82.78515132577583,89.93027354273713,102.85149678994536,109.01600069787597,124.97530833293776,128.90412442438927,148.16354044852096,149.8530650790305,151.71154217259095,161.28303226053634,165.10302853389717,167.7811397531095,174.01028631187287,175.50245595840084,177.11733421664434,178.84889522878123,189.084754548196,193.59282018891463,199.17446534299117,218.2088680515716,226.0161849550461,229.60536493597996,232.07592478461743,242.60720956313128,243.95829251290652,247.68670923761368,251.64084900452207,257.951436215048,260.0006305859936,261.871914453422,263.6346028389727,276.2693215950367,278.1706627670657,280.84889603089164,290.82582605186127,296.93874014257835,301.2525357049239,306.3227788303347,317.25279996443936,328.9305064250437,336.9604100561691,337.3630895892934,337.97895240465994,338.50412727703554,349.9307114836993,351.74895868320476,365.90750879497153,373.8768517092967,378.2971333702308,387.3753718169792,392.18503457022337,396.3534089563683
Barker_MC_09045,11.476536203043691,14.688605472161544,28.292444659021207,29.812807684909952,32.65600223720152,33.87994140383492,35.33074298870776,37.6006897130442,38.547340258202595,41.355529453608185,43.42987782745062,48.149958303772664,54.1670202079,57.888607614484634,59.53245110306788,64.74409735606692,71.52121909951052,76.50013762546064,82.55267178378061,89.99046531820032,103.74296965214909,110.651586980954,125.15329593010227,128.98091717103742,147.1045537990971,148.77867776605171,150.6202141297017,160.11052345074276,164.72741461489267,170.11477018182538,172.45516097344253,177.6203443011398,178.81030720982804,180.04273645306682,188.0494982205772,191.6474886494542,198.53393100156293,215.9895432694239,226.12026755540728,229.16692262989943,231.6988346294051,242.4916459493317,243.89333937392544,248.3756330843891,251.6073324648196,256.6933742063445,258.3449301962123,261.11710394776287,263.7267327319231,276.56790072906415,278.50030950533295,281.222304663303,291.3622560914662,297.57505420011535,301.9593364774564,307.1124265475066,318.2086763866439,328.51579836090355,335.60325140202724,335.9586694011397,336.50224987037035,336.9040132702432,348.81982490135357,351.5090893212276,365.84400401863206,372.7061397947108,377.9067390766466,386.85127937398113,391.5901086705822,395.69709406096973
Barker_MC_05292,11.274182745626192,14.38378556278466,28.06828738120525,29.712671795096572,33.20331213958076,34.006214380584375,35.46660851016072,37.39507082538219,38.61614798743365,40.96662197226336,44.30920190711498,48.02096769993976,54.06681379015083,57.70413440665968,59.27410677369071,64.69715264586516,71.74917427432015,75.38163800479377,83.41769244356996,90.43659830344997,103.4114838369712,108.27940367319896,124.28573265241356,127.77592491360528,147.6032314539924,149.25292506588843,151.067588038974,160.41609723595806,164.5120168075172,168.60994838198334,172.21269392318254,175.73969846425624,179.0440144660703,180.12903748548894,190.66667954260657,193.53118682221148,200.810296689768,216.2974329943529,227.6108853107263,228.963474005288,231.4790869026515,242.20241984649735,243.69757737600705,249.23641937527992,251.65588884643643,257.3492338135881,259.1979952789362,262.0120812905251,264.6550408579889,277.1926597759267,279.07938883639304,281.73703944844783,291.6372951635832,297.70323053002886,301.9838738822698,307.0151513768468,317.8559113817056,328.77944703272436,336.2907626223701,336.6674362655087,337.2435253667794,337.73579608084987,349.32076222151676,350.9658580106177,367.2495760647443,371.8029776438868,378.9438917949286,388.2037986973214,393.1097096389864,397.3614991217629
Barker_MC_06980,11.500918138497186,14.695842685076103,28.124147296517712,30.057938661073596,33.304547642125556,34.14177047378283,34.785653717264054,36.79116380415443,38.20894557328435,41.84594864736923,43.557112600571905,47.74404053546365,53.67470694801861,57.36543632988128,59.00352282589125,64.29765943512082,71.18205000681859,75.11868412783063,84.78330789142977,91.13170904944216,103.93121316545653,108.55488560024511,124.38641172476,127.76593636814802,148.5118643235199,150.18901039825832,152.03387108047056,161.51913522924497,163.10416966767144,169.39278706183936,173.4168040892128,174.406819796533,178.35061523901462,179.45735185163818,192.61853334303544,194.12009638856887,201.27294259235907,215.05816408360096,226.25613367609785,229.4894583089278,232.04468785668635,242.93689516619943,244.4668069896088,249.1226618284415,252.08906602695697,258.6054407218229,260.7214590729232,263.2512728982298,265.6229280984253,277.87697824316837,279.72103433291124,282.31857570663516,291.9949130377591,297.92365250908307,302.10747869118796,307.024961597169,317.6246067513813,328.8156500595418,336.51091107671493,336.89680912182394,337.4870061319906,337.9655396144375,349.9017414711537,351.25955413391983,367.62516427471144,371.882276461991,379.08660889871095,388.1404773245203,392.9372288083928,397.09441342774903
Barker_MC_05143,11.295433577628552,14.56138848387272,28.23193771331988,30.080052162606993,32.63280151336853,33.25100368479684,34.95395197601412,37.768020235378344,38.36714362540524,40.889403499888125,43.85512962486102,47.376960604013185,54.20474160230032,57.9708361741764,59.47101535797993,64.66048629172322,71.40877168845402,75.45963301337214,82.73287588125488,90.31606980635344,103.14421413586368,110.24607732641098,126.3833512912272,130.19258339748197,148.15263943252162,149.76167222289092,151.53160829229708,160.63603637076983,162.75786840043,170.13595033323733,173.49218349449046,177.17983517308872,178.42158721374784,179.64323157292918,188.54890463578104,192.84535832476544,196.91376139591924,215.66495998722684,225.88150525828576,230.07468399469772,232.39668429456353,242.29470252195753,243.85577475214313,248.3574985364183,251.45953186815825,258.708778974016,261.0627780342207,262.55668351229184,263.96240980413364,276.6414890814986,278.5495058659564,281.2371424118057,291.2491014528317,297.3834779964112,301.71241930308446,306.80046406163865,317.75227456095354,327.37676021177,333.99481423941046,334.32669305495585,334.8342724199076,335.4809208167278,350.3431505604337,351.83783062416694,367.7410215908442,372.7855338348862,377.9841436736357,387.0202098285713,391.80752964575566,395.95654015398213
Barker_MC_09286,11.48588420494052,14.786425402295238,27.90296897151708,29.961476406352364,32.97474133288932,33.989744973913254,34.93259176449955,37.2995711240584,38.3181633246064,41.73872159054742,43.08609540922189,48.03750325994708,53.93459815593532,57.44457320499709,58.94644587455428,64.66367901414566,72.09825594851924,75.75648433830791,83.91042931026837,90.17566567387387,103.59861279028758,110.84744476657376,125.01857026431728,128.70302969299004,146.5966577887121,148.39927565950117,150.3821553173691,160.5803907937093,162.74369926860652,169.05116303468105,172.41019362385953,175.83385550795455,177.4333082485082,178.3829483714064,188.02015522841964,193.26162983300145,198.91177224174385,217.23446245215712,227.1469515657928,230.2097583406471,232.40111189893213,241.74222071094357,243.60309770535815,248.69051392816263,251.42413827691965,257.092347382319,258.9329466490169,260.9804748559865,262.91282177179136,275.83347345430667,277.77784336769486,280.5166870091342,290.71940225358,296.97065606114,301.3820759721607,306.56706240786264,317.72226559146077,326.86466531095607,333.1512241444426,333.4664793071838,333.9486342619645,334.46558242378956,349.71929298372277,351.2101971371407,365.82046186317206,373.3984904070815,378.10025913620393,387.39100654433526,392.313256826789,396.5792070715822
Barker_MC_02883,11.279235394320729,14.7131029966535,28.196753281008384,29.831728594869656,33.25424524546895,34.06330700847277,35.09102537929276,37.209131059735775,38.54803449237962,42.27060828389064,44.013973213488526,47.87122195956936,54.25741593106166,57.962676848714096,59.51178260009755,64.59960673076631,71.2157126345257,75.59122339395145,83.03535906092847,89.96146798258793,103.06324784549398,108.36954533438151,124.96034878891815,128.35757471037547,147.5242819532838,149.1888483314214,151.0198713473727,160.44142739859393,163.03417882129585,167.8483814683784,172.89439463623714,175.64031491388994,176.94700447337348,177.59345824455315,190.0164817587275,192.5896728600578,196.9514001990408,218.43914989933924,225.9280249776271,230.18945508730064,232.40621909762473,241.8556453450232,243.6174484740288,248.24833784508633,251.571553426368,257.05043435767925,258.82955436489465,261.61457752366806,264.2317119035602,276.72245519542116,278.6021301568177,281.24984434975266,291.1130850074034,297.156341066087,301.4209799569975,306.43344652072165,317.2206324713379,326.45650202142144,332.80733321306093,333.12581147340865,333.6128958715875,334.1116265725772,349.25159228418994,351.0189388831008,366.8026283272092,371.80114168265334,377.90061438023514,386.8626281121736,391.61071485757145,395.7257233702496
Barker_MC_03165,11.333472184314378,14.787598743149957,27.68038904989391,29.681661694373144,32.5498084795086,33.91955868583455,35.63355287336578,37.20383874131239,38.35379943091677,42.174933778763915,43.43015071185251,48.09408055033735,54.05851805298104,57.8623560304777,59.5833245531952,64.78670959314616,71.5530886184816,75.6898361798031,83.01659163491763,90.51229990043075,103.82178554649296,108.96792514574184,124.58419846305986,127.92902119385673,147.99455433611703,149.8176873783333,151.82313372477108,162.13178547122638,163.54551648418442,170.3234446299761,175.0025643284423,178.13169067427157,179.05904537929706,180.13675139544375,188.23776272952563,191.8327801797521,199.11442612210072,216.90550124853723,225.3763816020257,229.02692190600072,231.5659820771551,242.3892639931774,243.74186236657263,249.23690541671257,251.7151490143504,257.180922245173,258.955785877322,261.2381179712169,263.3902477674396,276.3304531908177,278.27776565744256,281.0207541856991,291.2389099245479,297.49962419896553,301.917720225394,307.110553469727,318.2949489448209,329.00554459300906,336.37043693527227,336.7397678196926,337.3046268193942,337.7379671819194,349.6650031661024,350.83573594464167,367.0613749550396,373.24117363507753,378.15382999210846,387.4923537507232,392.4399160069429,396.7278032956666
Barker_MC_02128,11.444500213999916,14.638871248526064,28.04729264336123,29.475159668726512,32.61848768402044,33.64424253231823,35.82978729616202,37.90908324825408,38.84232470499243,41.49789730125014,44.1715662081014,47.97297128623352,53.589291032051115,57.3299157335178,59.07685897239074,64.37547607765212,71.2656929978019,75.53442736525206,83.66578231561799,91.10060700629742,103.67027724611594,108.68014481102264,124.60202834006688,127.75898277063104,146.39028765560727,148.0619975866626,149.90087851082336,159.37814292740904,164.0760900185161,167.78550715946307,174.1940564414143,175.2308475926887,179.24620003751195,179.6365146214467,191.40805824837025,194.3572126890842,198.31692040645305,217.2444471166156,227.65675017229944,229.51238306498905,231.91150097252537,242.1382493410912,243.64622046617495,247.62878370850703,252.33303834671835,256.76555670826673,258.2048984640462,261.415278628929,264.43553319006367,277.04187579555247,278.9389467701648,281.6111650247264,291.5656879882839,297.6648731647259,301.9689804297068,307.02783636200644,317.9283254868387,328.95044921480246,336.52955660583626,336.90962983783504,337.4909183103037,337.84168375471177,349.1227264571992,351.07473329811916,365.8158334042227,372.5229583215333,378.0713197982065,387.2550973332485,392.12067483525743,396.33750867033194
Barker_MC_01860,11.432139850742738,14.593263860491048,28.13464293167296,29.468942686578607,33.19813387010555,33.30590652365098,35.31124883400729,37.21415288320013,38.649170221609396,40.956504988049495,43.83483201598073,47.37925655907081,53.711600037524825,57.58470207735239,59.27942592459419,64.79705918779405,71.97208038936954,75.5897866874109,84.18608342158274,90.95051331636844,103.64570587698432,109.4749511899107,125.07458629135805,128.79335685501854,147.33239413379715,148.96039893024846,150.75120420634482,159.97674293530957,164.0100453776922,169.72734154193026,174.89668304184502,176.09828477431466,179.3524221190453,179.74993707435078,187.60801903596013,190.62679874493645,198.59996857804452,215.4104987632085,227.99749061280855,229.74583112283696,232.186119607054,242.5883662813013,243.9198260441118,249.04857864978243,251.59613457790493,256.93530440196423,258.66905696475834,260.8164214456696,262.8445053979813,275.9009750248572,277.8657835609404,280.633417090262,290.9433801613225,297.26034523969776,301.7181366495211,306.9576260790765,318.24309278444406,329.12346920651413,336.60510735475293,336.98029274861744,337.55410570393957,338.03320865098306,349.7646044111096,351.28186487739526,366.7471202312247,372.3037458561555,378.90744557189976,387.5007729111929,392.0535291174408,395.9992511628558
Barker_MC_00984,11.422633931129592,14.45054604418851,27.809502531691408,29.500030385526493,32.581446349933195,33.28691538402585,35.385333408641905,37.108718252650874,38.13080788806431,42.44514372952646,43.11357569896782,47.592159474755725,54.19066310788399,57.609620327694934,58.88420135720426,64.53046503450686,71.8727546833186,76.34875654037835,82.94371796712564,91.38143119273904,103.71513961102734,110.5999457458298,125.86437823627485,129.64242051696306,147.56804421594018,149.42254240121403,151.4624904050152,161.95579862329157,164.39550286983203,170.95320254203082,174.04594609162783,175.29449360449746,177.04573305388837,179.10681804668133,189.3246661109592,190.75452345164783,198.7623630929263,215.84233536141352,226.92144851767353,228.93244423922633,231.6143896561858,243.04675020475017,244.33041115871904,247.9682553789657,251.37476453586137,257.99340549873364,260.1426320844633,263.02708298850774,265.72879999482376,278.17737330733263,280.0507023009626,282.68947755005433,292.51941893598365,298.54227236711665,302.79251341718043,307.7880574001937,318.5443785135422,328.4503113162079,335.2618959411646,335.6034798309117,336.12590225052486,336.57132910391186,349.62632522423223,350.8283643296595,366.52714298426815,371.61918829337327,378.97827733878296,387.6924822802326,392.30927960020574,396.3105039441826
Barker_MC_02981,11.330058196864126,14.507420380490895,28.25451674053448,29.93314195807627,32.97200881009661,34.030449684417995,35.75546886899521,37.62489617144568,39.04084812172501,41.85545602103689,43.9483207101046,47.11595375123024,53.698454444565186,57.280369234020306,58.68781050511841,64.40421075138482,71.83770460774646,76.28423873901417,84.5112531578493,90.88293149667788,103.33038186235302,111.077674693405,125.8123802243249,129.6754293260321,146.74732047954708,148.5412747339163,150.5146244137224,160.66385890290488,162.81856083033773,170.67159858905833,173.05216310801674,175.7531852423261,177.62986079264573,178.29804286426156,191.54619923748604,192.91242733198425,200.33555620729408,215.9512845748041,226.86523321595573,229.23362017770503,231.6979523508548,242.20269034317948,243.94979499716416,248.8236533245226,251.74082502435752,258.8209422845196,261.12002095202604,262.5125269649165,263.8244034764097,276.36715684975,278.2546585709808,280.91339755465003,290.81770766175373,296.886127174098,301.16852355237444,306.2018614756566,317.04369490728607,327.5466813292579,334.76881600886935,335.1309879544546,335.684897988879,336.20251705043216,349.2664686278351,351.0289282688669,367.7162636110724,373.1494494684956,379.0774712390968,388.26988281510506,393.1400346434537,397.3608328946893
Barker_MC_09341,11.299545975070354,14.556394036305528,28.069275804297774,29.62520421331191,33.03234909482404,34.09260577366047,35.45103781589908,37.870997818938086,38.52444787664237,42.27817338013838,43.75859408766985,47.90333404177784,54.22493451416458,57.982570207991074,59.58787048367828,65.01431505456846,72.07075628363475,75.66231168720137,82.36455611588529,91.15843561609849,103.23866973134224,109.98018239485252,124.98708654031634,128.55014604883704,147.4938000243056,149.25417058644413,151.19057820479648,161.1539504170835,163.83535253433965,170.25330332574794,172.11250202082974,177.52284231674346,179.29715831282965,179.35451452866707,187.33894323447197,192.1762034009644,199.4202263668831,217.22621371827807,226.21940041228984,229.8406898893211,232.20636486256765,242.2905556383556,243.8202493665212,248.03791831666237,251.49970811947867,256.9460029238754,258.7145414581445,262.09258749666884,265.25989606307775,277.4702884669854,279.30777470252485,281.8960617654891,291.5379250229437,297.44554205978574,301.61446244364424,306.5144257384162,317.066564898974,326.9876121998522,333.8095899584682,334.15169503780885,334.674914570918,335.30227478044566,348.9410747322292,351.0614548048611,366.73962840040394,371.6815623273492,378.84052637793553,387.36089391171333,391.8749959163639,395.78721765372774
Barker_MC_07575,11.467756894337889,14.676132827872728,28.10349954010627,29.810574169867607,32.78459187101173,34.09997454866998,34.888382864062116,37.594226246753216,38.66403775119792,41.86925585963333,43.0734646158358,47.54282355727822,53.6531185264846,57.88495176637885,59.91471482662962,64.80058457299566,71.1540729884222,75.85221603147043,83.41262388263955,91.04064965053627,103.16333381174748,109.10409428060154,124.61135482494478,127.73785487951422,147.3925774935339,149.15067153227733,151.084574974895,161.03621662367942,163.87236944445513,170.54866221200768,172.8276809184048,176.68647750704957,177.1105241237841,177.96201893215837,191.074782913858,192.6560600739003,197.63491000184624,218.2123321620141,227.2740750558392,229.14706235807864,231.54728356397973,241.77873497557496,243.37599615824368,248.9315620642241,251.5739157763921,257.9796049611919,260.0596811540419,262.667782855397,265.112836730448,277.3402594637252,279.1803085158203,281.77220556769623,291.427516722776,297.3433733526302,301.51810829878156,306.4249057710351,316.9981524349511,327.7398693633429,335.1261615311417,335.4965655631552,336.0630658474111,336.5724612046294,349.3095147581045,351.33865736411417,366.480518297208,373.4236315231364,379.0252260847632,387.41783652210034,391.86425264784185,395.7178132901512
Barker_MC_08714,11.498650774631344,14.450209172728874,27.887990073849924,29.869712245342814,32.65052868597211,33.89590989942387,34.71073687182385,37.01410854065466,38.747129085388565,42.53329016771164,43.91708830489984,47.25966801292,54.10227341865788,58.03419318230183,59.66314470829246,64.66590883377845,71.17140438859292,75.27381771501956,83.7967608762809,90.48268797612668,103.39556391272151,109.53226361525076,124.51497998565468,128.20679457731327,146.64928166739,148.47261735327567,150.47828660774994,160.79863879038797,163.65943615355252,170.55189262094433,173.7820490094232,176.75157346426633,178.12443548091937,179.1513114752408,189.85646368060532,194.89331380552508,198.95455757481764,217.1987011847712,226.3951125394947,229.00368192570025,231.64505416502004,242.90446294788336,244.43878542809455,249.12520808277543,252.31205580364903,256.6961217170663,258.1197298365523,260.9009785754036,263.5230622342122,276.22947287317675,278.1416026295257,280.83503271642604,290.86857380350483,297.0161737728421,301.35444666090285,306.4534593445003,317.42933986093175,327.13290687833245,333.80533937102786,334.1399451302486,334.65169511493906,335.3100008489659,349.58739757777215,351.1658204998305,366.041372075179,372.684312037173,378.9117433214598,388.0031995909536,392.8198651641952,396.9943086610047
Barker_MC_06402,11.378503775155476,14.782219151254134,28.00486781582924,29.53150346745235,33.15000024998529,34.32997602252646,35.95537652045799,37.49522789891225,38.59254757720241,41.966348725662,43.75917939957185,47.87728163050842,54.031133927223976,57.783526457144006,59.421570967314345,64.77005405980748,71.72511572380995,76.04921534638791,84.58205680190794,90.0661693423498,102.92541119275194,109.12795005325228,125.49741242189803,129.00052325700614,146.3475359649365,148.04927816401457,149.9211945830004,159.56179817409532,163.39551324598477,170.10421106202668,172.98492808915634,175.60984392489712,177.1420675035068,179.74969265235657,191.1274153912784,193.37247568949056,197.59201389903296,214.94307544078848,225.9464823595271,228.84776133769097,231.4191904067536,242.38045160792737,244.03612455251195,247.89000516643617,252.35368282954633,258.4713726514084,260.4579287559244,262.87618373483537,265.1474680885998,277.533935852099,279.3979188650527,282.02352934566505,291.80442945664817,297.79723505743505,302.02627178574954,306.9968931536262,317.71032729335593,328.92746577936396,336.64067053951953,337.02746841834744,337.61904164479,337.9589808802689,349.0762177334798,351.03304008564254,366.0753539803293,373.9868231124201,377.72330081518305,386.8663765935781,391.71039025100595,395.90853542077673
Barker_MC_06549,11.351821747432844,14.456345133893835,28.16031896974079,29.768294580486742,33.27751542943093,34.488514479938594,35.48696116188679,36.853408441503504,38.07468023640306,41.822395890943206,43.50060947433271,47.315094772287715,54.13459753148435,57.88507425633644,59.3748030002033,64.70945050309825,71.64652063994262,75.14953417671339,84.64656620447717,90.80550768991912,102.87344329281498,110.01330767578628,124.47801581932868,127.76799557026276,147.29070698965637,148.95203667649483,150.77949933201705,160.19348657989394,164.25503909499383,171.1397424018957,172.94911909372456,174.84872439011895,177.64838411553615,177.93022876512313,192.5778861980113,193.89391117944433,199.60028103303475,217.3958918295746,225.36649442276703,230.28176797430663,232.6186359930554,242.5800310221285,244.0052055219293,248.77418711161593,251.6075230243445,256.46611188334964,258.04380863461324,261.38086320221254,264.5163227467012,277.17721299533537,279.08249259585796,281.7662735385297,291.7638697219172,297.8894460719846,302.2121772086543,307.2929228100479,318.2405206490948,329.3030514933839,336.90994389949753,337.29141048033506,337.87482995691016,338.35851542815413,349.65719105655114,350.6595026282625,367.2766938160431,372.492078506333,377.6764122552518,387.5645680945467,392.8033261551003,397.3435831409135
Barker_MC_08135,11.301289487209251,14.380127487166266,28.18296455299029,30.12027158176764,32.75268308172883,34.27726669431712,35.528397532166906,36.79543988780658,37.90067621445067,42.16644994262743,43.34751462941427,47.07362312737925,53.6091604231816,57.38887984396946,58.964547615877144,64.6546200469215,72.05387773291831,75.96005838876584,84.62733247969582,91.26279475656996,102.48537092820716,111.13501020195947,125.59585896086467,129.17196403207495,147.33492692748516,149.07246849294387,150.9837642149484,160.8129726974112,162.78021832517976,170.1044137402209,173.5494291366882,177.0123503836865,179.21778531979442,180.03887981540456,188.10878650017392,194.0305522056101,199.4354567077783,218.03032302422537,226.04505192657015,229.70694260918455,232.0879092973008,242.23728424749115,243.74351488707063,249.02034061949084,251.96738748584136,256.77190442012466,258.33204276040846,260.6154630632467,262.77378378322385,275.8578521502589,277.8268138948127,280.6002976425176,290.9320538935097,297.2623717604086,301.729586041063,306.9801506932065,318.28989254949187,329.24629316856726,336.78020759020325,337.1580145081024,337.7358368531246,338.1951942233706,348.754132459044,350.4012773683722,366.17225670271233,372.77325266848914,378.13488933366693,387.5252706840835,392.50030716112536,396.81200544122834
Barker_MC_00051,11.357377515444805,14.750249669256586,27.798341349016876,30.156658558439883,32.52142723263363,33.89209607353623,35.60354966252563,37.502749657282926,38.23808697346455,41.06739734886449,43.35438214155405,47.46243611596726,54.12654446736871,57.88542278175112,59.41614520099334,64.5472552896478,71.21964939732773,75.91469956809057,83.10070535248865,89.97242517880092,103.36971683996596,109.3390458344186,125.18532410339672,128.8092373653065,147.01470185077935,148.9250583693662,151.02645053981166,161.8310462861788,163.68954340983507,170.18615726932305,172.61391487785073,177.85938534946925,178.97406965335895,179.31244646402965,189.4581492268932,191.98555281766403,198.7906865174466,214.79290239708368,226.81464581417217,230.24764175951108,232.59380671854,242.59483192524783,243.7855791437208,247.890962594784,252.143299141491,257.68840168022945,259.48902538284557,262.88545258635173,266.06912576223004,278.2672328382926,280.1028703109039,282.68855320243176,292.32071542430646,298.2223885889387,302.38711446765916,307.2821477279561,317.83440356930373,329.1007410611163,336.8477763749589,337.2362707712283,337.83043867140503,338.2444776049019,348.6495008250508,350.4579010139852,365.8280168198803,374.0095102048568,378.8174458329431,387.7343679765892,392.4585651387857,396.55286934602265
Barker_MC_01474,11.405487351973177,14.640091691142592,27.585316853578163,29.591182948162302,32.91534689494021,33.98526427216444,35.042001817695265,37.34345565417222,38.695797489886765,41.620981326076944,43.09330322454711,48.039282852755285,53.7572146801872,57.238326594473065,58.7566890498531,64.55125579845927,72.08639582896612,75.56904035029686,84.2255538724076,89.96484825619522,102.84431469060316,108.58557371420116,124.8053583183723,128.46681361526691,146.6807088005178,148.37615219492503,150.2411399287729,159.84408948730984,163.39349148154906,169.40775087154387,171.5907109343943,175.65063388872767,178.56373465129286,180.00361582983368,187.72209284795443,192.13517724536396,200.08866387425985,216.56759671502763,228.0478454416612,229.40873119237924,231.89983864187107,242.51871192233185,243.87668670520668,249.3272297745345,252.3354068364297,258.4901021846784,260.48867484388825,261.86783416125445,263.17537986097864,276.08075873985774,278.02283031871815,280.75843652119903,290.94909168769254,297.1929562261794,301.5991616362822,306.77801917991,317.924982204608,327.68105560375255,334.38959289038536,334.7260092144938,335.2405282984243,335.86678907852996,349.6116011263185,350.72680003280874,367.3402734658908,373.5583884125823,377.4088425314257,386.8113925781403,391.7928760465984,396.11016171926207
Barker_MC_06374,11.36850402426888,14.681809337694888,28.353103351557788,30.06152895159575,33.198603382952314,34.11842473580632,35.249681737120355,37.942778955975406,38.38970585376889,41.31568076852034,43.42881930637162,47.34309134098221,54.19533364002493,58.139363597872595,59.77607180054084,64.74961286189045,71.21710732189642,76.0774833951286,83.33657559273989,90.79342790521164,103.13196786056808,109.57058314498109,126.67136361000128,130.37433965093672,147.27827123656263,149.15128780103367,151.21160602195172,161.8032425502982,163.38251032341765,170.24198509742897,174.72216940891715,175.30175526087643,177.40455638322956,179.2384747095425,188.80298791230553,193.7279446302901,199.1774968588691,215.82814418117476,226.02488096161355,229.57294192528863,231.97787403079133,242.22940665001025,243.5626766003253,249.1749379959852,252.1361150400183,257.7765246307296,259.60809674874656,262.53867295119414,265.2896311552119,277.697087763701,279.5642292921629,282.1942888645126,291.9917626912807,297.9947230892391,302.2309259118786,307.20996998777713,317.9398305353388,328.9578560580159,336.5341454133659,336.91407732794096,337.4951496678793,337.852466708566,349.73948491428564,351.5275927579178,367.49787581655,373.1602244601793,379.1025197475864,387.813154187967,392.4280598517447,396.42764476035217
Barker_MC_09863,11.377927032770112,14.36263394804402,28.320156495695507,29.87636191324719,32.66781375681516,33.42371586543508,35.58620887623294,37.994288539061955,38.98887666583171,41.33941043292637,44.235102326270166,47.384422177812816,53.8900584590987,57.374539163421005,58.721179107779335,64.19466580548713,71.31227968615659,75.78139784976584,84.75514846987889,91.35851247322599,104.08364308456405,108.66487357350675,125.71618188225987,129.1877911043326,146.60801240518603,148.33333515155675,150.23119017256445,160.0161187628329,165.37499940806737,168.1986043130232,173.58542936278943,175.86127448083278,177.38943934262832,179.29730325654097,190.21978138977764,195.03430698848527,199.75823152064677,219.0145726496978,225.3851558319331,230.10008152188504,232.5375744553309,242.9279045021382,243.97815768558323,247.70441556535957,251.82225199207284,257.4561269274627,259.28557709098413,261.8080330819094,264.1797959874882,276.63306143376246,278.507096525192,281.14686638516287,290.98051288642796,297.005636459949,301.25747951684855,306.2549064273275,317.0170661110091,327.152024590792,334.1210934034621,334.4705747303512,335.00507558324034,335.5946748774235,349.1090512931947,351.0766200857065,367.255275192099,373.37951635116974,378.3728341284753,387.5471208424409,392.40767009487286,396.62014611364725
Barker_MC_03150,11.404776459921878,14.45067024227701,28.2039680838115,30.021320392134815,32.90252435096633,33.977378490200316,35.708272593772286,36.89584475585993,37.94562773004722,41.956434719278114,43.09455144787773,46.970147631340296,53.638084849310374,57.49346299695517,59.10020552994893,64.39111473799,71.27130846099396,75.30633766401259,83.01254647740838,89.99480633842086,104.38666967694316,110.25898376211389,124.89611141046814,128.40259451123265,147.48329207116487,149.22422780744657,151.13925711735635,160.98684790973348,162.84574524498686,169.20051892580543,172.93457923649456,175.3174303579796,179.08678124589812,179.55655705961914,190.37104197617813,191.86974853902467,198.2247684716112,217.74351787122345,228.03166162102227,229.46937280471448,232.0558132822972,243.08106379267085,244.21353019781176,248.9872481791197,252.02096759401016,256.855520913388,258.4254127661749,261.7403831977774,264.8547579678331,277.37746058260086,279.2619449566678,281.91643369863317,291.80491084427496,297.86362942326457,302.13917999238436,307.16447165656297,317.98005415830875,327.34006410727164,333.7762575610209,334.0990165247782,334.59264788111295,335.16381539147847,350.00863547171474,351.7318351410232,367.0652138181565,374.025330678866,378.4923325792782,387.3826851453164,392.0928057101048,396.17491019958806
Barker_MC_02236,11.494118760143316,14.461252441040424,27.712124125242248,30.21303374332571,33.13483018679373,34.34886070726909,35.42057846106856,36.88926578981072,38.08815558410295,41.194687177122255,43.67138901333754,47.116700135344715,53.84020481624228,57.70165219012804,59.30085150820138,64.76726583148393,71.87568293628478,75.81024845337033,84.76291324906724,90.74859744718793,103.9260766404109,110.91091204698029,124.72449653888752,128.31399002366425,146.53328520264205,148.27493049182084,150.19074030991743,160.05287052387365,163.3554899721959,170.41592687078395,172.5214934649445,175.13903589475308,177.83244470629987,179.49628555671285,191.86472881860243,193.55062103975715,197.45142699666613,215.97896195834647,227.6632380016224,229.57264743073884,232.02051124841103,242.45504938645416,243.80971855408023,247.90842784568,252.25570929521888,258.3311030205857,260.3039245993026,261.96404445396735,263.5333997657455,276.4459300715738,278.3890778360431,281.126199955887,291.322502203855,297.56982673693375,301.978473815461,307.16020118737913,318.3172881120022,328.57712029152293,335.63205560360706,335.98584292014226,336.52692940425493,337.0849454090905,350.08549788577153,351.5854820722433,367.2149496724941,372.84570398064074,377.59027680924805,386.8305758268097,391.7260984851205,395.96888478898984
Barker_MC_02657,11.494742510056168,14.580571584666092,28.041044379181987,29.71264628709405,32.98435177138831,34.17250993781656,35.5056070085496,37.980745290755905,38.69274873123322,41.94169207041017,43.738125636449325,47.953048169734586,54.14716828542696,57.817176366892326,59.38077809786564,64.89125179802555,72.05696284538178,75.64067669165358,84.7363764692688,90.61258332800584,103.53558975469312,111.16972707546232,125.83032235794448,129.79428488624868,147.64908593290272,149.2518807348081,151.01495501690394,160.1003161286485,164.4388011588252,169.57731479429464,172.72456778605533,177.09739336034178,177.94256561917425,179.8821075258388,190.1558695637304,191.4890593227352,199.740956748848,215.5106666489973,226.48030754035793,229.90563171262764,232.38272279289356,242.9418483299592,244.03645104071967,247.6546431230541,252.0691919662533,256.62886219948194,258.1094931239252,261.08856768484276,263.8932163619749,276.5613280055759,278.467694320875,281.153006012318,291.1563045270061,297.2853747235057,301.61057141735654,306.694214924821,317.6374703450907,327.36959667332053,334.06166731281314,334.3972578758556,334.9105140310969,335.4209908428632,348.98115542122974,350.7622467595811,366.81809433765574,373.13904951202215,377.42013241176073,386.6091489926957,391.4775021481579,395.69674154955845
Barker_MC_02161,11.379806415818958,14.530873104322636,27.60607854468101,29.43191314066887,33.12111628457415,34.485097448631855,35.639656029888414,37.99665305141718,38.86031785558583,41.40284996533519,44.31784909890671,48.11765741844194,54.300669870009344,57.86768492719698,59.35144508554756,64.7792127726919,71.83737455597468,75.66428048841192,84.17907938528828,90.64744575509528,103.651680340617,111.06326281279948,126.02698221746913,129.7624249974758,146.38859734099952,148.19240773600794,150.17659917051714,160.3953834030305,164.45222275674973,168.6732799765968,174.5833766533747,175.5257152950995,178.18947730472644,178.36352337106518,191.86536319389265,193.25830299057188,198.43645054564325,214.85103122646547,225.5982872169366,229.9509429039375,232.21244023036087,241.85255171503,243.68415194402576,248.00017083882463,251.77419043118363,257.7198901452304,259.65059706344476,261.67169162982043,263.5760719393161,276.2005508402457,278.10035106320106,280.77641374284804,290.7452579235174,296.85321778011604,301.1635172106924,306.22965113857356,317.13287542716967,326.5361095618907,333.00202512308834,333.3262745760097,333.82218550400717,334.30550878944945,349.31652211854964,350.6573308502629,367.84934769777897,373.8449034198716,379.09355222088215,387.82322410091007,392.44821582542824,396.45654198667734
Barker_MC_01983,11.4802723411758,14.465618389643067,27.709612152405732,29.77572359406,33.23088522395748,33.884173641077886,35.6107681180406,37.94133867436151,38.76737240554301,41.13956335916802,44.02226734545292,47.94665306622437,53.90071644027511,57.6374037030283,59.30689560208416,64.77173251185,71.87809837930214,75.82235648065485,83.84112783032079,90.84810183814068,102.53834850360552,108.6729428422146,124.99278641849608,128.75350848370732,148.65475304470831,150.34777046000306,152.21008961682722,161.78010643154292,162.6934323661631,169.35901023369922,173.5481610626259,178.17021145737604,178.62321373084956,178.95524131272657,187.04630993315945,192.9285333781712,199.70825926064552,217.3092262663409,226.33766423379305,229.3803494028288,232.0216544396112,243.2807767574209,244.64963485421137,249.5108499914549,251.71017950638105,257.69384778369107,259.6368839770611,262.9980104140068,266.1455477704261,278.2719584492972,280.0968066582535,282.6672917697942,292.2428393608769,298.1098244627903,302.2500714745085,307.1163333650587,317.59180016210337,326.92744142414136,333.3468783162932,333.66879698050144,334.16114317281983,334.7737884732585,348.93795181402595,351.3339512077261,366.0192904640028,372.68825467763673,379.0812561929816,387.45456911168327,391.890761386492,395.73546135799296
Barker_MC_07665,11.472163279813024,14.357275875911489,27.75542382694624,29.80394708777203,32.62019020352899,34.16649554837625,35.89760006907446,37.48450827608805,38.45791480598216,41.61727382925369,43.58425231593757,47.53284211125997,53.49402853497108,57.75850946968903,59.84698541701308,64.95563498126123,71.59882186708958,75.23683422168023,83.34176283575961,90.12035140832826,103.66960208597207,109.86312383068037,126.15444312436809,129.93077701466405,147.70646956926456,149.28972778028665,151.03131181241093,159.99474079114364,162.7463368535957,169.82794741719405,171.87653311545802,175.91641823816295,177.7763673969402,179.4004710577717,187.93449877461143,194.85922652988097,199.12313476310212,218.99222151498196,227.2183269053004,229.6792683784112,232.14844945226977,242.6738569111751,244.05013979359103,249.1092955131671,252.24817484454897,258.57182099496436,260.6252559072763,261.66007635309836,262.6463461488962,275.5572514496794,277.50015467455455,280.23693233540024,290.4319514078633,296.6784897329996,301.0865819958884,306.2676572622221,317.4197434645606,327.22415645112204,333.9659333323478,334.30401653878096,334.82108497214927,335.4128805057507,350.10833944609817,351.47974219802956,366.1877158152229,372.4401655926727,378.88836700061574,387.83381564507744,392.5731261851895,396.68052865328673
Barker_MC_00577,11.37318459358288,14.740515023212827,28.017054195042128,29.706960504295186,33.32267356945371,33.959678339209866,35.20505177299246,37.94981877568622,38.38328740940838,42.1106268816503,43.25028762007771,48.15290600275136,53.64546307855582,57.35787114309717,59.11006816205736,64.41470238234156,71.31274383989741,75.55317729188937,83.20035524431101,90.3147957023424,103.22028911707284,109.70165272303235,126.0098942569908,130.24356377974917,147.2174144134034,148.9261837546344,150.8058300299884,160.4792523299557,163.37041491592905,168.2258001523238,173.76170282766213,176.5950852266396,177.15003657880368,177.94150911658156,187.6634316543051,193.43330744547865,197.5421616078648,216.2626083433253,225.7832835251824,230.22898488836887,232.55787162030904,242.4852447234097,244.05364447674904,247.95962860293253,251.90887961159248,256.781707236204,258.36402764567185,261.19393616626144,263.8579089508351,276.54973895073323,278.4596745332421,281.15001390215264,291.1720414748877,297.3125870573627,301.6458817660658,306.739043319423,317.6990878009247,326.98227285779143,333.3656394587606,333.68574928830776,334.1753290276151,334.68747191864685,349.3718626191425,350.5993485125774,367.7519014981846,372.31612551586767,378.4825335235107,387.49529176697786,392.2702630217949,396.40857144263634
Barker_MC_03580,11.44257659310828,14.516685922398096,27.919060913170892,29.449719940729768,32.52589825276572,34.42272796617168,35.81492967852479,37.96456077829989,38.93775167705194,41.19003422105459,43.22211599864262,47.25540454301525,53.53375836067747,57.85127980516744,59.912192546141746,65.04880868350536,71.72836274806183,75.67434323902472,83.11734912045814,90.890766688105,103.88330183707151,109.7208729096078,125.44281412838194,129.5691044088141,146.71012776604223,148.4288418789243,150.3194274030945,160.05910039851042,164.3315080823626,167.72707791208066,172.44599917745447,175.19826387205538,179.0945352547621,180.09803183503487,190.8604677287064,193.40828664601267,198.88583946796743,218.830406778382,226.03424274882144,229.35666689985325,231.68593676721915,241.61494306624485,243.20280717635,247.7265843687424,251.7059384100612,256.98790076578825,258.70307673369956,262.42875218395164,265.91973266524394,278.0018225015639,279.8200010691654,282.3810913095504,291.9216412126639,297.7671830590388,301.89229787370476,306.74077405397554,317.1859832269699,327.5013057180557,334.5943976541167,334.95009842967136,335.49411138051966,335.91666690354214,348.9818256457783,350.9138209297527,366.76461567665706,373.24388406257896,378.7191063741898,387.63871173092485,392.36433046296986,396.459866697409
Barker_MC_04237,11.419477307947815,14.404360184885922,28.14908852850475,29.965712907363525,32.876204244034696,34.172198634496475,35.81681033489025,37.57280546638929,38.96888638186506,40.91916006804559,43.592462748843744,47.991195727814926,53.687384090215424,57.690701411248064,59.629616243097374,64.77558084485905,71.46729146768222,75.44891679750192,83.46242872169918,90.96974430441128,104.01093442341946,111.14849289177091,125.06325072794148,128.4572902443107,146.2939494632252,148.0831973343387,150.05136999256356,160.18338431398556,163.62188604140832,169.82729894158442,173.47885032723792,175.61715210301847,178.4304177219697,179.95534859667632,190.7051329285727,192.9614014267354,200.77621038972487,218.28494543176748,226.5048549417427,229.2137010618414,231.83719141259547,243.02037485691153,244.53749094465803,249.11269504477303,251.72956161723127,257.99933154051377,260.0352715894025,262.16469225615646,264.16802889781445,276.87175778534237,278.7834839771548,281.47634560218097,291.50776906029364,297.6540715479488,301.9914288218459,307.08936533334577,318.0714615501729,328.8502981518813,336.2621148009262,336.6337988216748,337.2022567357608,337.76306707502886,349.7408574677748,351.71411944983095,366.8053998610254,373.3913334834997,379.0921446978403,387.790207051777,392.398452007505,396.3922643024693
Barker_MC_04486,11.373679759360463,14.709652837584734,27.998822843417248,30.043008867234725,33.139948193167164,34.010390032588546,35.155304119815945,37.573207169543075,38.3509655904103,41.50612426900502,43.64636152959736,47.32603780287625,54.11697203553061,57.935618471030374,59.48588608405701,64.73116809720064,71.55202911809461,76.13383394009075,82.91646907059584,91.3382323722286,103.72290502850448,110.61493620206362,125.11460234798528,128.987891317466,148.15807625284586,149.90603065032295,151.82878048754773,161.7174311942913,163.77011228037145,168.0757532354629,173.02962202185063,174.5846918155217,177.39627988038092,178.58923761633153,187.8344132604622,192.20777312254293,200.3180849717039,218.7408588254331,228.16680823321377,230.1170593964765,232.33665079629367,241.7981293904294,243.27389599628196,248.83548073172065,251.845790507909,258.04502839854223,260.0580650567552,262.28483597487246,264.3790426295255,277.05932497613054,278.96752280498856,281.6554143703693,291.6683234078179,297.8032820188777,302.13263408220087,307.22116162582233,318.17817941662526,328.32986424842596,335.31043454858906,335.6604926462374,336.19587561911123,336.76609193951276,349.2392335761648,351.54971493097577,366.30516342266094,373.7769858370673,377.72400051501063,387.0634792125819,392.0115473967256,396.2998731563169
Barker_MC_02446,11.471502428637502,14.79467569733359,27.60508365728496,29.68829305999629,33.231075708204685,34.326799841825604,34.818770746375655,36.841794594760984,38.20980012816279,40.87160874351299,43.4502998219519,47.63016495475342,54.21093906882216,57.74024544899024,59.106423353346734,64.34434032684861,71.15562399581302,75.27714367364952,82.78762694418452,90.3016876921096,103.58627028271064,109.51442537318492,126.329689938191,130.05417157095923,147.5331806236935,149.18629242824696,151.00471541325567,160.37031519141408,164.16220444850117,170.97359141219258,174.01429042712113,175.13441415960963,177.23835955958995,177.4101600833553,190.8844461720498,194.66004939461928,199.18824617204808,216.4244731567576,225.6006891289824,230.033289354212,232.38610708113103,242.41549112045524,243.9933417211134,249.12144473062017,251.7715800845432,256.66054006300294,258.24809902279793,262.0100464159452,265.5394214223574,278.0156819777226,279.8931774981901,282.53782172594555,292.3896261774313,298.425875216354,302.68556935418906,307.6922240754359,318.4699958619903,328.08573577225104,334.6977759945195,335.02935323280434,335.53647136194587,336.0809605385009,349.5899326732709,351.25150621304647,367.0279433587063,372.36042447716306,377.53018173139094,386.8349128859519,391.7645717757855,396.0369428136413
Barker_MC_09021,11.404953342014007,14.686772010527946,27.81086049683095,29.485790925047265,33.30443900309864,33.75654376478868,35.963477255564136,37.77828697310228,39.00792564798672,42.2445948708553,43.0713989427194,47.373712633014605,54.20175475592593,57.59455235103178,58.79766816651008,64.55056712385762,72.03152318246163,75.67197358304392,82.46203428595595,90.05232519561211,103.99356996199435,108.7949981192651,126.71700776907574,130.4824608877088,147.07594683837257,148.90246167050628,150.9116279858533,161.25542219015534,164.8680043453884,169.3809568896082,172.99824425348467,176.5867607304724,177.92102872732332,179.75964393618955,192.2617215477146,194.186486320344,198.574561576532,217.34065522029533,226.07222208162668,230.27849029795257,232.7529953288409,243.30109728254283,244.69092491869495,248.89648372562343,251.8145998825549,258.72949424432045,260.9749211957424,262.41355392530005,263.77078310373304,276.5764533990477,278.5035202881484,281.2179908523657,291.32991173280834,297.52553538701403,301.89769789884485,307.03654293644684,318.099565744249,328.05585088553613,334.9020591267051,335.2453793039909,335.77045722219265,336.3850817275306,349.2835366341768,350.7233814286745,366.99368002346694,372.30997225037663,378.85390597293616,387.7651291359032,392.48630697058775,396.5779944273143
Barker_MC_07453,11.424263649329792,14.548804325850352,27.716543276863952,30.1412025895626,32.65144000143772,33.6382094747769,35.91139857381053,37.481791236534995,38.204820998553,41.60439465425172,44.25767779864316,47.78192356791034,54.16612167314066,57.74441543941867,59.19272502064869,64.62327350478562,71.68505138149598,76.07040999553467,83.81187327824944,90.75735041918317,102.6707871104709,111.10376100337297,126.26138476468516,130.09900083190615,148.38244477411547,150.11036117858055,152.0110692234921,161.78282191608608,163.32700040414616,167.95520079645215,174.01634126397877,176.50820782212278,177.57571102531304,178.90354640030017,187.41602638730149,194.9706033959895,199.09549343355545,215.10796937116285,226.7145609143069,229.66752913122744,232.1529155885761,242.74740192795213,244.32476517016153,247.99561516516047,251.7519540502279,256.9716175328321,258.6665636083641,261.85485260194497,264.84862284555555,277.32668624785026,279.20445307052563,281.8494794551545,291.7027075139244,297.73982880403145,302.00013847698324,307.0075166707843,317.80140544431094,329.2568953154463,337.13399686983746,337.5290137619456,338.13315724399325,338.5347300679663,348.62018858519184,351.44616118056103,366.29907045059656,371.9849550662216,377.1825210342,386.9593895280482,392.1391874055836,396.62834556611426
Barker_MC_01980,11.501090170508196,14.387173797091116,27.730410276837215,29.724786133731,33.274899447184744,33.577456159391794,35.44040792617012,36.80998313032872,38.28183156849675,41.928246052609246,43.89598214172795,47.19541613620983,53.946670339507186,57.53684225027341,58.913707986746815,64.51908073906247,71.80819663751099,76.19678838413348,83.33963243470406,90.1948686322152,102.92341684582269,110.9065769619115,126.00138250302156,129.68623031012802,147.74543113326953,149.3892868285369,151.197528093331,160.50854851258276,163.98591224527385,170.95185133145227,173.23234010306828,175.84057322418863,178.794899831519,178.85735276609236,188.45517472547925,193.65588046371084,197.5064529028501,215.53419034268916,225.8854965885856,229.51291161382267,231.83502179386392,241.7335084087854,243.17591006374587,248.5902060444336,252.19319041589108,257.4355973239086,259.137928718394,261.6631884340889,264.04094073362137,276.6407833652895,278.53687618850165,281.20771661689736,291.1571069150431,297.25314728214465,301.55503530040033,306.6112828289662,317.499336987622,327.65534046985454,334.6388803896858,334.9890874063145,335.524698137629,335.93234794847126,348.5162285530802,350.50601437293255,366.8670933727732,372.3281385238084,377.6506025483256,387.53731512841625,392.77530854833174,397.314902845592
Barker_MC_06123,11.373950057382864,14.53868674770312,27.911607558270564,29.50177871289041,32.83334136576108,34.022859666936,35.17660994108872,36.96463142644685,38.33615203199573,41.373678418355226,44.17154375117226,47.13698280754386,53.74129889231277,57.52573132534334,59.089644108038314,64.68308946257805,71.9566952087856,75.32790301689965,83.53871696341807,91.30103819825396,103.79261789818524,110.12435156403902,125.961487730337,129.785588333952,147.56949654753538,149.32600054168384,151.25815493524706,161.20075416767162,164.0285823469119,168.6403315431698,173.16658492778288,174.61546161296388,178.39543994282343,179.53135131549303,188.63034149619463,193.34497119545273,199.3351145065601,216.95942535602657,225.38313431845717,229.76933138884127,232.2309361971348,242.72404821892823,243.96674881326547,248.8862374880337,252.0062610670856,258.8903485944322,261.1257718505447,263.52613977869936,265.7744522912199,277.92864674725433,279.7576760100556,282.3340505630338,291.9315374474105,297.8119648622233,301.961697920837,306.8391092883071,317.33735085712897,326.53953103039186,332.8671965045016,333.18451306220027,333.66982073868064,334.1242409746343,349.48341062402096,351.3301131520011,366.064399497523,371.92553712390406,377.6155970409331,387.15732591040586,392.212546503504,396.593737684189
Barker_MC_03596,11.268945862683912,14.7212437295166,27.890748401673314,30.099929801930895,32.85030759182057,33.47164781390175,35.243838489900284,37.29403534291194,38.36509694308569,41.52969506741184,44.30416452851728,47.88608166590016,53.758426580625226,57.450664873309634,59.10253039799318,64.35470916556143,71.18453858954753,76.34576272346679,82.54288557380302,90.53881093102774,102.46102301361913,111.10481777337942,124.61289771613777,127.86627504304748,146.50082418314713,148.2155271094786,150.1017003284432,159.811559095013,163.10293583531953,168.63205505779447,173.29575326300653,177.22717265956976,178.46261870536537,180.2253532237046,189.1414090539954,192.36468392762913,199.20611295378671,216.59057757670095,226.38742375504336,229.44116619137455,231.90298044833273,242.39698528943393,243.9550002863318,249.26736647929977,251.5920174101052,256.448693760227,258.0257694753957,261.8551280186707,265.44746792461024,277.9370277548544,279.8165246225125,282.46398795222444,292.3262940964949,298.36897757423446,302.6332124030072,307.64520405009546,318.42899560698305,327.3644473778994,333.50870326094326,333.81682228752663,334.28806315171283,334.8215600892625,348.77135177034705,351.1659473821803,365.86210875028274,372.674233246478,378.397303492832,387.86168973442705,392.87593410083497,397.22161255172193
Barker_MC_02325,11.36592469209209,14.51540440724874,27.633866367705103,29.982721049955483,33.22419298186675,33.53066188874043,35.87275584584044,37.80383204916737,39.05441282496027,42.46537042002819,43.62069737560834,48.01060938703539,54.21008202684467,57.62888620961099,58.99115726906902,64.42038120689709,71.48043666977615,76.09494832686747,82.57315786581464,90.35918162756205,103.0605256943776,108.80324127112073,124.05060854799676,127.75517544880304,148.59561147503914,150.29069547920574,152.15528788378896,161.73937156175072,162.9807917017029,170.75557104355553,174.6431467726167,177.37694831046522,179.44463329063316,180.06335332039313,192.02884903704313,194.0353388792713,197.81871475186384,215.44028402667487,226.82902281946832,229.25916613256933,231.64954263259017,241.839028899628,243.57218246528475,249.46198575240433,252.23135737505964,258.9356954711795,261.1127499082958,263.0495341478321,264.8690180865255,277.2194115635888,279.0779659217876,281.69592958763764,291.44834385431545,297.42369603820214,301.6404161412125,306.5965610964094,317.2650624101263,326.7157821375849,333.2143500637683,333.540236950922,334.03865219009833,334.52879600729364,349.4752688703932,350.9066208544315,366.09664622668606,371.6142221203256,377.44716320946605,387.42179501715066,392.7063681602948,397.28633155101966
Barker_MC_04360,11.399006218615426,14.666744396257654,27.60041275146698,29.75639048242193,33.30696499228511,34.36503272342392,35.73808409004547,37.84657427419089,39.060974498513545,41.51052628632138,43.708906612199165,47.23252709680886,53.58157455026118,57.42010018804572,59.083506802663535,64.3433188116275,71.18307435180117,75.39674728650331,83.27778022454827,90.25380131721988,103.432471336735,111.2634086168308,125.42753808410134,128.8128002640929,147.80500719539253,149.63054876583325,151.6386444933179,161.9728026279343,165.01806025108644,170.20145152628191,173.61677284220158,175.75540910776402,178.35667883140957,178.9336111541633,190.2302931681032,193.76013958044115,199.34094794694403,217.39450911884452,227.6044843872175,229.03031084801745,231.64881298949555,242.81073313494863,243.94285304988543,248.319369716564,251.74611751455197,257.5987575082174,259.499245771843,261.79650991595497,263.9594138236402,276.7999501366882,278.7322638537002,281.45412511099687,291.59357773359784,297.806070221626,302.19013682689,307.34297340558885,318.4439701642934,329.41887482252986,336.96551311693577,337.3439581051508,337.92275632242087,338.4486017944967,349.0401958905959,351.31627206615644,367.33384276132455,372.40962044653133,377.39710347427246,386.9568855861544,392.02167081099253,396.4111513391856
Barker_MC_05314,11.335875861704496,14.638527763751648,27.745508330324384,29.900451409208696,32.53823349066501,34.4042412698245,35.56412104704565,37.15203414710135,38.4340619912865,42.421712175975486,43.89968319100208,48.181175809456846,54.056798651702245,57.8919940349391,59.65736029181468,64.8640961995561,71.63483262711337,76.4208556030246,82.8730992904912,90.69815227677773,104.02609703537016,110.72149619664222,125.40597716985113,129.09797833710255,146.63785024099874,148.36975584454217,150.27485200843984,160.0952372538481,165.217235997636,169.64643713692195,172.36740189939337,175.07645937483665,178.26951153154823,178.66120630782314,188.92273627054308,194.1619684638101,198.41765844665352,218.18619351640584,225.61527273403837,228.9105359212944,231.3768680824012,241.89013144711933,243.68385448990935,248.70385489957255,251.6247906178851,257.7833407104232,259.7831650947159,262.2909213658034,264.64584385859064,277.1668080432017,279.051030808847,281.70515104862704,291.5922554533038,297.6501329471528,301.9250899745848,306.94968401630575,317.76823507933,327.69134952104207,334.51474870104283,334.85692506110183,335.38025361178035,336.00353846468715,350.18024552420206,351.20426258810363,365.8743925255792,374.02392624458264,378.09032704719345,387.1245118815335,391.91083497257455,396.0589816514768
Barker_MC_03100,11.319572615194604,14.723574732532867,27.89268843232083,29.474942245118584,32.645771652812556,33.35075326937673,34.895411284736376,37.243690225670655,38.79061155347984,41.66433408994905,43.8081496162517,48.11025166558582,54.10491325318016,57.76127396318921,59.35792037180608,64.66769403959808,71.57241873307663,75.90071294552095,83.97293381492317,90.52680436139512,103.18468237376808,109.94587274470796,125.89844825334649,129.95626916432542,146.48522111242275,148.26566143500813,150.22414578985197,160.30093437376823,162.9889486239264,169.26900109405375,173.87745498415694,175.92892311000975,178.50580434467238,179.55468886220882,186.97354356285427,193.7911301802021,198.3515242825396,216.81493342752088,226.5225766014996,229.6052792521458,231.9233666812841,241.80470546820413,243.484694578686,248.9751373795937,251.43116979704956,257.02706533299477,258.8441827026005,262.18584522353757,265.31941045241945,277.7414589316446,279.61079632414936,282.243948995312,292.05294520544453,298.0629654243577,302.30415026111586,307.2890499744619,318.01533908092335,327.00205092064215,333.18155459947513,333.49144121463786,333.9653854495926,334.63840225855307,349.5096453726817,351.0955853423195,366.4047369943378,373.9201175839838,377.8659625224474,386.8673909190512,391.6363596059937,395.7694658013438
Barker_MC_01358,11.287127881139943,14.418089751887356,27.75196246888712,29.494945427739196,32.91613091191469,33.37709485078643,35.50203676531719,38.051275886339525,38.79630778600673,41.01806269488753,44.1555894396409,47.98027837367824,54.054162898741986,57.74690466957152,59.35489259093852,64.69110099553849,71.63020089809815,76.37491232347185,84.02459841873781,90.11685074369049,103.08142413559789,109.12643163330895,125.79746961212264,129.61638298080604,147.97119100921802,149.67807545007108,151.55564833500938,161.21341454301836,163.4179251853133,168.2628374373673,174.6952793075002,175.35399045306073,179.20317272953687,179.40587545195868,188.36180383633845,191.85300633769643,197.78773081571137,216.02125207709503,227.069441509536,229.80842668023573,232.1506370059483,242.13480475029945,243.6645497325374,247.87763078337045,251.47253930785033,256.3869427323485,257.98276377056186,261.1883903115043,264.20145438961595,276.89776776240757,278.8083780272451,281.4996677551347,291.52523559643294,297.6679503188677,302.0027757584455,307.0977364646791,318.06408565368844,327.65776282255,334.25463211310586,334.58544856720454,335.0914031440613,335.6899408650028,349.1341675139041,351.3166068549451,366.20551371222115,373.0976386188249,378.9535979010344,387.76209811495414,392.4288531951765,396.4733742647025
Barker_MC_02014,11.35410415720952,14.592600586101463,28.201881829328705,29.658602253115017,32.67332810112332,33.94313193346733,34.764706580674115,38.04260622275339,38.56147453935739,41.85730628296957,43.52035903391075,47.22055717829596,53.62507095797192,57.24735199791914,58.726400982085416,64.4266584842865,71.83916063543774,75.40285913365679,82.84837530066451,89.9466247572142,103.7728048109543,109.59011904595576,125.5600626043756,129.49570476756466,146.93659440741868,148.8023064662029,150.85458973086548,161.4056719584901,163.08181842168264,167.906521889401,172.78002130535012,177.16167900030234,177.59626718770062,178.27904129489778,189.4529216913466,194.566927105179,199.85368568933728,218.4689717054602,225.39522862481456,230.3820903186227,232.82082024250096,243.21642322310072,244.5119339175959,249.15267163895803,251.70265177881384,258.34002608178554,260.4953358185438,261.83055749693153,263.0944038584469,276.0762158957601,278.0297895518606,280.7815976050775,291.0326077575189,297.3134520927239,301.74575361355414,306.95528336315556,318.1711893132169,328.3542580278882,335.3564087262117,335.7075490267177,336.2445871333737,336.85100376022706,350.007612191116,351.1875851701249,367.35231588045053,374.01066697305595,377.6841396534921,387.4471404639326,392.6195912244309,397.1023818835294
Barker_MC_06862,11.301786090756908,14.538766832633932,28.099303031274417,29.78142793909354,32.80799356587765,33.41642307491927,35.233534674613544,38.046915805860195,38.54658725488624,41.40920665567332,43.48476623530028,47.961040676502215,53.62301384595234,57.55729098755821,59.44882113488415,64.81665243187996,71.79687411846764,75.20113148924409,84.77238894876514,91.05001253259184,103.63564751278297,108.61325110731325,124.67377435049258,128.57960583764785,147.3729920253029,148.99984089440494,150.7893746504171,160.0091451700841,164.14681013903115,167.79437832858994,174.4545800911183,175.833088960236,178.27577710303544,178.7731437446329,187.79885590914583,194.88820969756023,201.2774826441233,218.27174005568935,225.4444061223984,230.20925910133795,232.54272722549243,242.48962948354065,244.10606040188188,249.43009910815988,252.3289573647924,257.88332242133225,259.6869538788064,262.0591297070472,264.29204513924077,276.81348441262674,278.6977786722139,281.3519996185142,291.2394791741976,297.2975865249135,301.5727057590308,306.5974904512633,317.42511839430404,328.44286809782585,336.01896779253957,336.3988901961093,336.97994798980415,337.4964637262215,350.1618649844047,351.7207744427668,366.4729274024928,372.67073445793426,377.5719994161433,387.1419723995446,392.21215676161154,396.6063165420696
Barker_MC_04025,11.34769498442816,14.659844562835652,27.964376224031565,30.121030850285887,33.2084175286599,33.79170137167452,35.264355055100125,37.19486402593208,38.04226399807235,42.44199389457394,43.05767061623651,48.002327595220045,54.26317976381768,57.7058841870285,59.073982232192925,64.72757896653641,72.0794043777359,75.1480880857937,83.90904349069582,90.90942338420781,102.86328775544996,108.73600027137988,124.50296272610692,128.05423355305115,147.02116171002228,148.72380655667013,150.59671588798273,160.24805324834412,164.8542554419037,169.14395034096688,173.35986592427702,177.1380079106511,177.75396902515627,178.6848015525715,187.2132565568214,194.7396558608112,198.84578251883983,217.06777272984317,225.5176658871896,229.1290523159728,231.56741343130793,241.96144428735505,243.69797102311404,248.10798973720344,251.92133815585436,258.62621956114117,260.8034504233745,263.1908453357977,265.4287249657634,277.6657729752568,279.50727049124845,282.1012078524842,291.764119549301,297.6846330684572,301.86265431441694,306.77331435706157,317.3593816834853,328.6774340627061,336.46002991778886,336.85030758603784,337.44720284335983,337.9155521918667,348.72615854407815,350.4114253563278,367.5130784171392,371.67137015056034,378.34231243166215,387.03423176984353,391.639222147688,395.6302138084866
Barker_MC_09777,11.53196987994601,14.561104258978393,27.88695469426401,30.189732186231453,32.94315485256294,34.15039857135179,35.70995630124089,36.99933647778455,37.960195527374864,40.95081880236219,43.157533328544616,47.36315999262586,53.47859440285221,57.71594219641667,59.748922602926875,64.8794238764752,71.55102629302854,75.84674428530718,82.94951154848414,90.22455794512682,103.81601510088034,108.69812307725606,124.93569646660242,128.62992223669912,148.0027004140784,149.73572111298807,151.64204388178865,161.4467659554386,163.55803998262732,168.4896331563107,173.60537865105496,174.63173363238616,177.11950851722918,178.24458198736696,188.57729363312384,193.8816040324973,200.02696652822937,216.85385717214217,227.07457307969295,229.66295533845783,231.98644578683275,241.89081608795615,243.35822516213867,247.57530219113448,252.0668720903587,256.4717245328731,257.9020825215862,260.9274060111796,263.7765443817567,276.53157823746307,278.4510250798266,281.1547620298226,291.2266981488917,297.39782294315745,301.7526969618534,306.87122187482294,317.88705093061503,327.3685903465813,333.88835071577506,334.2153003508084,334.7153409690946,335.2302085378818,349.0612674856651,351.4380386514857,366.24956995678355,371.54260379800405,378.79879013744375,387.3742125874461,391.91748275963266,395.8549835755278
Barker_MC_07957,11.357788735553443,14.710224901526209,28.311981272828305,30.122876287548053,33.045560614261234,33.30398263235303,35.948797510259254,37.45520538988863,38.89931458404899,42.14240739140393,43.741091122153,47.90697788938271,54.0027984912445,57.813179259144455,59.51025358995635,64.88394798217968,71.87179392187693,76.16922010932461,83.5535678628533,90.7139238259319,102.84030676091072,109.31619342917736,125.96167153111,129.70384569516514,147.62562429791996,149.25263440373251,151.0423455201263,160.2524925216868,162.9460337947229,170.51098361639595,172.57396430084884,174.37074254791028,177.2157103586228,178.91906875042145,188.53018242091463,192.64683103948664,197.5561839094701,215.63669684737036,226.46430255777847,229.1662316877915,231.74325897676263,242.72838377635964,244.1154251319435,248.14457619668897,251.74944310699976,258.37076293111437,260.52085940536557,261.60754973660096,262.6408059126071,275.69822725482265,277.6631790102046,280.4310142785383,290.7417288659189,297.0591544020394,301.5172707502716,306.75714209795683,318.04678094390357,329.3508763084106,337.12387494647925,337.5136713383588,338.10983052593923,338.5885716203891,349.74231404535345,351.0783992829835,366.7037585177055,372.48815104646206,379.14649005676966,387.82627130873846,392.42483091243054,396.4102492356304
Barker_MC_07281,11.345182556767597,14.47739046181607,27.906694421938656,30.200432812086326,33.149883435503305,33.46886297277769,34.748129696048814,37.98970417612707,38.580451326272375,41.97634514280256,43.83024148152865,47.242866319369305,53.86471326493715,57.74128782498425,59.37485511305104,64.58327390829946,71.35619872949701,75.60836786110691,84.2759291219704,90.90318990881079,103.44034099318836,109.53089691421133,123.94183460650068,127.70548398119976,146.9462007927865,148.72767861548536,150.68730422045402,160.7709996985182,163.60245756118368,169.3652939934639,174.40121506381743,175.17636405403013,178.10936386660092,178.92029532455985,188.95021162561292,192.6815458451739,198.41788923020945,217.78696839563895,226.06397923182303,229.5562521291721,231.88031749736192,241.7871385160017,243.49690939643972,247.8724002590143,251.79062843504772,257.8513852928448,259.8194539403951,262.7288739627867,265.4567887904763,277.7572955973592,279.60834273820075,282.2157317215368,291.9287532777809,297.8799693542502,302.079656953364,307.0157826622749,317.642310790363,327.1962545790485,333.76580213354015,334.09524847108105,334.5991075755553,335.1391763823882,348.94595644719664,351.02479087700215,366.08443003913334,372.6512823575938,378.6987760718548,387.7280136482248,392.5117156754406,396.6575907656943
Barker_MC_00769,11.402054059358326,14.589880893664724,27.613977984927605,29.969018312126277,32.98541784445776,34.208220474376645,34.74715592348779,37.251336484492136,38.33239178427386,42.511191667102935,43.947579455272844,47.55157681931731,53.8801786451197,57.55397824075299,59.09072378048708,64.62433145649366,71.8201254686391,75.6203101781726,84.88858640396896,90.42703288535574,102.54030841026864,109.10007311409085,124.80860898006028,128.81566839719363,146.62709544499194,148.27098464489902,150.0792627647967,159.39399771090902,163.35463287525684,169.83478373363087,173.7231604154052,176.83827924438913,178.42949198368834,179.3194326515521,187.11307680538695,192.91229957120203,197.6842240807532,217.46661306177137,228.0031243707216,229.9995834930564,232.3802876517863,242.52854351484677,243.7265336259848,249.0146061197434,252.34956406568904,257.22973128843074,258.81443503603685,261.5838355522631,264.1920390890839,276.9888892032255,278.91462878350893,281.6272296976717,291.73218577485795,297.9235420598553,302.292693150606,307.4279986980285,318.4711527603614,326.87398285002405,332.65199380417334,332.94174656588586,333.384897848505,333.91667727800734,349.37782613269553,350.6293933539186,367.7767359448836,373.4186162897406,378.36071888561526,387.63793738968184,392.55302004084285,396.8127583385158
Barker_MC_00843,11.521470946676455,14.579493366589537,28.096885766695543,29.822867310047037,33.30394269477128,33.86980008895938,35.974516180511536,37.777162944747424,38.66172539837907,42.36134632510518,44.16829131626709,47.74392873650331,53.69881027960771,57.32280453563525,58.90215297383805,64.33975143796216,71.41069696925662,76.14554746974821,84.12542345244074,90.7737333462522,102.75529080607502,109.90587285266288,126.29453602063693,130.42029226593502,147.43917922720206,149.32382385802111,151.396932951922,162.05422914353977,163.6302283075203,171.03385224484632,174.17998959234453,175.5892954234986,176.92356224561468,178.37108706859965,188.76290785541656,193.5769883562612,197.891970028504,216.23998068033865,226.42013267647877,228.87376486222095,231.5237226510183,242.81972915750163,244.04151821857735,248.38636858066857,251.60714424244716,258.56811993053805,260.8285105598812,262.7627061712624,264.5793348626109,277.1770076033734,279.0727738896046,281.74315435730676,291.6908312140901,297.7858217472422,302.0869689127777,307.14234567606104,318.01921244466666,326.99765260982826,333.17146846376284,333.4810698487684,333.95457784936514,334.53937735044684,349.1646568209171,350.52394786037513,365.83844812627206,373.86439433620575,378.38317152472666,387.2417239907921,391.9349968204956,396.002499939572
Barker_MC_07174,11.393984794665252,14.352930892635248,28.25603668904419,29.73091345383156,33.32008035469323,33.46895698077862,35.254904008790135,37.96237322746642,38.41903302298192,41.391766833653975,43.13018428656619,47.77614305132022,53.54707156340263,57.64805651711185,59.64842488299587,64.69753530633555,71.2632986705263,75.72684269301068,83.52724474452822,91.1712201716428,104.30228318716776,109.07299435670488,126.43310103115591,130.26784524708378,147.5484009591247,149.33597241838345,151.30230102356802,161.41303517305792,163.2324451784499,170.4052282397181,172.80405109059416,177.227449083085,178.6756044452423,179.4667014785846,187.24766626584625,194.70436447028513,197.4090616691499,217.45799715773217,227.7579022107708,229.49303182540908,232.05231411193208,242.96179707905975,244.3878175521483,249.3839248751717,251.60492484585873,257.5366661244835,259.4628404142213,262.0371994428545,264.4549511691339,276.85538608331603,278.72147094904244,281.3500421039905,291.1419712918884,297.1415344623423,301.37533991038833,306.3515662189922,317.0685757323746,327.224451035309,334.2079028156229,334.55810541227584,335.0937093836273,335.7445882154637,349.1523963327663,351.2527779282445,366.38651193267714,373.5621547442553,377.88566150771067,386.8588168013307,391.61280636086445,395.73293064579383
Barker_MC_08022,11.539363829331611,14.36075697317804,28.299417599453164,30.155787104783293,33.02652688789725,34.29334089927698,34.960770254798,37.40825800040342,38.33444231063507,40.906206739812525,43.873326921331376,47.430990991899485,53.558574830706505,57.29997102967144,58.93481297037873,64.33966481353355,71.36802728638123,75.36627427584662,83.14126663653904,90.88159090706176,103.36054326176873,111.18763237442106,125.15662940225762,128.69758365424084,146.7381401046671,148.44905511847452,150.3310616336626,160.0149390852405,162.67783429162623,168.43049139333567,171.8477808706917,175.40775263997804,176.48386952975136,177.4805678052308,187.91833806261607,192.25249005492327,199.7786468169918,216.53933215458215,227.3889171653721,229.4999976175411,231.90790249506503,242.17210718484904,243.72736396803344,248.06546123509352,251.77495672639745,256.90556734833194,258.5715958897719,261.96615162112647,265.1520016037822,277.57042948032193,279.4392220248497,282.07160722198034,291.87774444487906,297.88601294825344,302.1259616245478,307.10940840995534,317.84643346692815,328.58084484002296,335.9621135123944,336.33226562870806,336.8983806301288,337.31665956726204,348.85221413131336,350.88165798065285,366.4914560233679,372.7851603908597,378.6611409497792,388.16630154174766,393.2021482129892,397.5665486613986
Barker_MC_07442,11.51865666072216,14.618731721586943,28.208988805758167,30.100507056528063,32.55725168776777,33.89213344653277,35.854815645722205,37.4222557403179,38.469167746877794,41.22664449147511,43.61958629437263,46.96646386455005,53.5839917924661,57.40360907484975,58.992724217006376,64.2727832651653,71.13886765478641,75.46881410924111,84.34026274067826,90.32989520181464,103.8957045603279,110.48284863184884,125.33962061579284,128.8015384087081,147.48250455302912,149.32745673332852,151.35690413165776,161.79860412584955,164.55557531824817,171.13822710131,172.41011391136877,175.7932062078648,177.18621874484904,179.27611438595565,188.94032119692795,190.5799786685456,199.3152516134832,218.7303714684436,227.4094289208271,229.13069999687465,231.57022054832316,241.96919374644696,243.71612488883105,248.58686524257692,252.28069994683665,257.1091523591909,258.677063105638,262.0783722768952,265.27253950988273,277.69289928477934,279.5619825518754,282.1947772614409,292.0024399963107,298.01164318837243,302.25225146103134,307.23647350662094,317.96974549592085,328.02104341301066,334.93258498277424,335.2791814626739,335.80927019663807,336.20232517916844,349.2036085197699,351.25984307466047,367.11259485683695,373.44968745016286,377.2807679889907,386.59158413558026,391.5244668622501,395.7996318920306
Barker_MC_09460,11.351866568208864,14.54824883194886,27.673713264194312,29.68437886293909,32.53065960233676,34.475405645084145,35.49892553934043,37.73350850377591,38.82127663340993,42.035349008685714,43.79765474264037,47.694074234208784,53.92122088362811,57.37176230253558,58.75307665431673,64.38036338436966,71.69797578618751,75.45619158528001,82.93592543575345,91.25950585609469,103.3202328890502,109.39921931153933,125.9131920230794,130.01791630539114,147.8095057542852,149.39640136316186,151.14198653292613,160.1328226757128,163.82492062349095,170.37279010805364,171.5449057620751,176.521622950845,177.42417399082595,179.90876910736563,189.92461684534337,192.07226776337683,200.05183187946156,215.03614192630428,225.94733171018092,228.98183620885771,231.5287616771555,242.38557108862815,243.6237686924868,247.71603062186875,251.6025962545662,257.1855954058115,258.99852501949994,262.46934611100033,265.72164727490883,277.8634635979639,279.6906301320158,282.26438084127193,291.85209340705,297.726532048787,301.8720389163674,306.7444830071726,317.24675289076947,328.2981757823707,335.89743006280236,336.2785136107886,336.8613472724146,337.2739180075458,349.22600065247883,351.1251465494724,367.78246697544085,373.06275469067384,378.13595761419174,387.3153892742223,392.1786643258942,396.39350270400973
Barker_MC_07997,11.3463260968607,14.45731125080534,28.32202205390654,29.7439169480723,32.845572897402,34.527520331890834,35.31046531330379,37.290460125821454,38.65871703578571,41.2999466262484,44.299926618757745,47.35224747630019,53.60958606099109,57.535742503040886,59.288989091464146,64.53966463274807,71.36753929099561,76.47455923645944,83.87017072036193,90.37938377083097,103.61113596052276,110.68412352262376,125.79679631869148,129.8991923593812,148.1823015154649,149.79175018419647,151.56214371980116,160.66891621254078,162.79009576487297,170.77136396902793,173.3136712789141,176.51099071785632,177.24739216256128,179.0650704517118,189.97582367169025,191.95826422922764,200.11284201325995,217.0321830065612,226.85206990998623,229.14329582742957,231.53209796974068,241.71487320349044,243.34848741311896,248.7073758259556,252.08476955293435,258.5210328424435,260.611037157856,262.31813623342373,263.92668381402615,276.4378989071449,278.32065457649776,280.9727082612851,290.85211435423327,296.90527505462575,301.17690350874886,306.19758529368977,317.0185288330488,328.2996000496115,336.05676666708564,336.44576912282923,337.0407140551428,337.43080860344475,349.7926834610363,351.2037746756321,366.1502069018255,372.7880455175496,377.9593512397011,387.36961001107346,392.3551775720654,396.67600279159166
Barker_MC_06182,11.493244694751109,14.776372058500575,28.16294238942055,29.9997178017923,32.65253580299741,33.798660901766425,35.400805661190134,37.43916324290948,38.762718527025434,42.15373007829426,44.012307515122,47.116632681766845,53.69875659782806,57.566271207512024,59.20126609371828,64.49973489078617,71.38975895389345,75.3367557887947,82.57875422865527,90.80519622029165,103.8259037612962,111.14375372323504,125.47995634937816,129.1643589016148,147.6716848203066,149.3257074477184,151.14513233787133,160.5121167988389,163.78851666115904,170.2879945135413,174.2284275057537,175.84236454765224,176.63303029958482,177.81716253561612,187.74047911470808,192.2186949789605,199.9566318130757,218.8470488088159,227.76840524049473,229.60312987148384,232.163248207464,243.07629501253177,244.23734080251504,247.99292835905752,252.05260444351487,257.04563004756056,258.66698153522105,260.6453103691108,262.5176170304461,275.3937898243692,277.3314663127751,280.06088158138994,290.2284743377564,296.4582084241367,300.8544421774018,306.02157947981755,317.1429431584961,326.8298760953109,333.49087054882045,333.82490271905544,334.33577545000304,334.8334390035808,348.6002426048481,350.94892361365316,367.23363116254353,373.24619131686,379.11210716222945,387.92100164710786,392.5879656126063,396.6326677160384
Barker_MC_01627,11.527947079302493,14.65658545859751,28.18988888773128,30.19644040743735,32.96063581352159,34.408069611878894,35.054557280589954,37.98009648607307,38.57527037111047,41.23442689621778,43.68838283081279,47.04876068039879,53.51338919310406,57.34302304302376,58.97385285137389,64.38811913755774,71.42872396597932,75.99295075643316,83.3161295720897,90.78437325006912,103.14137198157188,109.8977288019383,126.23397474384088,129.82605938797118,146.27328857082608,148.0188862537044,149.9390437048705,159.83980819277875,165.37810662453515,169.12597164349134,172.2196569486457,177.26942241161336,178.17716165279492,180.1832802195084,187.38985509964516,192.40224704106404,197.455729588294,217.44133532451477,225.27409736660263,229.3680878954337,231.79509778002492,242.14074161010456,243.5593239031701,248.75857329180923,251.9470683289104,258.23536478924177,260.277320835401,261.3971713989289,262.4628430120516,275.3936482662753,277.33954614433804,280.08054208010395,290.2912750316592,296.5474413277966,300.96232791135844,306.15138891952586,317.33147356775146,328.51584550653473,336.2065191114993,336.59218710938836,337.1820322826305,337.71664109797683,349.6268405183976,350.6677178013149,366.7182271110006,372.64702612625774,378.49307840715073,387.42070323530584,392.150570693931,396.2497891580729
Barker_MC_00246,11.321466793493956,14.681041015383332,27.604370442923752,29.984477247343847,33.15069004160617,33.83939939432575,35.40341733256869,37.59430833161573,38.53099836136211,41.223250690148305,44.02104719901179,47.06476582148078,54.060175187039235,57.5415475882355,58.777797800914534,64.38621257224372,71.67928425207101,75.76472794821836,83.625271773094,90.92281020458185,103.39440657089531,108.88681490028392,125.00416002114488,128.43407624591367,146.56942454743233,148.23474103739318,150.06658917635005,159.51680201226338,165.45718644937443,170.6110061461453,172.62060513462546,175.8078861054158,177.0476438404109,180.22220709011404,187.10718331612313,192.23530802435073,199.09204853282995,218.47008329249775,227.0774453158591,229.2480262040017,231.6194583353623,241.7281902173488,243.40127395619095,249.35019340103335,251.68046765249295,256.36361391268525,257.8843403735595,260.79383355304407,263.53330931158763,276.2700086159795,278.1866963753783,280.88654687517663,290.94400522557027,297.1062594197664,301.4548735835637,306.56604094196047,317.58095009659996,328.9320547239743,336.73737818985643,337.1287955908004,337.72743396871465,338.22101483857693,349.43826885921544,351.12563921478625,365.7484961550351,371.6749650077449,377.18487270459326,387.20493992671646,392.5135848126095,397.1144103803835
Barker_MC_07478,11.467873030676484,14.421684730227687,28.285817563710932,29.45835610253508,33.28816173825367,34.16821959527461,35.206699554174016,37.08650947071395,38.03669856656611,41.68779194778091,43.328979148880585,47.88262256653616,54.2775508898072,57.64952467608436,58.93151013835361,64.47839544877678,71.69145543419397,76.11019455288212,84.80541223004403,90.73446490797035,103.2618356231083,108.71302012244942,125.04882022074986,128.66208601551443,147.1167337212604,149.0429987955061,151.1618903771762,162.0654737891982,165.1748892065562,169.2765138044025,171.36612363077495,175.37902949328554,179.02501164667507,179.9371171050783,189.92647420853103,192.1528938186578,200.2640068995848,217.8003149546507,226.0073862201113,229.93851618342984,232.40598824137876,242.92411065788983,244.0249917757863,248.3652659730522,252.00362978442485,257.94575160290674,259.8752966952551,261.2723760996046,262.5976898734804,275.4407895264944,277.37348898884113,280.09589360784577,290.2373703565041,296.4511030365222,300.83604482743806,305.9899100603628,317.08448701927625,326.9711760506383,333.7695281431975,334.1104484546238,334.6318559897463,335.1938519268766,349.5084579458626,351.6456812591337,366.78027283164863,373.0597624593621,378.0652847827756,387.1851549429616,392.0168742331263,396.2043642846025
Barker_MC_08347,11.50693158446521,14.602043106297517,28.241767809113828,29.759523638492183,32.82059750990242,33.66996199105534,35.88966383541576,36.930223535930274,38.327160248471976,41.571259819330045,43.968152999949865,47.080198731175784,53.83622957152903,58.00457300484741,59.84092194836316,64.8453306334825,71.35296474112818,75.17559700350543,82.81876839319112,91.12430795736476,102.40166549780844,108.97790508015214,125.93249197700176,130.0654804302682,146.57583048175445,148.30257438517674,150.20199267894122,159.97991732599797,163.2781434421136,169.8647243950094,173.64644463970996,174.86332696261312,176.6815377041965,179.14776359565502,190.4922999820907,193.483465295886,196.9321886693988,216.30250196099368,225.47892233112623,229.93071095484015,232.2208454119392,241.98302873330204,243.63224377505213,248.65109783670516,251.91814695368927,258.03446747284244,260.0205789329364,262.70804740952025,265.2304129382888,277.76321856622275,279.64922329663995,282.3058536158299,292.2023085453311,298.2659151517264,302.5449151314903,307.5742610792696,318.4107650836977,329.31821955472884,336.8184772944439,337.19459641413465,337.7698374207204,338.08747944542364,349.734226998824,351.5638875653597,366.31986840502594,373.74981311968054,377.78796988786416,387.30036297232215,392.34004142766406,396.707762755627
Barker_MC_00287,11.391097698926968,14.620986745008569,27.84947347519271,29.937479680750645,32.85877626946642,33.52484115619109,35.227209962220265,37.35975633966488,38.54650538689406,42.176650816395615,43.49710325338004,47.99058330026824,54.221896826403736,58.02050745469493,59.678377160976176,64.6698808240202,71.16073349611545,75.86732135545108,83.35134920028871,90.92844951187146,104.38238108779376,108.57519237980152,124.26009318805588,127.83583523142248,147.14782855173107,148.89982049529416,150.82701163321352,160.7558498183708,165.19119596690288,170.81425680166186,172.58115366061472,175.1651997381857,177.80712051389602,178.51455458665038,189.45586991736693,192.58553039236227,198.1688878215788,214.87299132833215,226.3253307523341,229.67641712457672,231.9633478081828,241.7118743662663,243.42945402702347,248.05112806512537,252.2392230305356,258.08148372342737,259.9786015868018,262.8610758345397,265.5645595876026,277.70145962718834,279.5278863321745,282.10059491661747,291.68442536858805,297.55648542010283,301.7003137507705,306.570784964067,317.0747807150586,328.8765758587654,336.9918061908477,337.398764644079,338.0211716901974,338.4590152368069,349.96546018325137,351.0454438723438,366.3649126549131,373.43934008237,378.25100466808806,387.01763606543005,391.66220899117417,395.68750552681905
Barker_MC_00862,11.282809963811882,14.349625968625254,27.69422364336703,29.62718638921993,32.917181777407414,33.819242546640226,35.32925712199106,38.114823222793326,38.92830447979333,42.032298529219354,43.660665769867975,47.57143003614522,53.866042505796074,57.67798423217447,59.33237775710928,64.64115268188229,71.54457862968596,75.47656707475464,82.67694535434048,91.01883010813,103.1073920427012,108.76077728596786,124.17537396807668,127.776769163311,148.01428955884728,149.6441677792093,151.43703382160746,160.66106910907848,163.03754757033414,168.83316070777832,172.6574722259676,175.73586421525954,177.57246927826407,177.88651055738808,190.05318258963356,192.29501149023787,197.05496564916987,214.7388772531548,226.00534166053313,229.29590197016304,231.7095254548858,241.99810691942452,243.46915815166736,248.9133537024842,251.57562804153412,256.5573605514336,258.1750449088917,262.1921418133495,265.95691261411787,278.1958560989163,280.03763885633737,282.63197800926395,292.29638645680706,298.2178170424944,302.39648544911654,307.30790613557286,317.8963703379899,329.3117748573798,337.16131265063166,337.55494728923134,338.15697673650135,338.63376285796636,349.4398733104173,350.6053410366268,366.30828953126974,372.6832486091952,378.58066266176144,387.34253355929314,391.9845843659324,396.00769506501985
Barker_MC_09559,11.286320951304544,14.602465243110926,27.8470630903968,29.85456015884079,32.998544169446944,33.32513238825161,35.827487429399476,37.192319953967335,38.243729965660755,41.73279480742761,43.288201065088266,47.38708099452105,53.78015991218954,57.762788308195226,59.53155976553496,64.69779526418571,71.41586576053002,75.91381599021786,82.82072262393935,91.1775595598132,103.7747140865068,108.66411726685966,124.20815741476956,127.69278961622284,147.61407093198738,149.34428484156828,151.2475201421072,161.04799858360087,164.75101160837164,170.69115378988923,172.43208741962547,175.04028815793652,178.89851234221817,179.409588923332,189.5898851052372,192.59365823279583,199.10469108433483,215.64390443800391,227.7839454872176,230.06098957670764,232.52610454699615,243.03417937797187,244.3304984529057,248.76031696924028,251.65134102651805,257.45014043812046,259.3331454131057,262.1025440278204,264.7028641717783,277.166574069075,279.0421808982798,281.6841647114609,291.52605861094435,297.55623540591483,301.8116444485194,306.8132626597323,317.5869619951318,328.04778907825545,335.240933867665,335.60165204294515,336.1533386639618,336.6181722741201,348.9432857566945,351.4185055552221,366.61106330505135,372.73869807512705,378.69580443942453,387.2433668463227,391.771876730772,395.6965852972948
Barker_MC_09524,11.321203253325736,14.668665073452322,27.589642257515575,29.56381565726925,32.72419583155407,34.34331902716793,35.40356254011619,37.490438707629885,38.17207401701616,40.94124069543866,43.58575353098746,47.09743108001892,54.00726190581806,57.87295839046276,59.434513203002375,64.87963752775275,71.9603695394053,75.21772110273844,83.08461938910423,90.14821470023524,103.0822442933918,111.23542823722065,125.05401850085777,128.50527851542466,146.21130600504398,147.94728512304604,149.8568621528483,159.7002016142166,164.8145423582463,168.76840771060407,173.67938526036133,176.00004429292687,177.08077834290378,178.03070315666193,188.90804956759297,192.9065604470649,200.13192787838827,218.63076057973055,225.881665930912,228.98428907225824,231.5983866120348,242.7415312095567,244.12776361769065,249.0591117181355,251.4765116526085,257.6779207225933,259.69166241321557,261.92960105678463,264.0341995664035,276.7188563414196,278.6277124580482,281.3165312889983,291.3328945676518,297.46996960928584,301.8008152072283,306.89109818490465,317.8405252497022,326.55999859292086,332.55574192629024,332.856413420884,333.3162639420274,333.8268213350648,349.2798303071021,351.13951324451943,365.8305747014944,373.7254346273804,377.84329888164154,387.43249008791383,392.5128562899124,396.91584033164446
Barker_MC_05255,11.295405338600784,14.416853955801228,27.919348870974765,30.15715154048921,33.291706244940954,34.1693853799944,35.60459076213627,37.65340306242099,38.58002316547349,42.21104122007872,43.188698878247585,47.50151945024473,53.68722141179069,57.35424500738038,58.91733769038241,64.3216490674571,71.34930872890021,75.91145557404963,83.55881675089984,91.2203373951748,102.51796714134824,110.48543062784898,126.3697849271862,130.0145770302055,148.40480222687466,150.04630633450094,151.8519608528898,161.14089432349755,163.41140194199286,170.1919022328188,171.83603939180017,176.96692441845207,177.95035920762487,179.83470992951524,187.6651394716266,194.61581613154033,199.86880348228593,217.5267797371574,227.1099677867965,228.96332278023127,231.476150899248,242.1876131353956,243.89035296110393,248.61880650484548,252.24776050866177,258.4370891232637,260.4469080091861,262.468777563557,264.37274141755455,277.09387837472303,279.00822422750076,281.7047759125964,291.74994554867766,297.9046703871783,302.247971192943,307.35289346701705,318.3350252177301,327.2329744651912,333.35144260898284,333.65826844510224,334.1275314885788,334.73973273440583,349.8148010700717,351.60685697863175,367.7364606296314,372.0439121485518,377.77224725056345,387.24468273240245,392.2631915969529,396.6125659462299
Barker_MC_03938,11.295068320856606,14.50011724057231,27.916294740284567,29.715143621537106,33.21689525791872,33.46099104288902,35.84619245164891,37.45677973669984,38.367566009181665,42.49797639833293,43.63573540329766,47.14096048599662,53.66064703887624,57.89720081204842,59.84019106125458,64.96228390612669,71.62295216827978,75.28944347282726,84.2450802753607,91.13656770121533,103.83143865403524,110.76462305803112,125.7969080559608,129.35357742131055,147.09173398370024,148.77589416510688,150.6284703646541,160.1641237605371,163.22540666902236,168.32279693034656,172.27729576107353,174.60141076748624,177.24782257360258,179.09809686911652,187.93401213229455,192.4834781366808,201.2077126170549,216.2247163403109,225.7959610927,230.2572312674348,232.6552917201205,242.87753246334853,244.2278481506885,248.4017933942234,252.14678253505852,257.3310688572587,259.01452714638634,261.84959332651533,264.51558627831355,277.0744260982596,278.96434859543587,281.626497489308,291.54351016266344,297.6197125998218,301.9076012762112,306.9473946020148,317.8033198663798,328.34337119226865,335.59099269222054,335.9544427379409,336.5103075137484,337.02809502285737,349.65940759762157,350.7399924915227,366.80153621212446,371.75101167463026,377.7377297158396,386.7866962194305,391.58085065841897,395.7357845055424
Barker_MC_08765,11.486528664445784,14.387088376764504,28.15649844334759,29.629092454046035,33.06951976775669,33.654654694015875,35.10128088767438,37.15793350282766,38.200267253051024,41.69260901624584,44.032662870826435,48.17948830991401,54.05349023306043,57.42071584817148,58.81348792074006,64.27281943685028,71.37202619924456,75.28663851359903,83.30185080650757,91.19188444683452,102.58813770274432,110.15556084944822,126.2848330614064,129.87470174949328,147.29212648551663,148.85043747874047,150.56457957128663,159.40344439897694,164.39715296784834,170.98957745994537,173.72385224880145,175.30979642411967,177.50477796229865,180.06535751914805,187.3703359654192,193.09163807748985,200.45851276332436,217.7125247556876,227.2961711157552,229.32670733251933,231.8393753513489,242.5501551265292,243.89397231256092,249.0769015535581,252.40545180181132,257.8544048337244,259.6238065562644,262.03885203999107,264.3121408675862,276.79577477643755,278.67437987922585,281.32058706702446,291.178213842946,297.2180302486848,301.48024182597874,306.4898554334142,317.2892091545359,328.8314175242933,336.76814904021154,337.1661562253756,337.77487309680293,338.1707160440411,349.22280971181607,351.41336062636896,366.85931824528905,373.74337234646663,378.094388279705,387.6727062190134,392.74731174977273,397.14530320976417
Barker_MC_06357,11.366721620312722,14.75968490188826,28.10713247460272,29.439666090969865,33.14914552678594,33.613387239578614,35.21307428069153,36.9206558210453,38.45516564646691,42.30552021940711,43.19035077958071,48.03302465232789,53.919712842457784,57.72676207674942,59.467487571724305,64.63792527121618,71.36146022644895,76.23041965803374,83.62707424684496,90.88697286365645,102.852637144438,109.08799667422834,125.85862223162792,129.8052914937382,147.70792440557764,149.38488863092218,151.22954927880113,160.72713087203903,164.1415552959796,168.59596741376066,174.02846307589985,176.28879777760417,177.21727202364988,178.50818810392025,188.8098287198712,193.7170322996726,197.76494526512997,219.00251622037015,226.93970156892556,230.10858540540372,232.38075396607127,242.0663538475609,243.8424318600473,248.14674193260345,252.3935198136096,258.58643225233135,260.5974148892594,261.87634415522297,263.0911871892944,276.14192851340584,278.10587502334494,280.8722943007861,291.17773405186443,297.4919276698407,301.9477632999177,307.18495399308864,318.4556626070628,328.09301454167144,334.71991577054024,335.052238251044,335.5604961624026,336.0114636004425,349.42660036755024,350.63635983137885,366.9930645601433,372.8735490216724,379.1518116460644,388.44415830104344,393.3672558665952,397.6339404234068
Barker_MC_04954,11.315736795963774,14.610605682832135,28.337435986286057,29.85171075387132,33.01219581485887,34.09073248378202,35.77600746174792,37.30470623767781,38.857042745683984,41.1180121033326,43.25543054715414,47.578691663778166,54.03437368978352,57.79298179415253,59.36950965266671,64.52919515368794,71.23874816262048,76.34407423606493,82.77148154380642,89.97648222457978,102.66736332057792,109.59119025053792,126.50262061999337,130.3750423696594,146.87691081662572,148.7514405354838,150.8134232262276,161.42336931866612,164.34091611832147,171.23669643846034,171.661938146965,176.02007406253284,178.11615106861973,179.72297265125596,187.460571990132,191.1142248869882,197.22267530270304,218.08813490412896,228.05902003439832,229.76402252849147,232.12421951144736,242.18505919303036,243.6602443215784,248.87117834680055,252.03578262393245,256.7881485096482,258.3313521920946,261.10449085656273,263.71714291724516,276.536320662458,278.465420226058,281.1827540199462,291.305340977331,297.5074997893353,301.8842740680407,307.02853957097403,318.09401062812043,326.8965042798949,332.9493346002834,333.2528688641377,333.71709773826774,334.24320680531406,348.9342995043867,351.1850384161287,367.5295471041511,371.71542742684994,379.04979572966914,388.0171910761781,392.7681290081034,396.88560854910526
Barker_MC_03839,11.27645862440124,14.505272560342474,28.350488029758303,29.964406496594396,33.248442704798116,33.27165284803904,35.23030963173263,37.08812552480884,38.58688783786192,42.166193555821806,44.33781325805908,48.2193375887351,54.005487180468826,57.41652608024319,58.863516818625826,64.51235766171935,71.85799860597022,75.73082648339742,82.34628979022257,90.159631421506,103.77338550052262,110.59576149490118,124.55524290493508,128.0762683024668,147.283218679063,149.07230790954912,151.04030606308382,161.1590306539077,162.89851856317642,168.25750311360622,174.95013728033004,175.13850280633903,179.18119786917038,179.2156368832552,191.5367620972845,192.9952097419199,198.25373651596033,218.79406395423857,225.58935096310836,229.29457434690104,231.9236708603965,243.13075176114413,244.33546515769845,247.74887086735328,252.13985772021337,258.33711356022286,260.34950660052107,262.6004271869149,264.7153271566568,277.05117165632663,278.90753660530606,281.5224162646212,291.2633420184058,297.23165513394184,301.4434078676479,306.39371439825976,317.05461164341926,327.120927096773,334.0427951265638,334.38990945254153,334.9207901863898,335.4792993454679,348.94294118558184,350.8081585219571,366.14454309315073,373.1413704022101,377.3551416733697,387.32761538295006,392.61104516286025,397.1900176387824
Barker_MC_03675,11.363741228008752,14.440823260938954,27.91133609812869,29.498582374615538,32.68077245281433,34.484419353320554,36.0721311154504,37.89981147476738,38.40272646460625,40.99103326866806,44.11913586772493,47.69414159544764,53.98319036719818,57.53661117144033,58.98603552826456,64.26516078220246,71.13003088428138,75.69941064420051,83.94893137235219,90.42211070238214,102.65245879079346,110.65187766856444,125.4658759948391,129.01097511469752,146.40019102334182,148.1613363489452,150.0985962071089,160.06540127864557,162.6174541422888,168.8012246793721,174.27792607777644,176.94433314099828,178.24599256756846,178.76073475395563,187.060392885738,194.45919066804356,197.5229919625015,215.8288350799548,227.00442204757056,230.23566137252683,232.6166358137193,242.76604381303972,244.27396213562332,248.70954289311564,251.99248081601155,257.88234667462524,259.7949230419979,262.9154323369433,265.8398036955835,277.95325637423736,279.77615459286966,282.3438929438465,291.9092083276379,297.7699241058216,301.90574694594454,306.7668088622975,317.24598486334355,328.45337870619363,336.1598827888024,336.54634464545245,337.137403955623,337.556398609978,349.679656936461,351.1667991469657,366.7791793294852,373.9101156522802,379.2101575104718,387.69344842932543,392.18790719428097,396.0831047905758
Barker_MC_00813,11.498445809753548,14.763003874636652,27.716136742818176,30.2073515299553,33.18310201512359,34.20041684529191,34.90739391200325,38.12121333231938,38.583476962442525,42.46903695070184,43.85977624129654,48.18289096961804,54.211071028325875,57.6086030299321,58.99167585158008,64.57582250475166,71.8373364035527,75.14425437435645,82.78513387184046,91.38428215441539,103.18830964442697,110.05635562307307,126.22634268000311,129.8750820535627,147.5891524961234,149.11517498006114,150.79379971239263,159.44861152189657,164.21409872282467,168.18622656135113,171.52574593912271,174.93208601211995,179.04068449703811,179.09497367584456,190.93945818475007,194.67117403293025,199.83220412920537,215.62888169873213,226.65698335408376,228.8693487627681,231.49731844924233,242.6995960110772,244.1843599569937,249.16889526772076,252.13123236883877,258.16746710760054,260.12757285302865,262.7886341559293,265.2868993284524,277.80337827907243,279.686926082321,282.3400955686175,292.22365823512655,298.2793656885819,302.55279134971596,307.57558549171233,318.3815350297642,327.19929313622134,333.2626197043531,333.5666803287137,334.03171422479454,334.65826445549925,349.97307818428305,351.15406366830166,366.23224517271586,373.10902161495096,378.9179321853144,387.4236247954032,391.92995200604616,395.83543558860345
Barker_MC_06382,11.476375551748218,14.39663588711071,27.737846218689867,29.46816556694525,33.04288394069951,34.260641544285356,34.709603300039376,37.0136203269312,38.18992305757465,42.45264373808112,43.60253297370471,47.081068165782405,53.58780705894721,57.43771230198373,59.07550702152112,64.59188420112294,71.76527201642261,76.03453706653423,84.79433422857107,91.11912252968337,103.41689393526286,109.86342539319566,125.93898494035236,130.066453016069,147.57841803201137,149.16146757299458,150.9028220680761,159.8747542008865,163.95361657857745,168.6752401414729,172.35226477573397,175.44512046182493,177.16409715330903,178.779024278853,187.97909218076663,191.67471408501007,198.5255619297789,217.84240182049055,225.76319487512808,229.5183253154427,232.0543013787801,242.86443663182,244.26774499474672,247.7244979834755,252.17157828387465,257.37346843901383,259.0626431019373,262.08109725977397,264.9163998205384,277.26394800295816,279.12207418574945,281.7394347227996,291.4896022195971,297.4635777965284,301.6793264478077,306.63432960191784,317.3046867129336,327.2978866356355,334.1694784688929,334.51407156967576,335.0410963120495,335.67312964190563,349.5492605712312,350.9878275040808,367.409496631451,373.1250496963872,377.6024589762774,387.26387094402344,392.3824998011074,396.81864481058017
Barker_MC_02298,11.49307162352388,14.505130602027815,28.34402211764365,29.920546453942197,33.105744096766514,33.394778425031646,35.17111896044122,37.78328200247506,38.67030219685611,42.08303029708607,43.80904668340302,47.64333113563061,54.04291934187922,57.91999507293512,59.60305252127747,64.61894604411182,71.14151480764545,76.12860570641497,83.60122582552872,90.63027725438762,103.91212839803316,108.91633165888506,124.99252823968035,128.42003481498045,146.6576659757714,148.42898771973418,150.3774416380932,160.40391688644152,163.2557260143082,168.7675431753782,173.44792338904392,175.33733491244683,177.06546641965838,177.8431864518411,187.78064423985307,191.79752087274107,196.9042471358038,216.96427060512536,225.62811653285692,229.376961897429,231.82731929898543,242.27248686663697,243.63439658524632,249.15049783387113,252.2876126738142,257.9256272087979,259.7564215965416,263.0092597929132,266.05897369436036,278.29106599726356,280.13181775158387,282.72470463132555,292.38370308410344,298.30181893939164,302.47814818844114,307.38681953329547,317.9497494799704,326.8830932939133,333.02589968930204,333.33394602771386,333.80507572175543,334.4010572836186,349.76826510557277,350.9412929266825,366.8401850280681,373.94470005631973,378.36500864308726,387.3208249435113,392.0656282814843,396.1777911743942
Barker_MC_06865,11.378224789341257,14.781658178089382,27.822546795475333,30.110730268311237,32.973351651077735,33.96673844178513,34.75389585578215,37.24636805709341,38.201468162023,42.35587333300735,44.22262924602515,47.59900569593149,53.68595728964207,57.62153967702154,59.41994129094897,64.5329721911364,71.18185647959302,76.28828270246949,83.9333643893166,90.88482972900132,102.41517041296278,110.540302002661,126.16895301184066,130.13118494568056,147.0270028601032,148.81139710391807,150.77423077211435,160.87712964997417,164.08275496370825,171.16673671445955,173.07537871322288,176.80523055212691,178.23260218501628,179.99985601492466,189.8366079553206,194.76939185130385,201.2817742329627,215.2290812817822,226.39682195801265,230.05322630628655,232.5182404450794,243.025885460442,244.1203728572886,247.57149490792995,252.06039177958695,257.01421749302244,258.62283986491286,261.793883679615,264.773085200065,277.18941809924934,279.0578953801945,281.6898364963647,291.49431943293746,297.50157434694415,301.74080774779844,306.723413830319,317.45078326934015,327.1929265927109,333.891885186266,334.22782116293394,334.74160559783786,335.32663855353695,350.07111415987737,351.28130057390626,366.1511002484668,372.0055468199688,377.4185964466131,387.0111986996816,392.09337207879065,396.4979223406853
Barker_MC_00043,11.324616233966754,14.581648616798008,28.262342967445527,29.797448865654584,33.06084488955318,33.2610506000733,34.99595502895432,37.35533611257609,38.63725941885469,42.48491982482251,43.109226641982225,47.33983751970922,53.70125828973256,57.79575969546361,59.66075128062499,64.90815228681461,71.73176880436917,76.14036198671432,83.6480100106272,90.20403069900604,102.5115229601132,110.85525272024664,125.60209317506806,129.57357823594387,148.48788396144164,150.23885422185322,152.16492150830587,162.0797687755884,165.38828982354315,169.64425818052072,173.3991504182912,175.61224702284164,177.6032743622126,179.0497302903864,189.59092368118965,192.75104468152537,201.04925914639975,215.73507271315304,226.5197239372769,228.8311421744522,231.3459279150288,242.06573492782567,243.4135730780407,248.3557657758942,251.69366108427425,258.36525919157845,260.5316821932122,263.03677414589833,265.38461898078134,277.680996135856,279.53142182424097,282.13793542831024,291.84769602972835,297.7969141031383,301.9951917402269,306.929660242587,317.566334966506,328.8486959566751,336.6067494570144,336.9957963877099,337.59080934053827,338.0814488569055,349.66595774005106,351.27170918771424,366.17015130966934,373.7911238886006,379.0246955175375,387.5904762132763,392.1286381712837,396.06171186822337
Barker_MC_09490,11.373816714141473,14.476087827686651,27.735265400785945,29.495790143137977,32.65834359596587,33.46968791974452,35.46262786768458,37.8673011857225,38.62706675119792,41.62413076519479,43.72213341810002,47.56935001711214,53.62645318856962,57.54084292405653,59.32918922002747,64.65293267518885,71.57582340395382,76.21618516718402,83.2956617959511,90.4559563647504,103.08173140127894,108.64872127162997,125.53259235964074,129.1148421620524,146.82730150887667,148.58003138830455,150.50803425567517,160.44193699868296,165.00013802238263,168.4393057179219,171.77877998619084,175.74823737814827,177.697063124231,180.23266212510345,187.5780103443776,193.96070538736083,199.56928813324708,215.63083621669549,226.49183768796016,230.36860902403637,232.8031989230694,243.1811541706425,244.42667288912693,248.68765255913257,252.06416668678256,258.2283957131127,260.2300641792272,263.23063717211136,266.0426246004448,278.3454374015999,280.19683156099694,282.8047093554166,292.51955182623163,298.4718835860138,302.67235850679657,307.60940959852223,318.2475150673184,329.01351855642963,336.4165108136481,336.7877523132726,337.3555334303454,337.89648237276947,349.4808197087493,350.85069514731117,367.8532899064824,372.0420608773746,377.2095035008839,387.16180078613183,392.4345410697068,397.00424931547184
Barker_MC_03156,11.395027462370322,14.614601023392062,27.63159590515332,29.94910431966886,32.85167149502407,33.61257498442778,35.55288385346242,36.88720868650602,38.17084741435957,42.20827701584683,43.43122084639416,48.12116608941399,54.29987111858644,57.98751224156309,59.568697258955055,64.840795704746,71.69652828444373,75.70410523493662,83.17877527140081,90.79080255485056,103.38732128276352,108.27009303720722,125.11665799673804,128.9330773377215,146.03239259026466,147.7532658164558,149.64622636526602,159.40088269458064,164.05537353249613,168.17028062777672,173.62135104161854,176.9628205860811,179.07811470263573,180.1437947968811,190.58827393604733,193.40531841775237,198.42210042304123,214.72669862746017,226.60630309414705,228.9994062089289,231.5516363053769,242.43105781820165,244.0693891454597,248.72883219698608,252.0287266137233,258.7539836914798,260.93783100824203,263.43899729316223,265.7832126860159,278.1535009844904,280.0150492235812,282.6372300764941,292.4053541697879,298.3903318417036,302.6138445131893,307.5779731507648,318.2596142679109,327.2147266891316,333.3725017617357,333.6812987417778,334.1535764759598,334.646411607172,348.8228757896789,350.88238727284323,367.06155620260694,374.00548273342065,378.43562126879146,387.8744387236426,392.8751367129675,397.2090749703826
Barker_MC_00595,11.339284719392822,14.430393583905136,27.68020700261375,29.761428681242258,33.261036341266546,34.08498155974523,35.56453072077343,37.52260098921804,38.8486809693575,41.63551155405267,43.84528837798986,47.237264485164985,53.7600175992329,57.45193755718884,58.96019304277456,64.28067298689673,71.19931991043202,75.8694685067694,84.7940146649856,90.36419039667861,103.82598571004988,110.76190734268728,125.56270102220168,129.46729434104802,147.99436291948066,149.67530975256616,151.52435126896015,161.03923572061882,163.74166518957853,168.11017332070276,173.06308374766246,176.53929724143535,178.50101307589446,179.13022053603555,191.4709444426463,192.67165593266895,198.38594052752055,215.68453709483916,227.59088678530327,230.10676947938805,232.3893294641069,242.11922499218804,243.64730593967087,249.2298595766378,251.7567452977952,257.5726913612774,259.4612642527402,262.58314767492135,265.51042471951223,277.84356792835405,279.699526372403,282.313833427999,292.052626123654,298.01963230398366,302.23046275230996,307.179685269774,317.83573123594635,327.5820636118026,334.28390271000796,334.6199831367616,335.13398849532604,335.7606768431904,349.55132251694744,351.541250057313,367.2505328934107,372.567352651584,378.90317373869374,388.1057041680237,392.98121697826446,397.2066614138066
Barker_MC_09145,11.505962576390786,14.53363723141296,27.75113612744296,29.97981001882601,32.56881384159755,34.286240487944355,36.09411201272954,37.52989226977022,38.68773307566217,42.04780658835433,43.971378547031065,46.99328436232933,53.82400015246867,58.02503648419295,59.8709729696281,64.95075460903821,71.55640221617989,76.15061245992192,84.21974409143544,90.24346595690625,103.22758972628807,109.94508688719073,125.50841357499094,129.56092007476258,147.3967210299199,149.1756377924935,151.1324462313244,161.20613098921183,164.64844540053025,168.42549774754403,171.4812166247261,175.7276836850987,177.50358566489027,179.03636676448454,189.4506361720006,194.52371868549065,197.5368642810469,215.0140893449035,225.83268166224727,229.62399711812685,232.109484224192,242.70439960004575,243.94423214809655,247.5993305498394,252.13619014959627,256.9408742869416,258.5010669219467,261.9811591263129,265.24835821324876,277.5947526299571,279.45270518781126,282.0698211564016,291.8190775890127,297.79249495243636,302.0078496804711,306.96238983474893,317.63555382014255,328.1081210378353,335.3093386581148,335.6704616656215,336.22276744180806,336.7138650731473,349.758819212393,351.3850879316174,367.77591403901187,371.6656260519825,377.37797346443887,387.3164313354416,392.5818394790191,397.14519320345306
Barker_MC_02551,11.424162165574277,14.533645348273923,28.22639623018288,30.097927473905234,33.314758723012496,33.80052151474066,34.77058659099998,36.919642687187974,38.55421244253531,41.50802970206629,43.15627025302426,47.82664206027432,53.78661499905028,57.9123461581609,59.89085394562689,65.13546592958389,71.95545565777131,75.88868378959742,83.67444987286075,90.41518948320432,103.6622175856644,111.03981276877512,124.86601870711634,128.28236133498837,147.73239830388178,149.39599918171652,151.22596014733463,160.65333925697126,164.79201405767878,170.27250575038835,172.03918222170407,175.61933503748182,178.31811041541587,180.13942586019215,189.47484109233577,194.6391705317543,200.2221462401993,218.30935296924503,226.61878825142304,229.19180482771233,231.632686975696,242.03746426752463,243.66523168341777,247.9922378959779,252.21575599398685,257.37841415911464,259.05484928284613,262.00471111444455,264.7765779420629,277.1394505654707,278.9998828534592,281.6204917752496,291.38276012512506,297.36414995424957,301.5851307366753,306.54628350464475,317.2311744233975,327.39977380649884,334.3919750050208,334.7426163630588,335.27889138123453,335.72214260461027,348.572628866773,350.74854096591065,367.24383521056126,372.7670770912847,378.00650289605346,387.72125206360033,392.868139039784,397.32877441914326
Barker_MC_07961,11.53855853333658,14.798163457800968,27.710270867400613,30.08169033638669,33.06684689593641,33.58658038542993,35.146284952299276,37.24170374912341,38.84568911158089,42.33199369894005,44.34678956608377,47.99986918399484,53.84553350078524,57.34853466781849,58.855593985855464,64.44995600891582,71.72475377274336,76.14101338167542,84.84874311716328,90.13136814374823,103.66790305433824,109.61901026062164,124.7332991819636,127.90245119773869,146.43150522771782,148.23837691585584,150.2259357728076,160.45943929703884,164.1635452007231,170.8794370539554,173.27569632075645,176.02681576506717,178.17683307529407,179.1052929373708,188.2047734794319,194.3032165434085,198.1445261736041,215.86675254457705,225.3976013844178,230.03911566431864,232.4080682940005,242.50623077476288,243.76598042308592,249.03971601179097,251.9278626712926,258.7687049265361,260.9900854374638,262.6748318751826,264.26041817163116,276.8759967681479,278.7744576249052,281.44863367044525,291.4104497790215,297.5141035012845,301.8213641547879,306.8839264394742,317.7839030859222,327.7410185632542,334.58779776571976,334.931146575283,335.4562682840266,336.0871590294916,349.930193002699,351.28251184582183,366.30604666712645,373.80157681154145,378.3518515624329,387.0920222889425,391.72257631623233,395.73572313988353
Barker_MC_03343,11.35086496276589,14.727794456636516,27.984322471546207,29.971524827960312,32.77925573511457,34.50100829095499,34.73702190860958,37.149755672176774,38.56334009508513,40.87540680639336,44.03263035125689,47.49207476223116,53.94507698950124,57.78889539641608,59.43361185013459,64.78772990566515,71.75011916418775,76.00058930141205,83.82263324112056,90.33439555312928,103.91772740389662,108.35803122515064,124.39149728951534,127.85192668979884,147.8983277917486,149.57117153124244,151.4112996446856,160.8791105357098,163.40310892266663,168.10500436312054,173.27752712810565,174.8818776117385,178.17480884351787,178.44605336904297,188.18730611076512,191.63609645427977,200.36367366936844,218.68181199506017,226.51519534735544,229.90736283677467,232.39694771643275,243.00933072039865,244.10955882802784,248.861325396828,251.9692193137271,257.22262200118365,258.9285239808743,261.5369442059731,263.99162753196913,276.52958726599024,278.41636761431374,281.07409047055455,290.9746153090696,297.04071556873356,301.3214752837473,306.35288954594347,317.18750225517766,327.2979394984965,334.2501468524215,334.59878261943254,335.1319902630964,335.76882543604165,349.0533743842903,351.4666529833721,365.8577949519382,373.9831507023094,378.4049289891985,387.9789344050651,393.05125515519313,397.4472664719708
Barker_MC_00988,11.432274266018906,14.775272046622408,28.073038970497542,29.971962401060548,32.71659373942794,33.64470928190008,35.57591647951998,37.955219954057455,38.96872678056979,41.629808217667225,44.10489887459459,47.06497671837613,53.42771772090583,57.16567250668394,58.7457132476074,64.15378013299939,71.18632338320494,76.16209111219344,82.43028761058903,90.49371202766056,103.28232855341886,108.91701399335636,125.13507273189502,128.6119364975953,148.63272133825646,150.33908815885988,152.21609166152356,161.8698663353295,163.9280150957807,169.14787424714743,172.87858080993982,177.0960181196494,179.03186679100543,179.97964065353057,190.20336324316057,193.5492906359416,198.69028515114007,216.95949788813851,226.27822086701636,229.7833080891161,232.05695984737443,241.74888217283143,243.18158338085632,248.20762875156285,251.8536181193877,257.4092929239043,259.2133496869945,262.1336646709853,264.87612391122985,277.37545512796447,279.2564224469876,281.9059570576547,291.7759791187656,297.8233901767003,302.09096119082824,307.10687404155664,317.904047238994,327.4708417718434,334.0492258420989,334.37911530874885,334.8836521400959,335.51184299330083,349.3690916497295,350.9157280574733,365.990502979857,373.35100328995173,378.3913232111533,387.13678506381547,391.77014233674896,395.785718639958
Barker_MC_05877,11.403622506892342,14.664676007550174,27.80412773127241,29.991839076175236,32.51457278660943,33.97944970775344,34.810695868108645,37.23194811243714,38.27973166680053,42.44668194586636,43.48424802164525,48.03366313459247,54.126648816710286,57.580470040307155,58.99423622667674,64.62182535569413,71.93983099114638,76.00849028827906,83.76359769787922,90.04385053447545,102.91529133601216,109.97064236237182,125.03235251755056,128.39581106999833,146.85558563646222,148.71844426562274,150.76758875769923,161.3133213605469,164.46570548548917,169.54343918004653,172.38673791228294,175.78460577397675,179.41024608726678,179.98758451470098,189.59120149097473,191.69351698656,199.68709000876,215.8334746233419,227.66790043328797,229.6137503388752,232.0173654513412,242.26328410871744,243.81827961688217,247.93421189116052,251.37174154998743,258.4322101708581,260.72490846841015,263.39139399433566,265.8858241227506,278.0132252653608,279.8382225246856,282.40891758889586,291.98524729374014,297.85271160060176,301.9932967803603,306.8599561385599,317.333706542704,326.3453561847978,332.54200776424966,332.8527543036322,333.3280137168055,333.837605816053,349.15201910894336,350.69834089582895,365.789001151309,373.6876716140122,379.1422765800098,388.2545047790878,393.0821753481358,397.2661565079774
Barker_MC_01293,11.50676149801599,14.652951719030217,28.36250083110643,29.801972238187545,33.165186249412145,34.482926227772936,35.61420215023101,37.33193144043002,38.82076454893603,41.967118030668075,43.910914770567146,47.6144642041467,54.124259094368455,57.95016752710178,59.568134146524685,64.67266242307561,71.31049006786806,75.67285182594456,83.06027212116342,91.30692262478289,103.22963859988724,109.70692838032208,125.68144328808675,129.90727029608277,148.18854104127436,149.77708714903034,151.52448786756185,160.5327364039032,165.33376698085883,168.52835951100028,173.73762449766247,176.42214668308583,178.01371512522223,180.0584469985548,191.18544890409348,192.09139365525175,197.8844633018815,217.183411873898,226.70148614879167,229.15681755080217,231.7292100028821,242.6945778282735,244.06462307891636,249.08895852862952,251.38636392026936,257.3173823088983,259.2433218594493,261.5512317280825,263.7230304781949,276.47085774720364,278.3892201032195,281.0914294434139,291.1576749244434,297.3253130367956,301.677726554208,306.79335950358364,317.8140525389593,328.69024738777154,336.1690101742773,336.54405137596046,337.1176438020641,337.65632235012595,349.0896198087571,351.15886390357923,367.5909454001156,373.1853492048248,377.84984374483736,387.62011157488195,392.7964124119916,397.2825398041534
Barker_MC_04407,11.466370835965886,14.598980588792662,27.878652221103565,29.562176853803628,33.245423901657674,34.462199890279116,35.123963316924026,37.95640607487894,38.76722640491163,41.80155386914118,44.01515272101299,47.754419412926254,53.778760057471615,57.85563132022507,59.78061021541065,64.98632449185438,71.75573241027169,75.61035998965173,84.01761243735933,91.2440568448512,102.9714962228682,109.5303019163452,124.84328283309917,128.53525092546542,146.55693695882084,148.34020574099816,150.30180140139316,160.39954248199686,163.76961868741083,169.8514292300448,173.01403048452525,175.57246259558735,178.15661540490305,178.7445617696693,192.77729525150025,194.00338547244203,199.75219045938405,214.80780182695332,227.3233235430773,229.85611626153465,232.17788151478192,242.07489780616655,243.61434163111417,249.35705577347335,251.6012959026475,258.6626892986117,260.95568789213513,263.3512301439158,265.59455402307964,277.882337031484,279.7314694259526,282.33616129342994,292.0391355783836,297.98419564232034,302.17953903192125,307.11055875050425,317.72852791888494,327.5798231123299,334.35383745427276,334.6935372885295,335.2130782115103,335.8061525334561,350.0932068717825,351.46968540306693,367.4911789423795,373.0248160664208,378.27096704357785,387.4850068176432,392.3666172939692,396.5973463734518
Barker_MC_07887,11.376031869913554,14.602144173090842,27.897125701046228,29.81981926004668,33.16703228994615,34.267656123001,34.80025770809629,37.07240976147353,38.21225079256714,42.296496012238975,43.44526958794212,47.12158056042913,53.74871491634031,57.873301139145504,59.70341791387025,64.70129867355523,71.20044399603533,76.13919407684783,84.74391330610334,90.7764748655631,103.56160492320764,111.00784782530116,124.96622976797823,128.35832644444665,148.36308573322776,150.08348340473543,151.9759208433938,161.7083194161958,163.67979762628835,168.4797075678079,173.45949987103384,176.43213303313544,179.4343585666292,179.9931933658606,192.08392333494913,193.66163342409473,199.6996588412438,216.7713397893409,226.05560087652435,228.97615861574235,231.61104863326128,242.8428255723462,244.2275943074002,247.9729248473952,251.75201407300227,256.5052650744461,258.0487561745458,261.9015957233855,265.51573026498556,277.86313850326064,279.7212436264962,282.33857449901086,292.0886314897524,298.0625393590797,302.2782402300766,307.23318722537147,317.90038121244106,327.50934682339266,334.1167288560754,334.44807249783236,334.9548333616959,335.58225928728535,349.4414904182744,351.5161711138643,366.66825854279784,372.1703572277388,379.0628793418375,388.1453965679398,392.95732622415306,397.12766525953776
Barker_MC_09601,11.37216084777288,14.52250786138858,27.806270545410506,29.519458216765088,33.21713042700127,34.471253727838814,35.05334588243674,37.145443436470046,38.13063984844689,41.57916866904995,43.3528959238039,46.992637340091925,53.42616268629146,57.24673669861794,58.87738754542754,64.5225226691074,71.86334476910176,76.18708328097745,82.95222075488167,90.0740811107163,103.33917188874702,108.58897661316672,126.65594760622442,130.3698425979528,146.55376420786845,148.2742559664879,150.16679690096933,159.91123867016813,163.46083425832515,168.3406324281804,174.6787397420912,175.44759335830372,178.11468890821163,180.00155875438656,188.609955252543,193.7835636246488,198.20128118572848,215.76789011872103,227.20754356822948,230.01273163527875,232.24416418042,241.7561181652169,243.6060978501204,248.3652746728536,251.594062062469,256.83888793290475,258.5420048207215,260.9631025034893,263.24447794761375,275.93952359441994,277.8499430849587,280.5409640877607,290.5655308768245,296.707632249632,301.0420248571986,306.1364768319687,317.11963505981987,328.9730010867137,337.12369293887787,337.532429698426,338.15755650714647,338.6143338116756,348.9399276818898,351.2738729386179,367.76718703805375,373.0960402942261,377.5907336657186,387.25467855578006,392.3746493584616,396.8119573874524
Barker_MC_08218,11.334070183428564,14.777540596943586,27.651215447984143,29.594460119957223,33.14894334546718,33.62857938766953,35.65069909427658,37.53580335848116,38.55446528061306,41.61035911874162,43.972230472892875,47.30463565962784,53.425372860336,57.306315967455255,59.0537899991784,64.45451837579625,71.47751877428792,76.25363261017831,82.60603415697544,90.1941525715316,103.1157288515426,109.80381627540434,125.85134921416122,129.95194384171222,148.2034753619904,149.85935919064906,151.6808314021735,161.0500913839485,163.19718179419584,169.2753584365894,173.613793574245,174.53284917805584,178.60425841213174,180.17618446569753,189.028058554394,192.2236085669102,198.18105390405975,218.67088546140263,227.86600053439273,230.2807198111055,232.70822168069685,243.05596270107344,244.17742817115644,248.69992207917096,251.99031723404076,257.069622983362,258.7189916399682,261.65682055702433,264.41914626650504,276.9931545512762,278.88535968150865,281.5507238972126,291.4797142580028,297.5632554831591,301.8563230366975,306.9022033839843,317.76217744198544,327.17063397016574,333.6401405889346,333.9645701243891,334.46075647273125,335.12467637831656,349.05710148315137,351.0900179114133,366.0083561733622,372.91102727138826,378.659580152803,387.9896364590082,392.9327126477261,397.2167120112817
Barker_MC_02513,11.387815355384047,14.441755290296932,28.212144707924764,30.084583083708587,32.933354550665555,33.812707555693294,35.14735572007027,36.81454764901069,38.56915372685653,42.502911966577734,43.08417530009103,47.17610229538377,53.564203754088986,57.3783755991157,59.01402832940559,64.31385120743535,71.20563609065273,75.87748738220263,83.55649130311156,90.05515239231171,103.10966042945743,109.1434539168585,125.54050786004184,129.44606598128297,148.0443219770555,149.86205216781775,151.86155537765617,162.13589157942343,163.02917756785556,170.58853538267806,174.06031854238614,174.58461717170678,179.219401389635,180.08261631634417,192.3272968847146,193.86063674485888,197.09514039842372,214.71912475947153,228.0265085291548,229.59007747973004,231.97816386705597,242.1578880435384,243.52420039801143,247.8469828205793,252.01022768183688,257.069851685825,258.7128292221753,261.99938275000693,265.08619360688107,277.6805114194246,279.575772837817,282.24544214759567,292.190469805397,298.283837161304,302.58383887400095,307.63786932304754,318.51449672998785,327.82606812634214,334.2289539343829,334.5500426032227,335.04111939086005,335.63520245005174,349.41744062261705,350.85651846463935,366.0132818093338,373.35915486721774,377.2613371011459,386.5988649479252,391.5458995687354,395.8333295734376
Barker_MC_04138,11.406030920702,14.765906858791071,27.738511390003115,29.602744394799934,32.918811828482156,33.760899870077125,34.84155497843732,36.98567784861218,38.20715572339018,42.16510779683604,43.49368261113408,47.27867095996602,54.06441965297565,57.51895483643859,58.780343847432505,64.43736329348967,71.79363953132824,76.36019684058475,82.98147975040837,91.32979535958869,102.41026560467635,110.39408076296152,124.87929716229888,128.77281398809487,146.78183763216848,148.40997943610657,150.20093542043844,159.4328962012562,164.2404894143827,169.4196415111306,174.48397971332324,176.135993838155,177.2401319651951,177.3877071962061,187.0047219000344,193.6481342954003,197.7956748396335,217.9004592146237,227.92350068235396,230.0432624176106,232.37198321251756,242.29864897385804,243.84078650124945,249.16406775847904,251.4983724499511,258.72489647168226,261.0715168182222,262.9096188694466,264.6348176158919,277.1744951557984,279.0615340088911,281.71962099550564,291.6215022891535,297.6884336555484,301.96977987062985,307.0018834788771,317.8432912486753,328.6256585174212,336.03990294765407,336.41170871554186,336.98035283113495,337.55564750109494,350.3690850749164,351.8395061064372,366.78637586483666,372.7191952023839,379.0860435655196,387.44184249957146,391.86875584211543,395.7054140723202
Barker_MC_02984,11.536113743713017,14.424329353776988,27.8983049769804,29.53752632776665,33.289839981919386,33.47648639308949,34.729740779401446,37.51872406738261,38.8804037182081,41.707389543981726,43.382489822610616,47.78518934564723,53.91952734557422,57.761944571677425,59.47619051541443,64.93906279557558,72.04287389753418,76.19064609849544,83.05093844991977,90.21952309488996,103.262260821176,110.9488557461558,124.85258689747268,128.18177595372214,148.1225467355968,149.86206486849304,151.77553481467882,161.62483601399418,164.81595671228226,170.67924222977928,174.72873347957227,175.72337448190868,176.93413293010008,177.70763699414994,190.08178664476267,192.26357197279296,199.0363116195473,215.1776353480863,227.5735161675915,229.6166891482306,232.17883836280484,243.1005422181508,244.5113846822084,248.24438605827368,251.81726411360057,257.5832468280605,259.4555954585862,261.1228229238372,262.70104985815277,275.6497462312813,277.59833646218897,280.3431248519622,290.56798541844563,296.83280777372954,301.25380281374595,306.4500434294998,317.63281001145253,327.2181250290127,333.80924428043835,334.1397723844922,334.645285955398,335.1344400000237,348.9153792452389,350.68478786244174,366.7189052709776,373.5555643789167,378.6304432828072,387.3181779874675,391.92095134092995,395.91002158059734
Barker_MC_03847,11.517404960623947,14.376804712217268,27.90223982927067,29.83037425328777,32.87728757803516,34.14408369655147,34.75036351806012,37.26733365649702,38.56302422336878,42.06601883468672,44.205546224672375,47.81732423220996,53.76650320233919,57.56724624848485,59.288651935297416,64.45845260980498,71.18115919034334,75.40335422453927,83.61194433451942,90.87621265240992,104.1588311484094,110.47574248668258,124.81308908041736,128.33514700324716,147.24768468726637,148.98495702867032,150.8959566042146,160.73443966968262,164.18159624117703,170.59483798842774,172.38436497232115,176.73528751472213,178.42033366182753,178.63328043619387,189.0563470536715,193.39234726770025,199.2922436778209,218.10751627521464,226.286206510549,230.25758743588463,232.70044586856392,243.11364749261185,244.58611421315143,249.0254927262311,252.1674910125123,257.247906696686,258.8976357749416,262.2891050035716,265.47286088629176,277.9764734312854,279.85808502786205,282.5085271692766,292.3819299556146,298.4314124005226,302.7004451626483,307.7180760868529,318.5189265574798,328.0863433512546,334.66515530478324,334.99506622870655,335.49963587705975,336.1185726493909,350.12050215677056,350.9648935565944,366.5639854265333,371.58956610544874,377.5032498168202,386.89358431320915,391.8685959669252,396.18027273347906
Barker_MC_02938,11.350863751556888,14.732416476692922,27.80334805534744,29.423851577991456,32.74034288123365,33.639185102114574,35.53122543899477,36.996343684266954,38.64378991788729,41.46797732086067,43.080992819951796,47.651884645338086,53.6970849919185,57.34797335602819,58.92929646852525,64.43331565544584,71.5906333814034,75.54096364194415,83.51142043747825,90.84565809815209,103.77579762023002,109.28386012520338,125.70528279391912,129.53776292095526,147.46707591029687,149.12081228770973,150.93992230286378,160.30786564459711,163.93737935917244,169.2847462121284,173.51798160690987,177.39605272782984,178.46818251154068,178.78706367540548,188.08813485891824,193.81296442086767,198.66249066442683,218.61912172527096,227.56216603226952,229.7651820134986,232.0855393820505,241.9765542666403,243.5284624335074,248.00421890879983,251.59729307343775,258.4483663323264,260.6730690879802,261.6197746472825,262.52021856393065,275.3620532969771,277.29456240728985,280.0166988960101,290.1571768081891,296.3702974961841,300.7548074131304,305.9081650406312,317.0014428049779,326.8610860717801,333.64084077248174,333.980828471337,334.5008096578215,334.9821112076334,349.65405773271607,351.01097688648474,366.1062114393539,371.97997245103613,378.39841728566927,387.5863150555493,392.4540754634326,396.672801150265
Barker_MC_00610,11.321345070488306,14.426366077924213,27.855728300715377,29.984751505208788,33.11284964055241,34.496697883356305,35.07631868507459,37.47683220565131,38.85492106210033,41.04196382246161,43.78828450286821,47.089463006166405,53.38983425944713,57.4918650186228,59.375981733898065,64.88801694058316,72.05575854015085,75.5554655577253,84.6366985444857,90.97173814203472,103.64993695441964,108.74675245122506,125.32659720329892,129.2803318453127,146.33989037277115,148.1193603687424,150.0767773643107,160.15488490185697,163.77510199192344,170.89726941235153,172.64590302804058,177.7492040075877,178.87074840733942,179.80007002954088,190.4858373216418,193.10864141178936,198.648934256342,216.45447608592508,226.2381868745402,230.31470117802223,232.66240796800423,242.6700055558086,243.9158806494967,247.74902519244463,252.04878008061488,257.82383489837974,259.69912945174985,261.965058078172,264.0978322431064,276.6444626062007,278.53254775792846,281.19210856305045,291.0994801119016,297.16977538466085,301.4534954600863,306.48838919802705,317.33160640519566,327.58941900811726,334.6429656052581,334.9966832812209,335.5376632562228,336.10197447583374,349.29694973073657,351.3584432111038,366.9254254462569,371.84723351169856,379.04968454416866,387.46628247424223,391.925407205407,395.78998197241646
Barker_MC_02910,11.29923366606851,14.756243717722407,27.99395025995052,29.949840456316014,33.29232553148804,34.07307629597348,35.66656051666804,37.788570739540496,39.04682681813826,40.93693156817507,44.24768264970368,48.100234749246255,54.089612852409616,57.981052494788266,59.76595831704154,64.86176501992337,71.48825130275829,76.27884757829221,83.01564136278418,90.98666864740886,102.9389462808798,108.89944967468038,125.00191769731292,128.68958489981765,147.2084561551532,148.91244608259527,150.7868350027815,160.43402819950782,163.43052785387476,170.82907316690117,172.81041067230677,176.15789289580127,177.12683869981802,179.57063715135385,190.72013190058848,192.91585124452837,201.16380834290905,217.3121467472642,227.34267848844587,229.1720769536253,231.7241948622132,242.60313815051583,244.07687086934857,248.81768550409265,251.9884924681804,257.6423541587777,259.4782944863517,261.56771509812575,263.5389176212721,276.42215809709387,278.3608981686981,281.09181160289336,291.2649853119565,297.49813887550135,301.896785704625,307.066759228903,318.20287500580383,328.98701478189,336.4024780356287,336.7743449244593,337.34308251914126,337.6869010759016,349.49943817191473,351.81834769892794,367.7996288467544,373.2070445307066,378.7861849014771,387.52737025446726,392.1584618322104,396.1720745329211
Barker_MC_08411,11.424036653883784,14.626217242063667,28.27672056841969,29.630292962712257,33.15416319881778,33.8680324846638,35.32092566235357,37.51479094274501,38.19883712634306,41.92484348312168,43.998910707505544,47.179388736740776,53.89205881690736,57.74990013603654,59.3484386625439,64.59347480338185,71.4140160967909,75.88747975228551,84.47654916168408,91.13869431869149,102.4271766281826,110.74087185786836,125.85724524420462,129.7286457804053,146.44344586225978,148.13586391636738,149.9975237758857,159.58660051587063,163.57693637733234,170.43852770199598,174.92820145309105,175.48958781976253,178.14073372345734,179.9229799416118,189.65770167397855,193.35782997779555,197.19452524104835,218.68998357740423,226.29129749797264,229.75980428980304,232.17626414416844,242.47693623523455,244.12126284662685,248.55095436021503,251.7215167367109,258.12044964794666,260.1983319217058,261.42758833323035,262.59472681126,275.6191753579955,277.57916518784407,280.34001107720064,290.6246888940404,296.92616157280077,301.3730202190164,306.59965976527917,317.8488969469267,327.6227936028144,334.3435866379988,334.68061755716735,335.1960766100133,335.84156684971674,349.2154597879564,351.22822396103913,366.89754166899746,374.0534373619667,378.9607148877411,387.6997077189865,392.3296376958051,396.3422436757147
Barker_MC_05168,11.419472648085044,14.4801830796136,28.22732005369891,29.777112230171475,32.862821857537746,33.642971984508414,35.91306809678295,37.275318612897614,38.35588197550964,42.291225978295834,43.20256565131443,48.10059490747902,53.86102663271949,57.56402684215757,59.24974867809833,64.69870016573327,71.78440894433079,75.58179015988222,83.85207923891834,90.4114715616923,102.7553666253584,108.9702785443086,124.18608910796608,127.94795244164948,146.31927440986738,147.99548632256617,149.83931942653476,159.34351963878714,164.2478432973305,169.55712308727664,174.2890613542774,177.1916011432399,178.7152551096793,179.01122375129066,188.35186353502152,191.00480154750315,199.87636020026545,214.7630464283557,225.69350936126008,229.30453637547325,231.74820797854855,242.1648759136915,243.82658551346495,249.44419469152345,251.43014878771868,256.6494889353441,258.34433001649177,260.5725727811772,262.6765144088239,275.7042291545941,277.6647104998313,280.42624873882147,290.713505690174,297.0165586173347,301.4645324221203,306.69248267608634,317.94197360997237,327.39416583499894,333.893746289936,334.21968395286797,334.71817684911684,335.2205521525285,348.6744663813143,350.6432048545701,366.9137035964582,372.7325582372246,378.86265633052943,388.2232384976148,393.18248732785867,397.4805029807366
Barker_MC_00485,11.365796976995938,14.728638277731104,28.105474708109607,29.963278892545897,32.8326626814444,33.64573586895684,35.51054594511394,37.615126382053475,38.449429311965865,41.922004800104226,43.3904552653726,47.80315579595822,54.10317612211515,57.506353336117215,58.834039626083765,64.3135482502925,71.43899292511905,75.9587482656831,82.3801215080354,90.56609356882551,103.6852005620302,108.5112039155959,126.03173209377668,129.5432434519111,147.03096366173227,148.71672215990463,150.57105650789418,160.1239306241349,164.30827828740058,171.2038716107464,173.57761918998278,177.17543714762647,177.96677718483684,178.32571060577143,188.8786170987376,193.41023953677703,196.96340352627652,215.82753744990384,228.0780622869092,229.8005314181173,232.0661152984805,241.72364658511347,243.53589906603983,247.9939839178736,251.59505023061143,257.4634362591208,259.369037626312,261.5967369080288,263.694635482564,276.4929778453101,278.41894198727675,281.13185921950935,291.237993641872,297.430071904754,301.79973248491495,306.9356368634927,317.98637587968574,327.1853005286456,333.5107274170784,333.82793171531836,334.3130677008619,334.93108956843906,349.95044432881514,351.32371040125867,366.9221959275173,374.0395375561851,378.1239092541395,387.4369161608844,392.3709595551862,396.6471304969145
Barker_MC_08585,11.32490649044444,14.718224720039958,28.170875699176012,29.95751432610464,32.93233304936925,33.76983006870485,35.91364688851419,36.91965877925814,38.602106000961946,41.078834308761216,44.33571788853776,47.052844818059384,53.87490666729841,57.7036484357611,59.25477272390848,64.77681327008591,71.9575656153052,76.36181242362834,83.27960914140374,91.04123324332654,103.18525670496176,108.77179877314956,125.64391233782702,129.84736048314554,147.71279369633692,149.45904552258247,151.3799225314525,161.25844171995527,163.24063265115635,169.52686339780092,171.54153838054754,176.80199460055368,179.31555272349695,179.67687585074316,190.27846605755616,191.82675645380155,198.0327728165102,218.1309583792817,225.8136855877752,229.80327210687295,232.30449204451756,242.966471948206,244.16554889441588,249.05188242146625,251.41944168712936,258.09358307108147,260.26083193376695,263.29827358611027,266.14016772520966,278.25819656988364,280.08178343485883,282.6504918145551,292.21942074044654,298.08235055364645,302.2197358064397,307.0826341130403,317.56706880546625,328.9428299218244,336.76510784970554,337.15737547440756,337.75731419454,338.15579437452067,348.62011538748106,351.3603878714665,365.8981216309221,372.93663054526206,378.01913668807794,387.4220802611366,392.403772220373,396.72123858504466
Barker_MC_04512,11.433248754664374,14.721305682513083,28.24002480993928,29.513583065774217,32.52707672242129,33.700665631860936,35.90551391342903,37.592434836782466,39.00208190837627,41.8676996589984,43.72983183547544,47.29027571310531,53.65633797452659,57.67540386557488,59.478953301394455,64.69368690017164,71.47482336702257,76.27995207810424,82.43892371530005,90.79614660361372,103.33469349913138,110.39222134459658,126.226915924181,130.09414330392292,146.41522157309797,148.1166573137189,149.98823662840186,159.63236434920876,164.18650643871183,171.1178138658798,174.3165924728163,174.51480140487652,178.514805189109,180.2164570994977,187.5009205835923,193.62711988492885,199.27361511771747,217.63443676316925,227.34107042244116,230.05537531618648,232.53473695860788,243.10354124791257,244.56364863328477,248.37224156258225,251.61427104856796,257.88272744287616,259.91824095837103,262.95915234062534,265.80797006256523,278.1151814503929,279.9672375330271,282.5760477139421,292.2943635023886,298.24882338096546,302.4508000845766,307.38961630493463,318.0145271255192,326.6381251007006,332.5679419639592,332.8653074113792,333.32010162508044,333.8084665006864,349.544212477763,351.70759354072936,366.80399307686434,371.7458808123976,377.59109193578354,387.43203075747755,392.6457731795669,397.16434994537786
Barker_MC_01754,11.459998521004255,14.603959265998324,27.88337119979521,29.762571952863613,32.873264009495045,34.476432803683224,34.776954002922714,37.414355308427645,38.884118282468116,42.46241682418952,43.80779332212536,48.08893337167748,53.74435133127893,57.43069154298352,59.12605713626118,64.7358975738782,72.0308231619581,76.11476680331376,82.71562425286211,90.9533604844252,102.75823053534656,110.45112248345636,125.63670319839817,129.10764100929077,146.36730244602143,148.08330541000927,149.9709086703958,159.68901443528833,163.10424593621192,169.7123010424111,171.760409392923,175.82404279113422,177.29080886405646,178.24348928559667,187.95527325586335,192.20249353623055,201.23146546930855,219.05069080088833,225.85471219220017,230.154521582667,232.44688342628004,242.21856145456263,243.93409415659943,249.2177402993858,251.6471974547004,257.32818764000467,259.1729372204725,261.75882895687636,264.1893803902773,276.66620764968064,278.54378845085296,281.18855280519256,291.0408047511292,297.07732797210275,301.33721559626804,306.3440977327276,317.12552251473534,327.14113015740685,334.0281301388786,334.37349591966046,334.90170240791485,335.40574387209455,349.25631331275935,351.3228069783264,367.487689035913,373.2678080200095,378.8121872811072,388.18666102879894,393.1532696368476,397.4576637638231
Barker_MC_06622,11.281978630229156,14.598540735482327,28.06100815678461,30.072815672749577,32.90239786744439,34.143277134428416,34.918703270006255,38.0215363347657,38.54214609971736,40.931437682188374,44.10983167234638,47.95527040713172,53.702754948186005,57.862264085771066,59.91405700214988,64.83257589220304,71.2285206085459,76.25818207369302,83.40796219311085,90.37335677621608,103.45161521106915,110.33532124654656,124.9054430924796,128.15925486940898,148.4261741544217,150.0731067642485,151.88473263505796,161.20055050435226,162.9529204522101,169.11282717155018,174.47577546473377,174.63443115594887,177.48161242626836,178.23562247576052,187.4929141659977,192.98656357735305,199.97104410999904,214.92736587196453,226.12117043618517,229.6534759360881,232.1839388605601,242.97057319114813,244.4014176926605,248.05393015308576,251.89765089210357,258.72816653847156,260.94619375943233,263.49464115785736,265.8823532953146,278.2993401213771,280.16791580879425,282.79999554053245,292.60499484654946,298.61256614265415,302.852022809805,307.8348913095841,318.5700614547404,329.2263353341391,336.5538745737255,336.92133229370484,337.4833264536731,337.97555147469797,349.69631543551577,350.63938344824044,366.90088084190165,371.7569532953576,379.18989013881645,387.54859563860555,391.9770488835268,395.81504169579193
Barker_MC_05169,11.48140912819168,14.466769224475655,28.21443436467825,30.09730083157894,32.865231098415286,33.619156922443466,35.36888687543461,37.088168710010756,38.26912039284115,41.2164969551421,43.40921478046089,46.96925765927785,53.97602570152841,57.80395010239424,59.31406844388931,64.765122881889,71.85356629556159,75.66049562506629,84.41140267369502,91.39758462616125,102.6775409079552,109.72049329876704,126.25649729932236,129.86081500750836,147.05642881184608,148.69769107383706,150.50307956202707,159.80315228584516,163.78799342559233,170.1602198167381,174.5806000723388,175.06517103013445,179.23925717632008,179.9795366968931,187.55833446528192,192.55053978839763,198.100189507052,219.03696818708215,225.5039426423242,230.28060042322673,232.6916000212957,242.9689966130641,244.1234871669998,248.03684558224876,251.38577476425908,258.03315206164035,260.19171000322535,263.1019195886487,265.82546492612516,277.8995352034293,279.71650694418867,282.27589724568844,291.8101145520386,297.6517763852327,301.7741531303965,306.6194111057548,317.0683784471582,328.72678009349875,336.74340921745295,337.14542306732676,337.7602677788984,338.1702682629504,348.5913702335405,350.3917772529683,367.71552333134633,374.0926442394692,378.65752612982806,387.50516434630777,392.1926547921248,396.2551465118329
Barker_MC_01257,11.357138604435134,14.657019618274616,28.08169337639533,29.89977796557649,33.002495984387615,34.0395946369112,35.57119106813791,38.12423935385399,38.932896040751494,41.648683388250454,43.78314601445608,47.49327486154937,53.56097237741551,57.32232421760037,58.986401402832286,64.62364011342113,71.9541938739587,76.21031175274197,84.1369112638741,90.10599042148792,103.614905014785,109.87613970557976,125.33034233039804,129.07720086546956,148.00688390737318,149.5509563754397,151.24943609031286,159.99670360625248,163.45940232455584,168.4445077344317,174.60535149371836,175.8856878023106,177.46763414752783,179.5556211642026,188.2192441215524,192.1746191061792,200.21228189067548,215.0470025009454,225.8849833639073,229.91473443559707,232.28962614352093,242.41310520356905,244.07296105387923,248.11670647963575,251.3550503162272,256.8953524291861,258.694417321955,261.17378512106615,263.5079017256072,276.3085145529842,278.2348203668127,280.94821887876486,291.0561461599298,297.24932291621747,301.619758687377,306.7565741909198,317.81593664706264,327.8577956173402,334.7628467145492,335.1091177135243,335.6387086531332,336.26350877100253,350.1600080043054,351.72660624946093,366.73490951780315,373.6502732005636,378.7506674839836,387.65710459114655,392.3757467671269,396.4652366529765
Barker_MC_03473,11.39712289921359,14.60859960782925,27.680956239890484,29.90323333917835,32.988347588492964,33.32493990465072,35.15793181791571,36.91161463400257,38.48194367431024,41.39697861323522,43.42638579536429,47.062737211426274,53.59999680254287,57.45404712067811,59.08850873655139,64.69445038842083,71.98430607260087,76.08680868605023,84.50905381727799,90.4028265175545,102.76059371819458,110.04918031391324,125.71520217901232,129.80722027046767,146.22065150375985,147.98075954039058,149.91687838068432,159.88633100688796,163.60457526444435,169.58203646332026,174.36459732449734,174.70089626720207,178.28594599794022,179.49463777909685,187.66768474593965,193.3170046101395,201.1074953166327,216.9288605468515,227.24649816027775,230.1423794488178,232.4195150401105,242.12628794197673,243.5783862933336,248.64915196727844,251.50642956435584,258.4351016596871,260.68500256149207,262.676260871326,264.5454347236445,277.00157171449905,278.8760389315694,281.51641748464704,291.35233148389784,297.3788443645864,301.63166783557404,306.6302470810949,317.3877842271542,326.62807787683516,332.9819511978125,333.3005820133188,333.7878997311518,334.41442498304326,350.1485973421009,351.6856725156437,366.8032518823108,373.0611932713935,378.2757663050644,387.46998447662,392.3410934416826,396.5627212114034
Barker_MC_07670,11.486055172888348,14.585945113700996,27.98368841221435,29.903800854332555,32.93291815512112,33.97443912750345,35.490286420879585,37.219468511876755,38.418644300939086,41.694571692373216,43.34242925195019,47.15986847694207,53.784250940609866,57.61474024548018,59.211283240324725,64.7341612797974,71.91600268473904,76.15016016302117,84.58279194840702,90.733797994409,103.83871008327326,108.27722952883612,124.47537241445076,128.2395921247628,147.4439339558274,149.31427113302453,151.37164202794133,161.9571787038461,164.77506415352292,170.28607491116895,172.65403115331927,174.59364935157663,178.3157555470757,178.90784328665234,189.0624960604359,193.03078567540888,197.6778621721923,216.71757370814737,225.95988155514172,229.25356307576783,231.77017921216432,242.497788674939,244.13802812788612,248.88207883482372,251.93024775043895,257.1605758490435,258.8589849733135,261.4929766944766,263.97166448510006,276.52377604863403,278.41268604120467,281.07340871891176,290.98510846487386,297.0580556452892,301.3436471338098,306.3807404473315,317.2318922210656,327.897921292426,335.2321684631992,335.5999625691082,336.1624712016748,336.7503477674594,349.8383305131607,351.08754521098416,367.38384117902905,373.6252295002054,377.2945545360898,386.96444950812435,392.08757267211627,396.5276127475758
Barker_MC_02218,11.490724620261394,14.433363119721925,27.941415874809856,29.924900281801303,32.9030341363244,34.04186067062947,35.643990455756295,37.47215781543532,38.23342820360575,40.89014154422642,43.75164354710392,47.59450202201913,54.08660791457409,57.8011545291549,59.33438683201993,64.67257993206802,71.61426069334728,76.1446487351724,82.36050938858898,90.48747485087165,103.15175721408832,109.7145805379154,124.8292977285914,128.65959037740998,148.20454037653712,149.89114138236712,151.74640248878006,161.2939742656501,164.09902441755085,171.01177317307523,172.5368020709783,176.4004288107639,179.29233851097337,179.41842496148865,192.91966369325704,194.3955505219643,198.64056032077056,218.6010109587271,227.9537540648037,230.07151566817055,232.28485289516985,241.7196717526328,243.4308284975547,247.72174785916368,252.17450058064873,258.8462111255134,261.0126706382369,262.2111833974925,263.3469072509125,276.1776332028644,278.1084706034008,280.828252318135,290.95995824783165,297.16770429901874,301.5484214120639,306.6973211468277,317.77689217221155,327.10899021086914,333.5259906877553,333.847787171847,334.3399465004577,334.78173505661067,348.6069179476144,351.2076580424602,366.85013866562787,373.46489859151575,377.31021722572103,386.92603890615766,392.0205139686406,396.4357256894593
Barker_MC_00563,11.478586292137472,14.376830236449086,27.92476518582747,29.606228381451597,32.56208489421273,33.53708926091798,34.8093766676669,37.27669990867524,38.87770780279778,41.88855680313143,44.16393907642107,47.40061361393417,53.533640121576035,57.526999449483725,59.361348904239634,64.86209625076685,72.01515934016724,75.69636138752428,83.75070979941707,90.00251396657116,103.64328759287132,108.5667580011485,124.249295611552,127.80748652506271,148.20770768859322,149.9877380462433,151.94577143965827,162.02499920183106,165.36485900241237,167.69556101740795,171.92548227098004,174.41815903111095,177.9570292277989,178.2868195970777,187.76266388438793,193.77243746533068,199.72436018123264,217.22382132636184,225.78432075600657,228.93677168951697,231.627283489678,243.0961600615505,244.2328899854664,249.08900511683748,251.8527217490216,257.5043572158714,259.339574636841,261.213654353984,262.9852792021992,275.9915692595436,277.9488265011828,280.7058232609112,290.97616233531903,297.2688495960731,301.70950849914703,306.92886114351825,318.1706035959537,328.96482843303784,336.3872264447447,336.75944109429935,337.328710558324,337.8740214244887,349.18406951815814,350.7530994828583,366.0967662507673,372.70219793468186,379.06674027943984,388.37150234421415,393.30117761031966,397.57356284094453
Barker_MC_05538,11.519547504975026,14.760294322931374,27.666216254729353,29.451757990234036,32.627635901744384,34.203749309710965,35.667987921481746,37.81652290911002,38.90818561768534,41.54965716589692,43.65283980154982,47.134587629742505,53.86169888929743,57.79833470675795,59.4566465959851,64.80624179095649,71.76274961103336,76.16182333921086,84.74836585190215,91.32637506958194,103.2253020884404,108.527006061009,125.63339701925128,129.8033873155759,147.78099372191366,149.5515306706547,151.49912131426976,161.51643242263162,163.71967032995707,168.1883505360905,172.25925946332592,175.729320066857,177.4089094681271,177.73217699063176,190.4409129046316,192.97470253903865,197.56704848493067,219.0429671564176,227.2390939848604,229.0227910811215,231.5507087230692,242.32649324764265,243.54790895947988,248.8650699164601,251.35368065344576,256.8809461318488,258.67577772631176,261.57819745100767,264.3052464777284,277.00611035783203,278.91740540775044,281.60965972537764,291.6388208475306,297.783737190817,302.1201162825676,307.21690308235026,318.18695338174945,327.75510927872773,334.3344294594085,334.66436586964915,335.16897449707596,335.62203497775664,349.0591479128008,350.52373058704023,366.9564704921144,373.874937436941,377.50519855531735,386.51823552461445,391.29335444874545,395.43179084965885
Barker_MC_08381,11.460741736072208,14.54708346884854,27.606000777455325,29.703923298500676,32.589390324013685,33.40698918605569,35.19755156089551,36.90359415589739,38.497370866378105,42.18414134626459,43.24301616767157,48.134101752091986,53.72913436508812,57.24673271714,58.8211843758916,64.45662499248863,71.7848405471509,75.90440842271319,84.56737707111722,91.29321220229328,102.53858706219728,110.63540355261564,124.17299267365804,127.6927344203028,147.73481471437293,149.45079841083822,151.33838047694994,161.05003902472652,163.5963557839535,169.28761014574343,174.7348592927845,177.22199131375646,178.46387953647036,178.5863522663118,190.05698501808243,194.98961800447017,200.23260701320353,216.59127538675884,226.89340109130063,228.97177259961788,231.5688040677913,242.63920091941176,244.16045407238195,248.92199706565808,251.94484470105863,258.2665128108205,260.3193054073482,263.1594053849691,265.82033953540184,277.9704270764809,279.7988383083909,282.3743423017265,291.968586185297,297.8470265975667,301.9953574570614,306.87112074215463,317.37423592488375,327.6365792959448,334.6932413705689,335.04711527991583,335.58833420009347,336.17411025364754,349.6931184476186,351.2156328182689,367.2953674578048,372.26604215402114,377.27089416215006,386.3930705965152,391.2260117537947,395.4145607567704
Barker_MC_06495,11.414091722074456,14.650919978872372,27.816552217331378,30.0240301191015,33.17670281614286,33.30417448812187,35.56240677280446,37.883589413195445,38.80110157944039,41.341044132341715,44.29539615814297,48.06467901241795,54.29809120175819,57.88534646743897,59.374035299486174,64.50996986114284,71.18863761812601,75.1034907139593,84.04223671449694,89.94671309517435,103.03422408766926,108.8905798090838,125.58031500650652,129.0127435714181,148.13360528801192,149.92744627483842,151.90067136034753,162.04942711759188,164.22621154757027,170.90266766059716,172.36498453865846,177.05113909653363,178.11090068920453,179.72216861156468,189.37499293725045,193.3357992677486,199.9032884225424,214.85183851179733,226.31468154482087,229.86443756518045,232.16678325381187,241.9810195367067,243.3791263460488,247.78368806134725,251.44392550624923,256.6377046115427,258.3242454280217,261.8680215923224,265.19251850362144,277.6738080933247,279.5520604102217,282.19777066305534,292.05354626139706,298.0922284415286,302.3536396121231,307.36231245718204,318.15353656197817,328.92316188778875,336.32864461689576,336.700011007441,337.26798313415713,337.80923413776065,349.1012409870725,350.6593724177998,367.168737743903,373.61178094771947,379.1670540249518,388.25618457350254,393.07161797670824,397.24499359281987
Barker_MC_08320,11.42272407009508,14.421092966058993,28.3353906842404,30.08189079446757,32.573530577265814,33.74693408056428,35.695427887828664,37.829180765782326,38.5833977179293,41.084798752868274,43.450199872144914,47.18107696239262,53.64958417865842,57.33601778553274,58.85210678800403,64.55830636183634,71.97853546545096,76.28407631791943,83.70980242596697,90.53046177739157,102.92923440419474,109.47766687536182,125.73210115396574,129.79894769528784,147.00432288009293,148.61675612912555,150.39043270306138,159.53031728438654,163.87959571098375,168.21204539133586,174.1615612530214,174.6728780201246,177.87537199913652,178.39308281146904,192.72767520964936,193.97112885419244,199.36764250397837,217.1530698907548,227.5795446102968,229.23462758852145,231.6041799359146,241.70489884048033,243.1868845966514,249.2174714331865,251.376888068039,257.40026827952715,259.3561998611174,261.32264339830505,263.1765824484279,275.974823264631,277.90077212532174,280.6136678323163,290.7197220690592,296.91175120181765,301.281377111557,306.41724074006567,317.4695646736386,326.879606403052,333.3502030486323,333.6746872461983,334.1709571954168,334.76484212787676,349.2984973158112,351.1696477581197,365.87292942569286,372.5805457291409,377.5948721006833,386.74421235657906,391.591544942484,395.79256651693504
Barker_MC_05982,11.32264211982392,14.789524294124751,27.681143691615866,29.696265128515194,32.52790584425678,34.03839686971006,35.64602002687878,37.34609289699759,38.89868803053387,41.9424358458369,43.050096239936174,47.01433943517252,53.44188910325364,57.459869883958106,59.24924509794694,64.68094374564858,71.7442172723176,76.28964799004007,82.54608792518644,90.01127900624272,103.98075769940226,108.43567770970436,124.19731598648286,127.82809774886178,146.6064027920584,148.3268197095311,150.21927831875095,159.96727025423888,164.06150500721108,170.39450812670572,172.61997844792876,176.94538427006108,178.33930596425606,180.17010108912092,191.77957506881728,194.18434042961536,198.2331156465718,217.4405867879017,227.46109188113127,229.61167419827785,232.12868093812892,242.85795543088383,244.397434346932,248.45290137688545,251.88807100504732,258.8512403351558,261.11234329105815,263.1599909070851,265.08107708215,277.48138940485677,279.34745582235144,281.9760009910806,291.7678333753539,297.76733723375094,302.00110082613145,306.97727793945063,317.69491202015246,327.94292535112226,334.9897337064949,335.3431134765284,335.88357665422654,336.504196176049,350.20484928545636,351.5112125971305,366.043161467104,373.90351627794394,378.7425095900587,387.7818932274851,392.5709706512871,396.72150441858224
Barker_MC_08638,11.31414741833614,14.605929640783042,27.59908158761904,29.99464254238034,33.122391002863615,34.3457636250805,34.921937188130876,38.01442253656175,38.586398884272505,40.92058607537452,43.155799978002555,47.25924385839545,53.79324244730184,57.676207930415856,59.334590448527,64.80997277125098,71.93005168521144,76.11833316334477,84.12127273541032,91.07801876302645,103.34786680502016,109.30897887651471,124.69175006039237,128.30964524110513,147.99409006786107,149.63253911363103,151.43483306397792,160.70801109583184,163.1843837298843,171.10396835957675,172.72049611727198,176.29758829715163,178.19040023847947,178.3662111288898,187.07728942346145,191.7018529313277,199.32776601568725,218.63277069418476,227.13912040527404,228.92685840222103,231.53030008035503,242.6280218100277,243.9563325806202,249.22407037178195,252.13383713871195,256.94072335464796,258.50163105576365,260.5325903182829,262.45535669422054,275.38472236099784,277.3304036021148,280.07109438261296,290.28069057256016,296.5361603692696,300.9505554432017,306.139038752847,317.3107862202568,327.59838044070176,334.6724056754499,335.0271503037411,335.56970091171587,336.14530737590286,349.88678929735227,351.76941126867155,367.75620341578696,373.56331754564815,378.1124205521168,387.0746447005544,391.8228429248921,395.93794805265145
Barker_MC_06573,11.459349754449086,14.61367205549613,28.12250925342588,29.767176375083444,32.52744625960608,34.32617921132472,35.30224123706465,37.42251694288821,38.66018952674196,42.004314773358864,43.541578627613056,47.58312616932556,53.51598865708124,57.80366304483764,59.9169238809763,65.08787221350589,71.81207118584473,76.11529903230314,83.18539697898592,91.20675119393184,102.82177589270051,110.54032026796044,125.92862982886152,129.44777534895275,146.27529928135377,148.0104267238063,149.91906691050403,159.76184402736723,165.45860491396823,169.54731417953593,171.66721989967542,175.35751591841952,176.77882774041666,177.78076824932413,190.7788332327306,194.66090260576289,198.95814191994043,215.23685911338455,227.14987132412935,229.9227698371452,232.15975432555788,241.6953746448084,243.27769741878464,248.02283561284065,251.37537094627984,256.94103327301696,258.7483332167545,262.445507804481,265.9091499392482,278.19815581731507,280.04747223585906,282.6524233200448,292.3563632367061,298.30201494793914,302.49777585452836,307.42928630397915,318.0557162255546,328.8428635001233,336.2603947903439,336.6323653860187,337.20126159116836,337.56097779283965,349.1411921613704,351.1502715040386,366.676707220183,373.89362486664953,378.2856989537094,387.47250900994976,392.3396931457062,396.557919396695
Barker_MC_09553,11.530580426595272,14.437656847084488,28.286211682600264,29.84772607998037,33.137171839122736,33.741709254530356,35.282899580001406,37.00880327782616,38.67726751436815,42.15323682223836,44.15041924461985,47.68506222993421,54.25142321068142,58.103596393544976,59.730026289147744,65.05724533821449,71.98465566057504,76.05800583328222,83.29405674681348,90.5930759726727,103.3547314387182,110.04790749186544,125.79857623365108,129.33082802691823,147.12714927301835,149.02464762701302,151.1118958164071,161.83698205444196,162.7526521340022,168.38093767883254,172.58356160008486,176.36756388434526,178.52407615908808,178.88337027078,187.75795892153823,193.12743533103233,197.81918857217497,217.54139540359975,226.2923767021666,229.2727195595437,231.75408386685064,242.33142493952343,243.90194853320435,248.75249357352664,252.397046179948,257.87918722633805,259.6593658687082,261.5122409611816,263.2645129762012,276.1205716255263,278.0552212280946,280.78037281880916,290.9320825613183,297.152085046995,301.54145134959634,306.70051695644526,317.8063130952329,327.7060696244876,334.51340727847804,334.85477819327997,335.37687488650636,335.92305583010494,349.4922128848569,351.4563695500321,366.7912710884342,372.8477769603375,378.59523854092976,387.7726408304211,392.6348407188934,396.8487472889027
Barker_MC_03221,11.519625651184576,14.650700171799471,28.248916135892586,29.4427523942279,33.19501631116161,34.476605365189734,34.868951873569564,37.77978506479945,39.035811747073915,41.13491906310155,43.348859739222995,47.943627165805935,53.947793347203515,57.85875776570917,59.65632564997161,64.8909040703221,71.69784635077785,75.5215423995393,84.27680774719644,90.38736562186484,103.91885403308537,110.05281817931916,125.10032546283968,128.81037569573004,148.2577456373545,149.973633985244,151.86111116792233,161.57940826479225,165.10962414503953,168.58279401481124,172.18527931996033,174.40327996362234,177.8491539626186,180.0381890065553,188.85171579436616,194.3839686240353,199.78988383370535,218.23890041894973,227.82423854383265,230.36619377049448,232.81459549460183,243.25142657278823,244.68994611964857,248.8831186914573,251.67612929473543,257.91500143190103,259.9409082513496,262.96805794605245,265.8031450916233,277.89038865817344,279.7093427871203,282.2715254848842,291.8161450002183,297.66418031801527,301.7910547396044,306.6415990834627,317.0851512054658,326.6330739506188,333.19848127436484,333.52771998971497,334.03126155436803,334.5712181687514,349.27975725637936,351.4640531906596,366.9425744232647,372.67940786901056,377.4046055757673,387.3248350244884,392.5805857257976,397.13556966693216
Barker_MC_08757,11.274554664289465,14.61472755084896,28.05973567654047,29.993861618003834,32.80089422115575,34.094432253659534,35.264210340479565,37.39578009706551,38.76367582149309,42.157566968942035,43.503595829168866,47.48337048444881,53.63196744070704,57.19818043057782,58.688977449319445,64.14774302157159,71.24621384176257,76.44916072995848,84.13257288094742,90.49971159034055,102.94359975743934,109.75669088542432,126.01609723513369,129.9872077451555,146.2874536732445,147.96169551278524,149.80336153628,159.28569433903172,162.71782522494976,168.81649455492703,173.03889333991114,177.49644855582042,177.9938263223698,178.23248797687862,190.1269430624222,193.2645970748842,198.72934985531668,216.26142004737375,225.4833752407881,229.47381885141735,231.85681233724716,242.0148269420978,243.6238692187081,248.05981481273477,251.88318325874985,258.12149711078456,260.1472226420725,263.1805048141921,266.0211515448786,278.08001660785226,279.89470018529,282.45086737501424,291.9730779749028,297.8073832399985,301.92456856085204,306.76372476735276,317.1864047122386,327.1724307029864,334.03908954855126,334.38343527237015,334.9100816735049,335.54233024093986,348.9645142586142,350.599351386943,366.2899857616083,372.03545224215736,379.1354838099984,387.5736865650615,392.04425756112136,395.9187524243733
Barker_MC_00766,11.276564513750053,14.63187118572974,28.088574395675742,29.782637897298287,32.675773866726395,34.182155494422695,34.73929576882046,36.91785176600118,38.553328187390385,41.44249268825583,43.06062687036507,47.280491744716635,54.17315907518056,57.576939058080875,58.77449383811129,64.40300132752432,71.72220118067737,76.0470722385868,84.6127184420034,90.36327420227832,102.9486287186122,110.19498036295631,125.52708131516027,128.99907784864715,146.8695362855887,148.46983993003823,150.23017393893264,159.30091545220202,163.5643055520163,170.28513749591036,172.74648654284113,175.60592471627473,178.04794235569318,178.72563451492854,187.05978050583747,194.5429133287499,196.99821607514124,216.49623754887145,226.01788579659168,230.12760139031388,232.35517987996283,241.85070513668668,243.27863949689595,248.1545738398305,252.11120827889008,256.8782637670544,258.4262375049085,261.7133922200359,264.80283135064553,277.41767905645906,279.3160299248096,281.9900510404433,291.9512900055517,298.05459010917355,302.3616012190873,307.4238702013555,318.31446533693304,327.166185953743,333.25286605333446,333.5580977987417,334.0249228211292,334.5924248273895,348.718255148625,351.0051263955841,367.0271633509594,374.05997341210434,378.64666187731893,388.04240745214696,393.02028590238695,397.3344472259282
Barker_MC_09165,11.315450819617729,14.745051346543075,28.278274004989612,30.23103845330833,32.754677366280724,33.6037573712142,34.84716665479847,37.143112328540056,38.811768982349555,41.736821731925424,44.308902439955055,47.09981132002035,53.848684556047225,57.91365657882943,59.66913979288324,64.94336839558244,71.80187098920649,75.95139502773812,83.09698150111507,90.84420186236581,103.87968622014128,110.13871616154094,124.69106173438948,128.0496839850919,147.67058888692293,149.49119331059686,151.49385817663813,161.7963014028367,164.31700250187663,169.77619880500663,171.87068560132835,177.74580188533108,178.840686373331,178.99862167283607,187.73126403355627,192.537526546567,197.82240931558468,216.91156062784987,227.99706637310297,229.96871217280375,232.4589725486057,243.07423499799867,244.2023071908471,249.27225579300443,252.36462533263872,257.1580810293372,258.7146275286341,260.74871482394695,262.67432190005377,275.5730373454192,277.51410617457606,280.24829990166813,290.43369332778195,296.6743339720607,301.07826432638456,306.254447870803,317.4099846727297,328.9703040148882,336.91948912034803,337.31812082180176,337.92779283578983,338.344489763714,349.62102114654243,350.8702811027968,366.8621519777342,372.4245853045483,379.07070817295886,388.11282914444587,392.9033568114588,397.0551474562034
Barker_MC_02359,11.45910070258121,14.788807290192308,27.81602176976102,29.44563773758627,32.53000419210952,33.24476676786208,35.98344846486282,36.838686227045585,37.99332212937574,41.68440989445814,44.08893061412638,47.32090869111459,54.073055800831305,57.58212668213755,58.89406596473315,64.28413630230138,71.29327719754217,75.48798976579326,84.86370015068444,90.87307345110808,103.09140218197956,109.02116461645664,125.8439808434996,129.67963506900043,146.71425302726644,148.45342940079928,150.36652341168534,160.212714533069,163.2421291318413,170.5655167531548,172.6365313781301,177.80044516227233,179.41889148167868,179.91474139112103,189.07632524838644,190.88086059992875,199.21686834123312,216.19535116523,226.50413960315873,229.16688557547144,231.6690015243696,242.3348008658591,243.7224649906799,249.0055710786859,251.35167448501295,258.3294701020954,260.59532255339883,262.3413512554385,263.9838466893545,276.76387014731296,278.68707756088924,281.39611165958274,291.4877806684561,297.6709959013519,302.0344019687132,307.16295507158327,318.2011446808157,327.79954385040196,334.399660115087,334.7306393967969,335.2368430041178,335.67736378041093,348.7371284922191,350.44490432844583,367.51000592458627,374.01333182554663,378.15619166847773,387.26510623774567,392.0910212413313,396.2734809111054
Barker_MC_03699,11.293752999305022,14.491843840094596,27.576733248152205,29.674479053295116,33.28833610379518,33.59686487149564,35.92193121284072,38.07019723143554,38.638516371445014,42.4900110472792,43.159966927958656,47.23352890704402,53.6462517593245,57.63364912493036,59.40194034208884,64.74885432090876,71.70187554051488,75.40068307338072,84.40147286102973,90.32112628752868,102.97956161567402,108.54047349886903,125.44491292234898,129.3006883462822,146.7536887253362,148.54394347133328,150.51322369193002,160.65138101486346,164.15232119621177,168.2623529795995,171.43591392496663,175.60037879767947,177.89596946168038,179.09390237760337,188.95238751519648,190.3172588933786,198.1821583980894,215.47162164751072,226.71791093885685,229.81607496012893,232.06753077238528,241.6648381754779,243.20017682160503,247.65195357261345,252.31856806379656,258.90782828562146,261.0475142617122,263.5270871886869,265.8516959232152,278.13627458620704,279.9849247733562,282.58893740256656,292.2893813953497,298.23289113682966,302.42714048616835,307.3568743185663,317.97801617134854,328.57695476942604,335.8650687344326,336.2305493757456,336.78951976834196,337.36918279276875,349.614189424301,351.077559279353,366.02244510680026,372.1887102356968,379.11045954667594,387.77832287926265,392.37056835348073,396.3505144311365
Barker_MC_02115,11.41089268592013,14.747977303690536,28.199915260806566,30.012115781731204,33.08751288744634,33.862020535602234,35.54059608205297,36.86529869473526,38.41211311441845,41.08882255158303,43.447444927247346,47.67868712449203,54.21499637552961,57.6188128654199,58.894881934234355,64.42371388894666,71.61329764754593,75.30959637185016,83.90890227370532,90.36465615455005,104.15358737473647,108.49971367962284,126.57176150625745,130.23804533810016,148.0825748145015,149.68070775095313,151.43865398104987,160.48845079198506,163.56150532902072,167.7177351707275,172.2895944221766,174.40558230909866,176.59218188793747,178.12487133779788,190.1649568270919,192.3932968016165,198.9051103932596,215.85043337229376,227.68174444948636,230.17449934179464,232.48337263702393,242.3254342260097,243.56136381613703,248.1304331778135,251.36372232938268,258.5198549583235,260.8436175832193,261.70567643262495,262.52706156712156,275.69770179421516,277.6796913429525,280.4715260836472,290.871643285624,297.24384624339257,301.740618230313,307.02592369361264,318.39876216431367,327.94590735178076,334.5107800060431,334.8399919090592,335.3434924666132,335.9370720138292,348.9676535129414,351.2031761009701,367.22818790700904,371.8067497560675,378.22955059307475,386.9288235426068,391.5377098734846,395.5320780269121
Barker_MC_03897,11.312083357128683,14.752610253163088,28.14387261582379,30.21437495203676,32.57120097106714,34.3286339984734,34.94376617092431,37.72906372654219,38.316561589656445,41.516262069848665,44.026414100618766,48.206108262584074,53.779958494408255,57.25036982650323,58.791579241755095,64.44695793824637,71.80110057779015,76.01188620413902,84.58226820682287,91.33844024557509,103.53157370279988,110.35042792176144,125.07616977514483,129.06708266078078,146.6346674363012,148.3049350725708,150.1422294724673,159.6154846812534,164.88068589363797,168.0727831984322,172.8936386256512,177.3054343355331,178.1841175468234,179.37398449277214,189.3505642530405,192.2625256144382,197.09602251186212,218.63851256529475,226.56872290096007,229.3257465686567,231.91122598248725,242.93237975500205,244.055435721125,247.99560569720725,252.37700961190413,257.2478788589579,258.82956333770596,261.4647416134006,263.94789018966907,276.6834321706812,278.59994576976555,281.29955094697044,291.3560954238862,297.517789683308,301.8660087091876,306.9767116400792,317.9876445605929,328.9620346123934,336.5083190496354,336.8867462928009,337.4655173705835,338.0139115416804,349.61327394676897,351.1259012737757,366.6134796340585,372.7306300327989,379.1242064363879,387.7899037073405,392.3810015992358,396.3599531055451
Barker_MC_06064,11.531075110503092,14.774695291395474,28.13169014501375,30.188995729474097,32.86829483360901,33.67839541352966,35.9273229686339,37.22428314324315,38.69335398404842,41.821451949762725,43.2381761316172,48.13611619379114,53.979258810985314,57.957210321815126,59.84371249176724,64.86421936378478,71.39278723538173,75.35870532038535,84.48484435156851,90.55522653874725,102.7734740700091,110.84408542156446,126.02774817538628,129.95632847187824,147.71180497094508,149.35576017151098,151.16411089213338,160.47768095125812,164.22751547281794,168.93661861976193,174.084767781432,175.68758197565836,178.2236620896721,178.85913453478048,187.8069017021413,193.20299347523252,197.53670448541789,217.02603367943476,227.44121699062433,230.0125133188676,232.22819344256004,241.67299939355416,243.32768834980456,249.1613435554182,251.5330349751915,258.47293205574533,260.72647797120186,262.3364924124212,263.8521636602663,276.51363666337966,278.41900395996464,281.1029084314984,291.10096478347145,297.22682308109427,301.5497531840991,306.6307326416591,317.57263840045385,327.853345429639,334.9226348472733,335.2771419862107,335.8193293751738,336.2230293742577,349.5737145209101,350.9653184987145,366.9923186647192,371.90124483184326,378.1297163039623,387.32013299669865,392.1892279332477,396.40911021159025
Barker_MC_05459,11.395096034820492,14.519134713597545,27.96744501241522,29.93985019988434,33.01734700379536,33.613613660384814,34.75991728288792,36.90256336015698,38.60462600384169,41.35710566249777,44.31707119374242,47.17083589668152,53.49778978771728,57.30118769491627,58.94123222653578,64.38219141289584,71.45750716093816,76.2871831649409,82.63242281626152,91.26003868703236,103.2491376778776,108.8326754031297,124.3724962296038,127.7148881270516,147.49291445054726,149.3411320445476,151.37417139794792,161.82764285598387,163.66970477584894,171.13470824557157,172.98075094671267,174.6382645024327,179.39646548842805,179.46481064300082,192.50143676450907,194.08561965166805,197.74926568331273,217.57312953191212,226.6652187999748,229.3249823027092,231.9730378203306,243.26093549290303,244.51607161116928,248.50899077092947,251.84870214136933,258.49342163548664,260.65111652656526,262.2725780331038,263.8003056312813,276.35148057152014,278.240249615925,280.90077375374267,290.8117339007274,296.884227925212,301.1694996281091,306.20621707985543,317.05541846448557,327.57662284628066,334.81128468284965,335.17408483394604,335.72895565326985,336.2053980581892,349.3967028181513,350.67376375044,366.2906601234228,371.9725697545392,377.23645360366913,386.8868083587238,391.9995790898786,396.43064705687937
Barker_MC_05642,11.404649527411491,14.459458866752746,27.856838741421168,29.854478260507022,32.8485475792504,33.428347698065835,35.89126125101814,37.171041343703735,38.486540458819896,41.04070499414699,43.43331337592982,47.74621422893012,53.76868906421083,57.414531932282664,58.99673627136826,64.5298796319846,71.72506985757695,75.85702839736547,82.65557310645687,90.54805247217261,103.35239666820536,108.88875081758096,124.93767920608046,128.42994349465337,146.82241357952432,148.6726794169387,150.7079718380945,161.18326010003906,164.43004479824387,168.42070882275453,172.8229027732458,175.453649006541,176.52291695640588,177.23349864260817,190.8026619577228,192.7737239450859,198.09830616807935,215.4847640427797,226.99884566237185,229.51096595601825,231.8638695635449,241.89361968715411,243.56580693635996,248.6225409081472,252.38653055994993,258.6112446344566,260.6325540018241,262.3190694709183,263.91028026196966,276.4957023332285,278.3896250721072,281.057408715044,290.99541190399924,297.08447533329763,301.38143982688285,306.4319004638929,317.31020670553625,327.7972053744642,335.008346447013,335.3699670907692,335.92303395769034,336.4237597328969,348.9570547733732,350.88989153548397,367.7627097949909,374.0406059676358,378.8254895139638,387.8999017824985,392.7075374214572,396.87415497522153
Barker_MC_03492,11.36436969456024,14.552125212616204,28.1747867092861,29.930303005174487,32.68679567174121,34.28326507158968,35.75206946294723,38.100770302115286,38.50575185647918,41.77576688909798,44.182613982672834,48.0794440755873,53.728109869009096,57.815501616849474,59.831656793978546,64.88937209494769,71.46632507187331,76.1384409398697,84.58573608619031,90.10765747417244,103.57804760349292,110.90421956599832,125.20011702772425,128.9359671284237,148.5521063878868,150.21032998542137,152.03437594270932,161.41141504836918,162.81308522523403,169.9148396760452,173.05658489612935,177.20161953545542,178.52966576262742,179.19249546099192,189.57107513466048,191.78912630841043,199.67300006475023,215.6971062675275,225.7141525399414,229.92666335568248,232.36301129604345,242.7484605672432,244.10369720060515,248.7491312756164,251.5968169965983,257.0085759813626,258.7658999321347,262.2385689991243,265.49540868508404,277.96154912856287,279.8375217195718,282.4800207456167,292.32383391134107,298.3551866501763,302.61142553945473,307.6140191154786,318.3775502225694,327.29124964208125,333.4205480258834,333.7279169713839,334.19801065273737,334.81759268713375,350.03840840115834,351.0839220109276,367.0358763739874,372.337307913728,377.2952159268325,386.9981664079664,392.1388024244611,396.59402030542327
Barker_MC_01163,11.413160935444765,14.731052604189102,28.25813345525859,29.85256205802475,33.071410615977214,33.28029492195313,34.82148251836707,37.84485265758158,38.86397870580272,40.979386032718864,44.04290910474415,47.125860259959424,53.65363007833491,57.673838907639414,59.44253500129934,64.90194915748,72.00126338338795,76.5750237375919,84.16536250523751,90.88385672652805,103.33927330379024,108.96622448167932,125.30562551806324,128.65372108827953,147.83366604450003,149.57629483347583,151.49318650134913,161.34750186526514,162.81720933337772,169.4084031623135,173.81533353139693,176.06102367356027,176.77172311263104,180.226847662748,188.6493297319032,194.4163643928411,201.0168320768433,216.46849572653673,227.28615204192533,229.23458355091455,231.7898876160637,242.68241257174185,243.93245945720497,248.76440401628395,252.02925037524088,258.53448364956046,260.6468841224021,263.00338843692555,265.2138536457565,277.4447185481179,279.2852855965315,281.87791229913563,291.5359415424242,297.4534635582917,301.62937374340214,306.53755253917177,317.1135772307778,327.8332582532253,335.20439794208875,335.5740421152766,336.13938026250503,336.75794631742303,349.5472978783497,351.5087238174627,365.868929160444,373.1140600827874,377.3196482815727,386.6159821961912,391.54119221718094,395.8097075687056
Barker_MC_00891,11.494284813800244,14.654145225880386,28.23365748217758,29.677408657176592,33.06741441754664,33.900678738549644,35.014187055489835,38.08297526724458,38.99628259995377,41.31113810955308,43.7527292511757,47.739851574022346,53.50895876877806,57.22949133981785,58.926941911997375,64.57970926154385,71.9304561571518,75.68327549124707,84.55933205520948,90.23056396343917,103.3811331487383,110.63746767888944,126.02635256267784,130.06775649164908,147.8588403889958,149.5419076088608,151.3932815507123,160.92024815853588,163.6370332712319,169.8548998781513,174.1429711953161,177.42019763552474,178.07391008753436,178.68432707427138,189.72990802430016,194.13469393030405,196.95882587867703,214.8810681081067,227.21478764848524,229.72713281690417,232.133283064115,242.3900082704461,243.83243524832656,248.77511003648755,251.62676579831808,257.89027281446755,259.92417915181494,262.7788543854625,265.45565098547985,277.97836159829416,279.8628471759506,282.5173376132948,292.4058210745462,298.4645435231409,302.7400968229853,307.76539169673606,318.5840824174695,328.3356844893418,335.04114717162315,335.37740931203257,335.89169258559986,336.3719807033596,349.0376030329064,350.75225325810385,366.9043778735266,373.141827136648,377.44093694089287,387.3626528048802,392.61919101096635,397.1748574562409
Barker_MC_06592,11.28273902692372,14.415147980525612,28.195397174087297,29.80656108351092,32.72822110434437,34.21333515521608,35.595761738221775,38.073163839454125,38.710989130028835,41.757634363259235,43.47454403668504,47.29714338593702,53.545209957087735,57.51234040654451,59.30067523849819,64.75078249900474,71.83799422179273,76.35644983936713,82.91185311620264,90.19400122738384,103.4787698883486,111.23503464637172,125.89093841951214,129.4335332174801,146.98986505505027,148.9283786203358,151.0607435421498,162.022031209254,163.55715115410436,171.1532427509928,171.78336326072156,175.43402437331383,178.1222687763732,178.18884958387818,189.1129943324324,192.55875260009745,199.9241356635474,217.04472631664495,227.45180044876753,230.2312121394989,232.66529125194612,243.0410691634796,244.33905449400677,247.8487765750435,251.6204961356628,258.4810807811601,260.7088721051591,262.8353541506675,264.8317856223755,277.4952049634467,279.40086515554964,282.0851822003399,292.08477546642854,298.2115754388886,302.53517006828355,307.6169305805581,318.55536104830225,328.18646412905144,334.8090684786943,335.1411754814788,335.6491038386785,336.0539239935946,348.86226154129525,351.3983330456186,365.84696028591907,373.8517055391894,378.5653275680068,387.2408166893194,391.83710231650474,395.82054986006546
Barker_MC_04188,11.464818525021922,14.778238726760058,27.656818100637892,30.08706561368534,32.82549372185127,34.506877105703026,34.69812164992996,37.13962012347541,38.71346469313934,41.53553152764557,43.99276107525586,48.15762524794376,54.17703392804147,57.84632926574315,59.44776737996594,64.7402002864499,71.62237539678264,75.75469127222618,83.11242469825442,90.90159192177404,102.44564356052068,110.0674441522552,124.8292700499907,128.582706709371,148.15755941921464,149.9381022425144,151.89669934814407,161.9685635972213,163.90213822128646,171.04584564335286,171.42625056150743,175.82412863781028,177.1858466776008,177.4763312027923,190.17491566458835,192.28598525066383,197.52494009283825,215.52536370723024,227.96707285963873,229.33332385446283,231.92869772366203,242.99202870846872,244.1149952778039,248.283203089668,251.554635973171,256.54252412137805,258.16220735769616,261.78488528036576,265.1846300950148,277.76340861427576,279.65633159532956,282.3227069772442,292.25546412513955,298.3413132792804,302.6360095051123,307.6838041212559,318.555681119144,328.9504204788752,336.0981215801912,336.4565608684578,337.0047621328655,337.4588793204357,349.62551901944954,351.0434549898682,367.38896876694287,372.2873465295495,377.5354627450126,387.2623825135648,392.4157174902812,396.8819411367687
Barker_MC_04101,11.405844177576412,14.445443741038988,28.0416513908395,30.14451011459923,32.9640530194047,34.32722554811482,35.533051906701026,36.891436726699894,38.40566911457202,40.87107475139452,43.058730706678546,47.15068308496869,53.40848745334702,57.614427807946534,59.59094123345566,64.6502700312013,71.22932116743326,76.32801823460316,83.43244401508292,90.79832914161852,103.45383244448723,108.53628737457724,125.30012861852023,128.96589264876033,148.01292888110297,149.766547006451,151.69552694433375,161.6200371582525,164.20280723108343,169.9775653501364,172.00514968170546,175.40718404908395,177.01553932042012,179.07294175949434,191.08303175905607,194.01058305568415,200.7313220522683,216.20772836579897,228.0573891734456,229.88009344156256,232.22807513586747,242.23684456159089,243.89372064453912,249.40419169923933,251.75176271730817,257.477427005764,259.33668330607435,261.7845447180253,264.0879319613509,276.8516057750908,278.77235280531374,281.4779212027247,291.5566798129271,297.73198478106343,302.0898086883436,307.21180076893825,318.23035787785943,327.1206069085434,333.23378017710695,333.54034048850986,334.0091974353613,334.6546222755506,350.2099789386448,351.6140036400486,365.9085894204253,372.00157649396897,377.79346032582794,387.09695075925134,392.0259523133829,396.2977536602969
Barker_MC_06731,11.398256652060592,14.747009447460302,27.73981721899223,29.650742494107373,32.53226605449693,33.43126542806657,35.905340956088054,36.82367880006162,38.1766898562557,41.61960329643174,43.21300430149809,47.24795824702124,53.98002585539067,57.71787641564064,59.21696134684568,64.76323523133857,71.97550013056504,76.13870365089916,84.04788781714176,90.87563182088272,102.63013456825738,108.87553913177452,124.89921235586216,128.61185002112504,146.79248908577804,148.61998358713842,150.63022753863478,160.96521112493625,162.61133991950388,170.87970527565514,173.91399189559144,175.00350003334609,178.64935727042192,180.1429253681026,188.4239366318293,193.13099962290872,198.5588496453179,215.43035958051013,227.30031731449995,229.186154075274,231.6554746728303,242.18147688105768,243.86968273043175,248.23969136812784,252.0516151654673,256.45695550296284,257.88747192251856,261.8088502825017,265.4897152039471,277.9666251489605,279.84421839311295,282.4890002746611,292.3413175127946,298.3778807386183,302.6377965936309,307.6447119113709,318.4191634802157,327.54534520011134,333.8207521028387,334.13544802421444,334.6167476686714,335.2253555316592,349.57230953965245,351.56396884805656,367.8117473552153,372.56792275144346,379.15446326466866,387.9462974209048,392.6042228016922,396.6410914650412
Barker_MC_00167,11.326573800642038,14.42580535198246,28.08164722810548,29.898855334329575,32.889614900114076,34.20347271757925,35.56071258468064,36.82377762497789,37.93646625591438,41.57320215788459,44.05462030741986,47.0946553963792,53.780542465797325,57.83706355646959,59.59984142919241,65.03577054923036,72.10454529848121,75.62612333270822,83.04197749364324,91.12015646311944,103.57353485357552,109.31918581607104,126.0533659906767,130.33903372436626,147.60767553503382,149.17670247696338,150.90263211308587,159.79557413891584,163.9045144414931,170.6062459164361,172.81197001683012,175.02268951118467,177.88549093731595,179.82271343052108,187.84791925566057,190.57247320645033,200.45362560356793,214.8498113675397,226.85267094016172,230.29488121044707,232.64501430988744,242.66295455580664,244.11835017452665,248.24567320931888,251.41712457012125,257.0270350831287,258.848703441596,261.64413206479486,264.27133882094165,277.00985974522047,278.92682163188374,281.62705826793643,291.6859550495676,297.84909057765725,302.1983266861085,307.310225050544,318.31178895109207,327.7805692163341,334.29155605186554,334.6180657161843,335.1174334380834,335.6073928096716,349.4272111804754,351.1033628527171,367.36171241231955,372.4926966893608,377.5159355633213,386.460146509976,391.19880131615054,395.3056354815019
Barker_MC_02319,11.461359004107884,14.477340692418972,28.175809628616456,30.22149849658183,33.206769457710536,33.335484601990146,35.60882320610999,37.12968627108507,38.093533645496336,40.86343508652984,43.616868977960216,47.4704225983064,53.881760219730765,57.44218649229627,58.870448765498146,64.41756027816946,71.63091441251771,75.87814367463672,83.27459510142431,89.93200217634715,103.40559321896303,110.43852808676296,125.82509203630347,129.61171059570125,147.60579998532106,149.38017815696807,151.33199414577973,161.3688241799836,163.2733469352309,169.4968891883669,171.92692658207548,177.58666805861097,178.5446385282787,178.75382513107107,191.72761878209124,194.24139880502625,199.81846764645013,215.09439762538105,227.4555249405239,229.4123215409993,231.9502842379099,242.76888793745243,244.3336493630557,248.9946035726254,252.0443541413896,258.6485562876587,260.79309425397486,263.0874284618393,265.23959663276884,277.50417392901244,279.34981420174813,281.9495870590425,291.6342370923223,297.5680697971392,301.7554902008729,306.67719759483475,317.2788533964589,327.5836315646176,334.66947294191124,335.0248101201236,335.56826698091896,336.17065441545554,349.6268577869069,350.88199968072246,365.85706956971546,373.7638112059138,379.0175990554046,388.0369067642064,392.8153479344324,396.95666361529504
Barker_MC_00211,11.289864891090836,14.5504961476936,28.177722792925735,30.211861602903355,33.30329022971401,33.77007266234608,35.07780616555313,38.04959409679325,38.97667113171938,41.05254450876827,44.21791695679082,47.22448591537734,54.06643961877097,58.08039058658926,59.7747531984318,64.9200676200026,71.6109327613608,75.87283474249554,82.37525009788382,90.4962273948324,103.99440467805503,108.29253414618768,125.13489188993724,129.19298805539944,147.0005397621076,148.93583040109306,151.06465010397702,162.0062544841291,163.3387682574609,167.9736834792398,172.77606406899497,175.1089535152595,176.81897537449802,180.02463804675472,188.25048131100115,191.3236723105666,200.52716866804005,215.9058633230072,225.57161372417897,229.41640284742095,231.9988768300693,243.00721931542608,244.28907236419963,248.93937628364145,251.4889607770674,258.5845275170828,260.8886229898552,262.5722165699067,264.15594380203765,276.95054984079553,278.87595172041443,281.5880769486949,291.6912610051898,297.88153156439466,302.24991647406773,307.3843214863848,318.4270061432342,327.01361057698773,332.917989690664,333.2140794987245,333.66692273458165,334.3375809691547,349.45875488759293,350.57932037657594,366.89361548440434,372.77144568708337,377.81966621842656,386.9326394108699,391.7607046783895,395.9450279102399
Barker_MC_06306,11.4377496742112,14.399600306924944,27.72346935061905,29.730059270887647,33.30814940199519,34.417881702103564,34.88443065049421,37.63051718978382,38.25569408576155,41.19580898177973,43.79929751003037,47.40956992236709,53.86952215354531,57.355938026684576,58.71437142662962,64.15395920106889,71.2274915921648,76.11756865895951,84.24175821688742,90.64140461381021,102.59704999476548,108.8811305234038,125.9105662973586,129.5383928579728,146.04963192030095,147.76460976097007,149.65108538570607,159.36289445029888,162.70874827972295,170.5428429201829,172.6491915534586,176.12376887879978,177.05888068344993,177.44582316303348,188.4814549627781,193.84528639751372,199.23435341557493,214.6508153402309,226.275544708256,229.5888278571489,232.1566274767666,243.10241738073012,244.36706558774267,249.36033364301232,251.98753186745697,258.13067507630467,260.1254964872957,262.05126713370277,263.86515060425717,276.38513366364555,278.26920878423306,280.9231210508672,290.8094507158858,296.86685352293625,301.14147557072096,306.1656758922878,316.9936248725014,328.20962491481225,335.92204685059994,336.3088054727486,336.9003186595641,337.33120292520016,348.7293041503727,351.0718254388837,367.04225549528866,372.9183325148972,378.9080389335454,387.57612407640744,392.16848706600314,396.14853499031943
Barker_MC_08435,11.394952649438196,14.458179683574398,28.235278650918524,29.98093395005831,33.24146594269907,33.97442220122098,35.701703625350504,36.97411522507003,38.26051182644706,42.49642025024529,43.49137974660432,47.45455006453242,53.57292533584218,57.34250586478088,59.00210376642291,64.69103679688148,72.08881282888463,75.70281903405098,84.71509870595692,90.21671326100895,102.75896709077225,110.0595864940536,126.20918243881036,130.18693589867485,147.84590897162215,149.36496682828655,151.0359304706174,159.64283887629483,163.23454114498904,170.7996972530763,173.6141561298993,177.2619056841282,178.77223989195744,179.68252471989334,188.4252337190257,194.74241018108953,200.4293007144879,214.7657304468397,225.528730414286,229.54501731026548,231.92501829090887,242.0702767083972,243.75129356453945,248.52059618048327,252.20004181916784,256.71233839179644,258.17758598733633,262.25638774555995,266.0808649709079,278.1610410294281,279.9789316013413,282.53961617038044,292.0786548703123,297.9232707950656,302.04773220015915,306.89544039192776,317.341633185985,327.9884232389643,335.3094411455767,335.67657183705876,336.238065835796,336.8392050774145,349.375258883877,350.6896343248978,367.01796523222174,372.6278310204595,379.07948099566966,388.19072036663954,393.017867053246,397.2013941816383
Barker_MC_09530,11.506231721025964,14.441568085603889,28.02918716338877,29.71064733943101,32.90025290607558,33.945038965879,35.31192715605743,36.932658646003425,38.43997839961842,41.789522598848315,43.42938006998384,47.16368727927191,53.62219068467618,57.698368132172845,59.52714794950299,64.76191976455823,71.56911353166426,75.49102339960773,84.7307025191693,90.98629461336367,104.0972922764718,108.67572728133727,125.75724057031836,129.80436175578464,146.39449386257397,148.20074757080872,150.18762664986687,160.40763087692116,162.73969180636036,170.85364520168184,174.3995007318344,175.6136464831398,177.87387427402206,180.04138745052376,187.8324524949975,192.62256618790823,198.91764727938792,219.03670113245897,225.42861405178795,229.25697727597347,231.66537422742067,241.9316764865557,243.6322194816105,247.73257536094857,251.60488423648073,257.63522412591783,259.5934156767313,261.6136547932252,263.51807918936754,276.4157447396223,278.3566555748548,281.09062675136516,291.2751911340906,297.5153238194081,301.91889571439805,307.0946579416848,318.24108253943115,328.76456059532705,336.000785871085,336.3636644247366,336.91865515385075,337.3509579825648,349.7098506534406,351.26093210824297,367.5017074425125,371.7887817800368,378.7503045640912,388.04606528322694,392.97097162449086,397.2392237869197
Barker_MC_06369,11.445822193240057,14.503874761162388,28.236635874091547,30.124035585551923,33.0741320418806,33.78786741457758,35.27859341152235,37.31216515181028,38.66159830838794,42.15367563498734,43.49886000405821,48.1046819667432,54.08227721294598,57.958702727188765,59.73459688099773,64.93317899143813,71.69331238220093,76.13559975388718,84.69534107517329,90.68530446756616,103.9756309276952,110.553600305196,125.25645790114694,129.16227497959147,147.52232606790977,149.22051906714813,151.08853136631026,160.70996307633916,164.66383544503097,168.49704515879682,174.89416813172414,176.28676990255974,177.03534696275335,180.14303053102464,188.59559156340129,192.42843720247103,199.25376906446948,215.36630408623665,227.3930221959324,229.2375479198322,231.76966057593273,242.56332723710705,243.84511530436936,247.58318971295947,251.66611194772472,257.4167673944459,259.2841389048202,261.0030123981277,262.62969322345515,275.64242239077447,277.6006486246914,280.3590103090262,290.6344339880745,296.93023661109794,301.3730939805225,306.59503060430114,317.84524079603176,329.0112569884028,336.68930869066196,337.07434373177824,337.66322085348537,338.21956660446483,349.3768030930995,350.9395739767635,366.10376836593815,373.26811033765335,378.9118282516882,387.7627703815966,392.4520112451244,396.5160199935151
Barker_MC_00473,11.291661571126284,14.348744528833814,27.71352599874556,29.78791792670114,32.6948733010497,33.39138408031305,34.97068178921711,37.01439039886563,38.07925699612636,41.526150029371195,43.2054804090105,47.54735238583318,53.93683172796471,57.82920098243396,59.526979673343256,64.85562338960997,71.78488632102905,75.59667757425296,83.23418450864929,91.40213046420754,103.75024526785532,110.86111598968051,125.4406027111994,129.28953703791333,147.65859730193614,149.39126461928788,151.2971986683747,161.10414708652422,163.794273364215,170.33968937375812,173.4544759877403,176.73015179340908,179.20328168076662,179.26709480768235,189.9980315080711,192.9886904218773,201.0816156199592,218.67241512721367,226.23033586886817,228.860058185976,231.32305990257325,241.82212654196655,243.32028370963212,247.5728631006946,252.3694645723551,257.46070115229145,259.1139440269571,260.8519034698687,262.50009288320985,275.3840832148331,277.3229361288152,280.05400851302664,290.227774341234,296.46129069909057,300.8601935469426,306.03046798422827,317.15928597817657,326.9407605221832,333.66676431613496,334.00405654179036,334.5199152398515,335.16956526927527,349.5657206207838,351.58164953394873,367.81267763894886,372.6696257950067,378.8028095301163,388.0778667415634,392.991804337032,397.2505502531049
Barker_MC_03239,11.341472339069831,14.560504606245797,27.740802300171335,29.95489355617989,33.16826362983804,34.108018300893335,35.78236133540312,36.819657701648325,38.49379769948072,41.39507911636418,43.5696188206986,47.11334218043488,53.866343111956475,57.605849172990105,59.10138375681675,64.48495276300756,71.48563945546861,75.34471355375038,82.35482549429099,91.1440338857659,103.41682064275744,109.13427975645553,125.21263866533496,128.79850426737153,147.02946951675514,148.60744019173362,150.34320793420986,159.28982854747755,163.831703902044,168.70371411946536,172.64819886244405,175.37230413611252,178.64254718031995,179.02755151248465,189.54791566701385,191.746570820865,199.07743923229572,216.8936627294919,225.2757210390713,229.35654160975236,231.7352680649724,241.87509354781713,243.2522588076645,247.79948354823705,252.10880155044055,258.3260050019285,260.3448754954005,262.77345792200646,265.0533430616708,277.37499721591274,279.22922672456076,281.84109839803284,291.57081883050864,297.5322663905707,301.73917420051424,306.68378622357574,317.3264745569161,326.6305268567695,333.0282423327335,333.34907172238366,333.8397519653779,334.3792010382093,349.41098697696947,351.3872346969234,367.17790537740666,372.94306677491505,378.2307272196618,387.0194620834632,391.6757454550136,395.71119104369075
Barker_MC_00236,11.444872914092066,14.368465304970227,28.03957138281131,30.14022999470304,32.76892601843342,34.089947279394586,35.63532643105188,37.09658222219988,37.975405855887075,41.91919657043139,43.943404042929075,48.15214728126851,53.941179569698896,57.629555675714656,59.29700531948133,64.6805039137346,71.68109904390423,75.42873980097222,82.95722099955834,90.9511907947896,103.6394929949258,110.63513465448368,125.53044312151373,129.12356502966918,146.62309244569218,148.26905415065752,150.07961202611935,159.40352332287503,163.01724169940337,170.29922804347763,171.53008008244888,177.18181794719973,178.19108860851455,178.34160980113023,189.17843096683904,192.84525707826785,197.751182860983,217.9788387508675,227.94235863787551,229.56932976542228,231.946195627472,242.07808993773483,243.6518514298146,248.8953491592707,251.8051639199504,258.53134083513646,260.71548684449573,262.649564008065,264.4678455176245,277.10184274814077,279.0030753410825,281.6811556601726,291.6575159328132,297.7700809359271,302.08363015217145,307.1535837333495,318.06093013859675,326.9537632247282,333.0687133590052,333.37536277576834,333.8443560014061,334.47264317105123,349.25113515296374,350.5054704381508,366.9134609959342,372.4618431440619,377.24055466555154,386.629026168313,391.6030508055375,395.9138721577989
Barker_MC_09056,11.43172699353842,14.609817317251148,28.00282905843857,29.983791671766458,32.710103043324494,34.10162604086974,35.805046321445815,38.00437422286437,39.13011337752906,41.08036057301312,43.61804245169366,47.98282906593178,53.8313843357801,57.74657576528686,59.581694761519906,64.80400276598614,71.594988840235,75.35913790571402,84.10618301905032,89.96469716110873,103.56907062383286,111.11500197347264,125.25891970333632,128.7749480363713,146.34585967501744,148.1256706342996,150.08346268950996,160.17400552767722,165.2349195538215,169.5504728734956,171.8773687771621,175.83604402407747,179.06452143052684,179.08728960301903,189.26540811867673,194.57775992117692,198.9581639534504,216.0275062798281,225.82261988872105,229.88413326982072,232.16993888795335,241.91366961609504,243.41476991485632,248.81828388791595,252.11228167101385,257.91425372856156,259.7982889354405,262.01295739342464,264.0978508526823,276.63715944236753,278.52414277382496,281.18215155254467,291.0837415068592,297.1504943682118,301.43171461485196,306.46367016540523,317.309462095686,328.68535309318423,336.5077203308148,336.8999924341768,337.49993800402456,337.88609097154784,349.13827259612765,351.46993076926015,367.0274764456954,373.9250113340128,378.9177646949225,387.71696561637555,392.378793919132,396.4190451148544
Barker_MC_04865,11.308251344868784,14.353664902563931,28.25950993657645,29.46422468815405,33.07227069869611,34.03724312676721,35.12864559616915,37.61552757018954,38.33994825395209,42.081743178780094,43.35066210095385,47.52883237359166,53.998777446355746,58.064247065480586,59.88208604014233,64.85938467789711,71.33176541596606,76.15979134958262,83.01975868019318,91.39958467946374,103.43240897466887,108.50120494501893,126.01571950224054,129.733490017678,147.21880667828972,148.9749351652186,150.9066765008403,160.84748356702613,163.7204085574325,169.81901298315583,171.66611073753708,175.5574091895771,178.69870948174176,180.19856862365725,187.58158709315683,194.62521155072196,197.05065711711052,216.4101136197237,225.62826862585112,229.37522191383724,231.8150010954665,242.2150767595301,243.5857135333594,248.6312720509019,251.6904357458561,257.3496082556687,259.1872731297038,261.7022725215616,264.0688236301597,276.88915268489933,278.81842550381646,281.536003345517,291.6594994275767,297.8622152647404,302.2393826280901,307.3841101452024,318.4640464232089,328.96829477604837,336.19129719311235,336.5535126535551,337.10748924011455,337.51352502965926,349.3532366516489,351.44946415026016,367.5771812844234,373.3851619860332,377.3697727428702,386.41170451934926,391.2021319505964,395.35383572434387
Barker_MC_04168,11.325269461704726,14.392448211547688,27.796491142235453,30.087959290034107,32.72400168144895,34.33964100603528,35.80279456912269,37.64502631489661,38.97397707735155,42.33970408343922,43.85279556133063,47.602589115842015,53.50640497531297,57.795058708930846,59.91537042853941,65.06416681218475,71.75955982817983,75.27135499814418,83.72960556888934,90.98711167672,104.00430218366112,110.46960837738996,124.1540348079474,127.79324512562448,148.61258450415477,150.3399406395028,152.24003238838557,162.00520501125743,163.08119087998273,170.002606980329,174.37402622048344,175.67498639748143,179.32837547524676,179.9758277230928,190.5348964479979,194.90835861877412,199.26412339811563,217.8874273200613,225.81032006583695,228.88783652714983,231.42284991212688,242.22888154469848,243.62848541670957,248.4270733894029,252.1862438577044,256.71289355747075,258.1828019470627,261.2140937532454,264.06655281799493,276.54766872041,278.4258948998996,281.0715683355249,290.92720678273935,296.96580492970077,301.2271567992956,306.2357599446013,317.0213167306282,327.0941708661214,334.0205350688235,334.36787486659915,334.89910043966773,335.41043741337927,349.61839811685905,351.72441975340377,366.83262259088184,372.44052161704826,378.8133007374191,388.1858925388247,393.15150408923824,397.4550340995966
Barker_MC_03175,11.409182671676287,14.569911429674196,27.79244786424872,29.65164836239091,33.00508719083239,34.32548704416589,35.11526616070964,37.266818726378204,38.88993599113118,41.76134677184327,44.09956986046498,47.54657972620868,53.77433599214417,57.88729386681306,59.7961129578623,65.07252403798762,71.93386468210497,76.19587332104116,84.69021423394335,90.98741565537127,103.70495429960512,108.64034089968791,124.89893014788208,128.92348173800158,147.29548773685926,148.8781522899694,150.6190832983905,159.58275414363183,162.8272171467705,168.6486093144767,173.6913311100516,176.36055076859603,176.77777072591752,178.1800763524705,187.24409075797016,193.9226410698207,200.91235667923235,218.1107260167604,226.08083279177464,229.4893413404618,231.95385675254076,242.45937583962308,243.77599127244724,248.8100986318329,252.34662383279485,257.11483227006414,258.66318039729543,261.27269110416404,263.733523177927,276.636084623042,278.57773221915147,281.3127411986177,291.50117159540747,297.7436730065554,302.1489164772986,307.32664340025735,318.47918417842834,329.24467200327507,336.6473096759384,337.0185333940366,337.5862873158337,337.9736788731561,349.0377114861644,350.535629155495,366.97998046207823,373.9133450312942,377.84577725993137,387.4823722699617,392.58785306997765,397.0126030966583
Barker_MC_05339,11.539683471080163,14.525335974045792,27.91022681409016,30.21594687182543,32.91005304068336,33.67870872704625,34.80399147150702,37.01561346311914,38.111628936055915,41.66550443469722,43.6850903333883,47.916811595671,53.751464534008754,57.837936756047235,59.812559892506265,64.98903089071113,71.72041142830072,76.23179726492272,84.82611342503523,90.12085680065184,103.22120210024862,109.25357636715316,124.9582685687365,128.70143375915237,148.25247090603148,149.92664664251038,151.76823995263712,161.24473008466566,163.92709013918616,168.99959910148863,171.50296206264653,175.2723783902796,177.0058424007032,177.41928868966622,188.636444193254,192.25498523241373,197.71194315453823,218.56328502669157,225.44369531131372,228.97300951635,231.5460582087867,242.5142233977328,243.7174169133332,248.12820643128043,251.57398443847592,256.73756368273524,258.41429790227323,260.5571584690191,262.5819019881613,275.57411392282387,277.52925261202057,280.2832651742226,290.5424875433413,296.82836354409227,301.26421583893665,306.4779190101281,317.70494232950966,328.16538565364203,335.3582665600941,335.7189715023055,336.2706378845113,336.74678061750694,349.32343672011865,351.66201033791117,367.40442679481,373.5146186931869,378.6864635591437,387.4851616966727,392.1467236238404,396.186743960719
Barker_MC_00850,11.4280407183036,14.588184725265124,28.2105933538458,29.762122342714186,32.70576473402329,33.35365592355584,35.7762507693866,37.488890635911986,38.420466717418265,42.487172602396925,43.367305199167944,47.770932291949386,53.92849543399187,57.488692622628925,58.97294333972815,64.57723335621085,71.86494128638988,76.36416235530517,84.6407487990002,90.37072422847787,103.26251334309076,108.67283951901231,125.35359460998724,129.18380887224097,146.55623821380703,148.3400528559794,150.3022489623689,160.4099458096018,164.722139516194,168.33494959902734,173.21743161424305,175.61490181249937,176.64109154800832,177.36988039945533,187.4598195472664,193.6469185602012,198.5017775785852,215.80320968149135,225.61500631509003,230.3030391065604,232.54949860409067,242.1255081571221,243.51014059941335,248.56046238611555,251.72300360743793,256.3762246024346,257.8872336340202,261.1982177062809,264.31045583570165,276.9016628856288,278.7964561795498,281.46546608819136,291.408037350917,297.4998996614805,301.79883928532297,306.85162140244586,317.73926674887554,328.7789249081809,336.370089443687,336.75076731124926,337.3329805204621,337.86691273514407,349.38227330327385,350.80515080812165,367.58245292517046,373.4721630235978,378.8434072390565,387.2872824628166,391.7608587403054,395.63795818079586
Barker_MC_08546,11.33818264046425,14.702113318892089,27.582914539779168,29.961824344680128,32.76269516765401,33.71608913291153,34.96917640458712,36.838539289360945,38.37531459711046,41.865612531098805,43.73237462424093,47.01020973770961,53.46943265829685,57.17485770035361,58.70794717599422,64.43887374303524,71.89125733971974,75.45018163513711,82.39557198484138,90.45107010017072,102.726255547544,108.7505602819258,124.67986791221476,127.91772262475776,146.3480516863827,148.04774148347173,149.91740026026957,159.56027951758082,165.29527615707028,168.2832074298086,172.62364097860316,177.00076916490352,178.39385763769508,179.02989075766934,192.1363523301213,193.71901135555893,199.23482393986737,217.24046242772835,226.75024960301445,229.85735560364395,232.13105742702135,241.8231931656554,243.20584671083287,247.86241692550976,251.39764532583416,257.25913642591735,259.16249884956056,261.47553365341844,263.6528228727916,276.4508462911814,278.3767624366672,281.08961206095375,291.19549463081495,297.38741858243077,301.7569702673503,306.8927466553126,317.9544840322103,328.5766565730524,335.8807468191892,336.2470286309424,336.80722434303544,337.2653959230009,349.98901351551586,351.6265993273288,366.78115120724925,372.24074649850786,378.45127420966406,388.0503729506954,393.13598817773186,397.5435213744968
Barker_MC_04605,11.42073290503684,14.73401435706556,27.596351587678942,30.12311061879737,33.098959406982964,33.704682470181694,35.234553720822774,37.820054340170266,38.67326990060286,42.505079968606374,43.925801205762454,47.74415945419949,53.77704784898555,57.43024016622016,59.015785128297395,64.48225110714688,71.5907353838257,76.06215306349294,83.58043307340675,90.86865001731712,103.19803056127596,110.09706024889024,124.70588166916964,128.1778886950765,147.48831419942783,149.01086246152207,150.68566554982567,159.31567000854565,163.37069967989115,167.87023759060563,171.69154768891707,175.50609130180325,176.62635511454386,178.65617622604918,187.12832221662575,192.05165013773825,199.51749709864092,218.3810587034311,227.30329414614985,229.2702177654362,231.9213723918596,243.22248067229145,244.36584117795516,247.66484092603787,252.13287397074467,256.8831871537571,258.425724275916,260.59614901840024,262.64938280161107,275.65852222337116,277.6162082528593,280.37380900407385,290.64639806203326,296.9404638987748,301.3820956430975,306.60259172173255,317.83968531646303,327.7383242398785,334.54489339817025,334.8862257748398,335.4082635273931,335.9648056197522,349.7035052194076,351.03144690126834,367.0720751407099,371.8197002576902,377.9389422770172,387.2167171454322,392.132094559162,396.3920883177278
Barker_MC_02840,11.306944734584665,14.695154083392556,27.77119822730187,29.794843514360203,33.1841669772748,33.564971811519335,34.97998227382386,37.538581281889925,38.522399613858845,42.420807579266445,43.34448660806368,47.69954564468476,54.23154634461101,58.091952482958035,59.73277622125081,64.7527329083724,71.28058533040883,75.72657379710478,83.20427550223047,90.711996992846,103.1951203512714,110.42502300280375,125.96517157226964,130.03369470771008,146.77227091451812,148.44901590609393,150.29343539682725,159.79530521428936,163.96736065108874,170.34689220551385,172.01188929635546,175.73826423154046,179.3269344764221,179.803359337941,190.30763640910413,192.43463070936252,199.593335520858,216.9431972262574,227.11588081013872,229.0263550467919,231.709811107477,243.14861109497355,244.38174420720696,247.6351562456404,251.924487261442,257.73647761995824,259.62376600205937,261.47332589518845,263.22121314393917,276.2541745247507,278.21544541215434,280.9780958019381,291.2694957272391,297.5750870749133,302.02485220654967,307.2549079062928,318.51247667268456,328.4163793093558,335.2265679378174,335.5680818218405,336.0903971738759,336.54719337037454,349.9405292696249,351.50651395178454,367.52377767903806,372.36983779283054,378.4554977016994,387.30678831951866,391.99621381240297,396.0603825729028
Barker_MC_06693,11.480993043364824,14.511536543173476,28.30638383696525,30.084800154183252,32.71779590776458,33.29018361160633,35.22350411482652,38.12045467257892,38.81188386223795,41.30554637987103,43.062454658277304,47.69827534824056,54.28049141908273,58.03899455632111,59.58777331617836,65.01826199238272,72.07996209604008,76.01460633851484,82.76690818237385,89.98048903245265,103.04790409786592,109.47011235100712,125.41685737173422,128.7998624745559,147.64883906834424,149.22570970696626,150.96026740945038,159.88973757966556,162.93232968618196,170.3714732274024,174.19559442096997,176.40680524966504,178.1727913210249,178.8211601424106,187.59572492383367,192.16768972757993,197.78681155461152,217.5196873346513,225.68943686222187,229.7182276544822,232.0896808026059,242.1985022729974,243.70703774164969,249.3070025414956,252.29836542926688,257.2763751526731,258.8928506348123,260.880002470319,262.7607985909151,275.67286775186426,277.6159461207449,280.35297048981346,290.54890859748855,296.796010020019,301.2044996526409,306.38604196965605,317.5377846556347,327.17277224050895,333.79804767919524,334.13028863039784,334.6384218498841,335.0602303187087,349.3054043853148,351.18722115554993,365.94316733204727,373.15135009752527,378.9868187112451,388.2428517258956,393.1467102767038,397.3967210207376
Barker_MC_08935,11.501053501924922,14.58071406028878,28.132479523534737,29.999327528465606,33.19760449565609,34.28056530212127,35.84520240342418,37.42779801626037,38.18375178633199,41.84683095339597,44.2692942204828,47.08918796197969,53.879290234138544,57.75265790797641,59.34632563254918,64.48466212454203,71.16645330424375,76.05052293548177,82.43822359081857,91.04348994272485,103.028424299468,108.99862691422103,125.920489474491,129.48784902120622,147.407751889302,149.2899252154519,151.36031587421667,161.9990043566639,162.9378138381562,171.02155877577158,173.25950122640987,174.3983664865955,178.16601316447327,179.26031256404863,192.16523701945064,193.36526998898375,200.6855440345089,216.2618941552702,226.241031462103,229.13888571157617,231.55536519777075,241.85612097366808,243.3051140923515,249.1642380196686,251.88301878537385,256.5953266332197,258.12552253953123,261.9817240428975,265.5993061562698,277.9557986370955,279.81527080654007,282.4345273032847,292.1917576117684,298.170060608155,302.3888630571101,307.3474555089624,318.01499425808913,326.68362588659136,332.6444090956426,332.9433274276599,333.4004966413334,334.05761512170994,349.17577932236946,351.16157448277744,367.34734813658906,372.057489113841,378.3312708250511,387.2501705365905,391.97541541687616,396.0706276464571
Barker_MC_02031,11.536711398807473,14.655797290564136,28.14840446032463,29.821990483106394,32.75959548355812,33.69111094235637,35.86186371045723,37.858582242186216,38.374017339242165,41.320831031253825,44.06112114035297,48.091113466746954,54.0685426582741,57.51568395113651,58.949303752004695,64.39200938128579,71.46959616917223,75.89705339322491,82.93017718344652,90.48490846003587,103.81565989083836,111.0646461583643,125.60630740029076,129.16220380991774,147.51169462657427,149.12971157772978,150.90953022400078,160.0737121550124,163.4300180856402,170.24910524078797,174.86089410513338,175.9268221788531,176.9147349237707,179.26874121766713,190.70048105490895,192.64011306429444,197.30628983726797,216.41862713177952,225.61011791313305,229.1895134821713,231.8180929905028,243.022970047204,244.53940659966375,249.3711489195757,252.31306374887305,257.8342401939861,259.6270945377866,261.2924865515644,262.87116908840363,275.92064909174655,277.88440579127865,280.65055770137246,290.95500145805744,297.2685848253706,301.7239898103308,306.96067434241655,318.23102607998766,327.9599239635505,334.64977463804905,334.98525387541326,335.49833976785266,335.9996910965934,348.81437798142923,350.4049664871186,366.1393020546501,372.3585673185783,377.73528587350927,387.1045314361198,392.0683701447877,396.3703636922999
Barker_MC_02336,11.486989222781403,14.677522049444567,27.940058792163345,30.158866761052916,32.78100522973288,34.372180843885026,35.09455642806506,37.73603038911616,38.707036793969856,41.88435776321268,43.859383122091295,47.35861998270538,53.76163531238517,57.66878769553772,59.37498500035904,64.62027852538337,71.44115451609942,75.7070366387363,82.82903377095404,90.50648204923172,103.68177245643356,109.42193013431968,125.9022703224698,129.57865140460373,146.0260334902929,147.7680440313213,149.68425562645248,159.55772235755524,164.13160063741148,171.27247464118952,171.50418011401865,174.4135751192396,177.02104500466933,179.49632603352688,190.55965957215145,191.55726123048777,197.9183098606185,215.682112997778,225.57586112477793,229.50432504138976,231.90958349030709,242.1625072174715,243.874268884825,249.14673488311183,252.16630879619072,257.2974022001774,258.963587512173,261.3479776944667,263.59551806871355,276.199871007868,278.0966425666728,280.7684390634839,290.7213908989328,296.8196134374558,301.12304138270116,306.1810988728473,317.07556423418356,327.5525892694859,334.7568722045111,335.11814892986644,335.6706898039391,336.28665858854737,349.6236741499583,351.2585285699097,367.08467107772555,371.8048879429191,378.7272130479423,387.5405318003276,392.2098397486111,396.2565733037902
Barker_MC_05174,11.391524088977553,14.515831657425856,28.21836241776617,29.591635137297583,33.04633329276284,33.46253124816999,35.84293215019206,37.09993757511858,38.49238625353106,41.45354486488404,44.01464025067226,47.51671397520121,53.4693534410748,57.262723825802446,58.977566025191166,64.57025102722811,71.84286802607461,75.2385043746653,82.63109674012635,90.422211862839,102.63265327647936,109.75739577790767,125.34165268486836,128.78183918069632,146.0294056976475,147.75745897125708,149.65831757222756,159.45812719754514,164.74258212075247,168.52143816696298,174.9731580497801,176.88250514352598,177.8222213243269,179.50437806805007,187.99869915964757,193.08123706782985,200.5751879758697,215.55565402523243,225.98126718990392,229.59279725638308,232.1923140192572,243.27330496608496,244.21867239928267,248.27128987720684,252.31976696075236,257.84667591331225,259.6413917355457,261.8761381944053,263.98258119126916,276.72272143830526,278.63992700946113,281.34050690001413,291.4006823701656,297.56460135700024,301.9143903410207,307.02693853076977,318.03137661677556,327.68768495146884,334.32762110859056,334.66059725806275,335.16985489843194,335.8089530874007,349.2167896056446,350.75435637072144,366.94265694149107,371.7878422703188,377.36232428798286,386.47914904897254,391.3092548826094,395.4953466050947
Barker_MC_07983,11.310045922945696,14.52901522555664,27.761600130362165,29.57960525145587,32.84087445384449,33.637879365179685,36.0838067939447,38.06499398803764,38.482252915775376,42.06880546208168,43.999224727199746,47.27657124346508,54.14934195049132,57.568333106084424,58.78196730664886,64.31304848096413,71.50555708026383,75.93590913055314,82.97987848962205,91.11054872653956,103.98531411566228,108.60621073627608,124.97144945116597,128.4258005342662,148.00289292469358,149.6995273565122,151.5658252315126,161.17303550114423,164.38422720841928,168.04748100723043,174.27893437548482,176.1150054378932,177.37487312661747,178.96550876825722,187.60362590881812,192.77051709454707,197.85483713797055,217.08062828792504,225.60507049459343,230.00251015560144,232.41031603635963,242.6740987314559,244.01748744601997,249.31770435812703,252.22302059736725,258.0706630246849,259.96952846233785,262.0952762830189,264.097663194267,276.73002873077473,278.6310157775307,281.3087502197355,291.28382203497137,297.3955975938967,301.7085897107303,306.7778885020797,317.69531404486764,328.037506409641,335.1490747902863,335.5057021132095,336.05113213650384,336.48893128821436,349.2019933602015,351.35400403736213,366.4955519401186,372.9325766762096,377.5288868311085,386.5362103664469,391.308302305699,395.4441153197174
Barker_MC_00147,11.452509133614129,14.510416011830957,28.08228861572148,29.95603416426409,32.734615240010065,34.044838748406576,35.274982370775874,37.48346075524676,38.71877245543309,41.60099377677789,44.29118273730069,47.88638055034287,54.23810846555304,58.15673157117768,59.88337004914425,65.00185858642996,71.65783987826156,76.06298866102178,83.48362043984623,90.88669455932983,102.6281859416748,109.03721120057452,123.931126141306,127.66026255683708,146.87795826351962,148.4967976075158,150.27752088591154,159.44909631876072,163.18212614381238,168.08019546657525,174.76346644330783,175.73836604090565,176.81801677577585,177.25525862596945,188.04156430412007,191.81628980073336,197.90495188947452,218.87568499665008,225.66487390979975,230.01713259695288,232.4983643322824,243.0751402888142,244.50841319143728,249.40740514039848,251.5271879897366,256.7542224726928,258.4515620833944,261.3696502963584,264.1122745813179,276.61741479749236,278.4992562863341,281.1500222544877,291.0246313572274,297.0748529181274,301.34440726377926,306.36265123402404,317.1764458011879,328.2127912861071,335.8016779380089,336.18224157541994,336.76428007969554,337.1437959716494,349.0317882640105,350.96479933985347,367.07775349071056,373.85049938017704,378.3562981914283,387.5369006207998,392.4007959476192,396.61617189752934
Barker_MC_05173,11.321026559547194,14.429619830327011,27.940537963732567,29.972771706883247,33.25303677886431,33.862540687964646,35.631901779739714,37.796298952449185,38.59329429625336,41.017867328647405,44.120403825400835,46.98434212877795,53.682678171802834,57.631194891709136,59.30500274346102,64.49398969643715,71.24164573414757,75.35939169156238,83.17114909416715,90.48246263736156,102.91194469757104,110.24596816096096,125.5947559701796,129.21277357648503,147.78098200171246,149.47282198263025,151.33384596163972,160.91751074950065,164.6135755934816,167.7700553232089,171.34434950129923,174.26158395587734,176.5525784384841,177.99586687506817,190.18481932159233,192.19207621971952,199.97499937324028,218.3621424238293,225.42760241462628,229.32577678684004,231.8074809517205,242.3862707393039,243.8485071928697,247.6646759834948,252.37476083216043,257.1120189766664,258.65031682432874,262.3198632486739,265.7634931870337,278.0752392547617,279.9279777406819,282.53774915633306,292.2596457276134,298.21629956944304,302.41982452136966,307.3604604838236,317.99828078984706,327.7607644177534,334.47370954931574,334.8103469157953,335.3252040645287,335.9046997087104,350.13414294134486,351.47945925442167,366.8737159333877,372.79985124288976,378.0180494401834,387.03406950180886,391.8107688722064,395.9505749932177
Barker_MC_09164,11.403427894864874,14.588854432429194,27.80893901532611,29.55561584213684,32.60235893267459,33.678167462480985,35.23468074547578,37.87603392729059,39.02675920355139,41.9636507279814,43.63778931364749,47.97064122979584,53.85385206258976,57.7638709773309,59.58719990492583,64.72853580904253,71.41422736496612,75.28669471073913,84.79595854737059,90.74836220423038,103.49137709617747,110.1377565419782,125.50883099791167,129.27098585021096,147.57433936200323,149.08044482235005,150.73716082873153,159.27564258696853,163.51681307044822,170.12369992981556,172.6377843772173,176.7207693937561,177.98931646373595,178.5329715188077,188.5234024414448,192.5002358951328,197.69267088233164,215.2860200813174,226.94238599079648,229.83469883852268,232.0892216058422,241.69960255467024,243.2324266794597,249.26958269573387,251.36820819178865,256.5531297385051,258.23679429980047,261.8316913950296,265.2032526083009,277.58206128529497,279.44489171726974,282.0688786698365,291.8437308290163,297.83283081998917,302.05925255274934,307.0268003713489,317.73581353317314,329.2242528607868,337.12401134366917,337.5201644239317,338.1260456055097,338.6229906650322,349.08737179441187,351.2844399424717,365.95943853453355,371.669521934916,378.3532263360775,387.23544640798696,391.9412583666144,396.01962873075826
Barker_MC_02532,11.419372281905291,14.532386120485413,28.046382998150033,29.601105335873257,32.700098655138575,33.32261297362255,35.25279333337398,37.7408176947541,38.66148348469955,41.41078604958802,44.302136507064866,48.20253933515326,53.71628979081889,57.24031347563076,58.83737098109431,64.48757737703332,71.83499405920496,76.17899219019037,82.30603818351545,90.98920718199676,103.0620048118784,108.56477918592616,124.80033607899009,128.25178702016723,147.79816980888455,149.53647358334126,151.44860773524363,161.29198477617007,164.61133647689553,170.88174842884834,173.60662459043897,177.92098507143507,178.9792587934779,179.73728047502271,189.1792560146674,193.3019646589964,196.90735578173505,217.9435823741939,226.92204731128135,229.03388967981192,231.74194865512857,243.28562377872385,244.5078110965024,247.8448275979179,252.09146559699997,258.2304003416821,260.2238551665235,261.66751388763043,263.03574295394253,276.0585951278913,278.0183447268836,280.7788522265394,291.06226947716567,297.36296980080755,301.8092834071235,307.03528233776956,318.2820194768583,327.91314351800764,334.53576228058284,334.86787000613975,335.3757994687561,335.9471019623026,349.38283191896585,351.256703122952,365.7618664476834,373.84193206957616,378.4293669830631,388.0070501226475,393.08131933567233,397.4790193202939
Barker_MC_09596,11.326543748272943,14.447786555981422,27.731710617103943,29.859468283789496,32.72581435578066,33.97837658930282,34.99405747261443,37.64683930608258,38.981191751255736,41.2816579072657,43.50580192050086,47.00749528371197,53.3878719601437,57.49530382096472,59.36616768146098,64.81701676934193,71.90519314978029,75.50333949770211,82.76572226589752,90.95053247951533,102.43033853367211,109.56469417155424,126.05621715634824,129.87630334016342,147.8798551512862,149.4897580194881,151.26065117451012,160.37755738462212,163.53622834008422,169.09477097439978,171.67895599356626,175.9816925200893,176.70318071438487,177.6959360533858,188.05512570271708,194.44124899254476,198.79819407418404,219.03309052898257,226.04012420334567,229.43519069649756,231.9289468878667,242.55911099175367,243.87907557581633,248.7544610128836,251.98288416898964,256.6934262851215,258.2230488172972,260.5651778167828,262.7776148179167,275.6477056291227,277.5844668677022,280.31259291344327,290.47538306857035,296.7021745775519,301.0963317962647,306.2610284324768,317.38785143718076,328.4228112637025,336.0107450997894,336.39126095587636,336.9732263828329,337.32632899585514,348.4398196445191,350.55248791675206,367.8512007891941,373.3196796542306,378.39614243726766,387.67783793587733,392.5952925046771,396.8570864643037
Barker_MC_07231,11.34900161604934,14.70215010532534,27.605900605817876,30.134301407168454,33.13380046499432,33.46277808514497,35.80268079096087,37.920029934360834,38.51322896271637,41.36674529514703,43.97348894808387,47.771087021241634,53.5504808284776,57.79145459662519,59.90113848509219,64.86225159441483,71.31358499132868,76.07422170249873,83.23950710086758,90.9502567970928,102.61196606022754,110.67014904844598,125.0982731399128,128.98227879794226,146.28424495988574,147.9713602592715,149.82718708859576,159.3986336116654,165.07836781112923,168.20783910987956,174.45016754131962,176.3154447550329,177.24134735550717,179.87035181529012,192.92933167227275,193.6884411449215,198.1489981564388,215.17241681511464,225.83857434162584,229.2559788033181,231.6140237272612,241.6656898013576,243.24303845474955,248.95665428747665,252.2088982355418,258.0908539210465,260.00086167132105,261.6287347771861,263.1693143562539,276.0642747311966,278.0047784769403,280.73817622632146,290.9206044835578,297.1594283542825,301.5620766376368,306.7367532929536,317.88393377863446,328.7958367320386,336.29915336734075,336.6754258829754,337.25090149512243,337.8292777625096,350.3239355017305,351.05760234499536,367.0262453747576,372.9178348096976,378.56525524752993,387.2902753759083,391.9128025962413,395.918992853863
Barker_MC_05955,11.531455677297728,14.479241015852752,28.120232296757813,29.789923556773903,32.64383538042422,34.34397430376877,35.29916215208892,37.81985996258133,38.494143514444154,40.96030462038003,43.19204471704365,48.1722777537614,54.253079795075465,57.7284232317912,59.16217160169099,64.68749700824783,71.8725209209567,75.28264758836278,82.30713274927916,90.41264295466677,102.93683803978732,108.94774463270132,125.59490787775152,129.32943861802653,148.58906879407974,150.26033087790557,152.09871917011387,161.54967779903768,162.98822073915153,167.7771992586823,174.15110434074555,175.8910790112663,178.8817651679428,179.88311393263928,189.90688687094809,194.87852351996892,199.528170492601,216.1592289634869,226.33687048443355,229.9509550779761,232.4366195068148,243.0322907585596,244.29397243217656,248.30595338038412,251.53230354208364,258.59734825328655,260.8915325137509,262.58284948248706,264.1725597391698,276.69483681177337,278.57925714794186,281.2336556859857,291.12179680480534,297.1803094985084,301.4557147773424,306.48083567379166,317.2961615391316,326.669855542592,333.1154585186023,333.4386893463078,333.9330423769162,334.48181608443156,349.72222294269454,350.8277900896108,366.1975864178844,372.61874768951606,377.4735657168104,386.5159940768031,391.30668459865353,395.45861638425725
Barker_MC_09073,11.348223849989678,14.697563067942452,28.30247969480558,29.842931733166836,32.600494462731966,33.57724868052607,35.60664658107055,37.66427385935846,38.41991255255557,42.22622016865408,44.08705214835548,47.87208138027284,54.24619394770925,57.5839611943557,58.84290457385126,64.24859676810222,71.27805201690003,76.07746282365298,83.98838725519666,91.13844514991216,103.64385641638636,109.67490827073271,125.25909281021534,128.8169812250217,147.12204527979787,149.0347053727369,151.13863147496977,161.96259832302255,164.69282201546665,170.3436297965158,171.74982033894767,175.007525190075,177.55393542441203,178.21350531815332,187.75649269533017,190.72984973845257,197.36777242254325,217.14004891788176,225.39866238504516,228.8014381196548,231.29648545727355,241.9321533455974,243.6551890197754,249.20277556969944,251.89301083131969,258.6736842779477,260.8755265779597,261.7852558455982,262.65312507109866,275.75384376000335,277.7253111355181,280.5023243203831,290.84722839835314,297.1856020035029,301.65850110278916,306.91574743749527,318.23959960920797,329.17432855854986,336.6933409598214,337.07040057876424,337.64707999597084,338.0902107361277,350.03691880539174,351.5138485086157,367.2749684368547,373.52589118301984,377.24972420786617,387.12879472323925,392.3627393671456,396.8988247251977
Barker_MC_08639,11.475393947004571,14.728425963445243,27.572806340157115,30.038675071974357,32.8929355648056,33.85203747053805,35.94418236618416,37.76173988119206,38.45992684505207,41.83845878334279,43.654905317186866,47.06487711466043,53.85162830675899,57.882494892168715,59.60269067104099,64.78884613185629,71.5328201531446,76.04808899452738,82.89010554613667,90.06216189486234,103.78098313487187,109.3712598547459,125.69586891966078,129.15630557772994,147.9917481177566,149.5812327410995,151.32966582677668,160.32817722838067,163.0676083725277,168.79390757218962,173.31425247087137,176.28346637587575,177.08126979458058,177.48361382865644,187.34777383789623,194.95168328395903,199.21820580363493,216.11391479851693,226.1092096759159,229.51749673594364,232.06951245308488,242.9480201286954,244.41807429922585,248.9949334806148,251.7418369877498,257.9952266972146,260.0258477098821,261.43788026334744,262.774698586861,275.5576175112536,277.4812606503612,280.1909085129752,290.284863909583,296.4694800234882,300.83387467243136,305.9635897100517,317.01418963717526,327.8659815769666,335.3279642698453,335.7021639919071,336.274469449178,336.65290183512155,349.06820937696875,350.7724409792038,367.0828241003159,373.87104172263406,378.3039671307663,387.9567179061451,393.0707580520411,397.5029261784844
Barker_MC_03891,11.39278601075385,14.677766818075987,28.142865173812464,29.48897089062273,32.673224793184694,34.170475547363004,35.87362295720092,37.09936817021547,38.46302209755414,41.52527178097779,43.31609966784675,47.652475049687695,53.8881763907949,57.878368169121984,59.68790868798511,64.74669658324106,71.32504434057007,75.3746438799198,83.8462507186445,91.20123994200208,103.4393440721096,109.24884881308988,124.99038098301465,128.96607995454218,146.84880062341176,148.64234038676076,150.61523412644462,160.7655895275751,163.39492361580852,168.40498558703297,171.8463839120091,174.81541703150828,178.8257825912934,180.21827053307356,189.41069800477393,194.7051849896912,197.6491865807058,217.71381694263664,226.29778363834825,228.98409767092568,231.66223623709172,243.0783692776129,244.17042470062776,248.8528483663464,251.95201292122863,257.654789321274,259.50661339213735,261.0802712334645,262.57135288897064,275.40994481688205,277.34196593224726,280.06341503023503,290.20133228075406,296.41288403875654,300.79628678437035,305.94834309201116,317.0341587261067,326.30280904603796,332.67618117272497,332.9957898044467,333.4846030059035,334.09934749922184,349.7796822049455,351.0498080271784,367.40922816905106,372.04837931858634,379.09778343899075,387.5203384054206,391.98261918233703,395.849929188998
Barker_MC_07635,11.480583949946425,14.615065819370956,27.674834317230776,29.643386859724274,32.57565120376074,34.41304530797288,36.05653466958661,36.790753756362875,38.31027846321107,42.07691145479389,43.48887985298479,47.14119764318956,53.508535709983526,57.23982860207784,58.81389538011224,64.39574904477375,71.65428118665297,76.37044717806836,83.37619445380838,91.0110457555676,104.45026273852982,109.70955675619824,126.13209596828634,130.31716333303618,147.99950065833167,149.66505794360202,151.49717095739933,160.92103215146577,163.0624632943376,168.88737905612788,174.06820606873174,174.8901806776298,177.62203029575505,178.52761722408738,188.75667342953383,192.7984763430609,200.76298347850104,216.66171718596053,226.7729577482364,230.04889956674631,232.29427521527796,241.8656646323236,243.44417099008916,248.65980395251924,251.6174682786125,257.8844051732805,259.91942527191804,262.7122958356761,265.33126880920673,277.7891795160774,279.66391365157733,282.30466818652894,292.1419827900126,298.16935382780287,302.42278288791573,307.4220739159156,318.1868744029892,328.15217004581916,335.00457414910375,335.3482050333393,335.87375815040537,336.4027996751079,349.66233982028297,351.26742949558667,366.41561343958256,373.87295078656666,378.46763595083394,387.6934636038372,392.5813193140376,396.81746092954455
Barker_MC_06444,11.299361630878115,14.406776580694755,28.369046463485464,30.09803637559756,32.65058351521414,33.516181794805036,36.08202733576445,37.307407408726384,38.44148921895418,41.53626496350462,44.30415192853821,47.14764587069072,54.0024340211898,57.80890680503658,59.33506630483111,64.64309621460592,71.54555335963627,76.06245063813115,83.52127762807932,90.40783659053288,103.68005069527328,110.80819228895116,125.33724463388764,128.704416246232,148.11282270338054,149.70607439525958,151.45865125632648,160.47601704734416,162.88305600128686,171.12856710955054,171.86788143732272,174.62136216528086,177.49704219922992,179.17732697464393,190.61608915084076,193.6763591674617,197.7470825327768,216.59245527526215,227.4094902361572,229.353567409995,231.8682862765368,242.587808224592,243.7452524848619,248.74108982074168,251.8960457364578,258.37862366310594,260.48366741788465,261.8497193804738,263.1418997923222,275.85757668427584,277.7711008767543,280.46649516938527,290.5073532976594,296.65943645412244,301.00087306286395,306.1036042428065,317.09800567284896,328.136532522366,335.72691913897097,336.10755799585087,336.6897115416672,337.27182231019026,349.73654125952015,351.1349141623917,365.83574167458954,372.6307442025505,378.91995074982987,388.30381616135634,393.2754004853438,397.58410689946646
Barker_MC_05619,11.412837338716525,14.50834559227158,27.942564541108847,29.9275401871161,33.22256308885816,33.8830001171543,35.709001864483696,37.25880827576578,38.38928513471944,41.01487476173641,43.63078813325468,47.77038597175333,53.88946008257335,57.45824852408291,58.9577227478036,64.62145317102922,71.98645623088915,75.38886704983823,84.67219600187317,90.20071221392567,103.31951142789072,109.73833115925989,125.24928687889454,128.81492511951478,147.7760043822594,149.43221187282887,151.25404011245524,160.6320217246321,163.72410779601714,171.18137204166288,171.74058563694936,175.75115891114322,177.09343984831176,177.68339235328716,191.0928537187976,194.97254804403028,199.25131813922368,217.7586059416763,226.98857071643312,228.99339153486792,231.70011301004345,243.23808675591852,244.46919637146843,249.36715794314657,252.20404666598665,258.9398101075237,261.1270690848493,262.4599603249443,263.71932783580945,276.3805710297228,278.28590374336983,280.969759501303,290.967634385817,297.0933814974353,301.41623313807565,306.497120374468,317.4375575804969,327.557727624113,334.5166275121167,334.8655988929311,335.39931982829415,335.8236707461121,348.6570079440846,350.4083675654805,366.86382165225,373.55321992837014,377.61753840788214,386.5551443854726,391.2902998702887,395.39410129046274
Barker_MC_07573,11.3578410392895,14.467198315556416,28.138239652035914,29.972506439173006,32.800415693342806,33.65115518529801,35.436039817302884,37.89970489227272,38.8164440941349,42.009314753273415,43.385346856061105,47.64328290125594,54.22074441859692,57.93412473218877,59.44780269941218,64.77837726533954,71.71015103548083,76.22225796989557,82.74613809240229,90.87766369495677,102.83062556766092,110.365852961578,125.13121281509044,128.65755216714834,148.26526715591686,149.9737722823116,151.85312792134573,161.51641749546624,163.2231064873951,169.42423268320655,171.7692813694327,177.16693598171776,179.01329481745432,179.8698466862818,190.32981922496796,191.5721120832591,198.8010534328376,216.74702260972165,227.79579240456533,229.9331482962419,232.20465499255025,241.887433536983,243.25603723526297,247.51007857029188,252.36504035630557,257.1624270260161,258.7202500036342,261.72293080310453,264.5474160838067,277.11510891497295,279.00636366141055,281.67038916445716,291.59439256511916,297.67487825527894,301.96578956171277,307.00913555221314,317.87418274775666,328.60719016268564,335.9874934358315,336.35759713979456,336.92363809879686,337.477451512886,349.45937817438806,350.4994780527453,367.1805738050438,373.2138353211558,377.8765438765398,387.3922610491728,392.4337006108326,396.8029482309378
Barker_MC_03217,11.455605481083758,14.643067131989538,28.37618370526276,30.23992788509378,32.855376753741886,33.3801343740475,35.836565870754065,37.65809967105409,38.476962379067665,42.16451400625713,43.064023282314544,48.112372307669744,53.731184635881505,57.33255142637477,58.96851473393065,64.33581024473874,71.31533520556141,76.2013388383077,83.67094654776652,90.7721566485003,103.27050435650808,110.80133559200134,126.3043806702955,129.96906555910317,148.12505994024548,149.83859575520282,151.7234851516558,161.4130377473028,162.82446018368807,168.78210857771427,173.6277188799952,174.7635597730892,177.4925243992503,178.47834971110072,188.1629103321013,191.70960197344112,197.16657156268775,217.7849542868132,226.31831362441517,228.92956086195883,231.37439220724852,241.7960037892883,243.40888821887728,248.30166542840473,251.7818743861775,256.7718689496493,258.3922361879722,261.5429601620201,264.5039902356444,277.10760462003503,279.0042650371035,281.6759049794258,291.6282736195272,297.72613883139263,302.0293146163545,307.0870757285372,317.9763688474424,327.88031110570955,334.6905269790413,335.0320422293264,335.5543596709388,335.94536189908354,348.95989474366377,351.26901932433,366.8341502402626,373.87548492874186,377.73586807252053,386.76738985551253,391.55230205842224,395.69922596761063
Barker_MC_09560,11.54207406040766,14.517559596469887,27.6919175805398,29.727998249914908,33.131053189301895,33.837037964336176,34.85854942634425,37.12698859398654,38.3467341471812,42.13711374399722,43.3707369105802,47.57954582252177,53.549745578759484,57.58834116861775,59.49493039961761,64.64454674274486,71.3410060178381,75.84839166468475,83.18356077396489,90.70284812159075,103.354707335267,110.8058821030768,124.72177396714922,128.21232034745702,147.67590986312635,149.42208646591138,151.34288072897485,161.22734427357065,164.08268466908478,168.7251993048154,171.59746913897823,176.98660745051018,178.52346416154754,179.58124966450276,187.24858948060773,193.9409296792828,199.2823592950796,217.66430867432263,227.4214181668212,229.22554430316305,231.84530986102985,243.01261558651285,244.46160393681848,248.308142591873,251.89803683549755,258.48798729364427,260.6278974055147,262.3588240773315,263.98885373327516,276.56961465299116,278.46283595644354,281.1296315559303,291.0639540944763,297.1507623711674,301.4461354359896,306.49472557852937,317.3722423461808,328.26438247201617,335.7541096579353,336.1297006967572,336.70413405024954,337.1370336173616,349.39514734903213,351.104129518633,366.2438279602648,374.03176899637594,378.8365206308534,388.04974799571073,392.93092805656227,397.1612841093003
Barker_MC_05070,11.291474297511732,14.466936136720207,27.71312549335663,30.12763777428269,33.032475873766984,33.375564608050354,35.018636191770604,37.424702952522765,38.57527956691169,42.227452847341226,43.221315693899456,48.09936105999811,53.89656137734268,57.42143262360816,58.957103062479035,64.48828922434615,71.68093434738248,76.5883754931535,82.46084588950548,90.00783293463581,102.59304396259466,109.85560425206964,124.34329571301905,127.84466603156254,146.0761449194074,147.7810019873672,149.65634476212296,159.32881502020564,165.11900546791568,169.49060111041393,174.60695027540825,176.02465802001234,177.47463024518683,178.07437071096803,187.3460047805325,191.22498943554535,197.5766625325474,215.1202908871739,225.6067718142043,229.7418771234972,232.110293156606,242.2061682807899,243.59051112620227,248.3221375425077,251.69233653797525,257.8787555157293,259.8876295749261,262.4455806555201,264.84681560719395,277.334347182359,279.2135388271654,281.8605722193121,291.72127676410264,297.76297893396406,302.02652126787973,307.0376989873634,317.83206852563995,328.32281533403517,335.5365337276375,335.89828361758214,336.45154815514456,336.9062848060575,349.1875000408548,351.122568932883,366.6818238683046,374.07596936935266,378.5349976026322,387.3693720350728,392.0498353105379,396.10623681594114
Barker_MC_01557,11.379425089111953,14.534622496353425,27.71105962427266,30.14918225032581,32.92535078398829,33.390121577746,35.65167161973408,36.9511971454248,38.00355659972845,41.44719615373487,43.77772577891315,47.324934144112824,53.49232233363999,57.44916758782123,59.24691853736054,64.55114669507766,71.44866011689993,75.26554803661028,83.0015865787329,91.37560013247612,102.96324610060428,110.14382508933218,126.02991184298776,129.96837506817758,147.81841652461495,149.50502114375456,151.36028622480808,160.90177537323552,162.87017325209726,168.9754119710517,174.08980010305677,175.4308067399554,177.69456623535655,178.35821556726495,192.31231847367647,193.07900953212857,197.79289825175903,215.13865183812555,228.01327701721573,229.97779533067356,232.19575509427747,241.65027849336863,243.5413632840201,249.2202718305871,251.94374847515033,257.1719332105185,258.86964633491846,261.23478073066525,263.46425118768275,276.1629223903844,278.07388747428604,280.76567700107233,290.7931066886426,296.93696217344484,301.27259263261976,306.3684995230243,317.33838662804055,327.12341388497435,333.85186061945814,334.18927535245587,334.70532141468766,335.26556848477395,349.9956982769269,351.07296851519493,367.2184970765047,371.637266492659,378.5888951025128,387.54379002515833,392.28810521596387,396.39984504799537
Barker_MC_01221,11.530245892746056,14.486440641145135,27.640638536206,29.43048566845361,32.75659883860424,34.02339807797804,35.62609952536536,37.70191235228929,39.0976588039786,41.40567217244014,43.572463170149184,47.60695345684884,53.756365414664245,57.39651589588011,58.94606989866857,64.37470693602525,71.43399920513544,75.81341806324072,82.51950628036775,90.31058465595495,103.24678620377928,108.69461916796196,125.72642563241284,129.9825016721754,147.6417863089963,149.35229061141013,151.23384534406526,160.91025134165838,162.86694321750392,170.4759582507871,172.13738482225978,175.51733104853815,176.88451993872405,178.274655321569,189.74838170510444,192.4331482010309,200.3987144880682,217.9497125225766,228.08912622904245,230.25306029404393,232.6625016052536,242.93325566913887,244.09789969998383,247.9128567995319,251.53234284003236,257.14772125075524,258.9711651627242,261.95001701377925,264.746608147452,277.2661796775116,279.1501928689283,281.80401790199926,291.69002260534734,297.747226306784,302.0217078486005,307.04574302571183,317.86856768970324,328.4821179843762,335.7802793431877,336.1462638361075,336.70600482527885,337.17367690276245,349.0496343294297,351.41084237794473,367.5222094745779,373.65157093180034,377.9861925601464,386.93837106717353,391.6812470973866,395.7917396569045
Barker_MC_05402,11.429154985652898,14.719817877167666,27.692706000986433,29.479854370905088,33.04238611498148,34.375019153008346,34.74834055771613,37.29772617576344,38.8848542418352,42.19616725927964,44.214740463762205,47.36769457625187,53.67861418362399,57.40174930928826,58.981508076853466,64.4849268666149,71.64146384797766,75.55261453801609,84.39514957175034,91.2253428030434,104.16841435142908,110.21867133787129,124.53841770694795,128.12024359342428,147.26614197010232,149.17827059066636,151.2816120732867,162.10317948626573,164.91602533663846,169.66654783438204,173.8043966284915,175.80955471083112,177.38265380150946,177.73605651845568,192.86613996000332,194.51062162107007,200.23588779911543,215.4616174354489,225.60614259832832,229.6024098458634,231.96651187906895,242.04399766468237,243.7449073015049,249.39215267474495,251.6813175023472,256.8987939279136,258.5930298151823,261.3652583368187,263.97395332042726,276.7952014952149,278.724612628314,281.4423852996687,291.5666071593716,297.7697676840666,302.14724885701196,307.2923452119429,318.37247924047637,328.80215157520246,335.97387352545013,336.3335173990614,336.8835609704668,337.4038702932729,349.303973303607,351.39644387270175,367.23465429667846,373.9878542651368,378.9900236039825,387.952110163296,392.7002354927336,396.8152774449129
Barker_MC_08424,11.276149332313487,14.576801388255252,28.144664497152473,29.58903174968643,33.04890843299429,34.14827324614421,34.82195927429451,36.91993162680155,38.49289438266358,42.34645160942438,43.21884101755347,47.37001156614405,53.56986428631179,57.351554295906126,59.00290013709298,64.58318467482209,71.83967635506299,76.13495847742657,84.10170815295021,90.31551694457818,103.51084301778236,108.71101238007262,125.81816390083117,129.7786037377024,147.61762403827862,149.2460722027176,151.03736518360046,160.25811393035224,163.29143797376338,167.97170961951258,173.55738949574413,177.56866122869434,178.48495324101052,179.41122780554798,188.4491969152174,191.15346425799308,201.10827496666923,218.75481728061436,228.19915544563025,229.7567168743779,232.22077360504088,242.7243374654092,244.2840987580079,248.99106354772547,251.84897352909536,256.63795756427527,258.1930520111233,262.1704874184921,265.90050732686547,278.3011781562905,280.1672985238253,282.795919686697,292.58803516365407,298.5877124743306,302.82159846949037,307.7979194495833,318.5034134982704,327.1797413623607,333.1458167090678,333.44500042851917,333.9025755288566,334.46136050176176,349.6618080210845,351.1790893682261,366.2072196952203,371.58866792094113,378.5608108484189,387.079604403599,391.5928725123037,395.50437153984774
Barker_MC_06600,11.33330249274558,14.358096026385478,28.363380415696778,29.754355867013885,33.31990875771611,34.46414711206892,35.58188711887171,37.43674675269038,38.90683984016,41.42747015167853,44.047977457365555,47.98400396813735,54.106970567804325,57.644211079326766,59.117521404200495,64.51607654383268,71.53625090791712,75.68999753163341,84.71762704775925,91.26504027426584,103.64240416889572,111.10046423225867,125.25125828433298,128.97596396432203,148.09850209163923,149.87080088004126,151.8203295472834,161.83752698994803,162.66086957141516,168.0961430041081,171.80198591856058,174.28604267991932,177.1567916947784,180.09141718785264,188.77583190478296,193.4280656247365,197.45709858818608,217.60524622102463,227.83999705175177,229.27976689105645,231.763555167837,242.35122892394403,243.71218554065663,248.8377235491738,252.1091110444463,256.7083654243729,258.20185024147077,260.69571195789956,263.04946981524404,275.8207762890598,277.7426719234689,280.4498582472066,290.5346439417407,296.71364173408847,301.0740716143072,306.1991266393983,317.2336616431075,327.31470261686593,334.2466963087606,334.594318411304,335.1259757446056,335.76466373734235,349.0048539567079,350.3808398068223,366.0259288330987,372.0548315187198,378.5819553450944,387.26130647494233,391.85963819936507,395.8448590271981
Barker_MC_06958,11.418018522409673,14.67847211610188,27.666646289927332,30.03341710322495,33.02788065000604,33.40352152577266,34.82765724311335,37.09031613165665,38.2020040544799,41.71911201518351,43.37341636173711,47.504528666300445,53.819645655919274,57.470066537246595,58.991388802071334,64.58412036001107,71.85679789923307,75.6394117137838,83.11235993828618,90.60936019402733,103.55915601344113,110.03512945250668,126.32977705772348,130.16549311718623,147.60874972724812,149.420299231762,151.41300368672717,161.65371964552438,162.72420876905724,171.0686619302006,174.94875210212015,176.89934161680108,177.25963311579264,178.009568572608,189.48396503248352,194.37916483049705,199.0607429343083,216.7963482190873,227.29107250498615,229.46411941238125,232.04036664217563,243.02216627426503,244.48458844725005,249.23385048407948,251.71181084263867,258.3963822609419,260.56701799825066,263.04662170327157,265.3710301082592,277.7353231623187,279.5959692044344,282.21687922074807,291.9802692051834,297.962346265319,302.18381201678596,307.14553479576125,317.8207191851577,326.6098873449556,332.653554700273,332.956629464404,333.4201555742513,333.9697421863941,348.8630883574057,351.43842493392714,366.665525194738,373.8172337867136,378.0744761075044,386.7708673220434,391.37822690590514,395.3712718785852
Barker_MC_05224,11.309908522004177,14.44663828082956,28.2487414446432,29.920570831184783,33.16613353521706,33.500448210905,35.45722328958605,38.04032257114239,38.54592134401141,41.28562750215262,43.4773449309882,47.4126099954334,53.59418019285613,57.195335605276846,58.706705962749425,64.21020499352761,71.36684631872205,75.56036633843307,83.52033831407384,90.85967498450586,103.4809262279542,111.1439865490234,125.36346145702858,129.09573446779788,147.26629532183193,149.0197973081078,150.94864949301115,160.87815161717123,164.23518619504333,170.1619969252288,174.370384811491,175.84361905015305,178.0349721909755,180.04855918887375,189.7739513573626,193.0712447254188,201.15638179095703,217.02780480315624,227.320036365419,229.6283020893549,231.9838377578003,242.02480759871588,243.3912031740054,248.9776118919886,252.1899394580871,258.35803249222084,260.36095569149666,261.60675450919865,262.7900561353591,275.6655588092778,277.60313445438203,280.3324076749053,290.49947127502236,296.72888114476626,301.12488610301364,306.29175448995835,317.4196183926405,327.99987726384074,335.27514654849966,335.6399830612997,336.19796831617026,336.72797520575125,350.1483559514101,351.6754920990477,365.80155209036025,373.0839962274154,378.99804251588614,388.3590697682516,393.3185544052664,397.61677442401265
Barker_MC_06128,11.36203787571541,14.578943242079568,28.18269332267058,29.715553498684297,32.940761970611646,34.32432589082475,35.52605043043751,37.64885319275107,38.3601048377208,41.23152931485883,43.48346919261167,47.743599335086195,54.1705887095434,57.50239435261235,58.745173023544,64.28287479661027,71.48399269162421,75.85202363178358,82.89050971520116,90.64761539880598,102.74504109074331,110.4456155123943,126.4207557937975,130.38344624358697,147.5618035790923,149.18141266343716,150.96298265621644,160.14385710120715,164.5556054953419,171.25158514804872,171.41403873872505,174.64531452232143,178.54787178693869,178.82631586997022,190.5590577854907,192.36383454504767,198.92761846188057,215.6350568208633,225.68766970144273,230.3042035630746,232.60476864377088,242.41141470809484,243.75807103545463,248.40099411409116,252.1587034546579,258.7400495813929,260.8771656668271,263.2201531348424,265.41819023249207,277.77537410798675,279.6349503222602,282.2543533767745,292.0121296409191,297.9907671470242,302.209805654677,307.1686755594062,317.84455513668695,327.4914577335332,334.12492625347403,334.4575780671584,334.966339664558,335.51318107212626,348.7629762298801,351.4344408895405,366.78178838667304,373.7442122071354,378.988450440004,388.013936962412,392.79565167627055,396.93980442828126
Barker_MC_00295,11.413647821105943,14.720275039849636,27.736015657563925,29.85595065665635,32.68262132941414,33.41949550697277,34.805853215093904,37.49236878524076,38.86352891570555,41.75528116717895,43.70615665864012,47.71120665705618,53.509815103434875,57.47275245639945,59.35685722897394,64.8432415362625,71.97762721342099,76.46881845579274,84.63943697865236,91.18292341572912,103.18940710211685,110.06558143942112,125.878908282561,130.04851920237274,146.83669025504258,148.72844749726585,150.80938046371134,161.51253036896853,163.86673266680262,169.39806737376162,174.18957148546644,176.43763281563238,177.47945283716206,178.26650179114785,187.85105725353577,193.5565558268558,200.22701526722577,218.48275992293443,225.72791636567024,229.52825693638115,231.8329956662309,241.65743279431896,243.5311671816114,248.61950379198984,252.00973645070047,257.43062557797947,259.1909142982767,262.5453871759627,265.69161431239525,278.03140145193413,279.88835971079675,282.50407510768935,292.24811414344174,298.2183347821507,302.4314336275273,307.38332231782766,318.0471734879014,328.059459357636,334.9441751990965,335.2894264359839,335.81745773945875,336.3444965543051,349.8792036399647,351.1546661034911,367.02273903064446,372.94836860197387,377.73573979500986,387.605539044202,392.8345717590058,397.36640011183584
Barker_MC_02975,11.529587660330163,14.734371269121716,28.294961662651307,29.828491664347663,32.96447493809309,33.99193430319349,34.92655404991806,37.436445759044275,38.924937583424146,42.388309802274385,43.80087545214187,47.470894960777855,53.47251914295964,57.75674380310106,59.851974985364535,65.10960208795078,71.94651641907052,76.05878571170349,82.99549279687052,90.09964255478698,103.42293708669264,108.30744022775517,125.95415111949558,129.77376543685472,146.91482900380623,148.8411064380292,150.9600116156744,161.85019764780196,163.11342435764118,168.26886980241835,173.5120879944661,175.56945536810375,178.252620775943,178.41391323806727,192.63032857109295,194.63277288801297,197.36044131104092,217.3442593202273,227.79432485202443,229.5144679913672,232.0979940798217,243.11082138908083,244.4781212759933,248.29677389468264,251.5992688594762,257.16470568819125,258.97193240747873,262.2666970307061,265.35689381794987,277.78542132355534,279.65573371517553,282.2902597721891,292.1043721067125,298.1175270002013,302.3609239317268,307.3484236427141,318.0870133632549,327.9251502251968,334.69011654608573,335.0293626447734,335.54820961923684,336.1737476310512,349.3112169862453,350.6803114016243,367.4333809718182,373.0932662615306,378.3735684232651,387.9973826582829,393.09609218676906,397.5149737781238
Barker_MC_06770,11.44173986314972,14.43614284992302,27.96460863666006,29.511933508394534,32.6985980019524,33.77670138503676,35.807378659943495,37.98079730870102,38.51512783338086,41.89591442261755,43.044988956358914,47.0203355583122,53.96874399783021,57.65913230523322,59.072655444970856,64.45476231204702,71.4535476677126,75.35084199539966,84.1638551788226,90.01728753779493,103.5010399031608,110.23166453857286,124.64156618520616,128.24377192662888,147.43342341214722,149.31068150541998,151.3756654080199,162.00008498123802,164.7890024140128,170.1062629709362,171.92170078780063,176.16879587460514,178.83323085763084,179.29809570567448,190.9979509789239,193.59847991004105,197.92363083763175,216.72774877363383,228.1198168622477,229.9886107468462,232.20302715133377,241.64244623147965,243.31532416908115,249.05214183345623,251.56090275116048,257.8749613166564,259.92528291726023,261.22462177352816,262.4567658741367,275.34001355014937,277.27875470527744,280.0096696657268,290.1828490603776,296.41600610751,300.8146553949513,305.98463180862626,317.1172244439125,327.4557359756702,334.5647733169803,334.92127371462715,335.46650961691046,336.0761220295967,350.066816446339,351.35631094523256,367.59474211827154,373.5450469398654,378.0031864204208,386.8336691056318,391.51207052826027,395.56668509453806
Barker_MC_09726,11.373120951166111,14.580664529907876,28.276335727402657,29.907536460093848,32.777188801501644,33.58556702097844,35.716491427497076,37.45232717231246,38.60169975301796,41.29068727569464,44.18559365284742,47.99499884158874,53.63691541839639,57.51330400463829,59.36283043855495,64.72737571233458,71.70332431930275,76.44636927510606,83.77250129115097,90.01752582885399,103.7693391497398,108.33057746518216,125.13148866537922,128.95840449486957,146.8486892762827,148.61241633547206,150.55251610058033,160.53108944873304,162.69721645806945,167.7639207326802,171.44976898854705,175.74651092860506,176.99953117611767,179.35255663357418,190.90209048790248,193.58976094648855,200.29034708055607,216.2796303015551,228.08365576677633,229.6561524919669,231.99191819279812,241.9486143582057,243.51909625193707,249.33221574172097,252.0414063436586,257.625968328508,259.4394054305993,262.5129609609359,265.39731973170376,277.82065798270185,279.69018946707536,282.3236155364617,292.13363020715275,298.144274441859,302.3858996375882,307.37131692925084,318.10241052073553,327.5560710194974,334.0566610987677,334.38264939182847,334.88121972239196,335.30787923956734,348.8963978406307,351.58789444825925,366.20259657798766,372.05730110425384,378.19151474946574,387.3550833189026,392.20995408416707,396.41750874739625
Barker_MC_06190,11.482892062240762,14.63912857653294,27.880243651993425,29.58965219695774,32.76608566252328,33.74046701384143,35.50020209058055,37.000431060770495,38.429684003000624,41.16425330808313,43.56997862418962,48.20144488125689,54.29798922305297,57.93540366449567,59.49465665276987,64.85972074013362,71.8363440020287,75.18065917523307,82.72531154233647,90.98207543212781,103.34945226421358,109.56057463469809,124.73390588296192,127.94176932214764,147.12913583508214,148.7923166843435,150.62181561853097,160.03871673176536,163.06624280317126,169.21096120784253,174.24834527294706,174.60357779768535,176.9012741128787,178.85909248001315,189.92703261395815,194.60537278094995,198.72244412896003,217.1140386100073,225.29693739517992,230.29793395734976,232.62679418287365,242.5540542967594,243.96076495017536,249.10072175347483,251.7217555625527,256.7214322586586,258.3449435105306,260.8277122290409,263.16867693850867,275.98047023720204,277.90845854914124,280.62422703155045,290.7409829049523,296.9395689831228,301.31382203494206,306.4551242001135,317.5235219308995,327.49532069234255,334.3521965141055,334.6960516438105,335.22194772453565,335.81109801958615,349.0703902147433,350.51508867343534,367.40386578518206,373.30288670862814,379.1111690167392,387.6619341228174,392.1921408015343,396.118319923089
Barker_MC_07857,11.359197763986275,14.610699874968502,27.9222165234283,29.85593682305047,32.79994753020442,33.65571983576179,35.39504742257943,37.03732941509856,38.56231663462931,40.9997231994127,43.54988240486938,47.446138985929586,54.0509254726169,57.79001526694792,59.31806701604557,64.86458634139206,72.07717040705172,76.2914596287385,84.84993843149522,91.06843838728045,103.52063330345749,110.09517695434748,126.17166164510073,129.93152648022152,146.93333291933135,148.79794456379338,150.84901737270152,161.4049171493708,164.59361707581024,170.43639752506903,174.75363163661763,175.57676026732105,176.8853903807735,177.7241833339227,190.05922610742067,193.58577541141747,199.5530955359953,218.48611632277917,225.50170027860233,230.05252106079135,232.41832167488465,242.50304802140096,243.86770640921532,248.6759181884755,252.3735137916342,257.45200340153747,259.10110703870157,261.51252621214775,263.786003821962,276.47814487236866,278.38812726344923,281.07853256701446,291.10080575892135,297.24150183347086,301.5749027422667,306.6681891184817,317.6350646983899,327.74708816741315,334.7003862526035,335.04907671705257,335.58236801562174,336.0303551263727,349.3576777198669,351.10744994504705,366.747948847396,371.5546856671599,378.4965134975174,387.2484983946264,391.8853115851477,395.9038830169328
Barker_MC_07402,11.302699879067251,14.578050801142838,27.928632543729513,30.013733297113205,32.91280237262527,33.705359171695335,34.85192780434907,37.61377599688333,39.00007572091488,42.027016432359765,43.6444744182519,47.76610811583578,54.07126442720757,57.42498490570197,58.71207214612648,64.43874912246201,71.88560663541544,76.4480841720789,84.51809115982924,91.23729886203576,103.26613719477588,110.0794517099448,126.56806063284633,130.465072335582,148.6634805066656,150.3618219038692,152.22999744079314,161.83533910164513,163.46854708228642,171.24500057618783,173.27961363072114,176.1804755897167,176.99614482745395,178.9987913933334,187.4703721525546,192.2646420352499,198.45539993120403,215.93983475212244,227.51943541678503,229.11687242459791,231.55004955365567,241.9219825698934,243.4496254190257,249.104117935874,251.7462084324409,258.58836338380064,260.81017015767384,261.84173041410725,262.82119603334985,275.6752412542386,277.609587865149,280.3343126611627,290.4844325119616,296.70346086316835,301.09213973308346,306.250397362178,317.3488826168664,326.5435960973894,332.8661272736516,333.1831863591869,333.6681002547114,334.36887660473934,349.228375585384,350.818997784948,365.90384323598073,372.56763792945577,377.18367355769306,386.72797534315333,391.78455907054945,396.1669316342928
Barker_MC_02857,11.328042058820866,14.726514738978931,28.16046094724997,29.80311217248514,33.02849359714731,33.25939171155148,36.04503830336256,37.60015244700373,38.542670260641735,42.01779528835401,43.99974720305476,47.679334423299984,53.50642531136689,57.597382859483375,59.577030181293786,64.80764730797799,71.60943840047227,75.76174310925244,84.85954880576193,90.85501101941792,103.72032513844324,109.25967125317533,126.15936805417395,130.00990640943448,148.52919332309844,150.2667725780614,152.17810975852055,162.01729372172707,165.32287063865462,170.8377469695572,173.03581183082304,178.11093735517125,179.12494351339092,179.46726581895194,187.47361428806485,192.00699393079245,197.6604548179772,215.50655447825963,227.0958943590528,229.31046237326504,231.66277851354548,241.6900244335544,243.50742867633124,247.83103620670204,251.53392768527897,256.54432030724513,258.17131126935953,261.5068961484807,264.639903187479,277.28775554327996,279.1910731308034,281.87209037774505,291.8593912671154,297.9786596399059,302.29693932772796,307.3724528944572,318.28868480094627,326.8028692543598,332.6574504505204,332.9510430178795,333.40006694442866,334.0335485278291,350.14987592449637,351.8804450717496,367.76109922258365,372.6486571236143,377.3760917713881,386.5706832549242,391.4419900011685,395.6637891812469
Barker_MC_04536,11.33308773921182,14.638046460478186,28.280632903888947,29.92124115460419,32.821439076647025,34.3141261462781,35.85385195148222,37.27766258354799,38.43642804560036,41.69483602454038,43.6179918830554,47.24014946066723,53.84510013662846,57.76734072539237,59.44113323490731,64.71706491847546,71.57778216478839,75.56743418041668,84.80825177780251,91.0682788026882,102.95208311213769,111.24980690346943,125.02731990537248,128.53627369539615,147.75267539084996,149.31945219598146,151.04290668162605,159.92221835918818,163.90503907400316,171.26555988599665,174.4917807970411,176.6545730854548,177.24112338441174,178.77167690495952,189.2303393522657,190.90784553149473,199.28451358950448,217.67359003879824,225.64849643324993,229.6642263046957,231.97365689652815,241.81809408035625,243.3646180825353,249.1571816452663,252.11452246425904,257.4000762841754,259.1164184840006,261.64030232216214,264.016425842257,276.60464237677235,278.4989856416751,281.1673616384738,291.1075714586089,297.1979869016835,301.4959054919469,306.54748753168775,317.42369642054626,327.34322023553653,334.1641504044649,334.5062029498094,335.02934213680686,335.62346829561454,349.58037941688906,351.48976981644694,365.8432295308792,373.30245171381773,377.8539273689536,386.74490473248653,391.45535631581527,395.5377476880335
Barker_MC_03530,11.531379561620808,14.668843173147367,28.191027172170937,29.518639702190036,32.69404834349225,34.22484432477143,35.32452889768312,37.39810693502832,38.648907772163895,42.07595306601244,43.800801911901246,48.14156138941214,53.6177342875682,57.30615334538048,59.04266855802954,64.57758208177668,71.77507419250489,75.37290906726089,83.0473006954946,91.33530532219685,104.33434099891387,108.9370056850272,125.13355830142184,128.66689024474806,147.33602438737822,148.9857270446851,150.8003999677226,160.1434571489602,163.48496731570225,167.79314977407287,173.5681218831268,176.18076027138073,177.84940879134408,179.0194382951709,189.31355787440796,193.09188667435996,199.31022283513423,216.93343820164895,226.91935798118223,230.1069631802875,232.58189246721489,243.1318029021679,244.31279697927752,248.16860092313996,251.77385119675324,257.19528692583566,258.9557531404454,262.2052107306235,265.25309066531446,277.4572038502882,279.293745154823,281.8807011859421,291.51760609575956,297.42218512861905,301.58896163675735,306.486405115517,317.0408976335385,327.9391592150204,335.4330956777432,335.8088978012426,336.38365399012395,336.7742397778269,349.08835858810266,350.7417161065922,366.8145255067941,372.6890448066271,378.38593078207856,388.02781953569206,393.13610496807,397.563285676131
Barker_MC_07459,11.53102030067852,14.69898566488135,27.94568559831669,30.03025584283361,32.891142331949155,33.65712955210931,35.18050939077997,37.768914301093595,38.8162539326703,41.881166390203006,43.404901453328485,47.54815323642257,53.554083878678966,57.15161678891504,58.69897522539838,64.49896990909062,72.04116831906303,75.40842460905654,84.57660291943924,89.99428930655831,104.06005115204198,108.44374249462037,124.31856381972264,127.87512570228589,147.11459264465816,148.87125910407295,150.80359220942915,160.75105371004292,164.11963162370077,171.20404558926614,173.79827366629414,175.38867384791283,176.8842432474792,180.02524260042074,189.6104158688617,194.00057082002843,199.33071800316787,216.3821737401784,225.2679572885278,229.35021308859757,231.71713530850616,241.80664273743847,243.45306717269875,247.8883833399847,252.1369502528955,256.96786701682964,258.53657799552406,262.40722490650285,266.0372750620691,278.36126582588486,280.21584696024547,282.8282139344524,292.5597794566888,298.5223575123214,302.730063096731,307.67561278835933,318.33054204276203,328.92712504154866,336.213619233412,336.57901864716325,337.137864809371,337.55069058318816,348.60599677841105,350.8842674938261,366.43322566863526,373.54580319824703,377.1658527848981,386.7119077476226,391.76942031065533,396.15259786528384
Barker_MC_09402,11.358222409675673,14.649538243794812,28.00000821803533,30.11284863264209,33.19973986620287,34.23007636803904,35.32758000953714,37.794898546628126,38.460137903590734,42.3834095177486,43.54910986669056,47.86554494899325,54.21234032601237,58.0171118404937,59.654486291476445,65.02842663269348,72.01659239959928,75.93313602743467,83.14310058617265,90.12760377294376,103.55605490382392,109.06207001114774,124.21205886032766,127.71364510138083,147.31296492764474,148.98099157198146,150.81582088075177,160.26260148313352,163.63381033476554,169.6930118017818,172.1330803025207,175.44376928233478,177.1647422107585,180.0970574272153,187.9125006445504,192.8110052887509,199.04885586725808,215.9719189733462,226.63225850020933,229.34031712968883,231.6929739676397,241.72167218365053,243.4665119807604,247.87853137019903,251.9349425169306,256.550752336483,258.0496130896956,262.07284180413535,265.8454421921067,278.0207924373206,279.85300533829934,282.43386437086093,292.04805679750234,297.9387197802191,302.09567593190224,306.981577001179,317.5111466184999,328.3776842416285,335.8498064611834,336.22451465508436,336.7975977751682,337.3689310509783,348.96864731125675,350.76914663626343,367.2700072494442,373.2116241730191,377.55858305400005,387.0092470366362,392.0162213320726,396.3555990547841
Barker_MC_04663,11.440432603074928,14.447529824960338,27.580085490892465,29.704043023404697,33.27013309061878,33.34609231133439,35.836013075408275,37.2900735045967,38.452471446301914,41.2228622929402,43.28413515521514,47.765840949317905,54.244576038830175,58.03897111114296,59.638965371216486,64.65042437371872,71.1672265746912,75.60938828225756,82.71438580174647,90.69633680904796,103.47528399996058,109.02387732281876,125.9378479400892,129.56563962792234,147.83331552306643,149.52268147277067,151.3809840174453,160.9427938502081,163.55862251428263,170.21191819766167,172.37852048568848,176.16925077438137,177.92373520713497,178.14881793214306,190.43055568427744,192.52637420661335,199.54132299558643,217.06296776099327,227.97727685192885,230.05593678814256,232.2911542612896,241.81924230360292,243.64002320982348,249.20827019893773,251.98015733099317,257.73338034514455,259.6015856043523,262.95292141669836,266.0932599678818,278.28916535299606,280.1244715031831,282.7096876932317,292.34011136303064,298.24071930825585,302.40469347695995,307.2988432107922,317.8419059996225,328.1859387020703,335.29877254817535,335.6554633310184,336.2009904106606,336.5870657590249,348.84787695090455,351.5333119295266,367.80652240826936,372.88181733731454,377.3154293896158,386.57166719888227,391.4756342501492,395.7257390279139
Barker_MC_01630,11.306740713030482,14.75558421337236,28.230225180047345,29.754192029680663,32.884492764902895,33.78082661463767,34.85659671312488,37.172470324496985,38.2614356535586,41.81284507182406,43.78722016358486,47.1192962449182,54.06611058540319,58.04100478774877,59.681296041105654,64.87985922732561,71.63996800940632,75.56655039785775,83.29395745815923,90.73163158045709,103.2746649559336,110.80666498586632,125.5229153630449,129.5050163444882,148.51770472257925,150.1853191811058,152.01969508548495,161.449886923124,162.86616197965466,169.99476258807462,173.68881192536125,176.79126070092445,177.84002311376764,179.19458783702146,189.61658831765868,191.6759070812168,200.40541095631843,217.8474154318856,228.15331978204588,230.02813688096143,232.37088168629012,242.35732776324193,243.80907516309455,249.26295994079513,252.07538068185588,258.513299817043,260.60384182404096,262.8214315228413,264.9049799870607,277.4844284189689,279.37745221212003,282.0439695981718,291.97725573857826,298.0634290090323,302.35835395908515,307.4064174074884,318.26374089073624,326.7483304212717,332.5825613560618,332.87513340883885,333.32259654838026,333.9667593376414,349.34806318310467,351.08818502693725,366.85323226716577,371.54447418816505,378.794877381386,388.135893009376,393.0847754612912,397.3738069196178
Barker_MC_05326,11.272040144316763,14.763738931118777,27.78480232020528,29.65069638207065,33.30495010783535,34.50307897873882,35.32823653880636,37.02179017303643,38.67026939333164,41.74395739520843,43.28704241849993,48.17649396262026,53.809433549712935,57.5948593196362,59.374318877537746,64.69924280230568,71.62366859040692,75.57272040119223,82.4498790152249,90.63694571253828,102.91348321400716,111.12616400034752,125.86237031702368,129.4416970547452,148.36917071520767,150.11131342853938,152.0276704132042,161.88733792646138,164.4671615205727,168.17839486955214,171.46305853151182,177.4243951168034,178.7727126402342,178.79346533336167,190.49393254919,193.9384752162806,199.7607953614858,216.02335576597923,225.4769711534809,228.89176484191395,231.4778938928593,242.50181688121097,244.15487715560403,249.39161820278184,251.97792118190236,257.0127628707574,258.6476930132638,261.3614770788286,263.91606737661203,276.54555133545676,278.4461047467392,281.12322836908334,291.0960247637698,297.20640616133386,301.5184144385447,306.58655686863125,317.5093310298113,328.8389532266421,336.62950479809365,337.02018142557057,337.6176868558294,338.03316619562537,348.85084055720023,351.4701539587634,366.72786062863696,373.59786039161895,377.482646742093,387.1916187014569,392.33544490509325,396.7934276149116
Barker_MC_04153,11.409380687744669,14.596160915302349,28.24795256467246,29.596711922815786,33.14489057867108,34.31942488830115,35.97415574340392,37.395256410504274,38.514416131342,42.34660223210529,44.27700484549146,47.082771726884474,53.81699381647325,57.675763890991426,59.27013111876604,64.49448692633966,71.28813592326047,76.16827396419106,82.74683611299417,90.40813793723702,103.21328962898832,111.06481467566942,125.88380435419246,129.3731706930678,147.51631142273214,149.229237516941,151.1134562205707,160.8025576039727,162.6242728840825,169.80556816422708,173.99822302083322,175.9610112286758,176.74944584434556,179.7312707781431,192.8556463702901,194.941284311762,200.32714645576704,218.55833016988603,226.88341550481843,228.96281845359852,231.48376763102607,242.22984759921292,243.69014843018056,248.33827753096065,252.09535044802888,257.97244272974257,259.88087121974553,262.01299890394614,264.02150034618376,276.7276391839644,278.6397280381935,281.33310051027973,291.366426971181,297.5138954380037,301.8520755266311,306.9509791379088,317.92642646418176,327.6047341734308,334.2597976895269,334.5935324381217,335.1039502889137,335.68543073375065,349.45402363852304,351.46070899269165,367.7708352392997,372.1579770685751,377.259647029004,387.24600796798853,392.53679522043075,397.1221441725472
Barker_MC_00882,11.340322667721548,14.41714649040668,28.330463197741707,29.97184910685738,32.71757935702446,33.50061044059422,34.788367169044875,37.64377515403508,38.77132500277585,42.06409794198856,43.46998375168297,47.44527766309223,54.16409893457912,57.68959539779063,59.02230219168043,64.46535233193714,71.54338711508464,75.32295874985077,82.94557279029843,90.21745623205926,103.37511014052748,109.46422774662652,125.9597576105668,129.86263727980932,146.63602394396074,148.2618751570598,150.0503114914687,159.26291674229853,163.190864052968,167.8293001421412,171.82680438193896,177.05722142374074,177.9237979296295,178.38707554984626,192.97774056591572,193.794253920262,197.1395855460246,216.11649014500568,225.6228576043533,230.0951355242646,232.47349191111024,242.61173989910472,244.18038644905351,247.86345156613984,251.6111505132661,256.97025407606594,258.7104795872334,261.4568814919779,264.0403377729549,276.80834757013366,278.7297471027188,281.4362346163603,291.51841710992545,297.6958199082369,302.05512422410226,307.17885631099597,318.21074184512065,328.314293574482,335.2617662646514,335.6101646001466,336.14300911325694,336.5721913800918,348.6469791604985,351.1406678039052,366.6876966781909,371.94515937090137,378.4140546871776,388.0463809490664,393.1496001606631,397.57239014404695
Barker_MC_09228,11.500266559371616,14.738027841264314,28.350532922658665,30.100756732483653,32.62879632182128,34.429000687463,35.9873163390448,36.95996017084001,38.25420062346319,40.896264421907986,43.47704844914159,47.80094901057998,53.82572244110504,57.30746581685126,58.75843004690652,64.45291297160949,71.85790597635632,76.37051194004586,82.6684257631917,90.75509512908829,102.90025771685714,110.73150690255198,126.49479496246104,130.42441120949488,147.55399156678675,149.4117850371024,151.45535785444952,161.95984451101455,163.3802114821148,167.99296548874483,172.98785170357232,175.75299529628896,178.34458355334817,178.68081374754462,190.20227688521103,192.9383653603102,199.7758183525982,218.17760178001737,227.25162508637447,230.008375940391,232.49655415591064,243.1029409559646,244.20588982633063,248.38033382517577,252.2614124558783,257.54583438390523,259.26180903212054,262.80341464790376,266.12358016216933,278.27397512139424,280.1024326152582,282.6780017732816,292.27248840775053,298.15107755468944,302.29951337410125,307.1754000244051,317.66830660428747,326.60836896665893,332.75579521583524,333.0640732283308,333.53555724744166,334.0298190164753,349.367573538032,351.0734236068734,366.85322124154186,371.56108520268754,377.9092534907255,387.6716641964326,392.84380231866146,397.3263220245932
Barker_MC_09125,11.33046875461233,14.382445230570925,28.328230988788004,30.043101071405815,32.636959657958805,33.43344311526261,35.308338932542405,37.18678634697648,38.38927784331797,40.97076310551147,43.48913626109123,47.87986260013859,53.63038559872517,57.177087000843045,58.740290748581074,64.49364712510419,71.9751980025601,75.41392026780913,82.28255798872294,89.96517959895739,103.37935925420804,108.40112749831152,125.35458695263922,129.00069973082526,146.5862507175977,148.3827812642249,150.35896486551474,160.52653258697958,163.19949767802092,171.03186991200215,173.49802416370463,176.79984149861684,178.3751505743882,179.8075945198954,189.47291434207727,191.12845270611157,197.56265393543677,216.91889311587192,225.8618518362265,228.89421207111656,231.54603642034908,242.84999953614505,244.22852669655165,247.90450351129047,251.47612149138195,258.24848290804664,260.44762609869787,262.37830265845827,264.1925315306291,276.71381046924944,278.5980806007894,281.25226756027047,291.13962050856617,297.197650286313,301.4727147783015,306.49743512907474,317.3179287859853,327.45223496103785,334.42085523151,334.77031406513254,335.3047805165551,335.74180376664754,348.7360213598038,350.6472445266077,367.46697443764367,373.9757171849224,377.563861574694,386.845894810402,391.76352831276387,396.0254773481441
Barker_MC_06152,11.281734008478375,14.403009720211225,28.19865729175696,29.802799321901897,33.155491095192886,34.217361217467534,34.98813499498036,37.11754798983392,38.76030168469016,40.967491996052914,43.531538953621286,47.88252381778623,54.02475451937978,57.734121292129984,59.3405529824775,64.76994151067181,71.8302110036089,75.21056973906299,84.05748257873555,90.83431267823084,104.34980010897807,108.87616072062652,125.43646782758536,129.41789085038158,146.58964867848684,148.3211999716236,150.22590639407397,160.03485105106242,163.86285135108676,171.1972061502109,172.9542054445276,174.5138303050384,179.10948889387586,179.66775078943388,188.43653833131555,191.21961975694072,199.59036656935268,216.66058787247692,227.92409449741783,229.4096293987033,231.9641801373982,242.85349387946215,244.41892376156173,248.3276099957559,251.42259966917885,258.6568382896457,261.00596374573814,261.9699923654557,262.88461457550454,275.8511755020031,277.8024540880296,280.55102930060457,290.7899965047006,297.06346206622663,301.49055649258787,306.6939660553252,317.90360656406034,328.94733665449564,336.54130115887193,336.9221194378525,337.5045473939403,337.8653133905743,349.8171625052663,351.6943388642505,367.312958350049,371.5814247713161,377.44226446859074,386.5577262224217,391.38710993306046,395.57257581561424
Barker_MC_07414,11.5243303037225,14.441222113312772,28.010125551135303,29.563032545345223,32.75402975758771,34.457723355270964,35.14118589758756,36.81526025282164,38.14192077094773,41.771380838775215,43.827900187619846,47.589664588719835,54.05272841581022,57.97487548310923,59.67985178940764,64.74817649126662,71.33892572334179,75.46848514297979,83.11449601003643,90.28149878034317,103.09972109608675,109.23203114454412,125.25670322560144,128.81720745738698,146.57406478084073,148.2593416987804,150.11314630851393,159.65934971456502,163.30214486117876,168.8365946420481,174.88522227167044,175.95198915615617,177.06585081884913,177.60908673836357,190.24810341304843,193.3413156763116,200.23516363218408,218.82855539097497,228.04870126589768,230.2755354778835,232.74121625518023,243.2517029584029,244.37094436104584,248.16853943723123,252.0364790659001,258.48762872597376,260.58246699197554,263.37506914628847,265.99156995558906,278.2580528340584,280.1039798691678,282.7041566605586,292.39031142543405,298.3250660867,302.51313710184087,307.4356091954661,318.02966215645046,327.1680865853761,333.45191190262915,333.76702998638524,334.2489752909533,334.92124971479313,349.3308917234587,350.85067446312866,366.0915099347612,372.0253899858265,377.49515538899067,387.08902792193254,392.17187429700107,396.57700782206047
Barker_MC_04920,11.378970256312533,14.753191341977942,27.578616179318583,30.178807755994775,32.69999131911524,33.41346825828264,34.74399100052639,37.13996587174704,38.47950031899958,40.95746490462752,43.75892503591864,47.6713931537453,53.75416693026849,57.2436332022604,58.68776123398634,64.25246394779982,71.48869333230253,75.30160388058373,83.5263633501025,91.17529765431937,103.02308241060338,109.67453172065946,125.21848382377628,129.08766055800336,147.25658969974654,149.02488896956098,150.9700181663568,160.97744575848475,163.55856210971913,168.9668154317142,172.9945211840412,176.86588857289013,177.4571422483685,177.59402826758344,188.34872969951485,193.25744950023184,199.17210941765688,217.49709273100856,226.8753474216236,229.53700658343192,231.94570744103865,242.2133051645654,243.54459985416003,248.9397175858525,252.2203839033584,257.5962736889576,259.3419500769012,262.2723401530812,265.0258196165594,277.611654688202,279.5056395776239,282.1735107659495,292.11184007818514,298.20110332482136,302.4982088266282,307.54883519842,318.415638939805,327.40554798519344,333.58725014824955,333.8972470118836,334.3713598621475,334.8914070437482,349.52178586135153,351.30203127423135,366.5292217526461,372.7866197222692,378.8078100798932,387.8474087625711,392.63660011763216,396.78723262535186
Barker_MC_06177,11.495085810992608,14.352156268835694,28.380574554202852,29.965639492769625,32.59170506771901,34.3153354714119,35.6252597862349,37.19161834710824,38.84263604941238,42.329292603407154,43.17708865259716,48.14333388851079,53.73478319155952,57.60661846147624,59.464070487284026,64.61145221872391,71.30500564896131,75.43490586760285,82.35953462618313,89.94935369379972,102.68798209324912,111.07851161425846,125.69361757351358,129.52599442828935,146.3104190663009,148.08074746221126,150.02810869771258,160.04997509285982,163.03918405386688,170.8779834376751,173.42404874741908,175.998321727504,177.91479531703942,178.98432034584428,192.30930663734375,194.65770476614068,198.00763726482256,215.58524015148248,228.10942467319015,229.7513321329969,232.31856393393812,243.2619333904926,244.32742252279888,248.6195584504,252.31575654855425,257.2001728173878,258.7862563290385,261.8553724563115,264.7399662420723,277.09808288433436,278.9577994664223,281.57740024334197,291.33591306117995,297.31500185735536,301.5343588339206,306.49360305282187,317.17105289717506,326.91520186776916,333.61553959805593,333.95154473497297,334.4654349443755,335.0504152978989,349.01399174571054,351.1685365333622,367.40462331504,372.59614484604754,377.6422587345008,386.9764271650472,391.9216819626876,396.2075694539761
Barker_MC_08762,11.384756143586245,14.577146651242574,27.700110170232737,29.742913589637688,33.008173294596915,34.332218919723694,35.55004623924106,37.74100866795551,38.484280361706595,41.44660051480961,43.06282423726568,47.05815207249882,53.47745563376835,57.54901972244409,59.38292495626661,64.8078362507935,71.86228363759272,75.34065023313944,82.9098148058929,90.21083754064504,103.95629420029478,110.37761348616024,125.94507061255484,129.79899738599195,147.5629387897589,149.26606574410482,151.1395053938853,160.78625400864763,164.390066079269,170.75401922637772,173.0364492131835,174.4281446622522,178.64181613246274,179.13177723994215,188.5316461876247,191.6530145685187,199.46620669264863,217.72075047136377,227.5515751670344,229.18234501206345,231.55756141176653,241.68242453931433,243.23825472240532,249.034551343612,252.28911946399063,258.9054226533844,261.0538901097188,261.9991007372456,262.90034806557753,275.86209294806247,277.8126467896014,280.5602011255327,290.7953653693072,297.0665008383412,301.4919509519405,306.69342786271113,317.89295349553845,328.18113150434874,335.2555581676077,335.6103229265322,336.15290432253437,336.552071773553,349.1430944995607,350.5798822329833,366.61447238576073,373.0254810474216,377.67051612547294,387.3853843791579,392.53233444733536,396.9930245064225
Barker_MC_00851,11.5182728394104,14.47789328894261,27.93526535735688,29.781860689534614,33.11884016239865,33.74211034499537,35.64831768608734,37.88258978630587,38.6334978684117,42.09239459375666,43.205366439892,46.99438133205385,53.95860774704485,58.06342388782694,59.803563266336425,64.80207758160397,71.30204676723703,76.37620951733348,83.97407358830337,90.21320190588739,103.5899014382886,108.26777498560082,125.0009818346672,128.98737912521148,147.91055346214128,149.5456088092199,151.3441696910064,160.60414633676967,163.898743183771,170.2985673613079,172.0441451363309,176.4532249624162,178.2577744310548,179.80807903761476,187.21092132531865,192.1684416953372,198.06391012118323,218.49862238419925,226.51588830916984,229.83807032966945,232.13653345553357,241.9342194920559,243.45803278034683,248.83245086088695,252.0993281705144,258.52918290512736,260.6171062137839,263.1885481662849,265.5998968285007,277.9328361848932,279.7887639521172,282.4030277962717,292.1416595210606,298.10856707374893,302.3193279219671,307.2684686345647,317.93307977768006,328.78296983674187,336.24364474550845,336.6177788854761,337.18998404072073,337.70565832769654,350.1892264340178,351.30010018992704,366.6670760128711,372.65255331353774,377.24992228351744,386.9923739008111,392.15393767156263,396.6272929395474
Barker_MC_04543,11.45497471178876,14.423712067395869,27.605428004468006,29.667731906206463,33.27914889060468,33.60721786472774,35.67234422651353,36.95831839299568,37.988506841570654,41.79289386317039,43.462634373626955,48.19461238415439,53.76902404548995,57.78127819470141,59.75423549640858,64.70784524303284,71.14942141544915,75.89219075849365,84.00630471174593,89.99914600270779,102.73198744097763,110.94365274799364,124.48647458403164,127.98953839795698,147.42463332027782,149.20100385947265,151.1550114525869,161.2012556265211,162.8535155443529,169.06211492020685,171.62597143485783,175.3010321590432,179.3867603921695,179.70385134382389,192.04047776840335,193.36297425274267,200.11919119039763,218.94769301458064,226.35578636947017,228.98444869299416,231.68709504061923,243.20769769193623,244.5991122140227,247.84067333446512,252.38594234302096,258.4366625105613,260.40147201145993,262.7302770088231,264.9192636686635,277.38813044354634,279.26451330772767,281.9075902454456,291.7535562424404,297.78622803158277,302.0433977556933,307.0470853935103,317.8264047218679,328.4383249808364,335.73536548345356,336.10129376824557,336.66094879204513,337.22720061866664,350.29708649679617,351.1166686871273,366.0318701474193,373.1135013490256,377.9239756116463,387.36468227575153,392.3663811706416,396.7011868795464
Barker_MC_00181,11.362830245830278,14.612416737875916,28.149221669510258,29.990937465820902,32.57384016563206,33.51530732167451,35.636558013561114,37.005802190574066,38.16670101451444,41.866090249790744,43.46849568679587,47.32653873495024,53.55657251631731,57.358159236997395,59.018530587025744,64.41137288769698,71.42411838895008,76.19172584860563,84.27640901309974,90.99473104541401,103.34691540933336,109.59835370054871,125.09215181568749,128.5258573310918,147.29926196920954,148.89441774000264,150.64908908787496,159.69446204049288,164.46648282828744,170.83033685347624,171.47098838893191,176.9639582185277,177.4425827679657,177.80896215105918,188.29278918482404,191.0133021899956,197.69197036308535,215.576570467333,226.1922276696641,229.10523440934736,231.54634444791063,241.95209317161672,243.55686144105803,248.87820310486325,251.46055595662227,257.08227451712116,258.9077772231134,261.0745028968696,263.1181313124919,276.06561059387155,278.01401767019564,280.7585480680286,290.98244756529925,297.2466810687499,301.6672605644961,306.8630127680271,318.05418172820043,328.83223717426125,336.2435166797675,336.61517376411445,337.18359048135085,337.5746406851847,349.6668155495313,351.5914924571464,366.65206802746013,373.03250875205026,379.0278883393692,387.677736384523,392.2604373355978,396.232111493196
Barker_MC_00240,11.349153855237953,14.663789175676404,27.590376529134343,30.078260362346647,32.90889890273105,34.29550674562894,35.158455540519824,37.56793576412442,38.61263432838597,42.31031839954808,43.227848391592914,48.03037987664031,54.25411861082856,57.53338295962811,58.77926837192148,64.19571481801873,71.23915468328588,76.22332175376131,82.9955636470634,90.25915712996544,104.10116638586946,110.08236982273117,124.64772632246527,128.10065396838388,147.84820333637788,149.56989161435945,151.46374872013914,161.21217772262207,164.38182749849526,167.83514405670337,174.53766457658085,175.62236702537984,178.94491692754076,179.57602693106563,192.4922649369143,194.31802607097467,198.2750247521948,215.7753376061883,227.29742109427312,229.45113578851283,231.90875161445692,242.38485975386257,244.05202925391612,249.1069360905678,252.06317626393863,257.67899631941407,259.50258364370126,261.84455146197286,264.04947027680475,276.66865277081064,278.5676559616561,281.24259594015905,291.20725784481095,297.31265520032514,301.6211463107382,306.68515481965966,317.58895094218815,327.63801275523826,334.5480167199928,334.8945360928566,335.424506898413,335.95327140794257,349.60274774743397,350.71633730140155,367.5367291094089,371.84843026889143,377.2598874565326,386.69234713222875,391.6896767617365,396.02069577397657
Barker_MC_03680,11.392308989650882,14.549445232867178,28.063029372683943,29.632434778500944,32.9780263803599,33.65854032845576,35.248977683796966,37.73790110623208,38.62244518467955,41.49149090425095,44.20951711266331,47.04650208757035,53.80715334262933,57.49877065486958,58.954162713735336,64.37295622211613,71.419448160771,75.68147150827599,84.23219585933398,90.55930460759241,102.91378964267956,110.3511175022526,124.58052631587364,127.90640477066292,147.1287814356204,148.69439881161583,150.41657792521073,159.29527690161672,164.09192916041332,170.79308004363023,172.83843165877894,177.373773818547,178.64489632424528,179.49145104917406,188.1959803493382,191.52757831931012,197.0584774515623,218.8956172178945,226.73585613342905,230.26009691857183,232.70027581614397,243.1020553540997,244.20586190935956,249.1179077519413,252.1604851910103,258.32262415738984,260.3236139324503,261.4190264399128,262.464131760159,275.6491605712264,277.6333153923093,280.42820014028644,290.83967920145295,297.2188436262251,301.72052822029514,307.011607743183,318.3877984881971,326.79986775643437,332.58423181714915,332.87430317122625,333.317941712756,333.91720893664973,349.4378803580472,351.6946463169354,366.8788727064214,373.55520349442105,379.1802559176545,387.94712366582826,392.591821810556,396.6172268693202
Barker_MC_01201,11.437149982337218,14.373635851744933,27.666931796981533,30.09335525634474,33.11854282887522,34.040648130327355,35.08145988494421,37.128867588458434,38.27925650504496,42.36275699710448,44.10572171754366,47.15919743740216,53.38512213070425,57.62014198593726,59.626500282101176,64.96107298459881,71.89804585248548,76.02811535139723,84.59666958061581,90.42303191673672,104.01295311868093,110.2554469650966,125.56253554804984,129.0612575564555,147.88339013601058,149.50801220772448,151.2950964866097,160.4997748274384,164.2928477464757,170.9440911925587,173.36336513219626,174.5965712246143,179.10513393324905,180.23457863362864,189.431494459896,191.3300140828297,197.95461711844328,218.23102381427353,225.5096016505484,230.23180905272912,232.67215536025273,243.07464851859493,244.55326678424183,249.2810092903947,251.42839724686468,257.71056293352115,259.75052817494463,261.7174517979715,263.56915136463823,276.18318410948837,278.08141233808226,280.75526070309104,290.7158561391539,296.8187619493646,301.1254948120886,306.18743675500576,317.08504403372683,326.91041484544536,333.6666028883917,334.00540877845094,334.5235824926592,334.9590622859917,348.90599163889374,351.4714649675836,366.8872359760473,373.1101678328194,378.187484042239,387.1431216594345,391.88783033079625,395.99991117930983
Barker_MC_08705,11.298532915239315,14.703251925487386,27.779967622160505,29.46179488989476,32.96251717219854,34.52341264802212,35.59529245810658,38.03406366936372,39.12509042571346,42.38860393448858,43.236979388410774,47.70642836186569,54.28077118097331,58.096725188758896,59.69286392132515,64.79108732009101,71.42071622647094,75.57976494665996,83.02280674480232,90.95012461923238,103.38210988007178,108.91564371116336,124.64208448487608,128.0922885606204,146.3821848789464,148.19764550813437,150.1946522002411,160.47841241850173,164.421093234885,171.22754661343174,172.60745216278931,175.08888985886637,177.10464809587097,178.3699043850411,187.9498261892218,190.63937649793976,198.78898691707153,215.7574348302275,225.51538717322828,229.0955935780179,231.74507545136936,243.03905326743524,244.16359283722912,248.9252287284627,252.11269399294227,258.7731402569675,260.93594199583913,262.65640371899434,264.2755885774713,276.7318915936201,278.60638379507935,281.246797541221,291.0828426413514,297.1094358481937,301.3623160041928,306.36096187475084,317.1358995756116,328.5552878107239,336.4075649135698,336.8013369216771,337.40357646348826,337.97612437092954,349.699235766889,351.6022649284754,365.78483303924503,373.76822024300486,378.01543880257583,387.5080796806655,392.5372933909116,396.89594527312494
Barker_MC_08224,11.348321595566118,14.5632980345572,28.291415757988297,29.461337277870225,33.02499751255569,34.32153365751626,35.28061297101114,38.078995742083166,38.598877299814205,42.26140050690375,43.05519408173469,47.34085796686423,53.656266975946735,57.91406378111968,59.91930624218753,64.98751724953429,71.57811863551373,76.47187775302042,83.42602388976456,91.26703196611005,103.04349763703816,109.16016357921704,124.61739149918571,127.87526580255772,148.62354722362215,150.29571291440567,152.1350951742675,161.60091349302925,164.37681406913387,171.2417613741894,172.49819274961646,175.02297554378828,178.7947109732916,179.91283525473827,187.0962988996956,193.35970351605872,199.86061146696153,218.29889661325504,226.0525350446454,229.43000294823565,231.77327635682715,241.76197571717896,243.2006052186712,248.43003581953957,251.54273991256736,256.7886980780631,258.49218264840846,260.9374333638441,263.24121289486123,275.9273111118274,277.8363841444776,280.5255085238022,290.5430100284616,296.68078246676725,301.01212020751143,306.1029816279121,317.073600611507,328.31275049855105,336.04109088741086,336.4286477800676,337.0213818511896,337.58112631247235,348.9582847784195,350.94667378899135,365.90441853499055,373.97017776544106,378.3665874767272,387.61600615693686,392.5163604245976,396.76333412323686
Barker_MC_03983,11.402792513429548,14.62020566121108,28.04746524369396,30.20699282164732,33.20076502665537,33.563119175337235,35.291448679921565,37.5108767870681,38.94270161331739,41.7726774508583,43.885162550677464,47.636194980546854,53.815385768101144,57.82152325947532,59.6560243385225,64.8861797022491,71.68737032732322,76.22004277165783,83.59170821647587,91.17288376651179,103.3334796652534,109.13550395624154,124.00034739311906,127.75405499802224,148.4385901314853,150.11023672624543,151.9490479804815,161.40348943182576,163.02173172874814,168.15274533934362,174.2907064552091,174.70398282283094,178.5149858464008,179.14460145919656,187.02949209589556,190.7235424756165,199.81298594015655,217.7854589425745,227.33859304602905,230.314616029351,232.55948801022575,242.1287304371748,243.6650778020501,249.40147305452712,252.1551811433016,257.63322463915324,259.41207271160687,261.1059132084811,262.7106822154018,275.6330818828182,277.5777148424779,280.31692901146107,290.5210245417187,296.773124057184,301.185140772111,306.37082866453704,317.53489753217394,327.6074054094552,334.53353151573987,334.8808593735772,335.4120666855636,336.01964052095144,349.10894729366623,351.39665092868194,367.18096954655874,372.5178654761566,377.2951890521356,386.9563978510068,392.0749190689518,396.51097079117073
Barker_MC_07393,11.44263535449026,14.740562899585717,27.89194483498822,29.85570716094487,32.80976500878274,34.462553905837744,35.047356378956586,37.75735620540981,38.944189729416976,42.13470718490819,44.101623634806,47.33652780409999,53.99482616959144,57.981524171259416,59.69471339863979,64.77325458342233,71.37728912789238,75.90915104165856,82.67070414435649,90.27291019343029,103.9609912178354,109.97026105442488,126.1645679826124,130.12885924627886,146.45487697254669,148.15543710624206,150.0260532533069,159.65817312127692,163.24422733365546,168.30586536453026,173.42323982832215,175.56055063818738,178.44041059099834,178.99797218965358,189.23752882735397,191.6423756610862,201.23333244745953,217.4482389247396,225.31767325492208,229.4328058139692,231.83028740061135,242.05006060468756,243.5465046731337,247.6967058855148,251.96989387298115,257.1586168034265,258.84351576239027,261.59549429162024,264.1846343483303,276.8274749037149,278.7300382882631,281.40999316327185,291.39333651444935,297.51018008412575,301.826748623262,306.9002509820571,317.83125518158,328.75345987384884,336.2638602606219,336.6404880086312,337.21650691735124,337.6834023370575,348.96657992220156,351.45777090409075,367.340313744868,372.5630877868512,379.0796988771602,387.355792328427,391.74047760062126,395.54053816985646
Barker_MC_04696,11.398366871749776,14.386488173842148,28.28935880449248,29.935928115028194,32.86905195912061,34.536744584405405,35.997936150733,37.59940343020306,38.624602104162165,41.6664728392176,43.69721949804506,47.93317416283178,54.311438818180285,58.091409271126835,59.702024795025565,65.00458151506221,71.89992143237221,76.19903872617346,82.58476263956788,89.96574112448462,103.25462463830893,111.17485568459152,125.79202019210238,129.2472764212486,147.43962688216152,149.21000321420607,151.15741717945502,161.17641076435206,163.73467221399085,171.0475596839505,174.82241895384547,175.21930677062758,178.23290361244636,180.06498410148166,188.24366702278505,193.83371918815843,198.19484996962123,216.0645039271893,227.62129832209595,229.81248093367455,232.19799014995397,242.3667285888397,244.05092239558255,247.94241952268152,251.3741207498236,258.66874183206954,261.0374748772268,263.6169271924476,266.02848623351923,278.0830885523954,279.8971306489252,282.4523942472631,291.97123879679634,297.803481666285,301.9192115842185,306.7566571749649,317.1786470129462,327.53921165716184,334.66341330906664,335.02067415886717,335.5670731056209,336.0450976762679,349.48947292510724,351.04962476252973,366.7440614858006,372.9597857371934,378.47985301112845,387.1953060673808,391.81276464022966,395.8145620700321
Barker_MC_07355,11.367163656189696,14.615874438717848,28.28704478263282,29.999434585146485,32.82971881880651,34.51234034781785,35.359066257811136,37.41508985690913,38.212802586747046,42.498247207877654,43.48122995908171,47.60771727831359,54.21301258877942,58.17440948511519,59.87952415784845,65.06463514656892,71.8072509569963,76.14827539366348,83.28395584876023,89.9527195800313,103.43919141700056,108.48251852277876,124.49571613644125,128.06903331366408,148.10352224594013,149.7217070935699,151.5017104259626,160.67135052330588,164.64589080604836,169.05836003186647,174.35070441582698,175.1938382990416,177.2672048887188,178.40368668346383,187.41309389328063,194.50643352250825,197.73890215020455,216.8547305397684,226.3992180753714,229.4821932597089,231.9200269334491,242.31180945795157,244.00460345153127,249.267408234653,251.464643481692,258.30596401329825,260.52749983167956,262.3590991019938,264.08195776625695,276.83922358265414,278.75900630259736,281.46321637047447,291.53691494394025,297.7091196026826,302.06475566620986,307.18417625272525,318.2150193515853,329.3505708491102,337.0076742115056,337.39165874590304,337.9789292102755,338.33948821924747,349.3579887859939,351.3194205406107,366.13251256301794,371.96144961219954,378.859874425022,387.8176643137556,392.563513261429,396.6765823494126
Barker_MC_08920,11.303678802779526,14.715912476116207,27.580552952522332,29.86229122268717,32.83825198057207,33.83083190695713,35.20841143076559,36.98806386705094,38.45658115308228,41.09667122062674,43.42301711761699,47.39589203813841,54.093794995573035,57.73333465921122,59.16148916893064,64.44930721646243,71.32548125545814,75.72160031740987,84.45735478866199,90.97083267604074,102.90617578384744,110.2952764593939,126.30025377254428,130.02891751983748,146.68460141347154,148.4472096877984,150.38607878955787,160.37121962955266,164.30402150366226,170.9142879843054,173.89516409108103,175.3178230119995,179.21063963487353,179.65805083615322,188.2603611815991,193.43781163241837,197.71885675508597,216.0727225493679,225.2687112211579,228.99597513746244,231.50782479718927,242.2151161433128,243.81833572265856,248.77297572295112,251.81933084587675,257.10506056088644,258.82145987793757,261.0704080016265,263.19219282147895,276.0329333159805,277.9652777593277,280.68718229780626,290.8267961510696,297.0393874259174,301.42352374361946,306.5764422592123,317.67361509468594,328.1435794300985,335.34300723883047,335.70404049177574,336.2562089962802,336.7657283549832,350.0922510219086,351.14517959163135,367.7254277775669,372.6116243440856,377.9123923593117,387.1973713355666,392.1165654951718,396.3798671001631
Barker_MC_09875,11.376816023703716,14.6796065016663,28.070403507308335,29.594159127123817,33.15969878724735,34.531164303423694,34.82652711390553,36.843440411393416,37.95847723789189,42.264768813206224,43.610827441734585,47.33072601559772,53.81139132855412,57.74411950747042,59.45373898004011,64.87131283562405,71.91621876189673,76.29357757237939,83.96791968928348,90.28251082503773,102.86479827507443,108.7258467886445,124.34837706564664,128.254717947745,147.62402269945926,149.19494915901018,150.92296826451616,159.83524047098558,165.1231863720569,170.65511730447392,174.8045419039653,175.23247741168748,177.61258728359076,178.3164262427773,190.68597190608267,193.74307031721705,198.28007051404597,214.79136431913932,227.38089076042485,229.49681077458413,231.9213619521765,242.25652502276108,243.8391492672528,248.25153262695105,252.21647907903275,257.0401202877011,258.6064687244642,261.15406758471147,263.55720790897794,276.5076448638598,278.45649702697307,281.2016543750144,291.42788938145833,297.6935538628656,302.11514317917647,307.31208228081186,318.49420419858274,327.8096078728885,334.2151288578573,334.53634967421266,335.02762856981496,335.4915429374694,349.2920948621042,351.4006320041492,366.077868802652,373.0233111582507,377.82661601731326,386.8690983468304,391.6598174618062,395.81177402811863
Barker_MC_00899,11.331406784400896,14.4825156261944,28.382215022540382,29.76307088108504,32.84609628784852,33.56975247216652,35.856359133014344,37.25073927398349,38.16307596543796,42.0731089391193,43.9048077164053,47.9293753874306,54.25304147299054,57.7626510993268,59.16972273761952,64.42944163586563,71.26907609670278,75.83007048964426,84.83471444460741,90.67195096519677,103.6172545900621,111.1996120983354,124.71558591753114,127.96858151747092,147.95879753725242,149.60549722590332,151.4168668834193,160.74455063222018,164.30395489200097,169.33862369528552,172.69371446964948,174.55157041906148,176.93948452822096,179.595651985306,187.61508691017283,192.7201411109944,197.19493556779327,218.9271003669513,227.8435110479625,229.09306892207175,231.5345643933343,241.94195610558063,243.28314737684815,248.61545899240855,251.5018834622468,258.18664400728557,260.35734115844195,262.1563947506923,263.8492370498959,276.4501237224461,278.3463736586065,281.0174353966391,290.9676501154166,297.0641956090938,301.3664400879096,306.42310658433746,317.30755626218235,326.8953666136475,333.48820172347854,333.8188158735291,334.32446104419455,334.9674155741213,349.6882814750107,350.9005703763175,367.7345952674553,372.67375542542806,378.6804371500117,387.235656114066,391.7682224526378,395.6964466127334
Barker_MC_06055,11.428923131228162,14.432195205775525,27.605458648244134,29.786855953401236,33.29302462595614,34.52540093642775,35.02445527109221,38.003823626808675,38.94878030899085,41.46419348462473,43.086749138546445,47.82834868316902,53.779649604521325,57.675332918730014,59.47244883472998,64.75587262743477,71.62633246433603,75.82917856439659,82.73805099931242,91.13670515188909,102.6073573979526,108.30557797870117,124.96012759535208,128.19646164616086,146.32876616181366,148.03877521481832,149.9197851731234,159.6039682351155,163.01030641744137,168.12566900999096,174.33801959111304,176.98452692890606,177.4035649759364,177.76293941356795,187.88411092629823,193.59901627083417,198.24105585362116,216.4746605787558,227.10465008548744,229.1750267660296,231.8208632548059,243.09930184679277,244.30572567910656,247.82030865665783,252.0872476194884,256.94992534349285,258.52894984427655,261.3491478144517,264.0033287368258,276.533872837293,278.4195372407614,281.0756881746792,290.97035730255624,297.0328697395137,301.311097579641,306.33953598888996,317.1787116967511,328.6684418380136,336.56908791892226,336.9652855100003,337.5712347669431,338.0768837374616,349.8079317259417,351.1407320325387,367.6571521522432,373.81207423086414,378.4278266789738,387.36486111572526,392.09971379744786,396.2032527882741
Barker_MC_02408,11.366392091093989,14.513538354537417,27.726626584410017,29.593702703451292,32.76351257497283,33.88675827895869,35.13626335997473,37.699837358301025,38.98526055376242,41.86736688429131,43.112680076192675,47.500699677324995,53.537390454890605,57.76435139200234,59.80648192395353,64.92703189748481,71.58569384025172,75.66117909931177,82.86750778862961,91.34590981920272,104.08725748460276,108.4369992164734,124.63728551876682,128.00203442683858,147.5683738866101,149.11770298531292,150.821964993886,159.60385083511636,163.74173090501432,170.51311658998873,174.2175211157011,175.91833409391492,178.03620466865348,178.20836553454583,192.4689337927354,194.20096503112643,200.3774749796782,217.36368331012383,226.1320672568634,229.07235532756147,231.58881951671592,242.3157812721793,243.88528949823868,248.4807117575787,251.5850439649872,258.2877886461821,260.46432566442985,263.13488722766226,265.6360601432603,277.8706088647607,279.71173027430683,282.3051378511945,291.966076000211,297.88538031692406,302.0625482461095,306.97220533823264,317.53990189926606,326.80905942564374,333.18278032106366,333.5024064426629,333.99124639334406,334.48354516788805,348.82727370407196,350.734634131051,366.882866879216,373.71548679437814,377.53749004423577,387.4217150099964,392.65839048854514,397.1968425699539
Barker_MC_06154,11.474360719641703,14.509051391550669,28.371599325456295,29.647556840498996,32.852656571344845,34.404360915362105,36.07074979045277,37.38509727236135,38.45787909013801,41.596915270595,43.40710128939501,47.371255004658536,54.12930700293992,57.60207635843704,58.88417600609422,64.55258451241839,71.92367085904526,75.63555577213589,83.30691691200016,90.7372267811616,103.94112728215322,109.23834377990237,124.272300298167,127.7390271255378,146.49922306282767,148.15409185469085,149.9744475257403,159.34936277295105,163.0577336880089,168.85352594930288,171.66553475100363,175.85349989964556,178.272613428129,179.56035302075577,188.04670295851503,194.17965911619623,198.88828379901335,215.64361911184315,225.88145364498692,229.2948722122325,231.87465967624567,242.8715503067425,244.09412440054453,248.5048583377784,251.63561706810685,258.0892201658069,260.18485512004156,262.1786640790471,264.0536797235853,276.5645206897184,278.4472200584083,281.0991944379609,290.9783051037747,297.0312847945091,301.3027855127196,306.3233171625594,317.1337190096281,327.12426625101835,333.99403402958075,334.3385356585942,334.8654205029677,335.29304722498966,349.39634845189744,351.3584435033043,365.83298362134553,371.9574578621332,378.6791528056879,387.4093819987853,392.03466898850576,396.0432510462635
Barker_MC_09836,11.314218636184709,14.786672731146188,28.34877104156731,30.20927352640166,32.865238122183875,33.411428137834825,35.091925918327384,38.024528924435955,38.89115881104158,42.372028799714165,43.83505061493498,47.44260382290091,53.767477249321175,57.950306549698226,59.89347344495815,65.12222440168284,71.92158876365944,76.1140127125485,82.54867991977311,90.43825050004357,103.95836713973505,109.8340945666404,124.32637393223916,127.75152596557264,147.08483515250518,148.81033091581656,150.70837625545906,160.48148597318584,164.0861643416357,170.5740664949223,171.57870619459578,175.21930992468327,176.55659315775415,177.64206252980162,192.42282866026852,194.15541618494555,199.33040876198848,218.01973353096588,226.7421005563631,229.66671250167917,232.21406655624952,243.07270290751111,244.1101071189676,249.00661400388205,251.53275765342195,257.96621830102873,260.05531253346186,262.8494953844808,265.4679009720717,277.7957762060939,279.6509418966506,282.26413227797246,291.99876514885085,297.9632225840817,302.1722544196459,307.1193629277972,317.78170225967295,328.8932104974533,336.5337810706937,336.9169365271689,337.50293899001326,337.97419735845875,350.02635046755256,351.7568031394781,366.5297617660238,373.51577638325347,378.14624009112214,386.8714405757916,391.4940633491264,395.50033641934994
Barker_MC_04816,11.421574632847111,14.440664221028849,28.161790273979516,30.20585172741423,32.909892967375654,34.37710757521122,34.92901455063596,38.00615301882148,38.6101845879272,41.2234502135694,43.55191741224244,47.413292193129784,53.71579252188266,57.60085339107617,59.31182639347593,64.85165174251108,72.05553109372786,76.06364709809807,82.46169780151799,90.78505569282773,103.2844384765324,110.4551792606982,125.51014870747017,129.0397382012246,146.7974447264571,148.50450296634443,150.38226703022048,160.04383010224265,162.6342600359094,168.03868489326183,172.2545903416789,177.0776449293725,179.09099477601526,179.8184415163817,188.9107078058133,194.79129192961983,197.83975969185127,215.53728180750477,225.81749021446083,229.9287399706668,232.33643857287453,242.5997639704209,244.16515679420567,248.8750975460511,251.93362654755416,258.67646718558007,260.86602429313086,261.9095491087808,262.9016344292564,275.91645899644834,277.8750005575306,280.6338064123885,290.9108847114009,297.2077011282139,301.65127391733614,306.87405141355555,318.1085934691864,327.06933565991466,333.23098191276824,333.5399730227934,334.0125476616553,334.6566146726978,349.2461935704599,350.674340809122,365.91588708707184,373.1790255855844,377.9730603165008,387.7846412711093,392.98282985633233,397.4879266301923
Barker_MC_00524,11.486166304368275,14.625176765450004,28.252203716981597,29.664954420100912,33.23587764796077,34.30178864949958,35.34438313698384,37.71812210260449,38.83334196788396,41.46598040146176,43.84016943073748,47.53650677554683,53.92979507678865,57.75331035903542,59.39514109137547,64.86933310371285,71.9878641615812,75.95515286669011,83.01403570387409,90.36637819329408,103.42786453890956,111.0289900225156,125.52975834335624,129.2015839258077,146.86437959814825,148.71725353669578,150.755414869098,161.23280290235118,162.74780928566292,170.4137296983664,172.19302345746644,175.696446907832,176.84352281259837,179.94266987499358,186.98842310169871,194.55675755739543,201.00381226306175,218.6770868972548,225.29776812580965,228.97763617477017,231.4417643030056,241.94563251065316,243.4754816706684,247.77308474227016,252.233607240492,258.798621457428,260.93043419207874,262.75387809300713,264.47053311877016,277.13559872294127,279.041506653666,281.7261726636117,291.7270658915008,297.8546623569493,302.1788190599916,307.26124020859095,318.2110859286713,329.1052345908047,336.59634290006056,336.9720031987548,337.5465424791107,337.9827611025232,349.40305973329373,350.6046462170278,367.8501327674808,371.8280866412505,377.81968658339594,386.9913807016249,391.85055639340175,396.06184199294177
Barker_MC_06142,11.399949895268165,14.554585868316549,28.10501439851615,29.761337855187556,33.0933941384015,33.30664519299727,35.685982105855885,37.44229689192401,38.82748910733426,41.88914597977872,44.02410544349038,47.39533837833964,53.72299757162038,57.60715545421768,59.311583214179954,64.58720709172039,71.44752407316079,76.10182733037115,84.44170252811413,91.39643608169736,103.38710386111585,110.1413231322403,125.05831669443188,128.39079576563174,147.16208935576492,148.9776118336411,150.9746865593048,161.25984827123776,165.346763116087,171.03203956745952,171.6140662179692,175.35349064054864,178.46234740755142,180.06274976584584,189.38939668591993,192.77298492839856,199.01297666190544,218.46749439734316,225.7302529665482,229.42076376178144,231.85076539406177,242.20916218251085,243.6987850723043,247.94567935098453,251.89243508515565,258.86184553862074,261.1249751323658,263.30733877783774,265.35254364125933,277.5393507911016,279.3732877893788,281.9565753891027,291.57981469189076,297.4760207401155,301.63688855341115,306.52738721548377,317.0735473111331,328.7940412773917,336.853366743034,337.2575217073877,337.8756410646346,338.23368403451667,348.76591962932287,350.96272069964454,367.23771295826583,372.6476531884402,377.51991253049425,386.78031735432427,391.6864920954262,395.93851020438126
Barker_MC_01346,11.444313452554857,14.661009737741432,28.258520602192128,29.568384578236294,33.32109480497966,33.95136361694623,34.79694450513086,37.44381371209359,38.46475030535288,41.340145030632016,43.562005948788624,47.57380926111153,53.51864418492787,57.13989234561641,58.71946145365838,64.20607408218603,71.3407566637695,75.54472317615156,84.43073460718563,90.20074735951069,103.89908874980664,110.56862020069316,124.70191384429502,127.88601925673142,147.05117122252483,148.64729242608277,150.40302574999643,159.4531330401754,164.1265730910014,167.8618686922139,173.07474676302212,175.83648648345743,178.47545068138567,179.67349815921497,188.6264396330293,194.15260079069537,198.70431577934391,217.92584793102424,227.68234121870685,229.24567486118417,231.89308257051513,243.1782188230019,244.3629134325004,247.68339659348905,252.11484334073663,258.61034455149627,260.7195847970565,261.93469238056156,263.0882725773362,276.16038309525817,278.12754535766385,280.8984943509451,291.22080815797733,297.54534059302375,302.00847217762174,307.2542382107037,318.53566412835914,327.2118512310666,333.1778297864779,333.4770086520885,333.9345763289047,334.4599886547099,349.35465046976145,350.79545530253176,366.47182875142954,373.6819309986351,377.599206803724,387.240751342079,392.3488544087572,396.77587706654504
Barker_MC_04722,11.429459978173956,14.54962271104706,27.923456780700295,29.986123712779477,32.83283178702354,34.463788831575926,34.99991578231869,36.97389250590112,38.71773053108673,41.86967859837189,43.161816190377955,47.47397149592145,53.92358058992121,58.01408773402485,59.85649971227354,65.11401329889179,71.95078001609117,75.25984488174096,82.58352569458052,90.92216628412775,102.9867445457617,108.95477193706074,125.22261580752756,128.72486144600023,147.1982224818667,148.82862784163777,150.62207373738585,159.85569581342196,163.1382060116133,169.97125002297025,174.66431934446706,175.0677228264893,176.87039991202462,180.1161048967855,190.8719288321379,193.60813248110895,199.2824196743738,218.3533151468697,225.70170352253433,229.05657573615937,231.63348175995964,242.61808964107425,244.15981118575112,247.90390021909556,252.16768951718583,256.5147945253283,257.9264005796328,261.25194531665545,264.37991955718906,276.9988811278527,278.8978510729525,281.5727442214266,291.5372316752839,297.6425221439384,301.95093782583166,307.0148576794313,317.92458875736577,328.7469529679766,336.1887003663479,336.5618853391276,337.1326388269083,337.48659431827446,349.66282655954444,351.05742186023724,366.76707000811007,373.530377825552,378.5468291128431,387.6359634301634,392.45139883006806,396.62477617665235
Barker_MC_06092,11.379868198844328,14.4594465616247,27.897627210523257,29.649005739478337,32.98991842052403,33.95556969083722,36.01931272617761,37.54695332966532,38.89621986014056,41.47774380026683,43.33131469412819,47.9498788105112,53.90022910823138,57.29502605074968,58.69315087560074,64.14795208538634,71.24126772700865,75.34224400293371,83.88548653393704,90.03735773184556,103.3040602313262,110.10352796763084,126.0164375207738,129.60994281325398,148.2423208268642,149.9016997259643,151.72701651497442,161.1125884410067,162.78937516878574,170.76606895141649,172.2287933423808,176.97144345193976,177.83191529800388,178.31547527065916,187.1057562935894,192.85415275936575,199.5194534695667,218.43576650053507,227.81600414855717,230.12637762912493,232.33365691853055,241.74265253353929,243.4045137228655,248.85000770612976,251.5888201620955,257.0868132566584,258.8721394275865,261.6814105999388,264.3220227739471,277.01849211569015,278.9291258515835,281.62044864085266,291.6461396420996,297.7889298252407,302.1238085163537,307.21883181206937,318.1863210739848,327.90705705503467,334.59129538683163,334.92649317928164,335.4391486265581,335.87026127084414,349.58739654987346,351.63182252858627,366.66878896682846,373.18034501596543,378.88594844590494,388.0913336104289,392.9683588631568,397.1951140821876
Barker_MC_00615,11.275431891814588,14.48309555846408,28.25454019536567,30.140454244091895,32.90388882025963,34.276551618121864,36.03766568087002,37.20709806410244,38.81494889082309,42.32735087868748,44.178124256259274,46.98122149401467,53.61652957049477,57.32750172754611,58.82597838357494,64.42541098564925,71.7068024301717,75.5513813369258,83.86031301775607,90.51092089896311,103.37741189397232,108.58476825983058,124.3466776186327,128.08081252786135,146.5869395856024,148.2673603520768,150.11582319519857,159.63374834872846,163.16039040692505,169.69445292368343,173.28122881662722,177.09919356665293,178.68519965699684,179.42421827107253,190.60741151867137,192.92407226589597,197.3049483119615,214.90272896891835,227.93355963195697,229.3922813212039,231.9409741929296,242.80531753596344,243.90566535230445,248.82154812065,252.02252529798255,257.92596668906117,259.84295134741876,262.31594558780745,264.6407125142491,277.24988838238886,279.14738572176907,281.8202045546596,291.7769647871065,297.8775207492,302.1825953579015,307.2425882629155,318.1297578416676,327.1632376563848,333.3749002470321,333.68639955098786,334.16281025115546,334.7157016037259,349.66605834553957,351.1803069868364,366.43424805011455,373.0639597809933,377.7107603139749,387.5846360202573,392.81582844742667,397.3495285509736
Barker_MC_09418,11.37170187185074,14.420110310083452,27.973298997184266,29.614941879514895,32.96941660514825,34.45183015782468,35.51151147312374,37.48332523533705,38.97365596134329,42.086767766325394,44.09105555920646,47.954240644409865,53.61375406749226,57.32440503042455,59.038023799359905,64.51086923683039,71.62764923536615,75.86804355820279,82.45207704772106,91.17779603390139,102.61571335362343,111.13284382394056,124.90263006495172,128.34431994764847,148.05055908856625,149.65858577362826,151.4274151271964,160.52681866092934,162.73894309551298,168.9540320202453,173.96524256121668,175.14526296974265,178.58345825317272,179.86837525070686,187.77311251477596,191.12165020023457,200.2233640610869,215.72792195244293,228.0302670328172,229.7049768105096,232.20593386012845,242.86679314791024,244.1012852129105,248.4093592934771,252.1052941677186,257.2525752427985,258.9240170679167,261.8295721064811,264.5617526674368,277.19781101024057,279.09935377056536,281.77787099209826,291.75585880971676,297.86942101764294,302.18367394698214,307.2544546411817,318.18130903962566,329.31408515488926,336.9692800901313,337.35316892169214,337.9402930170204,338.3045186742296,349.23067169803664,350.8169770418501,366.61080520493533,372.5314391691819,378.4721679727604,387.3000141156394,391.977018694648,396.03042266312224
Barker_MC_08209,11.332129601113282,14.38817747799902,27.98247652852622,30.063865348575863,32.83428076938402,33.41358810190018,34.97480983307009,37.572557162110904,38.85140902652811,40.98067548298384,43.350164097274394,47.09851529502879,53.488039947588575,57.28424630401479,58.90516773210838,64.39396318582023,71.5314842701147,75.39818370814878,83.22954825128005,90.10234230422697,104.0181371027408,108.6660660282113,125.68210827417192,129.37674165665982,147.67596945138558,149.24072399409908,150.96195399108385,159.8251040743698,163.1583434750982,168.74035573634234,174.1391053073142,176.09832565133806,177.2257959741431,179.4804388762582,187.96428975988476,193.53898799910587,197.7880396602757,218.67350369313277,226.8246761602231,229.25739961934036,231.89256023766384,243.1254906700087,244.48280162498895,248.80874537600465,252.2621438330824,257.04924117869,258.6037229735736,261.7017950618885,264.6141039263561,276.9990702916505,278.8628273660394,281.4881195891035,291.2678341299832,297.259913326137,301.48843744114856,306.4584563061858,317.16745810352353,327.9875565255795,335.42774590707427,335.8008527492142,336.3714867430751,336.7934700433452,349.3482497018649,351.14762221030827,366.10767283600626,373.2807766093515,378.69968822648485,388.02527892738584,392.9659892324989,397.24793816359687
Barker_MC_06983,11.326935885239289,14.375760247195322,28.24926575342299,29.854212774188984,33.04407516222971,33.99479493038011,35.58572579421869,37.86434878083641,38.57975462164942,41.513771478835395,43.45202682197264,47.66230291303988,53.49303005364651,57.32004941425917,59.08885220140632,64.61680380272551,71.80524276717858,76.58001093619981,82.71594477251394,90.13340199827864,103.60905016950665,108.64724202386964,125.90159834962876,129.72822743601978,146.67833343662576,148.3862065357902,150.264866944871,159.9396713624048,163.71432705397334,168.38733666339098,172.6815791135861,175.47520925390893,177.87149339509114,179.21472122732453,190.38068408133404,192.80390711464867,199.09983116958423,214.71883495575943,226.2490699807804,230.19361145857283,232.4679368212252,242.16273052812457,243.45447463309068,248.2324884092805,251.68712019642595,256.5405265993508,258.1165404866474,262.18658910405276,266.0010304958024,278.1573327261106,279.98667917824434,282.56350052479837,292.16265180051107,298.0440989960809,302.19455169930916,307.0728089049992,317.5824781115388,327.9992839193269,335.1621585011527,335.52135870142126,336.0707237135967,336.5359927498324,349.06740466810083,350.83591556783716,365.99474331478905,373.4721005411032,378.94803423340915,388.1241302074759,392.9856380083059,397.1989447690253
Barker_MC_05587,11.501801828226444,14.747728950030384,27.78180278722588,29.48931591859531,33.24224940622311,33.488849855404204,35.43720328621898,38.07548473321351,38.614184266446635,42.0603119156497,44.33572889797003,47.79002862449173,53.72299831653791,57.24908242401324,58.75522818896852,64.38480662079074,71.70539910627818,75.97592892511697,84.7659369977998,90.06612967467814,103.40421935072165,111.34229349311124,125.2606862864035,128.80665609204164,147.3245193140514,149.1738152534532,151.20804078679512,161.6656234757601,163.23624834266778,168.6914458544762,173.74195902941318,175.02308368360613,178.06996230392295,179.7318914309576,192.93232772144987,194.19692915598057,197.9928253947582,216.91041020007447,228.0858880104146,229.5999656830689,232.11145666608832,242.81721907675575,244.3180593165472,248.19942021661723,251.4767779899675,256.67109291472644,258.3578077242422,260.76743164284017,263.0405141205177,276.1308182830423,278.1007184240047,280.8755239989088,291.2122043084752,297.5455391702792,302.01488250085,307.2679495434165,318.56798309050066,327.6232015891246,333.8498122808761,334.1620611946218,334.639618356821,335.14534170733697,349.4964869134416,350.7453524518707,366.3048782254391,371.95930644413784,378.449049284249,387.9019819952731,392.9101582660144,397.25057770065695
Barker_MC_07530,11.49827983641547,14.67614389563963,28.155794845069547,29.828459460272253,32.89006245450244,33.7638001009969,35.984218340418614,37.46748868001384,38.867610232928655,41.34824439842262,43.60260437830074,47.63297244194974,53.91401231675368,57.860132475440366,59.624472391671546,64.8350256452721,71.61072607390854,75.42807585221682,82.52113034893968,91.37363576295196,103.563759461706,109.76836298652871,124.82789605198958,128.4098651530131,147.43729768292533,149.19435880617277,151.12712604174487,161.0819131036062,165.14912095706217,167.75721787617033,174.10286845828026,176.42452972208983,176.9503872704178,179.45733533679606,187.95796480458264,194.51951371891937,199.0015657550443,217.7217590758905,227.9762142575017,229.85194379760048,232.0908957495815,241.6349027991278,243.2919529517266,248.4294906316644,251.79498977739547,256.5060762894217,258.0358755995999,262.16821952341564,266.0408522768928,278.06386918672035,279.8731581391701,282.42172644853486,291.9156297689165,297.7325910246422,301.8375369275122,306.66230746737824,317.0536751253655,326.96858441147435,333.7863415067905,334.1282349304494,334.651130754869,335.2296077710618,350.0515946720031,351.7136579998509,366.29802126549265,372.2798703346688,378.40717349484106,387.0280553234402,391.5954099346184,395.55378393097294
Barker_MC_06797,11.371199325855564,14.736252675633228,27.910860891678578,29.78466380297736,33.236397316501424,34.445142852951626,35.47360246568095,37.95292763409432,38.62882601199271,42.3853107113112,43.66922117131038,48.21934831442888,53.697943849841515,57.60684980376042,59.5185772539236,64.81785087119177,71.70892150657468,75.93387111033961,83.82756315976877,90.54212748163471,102.53228561315944,108.24595741170572,124.89215467935496,128.24291209307427,147.43185645051852,149.15830557444306,151.05739961075997,160.82572448822685,163.03620713004017,170.0541342563853,173.10924763248403,175.00281095553282,177.0665503108834,178.17890168096827,187.4763545347402,192.41945549628056,199.0472612674849,218.51914442314984,227.37581485518535,230.11067285096937,232.47163727026847,242.53574831185713,243.9423578517961,247.7740032251606,251.44410619751585,256.31832643620686,257.90109905984076,260.4693675722683,262.8905474632913,275.6779735582533,277.6022949608932,280.31289822697744,290.41041268384066,296.5972094514679,300.9631429563822,306.0946666967553,317.15667687849304,328.9610339228923,337.0780258864852,337.4850726811197,338.1076148376194,338.6685940441191,349.59565205883564,350.8345753229243,366.2070874530491,372.9438741476743,377.30236844060767,387.02761983954355,392.1800709118274,396.64552850780666
Barker_MC_08641,11.53040972084893,14.690908251288365,27.789078976369,30.104853470630967,32.60741116525992,33.262799070258716,35.10000114384051,37.1903800847853,38.078272571721115,41.976600662547426,43.32467120997057,47.20572437981847,53.41475553258791,57.372561410822414,59.162088714426176,64.60169908930348,71.67526086956217,75.34162292068241,84.57410617764153,91.11515623691285,103.2831182381838,108.8518279128273,124.69417523628154,128.28272798304857,147.02017953075097,148.88001980697746,150.92584411082655,161.45363751861592,164.48409404656147,168.94475082745325,173.67853093089752,175.76605102764404,177.48286293666035,180.03065137827045,188.51408136154345,190.50821699562,197.33137836744575,216.5057223250034,226.51146122138456,230.1535792096909,232.58204232483376,242.9338808580274,244.4224327567277,248.40290897392984,252.23060531571815,257.76442738278485,259.5613880540094,261.25526550944153,262.860349225789,275.90981659649384,277.8735713949979,280.6397206272995,290.9441544086975,297.2577316641033,301.7131323359783,306.94981179865596,318.21878793563275,327.7753641911622,334.3467219003397,334.6762590125993,335.1802569489964,335.6934148676572,349.80872881593433,351.50133458655426,367.55784222130103,372.73319943601393,378.1703568801355,386.92876471443714,391.5689807855902,395.5905013805896
Barker_MC_02508,11.410733721534235,14.68009653631534,28.071059774832808,29.760842712480503,32.67952421042215,33.67450432698017,35.90818314137388,37.7414930215673,38.86581779959278,42.53293485548788,44.332043079482965,46.98703893979254,54.07603289546804,58.18083687733493,59.89301226650634,64.9476649370769,71.52063532998613,75.32079454405562,82.3334400263203,90.0328368750925,103.8056912100153,108.53035576888216,126.46484312048614,130.12969776645386,147.30347514805862,149.1550136385314,151.1917059780514,161.66138915776492,163.1542829367117,168.1278031027454,174.51906497822995,177.2085232440661,178.17443594802407,178.8645944261463,189.72611424880049,193.41201216558431,200.0666487378953,215.22842972769212,226.01882139611496,230.27333095763967,232.70764089176356,243.08440272959675,244.4745579371138,248.0442020550557,251.80057509423185,258.017895317829,260.0368037299196,262.92830419698834,265.63856136113594,277.94972317300017,279.8023737369214,282.4120213054558,292.1334565225913,298.08982769046736,302.29315316345014,307.2335546672403,317.87938318048947,328.71629831539923,336.16805131891726,336.54173804770727,337.11325892703314,337.63399014337824,349.84113881520926,350.68771328266524,366.7609933920051,371.88931112607565,378.3866660073928,387.80811549105874,392.7996119062459,397.1255754660749
Barker_MC_02990,11.3929371882065,14.68537747687237,27.92573589023663,29.899104420410463,33.01852640375743,34.45397340504233,35.80447576539398,37.16335997419192,38.221390084649016,42.44939340452255,44.282289509215296,47.05523208814156,53.98104207675895,57.796127701811635,59.3135426887976,64.8389490735777,72.02407828876702,76.30960575557695,82.79974618434566,90.55557712546393,103.12122705193444,110.06891431549028,125.90494693788123,129.90589181758938,147.18505637472933,148.93578668772753,150.86159003202548,160.7693020477294,163.28547477025674,168.3360629983127,171.33242221324386,175.90232930238088,177.4750404496461,178.05611262931313,188.43733993916405,194.23986179313175,197.9378210492919,216.45711195738332,225.4307149796072,229.31094549014145,231.7307104186851,242.0454710886635,243.8140154714333,248.98933684828003,252.17579167856132,258.0372205587172,259.9405627781035,261.92290316901693,263.7927312430512,276.59505476805793,278.52161801696667,281.2353791525264,291.3446572758327,297.5386616997437,301.9096815440422,307.04718354113226,318.0968259001176,326.7261032635647,332.6598254262595,332.95738671465426,333.41248044984616,333.9389097377768,348.77430952779474,350.75317666190216,366.51082033479463,373.7842044780966,379.22480858517787,387.9002940197285,392.49657769366263,396.4800235444055
Barker_MC_05719,11.419935650469276,14.66962130721671,28.03282404099822,29.883669705703063,32.997548901534955,33.29972661904508,35.03119456517319,37.27441997841566,38.29224512486293,42.34134263321501,43.060186979712725,47.80068894924026,54.00567799858547,57.89284196853827,59.62720078510574,64.64064399904547,71.16002642933971,75.87447760146266,84.4366499324597,91.3598133277264,103.38833471894954,110.3537787252528,125.3795032554374,129.1021239588148,147.38148309273174,149.06529008646456,150.91747777957056,160.44558441040286,162.74579520208167,170.39215640458008,172.59232328632515,175.66200266890334,178.59590959989413,179.7716998381818,187.99399599468407,190.90371727978453,197.33135831047304,216.1641420297428,226.8950749920062,229.17487934834355,231.85303412400555,243.2692362609376,244.5454494819885,248.8889432347168,251.4924101370441,257.15546356885574,258.9943886684846,261.04459373269253,262.9802797308969,276.05921175318275,278.0274005526529,280.79979552825074,291.1274958953632,297.4553287022621,301.92078931181277,307.16929277706663,318.4545235807007,326.8723331767537,332.6606444405711,332.95091373698676,333.3948550138577,333.9055090732042,348.848475523502,351.52605779185683,366.0500499158998,373.7085813785003,377.7019730033962,386.820501086337,391.6515093421996,395.8383831639473
Barker_MC_05029,11.272391316160164,14.690001032987707,27.936036593966147,29.81154222090912,32.5933235241589,33.32423751551569,35.733973351504275,37.265723149260246,38.55286032195042,42.100410758619226,44.348612544439405,47.16027159652256,54.01742734882967,57.67107287036249,59.074953562846545,64.56780895645126,71.71060950630985,75.92421593860789,84.51693764341987,90.35706136951029,103.67454587788784,109.63047284026229,124.82167485555196,128.43652586676188,148.6478035384185,150.3574225784097,152.23800352240002,161.91296537338457,164.35720168525444,167.8696298161438,172.18455526474932,174.34044881153724,177.93125180254577,179.47762541469226,188.80467084817545,193.786417262516,198.27691761753795,215.14947652074383,226.96136290665245,230.00929470649032,232.39088103016303,242.5428973081916,243.9148576791441,247.6359182378001,251.7812892534623,257.7646312889579,259.70756154402653,262.7790103974349,265.65705725823597,277.75495296042936,279.5755100806623,282.1399507553991,291.69298166586896,297.5461706868331,301.67668200263057,306.53150098991847,316.989937405825,327.2635458074894,334.3279540187758,334.68221637745387,335.22402939660856,335.80183029193705,349.6964294873137,351.7074107145228,366.4123715526426,372.7734787971167,377.92016936480405,387.3432471973812,392.3356063139784,396.6623175483626
Barker_MC_01114,11.533773307710174,14.420257204723168,27.9657000857546,29.52807086097169,33.1504427650383,33.63552696548833,35.08297806182655,37.0520120157315,38.36425515689094,40.99145258584911,43.2256830554937,47.49811362036909,53.80922375185439,57.5978274887613,59.23019550221225,64.74541792301027,71.91730411279325,76.19485045185682,82.61839472897496,91.1027694322188,103.08258048372184,109.23805691198022,125.11731731858616,128.44488642070633,146.90533691940982,148.75279344699655,150.78499562734186,161.23783838740016,163.5830593362185,168.51340429602732,174.71820786467205,175.9636879816847,176.7543898989225,178.7734323094282,189.1162738995785,193.0803903592647,198.34787246418657,218.19593342350245,226.5847081466804,229.5866459924772,232.06715463640023,242.64084826261453,243.85980519251737,247.64981025509545,252.08515999292516,256.9260626137877,258.49801623237033,260.6303328582142,262.64740871160535,275.6339240905457,277.5882055310658,280.34101057093835,290.59573468893655,296.8788545891035,301.312761943402,306.5241791181224,317.74081520282556,327.506680614913,334.221951151825,334.5587051315522,335.0737406299584,335.5534277594474,349.2164566267087,351.52040088427475,366.1362981171802,372.25023616548935,377.4851531235942,387.417148500681,392.6791328064222,397.2395192047314
Barker_MC_08165,11.37520602763674,14.590447099127088,28.151940797686233,30.140809265369644,33.1552761401828,33.94179222612378,35.966503246363374,36.92980910718904,38.30917563704332,41.2239448622718,43.08747530605646,48.18662547162219,53.91016718687589,57.915535417827,59.850309471333986,64.8304570522481,71.3065424996725,76.48297653034464,84.15611053270229,90.27376176595396,102.88226410474552,109.6499482812574,124.61470715932718,128.10945871268166,147.06185542590234,148.7004389437619,150.50288081340736,159.79553084460696,164.83714636282875,169.37613742129452,174.10785544937775,175.96241579356428,179.15192990805787,179.2329156033724,187.4672565102229,190.3910463117774,197.61854187182925,217.0478854586765,226.3195633038365,229.07789358376047,231.71392200295037,242.95055162034444,244.26765194981533,248.2573583170856,252.17422863837388,257.70628431338497,259.50267139604534,261.1561993786971,262.7224650573187,275.5171995845045,277.44262079976056,280.15477326426117,290.2580587808739,296.44839150519203,300.81682028389145,305.9512768579077,317.01433923863704,328.16001504339255,335.8240801505164,336.20841379895626,336.79621820245245,337.3833897969252,350.0993691080644,350.9490985786748,366.45494202478346,372.3744652245585,377.9484658451294,387.51981232172267,392.5907243623018,396.9855147974704
Barker_MC_07763,11.359434758945262,14.42079907245842,28.242700308501966,29.805195971381693,33.24365082136946,34.17463675039377,35.153659544763066,37.79951818604528,38.53533658937376,42.24984580197161,44.158357427403594,47.99903373758098,53.6174870901698,57.384214147500394,59.15157218585912,64.65916626358303,71.82113270685899,75.6377148464562,83.12604776908114,90.95811971494103,104.08794320806464,108.8177389220774,124.75096379942931,128.05395756290304,146.30242449579669,148.02879356863446,149.92779954875598,159.71484516311057,164.55370175188594,167.9638959043516,174.9034480344269,177.22400915986842,178.2676040645496,179.93768051536566,189.5320334310321,193.1906995077416,196.8883600367408,217.49064993520116,226.8260938899465,229.1010234408052,231.774448470293,243.1704890620926,244.2377072812324,248.4000140209384,251.7749100406416,257.3969826233127,259.22260028853424,261.7661447454245,264.15794733838885,276.6795638106405,278.5638847360764,281.21814324394853,291.1057627236553,297.16395580650845,301.43913554056206,306.4639913417245,317.2967144705605,328.93861484422126,336.9438972512617,337.3453420917328,337.9593165536297,338.3939898025251,349.93133255370213,351.0840662624526,365.78699035065074,373.25608990812304,378.9515242632256,387.46821606964863,391.98037066907807,395.8909046552503
Barker_MC_07072,11.457261783312632,14.465283849330596,27.72298652971672,29.8900865343952,32.950926610283055,34.00070641370525,35.498761032215185,37.59982104153987,38.53054881473733,41.3573033355768,43.72618842462991,47.89041676325903,53.69862307932115,57.202181333582736,58.71813058790014,64.24299304602961,71.42741494975687,76.09317542168212,84.04397139548671,90.92197582744218,103.45869337571423,108.91684341167516,124.64862706067784,128.2245435395037,147.19764709149104,148.8660922625186,150.7013819506489,160.156976627035,164.41239373336754,170.9256700542053,171.46711424451271,174.61110010844436,178.7729556474848,180.0513836739644,192.58238242998507,194.7485515578879,200.2438239153548,217.03281628450128,225.87470562356967,229.4015718658695,231.95772577787787,242.8538733858457,244.03107940949815,248.31571653736864,251.6109164102983,256.76834098606867,258.44307664166934,261.33433512674935,264.0540227408207,276.85859627237875,278.78549811450637,281.4997361932024,291.6107910207111,297.8058840400248,302.17767209044354,307.316077002784,318.38058455620984,328.6431252237156,335.69992296465756,336.05380367733017,336.5950330025941,337.1628542578135,349.244160078967,350.9799455567398,367.0825606151806,372.8922985157173,377.8470501288708,387.2150992369,392.17830406234594,396.47974824439905
Barker_MC_06945,11.364239089956031,14.518103571615631,28.188476508877056,29.838301159765752,32.78933169322866,33.355506733920336,35.64073659010227,37.875762698613535,39.0222909818532,41.7446817459135,43.388920833237705,48.05183572048891,53.63581894795771,57.4699300828079,59.298876422191675,64.60755430814405,71.510854068584,75.84629323042016,84.5341132252278,90.0415806622403,103.24062415353472,108.72921204904186,126.04343433444154,129.86443376628506,147.06566502603994,148.71158731853188,150.52210184027297,159.84718803158816,163.65248991369955,171.15171635035028,174.23783190646458,175.99199652681065,177.0120767586666,178.4896497485265,188.26456929840896,193.13646320695815,199.5828929258744,215.67876494793575,226.03861707255209,230.02636813656073,232.32072057829976,242.10088395283145,243.7869823832339,249.41407723085263,251.5740160587564,258.05455311280576,260.15893414880696,262.5349726854205,264.76480593716053,277.19735596758113,279.06827369060557,281.70365241873685,291.52094111589753,297.53604218239553,301.7808125002253,306.76992642829055,317.5092812601662,327.0083667342116,333.54019224273367,333.8677469142525,334.3687128824577,334.8121658552442,348.98594225080114,350.99269561006116,366.4836042210234,373.18047109022103,377.2988303988559,386.329237702995,391.1135594535322,395.25997163733115
Barker_MC_06005,11.28887075008918,14.6326700586186,28.151661526666288,30.018104676791346,32.99923776430707,34.41228013308117,35.64677454675189,36.867550089855165,38.29186116749353,41.95433803433866,43.27628046196702,47.29854009425253,53.809304219416866,57.689360577501056,59.35043712353521,64.56055741154418,71.3356948202859,76.3356253904702,82.77351332354957,91.33113847358455,103.00183426717128,110.12569050505176,124.83618398737292,128.42109530546077,147.93230619657177,149.7059685042722,151.65699704274255,161.68696834403042,163.20558488718416,169.0887226342038,171.4622671215952,176.10591821396025,178.08051831797377,178.10703748024474,190.7701998181541,192.56081818768433,200.97081075633665,216.82901401766208,226.80331661804703,229.45595192558255,232.01470311630135,242.92192217504308,244.02249816088508,249.20401084280263,251.7646108199714,257.4287386886227,259.268012682871,261.7694856223329,264.1226361224868,276.78957899760985,278.69576943027397,281.38083337305903,291.38320897671605,297.5117137010879,301.8365113493905,306.91968583649486,317.8607049017544,327.4370415314435,334.02198700297413,334.3522055074462,334.85724557310925,335.3360049770426,348.88726153532315,350.75484630751856,366.08873086798303,374.06570582264715,378.17858023762494,387.45014410994264,392.3622309297136,396.61937284018177
Barker_MC_00356,11.49091420606827,14.554963670549498,28.01184796080931,29.713537188389584,33.184328179328176,33.894350257113885,35.28120663116086,36.962961903940375,37.928356245856165,41.73104006813591,43.7816307685058,47.385087385787344,53.90786166440873,57.96702571568958,59.76801270534583,64.94883457987162,71.68587291100398,75.76659233689725,83.63938346106893,90.05951874885781,103.50848424914344,110.24735187514835,125.42036213913904,128.88786712796565,147.92939023301307,149.46947248882265,151.16356297021306,159.8886800756418,163.40472212470843,168.3269062357874,173.93795559002038,174.98081132591926,178.69555317937895,179.0292375102989,188.5563538394057,192.2421765181257,198.5250507429572,217.74351729882065,225.4808564300329,229.10266522861417,231.55154355612504,241.9904062572943,243.5725664929262,248.27275465969728,251.8937430371121,258.2505891044716,260.3148048016215,262.4144118924365,264.38845464417636,276.90033300083894,278.7831884816959,281.43538276118267,291.31531259621715,297.3687941959617,301.64064910414265,306.6615970530946,317.47910164043395,328.2541201074906,335.663311304919,336.03486366585196,336.6031202178671,337.04843662849595,349.5660859141343,350.9048979365248,367.1370284797106,373.76309245213,378.6171451603829,388.1663993281229,393.2256068342102,397.61025333948606
Barker_MC_04020,11.502821696838536,14.592865788787243,27.977413257987777,29.975442493103525,33.14177656088941,33.83914713848767,35.431724546741165,37.79259715753243,38.9424777305926,41.529810147885485,43.37146620599173,48.05205983075719,53.616653839854585,57.13974508554469,58.72514383365112,64.21009394906183,71.34261463145901,76.0588731109855,83.05305054765138,91.23429507378341,102.70219898943678,108.23594764795288,124.05382151107408,127.76660372958614,147.59963268774388,149.17230745700627,150.90224970319488,159.8153291851465,163.86010674072833,170.01607941624826,173.54520615310608,174.51138590798772,177.26984939182358,177.8091228543423,188.7357182227088,192.0303864842524,198.51879193510993,218.1209427834068,225.56970606701705,230.0666474898507,232.30445773968455,241.84359804194236,243.57653006903743,249.00515703007096,252.1664148053983,257.43825303285803,259.150141460963,262.1543040990681,264.97612892617303,277.3780484342483,279.2443567097353,281.8732425601526,291.66634404872985,297.66662549357534,301.90093781752995,306.8777598854954,317.6003664661179,328.30216545461144,335.66100897813936,336.03003652946677,336.5944316079674,337.13865291429073,349.7462124352746,351.1323281808838,366.4365167834211,373.3620000007492,377.42981595584024,386.4548188324458,391.2362773101176,395.38020799076656
Barker_MC_08860,11.433417798179883,14.727062471610449,27.830614083786205,30.03772726049139,32.77425312650979,34.115520652059956,35.46852243202614,37.33152973425829,38.159724839606895,41.13504587590793,43.25729440265171,47.96791492103564,53.60392404430176,57.58305433533837,59.51607860859765,64.63726903012319,71.29676379879899,75.57062550454364,83.09139417349515,90.26128248172068,102.87948800991506,109.6905384900818,125.63509740495203,129.61635788700886,147.487524034395,149.31260401513296,151.32019199394463,161.63756149841038,162.73874303291538,170.86970023669062,173.91574085285347,175.88990210289077,176.66813501115098,178.66095383209,187.46238833754467,191.34789016408945,196.95487768275748,219.0055298360032,226.60249980285585,229.1404352269361,231.6305964692989,242.24543634140463,243.81183148773405,247.80409167437824,252.12074481949543,258.8666796576722,261.05724152394356,262.4615459358992,263.787965816963,276.58891200998806,278.5152679904918,281.2287371673305,291.33692768868366,297.5302657335292,301.9008153237045,307.03776460504787,318.0973188269025,328.1272860044941,335.0241599866514,335.37002092380976,335.8989847100519,336.41104466802767,349.6711367542109,351.66294802340803,366.8330313338398,373.5706536720098,378.28241813381135,387.6670630632891,392.6390603769197,396.94812471539944
Barker_MC_01210,11.397339304389527,14.43350220456156,27.848119625450757,29.728367137198635,32.73769875733502,33.664912314083956,34.76161524301383,36.91219838566791,37.94170338963177,42.01012957549515,43.98854253399167,47.121259602577375,53.86437435665961,57.40613614439074,58.74613990368062,64.34129936045775,71.61713409132382,75.18610912347815,82.49990274266011,90.2247806143134,103.6923486719447,110.45996742444052,126.15644521352796,130.0341134122901,146.72118829726315,148.42774570415338,150.3049588517326,159.98036096374744,164.85578394451272,171.2046693313617,172.36359255418074,175.55355104943246,177.88079177446838,178.11052366533764,191.4633996005282,194.26101789763044,197.8448452071297,218.98364049918544,225.9431916962156,230.07502230971147,232.51018707472207,242.89059281031803,244.22798382081584,248.6617774431669,251.70090781162665,257.49489510653655,259.37633747536336,261.50432906821743,263.5100131029062,276.3074978500725,278.23333293338385,280.9460683733172,291.0515255846718,297.2431889170387,301.6125566867023,306.7481169088661,317.812949404852,328.8842668106505,336.49720109171676,336.87897065743397,337.46285352264846,337.91852225349015,349.74649703803726,351.7625632407816,366.3322110277689,373.67163068157873,377.9614950990128,387.7500270144415,392.9360041881786,397.43051773875067
Barker_MC_06179,11.473753082043997,14.728820497612563,27.74599776735739,29.900418270817426,32.62529094027339,33.961085576137144,35.46261146940512,37.613764805809,38.99121103039721,40.92776896469351,43.44074126079629,47.49737356202984,53.819776154564565,57.935357773576065,59.825685363720616,65.15085686005425,72.07560458532457,76.00235354695357,83.86343615674882,91.05828783602405,103.67585514163078,109.0823247075744,124.71602821685332,128.36329676202232,146.61083810870295,148.2810660652129,150.11831681737382,159.58656908525597,164.19665481894668,169.64864365027503,172.46082173218488,177.47969986858263,178.6155197244194,179.90100730321362,189.1854839197725,193.11325760268215,199.30465909630303,215.40893589093977,226.5158330622534,230.2491773090173,232.44811087812784,241.8215310922176,243.38056385142,247.78602848050164,252.11014823224232,258.6326548928577,260.7506644357881,262.9261261507493,264.96949154061366,277.4627125532009,279.3427603754834,281.9909997810642,291.8561969560522,297.90065178253053,302.166136626634,307.1795974860541,317.9768718403707,328.2182021363903,335.26041505799395,335.61356437854636,336.1536751040971,336.57945230253557,349.5769884412879,351.3463880967044,366.1125053683366,371.8723990432142,377.42506969587737,386.91983201922994,391.9501696739862,396.30979564144167
Barker_MC_01919,11.520800874711677,14.395482437038908,28.168112727437084,29.86204491373223,32.96721764805363,34.190628055622184,34.83167568093716,36.8511949480352,38.68427806941956,40.9351327402911,43.52252290118827,47.495693446383974,53.491590083775954,57.64906230879878,59.64458971414883,64.67096633105285,71.20716710284438,75.69768236513868,84.52267371746134,91.24122740140587,103.12002969966174,109.8477248511768,125.20027682579055,129.23287602019877,148.24333807547313,149.93536098115817,151.79658617741168,161.37703236541685,164.49021521077356,168.5983393726153,173.99415844931517,175.78000588520143,177.45521322596102,179.398667127893,190.6422540141843,192.651041553316,197.8836967012723,214.6706483168852,227.98248090420535,229.3349344875556,231.80552629553495,242.33694730751463,243.67918654244943,249.0359858915389,251.6894572377564,256.5332204156228,258.10610292356466,260.7188956968948,263.18120585708857,275.87676218800135,277.787258529061,280.478387783672,290.5033578313831,296.6457062827471,300.9802732500976,306.0749301595901,317.0520391099249,328.0862854680567,335.6737287041757,336.0542199579044,336.6361477577247,337.2052771809274,349.4086766707357,350.8236612538175,367.1593323909447,372.36541002099057,377.42431958499105,387.0512594233385,392.15162490060857,396.57194164757607
Barker_MC_02157,11.33263665051668,14.757681108944215,28.075377875838463,29.99641513261072,33.05241494366565,34.20163442240196,35.14112583031069,37.457656264749765,38.902372988256126,42.488397582587815,44.23671496683795,47.599247641080574,53.52818911210591,57.74862795901467,59.80884362964388,64.85547279993568,71.41800959172197,76.30638057387705,82.55597699840268,90.05921015295856,103.82629638008471,109.11223054819412,126.51082681693704,130.27890946980523,146.85718582716677,148.45367482118647,150.20981271460812,159.26477999374868,164.31965996008051,169.53939122080013,171.76620179518017,175.00849322175895,177.68527168118806,178.56496653581317,187.66714587283815,193.19256746140397,198.98623888063216,216.03020467080896,226.67342320565655,228.88810083639336,231.32834784326343,241.73041771153152,243.31366271423892,247.88471656931844,252.05491138263028,258.8734713060309,261.0876162258067,263.1683085227007,265.12112518933594,277.52815868797387,279.39523654456497,282.02520642858053,291.8223461491878,297.8251018386583,302.061160201462,307.040034485705,317.77002965894,328.85087839576755,336.4703666752493,336.85246490755367,337.43685043931333,338.00897319259747,350.328611555708,351.1084713547797,367.7504513837815,372.0918331043952,377.6994152411318,387.63026564938406,392.89164334912033,397.4515040222251
Barker_MC_02307,11.458237632535193,14.486189681644554,27.901317185218215,30.173231392348416,32.70383047507477,34.4947841335275,35.963039669438864,37.45000619967485,38.860548701831355,42.276461437768745,43.72654213797608,48.05839597325721,53.81412939016508,57.25628527606575,58.73498826298815,64.44367308433569,71.86713395468114,76.37899979894785,82.82319989471493,90.08400910162327,102.835423019427,108.8262358613063,125.22124715509985,128.57667125618113,148.2060200276663,149.86899042009915,151.6982578517752,161.11510256194435,164.29786760001622,169.06967992910128,174.8800845194812,176.4162298752218,177.11807810811283,178.45424598645906,190.5003489481652,193.4519889760888,200.6718586796187,215.3816417181275,226.96547297936195,229.5409538693281,232.0932607445297,242.9730095430584,244.4021089388355,248.3042103914638,252.13012216390507,257.5781710457022,259.3472791696806,261.2173951814417,262.9868827938052,276.02848555556244,277.99105684495305,280.7555389837722,291.05376252380063,297.3635347337771,301.816250239814,307.04977367818907,318.3049254225281,326.9677421748745,332.92452691938854,333.22324473843497,333.6801072852119,334.35094418479713,349.750425338742,351.2827042553397,366.417803735275,372.813046112225,377.91833197694615,387.0383831347923,391.87019831775706,396.05777147632654
Barker_MC_05937,11.500458629424044,14.721612273700725,27.846714752584443,29.687373759253024,32.7149395547909,34.327266945430374,34.96862500304175,37.68483535350716,39.062946289122195,42.092421463709144,43.632599150576695,47.717142460071734,53.74715581475353,57.8427179983823,59.781428615951775,64.767776092383,71.2519237613544,75.26370467468112,83.13168831614897,91.2027651902286,103.7807729587547,110.0328073877407,125.24163529069466,128.66105891285548,146.86068942188226,148.5905970406053,150.49349542120058,160.2834735514573,162.78420385031646,168.16151283545804,172.5053173015772,175.16895184642547,177.0297271411833,179.4633136348564,189.75083721881492,191.6695586462969,197.0299150127111,218.92155923703493,227.3327876914459,229.4022811896184,231.7509793832448,241.76280303912677,243.5003107952534,248.75538570189173,251.50347007786817,257.10719037003867,258.9268486198947,260.9552370970019,262.8700006315038,275.74798630678765,277.6859356074371,280.415735159965,290.5847594472441,296.81537063965493,301.21222335403183,306.3800881557639,317.50731066352193,327.7376635238006,334.7723280666697,335.1250988549552,335.6646306488035,336.06590781873365,348.9967096790498,351.3713382584393,367.58115200256253,373.12464594678454,379.1537386187513,387.48044356131027,391.8919428686262,395.7152422683
Barker_MC_03760,11.390200958804256,14.654764658340635,28.265707918745836,30.0443311714286,33.10309457740549,33.71945166030579,34.93563485121381,37.90748828634451,39.026246563413146,41.32798668276852,43.936376548785006,47.11642642702672,53.9074136498618,57.41839915306589,58.72337327129608,64.41940839736505,71.82641985407831,75.30363324354137,82.57710663611775,90.70699810909069,104.07918725392786,108.3980361032211,124.76205762601616,128.63514587219225,146.63206164950637,148.4703713344472,150.49251198788204,160.90727608599815,165.1154033510105,167.83546852683773,173.32708430832852,174.73534468387732,177.68774807444896,178.79280073115382,187.21523035833883,194.18455568327744,199.30997025774693,216.19925163852625,226.17288224378856,229.93261224629637,232.26544539514288,242.20964093641223,243.56932046183823,248.57060319546775,252.3066363028174,256.87955276510087,258.36448504805634,260.61593603083526,262.7455792333604,275.73136412654713,277.6855356395995,280.4381858354045,290.69233312970084,296.9750996071488,301.40875755611717,306.61988159092346,317.8462537978545,328.92056276177755,336.5355541183087,336.9174268412026,337.50146747621676,338.04209091534966,349.9772495232494,351.7752150705237,366.6597163579451,373.0686321425095,377.33852158363413,386.66248410937106,391.6023318051256,395.88353314144626
Barker_MC_03092,11.351675215309935,14.782346830121332,27.831451251614105,29.4988800715682,32.83865250393671,33.64339310413612,34.815794067871565,37.41362791798218,38.85023576091229,41.0119085846297,43.05835037256664,47.94218955321932,53.695032794562955,57.27432575254392,58.86317188415567,64.50791891970248,71.84823635756182,75.59274121111292,82.55087654199106,90.62558653793981,103.19465790626612,108.9897363933056,125.57376063188032,128.98560853388872,147.39586448343496,149.01250676820268,150.79081328144713,159.94347896305604,162.78554578651202,169.719724196308,174.7937524669515,176.77534076819012,177.33489428259338,179.46593108662506,187.79641730312647,191.7682581107681,198.78037147247807,218.40967872118628,225.48917355270495,230.1899833299354,232.50342076070075,242.3649379443869,243.58130712907305,247.51899784197553,251.81883840989795,258.01756376055704,260.0304339851253,262.9748312891007,265.73392170701817,277.95276175440017,279.79151923725857,282.3815969819302,292.0301308704778,297.941835035797,302.1136396474437,307.01699293506624,317.5698058724988,326.6610087579517,332.91236327756326,333.22585303223406,333.70530795114234,334.32951969473135,349.05117344202154,350.6122070667192,366.2799675646546,371.89915928327287,379.0035574169343,387.3087117276655,391.7087934816953,395.52219766852113
Barker_MC_05979,11.370042893122887,14.776988355295195,28.22902427701031,29.62263268703225,32.92067473456359,34.45384057504407,34.73158215782673,37.75774758019574,39.03324992422295,42.10503811523285,44.11771493579362,48.09483694798339,53.87018986042236,57.56257353610758,59.236117168766945,64.56369266911001,71.4915665136626,75.38819228125409,84.52540067579719,91.17300778109906,103.57422394570024,110.52467984936922,125.42682071731858,129.09484917567175,147.63079137867808,149.42504428856031,151.39872248943072,161.54499351958043,163.0621719016888,169.52236447017185,173.46931296136856,176.8655316962856,177.44920357914995,180.01702770878998,191.1939689520821,193.50558401703248,197.9478505280755,218.04913161373307,225.81670152886375,229.6077931292191,231.99359670739895,242.16358992625047,243.82803121241025,248.18215797764685,251.52512127212665,258.09723571387934,260.23135405658866,261.4947617803186,262.6924872975807,275.7159651380374,277.67580889072747,280.43644901548447,290.72036031992275,297.0213633527651,301.4678905766104,306.69414058378396,317.93818132966703,327.16108352157687,333.5029980105371,333.821029120603,334.30742964188016,334.95518982594206,349.2734652495614,350.4330878993182,367.73233908848374,372.5098994551115,378.97538305319824,387.73310914948826,392.37296403493986,396.39417160233126
Barker_MC_06853,11.489644983249915,14.522818690488462,28.103434527571967,29.719515472743275,32.7171789361201,33.719270912034915,34.713811419743436,37.172802845165755,38.0698919123624,40.94645881333823,43.0481345740562,47.40593893903421,53.51708740848794,57.27448542602277,58.92611618899511,64.57995234670157,71.93208909930846,75.22756698182937,83.86808858809233,91.211073555867,103.40895041768044,110.18787128489843,126.06613664483784,129.94448003418077,147.57582127296703,149.10380016851494,150.7845769536176,159.45585071274303,164.96308707724387,168.94950048568057,171.92210899491263,176.96880778570247,178.14467467619303,178.85174070883272,190.88553419835168,193.10372671524357,199.54202796717843,215.0205099040465,227.49221791009973,229.42432899900257,231.92797207396004,242.60028111382115,243.86612463990545,247.79825746940745,252.3969900420141,257.0378760513559,258.5448796263451,260.64435369397137,262.6332232973521,275.81165278026964,277.79481449857275,280.5883003598385,290.994568301042,297.37053984698434,301.86997127238186,307.15840252119017,318.5369078616383,327.9559664350863,334.4327633040494,334.75755842727176,335.25430390984707,335.7397729473287,349.15951997849686,350.97251336592143,367.556157561904,373.9956550029046,379.03260933238926,387.84141878445286,392.5083376994534,396.55300075912066
Barker_MC_07916,11.49337262731346,14.51913470949956,28.366320861450745,29.568794789417097,32.84185509996266,34.27050366295116,34.97761238345601,37.92569549751953,38.5978616479253,41.56373548220311,43.89274348804006,47.374918778880904,53.76442144426804,57.96280271852745,59.904045902440686,65.05925934876723,71.76299698619565,76.27884676920075,84.22505834003071,91.21192597085253,103.16710649488088,109.3367659972816,126.44867572326145,130.37826860381188,146.65428011467307,148.42756608076778,150.37818064347192,160.4272262319724,164.85212220958556,168.3222735211885,171.61648356216844,176.69868970398346,177.85352376929058,179.2255224528974,192.4269189876342,193.92190410425303,199.50192509233324,217.19716585157735,227.1299612161092,230.31242560315383,232.73921142701,243.0839001507358,244.21868527628405,247.52286756491935,252.09678388686345,256.75558878341707,258.26841103764843,261.648130591386,264.82434728083285,277.43592234423556,279.33378072756307,282.0071081277343,291.96576287035646,298.06747960815164,302.3733733595724,307.43432904844593,318.31928158962546,326.8129839283758,332.6534810740884,332.94636736163153,333.394311095521,334.0037482215237,349.041043949039,351.10345930490826,366.6178482981168,372.9239054644869,379.03439900336105,388.14287447175855,392.96855683912133,397.15081489083593
Barker_MC_09795,11.344485803829452,14.518895796643344,27.99799353751903,29.489273915837728,33.155262332635346,34.4172277290164,34.974895142654255,36.89368865837138,38.46263073790889,41.438678256485325,43.57538759704724,47.33110578110789,54.0793969628471,57.8116876187901,59.30253741471406,64.47554528980423,71.20242245056785,75.8990683810816,83.71663968436846,90.65555746666166,103.54957980162638,110.98110941590576,124.64863490242978,127.78823747165823,147.83048144144078,149.411042849276,151.1496603978947,160.09749129571395,162.79909998599078,170.23474772681217,174.38185443288984,175.85284175198,177.17561856360555,179.09652840144096,187.9045628522132,192.2660851020612,198.27236458155417,216.42302362347075,226.0358327105218,230.37536959346636,232.80767979785668,243.17591736402895,244.35489630896367,249.34799493972548,252.12232545251527,256.856368656625,258.3936225384023,260.94538763461503,263.3532693136993,276.35537668936547,278.3120044983249,281.068114637827,291.3351508826896,297.62581448353785,302.0650453189191,307.28271947614434,318.5022293987596,326.9422741239447,332.74587485789544,333.03691088290185,333.4820248034998,333.95564238059524,348.66714265294945,351.1391551016554,366.7462358915845,373.9679534404015,378.5042495001597,387.6514743851518,392.49768624475024,396.6977365230689
Barker_MC_00437,11.306641749280944,14.618395953309946,27.71559384252187,29.667778563009215,32.92199313775608,33.85737447860712,35.60188826823083,37.074047251644195,38.674263767266375,41.2656376525433,43.870442453321274,47.9955567343297,54.281934117234904,57.69514782447422,59.03373035196404,64.57829069743303,71.78832734439273,76.21315254621265,83.10040507389773,90.75529177601103,103.30405285101284,109.55083390309028,125.68518397647536,129.20652374427848,147.11311778004824,148.86522230936714,150.79253729161786,160.71926799044866,164.77852058093393,170.60202975970162,172.9591974125294,175.92752156022624,176.83207446227112,178.6201399372474,189.0112422825445,192.68958358243233,199.22586860821573,216.9264435254568,227.98099549536624,229.51436260117757,231.93298833324636,242.24289293689543,243.86528552018152,248.17516808935463,251.94690301699256,257.68287986727995,259.54548489615553,262.22222787808295,264.7366275423858,277.16350803897717,279.0335725797263,281.66774951346986,291.480561297186,297.49291933679905,301.73575394000426,306.7225927153354,317.466098865226,328.10338587361116,335.41786923231814,335.7846722326073,336.3456650565789,336.9616782765978,349.9986932533532,350.9739443133264,367.34665081254656,372.50881418866913,379.1775788891884,387.4704477839928,391.8640207083925,395.6717839095389
Barker_MC_06488,11.533488720372144,14.738665923141877,27.7842161930126,29.774849110035145,33.015976097627316,33.71208358483005,35.858430772918005,37.362396724400945,38.51041182099931,41.862936230335514,44.18721966556308,47.70135121413448,54.14418342865454,58.0497716878312,59.74591449216482,64.85510004090028,71.49898391035855,75.44832745392685,83.2967291816952,91.17396010650796,103.2273016930382,111.02777755792792,124.49203776331684,128.1339160891464,146.9762100196268,148.82980836268757,150.86876654005437,161.35649965982705,163.72873530564377,167.6924608002847,174.8413247296226,175.71077081381384,178.40630084662192,178.65064868040932,189.10308330423723,193.59189104892377,200.77298844580207,218.97792294138767,227.18784331507047,229.34939626456895,231.90433581553688,242.79530695228988,243.93704764096097,249.0526627518935,251.8381360673276,257.7520845147133,259.6724810585138,262.4604004184166,265.0768939168763,277.4872945224603,279.3548790796112,281.98556270312497,291.78536123957315,297.78974599858543,302.0269539723366,307.0071794580726,317.7358686533512,328.28714529804677,335.5424856277663,335.9063227534455,336.46277953389597,336.8925877112096,349.73396768576146,351.7235903002927,366.9178010398724,373.8597052905694,379.0184610179448,387.3211154444014,391.7198727564314,395.5321290935241
Barker_MC_05259,11.34383647055136,14.75097738619036,28.226780967009944,29.84654144670287,33.22831783411218,34.23151516966859,35.30080629914941,37.22735436975798,38.35216857940824,42.19604192979296,44.06379150568122,47.539172738540046,53.70178509056538,57.51300939797007,59.19580848491094,64.77722966664057,72.03519941626612,75.33562611077635,82.84245194586691,90.6582400154636,103.37186232605512,109.3588048465324,125.60081888451474,129.47797131481082,147.33341907197834,149.23213941942026,151.32073180160634,162.06199913228224,164.24962660041834,169.9745743831444,173.25039751066345,175.1732294127642,178.48032356983126,180.2087957431724,187.6990831484844,192.17505137636027,199.85943268695263,216.67924137211267,226.7541980217385,229.8665293026615,232.15952122216004,241.93388508239536,243.30691977259409,249.13780030813433,251.48936772454465,256.62621326278173,258.2942664264896,260.56246922630316,262.7032489142729,275.5619294423775,277.4969735995194,280.2226809606549,290.3764610540449,296.5977320538884,300.9879935286944,306.14811128107294,317.2594649336007,327.57697775206856,334.6715758158831,335.0273521199682,335.57148058503947,336.11558496743777,349.61300108852106,351.04303793528766,365.9313141352486,373.5169001446343,378.92444217387305,388.13037439797745,393.0076894835957,397.23469589113154
Barker_MC_01299,11.372742801708796,14.38703923549089,27.92799888362751,29.937185008372115,33.29926263706985,33.91637702436458,34.71748150630394,37.20718208610054,38.709392355919725,41.277060832171216,43.34372867728528,47.6793513491299,53.52727251980888,57.57914684769382,59.52334881448064,64.81120952071954,71.68743903225452,75.49716709943462,82.31100768143213,90.00020741183165,103.14778637664932,110.72068835921756,126.3021818317632,129.97748884234477,147.502992181927,149.04503415242152,150.74128031996543,159.47706240767815,162.93760223992368,170.53842956694425,173.58464036943968,175.72384975133085,177.88899712741957,179.3895200795498,189.5780424052282,194.5231366775826,200.6238214072467,217.74850017197824,226.05204456088163,230.0840620771997,232.39833036458003,242.26338925061648,243.89952588343104,248.34304210867765,251.4231958131935,257.6009852720464,259.6070571258436,262.1693424504196,264.5755368804748,277.2322223159788,279.1368691533604,281.819758784511,291.81403466238476,297.93757664493444,302.2588721577037,307.33793039072145,318.26609354150185,327.3301098455166,333.5627701438147,333.87532243016005,334.3533435739823,334.8256435824615,348.48325271144944,351.43099260633437,366.83927327333765,372.79680954170976,377.15753324576616,386.8451347481365,391.9776388553525,396.4258090816063
Barker_MC_02583,11.399266980939483,14.36538837057896,28.165286312300573,29.460552711302935,33.22483889173488,34.25412308111121,35.41373238256485,37.380278369793885,38.78362148118278,40.89397547744203,43.70288336821729,47.742742677093375,54.01862271183203,57.41023572027336,58.733929796265265,64.453883813449,71.89199892324686,76.2093864123284,84.76421130093696,90.36647043360892,102.71893987112784,109.99726541230211,125.3510998921204,129.2784014036544,146.73513719469852,148.55114489341898,150.54875336201138,160.83682657501348,164.9471329988311,168.3363984000474,173.4226364022603,174.55583838168138,178.51266663789391,179.62905175808987,188.0607264672184,194.42209221331953,198.50723182127663,214.81875113339493,226.22801597218617,230.24502055532335,232.46207283903672,241.91272791283163,243.69636635391657,248.8737181437658,252.26846940853372,258.69736766707075,260.78498038571,261.84245180242505,262.8495397108394,275.85037344789,277.8068095927859,280.5626497538759,290.82868027763107,297.11872766821057,301.5575236528671,306.77468670592293,318.0067995867905,328.1760940175288,335.1687731494157,335.5194384746136,336.0557501484456,336.49111785069806,349.4270832550692,350.96722428118017,365.7845162794168,372.9995298857584,378.2394352738498,387.24969302126465,392.02333950996126,396.16049980016504
Barker_MC_00762,11.457696589658866,14.349582179903102,28.21490766649276,30.16891556593005,33.24321466660526,33.99756714661596,34.802489794849606,37.76621500348194,38.86332896811997,41.271647760349985,44.32546816785828,47.152804848843935,53.69638352182323,57.6975859081774,59.44743211894352,64.52501744619057,71.12780901242056,75.92266759634347,83.28871601983025,90.78503757975365,103.66757180056182,110.11576277338226,124.65918178562592,128.04504789272858,146.5588038244713,148.28668541122548,150.18735515665497,159.97002825886602,163.03822357400855,169.29303966958432,173.33793876298418,177.8794696398501,178.66289703651907,179.21709507575903,188.49515081487564,192.71625527624948,198.1181236514753,215.63372553977769,226.63494102753717,229.6185189945262,232.0261344677645,242.28910551046664,243.84089008649187,248.74027099947295,252.0905702639517,257.3991134263039,259.12292080005665,262.0128902605708,264.72908312231453,277.28483464052516,279.17429239326555,281.83578664712576,291.7503606615056,297.8250689203163,302.1119031765339,307.1504571838417,318.00983508713205,329.3203101284244,337.0976956030655,337.4877119837997,338.08420762492267,338.50469570733725,349.7031613287483,351.6112662941632,366.3074755143992,371.90736225532015,378.7011511251346,387.5191844590721,392.19099019890655,396.23988850676307
Barker_MC_01782,11.2916222440769,14.64547879355117,27.614783905302147,30.169274656829646,32.54120670149513,34.494632368485405,35.070174615283605,37.9675866560945,38.977093316181495,41.03892855744904,43.78626555253737,47.84418262014907,54.298199707746846,57.863059067581275,59.28544266602603,64.50807574850285,71.29948454776928,75.85988932910203,83.5501178326682,90.67583870318379,103.43870218129616,108.8805446490194,125.32528226516756,129.34780960584186,147.29283073201947,148.91407410673378,150.6974418189195,159.89474771432722,165.29350474624897,170.7935376045225,174.54588935443388,176.06067957665604,179.40950721593632,179.7617838276117,188.285008167665,194.59395119779785,198.6122664676401,215.39557956197388,227.2153914824972,229.71946045914544,232.1262633922693,242.38577081058537,243.64181026953773,248.86827990409407,252.21800094452857,258.3082572709182,260.2859050817015,261.63549273978686,262.915998826586,275.82603788801833,277.76881075648623,280.50540479701647,290.69973984876236,296.9458590710411,301.3536555790707,306.5343832283186,317.69258840532825,328.3634296199431,335.7009857492624,336.06894579114567,336.63170820814355,337.06740214143036,348.8066606347669,350.53478649190635,367.39945516682786,373.577466981116,377.1754006965691,386.51940456156655,391.46987018540614,395.7602737260673
Barker_MC_01002,11.4498484670923,14.751961805808303,27.606366181213705,30.1670117838907,32.691535130394456,34.195460061574686,35.68519720111734,37.21915117242295,38.294664967200184,42.24570283784205,44.329203888967854,47.4346634423139,54.150874139651464,57.822829336144274,59.27238735771643,64.44586554375498,71.17335428757697,75.41798114449143,84.8141051559072,91.14970021183964,103.4855653843,108.85271845332204,124.6118750307176,128.40745915266842,147.1465754610704,148.93094816134044,150.89375813163738,160.9876542341498,162.97579139327652,170.55712374822835,171.96006432697766,175.44165910441737,177.7966492048983,178.57913458445017,187.12910336202935,194.1300695429822,197.4004522035993,217.3158716905778,226.02260817001545,230.06805474942288,232.28108069278815,241.71457263781153,243.3449941462689,248.80878061037376,251.5094686840987,257.30932337671726,259.1926710259808,261.639297336976,263.9404869027004,276.5971493748156,278.50179275654165,281.18467752004835,291.17893526501956,297.3024661374507,301.6237538099691,306.70280282790526,317.63693704184243,327.45737490416604,334.2101709190295,334.5488067073855,335.0667202660476,335.5239479539519,349.1300718690352,351.370141759399,366.2423770824389,371.54710855282104,379.17602013568205,387.5134852821482,391.9306853597462,395.75892542699773
Barker_MC_08308,11.439237450997686,14.429400072604109,27.999764884877315,29.611499949755004,32.56390380902997,34.42222309342294,35.30300361526561,37.826137903163,38.61510259425464,41.11285638276625,44.13126892048642,46.972537970051754,53.852079026902445,57.95586439601784,59.7134732453845,64.85877609027284,71.54962617754208,75.88179377114184,83.10761372063396,90.0097487509513,103.166955787676,108.57410802079904,126.28214917880548,130.40339022491554,147.72939378870362,149.45566263930408,151.3545583749645,161.12923435550587,164.3499738221782,168.1943155769775,172.79499663985925,175.1473202402325,177.308214515593,177.8659852455036,187.68240017822933,191.16267350790085,197.2120972716671,215.72784630875333,227.8872339953418,229.83752631918028,232.0898211879817,241.69070524736395,243.12973593047747,248.52969552448496,251.4469176305716,258.0451274127729,260.18771951917034,261.43587703750273,262.6196427339127,275.7198126340109,277.69119742480234,280.4680942806485,290.8125650108231,297.1506731016474,301.62338483129264,306.88041094006985,318.1855759207625,326.8202085936374,332.75761321048236,333.05535916471945,333.5107353300232,333.96349943213704,348.4558571312803,350.4048673625374,366.47989444124886,373.6550304973416,378.4752659141878,387.4738477464407,392.2413083198198,396.37310748341497
Barker_MC_03727,11.399284551358503,14.430916089311228,28.19482258487315,30.21981916624404,33.1378897501129,34.17815540747923,35.130957862034,37.839779499080485,38.91165319761676,41.46897242876249,44.22503939315267,48.079325476737594,53.62450205176235,57.441914518988845,59.2657806319735,64.66093383731669,71.6766843933143,75.34023155899494,83.21577613614139,90.31694675862876,103.76384142880411,110.6659604700567,126.21390075690228,129.86872889118098,146.8944845677744,148.52652564228535,150.32177082424732,159.56334200043383,162.66893098856974,167.99160623452102,171.79601238356932,174.73668705908807,177.2165193205499,178.6996504910554,192.6289248661792,193.3479374646207,197.51756197859368,215.0029917229353,226.4806923025488,228.81942282616632,231.3176314279012,241.96677487427937,243.31562133476064,248.40653789589575,251.59100782713608,256.7813380489619,258.46675893280195,262.14295991918937,265.5905576918996,278.0616561632932,279.938374865299,282.58192486489867,292.429653107682,298.4634046334857,302.7213363122302,307.7259195175791,318.4896993660961,326.89782881484285,332.6794837501879,332.9694192484206,333.4128500104234,333.9709519795875,349.29914296749814,350.899817862804,366.17951852315093,373.62292572812623,378.66006469840374,388.01384561706266,392.96949113688186,397.26438392072527
Barker_MC_07864,11.326166764860918,14.6230740528958,27.924994525757235,30.092281951976428,33.23551875904967,34.38497856666902,34.740857936043014,37.5384837925381,38.50820562701874,42.158419145428745,44.038689965526835,47.66385669740771,54.05477142200906,57.61305191753203,59.043979121856225,64.4774038534086,71.54292194538927,75.44213896881742,84.34255951745499,90.7861159969107,102.456173201168,111.18328475866808,125.0976044895434,128.85560679392438,147.27829250181307,148.97440296192377,150.84012446804545,160.4443790371214,163.65612740276222,168.54221331722795,172.8654631458014,176.2585114591904,179.14698923860536,179.5996206845155,188.43378641572247,194.74793294983544,201.12689922347937,216.342585039713,227.58042226556455,228.9070047600032,231.4536449851703,242.30923848736583,243.92528929750208,247.73346114494015,251.93927594129815,258.5113049043551,260.6453954901447,262.10565133891123,263.48531181463176,276.295794266946,278.2235853155952,280.93907593250975,291.05479670391645,297.25274857000375,301.62655406747683,306.7673301972081,317.8460343686345,329.2611434927953,337.1104781643785,337.50410261693577,338.1061164855527,338.66440710827004,349.24567398614687,351.36456101716055,366.84693516701253,372.13607369039937,378.2759488298606,386.9945425845019,391.61366510351706,395.61690461999694
Barker_MC_07506,11.305658366022564,14.527612113803414,27.859222045985465,30.06198941476842,33.09419814205958,33.99801359847967,35.11845315819075,37.32245163100442,38.464976322359405,42.21976801312727,43.87271843708614,47.31513278199749,53.52105536086327,57.38244662594952,59.09565926179979,64.6300834475722,71.8269392328732,76.51666584156489,83.98339478449904,90.15164322624159,104.23180695552418,109.87991609192122,125.11429278244282,128.65613613901263,146.28208610664052,148.06828956913705,150.03311337788315,160.15010453949776,163.8866082698949,170.65166595987927,173.6897464236895,174.62415618771092,177.52175013500062,180.05229454318695,191.403155542539,193.56925425356,198.33354305355655,214.8595313945106,226.58507140077035,229.2043102169001,231.71665333946984,242.4260481755086,243.9528881979992,248.2765398636991,252.09888472779443,258.04620512261437,259.97743831355217,261.8650566220348,263.6465651494531,276.5130635569086,278.4492841910402,281.1766487401934,291.3366021752068,297.56165561182365,301.95458629786435,307.1178413222154,318.2406605757536,329.15916180281994,336.66701558776003,337.04351563007265,337.61933922419786,338.1650452918177,349.99234491438904,351.53599077311674,366.4157855674064,371.65495687306554,378.996909566205,388.3444395091798,393.2967732538022,397.58879583247494
Barker_MC_03366,11.393521521289736,14.740038133886976,28.376549212810417,30.070340731787308,33.28166509211394,34.01419148188727,35.74023300834803,37.49222210150624,38.88143107006335,42.119866927322455,43.37623400194206,47.26537501512112,53.8064539487645,57.32513164917727,58.69154783927314,64.19872711103795,71.36015414884618,76.00981617902463,84.59307936397946,90.57775688330383,103.96593368868506,108.85856425220038,124.67716702394084,128.46836278416993,147.21124388473137,148.93340333985356,150.82777874048793,160.58346623120673,164.38330155839634,167.81871114456936,173.33169906709816,177.30883014416636,178.7289334265665,178.86203572048444,187.75771048203387,193.87271934481572,198.54103397173333,215.5272473065733,225.7862611668343,228.82433192882456,231.25797025015768,241.63186919617928,243.49304540099743,248.5429907599521,251.582415308726,257.15150147810505,258.9599132231432,262.391494049557,265.609141488649,278.0884737466148,279.9664315135902,282.6117268627707,292.4659568658246,298.50369205212195,302.7644349427867,307.7723223213879,318.5462626273509,327.3455422543301,333.3961625252143,333.6995859606274,334.16364533243564,334.63596165482556,349.8059638720389,351.0094641028287,367.2598185197818,372.9090449617742,379.0133883195989,388.1170017592806,392.9401082173901,397.1201338144183
Barker_MC_08049,11.479870254512988,14.708719450722274,27.622747564410332,30.140266704484425,32.933950819538445,34.00301176987272,34.82647940945268,37.435283373889995,38.570152861579786,41.210936338208306,43.45592429874837,47.9280554573,53.6364252229144,57.32679653094652,59.013704615061144,64.35198944702077,71.29378949466408,76.30138129443772,83.59654082322429,89.94486242484014,103.26483269120638,111.01593554502176,124.816785767212,128.4334071263062,147.5188213229655,149.3640548744073,151.39381178099322,161.83401192992315,164.16748766238126,169.70266411344602,171.52581746879616,174.70686463275243,177.69717360099762,179.533955231968,187.4460960315347,192.72027339778631,197.1009559173652,217.64469504306047,227.9957589784132,230.16376907235005,232.49659403328732,242.44075467185883,243.80431889600783,247.75333073232616,251.6888932256632,258.26206552110096,260.396527373494,263.13824823310836,265.7065682848705,277.9630014222814,279.80741611771697,282.4054626241909,292.0836816712079,298.0135740791139,302.19821387198397,307.1166530598123,317.70343501971666,327.01222184642256,333.4131929098166,333.7341855590134,334.225115493079,334.89208591886535,350.306923335323,351.51622663560136,367.5438126607542,372.3135397535147,377.563722113319,387.232743065756,392.3554031730074,396.79504193262534
Barker_MC_08018,11.299583791125684,14.595105178802267,28.14520086690584,29.854214512447427,32.91356922252162,33.432641291007975,35.306910323602786,37.5646872819453,38.59293460161864,41.891999713620315,43.82408227313817,47.930153160798184,54.218784629374355,57.886325800871525,59.42707663979372,64.88530983973533,71.9830883734997,75.12577143753924,82.78160590863861,91.19693537628724,103.41782536575758,110.6764838174383,124.46943449357325,128.11212767289177,147.14205487821602,148.71074830272417,150.4363110696831,159.3321321096102,164.0940155497411,167.7339004675048,172.1284929482217,176.77323320501915,178.7848207115553,179.80641227169673,190.35871529845488,192.47933261182536,198.63498784782,215.60424640602903,227.22217997246392,229.5638915654396,232.05787120646377,242.68898781184643,244.2354035523491,248.7520987335348,251.68711271892775,256.75838268317233,258.4051419335543,261.21365131351484,263.85559051481454,276.39125705049287,278.2776923058619,280.9349290634248,290.833643091598,296.89863385885985,301.17861062104134,306.2091046353588,317.0447961895683,327.53981740418857,334.75647499395785,335.1183722772206,335.6718622398578,336.1419521869811,348.80248028100567,351.4364088502082,365.9694465198324,373.4971156536177,377.5500517027125,386.589646100532,391.3788351854694,395.52946572574865
Barker_MC_08981,11.42971476065914,14.707121447023102,28.12425125349647,29.44845971968933,32.70746396358914,33.58757778116898,36.10240800617039,38.12850645150153,39.26900083369356,41.53782342475642,43.66594157744541,47.98263855218594,53.78156580454243,57.53412760629043,59.25060221965331,64.65226707535169,71.67648525272371,75.84946240656524,82.58887600173128,90.43852888455997,103.35574162431368,109.55162706890655,124.57301198289844,128.0232022505842,146.78673365789118,148.57318194492956,150.5382750606717,160.6544152471126,164.0846762363094,170.31154390204318,173.1915345470734,176.10875139235787,178.39729685037273,179.0304923881915,189.33268900849544,192.33033225105535,199.52080227204672,216.76706576361033,225.51961297236028,229.52423856738176,232.00747000742385,242.59277012895916,244.0131405583904,248.4801854975962,251.47365598347332,257.11231515593266,258.9433188724508,260.9870813077015,262.9157613345921,275.76581419108504,277.6995600092951,280.4234385274191,290.57040583157533,296.78750260194977,301.1748183830502,306.3314738982771,317.4282049535996,326.83381640309454,333.30136666958293,333.62569809887583,334.1217344025003,334.58845525979024,349.2493631581426,350.7763472914698,367.1884189142454,371.9982777201817,377.9715658293822,387.2438831797565,392.15636919319974,396.4138570715174
Barker_MC_09830,11.529103530446534,14.653770376650773,28.37218190897955,29.572742585888264,32.88968195482213,34.00708632658117,35.82634764615304,36.95186015351532,38.40600722486778,40.98016597519709,43.74149760727715,47.97324502069439,53.76029796297731,57.233349050443486,58.72965868834877,64.21072553361626,71.33819648829866,75.91134026820981,84.58142377221884,91.39497723953772,104.03746293651488,108.5860068387943,124.35706491413428,127.93793064705234,148.33787491935172,149.97220555835895,151.76996926126682,161.01751427299774,163.16907668490174,171.00336719587057,172.23467851257664,175.97630713760643,176.6734368654809,178.2286393565407,192.852462655958,194.9124130604608,199.6356424958381,218.49985682251096,225.98732644438945,230.04793695487243,232.29430712788889,241.8699359162555,243.38279045787817,248.33106105875095,252.143052433915,257.04106903549103,258.6315688913533,261.7319950572922,264.64711034570956,277.2964217242782,279.1999588734802,281.8812853954746,291.8697383934382,297.9897126688299,302.3084905019658,307.3845895665047,318.3095888867629,327.7727693599932,334.27990562860384,334.6062221966463,335.10529459482876,335.70536115380537,349.4753667038775,351.6226936677124,366.87207448926074,371.82064760782896,377.75427173188353,386.93893489622315,391.80498160580686,396.0222220874463
Barker_MC_04796,11.5270471244509,14.454256977162473,28.309075994062553,29.89719323442721,32.71429542699729,33.93894801810093,35.9375836763283,36.83626881366964,38.450002959268346,42.20040322499266,43.98293719303243,47.6203944705027,53.504618265387755,57.49106196854013,59.37486880258244,64.80925930980506,71.87603327737212,75.73937642145606,82.99193544150609,90.1353253708263,103.31243501531664,110.35088902290238,125.10521723111611,128.4452107515408,146.80491289709522,148.60029294181405,150.5752109910047,160.73242542033285,162.8769927614613,169.81774211629923,174.30583669150212,174.79404263789033,178.72999522595558,179.2149912283859,190.02444540066045,191.8046456445434,200.09939316575705,216.65648096278497,227.34447682993368,229.24195006405603,231.71623132680423,242.26337942140032,243.9566903968966,249.3539319102792,251.93272990212552,257.61488815941607,259.4600170400122,261.499235206255,263.42410599127703,276.41157520503333,278.36600018380244,281.1190074119612,291.3744847199111,297.6580661032657,302.09229911961296,307.30409906299735,318.5272244868839,329.0091596865458,336.2168189820536,336.5782650234213,337.1310648513953,337.6226721444527,348.90992535554955,351.3790135388364,366.89139771921674,374.00607806859085,379.1835948161065,387.8158557638062,392.3892390473558,396.3528378930987
Barker_MC_06381,11.500585389657385,14.69318988930632,28.264492936578428,30.146392364197258,32.914397003549084,33.97128773590751,35.10463523909536,37.69017424191903,38.83524103812215,41.734138307185,43.11589130110757,47.31008171049593,53.8364521250611,57.509093683272695,59.00156407264744,64.43791493574396,71.50723811132953,76.06360285502534,84.37143715431252,89.93612081203294,102.65730583450431,108.74931535850055,125.36948804331152,129.09692811297597,148.33044820097683,150.0854060026164,152.01585958441984,161.94796285348914,164.53424513593336,168.98648822297275,173.80172769937326,175.04492513381123,178.478973192325,178.67497539582916,188.75945747748935,191.71644249152223,199.80584901541064,215.8079472079419,227.16952898245228,229.71477774553932,232.2305453881936,242.95453796662665,244.00963290600455,248.7661551530972,251.79014437210392,257.66438113396066,259.5718823702831,262.01017273341915,264.30354470637263,277.0441449385805,278.9614197308059,281.6620971263063,291.7226358209947,297.8867773572895,302.2367233912634,307.34945617053125,318.3523775917917,327.7673661921535,334.2413644386496,334.56601921797244,335.06255005693674,335.51847014105886,348.61488817146403,351.4501609221624,367.2654037906371,373.5176006148014,379.04389231434914,387.3760833097438,391.79048913511855,395.61630751711
Barker_MC_09696,11.52821826839186,14.67807015945453,28.319549852944576,30.10658973344572,33.13496965913525,34.40716185168958,35.76707562015476,38.053669180271505,38.81868569627392,42.32445372238006,43.52642696952119,47.67845559591547,53.776520401605325,57.58633416055461,59.282500602596144,64.80044874242249,71.97587940333734,76.1426388713369,83.77036475065402,91.20207499327165,104.0670815615652,108.73287795195844,125.20035449612718,128.74761431839022,147.34014902444093,148.9395814084142,150.69895703078473,159.75738504134915,163.0074206381602,171.2310158287736,173.93927144112016,177.10265935299574,178.38641943108036,179.88167748511458,187.21175130453145,192.47031194909957,199.3445802660557,217.6845416842599,227.8084513012957,230.12423221363167,232.47172383986708,242.47840424661632,243.7446162703961,247.56676761930265,251.3691184548854,257.3910042513929,259.3464505616979,262.53765359168983,265.5282157123106,277.9026943639133,279.76487319012534,282.38794228941333,292.159375269967,298.14638031337995,302.3713236717751,307.3371338750073,318.03183443522,328.18205903806916,335.1616252457078,335.51163299063364,336.0469389534614,336.49375817888784,349.0015743280582,350.8446908192444,366.46448115925176,373.5650468110393,377.227867862403,386.6907547373966,391.7042047373932,396.0491947373902
Barker_MC_00148,11.531736269912118,14.604018739406811,27.585250674134898,29.93112815798572,33.134699150693855,33.91572200162515,35.593228201305934,38.03845347223538,38.494268202465015,41.08539672416014,44.181184929277855,48.1237506502551,53.74096168875171,57.38049439646932,59.04680212664461,64.5929900679825,71.80514320842948,75.47398444390905,84.53682596099931,91.38305344464816,103.61641806205483,110.48998129448616,125.52572621753436,129.2396654228214,147.08550741895684,148.69915254951613,150.4741621931313,159.6278269258485,164.92775330517193,169.87454406079306,173.76961441375042,174.59995435812604,178.8394632260637,178.90770220737016,187.44117860744385,191.00696431848192,199.40768128232273,216.38077486581315,227.5560073273168,229.31791882997737,231.8966606849852,242.88909418556935,244.3408826356251,249.2655918314693,252.3832323674104,258.44930853729954,260.4191044891454,261.59136892162303,262.7067706642883,275.5412481844283,277.4726501413425,280.1932270914046,290.32789542446017,296.53745655475444,300.91945454302237,306.06985976146046,317.15467377749314,326.74246438036437,333.3352859105334,333.66589937959793,334.1715435087554,334.83214213606493,349.6303466099966,351.692236238619,366.3368048528332,372.32640877800617,378.1540931932999,387.3002563482659,392.14590570189034,396.3454684750314
Barker_MC_07211,11.459063147142496,14.687343727469008,27.79984601605876,29.71719838223586,32.90333508910124,34.365791316260925,35.728613743281024,37.12366602911571,38.21432988216729,41.20520317978835,43.925906899682445,47.43416151656777,53.627293650353074,57.641139079164574,59.47857592978109,64.60572208787784,71.27296157863482,76.06673636133762,82.52526765955284,90.76883632994175,102.82459194055424,110.04592982314304,125.40263316558104,129.38796877330358,146.44277398184838,148.1689358626363,150.0677139315029,159.85355927217452,164.68831596276138,168.9785052112629,171.69272285830573,177.07003573816806,178.44406216547608,179.2341689878081,188.00967731399768,191.98389555710904,199.7558112232244,215.25155089772807,226.43938423952451,229.18884546513215,231.6712412364043,242.2529791427594,243.64334383944615,248.10306498934472,252.0447472076753,256.9836013324927,258.58736208151083,261.5660312569577,264.36748923159087,276.9833979942506,278.8819085362042,281.55615456841855,291.51823139071297,297.62204485355323,301.92941823368466,306.9921130122277,317.8962411409206,328.34178377974723,335.52441857601946,335.88460970149623,336.435490246343,336.9728287888518,349.096848073025,351.2768799240295,365.80403504594113,372.0192397388212,377.68033587270935,387.125759793329,392.1299578969685,396.46692958678943
Barker_MC_06836,11.457910511436063,14.44274348382748,28.217901802185395,29.890466937238088,32.86582432876177,33.332814590911184,35.20151878888211,37.45089003701125,38.249602004230155,41.350886639089715,43.10313820181284,47.0191712010103,53.367784089538624,57.65362655449502,59.673747376199714,64.75256960488728,71.35696961329468,75.3895991899829,84.85947249262757,91.25374833219205,102.91650601614066,110.87659133632474,124.91205635723163,128.29162467113215,147.9072339900365,149.4793771673587,151.2087346624131,160.12179805256625,164.57601767452735,169.2647379347876,174.55058993637542,176.27680059885873,177.15556935619665,179.04623295596014,192.12068678864847,193.63707350128269,198.2876434632529,217.73721439055177,227.50498723810287,229.8931081054344,232.3084081394209,242.60413625039703,244.10067598248895,249.4587469989188,252.26495301083887,258.15156612701867,260.06308625330576,261.4697622251711,262.80434775522843,275.64283124510405,277.5748360421241,280.29626215405574,290.434093777129,296.64559307077434,301.02895879304583,306.1809715850995,317.26855287410643,326.7718874256562,333.30663471363863,333.6343359050714,334.13552596255676,334.5979885040065,349.3426267886113,351.0611224344464,367.67799414350566,372.8023953639859,378.6996484758092,387.3252070452674,391.8950393999472,395.85556077400304
Barker_MC_03935,11.412851086908471,14.645524366649768,27.97830366791103,29.903401250045327,32.83785084152948,34.186253255288776,35.84807616324258,37.08915780016859,38.58429567515136,40.94198783902358,43.52240711427394,47.160967242546675,53.445427977242616,57.49614510312172,59.34302022558026,64.8753949969192,72.06958576421161,76.01396623139195,83.24175174922695,91.33756428086517,103.61724348228152,108.96445398409584,125.838291726273,129.940887566465,146.41298750916414,148.19328763473783,150.1516177728688,160.22636898800332,162.74364895476276,169.7093379037755,171.45433545880343,176.92319227942778,178.02424609060438,178.4773411285681,189.57890428455508,193.3502389955703,201.06725652515271,218.32325465405867,225.34340643894828,229.0961485541139,231.5839650889309,242.1888101483625,243.6282707364192,248.66785057959655,251.39778358655877,257.7665374563325,259.83461989374973,263.06588725857375,266.09056648163363,278.30836114829776,280.1469613165821,282.73681746760644,292.3845258775289,298.29572426803475,302.46717196166935,307.3701057437611,317.9229393777996,327.12997505518723,333.46097930393853,333.77846329281397,334.26402704050577,334.9238823529593,350.38409505261035,351.4341706427329,366.2060953585906,372.5058714554895,378.34297974734096,387.3738375849538,392.1583980287221,396.305017079988
Barker_MC_07458,11.423954047021455,14.765509066278256,27.585919041839833,30.076719054337214,32.67544102074402,34.476999680532074,35.4046171844728,37.150959448633024,38.34403630295993,41.48508920084955,44.074504042976,48.165379277236696,53.60066157821392,57.59329610277235,59.58113773889825,65.02407516625331,72.10196337977204,75.5758423820599,83.97641392907252,90.17187208729716,103.43918750428782,110.63082583415412,124.76963498847915,128.19153763970564,147.16245035997733,149.05510929173818,151.137034116675,161.84135732629323,163.65816537583171,169.50899580444118,171.3908632372692,175.08433379658393,177.65642535751323,179.02607072642553,189.3983665906775,190.99518465667003,200.05721239205812,217.97583461036004,225.54204765862835,230.2842370720512,232.49888355105685,241.9392833725809,243.6197337989064,248.13185294074887,251.4798336500847,258.56388262688233,260.86423801418186,263.5064217790974,265.9793608825154,278.3519547006553,280.2138498868802,282.8365194502724,292.60646408336675,298.5925572089717,302.81685704008424,307.78191087001744,318.46931990957404,327.9030189558507,334.3898830059273,334.7151829730403,335.2127005698013,335.8361125591143,349.13837620833584,350.4848191554408,367.82832822134327,373.61607134180434,378.73986755430013,387.5946613693996,392.28594286084297,396.35172015342727
Barker_MC_05210,11.413555666017873,14.548933265403017,28.184813923032003,29.734715740637743,32.65193454798668,34.04099456593516,35.92645940103024,37.2766639560584,38.43259132820937,41.349312750896395,44.28948106963826,47.42716049511383,53.5939128599951,57.72352530702161,59.658846494430016,64.66746207946767,71.18056675658887,76.14945218522952,83.10901332162932,90.6162692623057,102.88942981991072,110.92077789278692,124.49261410285638,128.13292682927505,147.20412059044426,148.98359596161396,150.94101886990055,161.0178824858266,164.4634106951307,168.03781421888465,171.85236800375262,175.454863137272,177.18785650450766,179.6829195389269,189.64464496678715,191.77153681819289,199.18094742481773,218.3048275954054,226.335651926278,229.87817175874991,232.246635493622,242.34271395667832,243.91170934220992,248.556312960901,252.18882762986348,257.40666013299773,259.10101164693054,261.3390577364121,263.4516198346555,276.381339530477,278.32707404780933,281.0678398732991,291.27771562016136,297.5333567027676,301.94787265069374,307.1364980302467,318.31505854118285,329.4245567065715,337.06374510021595,337.44683124385006,338.03272769881977,338.4771296271654,350.1021138125371,351.1239380491272,366.4910299771728,372.2041946737946,378.4399832111164,387.1268260248495,391.72912685331744,395.71778757132296
Barker_MC_04419,11.532384220116942,14.565274144148496,28.34848642970605,30.1944064479549,32.79968265720397,33.5401357459269,35.86084076734632,38.08339732539699,38.65572653356154,42.38327166263108,43.15314331596832,47.80593398865047,53.66630154284714,57.32628656849189,58.95562144134517,64.45936664635242,71.616328091647,75.82158627041716,82.52373078603509,90.59723954197524,103.29163393011262,109.23792858549868,125.75406731120688,129.3902692814353,147.90674419036833,149.4653436980504,151.17980315650058,160.00839596575884,163.37051946721692,169.1046451109116,173.47920930079297,175.763900324632,176.78432965006067,180.11662574004148,189.82361319164184,191.5825046448348,198.265618456143,214.90647408102936,228.08378395117143,230.03473085770136,232.3648588288346,242.2975229769702,243.81140623000184,248.99866980662424,251.55252335192935,256.4264595147581,258.0091398923556,261.4942503121796,264.7673642276918,277.44634834019166,279.35435080372315,282.0419671770848,292.0538510717449,298.1881815727764,302.5170903878856,307.60509695730303,318.5578721532331,328.31447172860845,335.02337082810584,335.3598052962222,335.87435212981194,336.4128293237938,349.3806608086905,350.77614836717254,365.8511020061844,373.228350057957,378.7362325683097,387.343912757703,391.9042731229444,395.85658543948705
Barker_MC_01800,11.398047299738977,14.695192476470272,28.363254388334163,29.72683105391226,32.99033376362887,33.431645628058824,34.90886733882905,36.991624904631486,38.16679299913967,42.15056833431503,44.2612796644748,47.60913225367073,53.90396208189633,57.62422110476773,59.20523057917406,64.42200531366976,71.205796033052,76.50985764953694,82.36474974853644,90.4640143887792,103.16551002852852,108.34333152633876,126.08900975396033,130.24431316022248,148.2997072248363,150.07073743485802,152.01887066588185,162.0349260767917,163.684057164317,169.0884738297218,174.70156052744773,174.86847753481575,177.63409370515868,179.6704928483853,189.35822366023947,193.68236890783956,197.8957979286953,218.33508014599883,226.6919184201306,229.40281226720072,232.0381115471021,243.2716330537999,244.24872830582865,247.44498921680292,252.18337483651473,257.2156458468097,258.84974123022647,262.3327794151358,265.6003941972933,277.79227165668357,279.6269716627083,282.2113340367862,291.8385770791526,297.73723623830745,301.89983517670777,306.79236852610705,317.3330643087388,327.8144705627324,335.02176614103627,335.3831939428981,335.9359658751574,336.4233003517602,349.0145084424982,350.6543282044648,367.7070052647928,373.07174551264205,377.157636131293,386.4807105367978,391.4200877052772,395.70088125129274
Barker_MC_03204,11.388120929435772,14.638895556208148,28.273861339403403,29.59286370361853,32.912801177101464,34.29342142480078,35.21821683958742,37.454421969511245,38.831051220074805,41.243025995530765,43.917180333721696,47.63342636069808,53.63267810338962,57.83123806795879,59.85865898072733,64.86878070811362,71.38384394296574,75.37321652736117,83.90074368437436,90.75654845408152,102.82403049633749,110.72441010015535,126.11540180223724,129.75159905332305,147.81808176791083,149.33440040553828,151.00235090692837,159.60545951721372,164.79742108967298,170.29516882537544,173.49536522695908,175.31910315904287,176.79876366434723,177.35313600689517,191.81047581123013,192.6090060955488,196.9739183937654,216.37486788102103,226.9581849742478,229.13585978207567,231.76579205295383,242.9764355466124,244.49524475507693,248.75227674577667,252.40100932216768,258.77944453967984,260.85067073577227,262.9911517670215,265.00295417596277,277.49531831378425,279.37523718889327,282.0232949592082,291.88781550816753,297.93185576255047,302.19704804908827,307.21016504937904,318.0026774976002,327.7355506127866,334.42813476298574,334.7637510773025,335.2770466168458,335.8200111417471,349.8220822881718,351.52785500749485,366.6711877606507,372.25470389293554,378.8139961988269,387.998669610086,392.86472174850127,397.081966935128
Barker_MC_09525,11.535835190854716,14.484724670838204,27.929883914341968,29.95724886951081,33.05250754777955,34.15243540104132,35.79141312537094,38.058233488913615,39.22029511086019,41.569247755041154,44.2724660943935,47.61815495644135,54.080477728050546,57.8009160258802,59.345152724160414,64.53096742569379,71.27449833034936,76.24807530492772,82.6351577306166,91.37079750597711,104.0190592698222,110.90048518916636,125.72953769050156,129.31845256721553,147.35409201224414,149.00382375812652,150.81852867859706,160.1660268376434,164.09381566991314,169.17177547657832,173.87509496801383,174.42798049254793,178.59336658017628,178.77497300947886,187.4413457994058,190.89244818357545,199.0700045328736,215.3273071119143,225.80494177686393,229.8911396799366,232.1889748695447,241.98398419473827,243.7798023738984,248.554416689735,251.6632550997142,256.9817832602975,258.70883299509944,262.17681858853877,265.4285695432345,277.63081242786205,279.46707227943216,282.0536318552999,291.6890598936465,297.5927340400926,301.75887198290235,306.65556492042276,317.1948073612674,326.3700846052945,332.67925090493986,332.99563977542357,333.4795286361633,334.1636727971347,349.39502236078584,351.4765791657528,366.26427857084377,372.8749937029529,377.2910412771224,386.31678581395255,391.0986372241937,395.24290844640274
Barker_MC_03740,11.302868368010262,14.639784415495788,27.82793241106146,29.567270304137526,33.127663039469326,34.187775495995474,35.57337041038419,37.713746767042835,38.38729447304801,41.50946771400073,43.30345815230058,47.36613120026811,53.88392824941538,58.01334904778648,59.871591886243834,64.95295677125863,71.56066319968089,75.3995630634006,82.53107095447427,90.28890858575701,103.46424279898,108.27884569433589,125.79609985697576,129.48053389711853,148.11515177317082,149.80420413014937,151.66216172282574,161.2145315271751,162.779083656871,169.84095343828506,172.51781976161038,176.1963731741004,177.0889616839546,177.52905580605324,189.9456891731668,192.8735476437553,198.49816917699312,218.6822349746324,226.3708991362133,229.64236744396257,232.0195511493101,242.15280033396945,243.4329527135978,249.1118587256223,251.95173111424185,258.37547761787727,260.46141744193596,262.9794294590872,265.3415161283755,277.74759221661935,279.614525996889,282.2442929346883,292.04067664190995,298.042969118261,302.27870059822783,307.257190678947,317.97145438885036,327.16966652656413,333.4946034731867,333.8117832020734,334.2968816109589,334.91043166684153,348.97785439000324,350.8242700330335,366.9403468206784,372.8732489669848,377.3877258535216,387.1430315587899,392.31140544237576,396.79066280815016
Barker_MC_07755,11.311200284359382,14.371369389214053,27.82370241196988,29.60944049481237,32.73975786271104,34.28860958384559,35.91784406040496,37.460972725428306,38.75192340616936,42.30538408926423,43.791063925071285,47.39352801727456,53.49288418726415,57.77812475160169,59.85258805950428,65.05491614730576,71.81992073296396,75.54629598949437,84.5104243387498,90.80169715192565,103.62599181720888,110.66757320578468,125.021225609555,128.7048221341388,147.39654866403225,149.02035345192735,150.80653871861188,160.01503749206893,164.9647240194594,170.22253782825618,172.30743499381106,176.58067562967088,177.58282091402955,179.0578053110537,187.45797974700932,194.25098008503343,198.2858955622885,216.6396837096258,226.14009896497544,229.3051227977413,231.7560579610507,242.2036883605814,243.59416844151548,247.53192947642367,252.27205641597584,257.0226726063439,258.5653081220354,261.5062853321656,264.27427591740155,276.9514673534054,278.85920004523115,281.54643641758804,291.5569047359859,297.6903679064797,302.0186646589018,307.105951837104,318.05344634486,327.33743650683806,333.7213567196383,334.0414943114307,334.5311165106425,334.9790299866435,349.4782096418161,351.18602790392646,366.03297658505943,371.7361097374253,378.3751379178001,387.5786878278374,392.4547407603075,396.6806533017816
Barker_MC_09348,11.471104117116356,14.619052263039976,27.904685984357105,29.528090412661214,32.65632069712014,34.40475222221572,36.0394054937303,37.224815890366465,38.03751148240105,41.436309412336286,44.27544883850446,47.45315651320116,54.033779504686784,57.863905468137,59.46941549393809,64.62072487353132,71.31938573977042,76.41873445031516,83.32223817170357,90.21735229082451,103.0970425977972,111.28971655988748,125.13935279179296,128.71368514645312,148.43491313063112,150.1803260361679,152.10028023225829,161.96609299296162,162.85602128129366,171.14170542634892,174.70536401959978,176.98531510878945,178.92473593176504,179.49065923012586,190.8191067336659,192.47439672250528,200.6276543235088,217.7950455154551,226.2348899367379,230.22956247561308,232.4960579637857,242.15747517184332,243.57764454091372,247.81856959867824,251.36754069476564,258.4879668293331,260.80013472542873,261.8334246203784,262.81413102965274,275.9593289893946,277.93748984741393,280.7239314861295,291.1039583540163,297.463851865283,301.95193725283247,307.2270328742175,318.5890093262421,329.5201795528349,337.0367448810599,337.4136817854252,337.9901735215132,338.43789325508806,348.99451801909413,350.69687863001303,365.86057851316,372.90177111368246,378.4280099756977,387.9413685199448,392.9815584771618,397.34972310674993
Barker_MC_08504,11.467390605798384,14.439009969268389,27.624792481432475,29.945800817321945,33.01640958892073,33.88839434911195,35.58972261136992,36.972742642406466,38.71133305153903,41.17380898195716,43.63853895399989,47.24668187399177,53.960239021282405,57.65135045868411,59.11709597524975,64.72244022805768,72.0115190663098,75.93131709857781,82.8710582371333,90.14836726039927,102.94047503781708,108.45261374972776,125.1739150296114,129.2917014075683,147.25939013926754,149.0152087505141,150.94660922288526,160.87924314370932,162.87168746727176,168.32426019272836,173.21275430004712,176.38585444519657,177.46378775648807,179.43472183874053,189.43790528847845,194.2192361985279,199.16256194235555,217.89188833989343,226.54730508710423,228.99270028688952,231.49538089253653,242.1635872030487,243.4692305307229,248.95968463714397,252.02819348287875,257.20534992195894,258.88649297228756,262.5675900965039,266.0189404947019,278.3176348782136,280.1684092757323,282.77541407223725,292.48700445921736,298.43734365124004,302.63641244561063,307.57181083899394,318.2080955487942,329.19024502157816,336.7418650444458,337.1205598538521,337.6997401505912,338.2547897190146,350.0025818970796,350.78285079155603,366.84376832805094,374.04223577822376,377.9176117455302,386.80598691407,391.5150598510446,395.59625639642275
Barker_MC_02413,11.3570151743778,14.697862269762012,28.235627030649127,29.830697564995653,32.87720977593706,33.437947791378186,35.43900913675117,37.520501086392855,38.56757351678059,41.342889196576465,44.07038502248229,47.7552393735255,54.188885260272,57.58933888957288,58.885151639071275,64.54102028500598,71.89580004511879,75.82601545373358,83.4121541253949,91.1630400548308,103.37675383734596,110.73744213911095,125.33902720666224,129.23045575075864,147.9067361999614,149.61145391531102,151.48664340219554,161.13810639872924,164.15636754350933,170.185637291284,173.99163475797533,175.57482208961017,176.96478032395186,178.71220912497995,191.3541529920873,194.9512191558287,200.29449299467467,217.17510156789336,227.05737141572848,229.4650301912815,231.87651538223355,242.155981916546,243.6291636779083,249.05669084962375,252.18372670366696,258.52756705503816,260.58755949385977,262.04456948196156,263.42270915885223,276.22655509684495,278.153347446737,280.86743129443454,290.97791158204035,297.1726525779301,301.544192210481,306.6823051435266,317.7344493998958,326.5147437637056,332.552309259307,332.85507803047284,333.31813615107944,333.8077467343127,348.7559821349138,350.96269157100835,367.8285057317107,371.728939079018,377.53476368926965,386.9569373072184,391.9488173697077,396.2751134238651
Barker_MC_01235,11.347828208122465,14.439805380658624,27.93274529343264,29.616567270220163,32.94787100586651,34.13870207599004,35.215305860129604,37.136467476479794,38.38627066843492,41.47657120893114,43.18453682948663,48.155590408963214,54.05797379807899,57.93143894306427,59.72164791751506,64.75390188972408,71.29774545814796,76.0969042560426,82.85802579871489,90.7872256931638,103.24810779705764,109.73394000184814,124.44040872342772,128.2092612768694,147.5404843515659,149.26541374422513,151.16283607615023,160.92361366798048,163.2762874436296,170.30284464456847,174.47044061914238,176.1852238952617,178.26130538846363,179.63232413737975,190.0226699522985,193.75065855766553,200.38244354674777,218.99315584579068,226.7200484937198,229.32954465888903,231.6698106020131,241.64569000363505,243.21591227715044,247.53541165611765,251.4510781703888,258.6432503492831,260.9787158538686,263.3925860174425,265.65217876291734,277.9603490176336,279.8125493957705,282.4215628316408,292.140635783585,298.0955595799607,302.29786366369075,307.23706467205585,317.86914191498664,327.29375638577636,333.77437363851004,334.0993603443993,334.59639883575943,335.1279941688042,349.0918794315816,351.3456180342508,366.6929724848159,371.8004378151065,378.7168819793542,387.8704280648575,392.7199889048592,396.9229416328608
Barker_MC_03453,11.372038642050502,14.721828687343631,28.348571845838062,29.77699329279061,32.7301407201464,33.74409289671962,34.94487862504632,38.08369357498067,38.615410514793645,42.02316699555207,43.080312243675806,47.13617019228097,54.15597380010244,57.588306416221215,58.78052414168685,64.35398275817849,71.60159814540334,75.26334185679455,84.02372341730936,91.35260329516798,103.20895295840148,111.12003387146748,126.06227848239006,130.04582233758302,148.1340996688385,149.9226728375156,151.89010332306032,162.01722077328716,165.30688944730005,170.7045213795123,172.31267006561612,176.4996953059451,178.90918456890606,179.53462983476967,191.57920391841748,193.6031295285132,198.86213316232548,214.84808136441475,225.30019576688255,229.03867087693664,231.579680831239,242.41127411101925,243.64293967993703,248.70479380148183,252.3136222915401,257.64128914788535,259.37130642965053,262.31400514108174,265.0790246454743,277.62054621642187,279.50786256933145,282.16634044278476,292.0696778645039,298.13750140772936,302.41947721916944,307.4523208269283,318.28978774908495,328.37484801434925,335.3096054786993,335.65736617750156,336.189235481552,336.71905921360735,349.33358130821455,351.0231053242472,366.2298062617872,372.06970107058265,377.23382259635014,386.9291530354484,392.0657519435798,396.51747099729386
Barker_MC_00468,11.54282041528686,14.664459764538728,27.606233467794475,30.14013844345188,32.59778358512058,33.38921039902736,35.7263286568459,37.01973840395556,38.58784267677763,40.88806250382903,43.06548478449612,48.00224245878433,54.04292298015071,57.61492705055608,59.13456571018302,64.76909037433634,72.09611484255093,75.88584540332427,82.37364084995053,90.0002993704615,103.8974749357278,110.30241682458228,125.85581346606176,129.5030220241244,147.5384685626941,149.22638576037488,151.08309467782362,160.64226769277127,164.0184887033629,170.58844526034008,175.037736841775,175.29981345980923,177.4739966725076,179.32599051045727,191.19464170464957,193.98827526514177,197.26127666281283,216.7228660139487,225.35610970069473,229.03078743442217,231.5771774207784,242.4317042270257,244.1044630259788,248.61330942122896,252.31604825808287,258.10990340422006,259.9913028612682,262.9576033399369,265.74062693346104,278.1244696315332,279.98805761036925,282.6131116450739,292.39193888885904,298.38347443371924,302.6116149018313,307.5811828453942,318.28177704752585,328.16199128544446,334.95589113667035,335.29658817935723,335.81765424464294,336.3168050164045,349.60219821729186,350.903632003849,366.8074661047965,372.0873940008128,378.4289021804968,387.98330550344934,393.0452410387884,397.43225183608234
Barker_MC_04382,11.412510229316164,14.574773326486952,27.607821027126977,29.87035126818251,32.8044929958156,33.55972229830596,35.57367494721219,36.8410727881241,38.23182056245865,41.63994109525903,43.57946544845784,47.04551043289943,53.61069899343028,57.68236670508968,59.48392100283662,64.6791485859831,71.43491981577813,76.059203453131,84.36283914472753,90.08072178485966,103.3189594107852,111.11583180953312,126.37034649298607,130.0683473272807,147.36872017158876,149.08283832138233,150.96836828615517,160.6814733919216,164.87071621125926,167.91849315829677,174.62790734957588,176.78544947490087,177.14369574161034,178.25013401305216,187.08856556201795,192.38082123364163,198.40111827957884,218.80815258100685,225.6780994060152,229.2190929969986,231.7910607135027,242.75461801351585,244.34327562975704,249.10612741469143,251.4823147502834,258.5419023583605,260.83431457057736,263.4774161496324,265.95141111135905,278.3314378564837,280.19445158997326,282.818696741448,292.59451074083444,298.5842000560323,302.8110376664228,307.7790742890618,318.4668235583809,327.13846142621514,333.10131180592265,333.4003338013652,333.85766155910085,334.3135514003214,348.76702924668757,351.0700114185883,366.93124830392304,374.0035621228972,378.345300256708,387.8234305443592,392.8449565245718,397.1969457074226
Barker_MC_07696,11.307559744182171,14.424872916451966,28.21669882291009,30.00533695660951,33.264906109700334,34.16549828620695,35.194260919839515,37.70265748657671,38.39829570913014,42.183011086752806,43.53980560454578,46.98609827687587,53.87969764266704,57.40660335361597,58.701753527686314,64.31735766050852,71.61977824387428,76.04107157998746,82.4883155484368,91.11206370075713,102.89756868877028,109.44238239586022,125.57763311620404,129.6777738363548,147.42460230840894,149.12062151031577,150.98624263241322,160.582102694058,162.7137338606371,168.34314346900305,171.51254787766874,175.58645367790754,176.73507377143233,178.91878660507342,187.9296130475065,192.99268060389144,197.12521716366,216.2982571451688,227.71061498596757,229.59943634569427,232.1062765492684,242.79221402721555,244.1940234860385,248.75796546687437,251.78015026966415,257.0298909640504,258.73460380945994,261.0134868288089,263.16401605417116,276.1346095369518,278.08649496397214,280.83592497407614,291.0780764620971,297.3534930500444,301.78196428769286,306.9869920930805,318.1953107472211,328.6353928619469,335.81427285564274,336.174275687185,336.72486825307317,337.17914956394947,349.36882517226377,351.33795041769554,366.0047442053501,372.7696651951452,378.95237257847214,388.24855238971406,393.17368076653094,397.44212535977226
Barker_MC_03691,11.329163734219671,14.482390521238482,27.79162429682535,29.675099934712865,32.76102236687991,34.04912876517708,34.91346943729465,36.85214720984414,38.44963590776222,41.73946247927782,43.53589155404922,47.27675301950669,53.752647429401414,57.3609644845703,58.813102730581846,64.26882233795887,71.36333224565065,75.34083483098988,82.44113239082466,90.86966747234621,103.51274644859788,110.49868902540018,126.12779526097594,130.3168867853282,146.94107948542307,148.78335207921037,150.80985193237635,161.23335517733625,163.5707611863481,169.80176859920127,172.10593788676883,175.58866479642302,177.64733582805331,179.02696708857815,188.3848195020834,193.90369915989967,198.12752750725045,214.72484606750584,226.4970362616395,230.3394704297536,232.6801430279636,242.65775588304527,243.84238675180248,247.6531889857898,251.60000121041537,257.72867562810984,259.71879868625416,261.6752888851337,263.52006541309055,276.47335792061165,278.4226398028114,281.1684024540821,291.3968923305713,297.6639383819448,302.0865026523121,307.2845876715115,318.4789166108681,329.0263667553071,336.2790758809963,336.64278105839077,337.19903603558225,337.77325310620034,349.1649995900693,351.3090617391645,366.3887521753422,373.23991605945133,377.1858686311224,386.3325390256341,391.1784571154416,395.3782527932747
Barker_MC_02633,11.461950515466976,14.40182145364747,27.98185150413604,29.623406713020113,33.0430537274616,33.649463496793416,35.027390117591736,37.40480502047795,38.5936632902059,40.9773184677442,43.83588446341087,47.47585870974429,53.98700317272036,57.58691306833594,59.02448451528366,64.30313986098336,71.16739890368032,75.66804855729494,82.58196703838122,91.0980155902083,104.22270132351017,110.63371532880484,126.06936112973864,130.12800225717567,148.786029845045,150.49558124737462,152.37608778993717,162.04783033743055,164.10311584421785,170.91175340015243,172.74333511542892,175.1349768261864,178.2741289524541,178.74679103989388,188.39725962444425,190.9998951543858,197.57295383563113,217.99760171530755,227.70317919750076,229.9752474364379,232.403164775276,242.75267682134,243.9677092043502,249.0137700157532,252.27240158529497,258.76816445821333,260.8774896715595,262.76508941009575,264.54116805308246,277.07153024121067,278.95716726952116,281.61327964273283,291.50780512462046,297.57022954897377,301.84839527987197,306.8767606887001,317.71520975280816,329.1328923794432,336.9839966602327,337.37770985425465,337.97985944511163,338.42648517945264,349.1050912452292,350.54919457966366,365.8906568662424,372.66850992336754,377.4869253705102,387.0606823430705,392.1328714676057,396.5287687088696
Barker_MC_09160,11.47746856037665,14.654325716442967,27.87176848346916,29.59540473616912,33.006039847357044,34.15718224338961,35.830209256000266,37.29710640024658,38.79735213876686,41.27238085733059,43.210818575128854,47.18344478872787,54.08422188246447,57.54929251909424,58.793812612433975,64.45823743855777,71.82414348621685,76.23623220862363,82.51207425208557,90.39498664131955,102.59885588324782,108.29002188491889,124.66447454899875,128.15153258409288,147.5301941379382,149.2315377031441,151.10301562487055,160.7341602112187,163.57985051012326,168.89889800929683,173.52963241861775,176.90159970582778,178.6808929322143,180.16359227650435,190.58235427159912,192.4109784265943,199.0232667280299,215.1196313296664,227.6070502059967,229.41622627769345,231.9384418386888,242.68992003513503,243.98888617003843,247.81077713588553,251.64197124342917,258.78654684896895,261.10655663969766,262.86871608108265,264.5237436512589,277.04230732340284,278.9261688468808,281.579780240167,291.464989094546,297.5217051754054,301.79584261039304,306.81947333966764,317.63130670177554,326.96619917468144,333.38512117937734,333.7070140232707,334.1993207256957,334.70299556758124,349.472202050002,350.8420473892435,366.82246676815834,373.1744158928536,379.09147940329086,387.4068107175383,391.8122842615104,395.630361332953
Barker_MC_00709,11.463230827407472,14.74701864416872,28.09994066605108,29.491696157804935,32.96431755544513,33.39930401552575,35.22894352652159,38.04204364092322,38.46768559326203,41.38477500265745,43.810158650956,47.75562102552384,53.643450688067155,57.30490354407501,58.92899568910955,64.24484535942892,71.15747116646018,75.25305152465393,83.57732057463777,90.52158325189349,103.40933093721036,109.69941384522468,125.70509897565066,129.88152475255845,147.02239586894876,148.84020731139043,150.83979989807617,161.13326339569545,164.58574982915528,167.94865947151055,172.38771644815645,174.91211462319447,178.38950115063804,179.36464683054817,190.35894865155092,193.86736902683995,198.6721119792954,218.39453934808577,226.20357390834812,230.24242266985172,232.6906524656065,243.12675066276455,244.12199682222823,248.32459225372463,252.0307153185947,258.6988522561394,260.8641513354896,261.7492870784877,262.5948373434693,275.6554063684742,277.62083180427584,280.3893342998675,290.70253443611733,297.02148288025404,301.4806739227719,306.72180841824314,318.00736961547744,328.45569334794465,335.6402404986675,336.000527523925,336.5515547390246,336.92933600164565,348.9625831629232,351.1870543081297,366.8316407394903,373.1768346157043,378.5232101631113,387.18363878191326,391.771945334921,395.7484776808609
Barker_MC_02934,11.534917597800334,14.651302662668542,27.830088444660237,29.832681965638365,32.54581196347625,34.41772289645224,35.40222486438745,37.96225676906198,39.037389800122945,41.46485545525413,44.04532095068359,47.6627576526665,54.078648378850374,57.81637596273419,59.384756225107076,64.63611844157543,71.46488603865596,75.39002439651993,82.50446766968136,90.70205731306179,102.59896079038704,109.91380971191822,125.71140681816358,129.76412259580235,146.26862154003126,148.0597478486525,150.0299867881358,160.1848960008872,165.3074055008541,169.99855765527082,174.36798962708914,175.74565630883808,176.87195854022406,178.40564071737825,188.67442293999852,192.82622123890565,197.50444427641057,215.97384659740132,227.9560041022493,230.3053645479365,232.70631696344068,242.9408853108864,244.40226652293603,249.05989918755915,252.06219847166253,258.65120443334064,260.7908078452508,261.7273386369295,262.6209086730995,275.6234366668907,277.58012777275246,280.33632707240724,290.60369545585405,296.89456255964626,301.3339370041284,306.55177995309316,317.7874036412309,328.21649331052765,335.3878146044254,335.7474383861253,336.2974512287251,336.88392885650563,349.1789294204871,350.65867310688014,366.39736651588817,373.65805273069213,377.553449031077,387.43941572084105,392.67701396707366,397.2162657804753
Barker_MC_04903,11.4752600970767,14.357722252478093,28.12332208770951,29.58782790877305,32.5788883697707,33.679003028825285,35.9340326651023,37.04907721435125,38.53452696135206,42.219313440704525,43.67727809142594,48.183843847236794,53.76917800860542,57.627588522456755,59.47558788946608,64.95337823105355,72.07658848513306,75.94219071051751,83.27164400838404,90.20261516605626,102.82211605003906,108.6606670064968,124.49733188853044,128.2968809887468,147.38226161102517,149.18380913682716,151.16551141520927,161.3606913858047,163.93396870301035,169.0922430717215,171.56037402001718,176.325989266432,177.12257953589756,178.38924328301715,192.0798389608612,192.96700957040548,198.59061249442397,215.98009207087463,225.7827540616804,229.08331571728527,231.5516846580269,242.07363022745912,243.50091672432143,249.0035681879496,251.7934314061923,256.9610007954744,258.63903070786114,261.62140303025177,264.42484293448723,277.0550498289745,278.95571203154293,281.63298889752656,291.60635615401486,297.71708732141246,302.02934242616465,307.09777496634723,318.0104395860326,327.98528626988013,334.8442579246962,335.1882181551737,335.71427497825687,336.3063378489148,349.44712353632815,350.80322445201665,367.51310900454536,373.105370868123,378.6357394521066,387.5377314325495,392.254018574506,396.3414674308683
Barker_MC_09534,11.290891714424513,14.626022372271576,27.703694197455423,29.6259468725588,32.799013981399064,34.03331444318605,35.644438627934335,37.12098216683416,38.29848597531716,40.96675056724624,43.04577745990243,48.091407124671264,53.746635612236894,57.5762905513981,59.38613065082962,64.63773345221948,71.46681390117512,75.89938657993322,83.44498965933273,90.43352329703875,103.19299468807677,109.44241692556784,125.602598403104,129.1099031468174,147.10762815325214,148.9939090881854,151.06881811661194,161.74347728652188,164.43262682837647,169.5140627246913,173.64409753562384,175.2533840909209,178.84191980719308,179.56105466741153,190.6091865449548,194.03409034986868,199.7988220602725,218.6716195582308,226.1083725486349,229.95829282804377,232.4766778521142,243.21182757336345,244.62630054522543,248.41090544942543,251.97579466166783,257.80821174625754,259.7021331611796,262.4140493834913,264.9610041383367,277.4845051225553,279.36910963959787,282.023767615217,291.91287518851584,297.9719800336313,302.2478031852012,307.2734152306481,318.09436068213,328.04505480362593,334.88741850988777,335.23054589338767,335.7553289505051,336.18308417203326,348.65659631542604,351.45462788361834,367.6008227890496,373.914802901942,377.86548134950726,387.57530223601253,392.719578202373,397.17795070655205
Barker_MC_09763,11.352842652575395,14.53102719756676,28.25288297646336,29.914806919954657,33.00169042770299,33.83358617786044,34.92843028309059,37.77672981284238,38.42715348461086,42.492402392914435,43.68578955149574,47.085666565800395,54.1377546190912,57.86634042755199,59.28721291115459,64.6427821858207,71.60705858101389,75.56740179329793,83.1325573847557,90.72498399772573,103.71574496128017,108.63095152266688,125.87376573626278,129.79052266699276,148.05227224098627,149.7661818409688,151.65148240094956,161.35206770703735,163.9864929551812,170.4829575502035,172.40753893780237,175.44392404140123,177.07077987899018,178.2824148424158,187.39997097846225,194.1563615038364,197.02522032399887,215.6325611336672,225.9662350443704,229.80811787160775,232.36987077670383,243.28988527893537,244.22766668623865,247.40304178145817,251.97479383119853,256.73303715763154,258.2781493817131,261.71239560154453,264.9385799351422,277.5376246336416,279.4335973795323,282.1042686667547,292.053028881751,298.1486831938082,302.45029877857104,307.5062261009462,318.39810081151165,329.1229249800694,336.4976012339052,336.8674227569589,337.4330321451587,337.99088782603684,349.40309612904343,351.5984022809006,367.7970589777317,373.372504537851,378.7235337482698,387.4147172560765,392.0193177900138,396.0099715860928
Barker_MC_03533,11.521800153920292,14.419053467525524,27.92322651169211,29.564326303787237,32.91115770414387,34.30042937471827,34.791986656190474,36.97087525935509,38.53940574416917,41.958527318245224,43.23334876632894,46.96299096070056,53.91602928742622,57.64550010554548,59.08907711227502,64.57435152614761,71.70729391985265,75.7539140389995,83.69376751801016,90.45531299482973,103.39889334441976,108.9415087176058,124.99701128041112,129.02866771738314,148.10238890066978,149.7075957121892,151.47332320486052,160.56512322838842,163.91852032477126,171.24147163989642,173.1114296553415,174.60978537746576,178.75171885415068,179.58918958903377,192.7066466731557,193.78031652356512,199.20967763962136,215.9313859042515,226.705575447042,230.19345433951423,232.46579384832935,242.15212243251577,243.69496949116964,248.57054152322144,251.51074548266376,258.03917306706575,260.15910527159474,261.59074298290307,262.9446354569402,275.86164770008776,277.8054699308526,280.543542105371,290.7433834883095,296.99287646679034,301.40305378605274,306.5865797347592,317.73684484231273,326.64990788251447,332.77876867486407,333.08611567625036,333.55617579601756,334.0672163176592,348.81457189894894,351.30196668459877,366.7676829317776,372.50940946579186,377.3975471413158,387.3987974534796,392.6974731155532,397.28965868935035
Barker_MC_03636,11.533289447468832,14.694688673466652,28.189629705603128,29.761586303223563,32.545885245569174,34.087129629004174,35.57391002417111,37.26647937108402,38.841092814535024,41.88479598299336,43.93388964332924,47.60793968303502,53.748752198443675,57.648895616304266,59.407326417418595,64.57436794738214,71.29348659090888,76.32051817581099,84.57856047255277,90.37041888523508,103.77483078124348,109.53855639810452,125.51874978197158,128.9111358092226,147.53540251752457,149.13703186377833,150.89882414465742,159.9721688023496,163.56583655814154,167.9306278402792,173.52167919811052,176.45292023091153,178.9745975015736,179.35435551103984,187.3174244330755,192.40193560644343,196.91491493502136,215.31291544313547,226.18098078318627,228.96142358434625,231.5673355928909,242.6755876293144,244.03143447079407,248.85865790294483,251.61270376144137,258.05558780336236,260.1477420309972,262.74849835018057,265.1865195896095,277.42302866481094,279.2644450790403,281.85826820015905,291.52075433073884,297.44100710336875,301.61884434425474,306.52928811553295,317.1075554818446,327.4991172752869,334.64463339694396,335.0029631139592,335.550996798806,336.0471870116362,349.03790498592656,351.47391220768816,366.84757394791046,372.13419362713097,377.8221919343586,387.5871004041348,392.76056184507576,397.2442284272246
Barker_MC_02312,11.38037596128615,14.801484222483532,28.331664882432644,29.779102955300715,32.796679640533384,34.10649047677495,35.33887252818482,37.96841622921185,38.73966530284695,41.132169603124886,43.14926281356236,47.930668523649544,53.61030398892567,57.30750786207141,59.006411327420835,64.64483731185412,71.97693497982438,75.3637797007543,83.76797024836382,90.0887286403124,103.8182747996008,108.4857802632592,126.1609507516022,130.30975320562987,146.71695092189327,148.5920817552809,150.65472567200723,161.26567898023507,163.85581863178547,169.21108500692424,174.86235764718393,176.2555175433467,177.01163382487104,179.75067007505675,187.89994261577417,190.35480808807964,198.4905409717543,216.82309735539445,228.00097379761164,229.89795365996207,232.2239795576391,242.13915774858424,243.73076662021708,248.4931751456514,251.83574921312484,257.0937970124143,258.80120736790315,261.7852809922534,264.5885896715754,277.0041559467868,278.87251786198846,281.5042964737243,291.30817405026664,297.3150580572055,301.5540297142761,306.536328154814,317.2675829626535,327.583340130149,334.67673096134763,335.032446725744,335.5764826007032,336.21086746238313,349.8645535036524,351.23952450616633,367.79858763874734,371.83280737853846,377.5962591846665,386.9698646098423,391.93601317947184,396.24000860648414
Barker_MC_04476,11.477010184433166,14.666916959843745,28.232643256932302,29.448895404812987,33.11760547934166,33.831931651899076,35.94257654822539,37.98340057898656,38.58510382214142,42.32350267668063,43.98930830612161,47.762483227606275,53.999672255005926,57.7956054561152,59.44982635585854,64.73255518054603,71.60211129477844,75.84541759099628,84.74256148915246,90.97050671901641,104.31006947384208,108.73344498070524,125.43662647221218,129.59623899857814,146.75289103531534,148.37735891739732,150.1642735876874,159.3710714777094,163.5741083582119,169.15492107438988,172.2810395400415,177.51253391817707,178.90485449072955,178.94520796869574,188.27351754540732,191.2610437950161,198.93500701793872,217.9310349952933,226.99508703959413,230.11753356984784,232.34821214422405,241.85695216889548,243.22884894776575,247.9175188536335,251.85355216405253,256.4917743428002,257.9979129100688,261.83604529609175,265.4366337347281,277.659205845865,279.4985249499681,282.08939379553277,291.7408746858804,297.6543844936959,301.82746332128477,306.73231426555975,317.29666763982925,327.44082068359114,334.4162119246363,334.76601030545567,335.30099606435584,335.93018723545,349.32703993869546,351.37192887582717,367.6077104214918,371.9728131228582,378.3575265284095,387.2130804558848,391.9047646558717,395.97089096252694
Barker_MC_00113,11.488213708936986,14.469746603596828,27.99305483692281,29.81787621314095,32.71873677051399,33.272309103055214,35.03923634192362,37.910037241393304,38.81307548295262,41.64468465023114,43.70895620857373,47.0713296573596,53.37850483501128,57.22556426952334,58.90505274570978,64.58431682749462,71.96951954981557,75.71230005285952,82.44663219635311,90.41076320250096,103.3332466761605,108.76843582834098,125.32426608320272,128.8937713758577,146.69125394885793,148.4410387359857,150.3658020018262,160.27833134233293,164.18708604846702,169.69981236934163,172.57837908594706,176.92643418537614,178.5644376462688,179.15768655596167,189.15179633302995,193.37234189024267,198.98746649830315,216.4803206326764,226.80953582044825,229.22770750140597,231.66028276925783,242.0296502245924,243.38298920807895,248.0563636233568,252.0593678394252,258.8605911344992,261.0691064480287,262.5063876010573,263.8619026979132,276.4307373694233,278.3221639462039,280.9864314898412,290.9113365378945,296.9923746718452,301.2836758299175,306.3274800346659,317.1992815804309,328.661458459413,336.5431581794432,336.9384056580288,337.5429018017479,337.90854233121615,348.76082773082476,351.38840987091595,367.5748915823502,372.44528564488735,378.2318415803736,386.97218370875174,391.60282854497854,395.61605406970847
Barker_MC_01743,11.4374077429516,14.553327098723177,28.15532856243215,29.436205126306763,33.04235123618913,34.01875163148218,35.613058565327854,37.68262950012946,38.83041239960407,41.79110919162474,43.57486120011512,47.090059781562594,53.814600731949994,57.35141326476134,58.69171071910164,64.23102039264242,71.4342291696422,75.10632846543454,84.80222741807032,90.48346061745629,104.33919976501326,109.66473679857008,125.8879561345841,130.15501197146008,147.96787222459685,149.74396256034336,151.69766192966446,161.73854519046048,162.87286996750254,171.19561954962148,171.51817538100676,175.42286785958058,177.4784674806343,177.7533391443848,189.99381612533472,193.60997396609253,197.56816866443071,216.32315218913251,226.9085449738519,229.21398452869545,231.6916224783457,242.253079162024,243.7817118532935,247.9078481870282,251.48278537759256,258.6444453725454,260.97000286168134,262.77126665930984,264.46370447572536,277.2084188315389,279.12631273945254,281.82786222264286,291.89164961040495,298.0577816369232,302.40913233122205,307.5235160856585,318.5219965772659,326.93067399879465,332.71270573489653,333.0026601287423,333.44611978991827,334.0354311170393,349.5052664869308,351.5006396063095,367.02154512659735,373.63733626292776,378.86086227841395,387.34295925977017,391.83678547505826,395.7314348616412
Barker_MC_03228,11.354193165242243,14.580157674264385,28.00139138173187,29.51222304073033,32.88248747918229,33.562278930184306,35.56274933867039,36.868360993052015,38.349745053172285,42.39487715283264,43.219985518939374,47.21609147196765,53.7951492199041,57.92642438717102,59.772668945641136,65.00337713141748,71.80528663535476,76.2823242100008,84.27544914633172,90.26321513430199,104.26088858303504,110.73995323369655,125.05049884849475,128.8050875578612,148.40463422049982,150.06448538933645,151.89032167505664,161.29038067686548,164.58745815234624,169.79494157960252,174.41028045752742,176.94954376346018,178.61866104785577,179.97943856881852,188.58848849457095,192.94954381035907,199.41216108926093,218.33605587735784,228.2033599413872,229.8726759927079,232.3848126205383,243.0933272290014,244.559241053281,248.90566980922924,251.62061507851968,258.3891998396004,260.58711666238673,262.3764516208921,264.0609288370819,276.9013183578661,278.8336099847802,281.55544012591736,291.6947768348861,297.9071983020617,302.2912147889314,307.4439924607024,318.5443564109577,329.45525797562055,336.95788602921226,337.3341240142006,337.90954681477103,338.2833740073072,349.66648880154855,351.37777942829865,367.45663352019665,372.3495854768138,379.0691271710813,388.3834290927654,393.3181585876975,397.5949241499719
Barker_MC_09701,11.31056315465984,14.670289981796245,27.80219226752543,29.677168779363047,33.02718127707581,33.75058825600019,35.110140210260575,37.3404966129714,38.53647342568289,41.18650276898932,43.48713147636881,47.596126733450554,54.19174140421317,58.18348976706864,59.91490311362432,65.06896088885289,71.77119571443528,75.45450516140099,83.76872431396015,90.9901783680344,103.16590853224528,109.18483234664474,124.8440329326851,128.06949672194517,147.86563091411438,149.39142396597774,151.06979632302733,159.7295862693375,165.3551803379258,168.97612549622275,172.09848435908026,175.63568060651738,176.81083508062548,177.06406501686504,188.25039666765355,193.6971259721973,197.06423221987532,216.05645723106252,226.33556143652947,230.26902100276257,232.5289606445837,242.1624321686178,243.67140608211068,247.8812415913544,252.22755716466813,256.6804593869466,258.12642025617356,261.6878333261759,265.03349363102154,277.4744433925043,279.3466251527274,281.9837844063751,291.80770590087934,297.8268709149301,302.0745091021031,307.06699379603145,317.82470297652975,328.73156531508533,336.231415888656,336.6075145899855,337.1827243684894,337.611403909011,349.89612619977777,351.8578575160055,367.45161495057874,373.39529354485046,378.99039821578293,388.3866038616045,393.3647260580662,397.67909862833307
Barker_MC_04448,11.449264412428276,14.60075283699889,27.95537237071712,29.838399070816013,33.0443145837612,33.71837810491409,35.02682824645786,37.82374797622348,38.94526573919696,41.3325191880612,43.77594045234058,47.61671524755739,54.15905470001098,57.49134378230416,58.70899504760613,64.51828793949039,72.07257755555281,76.08141497280305,83.22401086463704,90.47302540724621,103.1872429778424,110.53554366024828,125.13454403187934,128.51362717709955,147.88796576555438,149.703143267186,151.6998385189807,161.97597562937116,165.09286631027686,170.5197747572852,172.5681893545901,175.79784408639392,177.02205788706277,177.67409427001286,190.6179199443665,192.5071119699256,197.8216646137386,217.19277451802168,226.2828354453329,229.9430676094352,232.2410586847056,242.03673250556153,243.71249165351475,248.63513104663303,251.7527625516878,258.2742884727942,260.39197954680657,262.6648005926691,264.79853552231833,277.26013150939616,279.13542022589814,281.77695594484186,291.6171806077771,297.6463346533051,301.90102195633654,306.9017918670085,317.6729124774063,328.0370838153821,335.1637655264851,335.52115074503604,336.0677399028197,336.51694890517865,349.4369786630048,350.7011110824177,366.08850751445755,372.89341493900514,377.51332865585795,386.8906609729042,391.85878405478286,396.1644907257444
Barker_MC_06021,11.495324180283156,14.392639552308331,27.95127389705492,29.907667826769487,32.88102384300613,34.30386602051736,34.91885263901855,36.926993839348306,38.22772964856933,41.84549636360131,44.04270950785629,47.245975429877745,53.955548989911726,57.43633173908137,58.73512788158796,64.23843252312018,71.39482106838263,75.699308649779,83.19404525410924,90.28047357464224,103.56064119773912,108.4341246480633,125.63774455019254,129.15763263055362,147.46073580575032,149.28336836155438,151.28826417293877,161.5916082483158,162.6652831474776,169.76814121920708,173.13343375110884,176.59647203092155,177.16664355142328,179.10148117316356,190.26812221828672,193.36886887908867,197.3569524927293,217.45513362150388,226.63220509262987,229.30860370399316,231.9242082916392,243.07377699999455,244.543057453675,248.2873421697019,251.89899273408597,256.74253475917084,258.31534545366327,261.0004069199947,263.5310276603447,276.44256152349016,278.385559337847,281.12247023763996,291.3179856506092,297.56482808601453,301.9731349551468,307.15446246009833,318.3166123994401,329.3236439568305,336.8923735672875,337.27192637961133,337.85241891610656,338.2874396772767,349.670818829956,351.14241552017734,366.8237423115368,372.3182707408307,378.6643100254176,387.96963028234734,392.89960127939605,397.1722428101718
Barker_MC_02734,11.538757647287971,14.688260791334072,28.171683893717617,29.74617684579092,33.193876893839196,34.35846004067613,35.94738934866832,37.542774907513575,38.46066654216954,41.658460715598146,43.100728982179795,47.140754750654665,53.74489819551235,57.84344845243428,59.65809109948473,64.85834925646368,71.62066214500666,75.92787822109833,83.93844250009386,89.98910486406713,103.25878888377493,110.38663713781077,125.72245006918128,129.48868981260426,146.09610730528073,147.81370379069335,149.70305992464714,159.42849401465344,162.61437678673684,169.34725487690616,172.24206240517483,175.75207309939657,177.8302031984213,178.25394560183622,190.49703035543368,194.54399345182208,200.652225760507,217.05273577476785,226.96811543948155,230.33658872802545,232.65036606548335,242.51333217346075,243.74712963508665,248.2286413425097,251.69951772960707,257.10095224958917,258.8549236066313,261.8191934962281,264.603470051305,277.0857907078776,278.9641981853229,281.61012699763853,291.46671677176056,297.5058978013968,301.7676610029128,306.7767476094338,317.5719671604098,328.7344070270461,336.40999955197435,336.79491127151357,337.3835997837499,337.85085770332466,349.87330015753275,351.3189619745926,367.28378666563447,372.4360613684329,378.5202075143452,388.02110685303086,393.05469590663904,397.41713975309955
Barker_MC_09531,11.412023993642844,14.700493390603436,28.284573277867015,29.710145732634132,32.53615677416399,33.35478045353962,34.85846875008118,37.98686906032287,38.43137989107999,40.960565794113194,43.78835164614691,47.87604498626715,54.002869405294064,57.569821169822305,59.06600268305522,64.39281646588118,71.3196997880351,75.4286505496927,84.71909171128475,90.18248356309373,103.3826525720836,110.06409011267806,125.31713431401997,128.8552728972172,147.54253368006815,149.32364657707197,151.28287076377606,161.3545572963228,162.8223220278419,168.85899216789596,173.62736290832143,176.42092322181475,176.859124291297,178.58935354588067,187.2377538313438,190.48858294988815,197.1859550124003,216.52745245153395,226.43006357104352,228.8079318801715,231.26069986125492,241.71614303485612,243.3385354633863,248.9198464481964,251.68018244552613,258.7886674292398,261.0969577560545,263.44365714199193,265.64122182619275,277.9234819956696,279.7717832833092,282.3753044519201,292.07391766018014,298.0163056709788,302.2097634311077,307.1385668648136,317.749167492532,327.2682249500594,333.8137837291705,334.1420270897749,334.6440463471698,335.2173319476127,349.1014673497789,350.4210856278101,366.16807603566775,372.3266540426059,378.6759025164597,387.6183668523533,392.3560963018333,396.4621284913826
Barker_MC_03443,11.46749938584082,14.579971108087712,28.144322233157112,29.66091138254482,32.61016998392189,33.65677602912069,34.94333192317334,37.24798078164034,38.534551381925205,42.070105347039096,43.371748102489015,47.69298002545259,53.6742932176012,57.2377454275911,58.763390785590914,64.38731774265446,71.70056116210591,75.80800091902881,84.79461054121894,90.95405505088519,103.32749634464903,109.60423853120189,124.72913983335954,128.44606532288978,147.080165368625,148.83163595524843,150.7582536005342,160.66845261581847,162.95231809530017,168.9164799430059,173.06446416266894,176.04205959932773,177.16610949113849,179.20602460415753,190.89602810238233,192.0690541593837,199.02281996576136,216.85107884687423,225.7511183197172,228.9033567840885,231.58516993024912,243.0169666465101,244.38187695943392,248.62319187555735,251.9887427425629,258.60022500946036,260.74712700018716,261.81041569341784,262.82182102882257,275.8486281799292,277.808972945387,280.57031879780607,290.85685907246636,297.15947288829307,301.6071368185253,306.8347228597461,318.0781705608472,326.8656124690766,332.90809280759544,333.21110804581025,333.6745431160211,334.3051928187771,349.61756545330877,351.0477721573093,366.3413938273175,371.69507847701817,378.14178724673747,387.6855565450552,392.7418581600579,397.1239862263936
Barker_MC_01509,11.532164499262992,14.79143382903168,27.714042372798023,29.94194536905329,32.94943555720653,33.25983787060531,35.927340637108045,37.38271608035036,38.63448241926813,40.86600297008152,43.834328479056815,47.062990988058736,54.07730599743456,57.630702603501504,58.92029860484915,64.63891786987166,72.0752972943496,75.11775628645842,83.35336885242788,91.27779625078645,103.77136139841132,110.20855791013382,125.00458683205328,128.2532578683278,148.11991736773615,149.83518742693846,151.7219844920609,161.42311612802555,163.0789397732827,170.1313744756606,173.0231700146683,175.98930354533903,176.7216861338129,177.34985790703877,187.8923825435981,190.782986127496,199.2586094233541,218.09370708257669,226.59269673874812,229.86425787046252,232.1874864963771,242.09074072379244,243.7927501465936,249.29386772420057,251.91064955944643,256.67916250609346,258.2276095145987,260.5305681096405,262.7060223142536,275.5426102799955,277.4743298282381,280.19535413812844,290.33168897191814,296.54227117540813,300.924989720346,306.07624184899316,317.18029623741063,328.96889578210073,337.07505246698895,337.48155589956446,338.10326703173877,338.65570607551786,350.30247314698704,351.2945894221506,367.7292459434714,371.5809106601248,378.84025751757554,387.60335000934026,392.24604801822215,396.26971962591983
Barker_MC_03939,11.543951754333284,14.754010390752589,28.353313341239193,29.91559527550651,33.07348423453408,34.193599808539595,34.987386407324486,38.10424746864032,38.97471446306257,42.451440826038834,43.54971351945509,47.312049221768085,53.64267665224819,57.72678818283413,59.590098282905,64.88732814151196,71.77574111354078,75.61909802777724,84.83645531448637,90.35511336297884,103.7964950471608,110.578147995003,125.35117500450632,128.90377179854582,146.38783202104923,148.11173181896285,150.00802159666776,159.77210729453998,163.37556784139932,169.26618698431204,173.70946218779102,176.63339207352362,179.37181438713023,179.81767735157018,188.41526652988705,191.52956006311584,198.63331734774485,218.3114302877198,226.9744840075241,230.38555008943663,232.80747248462237,243.13142981325296,244.16867161373463,248.30046078971327,252.17204853786876,258.4866265129983,260.537116777985,261.51961735372345,262.4583046245276,275.56412752551284,277.53636301061255,280.3144581562907,290.66339274477093,297.0042358635324,301.4788776630598,306.73817228999235,318.0687456304384,329.29931130466525,337.02174895895104,337.4090098442692,338.0012911982852,338.4111217798989,349.6559177333001,351.8000008343912,367.4144594249325,371.9426454255844,377.22354181710625,386.8729392549932,391.9852027982445,396.4158312023957
Barker_MC_05783,11.409233801424609,14.598658847853756,27.879019551509053,29.47700213971799,32.92249864692526,33.62107587038755,35.21543676910097,37.82463279108096,38.77110121839929,42.08279443226744,43.27342008525084,48.06299526283238,54.32811209098352,58.157593586112434,59.83279189278677,64.98612852574617,71.68742559218005,75.8043076026542,84.08047920376367,90.81789643527996,103.58066469842076,110.1720097384772,124.71869674164726,128.50653846989735,147.62202373235013,149.13186564695314,150.79269175301638,159.36013303292893,164.6779085578554,169.67848630556674,174.05500699743095,175.19058263112453,178.66526353880843,179.26123277318692,189.71871476984256,191.0896867525754,198.31281844071145,216.03308321468188,226.86244892626533,229.4165660876247,231.95957120149689,242.799669271647,244.3077484313631,248.7926295753613,251.7781158692948,257.09522160507385,258.8218094454744,261.04478275799477,263.1418369885732,275.91109114388627,277.83267793424886,280.5394292195985,290.62259431311435,296.80059915524805,301.1603283247806,306.28455976574764,317.3142815000225,327.0098519726769,333.67678582709846,334.0111158433969,334.522444103618,335.0623784712708,349.38492908177767,351.2332859150617,366.1982334144284,372.89077513501354,377.62393415222414,387.494905999288,392.72455995799726,397.256926722212
Barker_MC_04143,11.277694130295966,14.54807535892253,28.114105427049054,30.0099471869759,33.239436166133196,33.894825018166564,35.52382284854933,36.86192466130467,38.5685571413855,41.408544720458515,43.14032642012284,47.94264914135445,54.316656773064864,58.157306716478935,59.81746693968999,65.14068662551578,72.06289625499267,75.8816409850929,83.31648325325885,91.03042050009776,102.91328449040732,109.98914447743412,125.3161733987458,128.68225994035055,146.80771868349098,148.52301339520469,150.40983757808968,160.11971221566805,162.9550047163274,167.92790988016498,172.3006996158216,175.09852787593195,177.7985177907117,178.2067075946623,188.92843356831025,193.4414061075123,197.1833344277454,217.3972325248002,226.12935150694932,228.9063996638836,231.49081267159792,242.50742066210887,244.1049637730852,249.0181365390098,252.20692179244304,256.84699925955573,258.3537402820868,262.2443708517628,265.8936670315883,278.09813805962045,279.9347332143243,282.5217650989072,292.1589525773533,298.0637047414013,302.2306034257295,307.1281905049398,317.67789602604404,327.9329728127231,334.9846381893645,335.33826152683616,335.8790972194399,336.4931241118349,349.37995643440024,350.8536891174063,367.33163970576,373.8359303734184,377.716415995299,387.4393704085251,392.5906045347376,397.05500744412177
Barker_MC_01181,11.393339674185675,14.553720146008152,28.246206895435392,29.78295954518467,32.70239511844393,34.39952877276433,35.821088357586795,37.204018261322055,38.54590812493672,41.557821294109274,43.586025948860744,47.64151863983478,54.09538806709104,58.08025417455033,59.83744034707495,65.16034036770867,72.08213431089014,75.11530721237334,83.95757017888052,90.18094152240975,103.56924200907882,108.8937616196264,125.56572662807248,129.33118763374657,147.84074306083215,149.388663248882,151.09137545573677,159.87408815790448,165.21633682228696,170.95823580942314,172.95687131996712,175.38311557417865,177.78538730377826,178.03900085194445,188.13894289324315,191.51671543134685,197.60025170055903,217.93803124440984,227.45583211518357,229.22582966821147,231.6300219581273,241.8784009566665,243.4762868822091,249.03997067892783,251.46437002398577,257.94528623659994,260.0497903942015,262.8898936042437,265.5508113114977,277.9045573874158,279.76361626291805,282.3822905929266,292.1373522192179,298.1143264533596,302.3321912139077,307.2896815485804,317.9593270651179,327.1914173422152,333.53964980455993,333.85799774514953,334.34488283075706,334.93046718093393,349.03450602979973,351.02090235663155,365.8606584240163,372.27336640327275,379.10677971032527,388.40920660272286,393.33764469141033,397.6089577016062
Barker_MC_02877,11.270754257695591,14.741380423966676,27.787411524628993,29.734781741336857,33.1944754963597,34.137938805528584,35.057080702084185,38.09759361976444,39.00011431869741,41.265408797321975,44.265513827463614,47.309183835684024,53.71814026045241,57.284777633115056,58.71821503014302,64.4125787079661,71.81741664642804,75.54980549090097,82.57483095056551,91.14287880152268,102.67106355113287,110.54326492049312,125.069887713997,128.39026219858766,147.59753481148186,149.4581612378621,151.50485030688026,162.02990718934936,164.0764495226631,170.307005962079,173.2775464269155,176.23035851195408,178.5743963145258,179.45756507779265,191.3091893352976,192.2596660800357,196.9882930353625,216.4457728931412,227.9171161497224,230.21070916367657,232.6088076416052,242.83121047548724,244.021574006884,248.07643008091,252.35147133062193,257.2874831444482,258.89032092901164,262.21254859425886,265.33134847779274,277.53538985175413,279.37192034977744,281.9588611588211,291.5957093635026,297.5002536528464,301.6670056429854,306.5644203043809,317.10593771695363,326.37367892215286,332.7464259172086,333.0660032001465,333.5547684564045,334.06082514802125,348.83941891377214,350.94569113632315,367.1293975579527,372.0994974214152,379.01134321575074,387.8363178257552,392.5118010628436,396.56388653498686
Barker_MC_03635,11.443458664334766,14.468878632141042,28.132586577979364,29.997372171107756,32.85837789641718,33.304796604945,35.34815760672555,36.83523729820956,38.630330225568656,42.315334339572985,44.14136627010025,47.56027510447867,53.810826427584,57.44890977714435,58.97424286666272,64.29070902853013,71.20413650898126,75.38451109296257,83.61945480340248,91.27248367332776,103.08478235140272,108.51276905172658,124.66766920366037,128.37387801759886,147.9877108806668,149.73892778507653,151.66526637992715,161.58225583952975,164.9934520069443,167.78792251447172,174.1702722644856,176.9101741693033,178.8535912252781,179.1810915882574,187.51056404437435,190.943277530121,197.17958819823983,215.31928528168575,228.05316221303093,229.6134230503376,232.02982887340505,242.3302706446161,243.63617606761497,248.28344760425944,251.7129881275863,258.1778625223255,260.2771575287352,262.0791161002003,263.7765892787691,276.4656073384517,278.37511976490873,281.0648630752946,291.0846702162737,297.2238553292917,301.5561899742643,306.6482231114832,317.6027210238371,326.4901162351048,332.6013271410271,332.90778904486393,333.3764954860261,334.0845912134731,350.3561139547183,351.3502031821918,367.81358680056746,372.0888220423765,377.5422767052364,386.4972667864778,391.24163239243336,395.353415917595
Barker_MC_05063,11.342733075257437,14.3666060435013,28.065959290981148,29.791660469820044,32.66104908776234,34.44405393136176,34.73840865543412,37.77926694074465,39.092512227002,41.41944906904556,43.05044344152786,48.01623212474304,53.76347190920087,57.229874224710365,58.72994846015445,64.12965676047406,71.15133067191628,75.44895531931849,83.80501543121494,90.33096240183349,102.63988517017904,108.93590991782187,124.92726961965047,128.36073413357315,147.85697849412264,149.60206687060673,151.5216640847391,161.39674776519303,163.8089112582671,171.07976324539874,173.82832921573936,177.56788157539373,178.13192627739113,180.15631902093708,187.9410648488358,194.6936199954241,200.80728720935463,216.7763950624509,225.50853821269152,230.07148850325615,232.41727773912,242.4167013462344,243.88252967477425,247.82230978757912,251.40371397822545,258.2761375630994,260.5077732659366,263.25167613988185,265.8202649383259,278.12487843742247,279.976543575636,282.5848030713992,292.30106745256285,298.25427042380863,302.45536014599213,307.39313384789494,318.02420534358237,327.7070424339798,334.36522047382704,334.6991114079787,335.2097681307988,335.6809918109385,349.23280443706574,350.56563711783554,367.374645055233,372.5925177576498,377.79382093626305,386.8419450817584,391.6356532383122,395.7902003073255
Barker_MC_07777,11.4077900844447,14.745270780537888,27.931193670464378,30.068776795722098,32.607065938925984,33.9536824213708,34.923324929779035,37.61280747065954,38.48413551422271,41.48544059351872,43.1299324072212,47.33432713389189,54.02152162312264,57.65346819314542,59.07803779853189,64.38642631388713,71.28934978252396,75.99073060833446,83.95913130351089,90.0278650050091,102.61385323890228,108.38724924532738,125.16112958477208,128.99930691560274,146.6197801957982,148.45597576971772,150.47579090102911,160.87369123094243,164.40710235844298,167.94136298783437,173.42277636126562,174.61132827937664,178.57045555183498,179.05903024176823,191.13013026673943,193.16733331283012,197.80336587108695,214.67163598113004,226.82945052807847,229.48197651490983,232.00815402910104,242.77652089044156,244.2387501172075,249.37925737201033,252.33670657401893,258.80624788377145,260.90705834597884,262.13075920387365,263.29073048180686,276.0186690415752,277.9340384364918,280.63203188524534,290.682572366098,296.8405879476041,301.1862109833827,306.29386270316024,317.29933357393185,328.4075450369155,336.045848659535,336.42889043412066,337.01471903054573,337.3946575715582,348.68641896262534,350.77388214931045,366.38412820723914,373.0228326782242,378.6349608380809,387.53983205238075,392.25764461624806,396.3464155049332
Barker_MC_06343,11.411547721505084,14.713910619446676,27.80216165454702,29.603081628307255,32.907731079297704,34.38495462584112,35.421579958186726,37.719422499504944,38.76959218934984,41.53336441686779,43.68924509682961,46.9639687952892,53.88929465013794,57.48447574459296,58.82690646469482,64.2131382944832,71.21728767010153,75.1356793015983,84.05473820615325,90.2519792324057,102.96608819670656,109.80303871636308,126.18265287397946,130.25452325498426,147.53260874154503,149.23944693162284,151.11696894070832,160.77913572197343,163.62272647838847,171.1395935832164,174.5315142894387,176.4004096119072,177.3829586957531,178.1988443955524,192.37174742751756,194.39971298036667,200.8378817854936,216.94013930001023,225.89314895154297,229.37311532109493,231.71834333114563,241.71537459432784,243.60032449523152,248.3530108228081,251.36946081646064,258.4282771464747,260.7204389067744,263.46006922237217,266.02269762310766,278.18430905382155,280.01445446329785,282.59240122288287,292.1957448769094,298.0797607632904,302.23202615468307,307.1124139132867,317.615685195399,326.6496481443874,332.8616429510954,333.1731589148537,333.64959509471913,334.31529751136816,349.9057317213476,351.4122303283537,367.66705735871807,373.3946445461378,378.4409618939055,387.41763587429546,392.1734896387404,396.29522956792607
Barker_MC_09833,11.454553340639658,14.376546188012815,28.13734552353443,29.783307803011347,32.75669215849211,34.11202589772269,35.186891280888965,38.02999892791687,39.17222489172158,41.32854661498627,43.95183183482099,48.14515926677039,54.238764767004824,57.688647206428755,59.098902365817175,64.46437248356803,71.44152373935049,75.95838857847876,84.33622031903833,90.1060388845256,103.21556780525128,109.77404546200746,126.0627215838572,129.7697249315738,148.35335858619806,150.0280572851587,151.87022585401536,161.3404883179481,162.76414528848073,168.7945707303208,171.47136009490734,176.82610617176218,177.57737780207836,180.0023621984624,187.99110787013976,192.1665776366615,197.3419829392733,218.44340934346553,226.880450350252,229.60370447973756,232.10745400251767,242.7802167987751,243.9127583401872,248.5070502991418,252.24513575705384,258.79365736143956,260.92011456138766,262.5439268298074,264.07464879584506,276.65745831537026,278.55098790325997,281.2182177528681,291.15415795598835,297.24195738371986,301.5380298895772,306.5874421239498,317.4723767221933,329.07925424243746,337.06045399773717,337.4606911536076,338.07281856846834,338.5295499546901,349.0463285692597,350.4316614432727,366.199699367636,371.99033642251845,377.1688440871126,387.3315467928171,392.71576014683274,397.3820783869796
Barker_MC_05004,11.299125733662084,14.502158062284684,27.605142535083917,29.685910956504404,32.70329618170152,34.280022131040646,35.79911181649375,37.29406984060511,38.15502910018048,41.98353139648459,44.13004294587195,46.995289397170325,53.53983957274183,57.27633232257609,58.81520371814197,64.53379084853499,71.9701284857761,75.87391094790934,83.3182931630991,91.35806846157256,103.60705187751478,110.50369621373166,124.81584299455513,128.22614291623643,147.4736236332467,149.00019674983272,150.67942717807733,159.32647355778525,162.60102237845487,170.23738202074003,173.40296441542552,174.88369189440127,176.73330067187482,177.16743025977547,187.91857458504785,191.75489907878676,198.8282335097782,215.0228906407898,227.58759845592795,229.4552621894667,231.9632498422051,242.65407856531877,243.99764574642097,248.1668790529568,251.34793119663155,256.7425595938814,258.4943208446489,261.39552486872014,264.12304029419835,276.9610487145649,278.8929820205424,281.61430743003757,291.7517639173173,297.963033363417,302.3462368855811,307.4980590348544,318.57729649296647,327.07855192593195,332.9242427814599,333.21738952052766,333.6657315920431,334.1642793201881,349.4416299307191,350.7259394995611,366.52840919893606,373.2227725049224,378.524086736852,387.3960620987603,392.0964463964602,396.1701127877999
Barker_MC_03849,11.353027887581488,14.450783420637643,27.607722615766452,29.873611000100485,32.522694632473,34.12630194119184,34.83976719650261,37.201146813714104,38.694314365534275,41.84764996993955,43.74291015230101,48.114481851721536,53.85019613294726,57.46897368173116,59.09280034181677,64.57689001733085,71.70829180069899,75.21941073144302,83.11519920002303,90.29492186090727,102.66589789322998,110.8002670749482,124.95068274849572,128.28218397748012,146.62968669487182,148.41124964452828,150.37096888915033,160.46056032748467,164.03436286335676,168.86457362877806,172.46803631741,174.9581877553816,176.95724824638194,178.92703804865695,187.61354616991252,193.8750692136429,199.29905429211945,216.68664297075844,226.65484162420037,230.27150575890735,232.59292449437308,242.4884636802988,244.1516311764125,248.26574051143405,251.9614550627703,256.777395100615,258.3412427881808,260.7551084693508,263.0339340126528,275.98054420625994,277.92882049753086,280.6731666712567,290.896379898571,297.1601929210444,301.5804756894119,306.7758791328012,317.9579321186071,327.6790879703067,334.36361501640425,334.69882728715254,335.2115048777087,335.72546198552357,349.54924601089937,351.0162108178353,367.04050709057674,372.6647894274093,377.596037392647,387.1186481780466,392.16373998488086,396.5361528841371
Barker_MC_07446,11.421758667137397,14.347781285270706,28.12613343049085,29.795857925762583,32.98633015417925,33.53612142102839,35.21590644326685,37.63333748273662,38.42706598568163,41.833350881676544,43.12600740180196,47.3195917665223,53.600380414773355,57.88246695062258,59.914617295735745,64.85718716660051,71.28440730285811,75.82743085396389,83.60909095864821,90.65552160734404,102.66299854576754,110.3937188940959,126.36145628203586,130.21577170758317,147.98376419368415,149.54666869984575,151.26586365662345,160.11983656396896,163.62760700969744,168.90059422139814,172.76625255550556,175.39892842589148,177.05361394463608,180.21222343350408,189.0481671226935,193.9616344027182,198.5050669064872,215.1175681209345,227.75854695248125,229.91296196474556,232.43492641089713,243.1853341771192,244.4271972054858,247.7027220507714,251.91703408671708,258.7514749268066,260.97077674941863,262.254245681544,263.4676133153512,276.24838414359476,278.1717040255148,280.8808965473594,290.97315571270383,297.15673253737185,301.52039377484664,306.64924679330034,317.69288795942236,327.8986827017591,334.9164604251915,335.2683843818238,335.8066210213791,336.3984213554023,349.43522774248174,350.72609953703426,366.6593583156858,372.84427317541616,378.68955903281454,387.85728369852495,392.7143563691,396.92381935026515
Barker_MC_02911,11.523657546619578,14.533282474664205,27.696432759859892,30.216626993510737,33.00546413527307,34.25085670712803,35.27635029108114,37.30089144364263,38.78218526549886,42.39250719041125,43.70509769325181,47.096034699492705,53.980887967383545,58.10762846581782,59.882571160932294,64.91935572292537,71.46909078072626,75.60205265270632,84.4521970368684,90.63401089121535,102.68673460536266,108.84840394168724,125.77948843784712,129.9386803860779,146.85161041879024,148.5014936265187,150.31636515501998,159.666920343095,163.8965033206286,170.39247118546703,172.05945363436769,175.6029520892462,177.18005836254224,179.85651564601204,189.4187666648259,190.81001006647267,199.00963384461977,218.8861420903567,225.74287501082696,229.70720428063925,232.070560823504,242.14486879859703,243.9084870613612,248.17112723754744,251.8920447114164,258.64511238103654,260.83799044349615,262.8312439024447,264.7039457348134,277.25602781673,279.14493337274655,281.80564980111404,291.7173262670935,297.79025918374896,302.0758406065393,307.11292208925016,317.9503828907593,326.8909184115357,333.03867001709995,333.3469643454026,333.8184733181007,334.4282658105188,349.85756021922873,351.371137802365,366.26327129861033,372.10144300568146,378.01371710560807,387.6714066589356,392.7880633759302,397.2224991973257
Barker_MC_04331,11.405550976231511,14.591648156399314,27.630302739949165,30.17935619756505,33.11425528569624,34.52536226752536,34.85488617913507,37.05434516048744,38.29122315092902,41.25473705167974,43.91421791057482,48.159130673546095,53.9272395540622,57.70178705488017,59.442447046742515,64.5233061880991,71.13035495746772,76.22611148637259,84.1405077753183,89.93096173692311,104.09165914139048,108.66257688722725,125.66034323345336,129.66643590038225,146.99938724238407,148.89392255981303,150.97791140898485,161.69559423499302,163.89082893446826,171.29449616117233,173.38079293756195,174.8910344271309,177.05261646199463,179.66352088721024,192.0806301418016,193.08822179672703,198.06252236400607,216.0463818271738,225.33961244228584,228.95906492006583,231.64538050072863,243.0963697979608,244.53202756561055,248.69978924307577,252.30327254794915,258.4915428447875,260.50101807032905,261.8619090034221,263.15228891586685,276.06653974469657,278.0099464228214,280.7474332489973,290.94509409765254,297.193251052054,301.6024855583373,306.7849033666703,317.9438773624256,328.255639461981,335.3462831774967,335.70186118092965,336.2456863626506,336.7264019510621,349.24377993911685,350.60614875574294,365.9127568701181,371.75570020876086,378.6214891857747,387.8977518865108,392.81232815180135,397.07162758171984
Barker_MC_09476,11.415920677444287,14.682752641606887,28.297073642656446,29.5139326634336,32.93506638120394,33.50502070872194,35.780805866235454,37.267058980297875,38.53173460690815,42.027099888304924,43.13794612609026,47.372962110806846,53.80282433443637,57.38023351540602,58.81809574701524,64.2843515489209,71.39256251565752,76.25410355450296,83.33575596426381,90.32150542587625,103.7196493612732,111.32102571162416,126.04820597783733,129.92501418937275,146.46070761419296,148.26435273286455,150.24836236340323,160.4609550219158,163.7969898170735,167.9259276129268,174.84019147015343,178.0753852832038,178.9154059600419,179.87792793402477,189.30362025396795,193.05684582059956,198.56394930607908,216.41087010448047,226.16500636451167,229.4154253045269,231.8697074104593,242.3316048620185,243.89770399674836,248.40643362329823,251.3443602140211,257.9681127080363,260.11899912675705,262.564502047819,264.8586459385799,277.4237506523094,279.3146159247638,281.9780928139201,291.9000525231434,297.9792860335077,302.2693136946678,307.31162108787964,318.1658541465403,327.81372280222797,334.4478556100942,334.78054073615243,335.28935328188845,335.78513749403385,349.47758799275715,350.6471732947353,366.4743969829656,372.6096221367642,378.27318684820705,387.4699495495052,392.3424066097956,396.565202728714
Barker_MC_03297,11.333469775874008,14.43452029923183,27.79373405296833,29.58010442631658,33.29000729808628,34.38128680326884,35.95441142342451,38.03189168830597,39.2259028864937,41.909843807300405,43.88445636243471,48.17333268000081,54.26127036939842,57.567478839352546,58.8646240786945,64.58323950412138,72.01961393566508,75.6797898129886,82.50905335528768,90.233453669184,103.2893035779206,108.71434727145058,124.50609821687776,127.95152935483524,147.03780606912665,148.72247011257286,150.57560056036365,160.11944248918223,163.9130985879585,169.1767087008598,173.84276369318118,174.5803231619136,176.69510204596418,179.49280319104375,189.6105204558565,192.80586594512152,199.26735647102188,216.4579521706086,226.49868145240296,230.09455748648503,232.5152323255122,242.83387168170407,244.01920673785253,248.46937501902548,251.8196206680803,258.6142220352511,260.8205870548489,262.3269822519307,263.7470557877815,276.36458959401955,278.26334468136605,280.93793518074665,290.90129520897347,297.0058948983994,301.3138231073254,306.37717000691606,317.278593823634,327.2066776176959,334.03349385742604,334.37584157446264,334.8994322005186,335.3815068762141,349.10592993152073,351.0939007014212,366.0029463188876,373.6445377557766,377.5516545371763,387.4815103947031,392.74236118014767,397.3017651941998
Barker_MC_00293,11.456565592794837,14.619868953496402,28.178178907445137,29.871143669717867,32.60404724268879,33.44486536036624,35.94487221882452,36.99216127306632,38.74916779435206,41.83314424452045,43.679753900785805,47.392735248815725,53.70086640976002,57.37001062265502,58.90757820896002,64.36757528329855,71.46764752445357,75.83848124119855,83.60706168088969,91.00487939355726,103.2760400847028,109.5273963940754,126.04011730511984,130.13363256895454,146.296411513342,147.98164029507873,149.835391954989,159.38158834740497,163.06069716961267,168.06090579189527,172.23185649601157,176.22243629465103,176.7623780657061,177.50593503782164,188.2118629059613,194.25560661247388,197.44422049621895,216.6178934910502,228.14365560707645,229.60691149661992,231.99312273546727,242.16485369428244,243.64974196078072,248.56785036207367,252.14951823181175,257.0490992410665,258.64010709647016,262.18235363168424,265.5072283263935,277.9546705222522,279.82782929929886,282.4663647809453,292.2954129873839,298.3177191630502,302.56757402280135,307.5626640949259,318.31210106246937,327.4713143748909,333.7694346850549,334.0852696268625,334.5683113025683,335.1942796387457,349.3275010263202,351.5213261115033,367.099827355079,371.99278488085906,379.06849034462783,387.3885389664487,391.79651174622126,395.61675482202435
Barker_MC_03101,11.310405793195892,14.52509253957027,27.778620539006106,29.916292672597752,33.137991847808145,33.60986827646701,35.704189626235554,37.54531366981758,38.71472849209031,41.267953853904096,43.544172386094594,47.748531207752045,54.25638582397593,57.89300387087516,59.36078989769608,64.61540128761045,71.44839404559796,75.47550491086433,82.94685775608232,90.8664668625274,103.86150237744688,108.79597386601073,124.6888529218843,127.85594549411536,146.6772121611681,148.53437328025927,150.5772505112595,161.08326725888742,163.2030639419871,169.76354407331598,171.91937949996918,175.6174782403526,178.90927736389028,179.20013024708416,189.68964473713189,191.49367319826257,200.0127586295197,215.65197013864628,225.3697058911673,229.2837819306413,231.92414591925672,243.17925681988015,244.286051693952,248.8351288042275,252.06243062493888,256.9894302262535,258.5893415359054,260.69216364123184,262.6819731914316,275.81131501016296,277.78708974987495,280.5701702972113,290.9376764582807,297.2898984709032,301.77257019218536,307.04130283141734,318.383442383648,328.5272053634571,335.50232838608434,335.85211331642256,336.3870785039987,336.77515326312374,348.51269165649234,350.9890371282505,366.68664423794513,372.613348867557,379.070911817944,388.37340137159686,393.30187265830034,397.5732144401099
Barker_MC_02172,11.325081389139942,14.774810256414437,28.02773217497947,30.118137370261465,32.72318655517593,33.60627864592706,35.96986745569371,37.0521517358366,38.53756509295317,41.03003816477171,44.185451956214095,47.01168995519848,53.80233703776621,57.47178411192205,58.90290324351825,64.36303341197582,71.46327872609174,76.33490047385501,84.35164007721572,90.97905971895209,103.4441170377319,108.84591950033844,124.47254949720326,128.19718293447548,147.77071347635825,149.62332979550774,151.6612077465721,162.1333467461516,163.1282669227226,168.7106312945184,174.14640506851876,176.77366877256478,179.43291656355223,180.0356785851902,191.2806666777746,193.2002167432284,199.23489682382373,215.93437773037692,227.40504988716924,228.85164735369895,231.43397175693184,242.4416766283398,244.03735043232228,248.60466918336792,251.5272615203028,257.7474945613262,259.76734883295,261.2459355654786,262.6457494038549,275.60142639220777,277.5510671040472,280.29733520352016,290.5277079710221,296.79590767897923,301.21928606820654,306.41832796644525,317.60377421300143,326.77140354268,333.07531093164755,333.3914360809468,333.87492160340446,334.4255576047501,349.29375348091537,351.19971137374637,367.665688003624,373.92172304978783,379.0657741450569,387.34362567815873,391.7292423844379,395.5301101965465
Barker_MC_05122,11.422597070097863,14.439796066827752,27.948435704674267,30.163122058294206,32.86504431695735,34.400536548261776,35.065453688203746,37.36444081276936,38.35788796561279,41.89439968856881,43.45537663830349,47.523409357789845,53.568445962496725,57.73884822495226,59.73396237931609,64.97521056906483,71.79082608577231,75.86906712208811,82.56768568092843,90.46500101233512,104.12629492538468,111.02641924690774,126.0158695260052,130.0610217431584,147.08946171215626,148.7108471462281,150.49437112370703,159.68289777693724,163.7681213931045,169.7999870036998,173.25180985523608,176.2443631607116,179.30624555874635,179.80363740576828,191.9616216185588,194.63120079148425,197.1624230607755,218.33237597873324,227.18389387593407,229.59790041801307,231.89714570332276,241.69816586019368,243.16472996232096,249.10000021285924,251.52750590985784,258.3254204204363,260.53286129471996,262.37453905212516,264.1064694666722,276.74909503710165,278.6516260695449,281.3315353733091,291.3147089629039,297.4314485188237,301.7479436569477,306.82135974346306,317.7529658034011,328.7744480821054,336.35311439545376,336.7331655085125,337.3144201520141,337.82664402702335,349.10248040184047,350.4013418302055,366.07635523391383,372.7921734527489,378.8382750000703,388.1748001613393,393.1213035580381,397.4082731685104
Barker_MC_04431,11.361503296653847,14.687987931546768,28.372704947477736,29.936932893998563,32.802720626018605,34.35320807817847,35.598176026865794,37.983183086867875,38.42092264005385,41.29114909715457,43.67923881004238,48.06614649132304,53.949219916636586,57.37510110986653,58.81275191973548,64.37169880619317,71.6004434266058,75.6210652786267,82.4513398685728,90.77270412496341,103.62586345275857,108.690891161611,126.17310671612074,129.88781839381411,148.49234678640798,150.14282547348583,151.9583520292714,161.3105169045951,165.29964793577534,170.01426237095995,174.31418361065437,177.22028361674197,177.85705556903596,177.97513935991262,187.55846510601984,194.799579841375,199.73374833410196,214.87411813550764,226.21227939652363,229.64276052151405,232.15019566881057,242.83866922042168,244.0162934939872,248.406720188134,252.24721156822977,257.3251199641115,258.97403486757116,261.31633763657976,263.52565207551385,276.2368542347621,278.1497050451344,280.84415081028254,290.88147549266625,297.03139368945466,301.3713025172887,306.4722380116148,317.4605524211217,328.21513756744844,335.61027826644386,335.9811260301103,336.5483049627766,337.08984014427995,349.19326595160146,351.53946155482384,366.3276368779906,373.47407630713303,379.0870959959337,388.1634473760095,392.9721103588311,397.1396182772765
Barker_MC_06761,11.409881855378208,14.380475181312242,27.710129931893448,29.466356344433464,33.27000947109039,34.299480154437624,36.03955361275744,36.830013517456656,38.08313090587487,42.46691465163482,43.34385418496337,47.86556809513432,53.99629248861415,57.78748773707227,59.46176409230436,64.93376422974654,72.04944501683866,75.640137199072,83.79373726606586,90.34778629811699,102.91519076781536,110.96176615327956,125.46918503860472,128.89983076616215,147.66110344847436,149.4511019613783,151.42010032557252,161.5511103841736,164.27066655544365,170.73843739583168,173.3228029974841,175.04381672667415,179.09877456668244,180.17363404180688,187.15146125661784,191.58893250378287,200.28131114311256,218.3925589057229,227.05257040449015,230.09729223691255,232.5475542347696,242.99231512394,244.0333954546336,248.81094455414265,251.93451619857876,257.6112447439578,259.4546104708705,262.82496884731825,265.98405902332325,278.28687536256086,280.1382700543879,282.74614859878943,292.46099386343013,298.4133273350031,302.61380346377194,307.5508559753107,318.1718655344914,326.77887587837694,332.69728664222515,332.99408010235913,333.4479995119758,333.9012324633664,348.6491467560679,350.78636097429285,367.44302567354265,373.9820558351476,378.24568934837424,387.3165624855548,392.12232308803453,396.28731561018367
Barker_MC_08951,11.488987462759772,14.482227011818647,27.76438825057437,29.967624166029186,32.73726488167653,34.316783136471734,35.020744344940915,38.07214271580053,38.95152084748335,42.10762950280358,43.30338784008038,47.955803878693395,54.1138312782964,57.72667739029264,59.252774546829144,64.46432792075153,71.24132888608025,75.42214123752795,83.63405735972684,90.72373944536352,103.5785089138194,108.74548530258176,125.59054787497404,129.3908430559699,147.67163004852875,149.46773651641038,151.4434536310801,161.60129960019924,163.26992413270892,171.1382748726201,173.01573460198952,174.453005017833,178.59121987551808,179.80057547353056,190.13170131314936,191.68901487041765,199.7097462404938,216.8383004156252,227.0304704335387,230.05050479941855,232.43359801016945,242.5920377136243,243.9315694613475,248.06956094354717,252.1315320890197,256.9580574227098,258.52534240191545,261.37302615577,264.05284354098853,276.5517931298698,278.43270301945864,281.08215673490116,290.9518774458624,296.9991038650785,301.2665445823179,306.2823042878884,317.09528792897106,328.69971548939793,336.67923058672994,337.07938326122746,337.6913814692824,338.0325284458091,348.79372998877665,351.40108449531857,367.5005009003422,372.23357503251214,377.21174547456366,386.4083675945722,391.2807501747092,395.50348174416126
Barker_MC_05931,11.313929543762692,14.466153696189624,27.95802256712366,29.70718264962744,32.62815571756237,33.708558043366914,34.9028591094419,37.19849436064536,38.32929929309038,41.29187988309183,43.86011140743849,47.77440589561473,53.73539613519953,57.70443377421753,59.55754162169877,64.90423694451042,71.85697382816662,75.82296708130468,82.44571430255256,90.65601092965213,103.07973582038946,109.57599271751862,125.19240755675742,129.21036397542383,146.66936552147442,148.34589484828282,150.19007710777197,159.69753868920358,164.8031608315066,170.52483906775035,172.06385573994044,176.4396408600657,178.4821632344481,179.7047983681697,188.1967589167358,193.040113773524,198.5254790655894,217.06356913347577,225.5892110569082,230.07524121063287,232.5823912388256,243.2696494098506,244.50615861579084,248.228280667442,251.5699071654285,258.0226711828427,260.11803366820226,262.75463257088217,265.22729221666384,277.7312240153573,279.6128836549665,282.26339346989994,292.13704835301064,298.18668525885107,302.4558270218355,307.47358606079337,318.2872750478039,329.4411666586438,337.1108811740083,337.4954981261062,338.08373581755006,338.62176203813726,350.2707418085288,351.7743292850221,367.78385386252984,372.6554211805508,378.2693154991174,387.490916460942,392.3765328645577,396.61073374769126
Barker_MC_00007,11.478821777760784,14.77427033321139,27.604952823912576,29.686421990616,33.07648056839436,34.37097438835932,36.08593519680252,37.488350962655375,38.95483077277566,42.50501359467867,43.70326496869118,47.30286805262788,53.67052748088981,57.52047838354581,59.188972349850246,64.60191159561433,71.64079076691209,75.53924163740952,82.2842478356193,90.65742398197605,103.86587580342004,109.35573513193744,125.60752141561424,129.04237263847935,147.63434505214497,149.185147288871,150.8910297492696,159.672902330014,162.6682128606031,171.27196743225156,174.59890069258714,176.5609064414867,177.35007178443124,177.4837714994613,188.90404483968427,194.94335754741712,199.17944756540103,216.5371312944994,226.8994193825579,230.27699529207823,232.60303467177312,242.518270332676,244.0723773454394,248.87196626582815,252.3442536245697,258.0910537347885,259.9571733277746,263.15083259333085,266.14417265744123,278.25623048463814,280.0789187984396,282.6463614770202,292.2105754247097,298.0706163475769,302.2059629520083,307.06646512214553,317.5380450661983,327.93739385677935,335.0882645261646,335.44686276032263,335.99530711844653,336.4609781943647,349.5092162672813,351.4813708504679,367.2591749463844,373.7150498295692,378.7428885066759,387.70193437112846,392.4484487364013,396.56209451963787
Barker_MC_06647,11.320868223791429,14.690557535528455,28.36650141377902,29.86600028236103,33.18422271455449,33.86605716387171,35.289497434201195,37.36624412356783,38.574579939932455,41.43301001063665,43.996225518558504,47.14448022277798,53.745255502733855,57.8462624934757,59.663174501643354,64.69643125642321,71.24157882347534,75.72963748519946,83.93177747757582,90.87439640232766,103.41102047206888,108.23688976582191,125.72275252209111,129.23164447445046,147.966138772755,149.75490209189812,151.7225417429555,161.84699090135777,164.6236227485074,169.19418425042278,171.6509424941071,176.28252118646887,177.92623681786392,178.394519591679,189.3103993631139,192.7122894274131,199.3459746348354,215.84440699813527,227.19819649898588,229.52699910284016,231.85858506887104,241.79746422915505,243.3298192587968,248.2951519155002,252.04306937370123,256.6965026203425,258.2075805749714,260.94592309285315,263.5273509880289,276.4369262369903,278.37962930843594,281.1161250327304,291.31009383773556,297.555988658835,301.96362681017956,307.1441683340346,318.29501571353,328.087059832756,334.8203315496274,335.1579882433938,335.6744043632718,336.08050300415204,348.88447467949254,350.93950872902775,367.1955273688521,373.2977545862436,377.90895808876314,387.487106700434,392.56162252118673,396.95953623250585
Barker_MC_03968,11.531221523477155,14.489374347610331,28.059130436570864,30.026240411552273,33.026437712480934,34.481184049162216,35.346819670471405,37.76029744652829,38.71962730901589,41.596124919377985,44.15032340975888,47.90530316818528,53.670385430445656,57.29161545534643,58.91065873589417,64.38075066055082,71.49395004546554,76.06621660865844,84.52023845035049,90.23518155828384,102.76901338522929,109.39717965444729,124.6375512311188,127.81035663841814,148.40354314802104,150.14139227327794,152.05302631106048,161.87925250083052,163.1994975199718,169.28364993225594,172.1894105958436,177.10560859365427,178.24098682857644,179.41297122229622,187.6539535906538,192.35444597819483,200.72894302536815,215.17100508663177,227.80542041338384,229.5982671249957,231.89369640243808,241.6784500172985,243.55664606337072,249.05096962620817,251.9835633821245,257.5308473477975,259.3321794104514,262.69844865799985,265.85343937521424,277.92993428853856,279.7472709017087,282.30717516327104,291.84330706893815,297.6861419865498,301.8093465605166,306.6555775289703,317.100040220494,327.9270643506812,335.3720160345218,335.7453616941834,336.31636093837176,336.8524937074182,349.9871127987682,351.74960497958494,367.8489422439303,372.1725698748434,378.3506528453234,387.53498757609685,392.40086028114246,396.6179499588486
Barker_MC_09038,11.316270425930512,14.583248450936672,28.08973161662314,29.51125820491671,33.007066659585156,33.623013585994904,35.39221833644332,37.50542335026968,38.97986475197085,41.58386347674939,44.17348756038018,47.12507684865988,53.469639221007704,57.6469437270422,59.5811091596915,64.88614460345222,71.78470780408404,75.77866032047658,84.41067548694238,90.57372753892301,103.58703723233148,110.26433626714348,124.7001542730612,128.1755940553895,146.7581342992912,148.42264980460527,150.25361686045068,159.6790532644091,162.8431480758353,169.81271142836496,171.87025370627643,175.4026721034817,176.83568399582646,177.36240661554214,191.1927363845018,193.51749175883452,199.415835585735,218.3069935250698,225.67259833126488,229.93531255453303,232.23928884442176,242.060475910642,243.47743084534312,248.99610622541852,252.27279097357857,256.5438841299855,257.9308073689663,261.1501382540012,264.18025669604833,276.8754963151145,278.78594499565355,281.47700711555274,291.5017270736503,297.6439222938781,301.97838112821955,307.0729109429904,318.038610241214,327.66652161123477,334.28693125512325,334.6189281989171,335.12668823060176,335.6484049282609,349.5462228290226,350.8567489820102,365.83443417942146,372.2841174373149,377.8900660565438,386.81972963711814,391.55067722947547,395.6508318095184
Barker_MC_03114,11.411812309333612,14.5349082021718,27.743064706607147,29.6961416412766,32.72954527236144,34.18859173610265,35.387801453230814,37.76784971926203,38.95654026220097,42.02704471879685,44.065726771017,47.08295368344395,53.59784406698123,57.71042440227553,59.555436565275066,64.61044794208075,71.18388478948586,75.41771600652312,84.18071520868065,90.12076366772189,102.92238795610476,109.76554225310116,126.4213520029438,130.14151363101422,148.27650687295775,150.02239284735816,151.94286741919854,161.8124589287529,162.85407801023882,167.95485483666778,171.65699683602745,175.51203057099622,176.7525530987573,178.12246566304188,191.03502785451465,193.09311607221971,198.2979256314275,214.82136701901737,227.50821967909985,229.06053587410508,231.4757742740183,241.77123965669912,243.44645910437023,248.63917414308975,252.1139407066567,256.57906333284075,258.0289924513064,261.41483618350196,264.597193503138,277.0431024915373,278.91603054318955,281.55424102454936,291.382078542897,297.4036429240158,301.6529743100227,306.64744911442887,317.40874828862366,328.23179302545424,335.67400837187523,336.0472168110763,336.6180061886779,337.2124187168193,350.2627147211117,350.9185688168053,366.0859075393533,373.5246297741324,378.0688752299757,387.71378729826193,392.82367448675785,397.2522433834544
Barker_MC_07129,11.38578788946582,14.624342476464776,27.99662473985801,29.781346905206867,32.97515513032885,34.251274625435926,35.64098774913945,37.821623980352165,38.8332655321833,42.27827211901273,43.17166487836701,47.28037031582233,54.10159722872723,57.676823059513694,59.02666511256144,64.48693958422783,71.58737254738337,76.56293178673415,83.93327977536595,89.95079260723692,103.66933112029552,108.54763589767252,126.46577716225038,130.14856120615875,146.700278919823,148.4391021856801,150.3518077781228,160.19823282590028,163.53315134564164,167.70559376030536,174.3360630194306,174.59573825281598,176.77074286646513,177.42592922098538,187.01534357166636,194.18600142987435,197.46884441155112,216.42621736832905,227.08503523151617,230.1352326218581,232.615348672584,243.1873687871189,244.1685228978834,249.16266617339423,251.60877480675177,257.3944760904508,259.2732277988105,261.2879931811954,263.1896957903204,276.22825439417505,278.1903675821338,280.9542044382907,291.2500241772569,297.5583235665005,302.00999972412734,307.2423015586839,318.50918556814577,328.9830696006771,336.1851926980971,336.546361113012,337.09873633582293,337.4489260325362,349.69267899046463,351.9152667868186,366.06698724266965,371.6288577584962,378.99263837177153,388.2950983773089,393.2235540093816,397.4948822238446
Barker_MC_09633,11.319205092066078,14.546373042622928,28.30912657772321,30.072977943065048,32.87522869152041,34.52702834482071,35.32411864746808,37.61790222201248,38.43730645118293,40.869498449248056,43.38910813324867,47.868726601909174,53.64626354857946,57.29255700367698,58.92920432799013,64.63057054667645,72.0445144508237,75.43047371472449,84.49510364362452,90.5144146231493,103.68510408997352,108.48699264114757,126.09366778299382,130.41197942161742,146.56137790269784,148.28653620349922,150.1842103343807,159.95478181730877,163.47281946368133,168.7083810900848,173.34454160452503,178.12711998237953,178.78331544070113,178.89942399361954,190.5387597602544,192.98676000864273,200.27367105527335,218.37275002245767,227.18029963735023,229.07526777563007,231.45848835684265,241.6174710038759,243.2963857651444,249.33552948894092,251.9153231942224,256.7481674018394,258.3175042663054,261.602038073485,264.6872867351241,277.0474923083521,278.9075232441291,281.5275668203312,291.2877291499999,297.2678286101863,301.4878987978095,306.447981293215,317.12668975890176,326.803517344731,333.4575630883336,333.7912467981898,334.3015865897345,334.7694256192087,349.3977521855532,351.7848675093897,367.82113084318195,373.14581154236816,378.5266038969508,387.1926050025935,391.7838638665101,395.76295488190453
Barker_MC_00111,11.41638387393738,14.621712253970212,28.240177349098925,29.719264894919466,32.93888590709434,34.04395141629267,34.70949415538759,37.116114682256665,38.7060112665229,42.04077215239048,44.186504692404945,47.20734479383417,53.50678886646635,57.713721111724446,59.68141416812335,64.78984980744565,71.43275850953015,75.11829385417225,82.48109370359508,90.9292808120598,103.6135748926332,109.66638649214347,124.41934127237174,128.24890942437497,147.63632948391796,149.13949834244485,150.7929840868244,159.31396019418065,163.42933121651976,168.23129459975726,174.71794526955006,174.86030646683676,178.17625646548373,178.2473319145832,189.63051212685667,194.459339507862,199.53497926396233,217.8162393119916,227.4338495537162,230.2334779855524,232.71055420298785,243.26961638408952,244.70006124283975,247.8644916384968,251.57705017384015,258.1869070103897,260.33328118609575,262.76222013037426,265.04104191179283,277.6034336145543,279.4938906183679,282.1567924194388,292.07660981579414,298.1545307205283,302.44363209477217,307.4848507716085,318.33230027789386,327.4174772751768,333.66468823274045,333.97797019816403,334.45710732175297,335.1001996559099,348.9918872952777,351.04992733097527,367.68256120118366,374.0370888581147,378.08543721960154,387.51215042504293,392.50643556699873,396.8348160233603
Barker_MC_09652,11.407632451458287,14.48543236504765,27.918664247534775,29.512097455209823,32.63390646063508,33.280058482522755,35.90366550156649,37.853912283973536,38.933499028754056,40.93123706957912,44.29580716889252,47.336922653689165,53.88211471562862,57.6693127831507,59.24840842833607,64.58010907083467,71.51334716868455,75.54546901704039,83.16080801466259,90.32557912796528,102.77428143618872,109.08602348803076,125.16728170679242,129.08700425980834,147.3848915984509,149.1434929301482,151.07795439501518,161.025775917529,162.94540429040302,167.77526695884157,171.5595582480121,177.8962977593785,179.34601271855448,179.3614449307022,189.3188714281066,192.4306364726614,198.63173505532143,216.41011819493943,226.57666164237756,229.9681498220116,232.37720673820985,242.64632223691927,243.979034448287,248.39297823728535,252.24737698251937,258.6444924637615,260.7217845757515,263.1669394176879,265.46165411304554,277.90514899465364,279.77771375839075,282.4154125116119,292.24134374498533,298.2617401359252,302.5102472880601,307.50375332469247,318.256802532648,328.2996266022065,335.2053413275215,335.5516456057822,336.08128744312194,336.532226762175,349.4796720495071,351.2192809816718,365.919981948779,372.3549422500852,377.4815518552582,386.8694370541938,391.8431510668749,396.1537032111985
Barker_MC_09978,11.283035683340396,14.500886766042353,27.984483038394647,29.653233606946944,32.84843414351714,34.42494178195304,35.92015452097175,37.873243480858584,39.019404602444325,41.67300952224588,43.75386967817112,47.773700951683274,54.2511253089104,57.81660566182216,59.234303274505294,64.41778018882066,71.15827108120034,75.64321018479303,84.52447824527351,89.98884259315874,103.9370729181352,110.65641245785794,126.00301944357597,129.80123152143383,147.88467121316188,149.66252356771406,151.6181611577214,161.6701823010152,162.9669231805105,168.50609862718636,173.81405478497058,174.8742901755311,177.27943798570135,177.4672228831181,188.54834766328497,190.52799899104724,199.3274378524116,217.2958014386661,225.62348370028533,229.4996085633317,231.93986376041596,242.3419685412074,243.79114263102923,248.12057616048656,251.62611530558848,258.5138358991326,260.75043889629814,262.03125479705244,263.2412659946539,275.9187739960106,277.8265543263118,280.5138578023276,290.5245760946611,296.6581924254146,300.98659726082934,306.074011474966,317.0274375477509,327.0260895238644,333.9014303350256,334.24621143765023,334.77352371225254,335.257188289056,349.3555804168756,351.04396234759855,367.628526276725,371.86546539288304,378.7512885265021,387.83282607310406,392.64423669382035,396.81412589844115
Barker_MC_00153,11.346918497109016,14.626629748350547,27.897635103588645,30.05679477307594,33.22954885095432,33.66281580387318,35.944596525337346,37.029021301200515,38.69853203460214,41.702439292253025,43.10962088637352,47.956872559189065,53.73418997374127,57.57435785520539,59.3656161046197,64.6798514091884,71.59037792691653,75.53717170216824,84.52006269858018,91.29138672950089,103.86418000442558,110.15700411552244,125.07890966475982,128.36540745576062,148.53623316814222,150.2259406215876,152.08461882037744,161.6414505543964,163.3103927997052,168.64637375716487,173.52190307200297,176.28831630175964,178.7225443086824,179.73393398746657,191.4151852336491,194.0613374025056,201.1702652292987,215.9407754187262,225.88110269171764,229.26633035670028,231.82762200784427,242.74567031738167,244.28163813006435,248.86174060029535,251.84272698106753,257.42335573848544,259.235515630193,261.0854222094813,262.8350484136459,275.84158895798265,277.79888389426634,280.555933750752,290.8264706207137,297.11927907177636,301.5600234971082,306.7794766605314,318.0218016753289,328.8624546825238,336.316777947106,336.69059356804377,337.2623115765368,337.633396962898,348.45743644361016,350.4639106186345,366.9861910924855,372.9962371524661,378.1963809440291,387.8029351376746,392.8925002733808,397.30345672432617
Barker_MC_08124,11.311412779962678,14.571257165023647,28.290405942562224,30.195836624774344,33.05795670323433,34.08033194172754,35.18417305136815,37.01760508668387,37.974181988439376,42.10896014881418,44.29199561473958,47.09133894062655,53.97998095512659,58.0278860101342,59.73892895375688,64.84262163898839,71.47936269735028,76.44791671033063,82.57045360497307,90.435301168672,103.09105733471526,110.09381349526662,124.89744921451748,128.47706636743962,147.6835598826163,149.25512871649633,150.98385443376426,159.88450855295065,163.082321810507,170.9785574676106,171.74759774598326,176.92980265689403,177.99601828933928,179.17880266279224,188.60486684344673,190.4124440880674,197.78276288130343,215.28119221124095,227.7552692036538,229.78197652981424,232.24413071856983,242.73958459097713,244.32081581155992,248.14142242096332,252.23338690596984,257.43513208755104,259.1242596741899,260.9311191843359,262.64292028173895,275.5830429411696,277.53034295302564,280.2733139374681,290.49140432226125,296.75207855392756,301.1701463227623,306.3629463543785,317.542818196328,327.6912023641522,334.66950303939024,335.01944732103937,335.554656222385,336.10283409103164,350.01629551540884,351.5898344508574,365.9038448954456,372.7662521244107,378.7198113264281,387.7868673180455,392.5906055917501,396.75384542896074
Barker_MC_08349,11.43186297256874,14.357173831237317,27.738447204784524,29.924001755568312,32.55340325162224,33.45546795269233,35.00565162716846,37.430454416101405,38.144745488918105,41.82355458920495,44.25013783795672,48.104647443469226,54.240634345836256,57.72387364263116,59.15121281656251,64.44274039411461,71.32373823260441,76.0041364441322,83.92778526710299,90.50992343914182,102.97019461049696,109.20006505658417,124.39280081364971,127.74598649013932,148.4742583895334,150.1764350497499,152.04882937598802,161.6769418867411,163.46184903113,168.26005769728738,171.612699163577,174.75884894379467,177.72056341536774,179.3644102042107,189.2542643857963,193.1088817995642,199.03343395289417,218.73305607775077,227.686462796702,229.2693831085932,231.84394804447192,242.81857654232775,244.1207853425097,249.26938716944267,252.2702423559018,258.5538730737895,260.5943140449116,263.3689308113307,265.9697397416772,278.21815109950427,280.0613586339345,282.6577047308202,292.32958942761576,298.2556007479884,302.4375017132013,307.3527218050154,317.94807392008784,329.207764480021,336.95022918553275,337.3384943772546,337.9323117292997,338.4501826805547,349.66123608943934,350.5859712873732,367.2008637876537,372.6222785256324,379.0263470488176,388.0060896067167,392.7635691075904,396.8867180083476
Barker_MC_03863,11.52392661163904,14.567608279677614,28.00585453797936,29.561281386072835,33.010217455313075,33.370801818199794,35.322954505722585,36.932866097397074,37.97788563095395,41.25560954804182,43.54259383803192,48.12042731098427,54.09043861619915,58.020265770418504,59.84030874589172,64.81540893819863,71.28493086127453,76.21036413606004,84.11589215724547,90.79665804219613,103.30363665828584,109.973717477788,125.74183234845212,129.2636521467259,147.2443803874704,148.91357646049013,150.74969214081176,160.19652423181225,162.669222805036,170.24765247636634,174.97874117030617,175.8204021945733,179.04930933770763,179.79875190858394,191.04492204712432,194.90914223188912,198.98518140089865,217.90336327257555,226.99225948068997,229.648497820078,232.15468421780707,242.8378347098217,244.00422947299043,248.72989172595825,252.39730770772456,257.81964481700794,259.58040373072356,262.1904855693753,264.64486363438607,277.04376195954404,278.9096155909998,281.537861028857,291.3285768584316,297.3273965982734,301.56067741802804,306.5362871019102,317.2609687873554,328.5519882797483,336.31599559804675,336.70534109778447,337.3008106856185,337.8255119552257,350.1581306291044,351.72781534810224,367.0231290723487,373.6143195093462,377.3220464110028,387.20979542769334,392.44833795309233,396.98840814177134
Barker_MC_02505,11.517633471156888,14.431627588570777,28.293867304015272,29.8334989155814,32.872854621116836,34.45561374750136,36.05588729864461,38.11381747524124,38.488645256686226,41.52610890405337,43.2746496085031,47.27015475562189,53.83360204984325,57.75047076115237,59.4293352930334,64.87979145897637,71.96745689149536,75.73330670859148,84.84212283941396,90.01207416026509,102.88132607318585,111.1045804207318,124.62643908019196,127.86820374812572,148.32039914489235,150.0018817362967,151.8515125868414,161.36790613123463,163.86233945686882,170.99745706063246,174.35288977840685,176.91345657572165,178.71748440425807,179.20367622749916,187.256532530881,193.33131692123413,199.82057448580036,216.81624269845116,225.46059446045317,229.6945429300157,232.2749065209624,243.274253014574,244.2849062433071,248.4024958140289,252.4156165771743,258.20492313150544,260.084845555052,261.6636383752881,263.15995879870815,276.20135925138294,278.1639000962029,280.92833935073435,291.22640313860694,297.5360774676519,301.98872390052315,307.2221661533764,318.49112866782946,328.9196692148408,336.0906129175524,336.4502177640011,337.0002016468049,337.36960145188124,349.3636916252873,350.7478198447526,366.27165851341306,372.21929968596504,377.7290234529051,387.21589841013395,392.2420573278709,396.59806172324306
Barker_MC_04425,11.299533340709988,14.787163094006312,27.846615423913207,29.7215863696226,33.209812979367435,33.25073801775343,35.83223760765925,37.85097125348186,38.827026157305475,41.11466127965405,43.584455285282466,48.0371813913024,53.898652813758595,57.90855744688435,59.81633829948986,64.98869319939665,71.71472124414235,75.85537548866075,84.6657703143263,91.21753562563049,103.9640320010232,110.70903573613847,125.95188788520804,130.07874712626926,147.1470118590334,148.9092722958295,150.84775877630517,160.81788035204482,162.96107854191231,168.73448664259394,173.55081132352652,175.47990503259115,179.0651259472224,180.05397860711673,187.8225196221281,191.6687647339207,201.2636695789898,215.13463265845155,226.6108379053201,229.5209724088845,232.06428657562435,242.90570204910017,244.1427833964375,248.28176209955615,251.8437087257768,256.48285129894515,257.9892887396787,261.5528661251637,264.90033072358744,277.54348093363603,279.44609091670156,282.1261114304821,292.1096992986111,298.2266926850262,302.5433669476804,307.61699356918854,318.54362872364476,328.88064021232816,335.9886460838569,336.34509475588044,336.890251548387,337.37091513568413,349.7887033954927,350.8978023954521,366.3912107643266,371.77554628211846,378.27963018145226,387.6980117326647,392.6878827531746,397.0124376376166
Barker_MC_07222,11.285414271062416,14.526506209274412,28.362573861969047,29.785776828944247,32.78033412693455,34.080581745411095,35.2736222350648,36.978511971329795,38.24170499063083,40.901751309514744,43.06994237696814,47.720478175785495,54.237761594628225,57.67914293703357,58.989534148664546,64.56668208126099,71.8190949822039,75.75502601554707,82.49920089400852,90.1018569854056,102.66841029066204,109.59574267930309,124.80234207946546,128.21131893579178,147.3131047138571,149.08528830889458,151.03469026343578,161.06264982273976,163.45054956759776,170.42582445750503,171.9709032267556,174.8372057349734,177.45703931874397,180.1397692236977,190.14698837785988,194.37051135248208,198.39060063970717,218.7779728816271,227.1194754933438,230.30640985907348,232.5413495951039,242.0682537241148,243.58734796432267,247.92118550471432,251.8770837032943,256.8137557669334,258.41680794996006,261.5351251473175,264.4658110534641,276.95883175054894,278.8388494282655,281.48704637214604,291.35208536919686,297.39644327927516,301.66185973086885,306.6752402047799,317.47800014838845,328.4336618390573,335.9670681537363,336.34484959134556,336.92263296651265,337.5196223040328,350.1131028924296,350.7148583516744,365.9997827291686,372.7611987436739,377.59598039829865,387.490589599811,392.7327666602149,397.2759867792316
Barker_MC_06550,11.43115757995499,14.40246707395296,28.27693886504027,29.465678032404217,33.231864923284434,34.134817671606044,35.56055107013102,37.12811182328425,38.37182566158902,42.520190790501225,43.30102658019438,47.72531831456436,53.89403642111996,57.89648578759296,59.73063197253883,64.9129310696126,71.65189035173893,75.8110821911105,84.04279194419045,90.56577248692602,102.77485050614068,110.63361210153778,124.49095650832024,127.92896993654644,148.13504857370137,149.93395529655697,151.91275269169807,162.0899854860587,164.24787826483347,167.96856075541626,174.23821993799396,175.24612606436042,177.25771431554696,178.74129089993912,189.44731840650851,191.54497562758957,199.8739115328796,214.66074503845255,226.80850698744055,229.34686845131367,231.729920864434,241.8881866593451,243.4097101713936,249.1065160056073,251.99369775580223,256.60544264252025,258.10298341754304,261.65438364133513,264.98902397040007,277.30500555786546,279.15838142782377,281.7690506640018,291.49429178808447,297.4529948538647,301.6579659136628,306.60030156688515,317.25041151773695,328.10591722957287,335.57045361154513,335.9447813947119,336.5172827101434,336.9462391550557,349.84079594715706,351.7089860264422,366.27629135166114,372.8385702159574,377.934064439998,387.4002380535924,392.415429372053,396.7619285147188
Barker_MC_07874,11.519513379507938,14.385875202496813,27.689998091798667,30.203130988874054,32.83628216125088,33.3912442971127,35.076292821180104,37.08551681027272,38.08401323342661,42.519068447222416,44.17615953569782,47.93749648470466,54.19426921127953,58.04474105368413,59.73803699045506,64.77531201445917,71.32568485936187,76.00443806416321,82.46745817522856,90.57756112638629,103.27011196301616,110.99455644537588,126.3218075140884,130.04520103505575,148.35437701626603,150.09583230880875,152.0114331306057,161.87307909699354,165.25644151544915,169.67811847115112,174.61394172324407,174.89992683902005,177.4558606908682,178.53027229019938,187.32390253670928,193.7392663433369,200.0462925684322,217.85990366607575,226.34095876971833,229.47220215176336,231.897522033064,242.2359618660656,243.72943182162857,248.9991852664021,251.85315065346992,257.6507494260834,259.53336452567737,262.0661636945013,264.44632867295815,276.8770127596047,278.74764968526506,281.38263288162545,291.1984481474564,297.21264643533243,301.45677967527166,306.44514481036606,317.19371990067583,328.05908886512884,335.5304074836877,335.9050753790137,336.47809686598276,336.99601240834954,349.41874541671694,350.577828699395,366.7639289775228,371.541584213574,378.9323789067116,387.8457837053387,392.5681173734856,396.66080655254615
Barker_MC_09022,11.297622872182382,14.767396123268874,28.38032623159068,29.63117396218612,32.77075182920817,33.49762522036205,35.83205954016394,37.11850536682701,38.03716966979821,41.78990756546704,44.29587116109217,47.446992097602234,53.7217747561775,57.28474292432102,58.744889094986426,64.52007897635785,72.03002171182943,75.51920639333564,83.60657040745126,90.18640945462987,104.21768081667476,108.33722402844715,125.39317928813593,128.84100061209278,147.794636405525,149.5426629155322,151.46549207654,161.35459700743198,163.41370501726678,169.97436525746076,171.82634562926316,174.58015700507718,177.73639006323234,179.77056896683663,191.78865383551573,193.77477528168797,200.72195480723465,215.3106175570788,226.46811685142504,230.2362035307851,232.4983757088523,242.14136389163028,243.62228700459104,249.07320539185216,251.73410834691893,256.60992487321636,258.1932158485454,260.40521059040526,262.49550352525483,275.358910456972,277.29466586902646,280.0213751053614,290.1788873750669,296.4024450976938,300.7943202798821,305.9563347120275,317.0753739329239,327.85141150528693,335.2613034668103,335.6328909693056,336.2012012672395,336.75865740685526,350.1736132639083,351.2949617757162,366.0482008230114,372.5022475464159,377.3445805665453,386.71761112088245,391.6834551231803,395.9871865918385
Barker_MC_01323,11.319428247201428,14.762792235389346,28.3098807096238,29.99794815949605,32.89025591466655,33.46344042023291,35.81219998588337,37.680828405623544,38.44015921619821,42.310733779789715,43.96768186429587,47.4814027907191,53.91455099532009,57.928232955358865,59.71269741328934,64.94452110386918,71.74788118819733,76.28467198573708,84.66276554284734,90.47184575013668,102.6812837201484,108.5632144043329,126.35485531218,130.20307524148126,147.35161507677236,148.90424501164514,150.61213794000517,159.41805272154693,164.29394413530434,170.87151028070875,174.20258999822178,175.31477829615793,176.9607434202352,178.72693175896214,189.2477020210627,191.85847753724525,200.6914066429405,216.04957228631744,227.71319194070165,229.51062937377807,231.8213925659323,241.67151024096256,243.1171102719039,248.65911124371723,251.58059373040965,257.5520588838148,259.491132439164,262.8144707762652,265.9271315749997,278.08797008131927,279.91799917693044,282.4957820965549,292.0985154154609,297.982157346512,302.1341588430063,307.0142364313028,317.5255400653963,327.6574168216146,334.62436655864906,334.97374161920834,335.50807994712244,336.08667655252543,350.1431742383329,351.8507153689927,366.434392092735,372.6344682501533,377.4681181222736,386.84952112415726,391.8198008602546,396.12737663153894
Barker_MC_06709,11.520922138617264,14.40609691291606,28.275689200165115,30.096054628428163,32.9129368506465,34.36193448106819,35.14881297566699,38.08350668897985,39.05370798814454,40.9763644815416,43.31928117639483,47.505788057070035,54.2101253901031,57.71767592170668,59.039316801053815,64.35128731237069,71.25886873773331,75.77596629871397,83.1405215421146,90.81237661482172,103.17780517159724,110.33077603888864,125.06883026016052,128.92636164290687,147.35675281226744,149.17626212037135,151.17772235928558,161.47778916901368,164.5207355341293,171.02399986438616,172.94960477450633,175.17308875631508,177.10023761244383,178.62098134640482,191.17315133429872,193.92927130315545,197.76605684944985,215.64654182539869,226.0070829256203,230.28133127398175,232.6501926021712,242.7479658909786,244.05132402580753,248.17130005957273,251.83406206802704,258.7381845685543,260.9801136462162,262.2908173975422,263.52876785319125,276.25659246518836,278.1719447126248,280.8699140074009,290.92036451007823,297.0783249615137,301.42390909279436,306.53151508595823,317.53204580859114,328.02883200062604,335.24670323612264,335.6086613806756,336.1622444252859,336.64567385422663,349.0068765429304,351.42436232920426,366.8358403370564,373.94213068782034,378.52031798208134,387.7928109422075,392.70538999393,396.9629585054228
Barker_MC_09226,11.36286948475598,14.724768296987149,28.249751110273916,29.69770286172109,32.55200677280316,33.876643229496864,35.85595740846571,37.09996661715498,38.12228884033361,41.0364134643798,43.352747143747095,47.588531416068264,53.48417333570328,57.144689455384594,58.76653134714367,64.40659435427717,71.74082077419983,76.35061034111907,83.56173210952971,90.13978035291785,103.20692543705768,108.5902946393048,124.02020751427324,127.78266766231434,147.85544612494863,149.48371825385271,151.27481759564716,160.50122828008102,164.4470513603642,169.59802903688177,174.40986870429742,176.7684486786529,177.90901112494666,179.70172536821715,189.07765730946247,191.4258925374425,199.3996456970182,215.49233015522125,226.0763342524821,230.2486242164321,232.4084612248879,241.6152240660172,243.49596503711916,249.5708753882768,252.13681939244915,258.82011602527047,260.99033781009797,263.6503298355515,266.14198337960346,278.41103967526817,280.2573539721885,282.85807626139905,292.54626310975567,298.48226283856434,302.6712124799645,307.59471727175224,318.1983619133593,328.26916412835516,335.1941173755835,335.54138641747994,336.0725037756744,336.6595736456393,349.16373663596465,350.510162515944,366.061990172722,372.2932944765802,378.7547263135852,388.07987342315386,393.0203487129915,397.30209396418417
Barker_MC_03922,11.336890421892466,14.721298067951109,27.747572270587657,29.668341991074392,32.74593789819177,34.3045425858946,35.62828153171654,38.06179503344669,39.226547943816584,41.18056950557552,43.14777090792944,47.838774423799656,54.11205315273873,57.87280010479953,59.491410945278,64.77096166057933,71.63638502420312,76.02313254923892,84.7038817743675,90.00009157757023,103.87526657660288,109.14030744914088,124.34806043573084,127.96586592493848,147.47954109628716,149.161226294618,151.0110800127819,160.54357225831518,165.08804891752925,169.96682656053815,172.14888333735814,174.80430193210145,177.79991018267697,178.4554292951844,192.8610210180325,194.89800850361607,198.5490632468311,215.78492404251816,226.570711047116,229.18941526634484,231.6756964342994,242.27399666719035,244.0018742040361,247.98270918066407,251.84286421103383,257.2405573282762,258.99331376487146,262.45258223667,265.69523588465637,277.8080578487309,279.63086115400426,282.1984658098194,291.76328315361945,297.623693780251,301.7593012793121,306.6201100933744,317.08753229017253,326.8791448180541,333.61211976116124,333.9497615724675,334.4661549309359,335.01330727870703,348.9510925993554,351.36064127217264,367.81128338377147,372.76732478226415,378.5355422588699,387.22404100659986,391.82721915109255,395.81664020965286
Barker_MC_01940,11.429675452604668,14.520048671273948,28.313754824942297,30.02805697284768,32.818088687806835,34.262863905581234,34.6939101807144,37.1351475691014,38.75366391024562,41.24855594134747,44.11058668353533,47.80393698288288,54.10327192877366,57.76475489385176,59.29806423280634,64.49601868149709,71.2553358733307,76.16279404488378,82.70191275827156,90.22284575878955,102.43266026729512,108.66347530981425,126.1864754176103,129.90065226447803,146.52366994180923,148.22207290452783,150.09031616351825,159.70962247466176,163.2095394488616,170.73133719081656,173.52166435540653,174.43643593245127,178.04019390653866,179.99845058572922,189.3965625165567,193.25652853947585,198.33434496380283,218.87102732475705,226.05003622661437,228.9917577083417,231.42737994045012,241.80973572647144,243.2242987147255,248.57533876395885,251.8333590755487,258.15304369489263,260.20519220597106,262.47252876400904,264.6031795744627,277.1930317230245,279.0876211240216,281.75634382865206,291.6978452016264,297.78905198547756,302.08752901354643,307.13976741620553,318.02223171478613,328.55444845607485,335.79668268588586,336.15986257351653,336.7153141663634,337.08037312755704,348.5199788108412,351.3445439284893,367.4775866914617,371.74933746910494,378.0971808434727,386.9168451391843,391.5895149647269,395.6391621468638
Barker_MC_03687,11.356476020064015,14.357326933905227,27.84958292681307,30.0609379169836,33.150950686880584,34.240592816823266,35.867432670950315,37.85419478193137,38.71414078500802,42.22473915797816,43.8426650966215,48.17645743107956,54.00049154613601,57.51825876399769,59.04213304285806,64.60926515997805,71.84865369250669,75.80056789408097,82.32590831121318,90.77783034188568,102.78048132198064,109.78204544996076,125.70461466177925,129.5591974064194,148.06575712652472,149.68315025451767,151.46228269530982,160.62055504677792,163.64979864251393,170.6361124998332,173.75732166868502,174.44043862730152,178.17843433258685,179.4653689491658,187.8146065021723,190.5913501946326,199.72038115397004,218.65084131552945,227.5424781700079,229.05058109589643,231.53036326192927,242.1009601222216,243.6389013181068,247.79251745633155,251.45136064092156,257.7874833738011,259.84496972248513,262.6887989129735,265.3540327174789,277.6844662153651,279.540016887377,282.1537495544047,291.8904025430268,297.8560977143342,302.06600300244753,307.0141381278128,317.67557626412133,328.3962235649737,335.7680276927403,336.13770518587313,336.70309429301744,337.2499417135282,349.7585863611717,350.73973608469856,367.35258902765906,371.85610325206056,377.642488467971,386.86411218081486,391.7497406379507,395.9839519674685
Barker_MC_07791,11.503805984249292,14.632836573032996,28.085740866650497,29.731717735559553,32.53828893114059,33.344326063719386,35.47087272280083,37.92245038413277,38.56111133893586,40.89541386984273,44.27584081294572,47.244424496825175,53.927720720507125,57.87460825671559,59.55047249898884,64.73489755611767,71.47662139466543,76.30934115206696,84.30322394747401,91.0671751502114,102.757277269351,111.05093258716911,126.5390015557544,130.18604784344822,146.72250202418712,148.52593959534693,150.50972092362264,160.71430792188815,163.11358250615282,169.4353573817437,173.65784604907518,175.67114837314037,178.1386981294225,180.1710379593435,187.07358254690263,191.93817500825853,199.81157944200368,216.27095444657775,225.68816954241703,229.62890235461663,232.0891437383976,242.57644387434505,243.91259517100573,248.9369328641464,252.28494854922465,258.5728215517098,260.6146400912621,262.0603129791563,263.4277529191702,276.1279606889532,278.0391570038234,280.7312722430493,290.7599152716158,296.9045141764138,301.2406692563883,306.3371927627089,317.30414373357826,326.55202359965034,332.911113406138,333.2300058153129,333.71772361758036,334.20315965294117,348.6670149384895,350.5984540635032,367.41679953821,373.6436809072974,377.64160276862185,386.6856652074138,391.4772214663764,395.62990355747735
Barker_MC_05595,11.469059304225617,14.426865184428577,27.701470781290706,29.703352803662252,32.65110467682586,33.71960678337789,34.74132789543586,36.81312670592508,38.18290396517506,42.40354354106951,44.32723012053967,47.76268798933173,53.8320574561813,57.90900305638343,59.823973461787126,64.95944982819607,71.63752175713849,76.04088399921017,84.04117160244348,91.31507213162551,103.31794168674718,108.31817907903717,126.21325328289872,130.43122335424036,147.88809017580243,149.44154718902314,151.1503499035659,159.95346467858016,163.80504589318426,167.94322725486074,172.68249343785692,174.55531198861686,177.88626651186033,178.27323036646266,190.5268917734488,193.4443218725879,197.87004127799588,217.6165709526804,226.9303529414502,229.10280986514155,231.7953700440092,243.27297826409756,244.22015735103903,248.8790562610969,251.9494138634926,256.63778843503576,258.16021265014933,261.3885025703675,264.4239178328462,277.0739519630696,278.9775978758702,281.6590776025033,291.64810131698397,297.7684252731924,302.0874498710519,307.1638389718535,318.08331261740227,326.7705180838031,332.744073161105,333.04363197029124,333.50178073728193,334.0990600857764,349.97242210447644,351.7950161982454,367.6670881897819,372.25181577248134,377.57086430104664,387.0094687185221,392.0100538403633,396.3438942792924
Barker_MC_04717,11.466221184370273,14.548521783882313,27.637791887631018,29.633492373043815,32.92524530820715,33.880951729885744,35.12446615784381,37.665265229845645,38.30067936894245,41.687493312954395,43.81747219553424,48.002604947076065,53.81160459163156,57.61706715243088,59.37342692968313,64.77107093444529,71.79006047675958,75.78535480252006,84.36264789147164,91.25773842624395,103.13811045408843,108.46733779182816,125.41364939005408,129.45876645437204,148.132361661469,149.851877116433,151.74334411689338,161.46931616761222,163.24295721595283,170.46936278603587,173.38762410395984,174.8434888558488,178.1821621281621,178.78869634048357,187.36540125334497,190.97772690245108,197.19575907080335,216.99951189711152,227.53663442404175,229.94979776481733,232.342792162394,242.54343777240297,243.79283098907257,247.48328794421732,251.43621503715477,257.8708709047159,259.96035325285374,262.87836198178974,265.61143388066444,277.84993409720107,279.6916501492041,282.2858953407354,291.9499537641494,297.8711698883314,302.0496869525535,306.96092975789503,317.52967738918073,326.503582897364,332.67428059974554,332.9837256172691,333.45699446759926,333.95851834979794,349.0762250223399,351.536147734206,367.608780666003,371.96500263481454,378.1977138159291,387.35988763894665,392.21401946571086,396.42093371557326
Barker_MC_04611,11.485111589549684,14.519340758446337,27.83448951062458,29.694694729544544,33.16829031571639,33.79996513666475,35.96828450951311,37.719053157746494,38.735976724422486,41.251969012060776,43.53340404826734,47.7927818255948,53.59192942276303,57.32065689352458,59.01803941087146,64.34082620730585,71.2624729159772,76.08073515627385,82.34930882940772,89.95507028664872,103.94460849291336,109.713481652308,124.89246109747148,128.67120240149362,146.75954242646722,148.61032028384398,150.64617592695836,161.11317939933036,162.82772826840898,168.70910765022435,173.21863942376152,174.98406444752737,179.28934361948637,179.45537879175353,187.1265170139723,193.50577508865896,196.92623060731873,215.50481815738607,226.5420687071919,229.90717154509744,232.21128840176897,242.03307466368216,243.769180550276,249.3315675431762,252.29252491183968,258.9104973561309,261.05950685833614,262.44453559915695,263.7535049075146,276.47941505597464,278.39447920452926,281.09204268260095,291.1409814406082,297.2980156386496,301.64294612623064,306.7497838557098,317.7491891494775,328.31121860857263,335.5739528613783,335.9381607737609,336.4951846397578,336.99559173364923,349.38584985837286,350.71331540636777,366.24603366717423,372.44476913428144,379.0239198395578,387.806167183047,392.45901345774325,396.4914802291467
Barker_MC_03882,11.536223113345368,14.498585564709622,27.991365216701485,29.964700811418165,33.11405538776335,34.26654930883115,35.208684576235285,37.02896231702951,38.668437940193854,41.40105312078513,44.179603626432254,48.049938420040704,53.825864217359765,57.38521681484494,58.95258956197791,64.37599060911741,71.42847410007447,75.5670608958864,83.28975530964689,91.35337729298216,103.23412418402266,109.150500550858,124.96590915236966,128.70484523117307,147.72450218999873,149.41242125728104,151.26913223129154,160.81985048713372,163.03557928887165,170.60355389923942,174.82840631098728,176.553786009402,178.45348759741597,179.9717295021595,191.43750171544767,194.48544881996588,197.3156572628702,216.65611778079324,227.3637653019465,229.3391356886412,231.95148497419012,243.0871772676741,244.2269191721267,247.86018055600277,252.13137398649295,256.5218920141623,257.9475952851397,262.15158466743713,266.0933995350391,278.1967432003998,280.0181201597502,282.5837156616309,292.1410485235986,297.9968733714026,302.1292447522944,306.9862499772288,317.45845902849726,328.88102567230663,336.7354883340741,337.1293699424813,337.73177710828054,338.2291105604705,349.2674667660774,350.6450617916844,367.24439132762734,372.4656609238719,378.41821314568864,387.2197735256371,391.88285187262954,395.9241864400231
Barker_MC_07475,11.532377555466896,14.495665673640673,28.386104765175123,30.245384693277614,33.14330589727972,33.612103968344655,34.8300489153606,37.614136670169785,38.677343015588846,41.32938018997789,43.8008820314033,47.55161987144215,53.99691232439733,57.96524243197397,59.710927310377485,64.75541935180115,71.31517706346234,75.78362658234114,83.09752717825349,90.50537910511842,103.2082589140275,108.42719840924364,126.2349065174117,130.25856699998255,147.08725851324814,148.87199287356586,150.83520066991525,160.93457305128072,163.3933831598771,169.89869693811184,174.00963844615472,176.17444580312457,176.86003112082238,178.85060116739336,192.87194085408737,194.38929996273552,199.50734545939807,215.15311208266817,226.72364927229975,229.63406447304587,231.948592175616,241.81475687385984,243.51530888804615,248.47454861398495,251.39532038204104,258.3570376252735,260.61766905481016,262.76616261972833,264.78166325342136,277.305593165317,279.19026222972843,281.84501112691026,291.73445740038125,297.79376976875795,302.06973936650877,307.09552353827274,317.91555095538087,327.7038748983265,334.4345885223804,334.7721169342061,335.28833685817483,335.9186563281664,349.93793304629696,350.8417532999278,367.139228397976,372.2305129861078,378.0779314002429,387.11499930936645,391.90284985724657,396.052320332076
Barker_MC_02455,11.269204695525366,14.579121214241956,27.895638310408504,29.45957211704491,33.09691555682409,34.17914036636197,35.21967149402401,38.10097509701526,38.808324635074136,42.43074151181452,43.57730322235056,48.053085241882435,53.82685414008016,57.590034033120794,59.32052495389907,64.51122691185387,71.26111310812968,75.22832456970163,82.38304452725933,90.09911760430509,103.49448034767433,108.50769482268636,124.7849968949622,128.79467805258753,146.7083012760277,148.3624930597328,150.18210402180836,159.5619295751763,164.46769742511995,168.28214107717852,174.93096632448052,175.22731213251876,176.9800340602294,177.6545932629176,187.96989989939527,190.18412351073275,196.87648140918213,215.1930178935478,227.8760811440041,229.2424594560912,231.6331675606324,241.82406736219357,243.5201389680181,249.4011708486639,252.09019597206816,257.57385826668394,259.3545308937178,262.0111813437255,264.5095063152468,277.11382985555673,279.0105969902635,281.6823872552807,291.6353158761079,297.73352419091805,302.0369420986938,307.09498779124533,317.99621125531604,329.329730157126,337.1229612072549,337.513772203869,338.11148313986706,338.6212950593861,349.6662789479803,351.4607307266293,366.72841125800875,372.17179897644434,378.0125082349738,387.1479620422664,391.9879375693088,396.1825830260789
Barker_MC_08801,11.427051870200978,14.729805060920915,27.66614199795144,29.98102376600624,32.826152950279074,33.572896291187,35.236381998347554,37.99931120478531,38.80779886059733,41.98966291216178,43.84287928537104,47.37528154112554,53.88974197940112,57.85033358627601,59.57460435875134,64.89718925668676,71.81857342054195,75.29746622078862,84.79238772441109,90.84854288431262,102.45060722062163,108.84924384319592,124.94233806768568,128.31867053898011,147.68809756737122,149.37075841547298,151.22168534838485,160.7453399697226,163.32277358795494,169.01327992858955,174.18753926888158,177.9201722462739,178.41560753025328,178.9456661523337,191.61611695438356,192.70513637208353,197.9504884503189,217.73764217748632,226.5323296224491,229.73883784353905,232.12678144577748,242.30589697057349,243.93134662775432,248.74739429583323,252.125185519739,257.97285478391194,259.87172893611563,262.8413515986428,265.6256575836534,277.7289543533103,279.5503242555402,282.11590981674584,291.6732056478018,297.52900780658405,301.66136317615957,306.518349582106,316.9751724707101,326.46008887181665,332.9821713464111,333.30923742920794,333.8094561440736,334.4730755403224,349.3965380527285,351.27797017180063,365.8813941709882,373.7194720604281,378.08068625899017,387.1230791097333,391.9137508187362,396.06566629987213
Barker_MC_09513,11.299953255840194,14.529171491236577,27.66661737603908,30.21368932357545,32.61707684737755,33.33261060952978,35.496162628243745,37.72701251880235,39.07083064079691,41.77621847799768,43.38007908813182,47.62329369095209,53.83382107688065,57.39004423388336,58.85937835045048,64.434338155591,71.68390565885358,76.23304716504711,82.91541774101226,90.33710697359052,103.3793978144224,110.17024820717938,125.96720534540914,129.64692435074502,147.4213104890503,149.19785840309004,151.15206110853367,161.21496167372652,165.01325637400703,170.17592204766854,172.12895686617318,177.9198639465926,179.12764989241612,179.22098425631225,188.58252793713064,192.13600056055876,200.66689438670457,217.01735359137876,225.33019000133223,229.54792036195,232.15388048533293,243.26233762144804,244.526484300018,248.1756256195904,251.82154624708252,257.2412074221881,259.0010973978681,261.6551469196643,264.150820721014,276.6265948719635,278.50401719565,281.14855831826236,290.9999786834134,297.0359923907499,301.29552045846896,306.3019799882998,317.0856301588895,327.4962823209972,334.6549254912902,335.01391349688015,335.56295397601764,336.0280104645789,348.8928169512399,350.8479667963004,365.86644407208973,373.23133171074426,379.2081104698406,388.26965868767707,393.0704789355374,397.23118981701634
Barker_MC_08195,11.384062370522852,14.48634235933086,28.27636531018056,29.693172025212483,33.07348628885791,33.59209352147054,35.000576595644425,37.76135781796637,38.92537060242149,41.12601680517904,44.12008567681987,47.10810578726895,53.89422114670283,57.85677485879117,59.52246063954147,64.63449745322797,71.28208905125372,75.4669952010167,84.5035497309079,91.0588716454006,103.90320434809595,110.21766946258847,126.26189941507242,130.04391446250182,147.54008236284278,149.13244234041116,150.8840383157363,159.90385442473732,163.33731759335865,171.2248824147923,173.62328831871017,176.52265724026006,179.03018951276465,180.18738825878376,192.11427245078727,194.7550858237867,199.66426237946044,217.89548092214145,226.4957608907137,229.28901012476484,231.87188462097853,242.881934380262,244.2576186479372,248.496237014046,251.59583979434765,256.94847629388886,258.6866017992749,261.12249812982634,263.4167290541801,276.07665682264206,277.9817915839154,280.6653685057092,290.6622046723911,296.7873153564852,301.10971787937433,306.1900772427701,317.1272870070542,326.9824117046044,333.7590593161043,334.09889120222675,334.6186340868845,335.10770486730735,348.73630718527534,351.351118643678,366.9450887066496,372.54992287399455,378.9378835619371,387.5093198763497,392.0504781886212,395.9861487259232
Barker_MC_09651,11.509219979805728,14.633484471655953,27.871656027172723,29.842081392470313,33.06805203082982,33.84861871620475,35.86425738826768,37.58582819163821,38.70390201142976,41.35726889162121,43.62137912348173,47.43071928450731,53.71518508492424,57.65261672142276,59.40916332600443,64.54867409409869,71.23199227922505,75.43402073910896,82.30692420188406,90.16154186130223,103.09501724015767,110.19466645755564,126.06041888950392,130.21610539776705,147.7564595524474,149.31282523176245,151.02482747900893,159.84644973802216,163.98280207260314,170.06366464438,173.0930091595367,175.0252471308355,178.66924849213987,179.7809263334528,189.15858588821047,193.10983180943543,197.45997802015611,218.4364651799048,226.17956339336897,229.0189935133034,231.4978866026977,242.06469358545465,243.66409950129696,248.05675625390995,252.4021746006107,257.97496311348306,259.7845770955227,262.44136375637055,264.9392473237844,277.54941205599897,279.4470582050215,282.1200866514942,292.07762773453743,298.1786621276315,302.48407435820974,307.5444640889366,318.4478791058421,329.4254858197015,336.9739821199009,337.3525202824478,337.9314610016371,338.4692831703145,349.71440376352103,351.52633464299805,367.1499867389368,373.44539134685874,378.6952144033113,387.5324496739082,392.21442862521786,396.2721437163529
Barker_MC_03852,11.282718029404188,14.778660220000836,28.162698664394195,30.112884226431767,32.84814479692329,34.301366234420186,35.108753891807964,37.60481129217138,38.74778243643495,40.93604201876025,43.76686316375831,47.0754491750897,53.40925726167896,57.515995476498965,59.396427688513775,64.66156761388459,71.50825147121088,75.39596295493472,83.1154059314605,90.19952607190444,103.57221413271654,110.32380509831653,125.29110641445382,129.17980053835194,146.68974216696736,148.30611494126063,150.0841249929832,159.24314706747188,163.16529832231953,167.79513318157876,174.2352975026283,176.83578372704332,178.1152724337921,179.93487381159864,187.35794161880048,194.06856870581188,199.3446624765452,217.8389843559618,227.03375751454243,228.9277153671353,231.40121695975824,241.9450415452609,243.7539708103624,248.98821558205063,251.48295545142255,257.46314683410526,259.4050539989616,261.80428872919026,264.06015473677326,276.7075015094472,278.61074301407285,281.29165309048113,291.2785547491622,297.3975785113459,301.71568558098056,306.7909962599824,317.72382924082984,328.3889004006,335.7224888857157,336.09024996019053,336.6527080740932,337.04437672606457,349.2135892184445,350.7009876056856,367.0551679448745,372.8475631971728,377.8368764088156,387.1072258019501,392.01866918904113,396.27525345785335
Barker_MC_08319,11.479871948695209,14.765589266422522,28.21482128709818,29.82401919512696,32.61119846314803,34.41923945289212,35.41649783161501,37.17488964910662,38.06395529311514,41.30395188519271,43.67309719704416,47.408157774508275,53.51863266417073,57.54882952996356,59.417708826321686,64.89411913901573,72.01553483080798,75.06850802617079,82.99640992949058,90.43637137071617,103.53143746871244,109.74886265360928,125.49112355669313,128.8984212541596,147.02780627349165,148.91352516017145,150.98781593551914,161.65186918346146,163.32230852717538,168.94724422875112,173.63530347020094,176.9214031201995,177.69815819096831,179.40392141929613,189.83472319756163,192.9292460858369,198.80196760030103,217.22955177015035,225.3402159272268,229.77347034804555,232.1283802249261,242.1666824967135,243.80440549687157,248.21257701468517,251.6945578407114,257.72110097784116,259.6780596349165,261.70373884834254,263.61240594961737,276.34683451379544,278.263180559861,280.9625497215234,291.01821499550215,297.1793705629605,301.5272094416686,306.63746556451025,317.6395930269802,327.62275269732123,334.48744058422915,334.83168746941334,335.3581827055773,335.9007247647317,348.925511054651,350.7003584462062,367.5539868638152,373.4788636795832,377.3104437817103,387.0664679190695,392.23522242892864,396.71480967080663
Barker_MC_09463,11.40661696499806,14.431251715860297,28.129138823907866,29.782221728242884,32.89813594673344,33.46048238937273,35.151563307768285,37.50002878345683,38.35346163899197,41.95157004276612,43.06224612506114,47.858450897128506,54.16050096658118,57.802700594911,59.32058484594083,64.7487781069332,71.80749329803353,75.43227678726556,83.96014267241819,90.91191304115165,103.5497924264952,108.46865113675564,124.73789383828316,128.36932046902626,147.00682523219143,148.7881796811701,150.7476695750466,160.8347257301912,164.22242819240876,169.13295266654595,172.51280278650253,176.42337089643286,177.71578224230564,179.0717980294819,187.85678998877572,190.7625018278856,199.3361008693111,217.79594109796648,226.214155934051,230.06407091019864,232.44340897921387,242.5858415954397,243.77225252293167,248.32454930830903,251.57408132326995,258.63400137250994,260.9265215361007,263.24915873876546,265.42441464931636,277.6559414554446,279.4966081107357,282.08937511980173,291.747927031437,297.66576928877083,301.84190546367876,306.75034987778844,317.3145681821231,326.4718319960225,332.76861177880517,333.08437949652586,333.56731835892214,334.156892193017,348.8048754926018,351.20171264957844,367.0200050292664,373.630601449816,379.204324553252,387.9749769524824,392.6216802103528,396.6488230338405
Barker_MC_06578,11.357421674240385,14.658915450126011,27.62022395984022,30.071878123153414,32.837288171145595,33.8261169076923,35.64993041472524,37.46923919323896,38.548709083574856,42.28754762346402,44.186537604957906,47.634937017221134,53.72796093753723,57.44015936324708,59.059288322535025,64.40552041450935,71.35765492194365,75.56854648332077,82.57151473978904,90.27673640550977,102.7322818323552,111.27286938938622,126.65533291439448,130.45183673122472,146.8238178909305,148.47944260090986,150.30062978188707,159.67803839359098,163.14286001656907,171.13603675904753,172.43425287475662,174.76568114857585,176.92809212156763,179.74128021914143,189.99188886432248,193.5958193155664,197.92772655976776,218.81598598874635,225.9011504487205,229.62152337039916,232.16831419946143,243.02454968266747,244.52857973291415,248.7997223449415,251.82525169280137,256.81869670778485,258.44018438792705,261.93087814466105,265.2074982585296,277.7150634316466,279.59726984119334,282.2485498374366,292.12507379290764,298.1764685934934,302.44685087751884,307.46606796964346,318.26359365399867,326.98311948550304,332.97889891122304,333.2795722157577,333.7394255050459,334.3982143451994,349.6702810789523,351.31983034672874,366.4770814209426,372.52705636395393,377.59355748390095,387.085036059675,392.1136339806149,396.4717521787627
Barker_MC_02991,11.500518712429663,14.388319192131783,28.27261845368256,30.189672047608887,33.01812474187451,33.98685849406038,35.968983393799945,37.20022805276881,38.60798674089264,42.3624064167202,44.28926110734178,47.82818358493894,53.90761515407582,57.95527120266173,59.84475194379392,65.07245933528075,71.87046666565527,76.04563479046652,82.48676280231038,90.86256846817557,102.65513794828225,108.62880480423784,124.58184002656871,128.27117611168032,147.7176166751009,149.32961461817243,151.102812355551,160.231255758174,163.34917522688704,170.77386056219112,173.87239605241152,176.94821020866488,177.63564213288277,179.79174955098355,189.9777887810136,191.8418504974802,197.3570556649278,215.68805744932433,226.69360875589825,229.41541264741693,231.836242493093,242.15554259796644,243.66480012367683,248.04416621102305,251.71096142193397,257.87871028583453,259.8815217250347,261.6988139510026,263.41319067842977,276.2287619564851,278.1573187992992,280.87388811552137,290.9936272477075,297.19404118320676,301.5695841276561,306.71240237516054,317.78920564212314,328.4131543887633,335.7184660015645,336.08480906179346,336.645098448026,337.0421815947319,349.6918637125513,351.78336312167437,366.59499286707216,373.21211931788054,377.6615601083786,386.7000117159783,391.48859534914374,395.63870116455394
Barker_MC_08296,11.445799139855437,14.538476723958652,28.022945585252845,29.682252146821305,32.624061606372926,33.51900215936793,35.194431381516154,37.36273791671286,38.20766390666695,42.2881853454498,43.79088348505925,47.71691042195843,54.00310302505889,58.03717872641074,59.87044486411859,65.08881881510663,71.87468912399603,76.1973662180163,82.99949164483769,91.3303302477868,102.93936906249456,111.13750788422423,125.04959494526466,128.80798745004134,146.84740186604574,148.6815796264314,150.69917516285554,161.07667342891543,163.37574145955494,168.4406810127413,173.31477996713056,175.1557881389589,177.953369526597,178.67599422718254,190.2860883142173,193.14129343971257,199.15165184539123,214.71383206613783,226.30908776907015,229.4714336753822,231.9893266846151,242.72237908837891,244.1272543242944,248.3503276512119,252.07936371524963,256.662487449367,258.1507342707778,261.61458563246305,264.86848956257575,277.2767643932829,279.14402905227274,281.77426206654894,291.57238199759274,297.5757382668184,301.81222045011816,306.79159287409124,317.50713104930213,326.6281292465517,332.89997182031954,333.2144889995351,333.6955152736293,334.33466760076664,350.1333456969035,351.85458130710833,367.4164085984,371.897896120439,378.11853862157267,386.9451122336395,391.6214426241384,395.6742622959042
Barker_MC_09493,11.40778380085498,14.528945120298443,28.1495539261932,29.633310170713113,33.14433267097388,34.07595469008058,35.369067630750145,37.79172383741867,38.33396440724337,41.739076659786434,44.28019380417469,48.17322773656491,53.68849148130671,57.56490102121672,59.44239768894208,64.84772653944812,71.87670930322402,75.79103236009209,83.35873283231754,90.78076708518189,103.24510079214826,108.73667706168789,126.58679774319926,130.33983552908109,147.11362613900724,148.78158416109108,150.61633798538327,160.059258017219,162.95436860114984,170.69075617730294,173.59872216143054,176.6502098354761,177.66131162113166,178.12673273578088,187.07255763581657,194.19384235554656,199.03679581971969,214.71084663521933,226.5234658564444,229.88338672688465,232.36920861717195,242.9655510817016,244.42149784387743,248.92066356630195,252.15254275075387,258.91742320260096,261.11413715006415,262.15615574623746,263.1452888249577,275.8876472482005,277.8051866225719,280.50623670905225,290.568163748765,296.73315593088415,301.083702253383,306.1971405850403,317.21403381556325,328.20274858866316,335.75888308781293,336.13780428688534,336.71733082664315,337.31230678483837,349.0818395043155,350.57587619355286,365.8673254651193,373.6796571037409,378.12769152502335,387.45520049971606,392.3969271088246,396.67975683671887
Barker_MC_03910,11.3985629972165,14.355998070774111,28.324824505601914,30.001502399238188,32.70668808849948,33.98379858245607,35.43953943553051,38.10099650199428,38.67593733122288,41.04195432847263,43.96960262051412,47.576623437020785,54.116722341801,57.92773324729848,59.52720430348866,64.97546226957208,72.06026920645623,75.52072748207816,82.37935329609229,90.46436581054141,103.61894279844658,110.6927286845473,124.53860786634633,127.80498764569958,148.38978464445125,150.09656636836397,151.9740262646679,161.63876196500692,164.8782458427943,167.91171186318255,173.20957625378895,174.47622767407725,176.9372906323034,178.54536801287136,192.0499981176545,194.76621312480748,201.11693090004087,215.7753922853524,225.76216323116648,229.3135534225,231.68439336153767,241.79060089828295,243.60221774624017,248.75513040309224,251.68511681362548,258.32604290695673,260.48250599261405,262.83058543238764,265.03405141120527,277.60359913739967,279.495133018526,282.1595517112954,292.0850198187111,298.1664029419023,302.4579475539202,307.50203790359046,318.3573632382198,327.6619491044537,334.0600314749471,334.3808792634379,334.87158764583563,335.4719411845081,349.9222351892353,351.00265519851575,366.9379557934945,373.7101201030192,378.86285225770746,387.64291707230194,392.2946070402989,396.3260716792296
Barker_MC_00852,11.459899226905163,14.639554953976392,27.933892246501152,29.90104449356951,32.951301300355865,34.44422922044257,35.79354776099731,37.45890005227821,38.70362661746518,42.454657882814445,43.83965652452246,47.69226080895096,53.52552939155749,57.239726710102445,58.91791627639362,64.48518951195067,71.72476155210468,75.78529017147159,83.70968693513663,90.1583073627533,103.47251198447366,109.93390370781606,124.39532544608656,127.75444626145212,146.75492491286525,148.53762712940622,150.4985995676012,160.593995346989,164.08128991892522,171.103368950761,171.6199162402585,177.49733965174002,178.98237998301465,179.78245045462037,187.28025966796855,193.29573237646608,199.92638807236244,219.02718130504056,227.57427887440628,229.54442669472397,231.99794021948637,242.45656143097355,243.63817135771785,247.6254274722764,251.8233293694693,256.42611743212177,257.9207497181491,262.15391255070256,266.1217101271166,278.2796855487979,280.1092837918664,282.68645981167265,292.2869323129355,298.16918902989784,302.3202130007308,307.1991416489136,317.70079799486535,326.92464801484584,333.2672142557654,333.5852780495578,334.0717285577109,334.6019296964602,349.2839941077365,350.69991672313324,366.28160702236033,372.5403043151016,379.1693141272228,388.1160997835424,392.85611867430765,396.9641350463043
Barker_MC_02025,11.379938047944162,14.784025834285195,28.06877538011091,29.837007835567704,32.87952886388074,33.265562476453944,35.74348527179847,37.74571072397697,38.72263521965213,41.503418553447005,43.26538244319886,47.3489798971759,53.478866789660074,57.336233892511586,59.06319856344516,64.38279990002832,71.30030429969156,76.09752074099515,83.85114969924102,91.29257079757708,103.56085903844848,110.1150339490106,125.72601342763502,129.1895867209686,148.37995051687352,150.0948437289532,151.9812262622408,161.68370205745455,163.81561209941856,169.4897132956617,171.8471075207803,174.359568649966,176.81138127117896,179.37279299709903,191.9713178389911,193.55907777882084,199.63566987616232,217.01211329669977,226.8484759127933,229.9790174418102,232.48892650057724,243.18794562396545,244.5119360687924,249.32141216310796,252.26073863431617,258.24440200065555,260.1874365993192,262.3405472813629,264.36713495989136,276.9357068952697,278.8270939340887,281.4913057844683,291.41600336450813,297.49691438178667,301.78812583545147,306.83182460563563,317.6826962058584,326.5306152534483,332.6146812922575,332.91978194907097,333.38640648302095,333.98396603169994,349.19791713953083,351.6174393292181,366.6506650793424,371.5801493163663,377.5106084026622,386.8709961210925,391.83014193218133,396.1280683017917
Barker_MC_02979,11.28019067093626,14.626512252189888,27.971086251809385,29.742715675027604,32.998917569424975,33.43384210926098,34.935236032491204,36.94369864696205,37.90736466067495,41.081182096480504,43.55189269457366,47.04469062604101,53.74960656847629,57.79141818348248,59.53841435828369,64.77948637455235,71.59487279874959,75.52544486105897,82.73635586966495,90.96954491624616,103.68066998290716,109.52543785075608,125.35755746333604,128.99359533163562,147.62918886756225,149.22309661375104,150.97639513455866,160.01414799740235,164.70797827808187,169.49492824900483,172.1104558293899,174.3483141219706,177.70278469929153,180.0358198741203,189.8505986424162,193.23435737812457,197.30255813865344,218.92552006381055,227.87857349582688,230.23014973759095,232.63934101718257,242.90902926832297,244.31850171421047,249.26242081743712,251.9368837791109,256.98743596477226,258.6274676708172,261.55044701295276,264.2988259953466,276.8083225585722,278.6908196142032,281.3425090151459,291.2205580812528,297.2728873246258,301.54392903148766,306.5639211798371,317.37562360088714,327.6759924500657,334.75880186156974,335.11398699430003,335.6572113149464,336.13354977571134,349.56590518340016,351.57077592115587,365.84535694583707,371.7083255651027,378.1158012505318,387.5068231320448,392.48219896330994,396.7941913504064
Barker_MC_07611,11.400068959749312,14.604041078388327,28.361601529876157,30.14785073681651,32.963777390259054,34.37531293761953,35.49543914797712,37.14514465777574,38.18213785425493,41.22780281930678,44.2238803957773,47.73567625599583,54.25843259988248,57.6872235763142,58.985890847838526,64.56494711049834,71.8198415661244,75.967334347382,82.94244932989031,90.86934946729943,103.27060432650316,111.22423240374968,125.74886905962684,129.36090654321958,147.5541098508186,149.12518190313904,150.85336116069143,159.75297627815286,163.19304705339903,168.21987405268905,172.2412262122431,175.65552660867962,178.28240203856322,178.9394796547086,189.27224677774893,192.5924584142848,197.3296540983828,217.18094882140144,225.52901069718777,229.74697754950552,232.06272392676885,241.93408348408616,243.76151272890425,249.4065029415244,251.94513556178435,258.47165757913683,260.59097100174563,262.5972862373262,264.4830306725954,276.91423331712156,278.78494827819094,281.42004139539637,291.2362661373523,297.2507153132638,301.4950256012817,306.48359883080025,317.22151374778946,326.6847168871458,333.1918687415916,333.51818609122455,334.0172596847808,334.57681949376706,348.7646849127334,351.12858657413693,366.387910266792,372.58907491372486,377.51295457832833,386.75736631504253,391.65506789740766,395.8997426021241
Barker_MC_09760,11.524738453392628,14.688876091610496,27.631446918386523,29.42469403468363,32.86559609059821,34.00422225290834,35.541850246875825,37.11201689346441,38.45220248190779,41.77678240836744,43.32407730748825,47.99268055953016,53.582082402378695,57.31067055764763,59.05437063643838,64.51576902654479,71.61766351101777,75.70666033119196,84.81348708980998,90.06513741778699,102.848380253661,108.35617693762856,124.88204378502424,128.28368752967708,148.01713318761642,149.78558030336927,151.73087213069735,161.72817066702024,162.80622965626753,170.0910301702953,172.0900142269069,176.57247902785866,177.72245578563405,178.03451138236252,192.0156104209834,194.5622007553628,198.6419363332469,216.53027169385572,226.08609266054563,228.9724647662972,231.61401759136993,242.87419615926467,244.40606328977267,248.31048511225907,251.48272766928167,257.09438103718406,258.9166153411523,261.9696866938893,264.83537915199605,277.3677842560672,279.2537287134759,281.91027413197645,291.8064127902074,297.8698256156399,302.14868884696523,307.1778740667219,318.0089146665577,328.26991255492965,335.3256494396316,335.67947695302377,336.2206249146823,336.6096537057948,348.42379831462506,350.89557327626903,366.6513432179035,373.09681291351126,378.3685739475792,387.65642076857546,392.57713431612314,396.84175272399784
Barker_MC_00178,11.353494312803647,14.560781458238203,27.917128502804022,29.46090728197804,32.726147578018924,33.67131006053118,35.26868073941667,36.99814918699061,38.44403924911438,41.688060293693,43.955383179529456,47.9521260687786,54.24032827740263,58.068604477102525,59.737417077464634,64.89469629051398,71.60112021014467,75.18340981512698,83.7992161363929,90.78003890056364,103.86987542856092,111.1469730853713,125.56922664961284,129.377572417569,146.70499336684142,148.4233866960689,150.31361935821903,160.0545679790785,164.75025312610782,169.95952424177256,172.96996677526872,174.91274047087506,177.9708164225312,180.23491648940413,187.03170322984147,193.59495957982972,197.2006676732658,217.2055170938555,225.7151914158323,229.59692687523128,232.0978057562747,242.75833183394303,244.02674855140197,247.57178474766883,251.53422043708815,257.20117993095334,259.0413734197361,261.13867966059337,263.117375402172,276.0489374276212,277.9949491887324,280.73610554040533,290.94743607182795,297.20396850808896,301.61911347147054,306.80847816776725,317.9867921805071,328.86563354977767,336.3462161546107,336.72134861562006,337.2950806148108,337.7894065442597,349.38459766244364,351.2473710782873,366.9084618559846,373.89729612373736,377.9783890558172,387.4882486140896,392.52658480390267,396.89314283507406
Barker_MC_09948,11.488985002775722,14.514597201550412,27.75654738257614,29.522543209187415,32.58273729654013,33.540085930721844,35.0071965918472,38.039914605128565,38.715587807292046,42.30922443300511,43.45134941953638,47.59580326490748,53.63861656861525,57.683896182190495,59.57983586241197,64.89529329403798,71.8074090416277,76.03731514621666,84.34068759316835,90.2237739973719,103.21508524046328,109.86401506012648,126.09258450109044,130.01338515214425,146.81738428477664,148.4252921070635,150.193990711579,159.30784276967626,163.5927274222174,170.5731990783287,171.52494336272298,176.13271950058498,177.5072580218803,180.1882798239375,188.4083603294412,194.01986786894136,199.74967773950223,218.1926819530696,227.23532881688368,229.9031601083377,232.3138703245597,242.590033364896,244.21481692071217,249.0898759713165,251.94583018596543,258.8123856157909,261.0421157922655,263.43351844140847,265.6748660538175,278.0723431932486,279.9379829569494,282.5659271402269,292.355520739001,298.3536528825122,302.58644847542485,307.5614878452936,318.2683747125903,327.4664577243798,333.7913058805595,334.10848115682813,334.59357275582715,335.18239107732404,349.6937404130336,351.62854919759894,366.5298161487885,373.57026709429806,378.92765813480486,388.30226138537495,393.2689386042199,397.5733921938856
Barker_MC_08368,11.40851561888654,14.351986062494316,28.139637695204023,29.56584651886061,32.89056496254126,33.4370537821229,35.62229022088863,38.0688091111844,38.57198885009581,41.84118239160687,43.54005157980976,48.11294431148806,53.76413011550397,57.79236278785584,59.7610727467648,64.71571454277088,71.15863277179777,75.99860639337882,84.16176809563471,90.25797805514745,103.61321753293396,108.89262312588464,125.6179584808488,129.13362078692344,146.5142592219945,148.33717660969785,150.34238573617145,160.65504846721484,162.78563265423543,169.38483524462535,174.61490394146966,176.16900615183846,179.29162237502263,179.58858593776003,191.0263783009933,192.55700570341895,197.80320226797116,215.5798112048136,225.56443753236667,229.9335456218676,232.26635258045977,242.21043648022092,243.51850005237804,248.91735070765392,252.12702186683603,258.68390147698665,260.81307271570705,262.52053163530326,264.1286471195935,276.6481701717743,278.5321760679763,281.185990824992,291.0719572480734,297.12913749500234,301.4036024853101,306.42761820851536,317.2587282239461,328.9236763368327,336.9448069864647,337.34704657656425,337.9622365378929,338.32108072268784,349.249135158516,351.53390210907907,367.73936201690555,374.0653608609989,377.4996341630233,387.05420598198987,392.11623078674035,396.5033189508573
Barker_MC_03029,11.26828837746324,14.70565642843591,27.936071995910712,30.06322112758733,32.764381808896886,33.52443483799409,35.104642356952056,38.12210081240181,39.18218464043097,41.89635350236003,43.13360644180872,47.52936802733409,53.6265778168698,57.5828967062509,59.39602430876692,64.5997969692608,71.36668004868629,75.22651836328511,82.90898397976733,90.95250992615652,102.94164439520657,109.19836742257412,125.25482788050968,129.11619318663102,147.27408177435285,149.06027163732475,151.02508048659377,161.13954726672486,164.5405201000167,168.1578779898668,173.57262564974346,174.64750753767572,178.17851495728044,178.7301725916569,187.43566817178817,193.59375590927988,196.8830449967946,215.1450896400385,225.288321073234,229.0167614704261,231.6555863385278,242.9041364118765,244.15379647478437,247.91855525433064,251.45943166063984,256.43375265903836,258.04903032641494,261.14936554270787,264.06468596651837,276.86961757057196,278.7965732973955,281.5108872781901,291.6222248555011,297.81749111700924,302.18940142195316,307.3279500268161,318.3949025306936,328.92737324286236,336.1697821098506,336.5329707550978,337.0884357419464,337.6021484512703,349.5465844372616,350.707780406218,367.4391733315742,372.3230542329269,378.40824124091455,386.972583701812,391.5099836810954,395.44239699647426
Barker_MC_08194,11.334404398978904,14.752473900593072,28.311656930316772,30.041950728667928,33.21391824935309,33.61472219697536,35.9861507544634,37.9172227202019,38.6536898168189,41.15400311968478,43.93226244365998,47.14819233734671,53.578744550066205,57.888128383734696,59.908621844572195,64.86518459136202,71.31060078680737,76.05773283894287,82.5352273026782,90.38428090695945,102.8538165913044,109.90858078599082,125.35030853856664,129.3626680544732,147.69490681726714,149.48351935908832,151.45099315509157,161.57464429911062,164.35863530784167,169.68152012019632,174.20696237916758,175.01473465909174,176.71997473425307,177.396282151966,188.2919607942762,193.30695418389692,200.89150161684265,219.00357678349496,227.1784117580928,229.4180587405874,231.89631335322443,242.46039869353305,243.77386744757993,247.71548732032144,251.97377629992323,257.40502912054137,259.168683172993,261.53254957164074,263.76034787975067,276.62781678770136,278.564183468024,281.29175373815605,291.452473523075,297.677996506048,302.0712585441995,307.23490302505996,318.35177760964814,328.41456730721154,335.33401093291934,335.68100368111124,336.2116984724634,336.75649941867226,349.6096857190402,350.6223421197094,365.9580427947926,371.914136340352,378.4527217163808,387.8430883346654,392.81811700660427,397.12980852228446
Barker_MC_00480,11.465271291266566,14.676374369206547,28.14730490243548,30.168922742865337,33.280188411601344,33.5696973566026,35.03436042851892,36.925455094091305,38.19221798714379,41.64806435505818,43.12478044921363,47.028531327461025,53.43514396870915,57.469922712056345,59.27720460819886,64.48151457431116,71.24909635533933,75.80218088378952,82.66493944479055,91.0614443543682,103.32624473807395,108.94321499734316,125.01298450479794,128.86042886654886,147.3692309547699,149.11823957482426,151.04214905688394,160.93998256037088,163.4351564226444,168.8178204246959,173.7865507413647,175.13788479977424,176.59610891667495,177.7830572477195,189.5907921285868,194.96593444144295,200.95048784183695,215.60549901019616,226.56988019609415,230.3198396573886,232.73398930287448,243.02481363914035,244.47669884498052,249.1854503598075,251.95993597025745,258.69215968802894,260.8782692347591,262.2628940678093,263.5718702652328,276.5208303744294,278.4694602937745,281.214304588766,291.4393734128565,297.7043233686005,302.1254084544266,307.32175490601355,318.4956216974255,326.92864347373705,332.7274150400039,333.0182088943595,333.46295243631505,334.15330386736554,350.2099479958232,351.8512580943176,367.1701095536404,373.5368827863133,379.18226003893824,388.3723967122123,393.24134329407934,397.46109699836416
Barker_MC_06956,11.496490328327196,14.55440359780746,27.899868394457833,30.159867245163586,32.833407390663965,33.381835369003014,35.281906280286584,37.51680169253934,38.66502882867824,42.128976273820946,43.2341781977704,47.82474360035531,53.7610186866915,57.89005039363399,59.87635727252487,65.0457583967983,71.76794541011203,76.0883667919987,83.39079754307599,91.05078045255996,103.58239734941078,111.17967889311754,125.44575283791548,128.94755600860535,146.67706668967708,148.3457950378907,150.1813962209256,159.63332266273773,163.16658601397685,171.2650969122714,174.07696871906484,176.0778186072245,176.88419610963072,179.960418107949,192.53027453592816,193.33749868665743,197.1808030452031,217.44617215580212,226.5819453330587,229.11975273858505,231.59249484865748,242.13308197888136,243.49081328896384,249.03247791733648,252.0681263182334,256.84990973224603,258.4026659700065,261.9832888498384,265.34335437636906,277.5418714060462,279.3775705707063,281.96334036178683,291.59582630107883,297.49769780896474,301.6625636556669,306.5577614280939,317.0977756846226,326.7740332392997,333.42768701421954,333.7613510678291,334.27166079687896,334.83040841462997,349.23274643424304,350.77677420568057,367.1723060108688,373.5571793069007,378.76628157381936,387.66406087404096,392.3781161324365,396.46363068971266
Barker_MC_01547,11.422286122791167,14.537930308417376,27.617328749448003,29.92386387833421,33.0652971870116,33.281783457876976,35.532381365087204,37.302819535190125,38.59472177520191,41.49875889510228,44.15925802608328,47.716513877799485,54.07711863709765,57.52896804127817,58.88180194641011,64.60778172840514,72.053732623623,76.0555496814462,83.23418692986027,90.96044666658956,103.04295418353882,109.85914114438124,125.74559782028966,129.95684304932,147.60036501652243,149.12849868186282,150.80944571373723,159.48337136866613,165.2343014804668,167.7717366886159,172.98825251848567,177.67080466265423,179.31772937059557,179.33052202914183,188.81597927233253,194.0875413566496,198.4413663523894,214.74939413726432,226.0156380238377,229.44353468063767,232.021788296862,243.01214057619097,244.3237950465607,248.20539600156783,252.2240344115086,257.58389188006487,259.3243622019576,262.7109441918389,265.8864407771276,278.0329940957878,279.8608734786929,282.4356283083766,292.02708141437364,297.9038119034989,302.05093609482145,306.9252811159019,317.42477127868,327.6121751288451,334.6173067824068,334.96859657034355,335.505863304835,335.93150316201854,349.58156321472336,350.8588534835525,366.2479355543664,372.1783015225882,378.8947326006402,387.6517849070132,392.2912828176743,396.31218100691393
Barker_MC_09425,11.319574986448934,14.498633912258162,27.851743231997588,29.597246491379025,33.201739374582296,34.030546818839134,35.78979028505227,37.71237794758445,38.43428668108059,41.98246420572953,43.362524141607786,48.08233212837871,54.210200633641165,57.65805398569117,59.05946080282884,64.72985783813205,72.10353002852632,76.27436623461736,83.93660062629866,90.58915528916253,103.65905421904564,108.94060209729156,125.8836401286117,129.87850269569466,147.2365372946059,148.9784126121305,150.8944754614075,160.7534292144597,163.44246787328393,170.44287174864098,173.97377646905744,175.92297470476214,176.775026218758,177.64287577748468,192.81785812403825,194.8660781800523,199.95234249538964,217.96550785276105,226.75793014319544,229.7920698154088,232.20776669110015,242.50518642392012,244.1244875547829,248.87994161732655,251.55340286742853,257.3359528145398,259.2136812106496,262.6700768565095,265.90727411867846,277.9808283550392,279.7977224391517,282.35700335333183,291.89081317104063,297.73222533394016,301.8544258903676,306.6994767813344,317.141538463697,327.98388872869043,335.4393790731787,335.8132532202475,336.38506073929375,336.8839691890187,349.32671098952824,351.0761275440936,365.9636830675957,371.59399513646355,378.9986168587605,388.3821737720581,393.35359465327525,397.662159416997
Barker_MC_04365,11.363419372681095,14.714998104609636,28.114577068967556,30.107413290292214,32.722550061464474,33.42468359638167,35.03549935765323,37.60343152762665,38.37141299616158,41.74928066016109,43.32772349045729,47.15813757027477,54.03137973211507,57.76583407273497,59.23099227047215,64.67436901820005,71.75282851524547,75.45529313604537,83.70641128095667,90.52362812224688,102.6931478995581,110.13875011061728,125.132024928465,128.43531306259442,147.3349613243936,149.14148071656393,151.12865204795125,161.3626707126178,165.41020299446927,171.0844373432447,173.82108766600467,176.23310798936538,178.57570423194943,179.50601325433286,187.77709012261937,192.8230462716884,197.34159287490937,218.4587082808795,226.5151867923836,230.04769635620875,232.4598619295956,242.74222873818505,244.0130610451396,249.2212050585258,251.7461711317859,256.6912817657851,258.2970741487811,261.2355928869957,263.9996907633933,276.6183671352795,278.51729416211674,281.19212685583375,291.15638910418403,297.26154158831673,301.5698598965174,306.6336653014167,317.5403915160738,328.01423589629917,335.216331727732,335.577498775326,336.1298719069403,336.6079766131,349.80920007981797,351.66229035234676,367.8425502413892,372.7351827955398,377.95766660391246,387.14484359455093,392.0122221326374,396.23061686564586
Barker_MC_09064,11.345251977909934,14.688676583954642,28.068272827510224,29.761344727237717,32.8403393895432,33.372483531515876,35.75078429437079,37.034177482368754,38.01472580584327,41.34914497665083,44.21184793991831,47.9603205106363,54.024545729262016,57.79706201163674,59.470711395925576,64.75564269591897,71.6280628654921,75.33125076168899,82.32404265279193,90.54706974411884,103.1998872227514,110.0998240174648,126.34202496019068,130.35391025185103,147.55505476607533,149.3910201563722,151.4105820856987,161.7877065519652,162.65124688449697,168.70886164438107,174.46818404672433,177.59207764186158,178.45451415188228,178.98164756611388,187.7012560553231,194.11288421244737,198.2006244324319,217.7114327696022,225.60728880321568,229.68939750447973,232.1230335220804,242.49692264795428,244.0142239127402,248.33560363640933,251.51287659076408,258.64524978715025,260.9612971719546,263.1488772285881,265.1987948110388,277.5711743086018,279.43303724270106,282.05566137567973,291.82543677181366,297.81142620510064,302.03565286203565,307.0006206863004,317.6840331661364,326.6363196896922,332.79215159939884,333.10085113469387,333.5729798357333,334.1385325674271,349.9461830282734,351.86820165902196,366.8860749272458,371.960326989564,377.76734990884273,386.78749399245567,391.5663782751645,395.70807798684547
Barker_MC_02355,11.344370832962422,14.609143183704386,27.5878963570102,29.638692227796785,32.789843974243766,34.160630886571255,35.704012846533296,37.33151804486258,38.74650601577292,41.18794517660397,43.253598248832176,47.60796910756499,53.48709456264143,57.24004884090645,58.9391669889215,64.28586387447223,71.23860279028344,75.52607207621035,84.1164403115671,90.72403788919044,103.0745148098252,109.02878694776756,126.25053169607668,130.11714790505036,146.63442936796991,148.49198885454075,150.5353042897686,161.04101752616253,162.81072328797302,168.73514898525116,171.58059292226562,175.75521158903206,177.57897150273627,180.1365946324341,189.05407190846216,194.58676825928825,199.3457786428866,215.2511208305757,226.9909966035847,229.23592534254144,231.88660252411455,243.1856755947186,244.56838697424723,248.28282896410107,251.33640255826404,256.99752064296234,258.83581729039196,260.99283826718573,263.0269742326635,275.9347657238503,277.8772003657279,280.6133179795556,290.8058782509134,297.05091005651997,301.45793919024237,306.637764901916,317.7856382970737,327.39536233975826,334.0032658904075,334.3346356849828,334.84143654727444,335.4922261153836,350.3810510145968,351.39515986099707,367.6006584895008,373.147788749174,377.93287649617133,387.296103197365,392.2567531052822,396.55598302547713
Barker_MC_02103,11.378601145731102,14.720638342978509,28.050507330737886,29.52568896575575,33.054784562762705,33.614329322465466,35.31375570167769,37.7427305935675,38.83819684739235,41.695984169261614,43.672635745673645,47.11199304748855,53.78070766278081,57.34911179065865,58.72688126110699,64.35986312015929,71.68488135512465,75.27488637586208,84.10641042993197,91.18361455989216,103.07192281928538,109.54205344741985,125.14659921653036,128.62252618946997,147.72343106615094,149.44983432770798,151.3488779154207,161.11714876921658,163.35573979697313,171.1908492506006,173.1535919281698,175.17078883459604,178.44269285251414,179.84558764904872,188.08970569343788,192.4580806232231,199.14447170653804,217.26114397693513,227.58312711478595,228.97643464175624,231.67062682035424,243.1551917850558,244.26020933699184,247.6876375681089,251.48545065181355,258.01438863104204,260.13448657263643,261.83938288040264,263.44681280205924,276.25934356082104,278.1874428497609,280.90336765461177,291.0207058589415,297.2196487341353,301.59415357248287,306.7357516763226,317.8020992704057,327.4351678112347,334.0591236638533,334.3912984411233,334.89933045341854,335.43327406184545,348.80788083908027,350.50006434134576,367.0578469293797,372.27905278099973,378.9864634773349,387.9492661551248,392.69777088507976,396.8131416510407
Barker_MC_09605,11.292803732708292,14.587781050008202,27.825765479210688,30.106265744869045,32.68708286186065,33.80469495405919,34.9462237741014,37.30536683498831,38.60112823524943,41.27206998878735,43.049885881191955,47.24765612035653,53.62979101057136,57.71897430458843,59.575125973485186,64.76273709062802,71.50860401862366,75.49684313407488,82.62018519885716,91.35420390760463,103.4317903870201,109.20027375418542,124.17521141513808,127.76050837600084,146.50557980234476,148.34081634593707,150.35957654388858,160.75054852421843,164.0768102293616,171.1050024419987,173.32944007157687,174.5418685525297,178.20364187983432,179.49688214538213,191.09483255385783,194.8704701036,199.01349916104607,218.49826425474976,226.70931452279413,228.9335590014397,231.58028423518695,242.86251129090627,244.40921455171383,247.86254211371224,251.44134091694733,257.5706899892092,259.56103212337536,261.07867573594103,262.5157351740462,275.5335373392764,277.4925269855003,280.2519640140524,290.53139355552867,296.8296505901627,301.2742400025634,306.49821239249394,317.7428287587747,327.65311322798453,334.46769017537224,334.80942412258634,335.33207604185503,335.7513469167516,349.680066788048,351.5443603945266,367.26275552994014,373.3639555001774,378.50787435895035,387.6969840557777,392.565386544163,396.7846687007637
Barker_MC_00231,11.40920340968386,14.55211823483218,27.656135997732942,29.710359829171868,32.86853946332815,34.428213409131075,35.336703179499935,37.38930657806232,38.69326246815637,41.77754463403593,43.71420867147053,47.425270671507974,53.83666488097453,57.40614001729329,58.84151093368776,64.26805803236475,71.32463258653786,76.42949859622279,82.60959770368031,91.17104103515095,103.43547390140904,108.50649080455456,125.6912213257163,129.23255938715,146.7842761852888,148.43846397694315,150.25807054776288,159.6387100510025,164.659151828374,169.34812418982116,174.32976079425856,176.0697264734527,177.33774585446736,179.67412218015488,192.16614927219183,193.67491480178072,197.10293363340045,218.36292951624145,227.4738774102145,229.13111529956296,231.73269454510668,242.82247726128037,244.1914049849829,248.03206697687756,251.67655870570573,257.6436425891096,259.5812934442371,262.93210226372463,266.0697366096284,278.11446215630417,279.92701794245437,282.48018792079506,291.9912333362931,297.81869763800194,301.93105538937516,306.76453748577575,317.1885638068466,328.87596425254037,336.9125337273682,337.31554753584044,337.9319215958567,338.49680889519266,349.5101606359737,350.91873605888037,367.79767346742693,373.4919119986197,377.28910942149616,387.18513433740173,392.42806144516624,396.97193160522886
Barker_MC_05327,11.389106400065224,14.384899062883136,28.04874736989938,30.060069488781497,33.14651564298428,33.763754936036925,35.22719018107335,36.83898370173594,38.66158569061137,40.8600413386079,43.9032484875496,47.131109359212275,53.44300901318826,57.784008894434784,59.855852498498685,64.83769498782003,71.31598446062571,75.61816263853882,83.46199463977544,90.21073969328359,103.29295310167092,111.234862687888,125.13696102228948,128.82259919629044,146.59070937733222,148.32731523759367,150.23758168388116,160.0783500499401,164.35489549078054,169.87888945237853,173.36525145319456,177.02352913693522,178.87367838864478,179.2630632292982,190.98668764768396,192.42186656436851,197.32697954746897,216.41545506876977,227.46644904404792,228.98542689883783,231.44924226872376,241.95177727764425,243.6534624855512,248.1178884967358,251.90724700755283,258.2235221609217,260.2745635391374,261.62953916294487,262.9138542230816,275.8852349534305,277.8372388497451,280.5868357359518,290.82960886930175,297.1054063423994,301.53414636522086,306.73949008872654,317.9375432537288,326.9961938950894,333.2251646200817,333.53753188357695,334.0152700512754,334.61166604400813,350.0049885922294,351.83977840675567,367.67975058373946,372.2209390981975,377.6240684665996,387.12288919204855,392.1553769936109,396.5168664216315
Barker_MC_02394,11.417826156542787,14.36939956830354,28.383211710628583,29.9307510550573,33.288897642853975,33.91274263896479,35.74771621940967,37.670031815997845,38.77333489622938,41.7369608418703,43.55304070431579,47.32769950335659,54.120759451559174,57.77298646731835,59.190267483449155,64.68644523850429,71.83356612150374,75.52861411067265,82.4106936118299,91.33051418328603,103.543362994128,110.43183300261096,126.546663898079,130.46458242429608,148.40312155289064,150.1139190033267,151.99579619880632,161.67215145541925,163.39488276553223,171.17161939389956,171.4725016751966,175.9577911640972,178.93595497040295,179.3010039197726,190.88001621410777,194.48060788529008,200.4245583626719,215.96078521851655,225.91626137625596,229.95069928814576,232.30884081379668,242.36091867313897,243.9459343900244,248.32583031073443,251.81177190242985,257.0934188357701,258.80849237869967,260.78120552062717,262.64604051839666,275.46144258137474,277.389973959784,280.10650740679074,290.22611291930417,296.4264449853729,300.80193015574247,305.9446804981673,317.02283143107996,327.83526959035544,335.27019157006004,335.64303426520746,336.21326426955056,336.8255499232054,350.2656475777576,351.6554672318107,367.7455064815476,372.76743081691035,377.85354729265686,387.63845060133826,392.8225053344144,397.31535276974705
Barker_MC_04245,11.386570989530222,14.541213721130973,28.11345475757448,29.900535844087027,32.66373482375141,33.41874871158339,34.778640881553905,38.02778517711482,38.490022200159245,41.29144787222479,43.61740339694927,46.98379538575568,53.396844295057555,57.18180601775805,58.788486496693,64.49810632412624,71.92278305789876,75.66734412090229,82.37671403562192,90.96857186201518,103.10373833656092,110.66343194717064,124.63576526965306,127.95078997699622,146.55280915171016,148.27271138002962,150.16460383118095,159.91276385839348,164.42860100851348,168.4819403111332,173.07133305927707,176.80036377371945,177.66087100139356,178.65799372124613,187.21985019843163,193.38674407147957,198.803591439369,216.90373158735235,227.64564281195396,229.605861229287,231.89446850687744,241.65014190202984,243.48103943614396,247.7793162420495,251.8561339770735,256.41899670985214,257.900664313116,260.8587600405135,263.6444632646409,276.42560211989314,278.3489773845185,281.05824791856065,291.15079769422914,297.33455257727195,301.69833946798116,306.8273401736487,317.87171296958167,328.13002771470076,335.1839195982613,335.5376545894723,336.07866104661855,336.51298628252823,348.6069247293524,351.04819052002205,367.7157240490387,372.5358061728334,378.9432211486008,387.88773294007115,392.6265471342275,396.73351943582986
Barker_MC_00704,11.271348388778694,14.45742534300918,27.949088808114777,30.14032452764572,33.08314802502323,34.42583106980632,35.25868702539749,37.27735474530204,38.36283823528166,42.5184445163355,43.94061558122754,47.02353366666955,53.6867278859827,57.946759913007426,59.87661833728085,64.84060421365213,71.29567330003606,76.2413138741125,83.95087346332667,90.38739443749064,103.766478615254,109.0093034982703,124.87565045525278,128.7637474008041,148.18005419212307,149.8842137385511,151.75878923962185,161.40235555714955,163.7703066680402,169.8616009270104,172.355847270987,175.38935686484945,178.7242711272013,179.19823074384303,187.68722408227848,191.5767134777164,197.36790371814493,215.4056506210721,225.29479309771432,229.1113549165178,231.79997542300788,243.2607899549104,244.2277523319816,248.935455503,252.40449244441945,256.77135885337117,258.18938189391633,260.41595739076604,262.52443386038226,275.6227785859966,277.5938887146085,280.37039868071776,290.71342817278867,297.0506532099387,301.52274178130546,306.77903545760375,318.10318163711344,329.33214453971476,337.05348008531683,337.44068570264795,338.0328825291543,338.34740579826837,349.49354680201026,351.58130736660297,365.9814997097767,373.37874956815733,378.23158386255295,387.1923585555123,391.9397888564179,396.0542284505362
Barker_MC_05114,11.401650313026694,14.616212044880085,27.979306630914817,29.939365135508595,33.1559979125533,33.68132435607821,35.47103873904635,37.84464317911283,38.955081258050896,41.960226021407145,44.164634832002214,47.51230032126785,54.17341990846462,58.11558840741423,59.79276979377629,65.06584780589641,71.92285419428076,75.26841913090962,84.05594003982621,91.22100188318812,103.36546197080092,109.0686134278146,125.3882692316806,129.21396925157475,146.8514927359636,148.69205464434492,150.7166727435643,161.13846723534954,164.56632490594032,170.7130922109857,173.3067611538071,174.6355961924689,177.27671543317,179.05909676526267,186.9703222439006,191.5219832329012,197.864985909822,217.9631206177744,226.67903317272663,229.31657778419364,231.9704217573918,243.28299394822793,244.59348972826749,247.8265904262349,251.46760169354397,257.15722509687515,259.0047780839347,261.2708760457208,263.4048586562525,276.0441938066323,277.9462296787767,280.6254414986793,290.60601682778173,296.72116441671955,301.0365361266389,306.108631785691,317.0283678577221,326.9074572649488,333.7005836524737,334.04124190789537,334.5622486514813,335.1034682668497,349.6881258136812,351.39561773646307,366.3321878578822,371.666200426123,379.22249975255875,387.91164442623216,392.5151647831452,396.5048824258032
Barker_MC_07240,11.288108867836335,14.650290677321948,28.071691684636463,29.964007353547753,32.86664454167134,33.55583830663439,34.75828746526254,38.10890901471939,38.79361446606709,41.10516447961983,43.66077301553332,47.33465448252711,53.60313598617025,57.25680439260755,58.79077691299654,64.33162737896637,71.53683977197657,75.92608690517166,83.43178296042595,90.4788278654592,103.56423292561573,109.52332905533468,124.17718260616788,127.72671697505612,146.97686452800934,148.8738156113404,150.9604618030045,161.6859901467748,163.08605670086126,170.20347635772853,173.6742781260945,176.29582960872676,177.46909000978366,179.25680324466924,188.7992517674689,193.510241236806,197.76227163110497,217.63576947111943,225.56284968660145,229.08058821871333,231.57837369645688,242.22571348717713,243.7589125205062,249.0750328868752,251.79088099732687,256.6936226079306,258.2856567840675,262.2577826466296,265.9804092998388,278.0525045531203,279.8691790815267,282.428150729067,291.96080846952225,297.80151474902254,301.9232171736867,306.7676825827705,317.20733433255504,327.90340975539317,335.25831760192887,335.62714778892325,336.19124101609117,336.6139437859413,348.67653202036496,350.4216243960375,367.2112124174605,373.4321248946906,377.8901331376831,386.9626091643614,391.76921897982015,395.93494748655104
Barker_MC_01427,11.31320222958518,14.78140888318092,28.13213395128257,29.58245886366862,32.819686086753,33.25337934359897,35.2241138089726,37.20423063960277,38.09047857700469,42.1299498513485,44.07223074226201,47.04031011872912,53.526638141184435,57.264934079890836,58.81811733840361,64.54581329179179,71.9939958623574,76.03459113292571,83.21836014577416,91.12454189467275,102.74809662626984,109.81749884719194,125.23534747991884,128.61372592976602,147.08166183262605,148.8882166778739,150.87542700764652,161.09159968738336,162.66521115017034,168.08668334182224,173.93969180980494,178.02001774393796,179.17805739433692,179.81850683331314,191.0739207074794,194.3138997580365,198.05143657552617,217.8638777981896,227.54021702479105,229.5054273398047,231.86212767365151,241.9080621475917,243.51255819650828,248.11217552740447,252.2404607036997,257.49504333821153,259.2013284741415,261.510555900657,263.68858451524915,276.5266705950656,278.45861558765927,281.1799574589473,291.31747526954666,297.5287822887459,301.9120123257059,307.0638656392892,318.146382734713,327.0533297239469,333.1779849558947,333.48512105897174,333.95485862838365,334.60625577042333,350.04931846861115,351.1905204682213,366.49367438709646,371.609623693852,377.3179887525068,387.0472647353161,392.2018480374666,396.66915356599714
Barker_MC_07628,11.347441822310754,14.554192420834193,27.816661296576054,29.83643737486802,32.907556863768654,34.066557506406205,35.42517019470961,36.897886702033496,38.213339648400826,42.42584525190957,43.24602827097015,47.899089053553865,53.60254934714378,57.757714140405426,59.81613474894368,64.8619582833283,71.42344744210983,75.97570339250184,83.1878249516355,90.70107267906168,103.5768593970607,109.79155761536433,124.19657610801856,127.74052709914696,147.6424828435405,149.3287853390276,151.18371808406334,160.73959875521126,164.91485407283602,169.4052326901463,172.0681377863176,175.08024335183123,177.2403429901403,177.78464373134162,191.11116130619192,194.64680141575064,197.66479699450855,217.71761777288657,225.33521729477908,230.0645065035413,232.4104713989841,242.41064379226975,243.8061665624556,249.34615767340648,252.10083347092836,258.1380775659685,260.09851107284493,261.7205920061376,263.2543972183774,276.0820960239965,278.01247788309445,280.73161792117884,290.86093348289745,297.0672149438685,301.4468985166609,306.59458347425556,317.68843146480043,329.1510601475774,337.033070539994,337.4283335980208,338.03285356912056,338.46681913647814,349.0822708546681,350.4748043601466,367.11511909416055,372.7022762444124,378.4227032048982,387.0807538419542,391.66780053708334,395.6432410061952
Barker_MC_02200,11.316895086615856,14.742402186591764,27.897531353912804,29.978155003559433,33.09448917792436,34.32993329845996,35.290610299817814,37.35621769637723,38.6797430663226,41.38657339667687,43.0972311234351,46.983277728337775,53.85427165995932,57.40926778906398,58.7319792141784,64.38151155250425,71.7280517034831,75.53869433071273,84.55300682106598,90.56291806831456,102.57871359976498,109.93512377818462,124.48333868240844,127.86443406693918,146.1967854196631,147.90623623145044,149.78663212441646,159.47789337113187,164.28684884484272,170.43998179330515,171.68558907094248,174.56999036282974,177.3064543061615,179.95425569814228,188.37632146482304,191.7341873953702,197.49347650975983,215.83258810563865,226.9565821541521,230.15926562095547,232.6386188494535,243.2073872726274,244.1666962662269,248.02296700409175,252.1571157185497,256.6535690942477,258.1136720354337,261.1069346402028,263.925881711138,276.72634440230206,278.65262762281696,281.365994309779,291.47380303678233,297.666907154352,302.0372916654129,307.1740469201195,318.23613307376013,328.6381593429584,335.79087111832996,336.1495616793368,336.6981472432296,337.05930717755723,349.1406617933427,350.68389469522674,366.469623563711,371.5841354524297,377.4832495485928,387.24292009903314,392.4136064833724,396.8948680164664
Barker_MC_02169,11.284103101274956,14.673655268980806,28.00338653614704,30.034454524233546,32.6156113019646,34.007381088515984,35.095366793585,38.083608362975944,39.19717378604586,40.89505421725049,43.26776358948885,47.24478261646114,53.959443779326776,57.525703730957346,58.89185122860925,64.47550789051603,71.7363846143644,75.50726075933183,82.62219093753725,91.16495430012948,103.6403009743814,109.0766566359862,126.24143464138248,130.28148502176367,147.01034674335003,148.70134934849267,150.5614522141495,160.1375269344137,163.44152342620043,167.85458727676175,173.80540270854752,175.9089286816311,178.25775342911558,179.94390915793466,188.0104366193792,191.53349545344872,197.852759545576,214.7193822600786,227.46444797365444,229.80258443109065,232.3231723673555,243.0677124685525,244.1416986514264,247.97554035686136,251.44001334505097,256.8384809850857,258.59148892723715,261.49894606671944,264.23082443460964,276.7921570381136,278.68245466291273,281.34513196236105,291.2641130473286,297.3415215399624,301.6302613123562,306.67105497848723,317.5286524203661,328.0098608161917,335.21702034192157,335.578441321088,336.1312028186366,336.72592942340754,349.8562099202259,351.30544238273245,366.4309360590761,373.3288776514132,378.7449408455164,388.1725101347385,393.16724883101494,397.496022367788
Barker_MC_02069,11.490051341627671,14.687302437785087,27.80397415478814,29.48985530604656,32.53501755695795,34.029234864097724,34.75990685672252,37.65219153008762,38.725717784606125,41.709273878506046,43.636472005658035,47.25512431217234,53.60957355390044,57.73091774320582,59.618583072354525,64.89899731485445,71.76554359217374,76.06218790981843,82.86531948236838,90.4016020394384,102.84655554552651,109.172003967633,126.30855443330232,130.26143023124246,147.80720067286612,149.64169892671376,151.6596470059461,162.02876507194057,162.93082974723217,168.31622467521473,174.17692502400115,176.62181090275905,177.58367946353562,178.87135121227251,188.37736190001056,191.88275234273632,198.1148933998483,215.79468405027896,228.0647899761499,229.62330793470173,232.1573435819556,242.95920740033432,244.1044798401381,248.4636149101764,251.9070342304105,256.84350155397993,258.44648725314636,261.46612739083014,264.3046978918483,276.72675218512165,278.596090452556,281.2292443561463,291.03824515730713,297.048268189166,301.2894550109794,306.274357057471,317.0217291765986,328.6698516663438,336.6794125670001,337.0810719631982,337.6953745691482,338.24121096412324,349.9773404075958,351.6744259306198,366.16834408712253,371.8165072362745,377.7243330770971,386.9479563561154,391.8346441860589,396.06977363867657
Barker_MC_00453,11.278240441914642,14.575415425814793,28.173352447520077,30.06495222314955,32.80952559488399,34.41328272983555,34.928497847903955,36.8584740551438,38.15534729999916,41.872679713741135,44.28648439019072,47.795449222940384,53.77462095107806,57.42968630518251,59.028462969536434,64.63145139105697,71.91746675288216,75.31409090822636,84.71283352013334,90.90191098276662,102.95427157291088,110.89835985028871,124.7539929145786,127.95533742780546,147.60753715778475,149.17558674278138,150.9004412862776,159.79271492215358,164.56686153344384,168.5474371681142,171.98162937854306,176.01495075263207,179.0910394743224,179.6155660870995,187.94017481160267,193.43102634316153,198.24611992743564,215.37061799978224,226.31088083871344,229.62019575496345,232.13620547840569,242.8612299774856,244.26903469531837,247.78249777313613,251.44728413174911,257.4139658956483,259.3514861732244,261.95321209278046,264.3973389198864,277.02360054342427,278.92366904017024,281.6001096108555,291.57036150775923,297.6791838790179,301.99009197378575,307.0569412984417,317.96647988151125,327.97390947414465,334.8552860094443,335.2003697885006,335.7281449799985,336.31125256047596,350.2986406885816,351.51679690645534,366.18961352205537,373.8625537511238,379.098661822435,388.3105745064784,393.1910580476933,397.4208104500796
Barker_MC_02535,11.324602499778834,14.704906800190113,27.921066952638498,30.221716843038823,32.90787167397665,33.49672019111591,35.538084892134314,37.96367676590141,38.754065820623936,42.34335258341742,43.48662616664858,47.72721483979168,53.84801604929856,57.88404178943912,59.755449628453654,65.0205176615602,71.86710803160751,75.51151245074067,83.04364818755548,90.87242280082296,103.90163123640528,109.26430760688297,126.36608931128713,130.0316616494145,146.4693398094869,148.17320496908394,150.04745664464065,159.70288860178047,163.92543820537938,169.75888530356008,171.97717129830872,174.93852784570157,176.91685396039946,177.70375961852858,188.6480819382111,192.99676941108297,201.11898928568496,217.49558808424365,226.863540231704,229.85821965214885,232.3461640746762,242.95155428256817,244.42207459480647,248.92858431230823,252.28372892992215,256.7823802152545,258.2431968687941,260.6597923334,262.9441521267858,276.058969654994,278.032558700501,280.8125604742798,291.1685976162953,297.51379250453846,301.99150528520505,307.25440940655716,318.5830412379427,328.5943033377501,335.4783152075973,335.8235311420734,336.3515084536251,336.9364935840991,350.10778722666544,350.85065928019014,366.574424656645,372.8426016115228,378.2387703545377,387.05129141447753,391.720176744247,395.7665440300472
Barker_MC_09235,11.319539205600387,14.405612669719444,28.1873011483128,29.532596472395017,33.195167010292536,34.406040658919444,34.827253123485924,37.95734959465605,38.86838234749426,41.58904189564502,44.33117121830545,48.1807106639418,54.173544336476766,57.64032778962255,59.08615930340998,64.62228266881918,71.82134803372392,75.70136173164305,82.71833122078873,90.97209847653531,103.12439621581268,109.4672134323577,124.98506881435232,128.4057374485278,146.94445571982158,148.74138411576664,150.71800535130612,160.88914513484104,163.74371442710142,168.8182360442088,174.24192931066872,174.73141149346318,178.1105716334283,178.14922183357288,187.8339641104961,195.12894064957896,200.97482294515228,216.7775668422695,225.29905336464813,228.97432227626877,231.59043935954705,242.74219268911455,243.8541096994928,248.56958917042417,251.94555015117905,257.83108207561384,259.7422511138066,262.5285429080822,265.14425658244915,277.66000745792763,279.5434456964705,282.19646084968684,292.0794485960194,298.13480379305514,302.40798087189984,307.4304828413475,318.2369105988753,327.19390483296155,333.35297389047724,333.66183576061815,334.1342127384807,334.7642596486094,349.5194620240144,351.1316497148539,367.48240539212554,372.869276068301,377.7842967836171,386.90164098029146,391.7320220116421,395.9183522388126
Barker_MC_09532,11.328077870955193,14.667290692636673,27.693524870269187,29.67293878833711,32.98845161250263,34.146948559455204,35.42418344931843,36.976098707640915,38.13549048251086,41.89013616793337,43.086088582453186,48.00922654017128,54.05754328695403,57.58988798979345,59.07620467994159,64.60290894631129,71.78972590105818,76.31589303222725,84.0873737986157,90.94991783428864,104.28399957563032,109.70473102597488,126.19134704032231,130.37075501132117,146.9580476809907,148.71824929349077,150.6544710672408,160.62234589859705,164.05183150271063,168.55905019547694,172.33617240741327,175.88400656888345,177.00703219218803,177.61284025158142,187.96265426497715,192.2534930047218,197.24477282152137,216.8063692964415,225.7827478828455,230.34153636048975,232.7362229932315,242.94408211415612,244.33670473254253,247.9589867735665,252.09475073671487,257.35601661866053,259.0644719603993,262.4666369590701,265.65755804270697,277.8572044241999,279.6930735398614,282.27908272428795,291.9124604494798,297.81487835897235,301.9801297934303,306.8757807685278,317.42663445595196,328.3492155388307,335.8598747418649,336.2365154688608,336.8125542277955,337.32584392923826,348.94326192507174,351.0402481099762,367.5023294538548,371.56296653457366,377.4154239066205,387.2461665906581,392.4545070855123,396.96840218105274
Barker_MC_03969,11.317653612181289,14.692227576096144,28.368364058416667,30.237380875662716,33.04945116822559,33.83164481081962,35.779392600078786,38.029421844917074,39.01780442109603,41.45460946160968,43.7438462762881,48.18247294225052,53.99019658000231,57.619957408633965,59.23671924906862,64.79245342140922,72.01702029190535,76.47014485763893,83.09111721393316,90.18139432809207,103.53416700612092,109.30725469369956,125.82813777381452,129.44294246321607,147.73536161117374,149.47719447556648,151.39321062639843,161.257417554783,164.69947690757465,170.97272378782742,172.00816008222864,174.6105890521696,176.86326704109734,178.38497199580914,189.445600363096,192.0901746615654,201.1406235853095,218.73124985676031,225.2982093222728,229.27650478555097,231.80876470709907,242.603059118444,243.9892121640744,247.6104716657559,251.64854820579808,257.2743743730896,259.10121091449787,262.17621477641984,265.06209427441115,277.57296362845386,279.45566726911073,282.1076476661652,291.9867807483219,298.03977417365974,302.3112845841825,307.3318276259343,318.14162145434244,328.0523228587722,334.86718650198037,335.2089348262711,335.73160873400974,336.35314366886456,349.81753709417654,351.6249616905318,365.85790818849006,373.0453889027487,377.3826166925021,386.626051364275,391.5232352963401,395.76746137079647
Barker_MC_04324,11.357677392977369,14.591491209177075,28.05838088280991,30.20718691971132,33.050623179801086,34.05807532436249,35.33391616416379,37.69674008088873,38.30091647618026,42.26119384921106,44.163120532952505,47.34654379307986,54.15306720985246,57.89846613391077,59.38673121578409,64.68967145069051,71.58551008315436,76.249693304604,83.11365249286804,90.31203912929597,103.88026837507422,109.29587933560786,126.25264963853677,130.1976739879502,147.68171842486748,149.43922816889537,151.37248888732597,161.31532999979726,163.39749595575154,170.9092352373935,171.37849283552862,177.91648950105855,178.7051467213078,179.06355079181404,189.856729079797,194.40480972298116,199.46411117041356,218.8815330578061,226.24122590922855,228.95102117501347,231.45155171683467,242.11059292476727,243.62704832823863,248.90661408241908,251.9427454043083,258.22231721883213,260.26144016967373,261.40596845458344,262.4955876190122,275.6094861353613,277.5829368829672,280.3627438500251,290.7180552998282,297.0628055528839,301.54020456089313,306.8027398878423,318.1251296242251,327.44776866311895,333.8582648785043,334.17973519019034,334.6713956668865,335.2732164087681,350.07485809477856,351.08861315979107,366.9766442428696,373.98459204764595,377.4255114447547,387.4278819783785,392.7271511352652,397.31985107123376
Barker_MC_06336,11.355837299976738,14.603969068234557,27.947564346666336,29.786724277139843,32.92196476442148,33.34301861558012,35.600435754371816,37.223635809792114,38.67803626549954,42.02379443551535,43.34436680920963,47.53255296805334,53.82592845307041,57.476330018777475,59.0024609848132,64.6228037020317,71.93138624685574,75.50528531442995,83.24368965801723,90.15037852013421,103.04027234847648,108.7579869725777,124.46337272574006,127.9098061190431,147.60022622354924,149.42584431045535,151.43402420605204,161.76705385514572,164.59835792331228,169.62527556740727,172.1466848411234,174.52294878601114,178.37110678260655,178.88505776879683,189.4634452567042,192.7419713043876,197.80053914671512,216.05004331681135,226.21577173801356,229.06161091572343,231.7605129818668,243.26515484008792,244.62866315168057,249.31311224792836,251.53399181886272,257.5025576007393,259.44068966275086,261.2656606955513,262.9886790631757,275.8362787978632,277.76965545696663,280.4930139767791,290.6380441879886,296.85395409198793,301.24043231855603,306.3961034094986,317.4970433317395,327.6997704911551,334.71543886243677,335.06725704034767,335.6053319006819,336.1215359764615,349.38106537304367,351.4626641041241,366.98120574212174,373.39197283044246,377.92092825777536,386.7622913558458,391.44645723561814,395.50606766475426
Barker_MC_06608,11.46788093257054,14.491771578182451,28.271154253856565,30.04525604000589,33.11868964611271,33.35120961051889,35.27770731757384,37.42992865154385,38.3530974333191,41.67612607433503,44.01308958962885,48.20272352220758,54.37476050517573,57.617813603372326,58.84602616462769,64.4747969230261,71.79433912596245,75.2039179655717,84.76484133845,91.18441282597445,103.5932433609398,108.69367063157408,126.06081775665815,129.77500962805578,147.99192146027346,149.78818638009503,151.76407779189867,161.9333757844198,165.0492329854292,169.17431545755102,173.4981465403953,175.1258079973645,177.81611393062616,178.52956028022675,187.71410663870276,193.925437487019,198.66741714356297,216.54126685402343,226.5337197735157,228.9380252824152,231.5848867751014,242.86769466341633,244.3948807386284,248.2588219930219,252.21155855698836,258.7749921041646,260.9062915585981,262.8950626619742,264.7655022106178,277.4403994392833,279.3477868863154,282.0345369461135,292.0431936574222,298.17554684734296,302.5030603024375,307.5894268278567,318.53908295559137,328.3444826322362,335.08693798798174,335.4250552182109,335.9421756879731,336.52381556142194,349.87224805680023,351.53571694817026,367.6098169774263,373.26308668951725,377.8435543109059,387.56283944010727,392.71212957478343,397.1748476915028
Barker_MC_07472,11.380018652804296,14.734622007846012,28.07501606085216,30.197572473997116,32.94075742592905,33.87271363451533,35.59054061349606,37.24283988825419,38.60188628494283,41.57525758133076,43.60112299220092,48.05632003047662,53.69344669150723,57.59933871102924,59.473720173144834,64.86935578065474,71.88573364289195,75.92293581415397,82.4285599329848,90.6317167998566,103.64005152405797,108.9493145795796,125.45695856987156,129.01821571331385,146.96375199214322,148.71458938808578,150.64051052362254,160.55323768595267,163.67400423958247,170.25251093682272,174.77123309928035,175.64600297743297,179.1388217869754,180.19024782884208,191.3111120576089,192.97094137635028,197.4476528146484,218.19319391450583,228.01067189770896,229.63850121039275,232.0718475750772,242.44450199402863,244.10449730574027,249.17530341666836,251.8470863650947,258.63788808636053,260.84301927260174,262.0383302886564,263.1709149289964,276.1252868245849,278.0747311389695,280.8207225925652,291.0500648013794,297.31763308096026,301.74056588026315,306.9390840519556,318.12042113055736,326.9105551384126,332.95488663671466,333.25799470595103,333.72157175301845,334.30017555682485,349.5790874371954,351.34226379251487,366.8103896974547,373.66699070373954,377.60214860899333,387.2228669722292,392.3199363037448,396.7373963910584
Barker_MC_02092,11.362265462500243,14.676164376196352,27.643387254070717,29.740184167445697,33.006243885105015,33.85499350815989,35.62112566028004,37.507015550965185,38.65714172029974,41.29753434743973,43.39132598062852,47.451916908090624,53.76422443012534,57.56756520556864,59.211308867686256,64.66751297178894,71.76265290944336,75.52944425841373,82.31390272654538,91.2255156300598,103.94678170529572,110.62050727200476,126.39655328264767,130.34921359423808,147.5920960967483,149.20703712448477,150.9834722549948,160.12780757361136,163.1452830035234,170.48268538289915,174.3223945547854,175.84326401812754,176.86299720129773,177.79037044794657,192.50102436935327,194.37332240906116,200.92323720441908,217.6883051555755,225.7484425801517,229.862599068989,232.32010725217037,242.79575654149423,244.1715179385241,247.76161494432185,252.06152594786747,258.9018996667164,261.12312803298465,263.13955075364555,265.03291733500686,277.5282518580647,279.4086177328938,282.0573051479757,291.92417124385315,297.96964862636827,302.2358550735612,307.2501640731055,318.0541719547636,328.91680617506336,336.3862443103201,336.76081790412354,337.33369516523464,337.66660348307227,348.4355602464283,350.9572408662939,366.8491106934786,372.04191240612766,379.1985894096245,388.4677478109298,393.3785602089723,397.6345976206091
Barker_MC_09359,11.335828997041451,14.43002224859395,28.326857272847064,29.997880011600827,33.11663781423755,33.46267572748593,35.011741105655844,37.95147953258311,39.19904631267481,42.52994036068978,43.86759482272605,47.73882055736268,53.8493798993302,57.54165362620772,59.141241747260885,64.5593036913792,71.60484431833153,75.38907412899727,84.33352699724317,90.41740655072378,103.8924342801252,111.0001937469166,125.68751752272117,129.57612601392242,146.850513508378,148.6641037195103,150.6590529517558,160.92092690551522,163.3116603858642,169.18096322864633,172.2716736032399,174.51974128222454,177.1764423247307,179.39517491236154,188.2058745603479,191.5597436078541,199.73443938352295,216.8980227060825,226.2575076701036,229.5883533520565,231.9701390388508,242.1230051444232,243.78756895598127,248.11296603319363,251.3630256084392,257.3661199261844,259.31546420648544,261.31570470128196,263.2025259959458,276.2572109096289,278.2217508723676,280.98900608869855,291.29755987167164,297.6136614723047,302.07084353830345,307.30961677227333,318.57591271976395,327.22899173670197,333.1790805536228,333.4774625886896,333.9338115834977,334.59966470559584,349.6791466606697,350.65803051752994,366.4624926860848,372.37042792669394,378.643920884876,387.6581721883264,392.4339344683001,396.57292844427735
Barker_MC_09023,11.497227626010147,14.767413014919406,27.989435830425535,29.76221136064509,32.814520317044604,33.34264232651327,35.87915363780354,38.00595837632595,38.7244238227789,42.22488440795867,43.24874071367761,47.91419360096944,54.303959287401064,58.046403529065046,59.62472544046273,64.79522935538958,71.51885041586478,76.12317769576356,82.87565693208296,90.13529700543015,103.8941002325792,109.3278445007768,125.37609537881532,128.75829152647984,147.53858303849665,149.4174878292961,151.48428309917549,162.10250529125528,162.7666865863495,168.4183610966557,173.07794614477717,175.47696816716734,176.97532583053936,178.28608780338087,187.59519589889825,194.63580069759425,200.9681136772818,215.36738463385976,227.74191053686073,229.63178711738672,231.92645085368216,241.70794118721273,243.46902720736625,249.46054109822435,251.95178983621145,258.48779408317347,260.6101866061722,262.49098436362203,264.25996824019705,276.69326096139457,278.56429044856503,281.19982660791277,291.0177017663989,297.03316216063524,301.27818605088237,306.2675980166703,317.02635151931975,328.8943675743512,337.05513317811506,337.4643751110472,338.0902745378845,338.539101056452,349.87607532224206,351.24161090482863,367.8129790728018,372.9914821126468,378.4012670390166,387.1174926361296,391.73536050214966,395.7375126527005
Barker_MC_08852,11.390879494717014,14.705343994761106,28.0991751535174,29.470380308866837,32.93690249356545,33.63665229673369,34.720519401656404,37.519700788371466,38.6874114603229,42.161398040704626,43.99245606821941,47.687198926193766,53.76015385305461,57.66716570177223,59.44607971345967,64.78014069470227,71.71644813038655,76.39512624630875,84.28281306833841,90.95711732117114,103.001939438737,108.68626036798308,124.93949887436378,128.85568079914972,147.3663374782062,148.9764042013094,150.74747759672286,159.87212576039946,163.9652401354226,169.84384519562514,173.80648154908332,178.26466343395282,178.89988628641746,179.79648422388328,189.7009177351109,191.3937937783919,199.07119529011547,217.18970051685665,227.2576579111568,229.07006110884657,231.63143122008233,242.54981398238388,243.87270900378545,249.1005414281771,251.70416413267935,257.4633046372507,259.33343144316314,260.9362503793013,262.45533063613,275.53896546309824,277.50786196618566,280.28125381462075,290.6126677232947,296.9427758353716,301.40984209506473,306.6602327699646,317.9615285904534,327.898447389713,334.73133881557294,335.0739911879612,335.5980477574962,336.11335525316827,349.12569593764067,350.63612177273296,366.81521626267255,373.1986316912533,379.222159964856,387.8741804402759,392.4580323477832,396.4307040009561
Barker_MC_01966,11.527816868377307,14.687118115845577,28.27997923029345,29.96985122317591,32.93044485798099,34.472829980835705,35.33362455721653,37.988565744302086,39.152380595297615,41.73199869314145,43.34502588917264,47.57465787173752,53.901107150713635,57.521451339007655,59.01636151451479,64.65539353968252,71.98827929104132,76.05943465035278,82.58758424075093,90.25549275225035,103.24123139601777,109.67850107933762,124.82048317062288,128.4723378301515,147.0779465102526,148.72709421421885,150.54115668858168,159.89026429866746,164.49095292182733,171.17320649184512,174.46164744137337,175.09820764199895,177.6097205598928,179.60457171278853,191.1985014160027,193.77288425093656,198.87822235322213,215.5344924099985,227.7720203902409,229.6246878854105,232.08773851482852,242.5870136554832,243.8152320675164,248.9625070925818,252.3993630869436,258.70530680707657,260.75299332874334,263.34872544240335,265.78405822344706,278.2270901163188,280.0995852069936,282.7371858185894,292.56275145567906,298.5829238439779,302.83127292067036,307.82459316247,318.5818883337801,329.2109715165454,336.5198137051,336.8863338148505,337.44689398270424,337.8413764759017,349.10289457952564,351.60110551351994,367.6787976467715,373.93875708293314,378.8736933121217,387.22652784837777,391.6518706490432,395.48716774295326
Barker_MC_08089,11.339503389407511,14.42364748641088,27.959914239107196,29.843012307406344,32.70407366185631,33.728577762112565,35.5263744151787,36.943553287558,38.06629696515748,42.50405096647047,43.06341945082083,48.01310644671669,54.21060533520205,58.10779449540313,59.85197234105593,65.17340766611997,72.09329694814241,75.21028500271373,83.66732324213935,90.24433525729354,103.96025748054026,108.63328120495224,124.42188949171364,128.2850087560064,147.6093653933461,149.30556206525446,151.1713784043536,160.7724656742783,163.483256220416,169.7377818672556,174.55311840455806,174.75921980229717,178.06843388153288,179.5854224253859,191.32947933986452,192.66051134819344,198.459598919122,217.15965501838227,227.93598233818145,230.14659041245577,232.45721279375775,242.30673023269753,243.79829490436697,247.952339970657,252.2270390985997,257.4180668407213,259.1037142256168,260.96396859869014,262.7253852115873,275.6453983519172,277.58967217400567,280.3283804610336,290.5305914844656,296.78153635333075,301.1927382507574,306.3774684429933,317.53595204751224,327.16171019751346,333.7806392296643,334.11256192449196,334.6202083989342,335.27614178188765,349.71533709595394,351.4143673348565,365.8325772347882,373.1998769945492,377.9082375030582,387.554319854055,392.66482705988113,397.0939333049303
Barker_MC_05472,11.320519343154418,14.591757449554844,27.792403329035867,30.216979525528295,33.273410853832935,34.35246388241941,35.664535642040775,37.64061040283676,38.884797049122895,42.45823054746763,43.79868768384554,47.78583320760039,54.02809663331999,58.00077158344427,59.79480623209893,65.0083000020011,71.78782421989672,76.30151933960187,84.36688531697686,90.54570786429952,103.48316265331636,108.98741016206716,126.455441304686,130.3460909657731,147.9546135925513,149.66650475793512,151.54958503985725,161.2466588867112,164.96271804473668,169.22941807548202,173.69269655749315,176.66070924823893,177.24306146951932,179.75994991128312,191.57693118892607,192.96721777714257,197.13156663125153,216.7530746682233,228.10891157491085,229.95694427208872,232.4222250993508,242.9310069308153,244.3052886976608,249.291451193829,252.12226985377347,257.4707706113239,259.20755314514105,262.3657729815264,265.33087695175755,277.83942373717434,279.72177786507683,282.37326593771377,292.2505650174604,298.3024347405019,302.5731521704744,307.59276317821445,318.3954928481748,327.6657852498132,334.04028651584844,334.35995177107736,334.8488515731921,335.2699059190836,348.9338882917692,351.1838078784687,366.5710889053874,372.9370167495976,378.07280482941087,387.28863132531734,392.1711884092412,396.40273788197527
Barker_MC_00375,11.530250853025748,14.469503906058783,27.867741530428074,29.715647070020328,32.55770394996367,33.4397774977867,35.12548295784331,37.036163625024706,38.04320023905436,41.04994583861576,44.10310448189652,47.48717755280682,54.14142096796054,57.87834709641046,59.39353659398004,64.86194131581411,71.97294669553749,75.48607245339849,82.76185647476295,90.01512935701551,103.23231800128605,109.92673514980672,124.70556006867942,128.0394364317809,147.92409851783802,149.45373609652097,151.13633743307216,159.80697217640977,163.9421752840078,170.51580902469277,174.4852188106981,177.83489804179243,179.2044840444722,179.30758537577958,190.8102818037453,194.33246281097604,200.0394222352802,218.78218787298235,228.1538423785269,229.73850224813089,232.00901573126413,241.68756049411175,243.25997779423827,248.42233230655384,252.0645606344534,257.87474697796813,259.76144955445994,262.57996683337916,265.22560531881135,277.63567428875854,279.50320893957576,282.13382226492064,291.93335892727373,297.93758323474015,302.17467798014286,307.15477038232234,317.8697236286597,326.7225524214413,332.809994532502,333.1152644908738,333.5821479566188,334.2258025061818,348.9527443794095,351.0642717262089,367.20975599129474,371.8177620779886,378.1062151551856,387.4203174723373,392.3549412165236,396.63161512815174
Barker_MC_02585,11.434477303370953,14.672013328648577,28.342554926847253,29.913117987590887,33.20497972405113,33.68682877824544,36.05766888178443,37.0367371888111,38.628571402681175,41.07099997278429,43.587240947011445,47.3436032013267,54.029644236453336,57.81528414843475,59.36242479783562,64.73836254487476,71.72912569881917,76.11934096172678,82.359306145874,90.3167560427499,104.25825634696092,108.80345425163075,124.99198622188555,129.06922780337362,148.01346803923747,149.67607543296717,151.50494356606973,160.91882665892302,163.97668481464754,168.41910242118703,171.3647279579558,176.7934288039204,178.37468010334825,178.41444996413702,189.5134089212494,191.1145382079348,197.31338083415463,216.32390104428617,225.97075521454897,229.86574567747692,232.39860787091033,243.19546959376623,244.3684485807849,249.3452076721937,251.92862866147564,258.88029411974753,261.13766150103135,263.22210276607393,265.17653390786944,277.3937384826707,279.2322498507233,281.82198091755015,291.469223364966,297.3801362579524,301.55138248009337,306.454079461567,317.01095427950776,326.7921585066791,333.51797642353716,333.8552593279224,334.37110376992325,334.9451849813895,348.8017665391637,351.1004538190336,365.7838108497553,373.5915372545593,378.9796609112237,388.10242278900057,392.93567411497503,397.1244919308196
Barker_MC_00614,11.290475970363296,14.74534482041201,27.76580668463682,29.557018084438344,33.12899580832278,33.395244714790266,36.0798608765933,37.22804034083956,38.49634131304251,42.40318445019954,43.340949901907834,46.97797299964417,53.92153077240605,57.715069790707105,59.21169192583145,64.46492796215792,71.296132237533,76.02899312085228,84.18975910637973,90.67099359108616,103.05165120880147,109.25951422046418,124.43085682554432,128.3346371161444,146.6198881116247,148.45901471244554,150.4820539733484,160.8861653115028,163.00133506599835,168.75124699239984,172.39276072334337,174.6494423246077,177.1517809948992,179.75821125188432,191.34638228854973,193.6136351355214,197.26324203345703,218.09728363834233,226.03150095842105,229.39276233061975,231.8401725862047,242.27277731975732,243.88516411410595,248.5843419655667,252.01345721281845,258.58960952742655,260.7250390613214,261.80439730351605,262.8303240132816,275.72953784920526,277.67068167888306,280.4049810518702,290.5907680291044,296.8316498040902,301.2357503208862,306.41213386669375,317.55574696111387,327.5565449228015,334.4333613711018,334.77821647322895,335.3056419235411,335.7287946596091,348.80702754340535,350.8435957895883,367.46271684524726,373.313504985886,377.43458265794897,386.5347392555575,391.3560142741581,395.5344526236119
Barker_MC_02089,11.499287098567097,14.605259777510092,27.764825511463616,30.11464733037325,33.23247509151952,33.25613836176004,34.96473820913136,38.065439505682974,38.88164002851388,41.37968281488117,43.85406767537743,48.111492798952135,53.804119247122536,57.879211368578474,59.87606000864466,65.03658635362311,71.74723277941257,75.5742189450651,84.47833727652758,90.0893389542894,103.8002029103368,108.2156770284552,124.53319620479346,127.86448247667713,146.94120118251698,148.7787563637758,150.80006706316047,161.2066642921886,164.87947721028448,168.6461041512711,173.1453715141824,176.19329267115887,178.49808652057663,178.82217023473206,189.48503614399849,192.33707516223083,198.6657699098669,217.7256405137473,225.78123315237025,229.66585681914464,232.04186840524352,242.17012118327497,243.6288498941547,247.5707367409001,251.8797123866496,256.84848799633335,258.4619649470793,260.83096772244346,263.0669348431518,275.99052187362497,277.93533351413305,280.67479937334343,290.87983249773004,297.1325064817292,301.54492859083905,306.7310929655273,317.8933429202669,327.6075894186626,334.2873654084316,334.62233942561767,335.1346526283728,335.70343868337795,349.6309932777174,351.3173579011273,366.7107884680734,373.50576966317647,378.0521138534105,387.24469763703735,392.11494070121046,396.3358180234939
Barker_MC_08893,11.367866899769716,14.76532192865389,27.876104200099817,29.81513126372156,32.56866012818352,34.03257875708626,35.84861001972246,37.50127751621263,38.808845172463855,41.52964177225403,43.93483276090883,47.96821319450381,53.76139957720297,57.8071083670266,59.75828772427083,64.91299769378719,71.61608061992632,75.2328612342385,82.93721131318065,89.94480545445995,103.51634343628352,110.10948980530372,125.249904682136,128.77600107543037,148.47292974144133,150.19966931398417,152.09908284378122,161.8603223627476,162.87457443021148,171.01020191080156,171.49665754103276,175.4823746641518,177.37567179349816,178.79657595429015,188.39378876335888,194.22427641996552,200.7182043229328,218.36035615668675,226.3296713985659,229.7526844725193,232.0242969137809,241.7075262184809,243.15563622496705,247.5924738067979,251.9816651132328,256.64589633821834,258.1604806474387,260.7134082327994,263.12236160225626,276.03174649597594,277.9744209217298,280.7108762956413,290.9046947877694,297.15049751142993,301.5580706709362,306.73853580628,317.888166037792,327.547143676503,334.1889153185375,334.52198351297585,335.0313819279991,335.5254810386262,348.7974963489409,350.74555986947564,367.32473207483224,373.04707361991495,377.289648472474,386.8026357740141,391.8426290463533,396.21062321571384
Barker_MC_02487,11.307598071394116,14.731088231780785,28.272888352958127,29.553997862919488,33.144398425853446,34.49430586112411,35.47763527417002,37.89266485838502,38.99073552472336,41.37904033085549,44.295625320652775,48.09672027044652,53.92379064077986,57.43484489920479,58.95239118319165,64.25469662689717,71.14970978943438,75.23286712305398,84.04153517662525,90.25949148397848,103.44864552592824,111.18578218432437,126.44602774469956,130.21044001244397,147.02077736500533,148.77039072618254,150.6949654234774,160.60167371874547,163.8451809117684,170.4998335179168,172.56376201041223,174.823829511518,176.83615378194426,180.02153525107474,191.3991734269308,193.88760469253432,199.2957797030047,215.41721403181032,225.71511170912484,229.48928227446967,231.80408073501349,241.67139959648395,243.22698060850135,247.98611894339749,251.90125045164535,258.4576669968312,260.5866878675926,261.9319518428725,263.2043910900116,275.9362377956589,277.85219530961547,280.55101718411356,290.60464370896125,296.76455012480034,301.11150749517515,306.2207275323928,317.21887386469035,326.97898447216465,333.6902978513407,334.02685338952944,334.54158538911224,335.0170485718741,348.8563561879752,351.10000146505575,367.16818801254874,372.26237013216615,378.683157537249,388.11824377260734,393.11696495690313,397.44918998329285
Barker_MC_04255,11.363197039698523,14.706690280459316,28.061723058084585,29.870012515203975,32.7513544938203,33.815135800737615,34.71339676850171,37.811884790496975,38.59689546679637,42.33413217510584,44.29320626996103,48.00497763582189,54.33385124590693,57.68019071444031,58.95591973837557,64.42331801092944,71.53301462390823,75.85119657867159,83.40851517388492,90.73384100812952,102.98357153894082,110.62772300724843,124.58665717475417,128.14707505029736,147.37983126570657,148.96641486467982,150.71165682355038,159.70564643079504,164.0716565717033,167.80424564872408,173.023243890127,176.58953678306293,178.32407755989516,179.69900742019976,191.64654950131023,193.30716026518672,200.83835382979015,218.83177489180295,226.89923791235367,228.91762597249485,231.42328645518137,242.10419512290431,243.5622895642421,248.88462310603384,252.1564150674132,258.550314339003,260.62656207295095,263.39410394278553,265.9869576819027,278.1117689928958,279.93637652027826,282.5065226072364,292.0808072670497,297.94701856476325,302.0867195139859,306.9523395870058,317.43712934478583,328.1231503768656,335.47114455511115,335.839628038976,336.4031910142986,336.87410741429477,349.33852978646837,351.44152744486973,367.3562212392678,371.7842650845555,377.92837995031385,387.0945428783216,391.9507881381932,396.15953403008194
Barker_MC_01925,11.434901067397336,14.402042769415871,27.729128193852045,29.46187378776541,32.519818405486305,33.300117672027795,35.32637691889321,37.87411036785373,38.39175883404214,41.78550512834527,43.11434992878944,47.22108797234616,53.49524725241471,57.7831675602163,59.82139304395998,64.7705543004915,71.20634574434618,75.63396979414273,84.55174956379437,90.10844778733096,104.2997181092329,109.85674286072827,125.36958197706404,129.21987130939462,147.13819154504571,148.89352570107548,150.82439327270814,160.75792012745677,163.24792167311855,170.98186494149184,172.35318440313895,174.84276704784074,178.2220055919993,179.9412678276357,187.8800241294262,192.12589973191191,201.2324124324134,217.64609721341589,227.67397138255,229.96204180464,232.3156088657989,242.3481871010777,243.81736419058623,248.7437140056386,252.32724076885805,258.0971833435902,259.9708178328021,262.4608847126092,264.80145188724543,277.2223527630885,279.0915174579969,281.724426866954,291.5325168789466,297.5419818658027,301.7827748832832,306.76721406970563,317.5006430000559,327.5131533104034,334.3980234832387,334.7432824594576,335.27132559955703,335.89062855791025,349.5083103554234,350.6811418545667,367.232809187016,372.3962723083654,377.61121153027904,387.37233832016466,392.54379622209075,397.0257264037601
Barker_MC_07849,11.535383512677448,14.355756576457525,27.71190789492933,29.828440992398704,33.01205507809466,34.53724175828809,34.754895342342465,38.105180431902525,39.28057659188622,41.83575432215926,43.110178625053656,48.05878323989019,53.68876583652684,57.250714289669695,58.85283120450705,64.4754060934752,71.78689131030829,76.29392607527093,83.03135050143466,90.29335533152373,103.70200713502972,108.66746429013013,124.75251537266452,127.9816199198252,147.80490196509356,149.33174273574022,151.01126758345148,159.67668477978154,165.26238582788997,169.2558943636276,173.49453752969532,175.4899806372357,177.0154080834108,180.2184041015712,187.3858309186294,190.96573665908977,199.11254511336307,217.4323980031634,225.90179990457543,229.92812756584,232.36573994960207,242.75657917868944,244.16208895362325,248.84947196598648,251.37873382629857,257.44773340495135,259.41847865558395,262.44768258670035,265.2872489135099,277.65185762831817,279.5125511727796,282.1335281009995,291.8971673450552,297.8793971277861,302.1009706533922,307.06282010528935,317.759552312956,329.23526184128434,337.1262669733397,337.5219810950062,338.12719092814314,338.5236513243608,349.87004881917414,350.96720098733806,366.9053984789717,372.3045202624433,379.0269505301615,387.49523656014134,391.9817457150974,395.8700536493928
Barker_MC_03764,11.415844698685214,14.717947978719764,28.037621667046885,29.701548068357635,32.527152019922696,34.494460882065866,36.102623291983896,37.587236056842585,38.88051016583879,42.49709976085612,43.17676296981641,47.04890134293815,53.424416168012336,57.17719644151509,58.76666694591686,64.29197237712296,71.4769703142807,75.67594569225365,84.24776930969317,91.11818051516276,102.77066996687203,111.25491842042337,124.4480954548365,127.77183767894252,146.47725770120925,148.313743048195,150.33387692987927,160.7302937388038,163.83594108008649,168.9405357217497,174.6432550902852,176.68817165030867,179.18823928555992,179.55768480368195,191.4648655083789,194.7805172477373,200.00679475479936,215.21959808631797,225.462285231335,229.2013969692062,231.8771007219164,243.2828548542318,244.3891416317476,247.81660326440308,251.38037969080992,256.92693226869386,258.72802683272994,262.1483078800549,265.3554683621537,277.8092754924019,279.683392099381,282.3232767823301,292.15735102110216,298.18273667149737,302.434764672278,307.4324089575556,318.1834665504224,326.85795596142174,332.8227671385592,333.1218874630764,333.57936560645567,334.2485822180275,349.08491357879143,351.25040246648945,367.7076573897448,371.793238810169,378.13844917507856,387.4109651165696,392.32355634384953,396.5811354074922
Barker_MC_09669,11.467448182485056,14.505623482492815,27.583334177263524,30.14786070797745,32.83388725614372,33.91216512846585,35.15079297141789,36.985091086288094,38.75556728309451,42.19935104346478,44.340222710236525,47.20194929669341,54.06325749433554,57.89155253078699,59.433671163056346,64.71610664199945,71.58528129522583,75.78293115636754,83.07726231388023,90.50471054880896,103.20841409138046,109.68188040611994,124.57881979667276,128.37094223262116,147.29498689245295,149.1346633289275,151.15830740904948,161.56927968881803,164.19922552189811,171.0521084022136,173.427540274545,174.75700311882184,178.6243417749004,179.1392765449864,189.05723055518493,191.21023605656555,198.64616851149924,217.8637515613623,227.5754700856363,229.4869113949497,231.7945920389353,241.63156969931453,243.116785912624,248.25223697296207,252.28655660423237,258.2293668795236,260.15913552980254,263.15609104958145,265.9653064065311,278.09450685041566,279.9197748783788,282.49085134787543,292.06860186019844,297.93693670278986,302.07813620709356,306.9455176149954,317.43200604242486,327.85714580890084,335.02575104386096,335.3852386220153,335.9350431533102,336.54738770478536,349.7196042413562,351.06348933356446,366.3755979494293,373.15381404762275,378.9765609086661,387.78994110643487,392.459281608564,396.506043377076
Barker_MC_08784,11.293351680496288,14.769389005049266,28.029895085797666,29.954777888817567,33.20190504821913,33.99846391697785,35.622347152405304,38.02714645468905,38.80830935047086,41.437860785581464,43.5988744584699,47.92279433733502,54.23268530150359,57.768682703274585,59.20002461942451,64.73543041208373,71.93356265957215,76.22772401807386,83.27725033153855,91.17427423078901,102.87065757231362,110.88518366398009,125.39141274123386,128.74968798463834,146.7542146780488,148.5515652195113,150.52865081511996,160.69960386764708,163.20167842103842,167.9921422876337,172.79039700651498,175.01283406062922,178.52454860417228,180.1384797207612,188.28621881741384,192.81432691757664,200.0968868378912,215.45774329862545,225.76202624434788,230.16100812610256,232.47266685918697,242.3266019671653,243.64280633215515,247.89058910793773,251.7827030348689,257.3966089657382,259.21957472926766,262.11185538480635,264.8268684600573,277.13430491160045,278.98639486304626,281.595252751642,291.3137462603039,297.2683150289308,301.47036857468424,306.40927511187306,317.0600835867193,328.9292657566513,337.0908332122434,337.5001153560342,338.1260762818318,338.51388961676827,349.77746357245564,350.88974299299775,366.8514237743459,373.0750218801098,379.1759833729173,387.897164275297,392.51765746861054,396.52208490281583
Barker_MC_01698,11.312708196332837,14.457736128796457,28.077256978868775,29.430725340859475,32.87548243111091,33.295000111727724,35.965468586415355,37.660312426387726,39.04459322191362,42.12340671197245,43.07894264089195,47.9603322606341,54.19462502017398,57.464348472023175,58.70041952928106,64.39736755437706,71.80556612693533,75.76542893938785,82.60239236353999,90.40347627853276,103.45706258652676,109.0711130691836,124.84139926415456,128.0933522820714,146.52442770108638,148.3123265519063,150.27901528780816,160.3992948146386,163.27373802497704,168.71937200011965,172.95983645079596,174.86441519262604,177.77425193637086,179.51194291665766,190.27887901101676,192.2487384181135,196.91813289482485,215.91305953675928,226.66971297578007,229.451614953084,232.0349242575024,243.04682747887887,244.4961922150365,247.82818653427356,251.34999202765167,258.35953940911395,260.6357023964522,262.0335015813517,263.3521934589312,276.17057100074805,278.09955014539037,280.8167143168759,290.93866939843997,297.14044105702135,301.5169421271239,306.6608865128368,317.72901639797556,326.95389188644054,333.2971632669468,333.61526242172147,334.1017670113768,334.70660295426376,349.21853886793593,351.59113509067396,366.16490910705727,373.01283465299656,378.5609541617988,387.37071257047825,392.0381342439507,396.08323302762693
Barker_MC_04061,11.521823353648411,14.35279344256818,28.36402711316901,29.944932482065475,32.67835438516538,34.104739103363016,34.719325729475514,37.343134185942965,38.606984752444745,41.50168879826008,43.32142031610274,47.891358927186914,53.76772154086305,57.47194180786064,59.13289882955948,64.40451149764604,71.25961238162171,75.77285382760859,84.02061239068493,90.58007560290571,103.55972032616296,110.0483958861916,125.53623948353516,128.97537154548831,147.72742978818428,149.5824145430587,151.62289777342048,162.11738717316726,164.34223283203508,170.41162701003216,174.63341906527623,175.75248382549773,177.34856290223428,178.31344029747487,188.33887081901003,192.33964095010705,199.689521148665,217.0434034534863,227.7794496439934,229.18814086486995,231.63296841502648,242.05456381950717,243.5285505725823,247.9316740792723,251.4068442040841,257.38424041051167,259.3252399166578,261.42527640959156,263.4037764308668,276.20900295769013,278.13600306609555,280.85037956288176,290.96195002419205,297.157358974872,301.52936997351236,306.6680369292602,317.7287467377722,327.4410438792623,334.1194794390292,334.45438623701165,334.9665966339259,335.49257253968386,349.3991130126898,351.2571616442193,367.2677980530773,373.61234609037007,377.8860053940436,387.6083008910068,392.75918592251054,397.22328628314705
Barker_MC_07636,11.290444511888431,14.790986127904626,27.808557727301725,29.711049598757196,32.88308094099676,33.439195694182146,34.746737837276356,36.988043893810094,38.682728255993645,42.07137574778109,43.76097437400416,47.13643472984545,53.48680498439746,57.41537228699101,59.15024785353347,64.61024228444418,71.71031108813796,75.48459709445393,82.9427683402184,90.46827810347396,103.7082152452051,111.22208533256368,125.94247969871157,129.9213125701764,148.05840320905273,149.70119345902253,151.5082627339892,160.81065471315375,163.9302117333442,168.02978174307316,174.56133459452664,177.80802136061044,178.15115894262837,178.37017500880933,187.8343596278222,191.5286692787582,199.9097340043525,216.12780015411303,227.51245079676843,229.19580051693663,231.79836691426505,242.8923575740629,244.00369482199923,248.66962355795823,251.84438291144284,257.7699186557734,259.69407786426444,262.3697413184361,264.88145676010424,277.2290941798741,279.087233791587,281.7046132446451,291.4548512071818,297.42886995881804,301.6446490778657,306.5996880424335,317.2659850198343,326.7368685608679,333.24930166514855,333.57588385621864,334.0753625013847,334.56951801323873,348.67380469612806,351.4380018094076,366.3951308411302,372.8374406886202,378.34194765957784,387.4431072419731,392.2649136432421,396.44381252434187
Barker_MC_04757,11.358276111818425,14.540519750099088,28.37856247451026,29.7081386762594,32.70592066532608,34.4702685503309,35.281301442037034,37.4821211799045,38.76956169911074,41.742011423433034,43.55552791424754,47.74052602568096,53.74485144287238,57.80067544513438,59.71352589538021,65.07695784380387,72.05145870449167,75.5048495901069,84.47200857694658,90.82338556531953,103.79676284409707,110.92515256125245,124.2834432249764,127.79594173328404,146.9277830927618,148.51667134638845,150.26444842537774,159.28202021865943,165.0962087277223,169.36300923944438,172.89761736638124,177.22427103621754,178.68592617842788,179.91184953987522,191.90272493495576,194.701169142093,200.6343506102383,218.6740169594464,226.6546252384248,229.3981642501208,231.98816796917097,243.02860755122384,244.145682187306,247.70906457260617,251.77638148552103,257.57439081357785,259.45713923006855,262.63228862583065,265.60883708745405,277.86894167558177,279.7139088708825,282.3127336298546,291.993851815949,297.9255205406257,302.11141385469523,307.03132637549726,317.6234179644847,327.20498852825926,333.79353299300476,334.1239319779625,334.62924807260373,335.05143405595726,349.47337650742867,350.94576058145105,366.513563825563,371.8928667129053,378.6127601184794,387.5596723366379,392.29975828003313,396.40783276430903
Barker_MC_02946,11.450268944503456,14.764056892194937,27.62498455147813,29.56294827020535,32.702585557993196,34.4909416592154,35.44074296527512,37.862125149528495,38.7113835731555,42.12385654563981,43.79349137999088,48.13563997160508,53.94722124754038,57.93373689534428,59.83385507709936,65.10273360059793,71.95427905701052,75.39380035559411,82.45481291843986,90.71728418262816,104.07342275014516,108.7617201199162,125.88993350074564,129.73238643095323,147.7101355750048,149.28377148928303,151.01477099498902,159.93219667341404,163.82850437640454,170.76470946155482,171.61110152557194,175.42394654684367,176.89087796778244,179.09478359921854,189.5666781062763,193.74091251713455,197.30271289816753,216.97358037732036,225.73206294448883,230.07460151170392,232.4125708627133,242.37866055388037,244.0720390268609,249.1747907409423,251.5410414724232,257.9645425995658,260.0504027441729,262.30568679783903,264.4250558234736,277.1355381798582,279.04828067038204,281.74257385595877,291.7793301503207,297.9289000929728,302.26856316287115,307.3692098042682,318.35980753743735,329.4806538301052,337.12764549991124,337.5111229582791,338.0976178946064,338.5543056495534,349.4247118701261,350.60592065069017,366.62048731204754,372.83139278106455,378.0542394922148,387.745454451328,392.87987297271246,397.3297023579124
Barker_MC_08483,11.376818053739196,14.407433050804308,28.22582090471046,30.200899256850168,32.82318934452788,34.10835174783552,35.029899115359115,36.780780636392194,37.875265499977395,42.494422001201215,43.58896906492434,47.73786030311692,53.68651675275204,57.59780620737968,59.40769121312405,64.67546379651047,71.52557111026772,75.4753842701648,82.42324317629777,90.52128752812989,103.28923934364444,110.0372010121347,125.32070218174742,129.22779975389938,146.1614548350126,147.9328337475876,149.88135055142007,159.91423547249764,163.60046305399646,168.90914427802997,174.72799888076463,177.49064928517723,178.08300059611636,179.32773848314577,192.07535723969303,194.1359942062684,198.3214709687736,217.90067336423823,225.9584041558145,229.35101953381712,231.77922996965825,242.12999140379432,243.80950377324493,249.01835245180493,251.65304166391712,257.5435676175749,259.45635833315384,261.83314582893786,264.0684442228376,276.6580169260524,278.55256427459443,281.2212277440462,291.16250845467533,297.2535800376223,301.55196165635755,306.6040879191363,317.47510666298507,326.59241904907367,332.86172716040033,333.17611724267925,333.65694913322346,334.25137452346524,349.12077575050756,350.8401133951199,365.9843579406012,371.9365438041155,377.2195903600685,386.7649057212232,391.82202644236474,396.2048644006874
Barker_MC_05522,11.288936339553633,14.788022273917557,27.655603590971506,29.622718347510357,32.76116138154698,33.36114214084336,35.789054209929745,37.55870475934259,38.57366169081078,42.222812132680374,43.36846036611742,47.19459267294866,53.47301939223513,57.27091643755354,58.917734603685766,64.51747425910001,71.79926498971474,75.42583987258513,84.14894754567673,91.10124945920542,103.4063976262958,110.02984009226078,124.3247344296729,128.0224965849502,148.46889144164078,150.20374791863898,152.1120900433369,161.91742979588005,162.69181133920736,169.0895198330235,174.75468874000694,174.94030509449232,177.8436233436776,180.02243240698257,190.76817712343825,194.4820758343008,199.02665136813692,214.8318065312768,225.93714116612975,229.10823123393183,231.56145196612607,242.01882508725896,243.6697832815719,248.87987432138013,251.547981741457,258.06539334389913,260.18174840299463,261.73045021302266,263.193522402073,276.1606385533603,278.1120006926316,280.86069359848705,291.1000992325133,297.3738334222138,301.80111741561456,307.0047497870049,318.20021829080105,327.3943909839795,333.71655030038414,334.0335907380799,334.5184761133794,335.1691877029623,349.8167489884693,350.7571666467684,367.2116146484464,372.1565415589921,378.6964124016163,387.5448267473694,392.2327283875034,396.29557647561967
Barker_MC_04105,11.355540936542033,14.353921334807549,27.72427236982068,29.46488279947829,32.77396343344676,33.88215306191448,35.794664957119906,36.96161152913205,38.22987582405811,42.468836700648595,43.77563746161158,47.208090487220495,53.54230785408834,57.61064225992151,59.46039472845228,64.57784156625978,71.23246825268626,75.54908498930774,82.57513463064068,90.91457870298656,102.62525779645352,109.05466717042684,124.48253430175336,128.22033735440658,147.58742894240703,149.1910206396987,150.9549715067195,160.04919099093283,164.98496025457882,170.3127731401426,171.90536651780494,176.5918833409743,177.83343782262497,178.18692844914472,188.21011338608477,195.07243805808884,199.94959738150612,214.90025397136225,225.47990401946345,229.3416707738619,231.71493571825948,241.83148035412367,243.23669302835788,247.8021049069735,251.81200311917533,258.40085922350096,260.54041397324505,261.7252675476791,262.8486114267103,275.6336188026523,277.5575762233037,280.26766678357626,290.3632713134463,296.54889785941185,300.9140055557287,306.04455867746594,317.09102670523754,327.194916688483,334.1426219710797,334.4910319705019,335.02389432255944,335.6308735970648,349.91461156593147,350.9185637785275,366.8047725652396,372.61817226762207,378.0707202862146,387.33449006901594,392.24244756983774,396.4960107372167
Barker_MC_08963,11.314476923655732,14.449983372869587,27.68425700106127,30.15540441229227,33.27616327490122,33.68313721876592,35.518996729742696,36.798131114448424,38.34470392840974,42.021357840029424,43.79780045498499,47.717423121984766,54.1720725699215,57.91677034007136,59.48235669043206,64.93453108797402,72.0244308748917,75.65405770594614,84.88591065234826,90.54210374671885,104.35805834724668,110.18331221617169,126.27135793312084,130.28509930327212,146.81365772886906,148.5626228486772,150.48648448046606,160.38236754309983,162.6438449520143,168.96301275381072,173.58743672541857,174.98405403113148,177.46319821117385,177.51327111087633,189.3803091320437,191.94133464484815,198.32049857285116,214.75933068624076,226.65410153495935,229.16096720853065,231.55205355728353,241.7445657049334,243.14737565583016,248.1381753164527,251.55235645608,257.65302765644174,259.63405741892075,262.8327740497248,265.82942329921485,278.132019558601,279.9833811316154,282.59121302478627,292.30588450468986,298.25811149749967,302.4585124857367,307.3954766804418,318.033917211381,328.8656796923539,336.3138895930635,336.6873986441315,337.2586477810591,337.8373312440061,350.0784189788146,351.34982780455687,367.2256310916376,372.14086302505086,378.2398754467288,387.6199392733428,392.5895095126084,396.8964703866386
Barker_MC_04388,11.363716967223308,14.639991045161729,27.818501488877043,29.744476075191766,32.613447206126054,34.31009934836592,35.13749169242236,37.08794523927678,38.60521351814437,42.188559295664895,43.703764092593545,47.94852501865701,54.22815822866139,57.51793560331589,58.75970256743733,64.36803879169334,71.6610083304597,76.33528376549263,84.8562905015975,90.49526496383017,103.73479264403365,110.80728195947631,125.26906593182127,129.16504125238075,147.68919963681057,149.4280975723697,151.3408853014846,161.17383019864658,162.6029624652793,168.86779293743123,172.5800463855183,174.41239741040528,179.26568392720878,180.16582004054473,188.19374655528796,193.6250523886696,198.1149913349696,219.02624475569445,225.9500138531612,229.79442694045815,232.29783373738368,242.96913559207425,244.40712918210968,247.8331734210731,251.38612438937372,257.222143221055,259.11723420698837,262.45980425431094,265.5911092515257,277.72347532948737,279.54921973927765,282.12096724124046,291.7012174775597,297.57108391333725,301.7133642409262,306.58201600036705,317.0634117945561,326.5026790017019,332.99337186827876,333.31886384093895,333.8166750932428,334.4721953988614,349.7677750804682,350.782022595733,366.7327064669445,372.90602503298567,378.8992699272576,387.82916887818465,392.5602411700665,396.6605038230308
Barker_MC_08977,11.311191741335616,14.384086313066232,28.331174085096528,29.83755811689755,32.55132136399042,33.758956020132835,35.5305633603401,37.26517981506351,38.8776629914329,41.21254498850856,44.1820729394227,47.73192496221531,53.77792934544242,57.47824340594181,59.098379447693425,64.72726339737842,72.04695279202585,76.065740385548,84.19542294549858,91.03862824351592,103.02543175726989,108.77203679396844,124.66783428644642,128.18223361743793,147.5940047100484,149.15045129726465,150.8625425432025,159.68046802689548,163.2473849814658,171.2483673718609,173.4379056575582,176.46984723061453,177.37681229864737,179.04209266442436,192.53815079482095,194.67439554576248,197.64555495019337,216.28474889012367,225.8605825798966,229.6440191309576,232.22809898920616,243.24328685953677,244.21396815748133,247.91413177887492,251.8126893658446,256.73345469249637,258.3313415882356,262.1054114060235,265.64448038552234,277.85597498924625,279.6936270898066,282.28214779059607,291.9248813935367,297.8330316953384,302.0023283966099,306.9027339981043,317.4653565718967,328.5907156231235,336.24081038654316,336.62444345727516,337.21117638898284,337.61239784307145,348.7529674256119,350.8935826647368,366.03861645431584,373.31879762654415,377.6418352852533,387.2019381126938,392.26689325305966,396.6565210413767
Barker_MC_01303,11.50587405483904,14.63610847352558,28.1925943386595,30.154115450594578,32.89908350330071,33.32241870219331,35.22989744566704,37.50293293232754,38.876394357779155,41.359663809804445,43.118501629678576,47.51731399251946,53.78396708562194,57.66607911384079,59.38275488134513,64.66684769200657,71.53817750663094,75.97138797133046,84.79438254405507,90.18496018486952,102.78936569772492,111.1962662698674,124.80496272855385,128.2458951373273,147.41463378721713,149.05862568351384,150.86701676944014,160.17572150919705,163.23016401334291,171.28864355856018,173.94398591807675,174.6401480801145,176.68600168887633,178.54755588667433,190.5754974734657,191.94106776907844,198.31660470488023,215.4282782811489,225.45966760622605,230.0613369188331,232.5561449034659,243.19079249897703,244.4378716122377,248.451230316759,252.05844890693487,257.90191379903985,259.79942269389306,262.94274216731054,265.88855932166894,277.98749472887516,279.80820830957117,282.3728693748528,291.9267212821613,297.7804133319261,301.9112796279141,306.7665158431036,317.22899625901664,327.90061428532584,335.2387045711652,335.60669139965864,336.16949478441325,336.6961615040891,349.49185623361626,351.6366159941445,366.44962766746875,373.0452533736626,377.2775777185104,386.886536401956,391.977375439543,396.38943593878514
Barker_MC_06257,11.469705597002182,14.774611215740158,28.153781509478577,30.13639565678776,32.53174730833347,34.21852909528837,36.03717268993432,38.04635216938616,38.79796020005847,42.520425708145645,43.51108445207782,47.930248188400846,54.11056371168383,57.97696558422784,59.70011378554917,64.84098672865115,71.52607625922482,75.8564690496321,82.39481758859063,91.10030170446984,103.25348162812612,108.88058697271696,124.14148576085876,127.92101579244223,146.72366969186854,148.34244487581094,150.12309757814754,159.29426605620534,163.02119086318828,167.72695065366594,172.88662693319267,175.11643381894194,178.26400793891167,179.4953231726158,190.32397065134336,193.18044139654864,198.41350739759463,216.92900156870056,225.3689131571663,229.51575064406669,231.9599336488257,242.37878154199336,244.02316758156235,249.45244748432503,251.53284432027343,257.0025364637321,258.77867265791787,260.7934285815308,262.6974428227881,275.7747422866351,277.74268540983536,280.51473432531105,290.8411455524265,297.1681884969092,301.633091711912,306.8809400404461,318.1694064656842,327.17257445313425,333.3633938197581,333.6738478882908,334.14865999310564,334.8055346739827,349.727420086805,351.6647550800698,365.92512590348616,373.8966548098039,377.35208421311233,386.83408734454474,391.85766516252215,396.2114326047693
Barker_MC_09309,11.522073183551388,14.776746204883956,27.675560431804197,29.52207822514378,33.311554358913185,34.093082896814344,35.63427619051147,37.478709388526035,38.96810578881349,40.897727410425695,44.03385645441393,48.209319071235306,54.342140087118395,57.95236338498757,59.48169049590599,64.6195947820616,71.30082392983807,75.55124813166688,83.9406357650632,90.32759398231394,103.19349455569755,108.627273705741,126.62557320217628,130.44519898284983,147.9438934993586,149.72045173274944,151.67466578947932,161.72769360641283,164.1645638437744,169.74810021149824,173.48641561347645,176.21722762702962,177.90094244068956,179.7686389376489,187.94354079169057,194.4478947006398,199.6965560320607,216.34461551735572,225.39694664820647,228.9834551995186,231.60899107064,242.8008939788946,244.20645948976303,248.86512070847652,251.43204581359308,258.59190514271035,260.916877913789,262.2173449563135,263.4442900576267,276.21659622160547,278.1386422948255,280.8460405269958,290.931615620882,297.11109708209506,301.4718682804762,306.5973244757298,317.62523687135916,326.7618051572473,333.04435414084986,333.3594082196736,333.84125563434515,334.4009850696695,349.603005359974,351.2751913391016,367.582509563056,372.129788906346,377.9806557477638,386.8771187735308,391.590476667977,395.6753868431635
Barker_MC_08987,11.389900713045384,14.615428415452632,28.089561797906093,29.827694188217382,33.05038376379046,33.83636599691097,35.58381558521957,37.05573544053333,38.62434574936907,41.18663046613003,43.54632768536921,47.593851566358026,53.630857170575126,57.43286758230926,59.136233479602865,64.71023464637635,71.95855555526049,75.9175576956145,82.33962203763038,91.08263262509897,102.73781952737478,110.69087467684756,124.7178208217108,128.41678736359444,146.82297983865936,148.42169894677644,150.1802899657052,159.24395395431293,163.76411669630207,170.64706637527078,172.5904530899262,174.73678750092387,177.9573989187963,178.04502963975804,191.14429229890823,194.4503951886574,200.28708628739216,218.2538652895261,226.28516054239245,229.96799497757408,232.3496286709037,242.5018468721308,243.74594257200445,247.5882657377551,251.94091197849295,258.0798554531269,260.07331311278665,262.26990977243884,264.3360933442497,276.94430299427694,278.8416549319023,281.5142689515684,291.47026621566755,297.5703547033021,301.8750994220008,306.93470458900197,317.8374024271888,328.93619917840834,336.5680289931414,336.9507461224938,337.5360782026798,337.9496721085291,349.0537217795871,350.50214682820723,367.2711982073339,372.33390417317895,379.2178342154926,388.49990808638813,393.41756311732627,397.67953081080583
