inner_id,error_quadratic
1,0.2505490678256707
2,7.809292028032626
3,2.7653387155460427
4,1.91304483476717
5,0.0630155275645858
6,2.309896264020657
7,1.2960614406646704
8,6.143178680015033
9,1.4531232914204277
10,0.24883533779717512
11,0.9487426110182698
12,7.286935548620786
13,5.473038312545727
14,0.3017463914657756
15,1.962066815397353
16,0.99358238606439
17,0.4599749444969298
18,4.035988085280031
19,0.32374277735365375
20,0.38499730162337653
21,2.4306996835611123
22,2.9957953212882433
23,2.268054007561641
24,1.0065712658014054
25,2.8065873421810372
26,1.0289501452419416
27,9.898144735670138
28,3.385501076929856
29,1.1532666860996985
30,3.331293312329071
31,4.0161369354791105
32,3.955265115747816
33,2.2872232299902353
34,2.9453835420239267
35,0.01638210977283772
36,0.05641922381590225
37,0.922227185115064
38,0.28510971080330044
39,1.9783306146109287
40,1.7991595280338766
41,0.12969585516388224
42,0.6730347920612619
43,6.62934033216819
44,1.7109273343193667
45,0.43774347151697124
46,0.036078349046379216
47,1.1655005236608322
48,0.06643314480905392
49,2.3167730467173366
50,0.6480677420687604
51,5.610966016382878
52,1.433471070370815
53,2.1063397119596057
54,13.543026447886879
55,0.2448194381898174
56,8.708685691277738
57,0.7103480795786199
58,0.11930741914361886
59,1.8515977632740104
60,0.5710182031300302
61,0.707148962157181
62,10.575888492082456
63,0.32517044546054125
64,1.9918495891808492
65,0.03480246231049778
66,3.372175662793765
67,3.809578476325375
68,0.1668950952825505
69,5.322626923944497
70,1.85286814963191
71,0.6556629392318241
72,0.7295023575470462
73,5.339555886883356
74,0.3802058311883336
75,7.154881570058724
76,0.2150691063760522
77,8.643724021924124
78,0.11539731752248904
79,0.8135859100411658
80,4.254914746506843
81,1.5709458829641438
82,2.4072509949565317
83,5.101237668093377
84,1.341009320598298
85,0.11308252021326665
86,0.0481627139995778
87,0.20458017089254055
88,1.0917242486024548
89,2.6548751194596387
90,0.6090282791714734
91,0.7871884991126271
92,1.5682368575493906
93,4.225374443967628
94,0.6734458577309839
95,4.300111842936157
96,0.430253400499272
97,4.68374994381076
98,1.1399491573746237
99,0.7208690782634088
100,1.189452714316936
101,0.23309265808167465
102,0.6352859140565321
103,0.06396159622650271
104,0.2220686076028035
105,0.43083299903723954
106,0.4430813523595291
107,1.2311681482160366
108,0.4542625065483316
109,0.11097296266163686
110,1.7308331536379231
111,0.0015666236062439865
112,0.8455867068597261
113,0.01270409836677032
114,6.1630541048668945
115,1.3582173343230721
116,0.5823890092755227
117,0.5082127309158052
118,5.697803851349945
119,8.513964110823636
120,2.5902951014794158
121,4.230572306868085
122,0.07178025248585325
123,1.6360067856804812
124,1.0279823239596733
125,0.39932256135996713
126,2.6180305927711074
127,7.819469643602032
128,2.987293102227329
129,1.8842203576653123
130,0.5536626820396615
131,6.984847813251778
132,1.9786768942156028
133,5.774682901784165
134,2.567340979478925
135,0.11314495162022248
136,2.34633152569722
137,0.43916569538798433
138,1.4248358622443007
139,6.903463503200026
140,0.18006947362217207
141,1.5117954109540352
142,0.1043855465140946
143,2.396955084290054
144,4.476076978190724
145,0.2276414232705512
146,1.0284141128188853
147,0.03703202885828378
148,1.814460513727995
149,0.8801799393451689
150,2.3682021766803754
151,0.5565879388714444
152,2.9300809116665087
153,0.08540632165001621
154,13.67998235465224
155,0.47409270626489286
156,1.4383817040074487
157,1.42002807280045
158,2.5827019374455555
159,0.7750753626934863
160,3.064324497817054
161,8.725081987368467
162,0.08601624797417358
163,2.0797084475011887
164,0.07660912459872604
165,0.7145588435468255
166,1.1193873557164504
167,1.2912548041281122
168,0.535725381205509
169,1.840549683460248
170,8.022120914091637
171,4.3951355469083655
172,3.3855621988240943
173,5.518249731286244
174,0.6462386021492483
175,6.150944047548366
176,0.47422740704748234
177,2.0187162804641616
178,4.136266293629913
179,0.7714435147480899
180,6.888686515063088
181,1.1822054492878806
182,1.105349238044854
183,0.24302122944747698
184,0.6339414188025665
185,0.09862886694750095
186,2.4621189415594134
187,2.7352593287176035
188,3.120848875421976
189,1.251314202347544
190,5.990002554083737
191,0.38929208267310844
192,1.2908952821909125
193,1.0601988316091495
194,1.9954253053717936
195,4.1162006393931705
196,4.563282213871097
197,0.13361152281857597
198,0.0017768444535722215
199,2.0736901329844732
200,0.6351636258255284
201,4.634310963970837
202,0.06769020584930943
203,0.8296421873425861
204,8.430935414543486
205,0.6952911457599165
206,0.10384760935947795
207,0.3306230369311452
208,9.411893218227268
209,2.531910983114893
210,0.7520538760062689
211,1.1154492618344856
212,4.037211606887147
213,0.273181845645688
214,2.43472417109564
215,0.4333061707513226
216,0.52161665733933
217,0.852522568355401
218,1.7618611587072963
219,5.301400758660344
220,1.173093002047291
221,2.8175034913381527
222,0.8375850647637927
223,1.1128865728197939
224,4.16152507130936
225,0.12051352319506076
226,1.732603086767399
227,0.2824773286722064
228,0.7246474088069602
229,2.225593286130931
230,3.744719584878791
231,5.191761907836695
232,1.2152831051529167
233,3.4618178379550093
234,0.9459820984389744
235,0.9219393399909886
236,1.0290752734872484
237,1.2171828064341208
238,0.14922552383407964
239,0.0996135101434488
240,7.484346185947798
241,1.2205441701302715
242,0.5207437369130521
243,1.2034880582707546
244,0.10883813183762468
245,2.29595807043676
246,1.0856202591459905
247,0.2901712499801362
248,0.8670003311825438
249,0.4112769812815635
250,4.465783218174516
251,0.4653299572819823
252,2.097729702252171
253,1.694940320940252
254,0.2511584662334359
255,0.07047987351688224
256,1.032646631663002
257,0.6322714792052861
258,1.2631480297571163
259,0.14011247603706406
260,3.042353228258191
261,1.1950034891468364
262,0.351807462620571
263,2.5905653757149043
264,1.6993715493648054
265,0.9227045643650464
266,0.28132805234075847
267,0.6841768084152399
268,1.767810967692816
269,0.32606530566115766
270,5.8116958780918955
271,4.3804689665609535
272,2.753255523916903
273,4.428301855938706
274,5.573583585681729
275,3.5141173137023034
276,1.1640342428135342
277,8.40204757498917
278,0.7670279615472773
279,1.9352077055848271
280,0.5871104867631712
281,0.9434948264276434
282,0.5793477338549746
283,2.076919742259729
284,4.695170830575543
285,0.5750791389544389
286,5.321435852723301
287,5.280497947896636
288,5.364782790302696
289,1.3310449546733374
290,7.625160765038954
291,3.5472344578433046
292,0.9092844965534411
293,2.030504074916052
294,3.5502552309787205
295,0.8326468298241883
296,4.165039526945741
297,4.463751429359998
298,1.2788731659848254
299,1.1246310181878205
300,0.7041227873550144
301,1.3145792677447319
302,1.5172251159681336
303,4.979210864855436
304,0.2959812745494912
305,0.5625784052637423
306,0.526048527344648
307,1.2507876194400038
308,4.2148892558567566
309,2.4245801412931622
310,4.180070696315748
311,2.481150152567855
312,4.499532911595828
313,0.19120497669669265
314,0.433083633396851
315,2.2390684588667766
316,0.39393127308321646
317,2.7606493794185565
318,0.7331535652482939
319,5.562099971516246
320,0.24818241472312144
321,2.3065562741161836
322,2.220553128480087
323,0.7977603797244811
324,6.305250068000291
325,4.189735197779642
326,0.938843037203732
327,0.4754599955377679
328,0.7243067069529013
329,0.4020319572230808
330,0.7452396154017396
331,1.1124211411192144
332,4.085769897430029
333,0.12682380564527374
334,1.6049924082125273
335,0.8887192739276599
336,2.3069396495116963
337,0.08068299893000301
338,1.885529553510435
339,4.480696713116052
340,2.8425627826243534
341,11.784502062497413
342,0.9433126411741359
343,0.0005945143927530357
344,0.649206393369312
345,0.20454869463880043
346,0.5822217831108696
347,0.6709038038081642
348,3.2941072568184415
349,1.6606185228852877
350,1.2452571053284684
351,0.3000870336834815
352,1.4456130584825257
353,4.482502454251453
354,4.4377126561031845
355,0.9360530075873591
356,0.9879700512444727
357,2.886805782017338
358,0.40769067675889553
359,4.101800878130775
360,6.040367118747245
361,0.40425763016639804
362,5.729853669368969
363,4.198100416182317
364,0.520671142281779
365,0.7847532343547813
366,1.0390202916678042
367,2.232997749972522
368,0.201119805722646
369,0.5659166547614379
370,0.18745946808576178
371,0.4244513963949184
372,4.077987831078777
373,5.2893466835924885
374,6.130557391240055
375,2.913340108033137
376,0.09774357089718404
377,1.4470380356290107
378,0.8754126045524895
379,1.075862230868267
380,3.7562166136193067
381,1.826090706129758
382,1.384786588524062
383,1.1402286596335087
384,4.518010124331875
385,1.8030271739884547
386,2.493579277984065
387,3.4781569495190054
388,2.8418362699254027
389,0.062241521011490976
390,1.022676821090997
391,2.8343602444241207
392,1.0068820776420886
393,2.9781063965080534
394,1.76018652132853
395,1.9740785867005253
396,0.04126029147872522
397,0.43461449060099777
398,1.5121356340945422
399,0.6920342809719886
400,0.287526440173846
401,4.3460571447585306
402,0.7795831457209685
403,0.05510195293421357
404,0.3510830702683559
405,4.790647546648335
406,0.019376834779321877
407,0.5508179826752772
408,1.990102323942486
409,0.875125399102542
410,2.771307251405123
411,2.241973394694445
412,0.2491896124311848
413,2.681812123720916
414,0.6529911806192753
415,1.2179767738337086
416,1.4799477959969995
417,0.5909998987706729
418,0.41460295311494794
419,1.3273628042987289
420,0.10370259058460461
421,3.22337753731462
422,0.30003547057845403
423,10.169170905560815
424,5.3025814321685285
425,3.401093064324081
426,1.6141289518714312
427,1.272803337604067
428,0.525616468680354
429,0.627675772460885
430,4.111325697798923
431,2.305779109723689
432,4.082244891517027
433,0.7412842516281053
434,2.740430749042006
435,1.202476435225987
436,1.3323637649341888
437,0.517168464478827
438,8.147542726422806
439,1.888360734063504
440,0.8940040724846097
441,5.717496002922681
442,3.342898352555138
443,0.0677534544729735
444,0.7204670688368197
445,0.8462193066301806
446,2.0771816596849857
447,0.91215243087184
448,0.6214387963225588
449,2.2330130526404077
450,0.025989052508645485
451,2.4440199785833254
452,1.4302963391375423
453,1.7469812558989808
454,1.1862431603864045
455,1.8904479621132864
456,0.9908205970402737
457,1.7689863674287907
458,0.923319993267089
459,4.058073570513085
460,3.7201772446097294
461,0.11895364120279023
462,2.111087351366547
463,1.203826358905034
464,4.527504013633936
465,0.3031451553564325
466,0.13909223263540127
467,0.5410337055079885
468,0.6513642581696162
469,15.34994446518774
470,2.5871037735807034
471,5.368861018102644
472,0.0508560222157549
473,0.5388659770831186
474,2.2119558489126496
475,1.7514784490120336
476,5.683406620639889
477,0.042764745829401984
478,1.6661412177652666
479,1.681501089094048
480,3.6292504381564137
481,0.2408577721214896
482,2.6027902510898313
483,0.6158625793524041
484,1.7020846103326728
485,1.3759481374734315
486,2.3739266257947444
487,0.2012882928072998
488,1.3480588413622645
489,0.2947997630220187
490,1.0823186944263674
491,2.325994336360865
492,1.2439049580079926
493,0.031553633947509124
494,4.835848669552547
495,3.9108866653412275
496,0.4598793398283815
497,1.6395415693539321
498,0.8666919458636015
499,1.6170403809227871
500,4.240204555090496
501,2.253291940260921
502,2.498657501766719
503,1.0590712881360969
504,0.4098796075797103
505,0.5051413400887459
506,3.3806605429220955
507,0.6247490209119019
508,1.277549241062543
509,7.557541034734019
510,3.517234728437191
511,0.8791864783699808
512,6.868614805277554
513,1.7929500936057414
514,4.553406723794031
515,0.001905276818179895
516,3.4103396363472127
517,3.954692260604115
518,4.12040590486427
519,3.0530451873839164
520,2.049316179545594
521,5.797184753795665
522,2.543905304502914
523,0.15709035173326846
524,3.614525436561564
525,4.99151903090684
526,0.7668041571742257
527,0.3814199191373705
528,0.8217243182604674
529,3.7801708360708046
530,0.5133446165402104
531,0.2510311913127335
532,1.7684946947828493
533,1.3802647854674588
534,7.19185831046382
535,3.4036545381366023
536,0.000622913976362921
537,1.8989689800762124
538,1.631646004619289
539,1.145369556089091
540,3.5802440702399463
541,2.8690449036525103
542,2.5603112524296616
543,0.9291671431983878
544,1.1979680202818608
545,1.5784487030793493
546,5.6532346306072805
547,3.371060830887898
548,1.492490922498888
549,2.5411035359934804
550,8.837475596331956
551,3.4827462075314504
552,3.2108734975481545
553,3.6347206420074363
554,11.730890210249616
555,4.719114790441726
556,1.5276262322157614
557,0.7146068424475442
558,1.6935935019285298
559,0.5624995652880155
560,4.1629994659617235
561,0.6363359186893637
562,2.976426520415039
563,5.100434145786219
564,1.125903777992427
565,1.5543252754822776
566,0.06039375772387942
567,4.550613750260143
568,0.5873412273559254
569,0.7179637258637892
570,2.3599729996919514
571,0.3500463413813002
572,1.1995515609980536
573,3.7130423161738393
574,3.805741477801875
575,1.2506833933495363
576,1.542386381303519
577,2.354288631894894
578,0.500829043780092
579,2.6473104141192847
580,1.6107203012177356
581,2.999329887269668
582,2.9658559951369665
583,1.6033619596404
584,0.06657005500742176
585,0.8993807809122397
586,4.063460937380629
587,1.396620629087699
588,4.158414462914464
589,0.800783965707488
590,5.023715721125711
591,0.8757777326845978
592,0.1839660473738837
593,3.432452761900055
594,3.590505589848743
595,3.7691708077412507
596,4.0063630169892
597,14.966303460667547
598,2.406071687651161
599,0.28835411324386645
600,1.4796927931779216
601,0.43892619700373736
602,0.03480353537069604
603,4.813910912149901
604,2.124318108124497
605,1.2584649434187434
606,0.3820127768898409
607,0.10784019191825779
608,1.2521387157954835
609,3.0495658979695768
610,0.4861473144148459
611,0.20744822197824803
612,0.2777672237997709
613,1.331047188464735
614,1.1652473591950236
615,1.3570829277661016
616,1.752231860669353
617,0.6036308672604246
618,1.3191376282374032
619,2.0115629413817175
620,5.903272576130144
621,2.820378494610157
622,1.3208417190073551
623,4.524752974934487
624,0.2807864335926156
625,0.5418128899574162
626,0.7830009113598865
627,3.317472800998596
628,3.0004859678210423
629,0.08050537726311059
630,1.1601758956495944
631,0.21148632954316832
632,0.2879198992132951
633,1.5207088083720408
634,0.4438751388499461
635,0.08533925014367459
636,1.8521649589611455
637,10.834271634493513
638,0.9070908159484382
639,2.7297814389576174
640,0.7212220092202428
641,3.0576716032331177
642,0.8054318610049298
643,2.13416792447584
644,3.2739021467678717
645,5.483133874485933
646,2.9574657092516476
647,4.923868515570702
648,0.4484481356459545
649,4.583721156888844
650,2.0527655760465606
651,0.5550650731615869
652,0.6989508540453331
653,0.2102404278249613
654,0.598243669122965
655,2.835837907385774
656,0.5078917174085116
657,0.34966556497612133
658,0.055996699397511104
659,0.3108437742246614
660,1.2380040060157866
661,0.849618303715085
662,0.9842109633168329
663,5.2289656286512365
664,2.372982026833782
665,0.49121376323009197
666,0.596034782876786
667,0.2517349693414499
668,2.1529567636417264
669,1.8454959585835573
670,0.8647837675943637
671,1.1262832839679546
672,0.4817765781993713
673,0.963697092876666
674,2.506477926412611
675,0.8030040819936113
676,0.16315279508991576
677,2.213380479954897
678,3.3881204467508956
679,3.984210530258945
680,2.0725579294027554
681,0.3650780687291077
682,1.7012088399899343
683,2.6989109943668876
684,1.1272171123312862
685,0.49323524459051205
686,4.3903550225564025
687,0.3056892754006057
688,9.29208162781335
689,0.3628880196521454
690,0.9010228712172067
691,2.986671967445833
692,5.264744642469988
693,1.6699073389003976
694,0.4301023242499155
695,1.5710874651144167
696,0.4727141839396213
697,0.361913759820703
698,1.1318840607674783
699,0.06872441700341778
700,1.2204514561838677
701,0.14048262388446955
702,1.007756353840366
703,0.04821111182996524
704,4.1091050342783975
705,1.0054644026047168
706,1.8279765380122122
707,1.330866961486114
708,3.209389995655191
709,0.02353494634781616
710,0.05572238894121841
711,1.4227202410687279
712,1.7161916701271318
713,3.7216113037083964
714,0.43646649902351803
715,1.1057483777164971
716,2.146191331835631
717,1.7627755973535286
718,0.29762834580412806
719,9.05823013425573
720,2.8624860477205893
721,0.7175660318979392
722,1.5376644787179492
723,0.5152119177322522
724,2.875133912851604
725,1.8625762904792404
726,0.48526974544929435
727,0.27631593472564003
728,0.9080720051965799
729,0.7372097502272422
730,1.8873605679323433
731,0.4150566908893735
732,0.3911557742756837
733,0.9273837797566064
734,0.21073123467049426
735,2.5719957068664154
736,0.8975586255720924
737,2.7877592716444264
738,4.166215727422249
739,2.5112579835012596
740,0.5768470082472199
741,0.0535279147367116
742,7.741521623744556
743,0.49085205361642686
744,1.2098222105403256
745,0.14727550664380107
746,2.0679739097239627
747,0.7888729896122764
748,1.3736153433825937
749,2.666108657474902
750,1.0282264338250966
751,0.19333661898808632
752,1.091108153023434
753,1.399593727840015
754,1.85899302584402
755,0.5209177545600556
756,0.1696835727335794
757,0.44584547640571276
758,5.71376097649056
759,0.3784531506831511
760,0.8295792090550304
761,1.5105239479203012
762,2.601080939929599
763,13.345793949682712
764,0.6997650848367901
765,1.086356239694413
766,1.5222267772979536
767,0.7128407258423384
768,0.2920408772197091
769,3.8466658741498074
770,4.3014690562149465
771,1.3067524550828633
772,0.37538371987072433
773,0.3547523659824372
774,4.363884864154298
775,5.663556879331543
776,2.0355311039907127
777,0.25719999098642765
778,1.776935837228326
779,3.251946794009256
780,1.7848432270508905
781,1.3971851745252344
782,1.7774802502003786
783,6.170936848881289
784,1.4828972314418998
785,2.18291092235707
786,0.29760229255969195
787,0.6765773944857457
788,0.016378149350229604
789,2.060179316622341
790,0.5771504656684002
791,0.702547223571947
792,0.8581111229117833
793,0.40141766375286647
794,1.1330851271440425
795,1.974765629576943
796,6.502494047727487
797,0.29395331284067894
798,2.2995356340679587
799,0.5280486104105052
800,1.778239800999401
801,0.8344100785241616
802,0.16918396807380132
803,0.5520786091705685
804,4.889332926890532
805,0.8008503442422874
806,3.593840818323765
807,0.38250259412904314
808,1.3454742349421478
809,0.1748656213631066
810,7.037223275324414
811,0.9061687939893762
812,5.016403268149949
813,0.20338685235379786
814,5.5057731865712665
815,4.150085074649299
816,0.489121851516795
817,0.7750861528382191
818,2.0858433794922995
819,0.16531405285679432
820,0.01379695151556179
821,0.011585801189146731
822,0.10322540181102957
823,5.469181995799205
824,0.5165342693115338
825,0.6133042113732514
826,4.669801160021762
827,3.1267359416982483
828,0.014534679053538608
829,7.8688987401692065
830,3.1274393250351125
831,2.0475331796130853
832,3.765332545726802
833,0.1600797507856416
834,2.5178715646519283
835,2.11216201007608
836,1.2898041681281698
837,1.207628749276737
838,0.36683412183329434
839,0.9995230888021635
840,0.407438154758688
841,1.3659133239058643
842,0.3343099908141089
843,4.078316236562148
844,1.6063007978875716
845,1.7577715916154342
846,0.8848033074816233
847,0.1281920431479565
848,0.6341478670787518
849,0.5609926604728561
850,2.485311079279353
851,0.15799595545470915
852,2.328374122326093
853,2.9293264294572574
854,2.862039468616878
855,3.614961296432548
856,1.9748759769021536
857,2.36630192705044
858,1.2206419467332372
859,0.657612390802499
860,2.014610655771546
861,1.729457952470008
862,0.9947962351915859
863,5.780216050705783
864,1.8920988586473921
865,0.32887134434945975
866,3.8047348044513583
867,2.5754334017945646
868,1.2697272344250938
869,1.2593203339981187
870,1.2281341871100895
871,0.4679405083228179
872,0.6125996617254155
873,2.21086520589195
874,3.6277443818356505
875,0.5127955311993644
876,2.1580873513424117
877,1.5438891785802578
878,0.019912619801798797
879,1.7864840525405115
880,0.5639271854719294
881,0.17914453163104646
882,5.9663685069114045
883,0.9068006769948229
884,0.7808201403858053
885,2.550916263180584
886,0.6719636806261141
887,1.6709411856876246
888,3.863584881829232
889,2.3221934896821614
890,1.872472584688641
891,3.1533703756652742
892,0.47201047406573693
893,0.8282458571379294
894,0.37450727178139626
895,2.2648461631996106
896,3.7701686788826554
897,0.23466620395295704
898,4.447189046209974
899,2.923990895729251
900,10.43091886935565
901,1.3352456022948007
902,2.216285132990897
903,1.3185191786499646
904,0.457934508110328
905,1.2465796861288787
906,4.526954037474826
907,5.369805081331476
908,2.811554603753001
909,10.842526219860959
910,0.47680866171861375
911,2.062259065029685
912,0.8430620737801789
913,3.865326406449742
914,1.4007998338210614
915,5.132070364272643
916,1.1942489708746384
917,4.53529022374472
918,3.3647541715005422
919,0.7986364718026685
920,0.26111343957944877
921,1.724572582157337
922,1.5551058117009453
923,1.0589507370141107
924,0.3270911261515318
925,0.6991158715717453
926,0.6278854215024063
927,3.2671435452336994
928,0.14281739749326566
929,0.3311567721731816
930,0.5776357633190508
931,0.07575078662574375
932,1.3113597499448457
933,1.0024494261104555
934,0.048069814436026266
935,0.5795706659254923
936,1.7435871830386331
937,0.4296293612264453
938,8.559408168737066
939,2.875565584187479
940,1.6348800770243654
941,0.22193170817786106
942,0.016062299183091242
943,2.2568740680152204
944,0.5554303232367892
945,1.5692608390865008
946,1.186971808309286
947,0.3053076114335564
948,4.499326205493951
949,1.609384931097302
950,0.4775742429277565
951,0.8068164327217877
952,0.4887852808073106
953,5.996113354221088
954,1.2412792389843605
955,0.21537432666246253
956,2.3508235866769236
957,0.6950192459379685
958,0.3759415406885742
959,0.2217634461964916
960,4.425452422919927
961,0.05020880127514447
962,7.551024606840899
963,0.5978624106997249
964,2.8299755585241764
965,6.447453675811301
966,0.729182290837847
967,1.1988567708101208
968,0.9038488109481366
969,2.7165007039102593
970,2.443407299121858
971,2.5864966689356135
972,0.5891131914306077
973,0.06589336856368098
974,1.107270665036891
975,1.1458642342672172
976,0.6711023785506807
977,0.6800691651818038
978,0.20572350406393208
979,2.892195398213978
980,1.0368331287241679
981,0.7741514467327667
982,4.965844280085363
983,8.356101130279887
984,0.06588726889103348
985,2.178368192782561
986,0.6903652737627646
987,2.45574456349752
988,1.0373584963813207
989,3.948426366682026
990,2.986572590200175
991,1.091296750423952
992,1.9773951893672812
993,1.8719820559960776
994,0.6052998127344449
995,4.773922847694179
996,1.5371574029327855
997,0.9440613419029963
998,3.6272699506397776
999,2.8527816606032506
1000,0.6864692903841849
1001,2.410348070654989
1002,0.8384893343015495
1003,0.5560402604390408
1004,0.7025519856705856
1005,0.11585177248612401
1006,6.057516483202228
1007,4.342330438168082
1008,0.5093955174411231
1009,0.06699098688507044
1010,0.22515195469042323
1011,3.507223469639893
1012,0.25254499614999043
1013,1.905830693303073
1014,1.1367674529147485
1015,6.418036965438517
1016,1.1219588283942326
1017,9.556018805433379
1018,3.275442397913081
1019,0.25811976065975994
1020,1.7141491593987095
1021,4.037103572627135
1022,0.34770623895135955
1023,0.2550637661698012
1024,0.8657686703720487
1025,1.0775741056259018
1026,3.2308857827120354
1027,0.02847800389950014
1028,1.8560306747256248
1029,5.57810090757502
1030,3.518548681691407
1031,7.7463073442589545
1032,1.0381647990851386
1033,0.34537275384391064
1034,1.125583095352213
1035,1.07502808948374
1036,0.8166680769319241
1037,0.06007737355521244
1038,1.7897493608795294
1039,3.120242914604241
1040,3.9371547453715854
1041,3.6509526100125655
1042,0.0884404633193081
1043,0.986511035876358
1044,0.1523877198322369
1045,1.3967268325857218
1046,3.597268412675753
1047,0.7942265597306802
1048,1.4073548829579254
1049,2.4641236377031213
1050,0.11080147336285431
1051,2.5188435913343246
1052,0.9372456856046233
1053,0.6123715986833645
1054,0.9598784784327075
1055,2.2245914110198637
1056,1.031427556793528
1057,2.35036111972105
1058,6.780793362857042
1059,4.295164400148747
1060,0.9054003272603296
1061,1.9207677238538496
1062,1.0502129746344122
1063,0.014488411227887108
1064,9.345185985515721
1065,0.9055584835853545
1066,1.900683705110014
1067,0.10366481416610776
1068,0.6727642632997366
1069,1.643736130957221
1070,4.327455359148101
1071,0.028550496614417983
1072,1.067399650754156
1073,0.2644212989769577
1074,2.1698510453999775
1075,5.91970809829258
1076,0.5724483042424475
1077,1.4202279489262903
1078,0.5797985960844272
1079,4.536017718575767
1080,0.31246851796695246
1081,3.15368261169509
1082,0.02588540815905271
1083,1.8707420698236479
1084,0.22752179657830765
1085,1.7614777818731888
1086,2.55102163836734
1087,7.242428446483327
1088,0.5181079074703979
1089,0.16554059106053307
1090,0.6139394361462804
1091,3.5258156030062144
1092,2.233832782469656
1093,4.19272437996549
1094,1.7103475974250915
1095,3.7991182952272844
1096,0.10894729759409665
1097,0.2777806029035601
1098,0.8648629640161711
1099,1.4545076655984495
1100,0.5506407707018043
1101,5.179289401786467
1102,4.2060653113812165
1103,2.3343562709845735
1104,2.32044129071343
1105,0.4521112473360637
1106,1.3108947231935615
1107,0.8223446465692025
1108,1.6745661312472586
1109,0.14006758928560806
1110,0.14733513177708957
1111,0.4051106609257883
1112,1.8009348283427167
1113,2.37081792750519
1114,1.1972068294493783
1115,0.8523315708237549
1116,6.139414141740016
1117,0.5524087879098842
1118,4.95522373273433
1119,4.12574545712832
1120,1.669181854276257
1121,2.3848319292778246
1122,0.5426714587177612
1123,2.194111520489881
1124,3.0991465133374207
1125,0.6456784993521574
1126,0.4391393251105237
1127,1.147603338130011
1128,1.0888067310782978
1129,4.670692783992445
1130,4.35550970890892
1131,5.347151549148011
1132,2.240192078262483
1133,1.2153360639889237
1134,0.10739076056767753
1135,0.49433936629782493
1136,0.6033116088077182
1137,2.031521128126133
1138,3.3956679463787416
1139,3.6317713878922158
1140,1.631781187119482
1141,0.10102413093480667
1142,0.5271463794037669
1143,6.095197008167323
1144,8.033889651956107
1145,0.9022344377556991
1146,1.6745202995749306
1147,0.9631191419100782
1148,0.23920204612472082
1149,0.7432015802312381
1150,3.055833439414458
1151,1.0795092826767423
1152,1.9474979789073608
1153,1.4008956637023087
1154,3.8917545257325217
1155,0.08924138359689693
1156,1.167948642086495
1157,1.2632955102632695
1158,1.27789022896271
1159,0.8755327591783016
1160,0.9020650144359272
1161,0.10704863308611307
1162,2.6731644979610576
1163,1.0425788163654444
1164,0.456904658145687
1165,1.4526672714482203
1166,5.178495276384316
1167,0.6520515894391226
1168,2.1105370769013443
1169,3.170717145351519
1170,0.45710406505932066
1171,3.3837182680983857
1172,4.064669492758267
1173,4.877232330478104
1174,1.0750188300008439
1175,5.981046623693929
1176,2.855963739801586
1177,2.3020579207146574
1178,3.3537023761602542
1179,4.063122345147967
1180,3.4543417976773463
1181,1.0138926190113537
1182,0.9676157337141745
1183,0.05554022058832247
1184,1.3990224766033914
1185,1.1488591801459038
1186,4.504669362003006
1187,0.3840937933269971
1188,0.36702244933215966
1189,0.2659322422149045
1190,2.015566059610801
1191,2.770919570865267
1192,4.988618224927068
1193,0.40256400094149086
1194,1.2485863124099361
1195,1.5169473642305182
1196,0.8162629332054396
1197,2.4973260172156766
1198,0.7856546729764462
1199,1.305126750515581
1200,0.2959849223522312
1201,2.7078618877939333
1202,0.3324362794999827
1203,1.8155813594108383
1204,0.5483864658178645
1205,0.5481163110884383
1206,3.200012357942339
1207,0.00985296233029627
1208,0.7515107504552924
1209,3.1535162890924853
1210,0.036287399289835556
1211,1.173161898790622
1212,1.3346144031731284
1213,0.3262986098082013
1214,0.2860758323887704
1215,0.10651389389972614
1216,2.580164618711052
1217,0.08849717686433693
1218,7.166112722492254
1219,0.6249467003245488
1220,0.9357250303886723
1221,2.9703864933351363
1222,2.7686813829505357
1223,2.727870453135045
1224,0.3635534034206626
1225,2.7172113817083563
1226,2.420777812743237
1227,2.8499945282873926
1228,3.8775765153948583
1229,1.4040733423160672
1230,1.7367530674440532
1231,2.018803135017449
1232,1.0036994597243942
1233,0.06110490398621264
1234,2.608158619660706
1235,0.17380779398067744
1236,3.739656396553901
1237,1.5273976455567004
1238,2.8276068543161643
1239,0.23605086757479884
1240,4.511549216375488
1241,1.30045677144118
1242,1.9873116856754744
1243,0.32761988124094926
1244,0.481519142008518
1245,3.7584241076629405
1246,1.14203113075394
1247,4.239225255527622
1248,0.8110219638326885
1249,4.955093749464718
1250,3.8212496899451
1251,11.72347500866323
1252,16.112923235101277
1253,5.530995976114249
1254,1.8036160596552606
1255,1.8132933318713986
1256,0.6654713566620155
1257,0.45763155395564553
1258,1.2026840925971125
1259,0.1925476318374064
1260,3.737120848230854
1261,0.13611443646339402
1262,1.2991433513160113
1263,1.3009206350542248
1264,1.9480360015661133
1265,1.221967769822216
1266,1.5806598815911692
1267,3.5973554072498737
1268,3.19609524521222
1269,2.7858026360110006
1270,12.84610255592132
1271,4.93340105217212
1272,2.702800973137278
1273,0.02372437512124597
1274,7.186954819012093
1275,0.35709038837618456
1276,4.648133083032728
1277,0.8432976616220339
1278,1.3113154287058886
1279,3.844033142184138
1280,4.684446731485229
1281,0.014968297291233399
1282,0.650428653386407
1283,4.188454081842471
1284,0.11715891615039827
1285,1.3706034815427781
1286,0.13481049371380635
1287,0.3462431909443784
1288,2.4825191262778485
1289,1.2810743954663129
1290,0.49588600017265827
1291,0.024102016443494932
1292,5.15666389442091
1293,1.12681461277245
1294,0.2904285841286872
1295,4.926667054281511
1296,0.4627294998537276
1297,6.469215674943169
1298,0.12564511710636903
1299,0.45879800235673257
1300,0.03988513295671435
1301,0.8910333830896172
1302,0.5139095101194183
1303,2.211751930591168
1304,3.587901659021218
1305,0.6882800842414398
1306,1.091306959310482
1307,1.0208164004721014
1308,0.16558164322372768
1309,0.30851493639343963
1310,0.6642602050514034
1311,1.4350885354699365
1312,4.109699609478955
1313,2.254374717559152
1314,0.10483163379985606
1315,0.39083854215239855
1316,0.23427132462271077
1317,3.344141233305677
1318,3.0476546842180063
1319,1.9732814904505835
1320,1.345606493696557
1321,2.168517373447409
1322,1.1988213474775817
1323,4.192734505210516
1324,1.1167947995989547
1325,0.5215458846076798
1326,8.64604310725176
1327,0.43071839029882947
1328,2.19342985714724
1329,2.3698175305458644
1330,2.0219302297504735
1331,11.535713688249272
1332,4.494734956631542
1333,2.6380258360328592
1334,2.5378191230053244
1335,0.21657231881676514
1336,1.2944378783868364
1337,0.5384629115375862
1338,0.21900239385602446
1339,4.835952557842424
1340,0.10125711750849847
1341,0.23655249090103
1342,0.38586127948410026
1343,1.1865734230235587
1344,0.06866841584554383
1345,2.4119218015437665
1346,1.8252661985068175
1347,4.266147620892065
1348,2.8542051364076784
1349,0.2871674920547361
1350,0.0800759830572484
1351,3.9605347732501643
1352,0.3161976924696087
1353,0.6909985625146754
1354,1.836097363975324
1355,3.3074266688964284
1356,0.08394366961853189
1357,0.2430000984093747
1358,1.374953773438256
1359,1.412621788171252
1360,0.308941769133637
1361,0.6046699171742689
1362,2.071580445695655
1363,0.9417265190348045
1364,6.1064552121312445
1365,5.363820632925512
1366,2.5284128858403188
1367,1.0059002719199104
1368,0.8898908127708502
1369,8.73149076635903
1370,1.2675386117010496
1371,0.4062648443550273
1372,1.7040623247794977
1373,4.933042967959319
1374,0.9049914005028736
1375,1.301436955611331
1376,0.8719846983648442
1377,2.217599577967249
1378,1.9242800523956693
1379,2.1459614591753007
1380,1.1213052485832498
1381,0.618948586070739
1382,0.38677006882363957
1383,1.1675807527215936
1384,2.0487380973264577
1385,0.19544799828478873
1386,2.450515919998902
1387,0.4010258799904771
1388,0.21702923112139824
1389,0.249256469191025
1390,1.0038080860870546
1391,0.14754568295749473
1392,0.1112572838177383
1393,0.239919603572301
1394,2.965478155326284
1395,0.8454730326224317
1396,0.9894082622980083
1397,0.13248354792489167
1398,4.068979519066717
1399,2.327871113841943
1400,1.464839973520473
1401,2.46644697067566
1402,0.5388033671424078
1403,0.9399197470762822
1404,0.6005112395796225
1405,1.3938534959410525
1406,0.40970897029425646
1407,2.5149167716617407
1408,7.502373713284504
1409,2.712891135879974
1410,2.6052199072966
1411,1.5626163713449057
1412,1.5030088798897094
1413,5.102298872843949
1414,0.04520258629197135
1415,0.05950364878328928
1416,3.092282591365115
1417,1.8028696289015005
1418,1.6891802283043624
1419,1.9261287697731357
1420,3.1525588887270914
1421,2.2708613099401576
1422,0.3064449134228426
1423,1.3066512942087285
1424,5.887550769734302
1425,3.170067143959264
1426,1.0484389318334082
1427,1.3481571510962687
1428,0.6608145253559369
1429,0.0908923432224991
1430,3.803478602552227
1431,7.063259127470342
1432,1.4726202444569074
1433,1.382860120430554
1434,1.9123562488122496
1435,4.364304257828993
1436,0.17889361907419155
1437,1.6030040974072677
1438,0.8679295813080042
1439,2.1179572682306618
1440,2.0676000223149855
1441,0.1563318748663033
1442,3.665720690251581
1443,2.045260395930368
1444,0.3032512176339724
1445,0.024519640690333893
1446,2.3517145171078617
1447,0.6345733004679215
1448,0.3197207064348907
1449,2.777922735832868
1450,11.558099007278486
1451,1.2455835548691903
1452,1.7542147277608107
1453,5.064020760025851
1454,1.363327885206819
1455,0.08369057438499308
1456,4.4120414589511885
1457,1.22539282904781
1458,0.34540323242142384
1459,3.2497056447817902
1460,1.5504231090045355
1461,1.7207659280460494
1462,0.8920194299090539
1463,13.150217294919173
1464,0.6565278883477327
1465,0.7339542589535468
1466,0.418201990457861
1467,0.15900756164800975
1468,4.670004622895928
1469,2.187511207152396
1470,3.9487570017456153
1471,4.210669313228844
1472,0.2362119289160442
1473,4.830584114045352
1474,0.5660520476214936
1475,1.4872655178404104
1476,2.1962760551780485
1477,1.7289935415202236
1478,1.2456798158300446
1479,1.5685593492010552
1480,1.9468059626915573
1481,3.2171380019345874
1482,2.9406479329080484
1483,0.4554337907535226
1484,0.9497672243121642
1485,2.1408210042519493
1486,4.40914694896048
1487,7.788099968634828
1488,1.5907728259229716
1489,5.451553599355518
1490,1.1828391915539873
1491,0.117496818479536
1492,2.571545176316687
1493,5.534486113078969
1494,1.0844273268444233
1495,3.946320978411489
1496,2.728143019675416
1497,0.3971204048930631
1498,0.2768737040794732
1499,0.18518820847849218
1500,0.7030214790683743
1501,0.8771620298972704
1502,1.2692332116037963
1503,0.31870506477775307
1504,2.006906679977907
1505,0.5337318024500295
1506,0.8454737132422668
1507,8.267759767882968
1508,2.266399615364328
1509,1.1423194154091998
1510,0.9036852110915029
1511,1.209504285110513
1512,8.841081472252675
1513,0.7612367440154646
1514,0.5341826457387278
1515,0.225614903695717
1516,4.085688366006869
1517,6.0001510319252835
1518,2.8084285641147386
1519,0.7508197672171947
1520,1.4426834636432746
1521,2.401843207102696
1522,2.488817590660797
1523,0.8271862796609089
1524,1.757716864016352
1525,0.8540032806149513
1526,16.112236711130986
1527,0.5957083183501207
1528,5.697796277064085
1529,0.22679059548115946
1530,3.5071866064900314
1531,0.9789797495399306
1532,1.7154487968708572
1533,5.945201536203944
1534,3.92670596915924
1535,5.260445396086144
1536,1.0472729458814125
1537,0.14983694392143568
1538,2.0822665728998326
1539,1.0652747376971565
1540,1.0641395314844904
1541,5.054275963443996
1542,5.541840666218189
1543,0.34670713658395985
1544,0.38589111191873765
1545,2.7677732102179964
1546,0.8224890795157702
1547,0.20881565560564047
1548,2.6619057312445444
1549,0.1739712729031944
1550,1.282217399413536
1551,0.16906840167407491
1552,3.228303757767042
1553,1.8771868314310007
1554,0.7690541580781199
1555,4.643313463434149
1556,8.75681637778898
1557,0.631431109738932
1558,0.4950349900299086
1559,0.38250996365054996
1560,1.6346545492658666
1561,1.3181628688035072
1562,2.99836682274252
1563,1.745228266476464
1564,9.154586743060717
1565,0.9429981585389888
1566,0.6404382246816659
1567,0.6456884850898642
1568,1.78019022125437
1569,2.501394500375716
1570,0.34809178877929664
1571,1.4307549555219836
1572,4.744447271290432
1573,3.1162223828895366
1574,0.64060794844686
1575,0.6615978551351244
1576,0.6485051142282552
1577,3.454766574833286
1578,0.43735471835143436
1579,1.4311191862021337
1580,1.132771338052852
1581,2.3438371541776677
1582,0.824276907369316
1583,0.4115188435778136
1584,1.7967625625303323
1585,2.7180313701310324
1586,3.181042622911216
1587,3.6965376867547555
1588,2.941722369307902
1589,0.0322493503547184
1590,3.0931425513586146
1591,3.187511806328535
1592,0.05212234610150257
1593,1.7376168566824313
1594,2.137571282506325
1595,4.129167135191354
1596,0.8298675843455896
1597,1.431286986573175
1598,2.4061536644647896
1599,1.7982045280686465
1600,0.7675626569046479
1601,4.9882403713465155
1602,0.737200225449963
1603,1.5079686359144748
1604,0.9087827266368826
1605,0.03401424225807693
1606,4.370871658429263
1607,1.3128050654378807
1608,8.496667939539464
1609,2.9088424956959438
1610,1.415663875927759
1611,0.9230164567067292
1612,1.2763809486665445
1613,0.46914906929268313
1614,0.08738167824987403
1615,4.429380369490194
1616,1.1329386508843846
1617,0.6310557407814902
1618,3.528929508951501
1619,3.0728089211681
1620,0.274376880762899
1621,6.837240725618209
1622,0.884749126144803
1623,0.8411384291490032
1624,0.9275558498660857
1625,0.09919376570002472
1626,1.9380025770916582
1627,0.3306661052031592
1628,0.327839712975274
1629,1.4298255752024427
1630,1.0323350994685314
1631,1.9734713067716654
1632,2.596951308538823
1633,0.5390376146523138
1634,1.0120955363262445
1635,8.005637998940859
1636,1.0107452476462966
1637,0.3733660292313562
1638,11.867975694221029
1639,1.1547733956473027
1640,0.9831738394217834
1641,2.3980739957567807
1642,0.729174705052901
1643,0.47721793931568834
1644,0.8086110566139043
1645,6.3642185528566655
1646,1.200045896954913
1647,1.566446304035948
1648,0.24643131515364633
1649,0.2436094162750982
1650,2.5902303919687992
1651,0.24436149684757508
1652,0.20474663034930096
1653,1.2892602929477746
1654,0.0883641099892893
1655,1.6203863799353388
1656,6.211043363874722
1657,0.2388298098420361
1658,0.7081915439169043
1659,0.3232847786623666
1660,7.387283927446963
1661,4.11431511792172
1662,0.0033636971849872197
1663,5.156161899191773
1664,0.6240570529621502
1665,1.3049991993541885
1666,2.111487286539316
1667,2.482604168142205
1668,0.32177402660670656
1669,0.46279198684280726
1670,0.17004945463316745
1671,1.5449184740872235
1672,0.10273651967523043
1673,0.9979989005026012
1674,0.7098041135810644
1675,4.040401033183193
1676,0.0012617715536895353
1677,1.4225209114744601
1678,0.1532542731344943
1679,2.9922588931647427
1680,0.49771547968438723
1681,1.7113547070509736
1682,1.762294951870763
1683,5.07447669977965
1684,2.256741951615387
1685,2.222586644642297
1686,0.16181573491508228
1687,1.7505921817371073
1688,0.017821305976743914
1689,5.443374399186256
1690,6.845854138458711
1691,0.8567832380782975
1692,3.328650733367464
1693,1.444766156523079
1694,2.6221836694307776
1695,1.1705000584077114
1696,1.4146225172499831
1697,0.035436587582975194
1698,5.6624639206556475
1699,0.2617793940333102
1700,3.5123347818727506
1701,2.1465487845683353
1702,0.782399555419337
1703,0.464334831329016
1704,1.1301363716039037
1705,0.38419676023154037
1706,0.36517789273257806
1707,0.7342732866404141
1708,4.947133337631329
1709,2.895893923216939
1710,16.327008678887314
1711,2.95141252072414
1712,0.9918036373712007
1713,1.4915762365656613
1714,0.9740988799142012
1715,2.076181305715234
1716,2.3081846883713637
1717,3.2208452372417633
1718,5.223828127771671
1719,0.6166935223171179
1720,1.3341211794734598
1721,0.02920802055325331
1722,0.08716817175241236
1723,0.28916775581261545
1724,0.9951904577791242
1725,1.4355647434838636
1726,2.370108011580271
1727,2.280997696973866
1728,0.27261893804245924
1729,3.8057389650856646
1730,0.29840533613588527
1731,0.9297831893952377
1732,0.0719137734673528
1733,1.6748074039960776
1734,0.0995625554463796
1735,0.9687526813524683
1736,0.33190686658909907
1737,2.973008068631922
1738,4.681781174156284
1739,0.5831743433551648
1740,1.1205371939692812
1741,1.0454224118304087
1742,0.8583504864043241
1743,1.2658295518834017
1744,0.7005075132414662
1745,0.15686490075187853
1746,1.4786820046009526
1747,0.34438609121161134
1748,2.9798572118896427
1749,0.6210294454712282
1750,0.5822015883825139
1751,5.47828285096135
1752,0.7835015398727061
1753,1.642125599343307
1754,0.4683323741881714
1755,11.84324764753787
1756,3.8499472353975666
1757,2.429644058977507
1758,3.4964295496616837
1759,3.014934137290919
1760,2.1362085143494958
1761,0.7504726967541591
1762,0.14547291584934047
1763,1.912705900525754
1764,6.687954090663062
1765,3.6750776162920205
1766,0.11965847431888868
1767,2.7669811328173135
1768,1.488527801404931
1769,1.3012130455515252
1770,3.8380284221339136
1771,0.25077103504404563
1772,2.5679285383030126
1773,2.3232463607331284
1774,1.9699355594164867
1775,2.8846698667987822
1776,1.8537945691970048
1777,1.702885336165493
1778,0.7074919422935588
1779,1.9539346856681945
1780,4.523930254915354
1781,0.022198759628590373
1782,12.09042845526404
1783,2.2406127769881636
1784,2.5332634491155583
1785,0.1860622898308995
1786,1.714895031575402
1787,4.391355842418909
1788,0.9595999571253205
1789,2.489197879179483
1790,0.15064897551006845
1791,2.723195122259585
1792,1.3795867882254833
1793,0.07121074975527382
1794,1.6651245618931527
1795,0.8966859261011608
1796,0.17515485642225467
1797,1.4401949176451043
1798,3.1971010741664005
1799,1.0493281868574316
1800,0.49640443440419857
1801,5.748567538151987
1802,0.8325394902942708
1803,3.938725979792465
1804,0.04925257649235801
1805,1.0563227415465863
1806,4.029457976415401
1807,0.6459826207295509
1808,4.804007094556439
1809,3.1346505037393935
1810,0.9488788001057098
1811,2.354093458749328
1812,1.5131223717342333
1813,2.670383468502734
1814,0.9246786140594596
1815,0.3612824983801439
1816,1.1954794683884333
1817,4.397240382372997
1818,2.089357197672807
1819,0.6993356488644201
1820,0.8557438502674534
1821,1.5230350312549858
1822,2.8813346002893083
1823,1.6224881781867804
1824,1.8613766496876414
1825,1.887645772164101
1826,2.063964335959829
1827,4.4564587298066725
1828,6.049191559222824
1829,1.772722074307582
1830,0.43894296556906465
1831,0.2577938533642657
1832,0.4958889132296944
1833,0.09898409551344206
1834,2.277145964368054
1835,1.2525814761774894
1836,0.6526553372279578
1837,2.9481962862444555
1838,1.1093308766362795
1839,0.95506955366672
1840,4.730673136452568
1841,0.7147301113970128
1842,2.3725440584211954
1843,2.369934608237478
1844,1.9912322354979823
1845,0.3005861986358684
1846,0.8816755519732905
1847,3.9968618203149524
1848,1.9770799181582674
1849,1.5773608816237015
1850,1.334300069784887
1851,0.8720580100892719
1852,0.48011618306587805
1853,1.4841139273699495
1854,1.4673235753069978
1855,9.257403847029378
1856,0.6473953275793204
1857,21.03803446451154
1858,1.6030969042332912
1859,0.04215654320728943
1860,0.3111943791244276
1861,0.08465324987684975
1862,0.7903057936923078
1863,0.016932228447015158
1864,4.270183909982738
1865,1.4786174823084606
1866,1.3831969066583973
1867,0.05803868490398775
1868,0.5252492236424909
1869,4.06077155292511
1870,1.6215778585581793
1871,0.08611922365506497
1872,1.6940073676428156
1873,3.5043849344145284
1874,0.3768048049571886
1875,0.6506303644547776
1876,0.31549591284916234
1877,0.9511258665265574
1878,2.617419321158329
1879,3.4888148080841788
1880,0.5718807721184732
1881,1.1077311736090178
1882,4.290907752544961
1883,3.240560926248626
1884,0.5989718231700866
1885,0.941007422725075
1886,2.3031296577240123
1887,0.7288667021297748
1888,5.202931721380148
1889,8.064317419053921
1890,0.04963694138436357
1891,0.40949987875905003
1892,0.1317486330765059
1893,0.0995587929682953
1894,0.5868647507488177
1895,1.2989244521616246
1896,0.3374030014822227
1897,4.883091733851848
1898,0.16311692139483303
1899,3.191170751776715
1900,3.2472331294164216
1901,0.3556188373688909
1902,1.148564051203127
1903,8.48151734376192
1904,3.059452448436911
1905,0.13144505374125973
1906,0.4565701995661123
1907,1.2266864151953432
1908,3.8371926395392926
1909,0.569879282891227
1910,0.6360532812139567
1911,1.6716776593196052
1912,1.5432539725591528
1913,1.3268040573989714
1914,4.841694204195701
1915,0.7633803778358861
1916,1.739323816707795
1917,0.33712539454463647
1918,0.8281685822990787
1919,14.662300921289622
1920,5.321918809931116
1921,0.00018274429712357063
1922,0.1324308269616541
1923,9.084755947266746
1924,1.2842645391920358
1925,0.9857583376458355
1926,0.5886772410201166
1927,0.5431810614483483
1928,3.3160603949277876
1929,2.3029029830820202
1930,1.3118420654552454
1931,1.8643373639039404
1932,4.153759472706464
1933,4.670193087781366
1934,3.1720087231990695
1935,1.4953790148933843
1936,7.566564534912818
1937,1.5329334365365066
1938,1.9682757383171194
1939,13.20420395129241
1940,0.4289203992830229
1941,5.211693548589378
1942,1.649866001057631
1943,5.213156832214476
1944,1.2615868816236766
1945,1.3139723592441066
1946,1.8342777248720068
1947,1.0929451747147911
1948,0.054984017433590805
1949,3.8621626087195646
1950,0.6071651386348166
1951,0.057972045970330524
1952,7.043942719166377
1953,0.861126136239423
1954,5.938973757780056
1955,3.258960025121953
1956,1.684344962423662
1957,0.9023385718004413
1958,2.053372131517874
1959,1.0041155965996476
1960,3.3759845325410036
1961,0.9301095185610494
1962,3.0343080662379847
1963,0.755653545653138
1964,1.3227723353010048
1965,5.832788151514723
1966,6.109247686584712
1967,3.0609104812840315
1968,3.50668553768927
1969,3.5651441451916086
1970,6.092767442942564
1971,0.5749400267575817
1972,0.6976153074969265
1973,4.533925686713117
1974,1.187474430851466
1975,0.08321748634120421
1976,1.2352527091838532
1977,0.0414626225037221
1978,1.4257279225731174
1979,1.3767431849785141
1980,0.8260085217320977
1981,0.7625818824948513
1982,0.18369250449204627
1983,2.169874882740529
1984,3.943331632298975
1985,0.5422495958823038
1986,0.7759532943388927
1987,0.32613804227365206
1988,0.5194459774541451
1989,1.0292033233577207
1990,0.7456561811881144
1991,1.7468131080460492
1992,2.2849841612772424
1993,0.5306655944416339
1994,0.8786296494323916
1995,1.5156539453310667
1996,3.046327391841169
1997,3.567165655291213
1998,0.9799945425111786
1999,12.79056665844382
2000,6.066559095513189
2001,0.826999148724112
2002,4.821032458793188
2003,0.012135644013816472
2004,1.659482327350095
2005,0.7317495394945996
2006,0.5618172779806266
2007,3.1804255398893195
2008,0.9130069508548788
2009,3.310818891849942
2010,0.9402255312882523
2011,3.981584940117188
2012,0.7904975532263941
2013,4.167049065859128
2014,0.9707725066818396
2015,0.9532434062799101
2016,3.6401732603700494
2017,2.7578878094673547
2018,2.9300851318287653
2019,1.2116957538003978
2020,2.529863459455717
2021,2.117884037208269
2022,0.11845719902237427
2023,1.3433364425837009
2024,1.0983578873428963
2025,4.73732224697882
2026,1.6231159119598622
2027,0.5669967801301968
2028,2.0175551055720984
2029,0.6914673587667441
2030,6.1634068985550945
2031,0.2729012846397371
2032,2.1671675310944813
2033,12.10659029791659
2034,1.4236954195125455
2035,0.27868081628736585
2036,1.1653897927850492
2037,0.7162453993858527
2038,0.3127353408077746
2039,4.831957102321153
2040,0.7660257919969089
2041,2.2729273353856647
2042,2.69005165760538
2043,2.5106132148501454
2044,6.502377235118258
2045,0.6652201902081586
2046,0.992611705534787
2047,1.035286099691108
2048,0.0013388192580751743
2049,1.143150265393123
2050,1.001386534181294
2051,1.0029826015218788
2052,0.4329068831027105
2053,6.609173661438871
2054,0.23797507344843222
2055,1.4448167903597045
2056,1.096298199162546
2057,1.2457840390369364
2058,0.4092222514488377
2059,6.710911005280459
2060,3.006978512158201
2061,6.504457094901424
2062,0.7967528410229014
2063,1.259042821453094
2064,0.6301038704145799
2065,3.722165802933182
2066,1.3414093066398494
2067,1.1560504532890474
2068,1.2109849122459702
2069,0.9672284878860256
2070,1.4562243152879935
2071,1.5866570436336929
2072,0.7428260763533088
2073,1.0622266329388301
2074,4.841989205850707
2075,1.6795998076289262
2076,1.4929620361310014
2077,2.3653901910888626
2078,5.914466970927331
2079,0.18950092288696882
2080,0.08509470604743098
2081,1.0997286791563707
2082,1.0855063066717492
2083,0.116507786687175
2084,1.368262780090371
2085,1.8633203460126444
2086,0.390403328669808
2087,2.0399884127882837
2088,1.5585332640070613
2089,0.4129466343958394
2090,1.1500433187191776
2091,0.6640179714348806
2092,0.012356111147705432
2093,0.9259728201544076
2094,6.257592216028061
2095,0.8961666125305018
2096,0.7821764756296744
2097,5.385546615853209
2098,0.6253990207824233
2099,0.5467403386581721
2100,0.6799971192222323
2101,3.6995332714567537
2102,4.4329257436405705
2103,6.183073734503492
2104,2.967303903225282
2105,1.4501075491168487
2106,0.2534694322666583
2107,4.2456980165670215
2108,3.5553533891077103
2109,0.2556676632069218
2110,0.39026444827396123
2111,1.372154624449085
2112,10.712998727873831
2113,5.3196728363060135
2114,1.658098652537354
2115,1.0819468989112744
2116,7.740793067647131
2117,4.27152733323546
2118,5.7261765650847245
2119,0.5556027140171873
2120,2.3802394843219115
2121,2.499323291368713
2122,0.323780141939251
2123,0.8203370519007604
2124,1.438124747462212
2125,0.43198099082388786
2126,2.156057668729573
2127,0.8910457690349913
2128,0.9225107146296713
2129,0.2833449125451004
2130,0.1050532816983789
2131,1.0031549369660389
2132,2.7849305939734266
2133,2.5466478691721433
2134,2.360562771329916
2135,1.8162179346597254
2136,0.39745998849586045
2137,0.08878888635122598
2138,0.05505958506037988
2139,2.372152302583823
2140,0.16711939604882636
2141,2.1220638217177807
2142,0.2623792673465525
2143,0.29747101248501023
2144,0.18986253897302677
2145,1.3814621117229062
2146,1.215779568997353
2147,8.708005867651748
2148,3.6342798678300405
2149,0.9097892552423665
2150,1.2232446708827291
2151,0.3610043401878009
2152,0.5540960363561488
2153,0.04144347121309708
2154,0.29090941840246953
2155,1.0590666830362943
2156,1.702216988579357
2157,0.16015498578089324
2158,2.0240399794917727
2159,0.7862546316401998
2160,2.250357835305238
2161,1.1766869673908276
2162,0.35084687890109933
2163,0.10355679066827787
2164,0.1908093363487367
2165,3.29656024646773
2166,3.037637116480313
2167,1.9806780455286002
2168,1.6447570619694498
2169,0.17880550473541731
2170,1.5562952484218724
2171,0.756811247021185
2172,0.04073494160165278
2173,0.6246753159694919
2174,1.731176809163087
2175,7.756170555166721
2176,2.351705312681618
2177,6.448752850929414
2178,4.004318868716075
2179,1.0148303716711395
2180,0.24572792822486889
2181,2.854947964244099
2182,0.3301097348441044
2183,5.152008840152339
2184,0.07525542143435429
2185,1.1941647395817043
2186,0.8762783548008628
2187,0.033649927819368375
2188,0.48307860372412686
2189,1.3295105681075734
2190,0.4271990573610362
2191,0.9542336029211491
2192,0.9265667551171349
2193,0.1273118110075541
2194,3.2480885101328223
2195,1.4532247312295825
2196,2.1819408158767644
2197,0.27330233663079
2198,1.4687088147524432
2199,0.18547397981255814
2200,2.000860313938999
2201,0.5056054027748129
2202,0.24604066121930124
2203,1.0985178086879503
2204,0.012403950994445264
2205,1.8597400562070454
2206,2.1203354053885204
2207,1.2172426496309876
2208,3.2715952482756374
2209,5.3977080166819595
2210,2.1176168892850114
2211,2.608348239496886
2212,6.237700379852
2213,3.321608107386695
2214,2.999081626176066
2215,6.10121686183115
2216,0.2886830358887271
2217,0.12390677328137258
2218,0.8451726696773907
2219,0.08208172048731266
2220,0.9468511158575033
2221,5.596316377979372
2222,0.4359539834022212
2223,11.258648804211875
2224,0.49951175902133915
2225,0.39351153347329826
2226,8.35736371881859
2227,0.20707097783095763
2228,0.7380553426584479
2229,3.417159337955338
2230,0.15846532929934432
2231,0.20392438572374613
2232,7.751837976847477
2233,1.4719126207173157
2234,1.182373485514466
2235,3.203407424199509
2236,2.3606532259544304
2237,0.3423041938905289
2238,13.349698285318519
2239,1.180618466032505
2240,0.8027140914653391
2241,2.5383466901445773
2242,1.6017045672870902
2243,0.6445363343149426
2244,4.028945551048952
2245,1.117664792355357
2246,0.6351036327030878
2247,4.4980297553209025
2248,5.680957057234252
2249,3.8359967773911663
2250,3.0508139864876607
2251,0.7896142862713285
2252,1.8078935440734465
2253,0.7969685159678623
2254,0.30115663681041266
2255,4.012314119578463
2256,0.9786299313589664
2257,3.0758186517502217
2258,0.40780375918059625
2259,1.2443370027450311
2260,1.699893201558139
2261,0.16614204546357234
2262,1.1114645664137288
2263,0.8090485107086574
2264,7.596915169683457
2265,0.46959998339036435
2266,2.537065164994476
2267,2.3723988125902324
2268,2.4401285886135753
2269,4.763170275090506
2270,0.3155528024795027
2271,1.1424366610659464
2272,4.261254392104586
2273,0.3059873719133354
2274,3.7326242287023814
2275,1.458309091859368
2276,0.6710170340880032
2277,5.1796446068266
2278,3.2362950899349734
2279,2.9140853771420927
2280,0.740994916718749
2281,0.8618023675777566
2282,0.9383980446598856
2283,5.712959649285184
2284,1.9432613187005476
2285,2.2739525680855537
2286,4.635709641952847
2287,0.7460057283464945
2288,0.49523128660334614
2289,4.2300033877450955
2290,6.276231007861636
2291,6.374937630394126
2292,1.8074631278442428
2293,0.32376584411751747
2294,0.3369236506131488
2295,2.1251194491473657
2296,6.087801621594735
2297,2.6009664534209906
2298,0.770595897337168
2299,2.3188684999982176
2300,1.4785429054607047
2301,1.9368751849507582
2302,1.3747587534911236
2303,2.551521871148149
2304,0.6933221626421132
2305,1.9860253881939955
2306,3.7216827465226534
2307,1.677328149739665
2308,1.157829119003008
2309,0.3496965154986829
2310,0.8428937787627404
2311,0.6380431620133097
2312,4.442417905766525
2313,0.5867869060033293
2314,1.250352108925168
2315,0.5607768345450934
2316,0.21539029272422405
2317,1.1841340360827197
2318,0.4812815485017268
2319,0.018207109187862086
2320,1.4608886186602756
2321,1.057805180962699
2322,0.6511495495002386
2323,0.18967016426798525
2324,0.5081839031542624
2325,1.7688648832910778
2326,0.4466540098500858
2327,0.004710871018741285
2328,1.0861202124202471
2329,0.43439547449274035
2330,1.2757933596647952
2331,3.939876997377559
2332,1.3554601933536714
2333,1.2412004764373183
2334,2.3538983883409776
2335,2.3855746392164052
2336,0.16691827331371345
2337,2.7097554565148507
2338,2.7375438825417366
2339,1.0172201459189958
2340,2.464907989475505
2341,2.821197523695433
2342,5.7588635549122875
2343,0.5546584819103864
2344,3.5416329829917874
2345,8.503386794798555
2346,0.10472465187458631
2347,2.5050116431835106
2348,0.017336317755593574
2349,1.1947015176278908
2350,0.2449543947948926
2351,0.5940412078433671
2352,2.8728712020636324
2353,1.0063381142373407
2354,0.050416098406229654
2355,0.2624164107568995
2356,8.631274974639474
2357,0.6042113989408961
2358,2.248302962134721
2359,5.660478561324444
2360,3.4462345164113333
2361,0.21909883189504953
2362,1.0724534684548894
2363,3.9525899512506513
2364,0.42120725080876475
2365,2.9159396945115414
2366,3.5430005749631923
2367,0.3961841518642445
2368,1.9929474873616717
2369,0.0028379925427262647
2370,2.4148773147010854
2371,0.2905989865198099
2372,0.45045724174827734
2373,0.8308499450008986
2374,1.4370938586641815
2375,0.20766021595234696
2376,1.6972145306743205
2377,3.071173951311926
2378,2.7241594514825445
2379,0.9190106477001508
2380,1.0921282371435443
2381,1.1363389380443658
2382,3.045642308962949
2383,0.11144034749562838
2384,1.6036660742403268
2385,0.5314146056319008
2386,4.46949044655147
2387,0.7319333829650201
2388,0.804950157116085
2389,3.111857311313468
2390,5.5655980470960005
2391,0.24902879335017844
2392,0.2413253229377055
2393,0.012220632590679495
2394,3.899209388802737
2395,0.28494043231025873
2396,0.10462869401903856
2397,0.1921159045245203
2398,0.007111523661915118
2399,4.957416739066653
2400,1.7577455400476658
2401,3.288449965192836
2402,2.3471850593333223
2403,0.20308900225575388
2404,0.46341040751484947
2405,2.490153839837137
2406,0.10912626681676235
2407,0.7235081379535444
2408,2.8913974342785322
2409,0.34770790688575365
2410,0.20818473675521423
2411,0.0911895310904534
2412,0.7978787208746375
2413,9.657789147088236
2414,0.5904024249766954
2415,0.3575465440006555
2416,1.0798330993453151
2417,1.1412157121962216
2418,0.9028844850738748
2419,2.3541551713925917
2420,1.6470785212778016
2421,1.039951695183834
2422,5.743401911692901
2423,9.40312534311368
2424,3.2694711160415086
2425,1.5828027602332424
2426,2.655434243513746
2427,1.446685640862024
2428,2.0805261969714044
2429,0.7831345822772117
2430,0.0005980189206642913
2431,0.30592171341896457
2432,3.8578331767027776
2433,1.0866354314148832
2434,1.8919793014438024
2435,0.21801623098194073
2436,0.6755381278101623
2437,1.9989928141421114
2438,0.15203315549842014
2439,2.9517249903171985
2440,0.5778676541594282
2441,0.4527481521092015
2442,0.37908438145858386
2443,1.2732640753548203
2444,1.9064819540183915
2445,0.47185969069648204
2446,0.4810472836476359
2447,1.0647551137198266
2448,2.191151384801196
2449,0.37870126280219557
2450,2.713684024270113
2451,3.978645324592338
2452,1.2144527267511918
2453,1.373728621210818
2454,5.037739216366223
2455,0.06269704482766372
2456,1.9228274939756786
2457,0.5516963158264134
2458,3.070577775483222
2459,5.154325699264178
2460,0.5275114908587191
2461,0.13454072823001859
2462,3.2494232781056906
2463,2.5910620321636926
2464,2.3718981715289438
2465,4.604020566690088
2466,5.755861425470762
2467,1.263602174557661
2468,5.02381595829666
2469,1.2663547234454087
2470,11.907965154775106
2471,3.3749560570545274
2472,0.28171892367814433
2473,1.2212735518014264
2474,0.1522647484239666
2475,0.07675498772113003
2476,0.600905963556261
2477,0.36870051028421386
2478,0.6666166391497323
2479,0.870469135335962
2480,7.365830064388127
2481,4.752247757484757
2482,3.0827797337018534
2483,1.169937749651518
2484,0.2531113774418917
2485,6.780526509545163
2486,1.096983145952458
2487,0.9973501109503329
2488,0.7758225098320591
2489,0.9797888371628365
2490,1.5322599250557054
2491,0.5219398575766429
2492,4.160869437435205
2493,2.7396358816558344
2494,1.1603316842802847
2495,1.620719639772039
2496,1.6247346938424247
2497,2.4277275944533723
2498,3.9449539425984104
2499,2.314217030662832
2500,0.09986830363310203
2501,2.722268093839677
2502,3.5096131768366163
2503,5.812630315650265
2504,0.024920632241933152
2505,0.20111786795494027
2506,2.0228376517636635
2507,1.0616851391745337
2508,0.4011657048354647
2509,1.7468850603568293
2510,0.12613495755624773
2511,3.9758331545352763
2512,3.401912884671493
2513,3.044573341326001
2514,2.841074303457561
2515,1.6283512478870061
2516,0.40878072002299803
2517,3.4996267035434
2518,0.5706181826660701
2519,4.1252845996142025
2520,3.4226799711930433
2521,0.3651214257363471
2522,2.9607808947125407
2523,2.642299455875017
2524,5.566026621822832
2525,3.572909764937648
2526,4.387363018121714
2527,3.5602860718900566
2528,0.012275750337229909
2529,0.8729390327477814
2530,1.4139411869499756
2531,0.12269187199195956
2532,0.7949612278347661
2533,2.90082207789825
2534,3.327206358783122
2535,0.7291610542453202
2536,1.0324805105637314
2537,4.583740655139866
2538,9.30887384953889
2539,0.4514914390024226
2540,0.8069208737847512
2541,1.5370166788668547
2542,2.402573703394046
2543,10.754313880681789
2544,0.29444707094137423
2545,0.8606110376553738
2546,0.21575347224507244
2547,0.5643164508710277
2548,1.6399786656434348
2549,1.1768753367853877
2550,0.8350914627572691
2551,2.5923042750407284
2552,0.7346752502695725
2553,2.148342970939614
2554,0.9014530834727809
2555,1.00472888317822
2556,2.404390665921598
2557,1.0662418201857617
2558,1.2090958816648665
2559,0.743325971939077
2560,3.563954996918132
2561,15.900059361127903
2562,0.06008295372941078
2563,0.10117427738038806
2564,3.0194064660228315
2565,0.9450067984001609
2566,4.8800531792744355
2567,18.68383844639398
2568,1.2265464858521582
2569,2.492074784646371
2570,4.987485285942644
2571,2.7003821345270405
2572,0.5809933274793004
2573,1.4351549308265832
2574,1.2667839706312922
2575,5.811740997051738
2576,2.070489985412681
2577,4.310002277367908
2578,3.018013597411128
2579,0.027705038336649508
2580,1.6709234846626535
2581,5.231097721903952
2582,1.867589483753755
2583,1.1064044360247565
2584,2.9642421789060567
2585,1.809114046263799
2586,0.2835751928969614
2587,5.269685646780956
2588,3.0596705582950747
2589,0.08058822531828772
2590,2.8998565773241722
2591,4.1113151239059
2592,6.2023632157921815
2593,0.7969535445805581
2594,0.9718368447018858
2595,0.6197449674160466
2596,0.43872446359969625
2597,1.1495295166705468
2598,0.7914183810735942
2599,5.993619028155621
2600,0.52618843911673
2601,0.5692633333465079
2602,7.394765502650872
2603,1.2662846929247256
2604,2.6214802794542664
2605,0.4020007980526855
2606,7.285883280923895
2607,9.575396271033721
2608,0.47201143705198056
2609,0.3969385287930471
2610,4.57296368183622
2611,0.18869315828355032
2612,3.835423475870523
2613,0.06191719772075754
2614,0.31052389853267287
2615,2.276530933721244
2616,12.886652810900975
2617,0.3292354222903691
2618,0.3729253828210863
2619,2.722227630657178
2620,14.790317091735435
2621,2.0551071360260607
2622,0.008490539067166729
2623,2.8253029765726585
2624,0.7161705663711033
2625,3.1608045236383076
2626,1.6631485864178184
2627,1.8387055975056839
2628,7.353338899558237
2629,3.458834027717396
2630,0.07543785227135641
2631,0.20322904790111207
2632,0.18645612270251327
2633,0.0033330818319208173
2634,1.7692918792318315
2635,2.5210663347251785
2636,0.7625134927158442
2637,3.010638885713109
2638,1.3875153536464753
2639,5.954332727644413
2640,3.205625645848814
2641,3.475142123659655
2642,3.0754930162075023
2643,1.1932740465909868
2644,0.6311703550825227
2645,1.0126282757214955
2646,2.0443044390217486
2647,0.38565789423650015
2648,0.689233595209024
2649,0.852262628906068
2650,0.07065625527781633
2651,4.960251932256892
2652,0.006785347176641886
2653,9.455697722375639
2654,0.4256558860468951
2655,0.1505189811020496
2656,8.1531377738037
2657,1.2989727627591159
2658,5.736190558509055
2659,2.838080508540964
2660,5.769106255653517
2661,0.6720664857102604
2662,0.4065454206521899
2663,1.821948415320785
2664,3.145273706198368
2665,5.796722798073387
2666,0.07380259113239412
2667,3.884065272942596
2668,0.39077147053378597
2669,1.7463843270068844
2670,4.024000598672909
2671,0.3333681515631795
2672,0.6146702006345203
2673,3.878500637643811
2674,9.116777371708862
2675,1.0281817466169871
2676,1.5502430282494832
2677,1.5504721129968189
2678,0.8735700433262052
2679,0.09513036496567569
2680,2.1869552244384165
2681,2.0486975169012247
2682,1.7407647396495696
2683,1.3438844922798001
2684,0.38169017784073933
2685,2.3683621979177767
2686,2.6493075118679776
2687,7.115395102182098
2688,0.597684396069691
2689,0.9737189461092188
2690,0.8272728076449865
2691,1.346498025358311
2692,3.6930477836576383
2693,0.30907683468271857
2694,0.9741996589018156
2695,3.3989662533483473
2696,0.09137044142897635
2697,3.8520633396469517
2698,0.2383506068667865
2699,2.1038508471183563
2700,5.035138399183807
2701,0.9739110655746706
2702,3.827034644565404
2703,0.1613164420818459
2704,5.805193045211422
2705,1.650099486143342
2706,2.5832236755871016
2707,0.5587534887988503
2708,5.348314482758591
2709,4.230745280265724
2710,0.685998817933179
2711,0.30798921657336464
2712,0.011134448049567286
2713,1.598663289993212
2714,5.26437464211137
2715,4.704930191411433
2716,6.1372723700526475
2717,0.10320815281646711
2718,1.6863763446881017
2719,0.7043680779365832
2720,3.215131694486186
2721,2.859683939965948
2722,0.2918878440082995
2723,14.959028195784066
2724,0.2696402612143297
2725,0.35467512853619093
2726,5.063381461344202
2727,2.118791330022286
2728,1.0503909847379256
2729,1.4537699465911964
2730,1.7505326924543012
2731,0.4419574565270765
2732,0.30233843409960237
2733,0.5304759244774206
2734,0.8980255952418741
2735,2.4251942764006635
2736,6.409218553651073
2737,1.2124435017589947
2738,0.12070258083679283
2739,0.617429530343913
2740,0.18397227821993267
2741,0.3075944381260405
2742,2.6452362106066865
2743,2.463721560676365
2744,0.13988090956588664
2745,2.376503609365036
2746,7.405880524225459
2747,0.10805604108014703
2748,2.1068349645458206
2749,0.5312245353729843
2750,2.1924780277324123
2751,9.220521482628902
2752,1.559722176055478
2753,7.270465877717619
2754,0.9819230048146976
2755,0.7942821094679002
2756,2.7552020338526573
2757,0.5533031347367773
2758,1.0913849198220387
2759,1.8169136540408612
2760,0.47844452555814726
2761,2.605239758637444
2762,0.056645848742221956
2763,3.9082211350380907
2764,0.5723330746763107
2765,2.0561511369175176
2766,1.5390207502180373
2767,1.2173273762335073
2768,2.4073106156336097
2769,4.099532685043354
2770,1.634807891654301
2771,0.17124172106105162
2772,3.3985942929343476
2773,2.298912203315135
2774,0.6477893773877127
2775,0.00715298599368511
2776,0.9671187353273293
2777,0.9457157575097582
2778,0.10369280495811341
2779,1.2194075186608084
2780,7.005356199735972
2781,6.4875421746968795
2782,0.13843788325764844
2783,0.951982671700998
2784,0.14244221261596535
2785,0.3186391384084833
2786,0.7173966782049994
2787,2.9842847011883444
2788,4.1893964998551905
2789,0.9870835736536926
2790,10.841422412525336
2791,2.574169361662848
2792,1.6898513252861402
2793,2.797090429467417
2794,0.5097006823794606
2795,7.317715057327163
2796,3.0536403754790737
2797,0.796564058116508
2798,3.0139983135861055
2799,1.4532187392111071
2800,2.5606098763770184
2801,1.2981053709853725
2802,3.794232241018249
2803,1.4661168652378254
2804,3.4965015605515672
2805,0.35975981208186875
2806,0.24046185806212667
2807,1.3590301642303357
2808,1.2094065528490434
2809,3.8326247514022547
2810,0.5590432317363749
2811,0.13325645103929074
2812,1.2816070501491172
2813,4.421249016280515
2814,0.42462869005938186
2815,4.0384467808475275
2816,1.7615904125053887
2817,0.719481152848802
2818,5.10314924929781
2819,0.922651998749868
2820,0.28083684655226626
2821,4.1019456167865105
2822,7.999285383914225
2823,0.48225438134950194
2824,1.64378270581277
2825,1.7506856670007034
2826,6.696999889964149
2827,0.7251405875295468
2828,2.888536391411053
2829,5.691491858225597
2830,11.85337105561357
2831,2.084423745098168
2832,1.006324141850142
2833,10.071111110847323
2834,0.39589087760153807
2835,0.7639924836858202
2836,2.501470175400817
2837,1.6268086567587117
2838,0.6966596749370245
2839,1.3595427766980663
2840,0.3302804549220893
2841,1.7465409206809381
2842,5.030875272094637
2843,0.7873637193915939
2844,3.347853236138274
2845,1.630471067261236
2846,1.5382646592567781
2847,2.149300445828247
2848,0.30621049957445007
2849,0.9131395512649376
2850,0.17399594351393358
2851,2.2271321876795747
2852,2.13171383968497
2853,1.5615330090392445
2854,1.8006123873717108
2855,0.5158197149546954
2856,1.9352603981714482
2857,7.9138358600134975
2858,0.06420409196268236
2859,0.922918008418271
2860,0.13732822852285473
2861,1.9047209789406914
2862,10.182002131449062
2863,0.571970471956681
2864,2.4201779823848386
2865,4.073458902744007
2866,6.354724931973939
2867,3.317070214601837
2868,6.9880166487347966
2869,6.418070431882581
2870,1.3058008075267338
2871,1.9355256723141174
2872,2.3075706332914976
2873,0.6029614906409902
2874,0.2012425641514579
2875,0.16685860202636577
2876,0.3561037261366729
2877,3.277054209847525
2878,1.0457682763787906
2879,0.6230673532120787
2880,0.876143280736178
2881,2.4026105990127475
2882,3.793016332810431
2883,2.377310462930748
2884,2.522884762330906
2885,1.5699198772745673
2886,4.928836562408862
2887,3.978057187864997
2888,0.3417522301824288
2889,0.515162798359384
2890,12.766191989589702
2891,2.0010764318714167
2892,0.20154776103609684
2893,1.8059386514782012
2894,0.11145892503037676
2895,3.158307602383234
2896,1.8331047190627698
2897,1.507672215072956
2898,1.880356187876625
2899,2.3536569689900286
2900,0.6946245158174934
2901,0.13754181537774846
2902,7.724787388027581
2903,3.8193999097407287
2904,1.1217195282792665
2905,6.45645854430828
2906,0.7734421885395832
2907,3.517915407039661
2908,3.613098302779402
2909,0.6176264288418734
2910,12.292265633354546
2911,2.397585469816412
2912,0.09919456051233908
2913,0.12861977669848648
2914,6.485744436657352
2915,0.9988284154590482
2916,0.20306100220433052
2917,2.8659499901393453
2918,8.069555501891816
2919,2.526057339840579
2920,1.8077720746611494
2921,0.09131635323356137
2922,0.9721893654325475
2923,0.2655361227562281
2924,4.826010941496804
2925,0.6924304198150946
2926,1.7936750275732767
2927,0.34298601291056924
2928,2.005263970628553
2929,2.289058702241527
2930,2.0101000795834425
2931,1.600883810466196
2932,0.6383851489536598
2933,1.7944677941965343
2934,7.116339698701
2935,3.384413915458713
2936,2.151725978066387
2937,0.8814285939613355
2938,3.012150346553384
2939,0.7950832087235005
2940,1.7162375680501294
2941,0.30939034240790436
2942,0.39568852127854437
2943,0.46451070315908555
2944,0.41041244154128864
2945,0.01083173347568184
2946,0.21271903132627926
2947,2.586488322679634
2948,7.3075884505085345
2949,1.7354499114179969
2950,0.38695069076521377
2951,2.7643197145182987
2952,0.15540497039556492
2953,0.06613616556351239
2954,4.3680869767253565
2955,0.30508900896077346
2956,1.2176859638217865
2957,5.860463854044874
2958,3.10207362304468
2959,1.5308317609336284
2960,2.4799841997279435
2961,1.0036668664789903
2962,0.16724769551389176
2963,1.8071952937309768
2964,0.43537508122905527
2965,1.411229341461806
2966,1.4986631074149503
2967,1.738421798097773
2968,14.188737577436628
2969,6.6553505583111665
2970,1.4854124948227447
2971,3.0232789979273917
2972,0.16608018251024384
2973,0.1441102066934921
2974,1.3163466820240328
2975,2.897575582880768
2976,0.6278586683076446
2977,2.312518027958614
2978,1.2425980659147973
2979,0.3597984509413983
2980,7.969379365218066
2981,0.09451350290091262
2982,0.08787904288916193
2983,2.0874328021471404
2984,0.4367402183377142
2985,0.9741001297373344
2986,0.4049869097509097
2987,1.1155809006412172
2988,4.345067453836197
2989,1.1834841785409838
2990,1.531435317775335
2991,3.5026719584372135
2992,0.839277732113211
2993,0.3286163182277477
2994,0.4688233724665291
2995,2.014695081316982
2996,3.8683455875264774
2997,0.7472081298828382
2998,0.21955488827607295
2999,2.6464438650175857
3000,1.521944853335193
3001,2.170218972360642
3002,0.26264116897199935
3003,0.023233244535629312
3004,0.5235948702861707
3005,4.271418742086809
3006,3.106351249908566
3007,0.6824379809205297
3008,0.19787550705853388
3009,1.4306746713786402
3010,1.225937001461429
3011,2.2898091439053463
3012,0.04538599547022018
3013,2.70670454764342
3014,1.3538404380334097
3015,2.9652565287758814
3016,0.5693563403735524
3017,1.5518432295040139
3018,1.4332567125650588
3019,4.904628762427854
3020,2.0208643812982086
3021,2.1337311499773604
3022,3.9011984156341044
3023,0.8897423439998681
3024,1.1545865039317602
3025,8.935522238664301
3026,1.6510771588944466
3027,3.379438678709145
3028,0.8781140785299195
3029,2.3219604635341535
3030,1.1670285746125026
3031,4.800195282006574
3032,3.8040947494348676
3033,0.2423917540901781
3034,0.332328379140193
3035,0.037994903523906366
3036,0.12309792960995085
3037,1.0624397657038362
3038,0.3220019217561438
3039,3.3824666498700995
3040,0.6395331497152577
3041,0.4511322083818822
3042,1.2914847802729412
3043,6.931662254458332
3044,0.7192523479551349
3045,0.5799302326841997
3046,6.377278250244577
3047,0.2642048400628785
3048,0.5009645399808516
3049,4.53851527923267
3050,2.417001698329698
3051,0.18078668385279847
3052,0.2024626955514877
3053,0.4185805498604554
3054,0.19242660657533014
3055,0.5806347322217286
3056,0.6331797604091884
3057,2.073790612096067
3058,0.4083485173878129
3059,0.5540601328509164
3060,3.0364524350404283
3061,2.450969422260382
3062,0.8704621106448318
3063,3.091003261553579
3064,5.193804074398193
3065,2.8539699813939037
3066,0.18922853898438097
3067,6.52733251806432
3068,1.7306563483291748
3069,0.2844345467188637
3070,1.2201124962600416
3071,3.2152378409499622
3072,1.8351440997400392
3073,3.6692925318201923
3074,0.002153313375088091
3075,0.7787819071943469
3076,2.47431365461009
3077,3.0258189055551172
3078,1.1712582173737025
3079,1.2491659312110293
3080,2.5085199009242882
3081,0.21718464539665205
3082,1.545098648295436
3083,0.5730829878742677
3084,5.892800062113773
3085,0.4243558792689735
3086,2.152691942958801
3087,0.6579784326017004
3088,0.12790791819291544
3089,3.77887364856983
3090,2.1573067081424138
3091,2.771419111603846
3092,0.5741989602709159
3093,4.977053928297631
3094,0.9903690955673999
3095,0.8418831271118836
3096,0.6812783317508214
3097,2.3516506550613117
3098,3.3946852636398472
3099,1.1496260523675954
3100,1.7385146893900367
3101,0.8235788345558903
3102,0.15951076943438883
3103,1.4273898610538718
3104,5.639753194140773
3105,0.8548889712799049
3106,0.25259311364195386
3107,1.6929295695412248
3108,0.6464936224026513
3109,0.5908555191940228
3110,3.342671956865459
3111,0.8401247187449534
3112,0.11288392238427022
3113,1.2880919400541926
3114,2.28267488339936
3115,0.42942801150957455
3116,1.8600101513516907
3117,11.461599236369981
3118,0.633675024479515
3119,0.7537593475686711
3120,0.4272670934098066
3121,0.9708433499115602
3122,0.5055877337542304
3123,2.267500783336842
3124,2.1880269668289367
3125,1.0617839692212176
3126,1.8951243449394934
3127,3.231766681905699
3128,4.459745179589285
3129,6.149614423589054
3130,0.8341969569823964
3131,1.197679765799387
3132,0.9128281760721423
3133,1.072047330970267
3134,0.7824996518417144
3135,2.5679454307428635
3136,0.19383901439117773
3137,1.419145332490951
3138,15.249487772886273
3139,2.173493640601555
3140,0.3655635556673448
3141,1.6233112855376524
3142,11.26589176517061
3143,2.0436099365495046
3144,10.01729436640138
3145,1.3502954293003488
3146,0.46323672522919396
3147,1.2868460066209524
3148,1.25282844181019
3149,3.3744191396592687
3150,1.2298922135761547
3151,7.587588589133286
3152,3.4018445896418945
3153,2.612993584559675
3154,1.0174296646546424
3155,1.1854502669020477
3156,1.3187304394396218
3157,0.6457190521582383
3158,0.5193470470177454
3159,2.3091732645358714
3160,0.711169774476795
3161,2.803351386794782
3162,1.4183840219395385
3163,1.6608727521434725
3164,0.5551763594209562
3165,5.431117798374062
3166,0.2677954546692031
3167,0.8571228149677382
3168,0.6776984457459474
3169,6.088719980708168
3170,1.254333568640477
3171,3.8575912270818287
3172,0.5596871009277204
3173,0.13619356672473398
3174,0.4756212866756794
3175,0.5008869144556729
3176,0.1315427184343529
3177,2.5184206961397435
3178,0.8905508260395516
3179,1.47354906888348
3180,0.7238021574284114
3181,11.219779652542918
3182,0.3153945741828799
3183,1.303386576025219
3184,16.79872831877223
3185,2.6087218428553682
3186,1.0589007623467839
3187,0.18148616118432362
3188,1.0632959477294524
3189,0.7749360366677149
3190,1.5110635252250373
3191,3.889833135296893
3192,0.8101501200898377
3193,0.2992992089670535
3194,1.7225891258066062
3195,5.649187120521245
3196,3.395770300293754
3197,0.23827839312542876
3198,4.219343651879096
3199,3.4838361015034995
3200,0.8823446944530479
3201,2.2481014017149237
3202,3.5689932824608785
3203,0.8437269448093098
3204,1.9420042272276208
3205,0.9474053503586595
3206,0.9190890265853702
3207,3.0858051282172085
3208,1.5245442868633248
3209,1.6044063688260812
3210,2.831342512653332
3211,1.7566381132437034
3212,0.17055447761197368
3213,1.0260950998842606
3214,0.610088779324612
3215,1.781139186756582
3216,6.699859170374623
3217,7.5116290646486705
3218,5.0163450546668455
3219,0.10155185803549074
3220,0.7474438244650238
3221,0.004295191031510867
3222,0.8414504054247659
3223,1.3401723830426038
3224,0.3652840901332898
3225,8.899429036124815
3226,3.857206068165254
3227,1.6914269566394484
3228,0.11834532712342966
3229,2.063669553238138
3230,2.725485269538808
3231,2.314215436738712
3232,0.0733704637768543
3233,1.5431434609744707
3234,0.4480259719543545
3235,0.36501212892773544
3236,1.286145300881014
3237,1.7670600065962636
3238,0.7340728330518529
3239,0.9594953630828611
3240,0.7248580054121024
3241,5.897954901060698
3242,1.3938903059369314
3243,6.074803001594191
3244,2.6336076825814017
3245,1.2206438473853372
3246,0.8818970363119925
3247,1.067417405521038
3248,0.6721496940630435
3249,0.8233078138614511
3250,0.6317374735323875
3251,0.41779490507275224
3252,0.747770602929413
3253,3.5531226826803937
3254,0.9202960863187535
3255,1.1113321811439676
3256,0.07331750854427038
3257,0.38455242781059756
3258,1.0741470185841497
3259,3.619515562488945
3260,1.5341783153476687
3261,2.1677116091756465
3262,1.2096576101941863
3263,14.280846128671612
3264,1.053295963143893
3265,1.300660835429651
3266,1.7174239995936302
3267,1.1481678914545046
3268,2.1414824757987945
3269,1.9190999390004753
3270,1.1309435282342375
3271,3.8389901799585093
3272,3.518614542178868
3273,3.624276020360998
3274,1.6148126420733213
3275,5.115102293558187
3276,0.6985869581887407
3277,1.5049488852023307
3278,1.829545808416336
3279,4.641540324779942
3280,1.2023564515380076
3281,0.3533300466459635
3282,0.9148595501498643
3283,0.3965967266315512
3284,5.725579628588082
3285,0.1200417585059222
3286,0.1624449939159829
3287,0.8953104298798781
3288,1.4363273823640814
3289,1.4397799227879136
3290,1.5055915267077298
3291,2.4555992091462575
3292,9.875334561280004
3293,3.1680534701609293
3294,2.904066666296794
3295,0.5976329268445298
3296,2.2889887246775027
3297,2.0055470751922124
3298,1.0865295179330292
3299,0.7123854369345605
3300,0.22797446849874084
3301,0.24661066614586424
3302,12.439324178769017
3303,0.6047679953442067
3304,0.4148954386575456
3305,0.4997600315637794
3306,0.5124841205931954
3307,2.1235606035292625
3308,1.2331549136549178
3309,0.19911650814420856
3310,2.6183624610031417
3311,0.10672291078332628
3312,0.24733012165592821
3313,1.6925424536061164
3314,1.0526031799879283
3315,0.2961508358023742
3316,1.2386843873477813
3317,3.9821963023505926
3318,0.6672195043535636
3319,0.6324889514514597
3320,4.9673956998694715
3321,0.061976793741015494
3322,3.468806714499491
3323,1.8788586823264377
3324,2.40897897316463
3325,0.2721432397814933
3326,0.39708079335629426
3327,0.49409365056463644
3328,3.180075322110748
3329,4.816897133471785
3330,0.7380281920547704
3331,0.6219484473113294
3332,0.691501127589063
3333,0.30408445801083156
3334,0.5723478125137839
3335,0.29203475042915356
3336,0.252420520767383
3337,0.43685326866574303
3338,0.5604156154288983
3339,0.4352091717053372
3340,2.452891486749763
3341,2.1443027842412894
3342,0.6090448342079731
3343,3.091847296981117
3344,5.6539901278093865
3345,3.4868700288731618
3346,1.1627498920769341
3347,0.967284894227005
3348,0.5555836957595325
3349,3.121860351623917
3350,2.158532725475139
3351,0.4831423639074203
3352,0.702023567740392
3353,0.1037640519145576
3354,1.0656518411943285
3355,5.121531808430454
3356,1.679694937147146
3357,1.262428207921334
3358,0.16041881501823413
3359,0.901311279499576
3360,6.9494312013338755
3361,2.1734995677692885
3362,1.6852770862066178
3363,0.6061824035472341
3364,0.03502512219796137
3365,0.24506038513524783
3366,6.143092005566638
3367,8.966803075567089
3368,2.1042935288900217
3369,2.3874544299592486
3370,3.493618625235396
3371,1.4301786343797411
3372,0.09295543605756225
3373,1.4734697466477966
3374,2.4829610447790555
3375,1.1789602956309602
3376,1.222118803502831
3377,0.3883518871255557
3378,0.3408419026712081
3379,0.12428253981257498
3380,3.969534528986452
3381,2.317430039229486
3382,1.5551678223123193
3383,0.23324807974196254
3384,1.3177014801182803
3385,0.9691455391344076
3386,1.2100392346119473
3387,5.091702618920416
3388,0.699346528311606
3389,1.0857159914361507
3390,3.776797726599278
3391,1.6718946433175097
3392,0.16659020312476963
3393,1.3136971485265923
3394,0.7920647994114243
3395,1.0404712135508365
3396,1.6547207262115906
3397,0.5889727131492943
3398,10.67230973429796
3399,0.47753519686120893
3400,7.306514119081435
3401,1.5929886167042444
3402,0.20532377069742852
3403,0.2664362226606154
3404,2.1948767482776055
3405,2.368231004967185
3406,2.529383368977215
3407,0.7308998584895311
3408,7.347860996694473
3409,0.3805726688492297
3410,0.48579187405138374
3411,0.4257085956476115
3412,0.4065883186386215
3413,3.8217009046281447
3414,2.8953896858532246
3415,0.2867082541457359
3416,0.4062809497506356
3417,0.6812713946532049
3418,0.0723238694181426
3419,1.2066785219326772
3420,0.3631246510730285
3421,0.11768451828566183
3422,2.265561491859099
3423,1.5412458640101552
3424,1.9687277007932589
3425,0.14972328735298582
3426,0.5993739147445469
3427,3.3680361101947636
3428,3.5732017406203553
3429,0.3937347744159714
3430,2.5885618795421506
3431,1.561784718361438
3432,2.7589057435544397
3433,0.5786744871778584
3434,0.14494036538002555
3435,15.902621761382772
3436,4.282528459003647
3437,0.7411044584949029
3438,0.3120843965826547
3439,1.0394485891585834
3440,2.603578069377703
3441,3.9259502907576187
3442,0.3710802842114907
3443,0.7581702639603087
3444,0.038298793634700644
3445,1.7922562756146885
3446,2.241810205782397
3447,0.17869709709942452
3448,4.024700802551927
3449,0.9509833975305796
3450,0.317765810238224
3451,1.650158135591514
3452,1.934378439231505
3453,2.8299851867334955
3454,4.774506914838643
3455,2.0874554398461433
3456,0.4936552797794184
3457,0.9989398263448607
3458,0.7156191321096018
3459,11.389084914457555
3460,0.182863604553628
3461,1.5608946592643846
3462,1.3283455801258333
3463,0.18886304071409
3464,1.4109522854446437
3465,6.32879514209685
3466,0.995702641301317
3467,0.370337802650103
3468,1.4558731455761478
3469,0.6351001959456261
3470,0.7567608472800617
3471,4.98084476108137
3472,0.8625463270339359
3473,0.39250875209127595
3474,2.651064309591117
3475,0.48467707049610126
3476,1.1692177414891896
3477,2.723150843941081
3478,0.839640569188464
3479,0.10402011760989346
3480,2.484265358021793
3481,4.239614594119256
3482,0.7848145881363595
3483,6.947751271758725
3484,0.03865109847476844
3485,0.37009573234090365
3486,0.7889822246546091
3487,2.1520025468341144
3488,4.9865280564212515
3489,2.670759610295616
3490,2.2654606897782203
3491,0.2782220256389947
3492,1.250633154602143
3493,2.42023831537794
3494,0.8244019095580217
3495,2.4867513657663816
3496,1.620240034394557
3497,0.015297872080480258
3498,1.0097438087197586
3499,2.8068889381376687
3500,0.08516432446362647
3501,0.7070287752385419
3502,0.4882488857639982
3503,1.4533241732827529
3504,5.756600087744844
3505,0.22481930507675862
3506,0.006604769027266033
3507,0.34678492336496386
3508,1.1775536540937304
3509,0.8380244648326058
3510,0.23309724716616503
3511,2.310828280361392
3512,5.13367483025391
3513,4.267015865028693
3514,0.07370829526535427
3515,3.5435314761400805
3516,0.004936565387803767
3517,1.4613392460233938
3518,5.500220099414126
3519,1.0953906494278014
3520,0.6664627042245382
3521,2.0391403744744374
3522,3.2362428981332596
3523,2.2927864867462158
3524,1.307622050847886
3525,3.406793492572503
3526,2.8997765208702417
3527,0.21702129534151707
3528,1.2922312495839305
3529,3.7145558400554233
3530,0.35569201220562396
3531,0.33353135251381555
3532,1.8303674894121724
3533,10.01049740376649
3534,0.372780331396795
3535,1.992392343195444
3536,7.328776748205955
3537,2.0909941832758507
3538,1.4651171683387907
3539,0.8269172651006971
3540,3.2511781969658538
3541,2.233607010591915
3542,1.670791037838777
3543,0.255664782082169
3544,3.8221329914978304
3545,0.4682802872902733
3546,1.0855575245801246
3547,2.6795207327977
3548,0.11682603539805565
3549,0.11207105575620836
3550,0.38207746586329094
3551,0.3051767683825226
3552,0.790957445884711
3553,0.009961879621456214
3554,0.17886221952469808
3555,1.690621271901152
3556,3.460465707276422
3557,2.010220153900901
3558,1.5770486556193932
3559,0.16387457018859064
3560,3.614414719749126
3561,0.6715833383111031
3562,0.7085355427644248
3563,0.19894722096842196
3564,1.4820509232604064
3565,0.6808830779987389
3566,1.8784921350370842
3567,1.247963931279902
3568,0.042961219384425195
3569,0.80144854465611
3570,0.8150659557930184
3571,0.25849829092640425
3572,0.7095710501374737
3573,1.3179223497339931
3574,1.2974969698458783
3575,13.46231791497438
3576,2.227605254601655
3577,5.261031622030512
3578,4.512528861133596
3579,2.270896853291435
3580,0.9637539552814673
3581,0.5166809342478872
3582,0.4772829352588908
3583,0.030957747897095312
3584,9.185818707369535
3585,3.126408097854316
3586,2.1156217232014183
3587,0.10007906320980249
3588,1.6248399986289128
3589,4.124392309905691
3590,1.3925930720881357
3591,4.20642450698361
3592,5.272354976094923
3593,2.72725028139076
3594,7.655330225358891
3595,2.448690282948313
3596,7.2425764909129615
3597,10.31891327567082
3598,2.0299718305256342
3599,2.3383097455671376
3600,4.188175894479739
3601,2.86735723026763
3602,7.437905813515861
3603,0.3198302221763103
3604,1.549784135245503
3605,2.2466346703970967
3606,0.8876989349028609
3607,2.7933612752628405
3608,2.517402070512789
3609,0.8705731854887163
3610,0.6044443374492952
3611,2.0831137132047797
3612,5.893092890711851
3613,1.0320242785447833
3614,0.6445427191699823
3615,2.354765039192451
3616,2.022781733531922
3617,0.4276852283873683
3618,0.33874004173868283
3619,3.1622738774833965
3620,1.8567308583011009
3621,1.0773905263432972
3622,4.154937557799799
3623,2.470897942094397
3624,7.414482758259192
3625,0.40901267776669953
3626,4.469415803247642
3627,0.3330344845643104
3628,0.590200934012072
3629,1.589678999127334
3630,0.46745726825321476
3631,1.9764643454096928
3632,0.7728437898866947
3633,0.6202042407696399
3634,13.56384243401761
3635,2.285270185964434
3636,0.8669327456384819
3637,1.0125227027637203
3638,0.12044092308333407
3639,5.552290091785318
3640,10.273182508450908
3641,0.9175809192180177
3642,1.6082742773061047
3643,5.110401652339862
3644,2.6582137243642125
3645,1.9468487075216128
3646,1.8755164464411673
3647,4.951436801779948
3648,1.671280901733915
3649,0.4843118739752091
3650,1.9258171684450431
3651,2.9682163882179857
3652,0.027860046793953624
3653,0.27696588168280345
3654,3.1286985943088332
3655,2.4677640245410823
3656,2.2872699033794577
3657,0.9354818320435063
3658,0.06612095575483071
3659,2.36701233941388
3660,2.1044282819077296
3661,0.04377084606215801
3662,0.804913509341493
3663,3.515151650546611
3664,0.10974395984945785
3665,0.05531731792239199
3666,1.7370088817657157
3667,3.105705343600582
3668,0.5411305426713457
3669,4.2383105701554316
3670,1.048420148741127
3671,2.5437398292899283
3672,3.157168783050198
3673,3.4097496865947634
3674,0.2135326670141581
3675,1.370468802367729
3676,1.4971074024779778
3677,0.2501633309897272
3678,0.7189871118571122
3679,1.778036207871663
3680,2.7342233572511163
3681,0.16726601910195565
3682,10.662634083027092
3683,9.013559771600503
3684,0.8988201241943462
3685,5.624583639061804
3686,0.5475254293311169
3687,1.1413606790638435
3688,4.933902511115206
3689,1.8871864301446795
3690,3.269744463728943
3691,7.444448499244099
3692,3.5399731681334305
3693,4.929414064132694
3694,0.22726015536135485
3695,4.118072388414058
3696,7.204848880951691
3697,0.24859558436258472
3698,0.554344408665458
3699,0.5595074408304902
3700,4.4424449398153
3701,1.6283647945341877
3702,0.04575689679338937
3703,2.7747495604507315
3704,1.8969650242588465
3705,0.18335893488648392
3706,1.3114454107057478
3707,5.9224098565523
3708,3.175087698460386
3709,1.895362329245265
3710,1.703654990417635
3711,1.4962783009325882
3712,1.5805535592574333
3713,0.7569586200611729
3714,3.5592832549324567
3715,3.376657333727597
3716,1.6088658745784878
3717,1.679478158598594
3718,3.457950936545355
3719,5.275034182216876
3720,2.812718575388872
3721,0.2516974228560793
3722,3.0476265393905955
3723,3.15092328447422
3724,0.5804294165707955
3725,3.103218357567355
3726,1.8269392794153827
3727,2.0264926962295307
3728,0.814954857624263
3729,8.979011654535062
3730,3.20878353544143
3731,1.644695429925279
3732,2.0973973073379546
3733,3.192490664595088
3734,1.1552235841326297
3735,0.04946717255005765
3736,2.693549674535611
3737,2.3477666514219044
3738,0.18613834475829194
3739,9.416415744165963
3740,0.6029521125149446
3741,0.17682583811743646
3742,1.3944993300556863
3743,3.275063776695013
3744,0.8111587188318562
3745,0.4976212001656616
3746,0.469939335144151
3747,0.7609239946384996
3748,0.798999892315348
3749,0.4034130717485262
3750,0.7179140700098839
3751,0.4560007933255586
3752,0.2058506103465031
3753,0.24833467059193248
3754,0.7711346004975927
3755,3.6531414579063832
3756,0.13221815045277258
3757,1.9799577857488428
3758,0.19143372845315407
3759,7.259349868110031
3760,1.6345767173065773
3761,1.8442272000594875
3762,0.05971659807107684
3763,1.0794782401419818
3764,0.042240731593644595
3765,1.889377036154686
3766,1.623778557802531
3767,0.10184974334884081
3768,0.9799192539892129
3769,7.100102473953321
3770,0.5518718662318953
3771,3.8972726347219644
3772,1.1882323863964692
3773,0.5136909671231282
3774,7.649297546395213
3775,0.304678598953605
3776,0.29216455399382624
3777,4.289815058547545
3778,3.131067465850827
3779,0.011626578478970013
3780,0.7181308683104936
3781,0.5967837602088943
3782,2.1664485815905814
3783,0.7260168698908464
3784,0.23268039656068648
3785,0.03297564262762623
3786,1.445093300663093
3787,0.22942170417399713
3788,0.14000951896017516
3789,0.9900838906317064
3790,0.7770772196745526
3791,3.875135212922765
3792,0.7357447501637188
3793,1.5802419969542179
3794,7.326242164069415
3795,0.5920203516536998
3796,0.5302489635212403
3797,4.676287527672558
3798,7.6897126283402475
3799,1.513744755915526
3800,0.7976736363992785
3801,1.9026174136612968
3802,0.4219914728389261
3803,2.860719212156857
3804,0.2726116479130684
3805,1.5465486970758398
3806,0.18025977525695866
3807,2.003909548779238
3808,1.0867763245173532
3809,2.0568846592463133
3810,3.138108588568169
3811,0.2479253285978729
3812,0.7761820225230898
3813,0.7348959810012269
3814,1.3585029712947267
3815,0.16129270024304695
3816,0.5502222566369339
3817,0.3350321887403944
3818,0.9383864649183533
3819,3.7965171411427403
3820,1.3996326796162706
3821,0.8054231096095085
3822,0.08448132522359084
3823,4.45899290850514
3824,3.1547310626087817
3825,7.749464038129415
3826,0.22468005734626242
3827,1.8682315122713276
3828,0.05023372137693926
3829,4.916883211328752
3830,10.255672593927796
3831,0.2324961894513094
3832,0.44208498518239914
3833,1.2023046346987558
3834,0.5011030898593937
3835,0.051554676598920324
3836,8.582129543377231
3837,3.2301715083648563
3838,2.0797305705899936
3839,3.2717358583140443
3840,2.033123758504688
3841,3.7918042804013377
3842,0.13120598981090834
3843,1.3092016667489497
3844,0.7545466030977777
3845,0.22706764132912516
3846,0.1582759766289206
3847,3.387251536903619
3848,1.3646458191437165
3849,0.7005471578498335
3850,0.29610226161412745
3851,3.3032348855158773
3852,4.163645082547018
3853,3.7625866111767388
3854,0.6201874418689607
3855,0.1902399090873299
3856,1.927167954244238
3857,3.110869533096886
3858,6.942392646231022
3859,2.8984089526063874
3860,1.055111327328646
3861,3.445072282509128
3862,6.637180430233181
3863,0.2417074253746526
3864,3.320843600135419
3865,0.28801198208174156
3866,5.461229276423114
3867,1.1414634072983543
3868,0.2016319057683773
3869,0.27131483385870725
3870,3.1279768649715636
3871,0.1212765814523632
3872,0.8706588153028755
3873,0.8531468301028111
3874,0.37038464488559614
3875,1.7245778546381787
3876,4.131287606929085
3877,1.367210353003644
3878,0.4870724427028563
3879,1.0679846782564244
3880,4.332180570739217
3881,7.205808838789977
3882,0.0032289981334644577
3883,0.6852289902219622
3884,0.5199746814197335
3885,0.5144839912564949
3886,1.7523514437558676
3887,1.1764886726389545
3888,0.10359779657386277
3889,1.790474996406229
3890,1.6485174933907905
3891,1.0844781343885026
3892,2.1363628640176295
3893,0.680831950445488
3894,2.2751504420557427
3895,5.657192094583466
3896,1.6048295184025725
3897,3.3936086888221686
3898,7.302521037779024
3899,3.808620155302911
3900,0.8724267776232594
3901,1.5813018677424513
3902,0.6888092171938707
3903,8.146893927099798
3904,1.8518524432452041
3905,0.07520334536675018
3906,0.5413589794987345
3907,1.1756587280584239
3908,0.034270330724383485
3909,0.40435705705245323
3910,0.5520487700419637
3911,8.053890257718486
3912,11.334845070335595
3913,3.255778909578312
3914,3.2323492176314956
3915,1.3152964767281674
3916,1.173485431313798
3917,2.769354886764493
3918,6.750986067879483
3919,2.2022160992584356
3920,0.8721822303721434
3921,0.21002468442431932
3922,0.7295267439686001
3923,8.789046561360674
3924,3.4244762490146354
3925,3.7351004855321044
3926,11.823287047645138
3927,0.5355120462959273
3928,3.552196847873933
3929,3.7583854604207185
3930,4.459148605026283
3931,0.79635668967626
3932,5.288196641147637
3933,0.036134184802354634
3934,0.2927702121800961
3935,0.9804828360241165
3936,2.134228558591522
3937,1.1223958894509691
3938,1.2172561143368632
3939,4.207235359161442
3940,4.106225790424259
3941,3.1660934450042
3942,9.841120241278137
3943,8.432036828196678
3944,3.30960176971948
3945,13.467641701808962
3946,0.8053876444440253
3947,0.7797055302202506
3948,2.1938362646185654
3949,0.48619538802494044
3950,1.0263672181383865
3951,4.9922443225614845
3952,0.29153830851956336
3953,0.24977935108329774
3954,0.7166259421982932
3955,1.344253516646234
3956,2.392999049466354
3957,0.7462197347405269
3958,0.8493958431738486
3959,2.3953069873488686
3960,0.0457633410417875
3961,4.406135031832237
3962,0.7744599622823914
3963,0.581172696142702
3964,1.3287639881562041
3965,0.8496877780593559
3966,0.2682947211349516
3967,5.530199501314678
3968,2.7551758863613407
3969,0.4788020604108586
3970,1.3953299675739346
3971,1.3231710177973446
3972,0.3223006377583318
3973,1.6599431016374337
3974,0.8021765511040565
3975,0.9739138742279204
3976,1.1103408177036518
3977,3.4979780632622965
3978,1.8966127042769614
3979,1.587980795689681
3980,0.5639477794985512
3981,0.33120552376143714
3982,0.48291567897192267
3983,0.223820085470386
3984,2.4449262278182986
3985,0.9246277922240927
3986,1.3207622835389519
3987,0.9108091599381083
3988,1.4772629245200197
3989,5.112219632017564
3990,6.682978128200944
3991,2.5717989973512942
3992,2.7244917031464078
3993,0.1515862823679571
3994,1.7448722017586344
3995,0.915926500353844
3996,1.4584415883353827
3997,0.9661389234411699
3998,2.0481104205017897
3999,1.4458171914259528
4000,2.1405417020294806
4001,4.326481104705894
4002,1.8231468146316543
4003,1.0238408406906083
4004,1.8944556741353247
4005,6.8830491498747035
4006,1.546760854760054
4007,1.4153203422245815
4008,0.02545474828431605
4009,0.5643986318106393
4010,0.7882601792775205
4011,0.9214201019003923
4012,0.16315309902178815
4013,7.151017216099181
4014,0.6535079823422671
4015,0.7465947520109719
4016,4.609532079645574
4017,4.2562501261791414
4018,1.9231388673354592
4019,2.2446701476252024
4020,1.8581021755721696
4021,2.412305117872707
4022,0.5886503362033512
4023,0.9902247531063112
4024,0.5552615227354428
4025,0.18244106522649142
4026,0.2054583115140774
4027,0.15811629259397483
4028,1.7744863398366904
4029,1.1431409283725567
4030,0.5227529168642057
4031,2.400595152269902
4032,3.8807313080551107
4033,2.6663321776222446
4034,5.114591655315724
4035,1.6350680107312332
4036,2.1920626112049098
4037,1.1811486811913543
4038,0.2922892111691384
4039,0.1684568001268481
4040,1.0384349194094427
4041,7.958254574789993
4042,1.3743975915584346
4043,1.9666171754848731
4044,0.4100059823798263
4045,2.6057760216745987
4046,1.4643920970183677
4047,0.749766813498401
4048,2.0166785090679906
4049,2.0699213956505567
4050,2.3703711132153193
4051,1.792767191583602
4052,2.002308557107624
4053,8.514618154195396
4054,0.9868845560441586
4055,3.0104551772578154
4056,4.359021646509973
4057,0.40753381855426063
4058,3.3252761197088216
4059,5.422127247241995
4060,4.681688332975475
4061,1.3054292628995565
4062,0.6035567131783575
4063,7.7160443929422895
4064,0.4138900916847895
4065,5.548590799510407
4066,1.255604156363166
4067,2.564917327831795
4068,5.92865824897504
4069,2.2665596485776263
4070,1.4256250483580415
4071,0.47916397895964213
4072,0.6938866479611938
4073,2.810276196330039
4074,2.7907076719108614
4075,1.2184946608556497
4076,1.0695681205128602
4077,0.33948074164679
4078,0.966470418243639
4079,2.4593264757437803
4080,0.9792771704462119
4081,1.14965553332386
4082,4.792436141201066
4083,0.5750253448159444
4084,1.3590643625991277
4085,3.462659156471276
4086,0.5451144646927396
4087,3.4761795208098643
4088,0.7310890714970432
4089,1.2428415756367197
4090,1.971780163708225
4091,1.6127830476789393
4092,0.4152596197631679
4093,0.21517557751728933
4094,0.256117940097123
4095,0.9380013200966973
4096,2.6929877817622145
4097,5.452481728267863
4098,0.14342422143983186
4099,1.894607474652962
4100,0.41830963737362514
4101,1.4341982523628007
4102,1.6553743026453822
4103,0.353304394192277
4104,0.11605249529395395
4105,2.3810313242094563
4106,0.28803212470770384
4107,3.073175194173346
4108,0.12347337045541813
4109,3.057523139330626
4110,5.209466781760351
4111,3.9954460908441223
4112,1.046989130427604
4113,1.2924469529490061
4114,3.006655772202963
4115,3.1597164136163998
4116,2.2927570312266834
4117,0.4196635481840391
4118,1.5244698126966483
4119,0.2618509005765905
4120,2.248965990520997
4121,1.3608353568082507
4122,2.5455742295338646
4123,0.05878641924360653
4124,3.374529187368609
4125,7.105775519578647
4126,8.44489453273313
4127,0.26708350593850216
4128,0.20323336429708283
4129,2.2467012977111684
4130,12.03270210125711
4131,2.744785882824899
4132,5.290381443930932
4133,1.8500094093938222
4134,0.4945737410966458
4135,6.962844324190803
4136,1.5068092921789797
4137,2.1811169803016273
4138,0.03536138971665663
4139,2.0924217165300236
4140,0.04995946528336972
4141,5.206875949664267
4142,0.6650192347239501
4143,6.05114010876729
4144,0.26169700744634855
4145,0.33924335045680176
4146,0.6662179613346434
4147,1.66608123685561
4148,0.14895149683703307
4149,0.7905252003725538
4150,0.21704241013365677
4151,0.3719487065791584
4152,2.112900441236111
4153,0.7588922826172824
4154,0.31527063322800536
4155,0.8382640531558101
4156,0.8416034569372026
4157,0.5023015081111768
4158,0.5156084420240459
4159,0.17438361508832298
4160,3.624873506357732
4161,1.279301200012195
4162,5.839492733342066
4163,2.3131937433717904
4164,1.0995155847914144
4165,0.07593870236344177
4166,8.8745970329307
4167,1.2920950097270645
4168,1.3829285797197914
4169,1.1510080272016634
4170,0.6952436186748093
4171,1.092506215512882
4172,2.4199733682100435
4173,2.957407630558603
4174,1.9035451304943196
4175,2.0405758312979745
4176,0.18866199870626657
4177,2.7604079002735338
4178,11.024729905306613
4179,0.11223537733119078
4180,1.6590635497983228
4181,2.9623474882370098
4182,0.5967146822474924
4183,2.0996272087472834
4184,0.39464920935120895
4185,4.026468606830475
4186,0.6852369558057825
4187,3.9322029568503902
4188,3.252309955157536
4189,0.5303507893700236
4190,0.7943980557979364
4191,0.8101329570463187
4192,2.7510085417870402
4193,5.173820154791003
4194,0.22227105968749244
4195,1.849939511464359
4196,1.6485636814678053
4197,1.9371264550910803
4198,0.1058434149654303
4199,2.014892280021352
4200,0.10743276710862697
4201,0.39432698225690793
4202,0.018796967881638506
4203,0.16713129449737754
4204,0.12058997019847499
4205,0.7038891466039098
4206,0.586503162274316
4207,3.5357978932085605
4208,0.600014167299655
4209,0.20601321499264208
4210,0.007496569624967884
4211,3.4436648684891664
4212,3.1407963885600996
4213,6.053886890790102
4214,0.7729030229182653
4215,0.787723892608044
4216,1.6034383695995582
4217,4.06622446787019
4218,1.038657463057815
4219,1.878718654110175
4220,4.07507121055195
4221,9.209639152609157
4222,0.37183087836481216
4223,1.9876389307106792
4224,0.15733573901938908
4225,1.2823674331019752
4226,1.8864377868042506
4227,8.089276520850213
4228,1.6091872310538267
4229,4.044266856639544
4230,7.620549135754791
4231,6.351060530889088
4232,2.9717354587203837
4233,7.025003206101697
4234,1.4042072321425945
4235,0.9100606228936712
4236,3.6844918154043915
4237,1.589542576968684
4238,2.127511821504595
4239,5.836001628422245
4240,3.6677271989034925
4241,0.7143617711950146
4242,0.1477544006733405
4243,3.0799185723550666
4244,0.6991448378154294
4245,1.9887250380188812
4246,0.6469823309915552
4247,2.884163731419211
4248,5.3230528111185444
4249,0.5403046199308222
4250,3.925713749008189
4251,2.6060642968444006
4252,1.0934182574591575
4253,7.069085809928024
4254,0.6474637495348383
4255,2.402001761587205
4256,0.622761229939082
4257,1.1351771493699627
4258,3.2670681479542965
4259,0.7877458111097106
4260,1.415218424227487
4261,0.5628979493646982
4262,8.404207540706956
4263,0.2804773492023718
4264,1.613472680807006
4265,4.029207194762016
4266,0.8535990327931727
4267,0.39054991384300847
4268,1.2105720143792507
4269,0.4051823949749514
4270,2.2163063761277595
4271,18.119816885770963
4272,0.2507889875783875
4273,1.1841039031058107
4274,2.0706472726393574
4275,5.215175000101508
4276,16.67217124981365
4277,2.9569133660190157
4278,0.9431222241995509
4279,0.2859743246173541
4280,3.007611581160336
4281,0.19299854977258338
4282,2.978431081144811
4283,0.12661153560675825
4284,0.28795914140579676
4285,1.6695610136281067
4286,6.632142742980183
4287,5.935925166492301
4288,0.6787928952100223
4289,6.196902158033459
4290,1.495474430897847
4291,0.754136773108195
4292,1.2496002503918069
4293,1.8840282285256271
4294,5.318857701050212
4295,2.2620941076537697
4296,4.848757385689682
4297,0.38776074745072814
4298,0.5495916326743153
4299,0.03789484161017017
4300,3.0810449454277262
4301,4.885831492957438
4302,5.526433703186334
4303,0.9612838839284753
4304,0.5903711095343538
4305,1.3958674939369795
4306,0.7915847152559139
4307,0.5666960048253923
4308,3.4761777686818194
4309,0.40950335183523856
4310,0.5075841290738664
4311,1.1591497490827603
4312,1.5549101765354072
4313,1.0458170389707222
4314,1.7653058983854648
4315,0.5352343069689781
4316,1.0983367295650213
4317,6.784688306316838
4318,7.052545119660267
4319,0.15901749867537496
4320,7.546779811693695
4321,0.04641221770334073
4322,3.88153141812762
4323,2.1406414549122883
4324,0.952999900514
4325,1.8689109594420026
4326,1.8203907752810309
4327,0.4787407955047341
4328,1.393026288265231
4329,1.3196945949584602
4330,2.378632595715559
4331,0.3333929882295729
4332,5.979711033410558
4333,1.163436086774801
4334,0.5391536647117999
4335,0.7772349483079053
4336,0.5181615492265604
4337,2.3048274057096396
4338,0.1226388049036279
4339,4.504868911994844
4340,3.8030235210246155
4341,0.17592818639023033
4342,0.18707399741614214
4343,9.166060770500307
4344,0.3719148039668265
4345,9.104266144099276
4346,0.18992758698542306
4347,0.8982344136533208
4348,6.712798193677197
4349,0.7085114826935671
4350,0.47023206936810413
4351,0.6506878488613951
4352,0.3976979341968247
4353,12.645455605402406
4354,1.8185217544614412
4355,0.3189590859316731
4356,3.779066065236983
4357,3.2723579229333897
4358,1.2822945347836812
4359,0.4429313018575777
4360,1.7460037027786774
4361,1.0728923898725622
4362,0.7566790103506883
4363,2.993719410084131
4364,2.446416953897806
4365,1.374294242813913
4366,0.8905372666304863
4367,3.7064570335018585
4368,0.1556506164650568
4369,0.48387260291491846
4370,0.05442399420023046
4371,3.2020789752004233
4372,2.0538421894086496
4373,3.022208339035656
4374,3.3557032909243083
4375,1.2139879736774724
4376,0.9087650788291597
4377,0.1465840271434347
4378,2.527692826644185
4379,1.8510736998351882
4380,0.8246720678867301
4381,0.8622694089156429
4382,2.677793661253973
4383,0.7136809900547451
4384,4.857939370936809
4385,0.023417777389667663
4386,2.5117595357673435
4387,1.4640803330151748
4388,4.589206638589442
4389,9.447762109746693
4390,7.400842568180322
4391,2.294757974319707
4392,2.346728383373091
4393,1.5366999026702666
4394,1.7539020572520252
4395,2.0750627522612497
4396,2.768872677604627
4397,0.49065239352725604
4398,3.389139512930421
4399,0.8605464491006884
4400,2.674821624906496
4401,0.2664092394757016
4402,0.050623919773959684
4403,0.29256127058565373
4404,2.280284864152681
4405,0.48186721978618713
4406,0.32729371597893225
4407,3.24955869334154
4408,2.5540964755965225
4409,0.9704686362311036
4410,0.2973513295726006
4411,8.092078619940247
4412,0.3663257152744922
4413,7.540896417210888
4414,4.960122061250673
4415,0.3001350937853936
4416,1.7810375796081295
4417,2.6622286728883853
4418,6.046353998805422
4419,3.652554310082684
4420,0.028166976857261522
4421,1.3231502658688163
4422,3.9073243856320974
4423,2.475294856874065
4424,4.083414574436855
4425,0.3153057681246608
4426,1.571895009895232
4427,2.8742481057544107
4428,0.28638717506541145
4429,1.4440909054638322
4430,3.9980221827060767
4431,2.1846992791227713
4432,3.0497219606281267
4433,0.976699389513278
4434,0.04751440759383768
4435,9.269443936440808
4436,0.1587545410975498
4437,1.2199417994084518
4438,0.2823421308570707
4439,4.887429527756181
4440,1.8401967391976508
4441,2.928235539710092
4442,2.192034374808184
4443,0.7032884273452811
4444,2.1386907078032906
4445,3.638725036712337
4446,1.3758399297648334
4447,0.046950267378369215
4448,4.263631350941031
4449,0.10787289422283591
4450,3.4446645110581677
4451,1.59436168848744
4452,1.6844571678025193
4453,3.895236231133258
4454,3.9040120213110137
4455,4.083020238635127
4456,0.37462576984361956
4457,1.5708198861695042
4458,1.6725041659891466
4459,1.9951305687983365
4460,3.003731116412304
4461,0.3232657505070194
4462,0.5989966366156356
4463,6.581391893439226
4464,1.9430526503978938
4465,2.8433565119252973
4466,5.074429282066363
4467,1.0766847389610035
4468,0.9790513197459896
4469,1.4016054809621923
4470,11.344962622881331
4471,0.08135081492434655
4472,0.13037501448915764
4473,1.2334495275491202
4474,1.8662966159118397
4475,8.067313074825307
4476,0.5792167291346145
4477,2.2288831333874874
4478,1.1933325132389645
4479,1.4079925513374865
4480,0.9203146581044013
4481,1.8004173307884106
4482,3.2634373949019135
4483,0.43000166391303773
4484,2.148986712628173
4485,0.6456797070562496
4486,0.6678211435781385
4487,0.44604096686485545
4488,0.1592106457753326
4489,0.9933627711197887
4490,12.093651388372091
4491,2.96385544305583
4492,0.1952535139684265
4493,5.750050010616443
4494,0.49493720031717875
4495,1.2000023377884608
4496,9.579648206513099
4497,2.649059560838164
4498,0.6677676185858561
4499,0.1324546168918192
4500,2.791777260967339
4501,2.219922256220098
4502,1.1614566838177718
4503,0.09365478073500293
4504,0.391855955532787
4505,10.528940976792683
4506,1.5272658977070563
4507,1.9044034819446145
4508,0.11747396215546413
4509,0.13462096230040616
4510,3.412572329533741
4511,4.408983139960938
4512,2.2626898455976727
4513,3.9513095002626804
4514,3.3464333271190605
4515,0.9004605564041889
4516,2.145063708052334
4517,1.0460870574671375
4518,0.7618337388230201
4519,0.08183343328292192
4520,2.0174821639937504
4521,5.694730348276177
4522,1.8503993017238642
4523,2.784665237093682
4524,1.1066894215573448
4525,11.415587419898301
4526,5.706937893100208
4527,0.06878667307208475
4528,0.6163326525853215
4529,0.7982191976943099
4530,0.9922680745511855
4531,16.86423677571539
4532,0.7379795950660679
4533,10.774108989379087
4534,1.7860212150131498
4535,0.15026849691141816
4536,1.3111551357332407
4537,0.2776297853565439
4538,3.1035022207529677
4539,3.5109755832000475
4540,0.224799488637072
4541,0.9505736489320408
4542,4.685646415318035
4543,1.068936039813306
4544,0.07933110682204741
4545,9.885672479734982
4546,2.451586885506773
4547,3.677359921022324
4548,2.578488989879009
4549,0.007871922875082014
4550,1.072183244767202
4551,0.5086330116154147
4552,6.795587172704733
4553,1.2276359973127902
4554,1.2189832587728489
4555,6.8264083875942525
4556,0.14912672904132454
4557,0.7088466392221745
4558,0.2666081434499243
4559,0.5757059165373195
4560,0.8771140828570403
4561,0.47066386192248605
4562,2.2727031673253784
4563,1.0410200653952153
4564,2.5505000109538223
4565,1.3049025947189785
4566,0.047965433948665495
4567,5.500678830312192
4568,7.988833213723984
4569,0.06063517869017907
4570,0.14676967614187097
4571,2.8519041985154465
4572,0.6577311824756839
4573,5.736539935877495
4574,2.5537051152241923
4575,1.0127913292817212
4576,3.750293893933261
4577,0.49442850580433584
4578,0.571634201402732
4579,2.2019353166152418
4580,14.509225080870921
4581,1.7048595198017038
4582,1.8591074681802155
4583,0.9550320515577081
4584,2.9055357272622264
4585,20.432097837132837
4586,3.1238462365677315
4587,0.44152227223156437
4588,0.5245767429879352
4589,2.798152887816784
4590,1.3186532043944474
4591,1.8373403753194744
4592,0.6387969853840585
4593,0.5612261410578261
4594,0.5163819289164386
4595,3.4085492598737326
4596,1.2648228520914828
4597,1.624177586443091
4598,0.8669283394581659
4599,1.5138267110917751
4600,0.1920057627927084
4601,0.2164844055614775
4602,0.73204270317506
4603,0.470539889390107
4604,0.3203640274532219
4605,9.102853142310606
4606,3.966538875075178
4607,0.32911429613323717
4608,2.330684722860049
4609,3.7247670058018847
4610,2.460886114627358
4611,1.8736383088579565
4612,3.9425490513344794
4613,1.9414666901417543
4614,4.584056304492886
4615,1.6964735079250193
4616,1.2106233901212686
4617,4.572097784826887
4618,0.5918483090244494
4619,0.22783352368212945
4620,0.9419767772792331
4621,5.011033251035438
4622,5.7350829039222075
4623,0.2662477741168179
4624,2.2364627294484607
4625,11.502639085870776
4626,0.3857519568858198
4627,0.4521021199462149
4628,2.847255835275865
4629,2.978484821431326
4630,6.727782800942997
4631,2.3939994436850522
4632,9.133334278163764
4633,1.2201044483158994
4634,9.356094825969457
4635,0.153784199860181
4636,0.43866239024959414
4637,1.5666688281408896
4638,0.39513150968947325
4639,1.6805117760563
4640,0.9918037548857589
4641,0.3542595676486113
4642,1.635949484588467
4643,1.3321684265636191
4644,0.19335823511150377
4645,0.1968964130662713
4646,2.172283976647627
4647,0.22154854625765727
4648,5.0320608430189155
4649,2.9427703418448248
4650,5.825235473682042
4651,0.22134964161016626
4652,3.532738137575114
4653,0.807731868259178
4654,3.4221618730754133
4655,3.2426211728477954
4656,2.4907196619802057
4657,0.4093270017407936
4658,1.701159161356438
4659,0.5928539228579115
4660,0.8754277591017162
4661,2.1363363919040212
4662,0.7553305994616882
4663,0.10643251059949864
4664,0.80515487961739
4665,0.5037402611072811
4666,1.1608839903117047
4667,1.0225942061153548
4668,2.833044551729118
4669,0.8292839306898485
4670,4.27733301396751
4671,0.2077918955403514
4672,1.4539886238082138
4673,1.0128184936688718
4674,0.8575399191178189
4675,8.195100120573073
4676,5.9385190960264875
4677,1.5551059032341559
4678,1.309291305591597
4679,1.9950316841660063
4680,2.384285750734973
4681,1.7305055437163224
4682,3.8146700809976535
4683,0.03666513822879012
4684,0.020027291912701042
4685,2.24614018128691
4686,1.3007234429460224
4687,1.6508292802663327
4688,2.1061937083521163
4689,0.02516483506192523
4690,5.982691756327037
4691,3.1368359923019082
4692,0.020494473924733216
4693,1.2764582662038362
4694,1.0365278873717854
4695,2.3932171246985927
4696,1.4644314607381528
4697,0.37313020941356284
4698,10.260088036955253
4699,2.6011408409902086
4700,0.7927203699353936
4701,2.0662283616410804
4702,7.138156374271549
4703,0.8996662690684258
4704,0.5695641077181779
4705,2.93768796116949
4706,2.135609994871922
4707,1.8963549560524469
4708,1.35507543355724
4709,5.385334999063215
4710,1.4582702550459214
4711,1.1763866006138575
4712,0.392613367081952
4713,3.107397289456777
4714,1.0575831831568356
4715,2.9421614365144486
4716,1.49138309651209
4717,0.8102946925334173
4718,1.0067486478280434
4719,3.482273174727867
4720,2.234319033214276
4721,1.772914163840206
4722,2.9581008918731615
4723,2.0949418872226606
4724,1.3517885921467832
4725,0.6531120251350352
4726,0.1744355667443117
4727,0.20213131298386822
4728,1.7796000777920873
4729,1.3627056211863275
4730,2.0151469472173145
4731,0.203440204940677
4732,0.8985235092518715
4733,0.8387292199994351
4734,2.369765592978171
4735,0.3146495855526226
4736,4.992286214930576
4737,4.031195163713172
4738,0.07494676249880834
4739,2.1477893511381723
4740,1.2281287741205154
4741,9.31220962399154
4742,0.748927307958942
4743,0.16480660455944843
4744,0.4266016917804695
4745,0.7685503379943733
4746,1.4543516515331243
4747,0.965079866248006
4748,0.22213025968735128
4749,1.943084476297701
4750,0.27834398263802773
4751,0.11495398790750797
4752,12.480765752095278
4753,2.1082186811877976
4754,6.7572128724995775
4755,1.4034717524526958
4756,1.761164802018009
4757,3.7244712342674124
4758,1.811389841649745
4759,0.6399835623393565
4760,5.948252936873868
4761,6.736333937924201
4762,1.50811448246093
4763,3.4089010045306556
4764,0.5936238492792321
4765,2.5012413999619545
4766,13.01536616883628
4767,3.384543287721737
4768,0.0029673755369541755
4769,5.500584094874605
4770,2.439112787368473
4771,5.861483333223004
4772,1.9158571970540308
4773,5.259833738792934
4774,3.5659377494879787
4775,0.3908283823880269
4776,2.743855839489346
4777,2.7039162523230775
4778,0.8580538868929225
4779,9.140785669254349
4780,0.9203880515079841
4781,1.3302588764570542
4782,2.247018730388335
4783,1.820251067236969
4784,1.5876749584066303
4785,2.807750194873929
4786,2.8500173678224465
4787,0.2623373907416539
4788,2.2282675736012667
4789,0.733872602407221
4790,0.6914048737713231
4791,2.3177452980173556
4792,0.34440408748717255
4793,1.4524555232898488
4794,0.6385095692147722
4795,0.2596631934922811
4796,1.9447827016889834
4797,4.923268231247438
4798,3.530091256250827
4799,1.435675463225458
4800,0.3694885127450194
4801,1.6598390425026701
4802,1.2359794701122377
4803,1.2140549795518658
4804,0.20355779680640224
4805,3.9264182291497405
4806,1.0901481389991852
4807,2.3506610305676174
4808,0.021363905325657743
4809,0.6302290880287822
4810,0.08770479843891167
4811,1.021058484086372
4812,3.134090485388976
4813,0.09551664033902715
4814,0.16337155745170276
4815,4.251604833749374
4816,8.240718367563137
4817,0.3150000998245633
4818,7.491671774312186
4819,1.6230040534132864
4820,2.1169486508113047
4821,1.5162693160995404
4822,0.31761059624451243
4823,0.6591079397425336
4824,1.854058574633556
4825,1.9146924646454586
4826,12.021886198737743
4827,0.28258216635411443
4828,4.7218533463860615
4829,0.8978126059842035
4830,0.0005966207177810161
4831,1.063435965455442
4832,0.5996153216148928
4833,0.41575908617774776
4834,1.1410069209329836
4835,0.7832550590182505
4836,3.484126483179895
4837,2.1250861609412617
4838,4.7368688985428085
4839,0.5454104503453869
4840,0.48206983186370883
4841,0.29124914152846715
4842,0.18066552638885927
4843,3.532492718051916
4844,5.834842029376269
4845,1.248326507620514
4846,3.6191048369513403
4847,0.15327997771791976
4848,2.8120937780088595
4849,9.590016483802863
4850,1.640294181801807
4851,0.30480048079699124
4852,2.297963505299994
4853,0.4353747882448455
4854,0.3208704526461885
4855,0.48309334846891683
4856,8.358565243118735
4857,2.496842005615672
4858,2.7409525747586216
4859,2.791267962008561
4860,0.35340371493358574
4861,4.417795796151375
4862,3.6459898704545015
4863,2.6538480629595766
4864,1.3190418000166744
4865,0.41182652311901713
4866,1.7712305189887463
4867,2.8226099986049644
4868,0.3773657838104753
4869,9.139280386589608
4870,1.371518922586977
4871,2.3364174491070355
4872,0.3837502283331677
4873,1.4271841329476052
4874,4.444636450257747
4875,2.4260015864888107
4876,0.5288648247348422
4877,4.2299150924610025
4878,1.6683343246072517
4879,3.141744552709528
4880,2.9476682078190954
4881,1.138427811155739
4882,0.867292886859595
4883,1.4506976929200088
4884,1.1486901144374446
4885,0.8937914395042716
4886,1.1060170753361687
4887,0.1586775247623877
4888,0.7375202966158617
4889,1.4410723691113536
4890,4.769397280830077
4891,8.237363553518941
4892,1.743168144631161
4893,1.8789522398112875
4894,2.5624604020201085
4895,0.7577162473022548
4896,2.9503186610229695
4897,1.206836332304414
4898,0.23075130506806504
4899,5.241190426979363
4900,3.1965246577348974
4901,0.46033123178920415
4902,2.0121358204174995
4903,5.1179662768201615
4904,4.680609326582955
4905,0.21173700921913433
4906,1.3978232200520095
4907,0.5725068867756384
4908,1.4828594467890528
4909,3.7722397055187695
4910,0.0038074445484458266
4911,2.479145650816398
4912,1.885374279154704
4913,1.4750207764358916
4914,1.0089583361126377
4915,0.5832665053152075
4916,1.3483030217353382
4917,0.2453416700204648
4918,0.4864753609058154
4919,1.20846775044538
4920,0.7802333738741507
4921,1.583139152931863
4922,2.529598471864093
4923,0.6201772823979436
4924,0.7832203529126255
4925,5.889313932189454
4926,4.111007055684283
4927,0.6750356647445466
4928,12.405511891276525
4929,14.495797050049944
4930,4.507044116017983
4931,0.05576520843058499
4932,0.5895148791845938
4933,2.282403254200672
4934,3.470832176005683
4935,0.3033084669901947
4936,3.770668341830666
4937,4.58051110537999
4938,0.12462808160325603
4939,1.6909135713699093
4940,1.116151356353001
4941,2.0828009433601453
4942,0.3182522444911024
4943,0.5038978930146059
4944,0.43913577600585213
4945,0.5569252559863807
4946,1.4710074544305267
4947,1.6198274217740907
4948,0.04595098494485816
4949,2.3012612255390765
4950,1.9602501504302954
4951,1.1911917767275895
4952,2.083562689960449
4953,0.5599858087621709
4954,0.40839988927010257
4955,0.24175595427209767
4956,0.24882618305452003
4957,0.6516258253053041
4958,1.447292683558937
4959,1.3606770965433663
4960,0.4335246659986023
4961,1.9362417587752405
4962,3.0817245702666125
4963,1.1608443580771066
4964,1.847865145871805
4965,1.1325068553921598
4966,1.5355360867053385
4967,3.4344466290289395
4968,0.23117592181272967
4969,0.4156142358021819
4970,0.5658640150216953
4971,0.3126380798940353
4972,2.4278095330985936
4973,6.420750140836982
4974,2.8323215919379914
4975,3.8308088255328787
4976,2.3460863778289163
4977,0.4883899792072201
4978,4.647849486024451
4979,5.714309539666421
4980,0.380744508611209
4981,2.63391811252519
4982,1.5605885482786983
4983,6.924744499813108
4984,6.286290949831162
4985,2.9378625940680188
4986,0.6337306227489098
4987,0.8387379017396019
4988,2.745222725511501
4989,0.4430207129026746
4990,4.118171823295881
4991,1.2776842663395662
4992,0.6918811150221378
4993,1.135822072162142
4994,0.15652186670797238
4995,3.0124245755036805
4996,1.5754589670109382
4997,2.273652789002535
4998,1.7591947878323846
4999,2.3705131670818473
5000,0.2698071417234577
