# Melchsee-Frutt Caves, Switzerland d18O and d13C Data Over the Past 202,000 Years
#-----------------------------------------------------------------------
#               World Data Service for Paleoclimatology, Boulder
#                                   and
#                      NOAA Paleoclimatology Program
#-----------------------------------------------------------------------
# Template Version 4.0
# Encoding: UTF-8
# NOTE: Please cite original publication, NOAA Landing Page URL, dataset and publication DOIs (where available), and date accessed when using downloaded data.
# If there is no publication information, please cite investigator, study title, NOAA Landing Page URL, and date accessed.
#
# Description/Documentation lines begin with '#' followed by a space
# Data lines have no '#'
#
# NOAA_Landing_Page: https://www.ncei.noaa.gov/access/paleo-search/study/38201
#   Landing_Page_Description: NOAA Landing Page of this file's parent study, which includes all study metadata.
#
# Study_Level_JSON_Metadata: https://www.ncei.noaa.gov/pub/data/metadata/published/paleo/json/noaa-cave-38201.json
#   Study_Level_JSON_Description: JSON metadata of this data file's parent study, which includes all study metadata.
#
# Data_Type: speleothems
#
# Dataset_DOI: 10.25921/jgzt-2n35
#
# Science_Keywords: Glacial, decadal resolution, abrupt climate change
#---------------------------------------
# Resource_Links
#
# Data_Download_Resource: https://www.ncei.noaa.gov/pub/data/paleo/speleothem/europe/switzerland/fohlmeister2023/fohlmeister2023-mf_d18o_stack.txt
#   Data_Download_Description: NOAA Template File; Composite d18O Data
#
#---------------------------------------
# Contribution_Date
#   Date: 2023-06-09
#---------------------------------------
# File_Last_Modified_Date
#   Date: 2025-06-23
#---------------------------------------
# Title
#   Study_Name: Melchsee-Frutt Caves, Switzerland d18O and d13C Data Over the Past 202,000 Years
#---------------------------------------
# Investigators
#   Investigators: Fohlmeister, J.; Luetscher, M.; Spotl, C.; Schroder-Ritzrau, A.; Schroder, B.; Frank, N.; Eichstadter, R.; Trussel, M.; Skiba, V.; Boers, N.
#---------------------------------------
# Description_Notes_and_Keywords
#   Description: 
#---------------------------------------
# Publication
#   Authors: Fohlmeister, J., Luetscher, M., Spotl, C., Schroder-Ritzrau, A., Schroder, B., Frank, N., Eichstadter, R., Trussel, M., Skiba, V., Boers, N.
#   Published_Date_or_Year: 2023
#   Published_Title: The role of Northern Hemisphere summer insolation for millennial-scale climate variability during the penultimate glacial
#   Journal_Name: Communications Earth & Environment
#   Volume: 4
#   Edition: 
#   Issue: 
#   Pages: 
#   Report_Number: 245
#   DOI: 10.1038/s43247-023-00908-0
#   Online_Resource: 
#   Full_Citation: 
#   Abstract: Previous glacial intervals were punctuated by abrupt climate transitions between cold (stadial) and warm (interstadial) conditions. Many mechanisms leading to stadial-interstadial variability have been hypothesized with ice volume being a commonly involved element. Here, we test to which extent insolation modulated stadial-interstadial oscillations occurred during the penultimate glacial. We present a replicated and precisely dated speleothems record covering the period between 200 and 130 ka before present from caves located in the European Alps known to be sensitive to millennial-scale variability. We show that the widely proposed relationship between sea level change and stadial-interstadial variability was additionally modulated by solar insolation during this time interval. We find that interstadials occurred preferentially near maxima of Northern Hemisphere summer insolation, even when sea level remained close to its minimum during peak glacial periods. We confirm these observations with model simulations that accurately reproduce the frequency and duration of interstadials for given sea-level and insolation forcing. Our results imply that summer insolation played an important role in modulating the occurrence of stadial-interstadial oscillations and highlight the relevance of insolation in triggering abrupt climate changes.
#---------------------------------------
# Funding_Agency
#   Funding_Agency_Name: Deutsche Forschungsgemeinschaft (DFG)
#   Grant: FO809/4-1, INST 35-1143-1 FUGG
#---------------------------------------
# Funding_Agency
#   Funding_Agency_Name: Austrian Science Fund (FWF)
#   Grant: P300040
#---------------------------------------
# Funding_Agency
#   Funding_Agency_Name: European Union-Horizon 2020
#   Grant: 820970
#---------------------------------------
# Site_Information
#   Site_Name: Schratten Cave and Betten Cave
#   Location: Switzerland
#   Northernmost_Latitude: 46.788
#   Southernmost_Latitude: 46.788
#   Easternmost_Longitude: 8.28
#   Westernmost_Longitude: 8.28
#   Elevation_m: 1755
#---------------------------------------
# Data_Collection
#   Collection_Name: MF_d18O_stack
#   First_Year: 202206
#   Last_Year: 132411
#   Time_Unit: calendar year before present
#   Core_Length_m: 
#   Parameter_Keywords: age control, carbon isotopes, oxygen isotopes
#   Notes: 
#---------------------------------------
# Chronology_Information 
# Chronology: 
#---------------------------------------
# Variables
# PaST_Thesaurus_Download_Resource: https://www.ncei.noaa.gov/access/paleo-search/skos/past-thesaurus.rdf
#   PaST_Thesaurus_Download_Description: Paleoenvironmental Standard Terms (PaST) Thesaurus terms, definitions, and relationships in SKOS format.
#
# Data variables follow that are preceded by "##" in columns one and two.
# Variables list, one per line, shortname-tab-var components: what, material, error, units, seasonality, data type, detail, method, C or N for Character or Numeric data)
#
## age	age,,,calendar kiloyear before present,,speleothems,,,N,
## age_upper	age,,unspecified error upper bound,calendar kiloyear before present,,speleothems,,,N,
## age_lower	age,,unspecified error lower bound,calendar kiloyear before present,,speleothems,,,N,
## d18O	delta 18O,calcium carbonate,,per mil VPDB,,speleothems,composited,isotope ratio mass spectrometry,N,
#------------------------
# Data:
# Data lines follow (have no #)
# Data line format - tab-delimited text, variable short name as header
# Missing_Values: NA
age	age_upper	age_lower	d18O
132.411	133.306	131.092	-12.24
132.489	133.337	131.299	-12.09
132.567	133.361	131.494	-12.35
132.645	133.383	131.716	-12.05
132.723	133.418	131.901	-12.24
132.801	133.447	132.111	-11.87
132.878	133.493	132.281	-11.79
132.956	133.54	132.412	-11.73
133.034	133.58	132.495	-11.87
133.112	133.651	132.557	-12.01
133.19	133.755	132.631	-12.06
133.283	133.841	132.702	-12.27
133.391	133.94	132.858	-12.11
133.5	134.036	132.979	-11.95
133.608	134.143	133.081	-11.95
133.717	134.243	133.183	-11.96
133.825	134.353	133.272	-12.17
133.934	134.486	133.352	-11.92
134.042	134.615	133.432	-12.07
134.151	134.755	133.503	-12.22
134.259	134.896	133.571	-11.78
134.367	135.047	133.629	-11.99
134.476	135.193	133.696	-11.69
134.584	135.355	133.744	-11.44
134.693	135.517	133.803	-11.7
134.801	135.686	133.859	-11.96
134.91	135.855	133.926	-12.02
135.018	136.026	133.996	-12.33
135.126	136.19	134.046	-12.49
135.205	136.235	134.171	-12.56
135.285	136.281	134.277	-12.58
135.364	136.337	134.393	-12.67
135.443	136.377	134.502	-12.42
135.522	136.414	134.615	-12.79
135.601	136.458	134.731	-12.62
135.68	136.505	134.842	-12.84
135.759	136.552	134.948	-13.09
135.838	136.604	135.059	-12.79
135.917	136.654	135.17	-12.87
135.996	136.698	135.278	-12.88
136.075	136.759	135.375	-12.76
136.154	136.823	135.476	-13
136.233	136.894	135.57	-12.6
136.312	136.956	135.65	-13.02
136.391	137.029	135.739	-12.74
136.47	137.103	135.818	-12.87
136.549	137.169	135.876	-12.89
136.579	137.235	135.706	-12.76
136.585	137.236	135.674	-12.24
136.591	137.238	135.641	-12.22
136.597	137.239	135.608	-12.17
136.603	137.24	135.576	-12.07
136.609	137.242	135.543	-12.16
136.615	137.243	135.51	-12.19
136.62	137.245	135.478	-12.24
136.626	137.246	135.445	-12.4
136.628	137.246	135.434	-12.43
136.632	137.247	135.435	-12.47
136.638	137.249	135.436	-12.56
136.644	137.25	135.437	-12.57
136.65	137.251	135.439	-12.51
136.655	137.255	135.44	-12.47
136.661	137.265	135.441	-12.49
136.667	137.274	135.442	-12.6
136.673	137.284	135.443	-12.66
136.679	137.293	135.445	-12.64
136.685	137.303	135.446	-12.61
136.69	137.312	135.447	-12.58
136.696	137.322	135.455	-12.61
136.702	137.331	135.492	-12.6
136.707	137.339	135.524	-12.62
136.708	137.341	135.529	-12.62
136.714	137.35	135.566	-12.6
136.72	137.36	135.603	-12.68
136.725	137.369	135.64	-12.65
136.731	137.379	135.677	-12.63
136.737	137.392	135.714	-12.57
136.743	137.414	135.751	-12.58
136.749	137.475	135.788	-12.59
136.755	137.536	135.825	-12.57
136.761	137.598	135.862	-12.59
136.766	137.659	135.899	-12.55
136.772	137.72	135.936	-12.53
136.778	137.781	135.973	-12.47
136.784	137.843	136.01	-12.42
136.786	137.867	136.025	-12.4
136.79	137.904	136.047	-12.36
136.796	137.965	136.084	-12.38
136.801	138.026	136.121	-12.45
136.807	138.087	136.14	-12.46
136.813	138.139	136.143	-12.51
136.819	138.144	136.145	-12.45
136.825	138.149	136.148	-12.47
136.831	138.153	136.151	-12.52
136.836	138.158	136.154	-12.43
136.86	138.177	136.209	-12.49
136.865	138.182	136.224	-12.5
136.9	138.213	136.316	-12.49
136.94	138.248	136.424	-12.44
136.944	138.252	136.431	-12.44
136.98	138.314	136.493	-12.45
137.021	138.384	136.536	-12.38
137.023	138.388	136.538	-12.38
137.061	138.428	136.579	-12.43
137.101	138.429	136.622	-12.48
137.102	138.429	136.623	-12.48
137.142	138.429	136.665	-12.53
137.181	138.43	136.707	-12.59
137.182	138.43	136.707	-12.59
137.221	138.431	136.749	-12.53
137.222	138.431	136.75	-12.53
137.26	138.431	136.791	-12.37
137.263	138.432	136.793	-12.36
137.3	138.432	136.832	-12.13
137.303	138.432	136.835	-12.08
137.339	138.433	136.872	-11.61
137.343	138.433	136.876	-11.65
137.379	138.434	136.912	-12.08
137.384	138.434	136.917	-12.07
137.418	138.434	136.952	-12.03
137.424	138.434	136.958	-12.03
137.458	138.457	136.992	-12.2
137.464	138.461	136.999	-12.23
137.497	138.496	137.018	-12.31
137.505	138.504	137.022	-12.32
137.537	138.538	137.041	-12.31
137.545	138.547	137.046	-12.28
137.576	138.58	137.064	-12.1
137.585	138.589	137.07	-12.11
137.616	138.622	137.088	-12.24
137.626	138.632	137.093	-12.26
137.655	138.673	137.111	-12.28
137.666	138.674	137.117	-12.26
137.695	138.675	137.134	-12.26
137.706	138.675	137.14	-12.29
137.734	138.676	137.157	-12.4
137.746	138.676	137.164	-12.45
137.774	138.677	137.18	-12.56
137.787	138.677	137.188	-12.57
137.813	138.678	137.203	-12.6
137.827	138.679	137.211	-12.67
137.853	138.68	137.223	-12.74
137.867	138.685	137.23	-12.74
137.892	138.695	137.236	-12.69
137.908	138.7	137.24	-12.7
137.932	138.71	137.246	-12.66
137.948	138.716	137.25	-12.6
137.971	138.725	137.291	-12.52
137.977	138.727	137.301	-12.46
138.007	138.738	137.352	-12.32
138.011	138.74	137.36	-12.31
138.036	138.749	137.404	-12.48
138.05	138.755	137.428	-12.59
138.066	138.76	137.455	-12.73
138.09	138.77	137.497	-12.82
138.095	138.772	137.506	-12.81
138.125	138.783	137.558	-12.72
138.129	138.785	137.564	-12.71
138.154	138.794	137.598	-12.75
138.169	138.8	137.614	-12.76
138.183	138.805	137.629	-12.72
138.208	138.815	137.655	-12.72
138.213	138.816	137.659	-12.69
138.242	138.828	137.688	-12.51
138.248	138.83	137.692	-12.5
138.272	138.841	137.708	-12.61
138.287	138.849	137.719	-12.57
138.301	138.855	137.728	-12.58
138.327	138.867	137.746	-12.69
138.33	138.868	137.748	-12.71
138.36	138.882	137.769	-13.08
138.366	138.885	137.773	-13.15
138.389	138.902	137.789	-13.41
138.406	138.915	137.8	-13.63
138.407	138.915	137.801	-13.6
138.408	138.915	137.802	-13.62
138.409	138.915	137.803	-13.45
138.411	138.915	137.803	-13.47
138.412	138.915	137.804	-13.41
138.413	138.915	137.805	-13.25
138.414	138.915	137.806	-13.23
138.415	138.915	137.806	-13.35
138.416	138.915	137.807	-13.47
138.418	138.915	137.808	-13.6
138.419	138.915	137.809	-13.62
138.419	138.915	137.809	-13.61
138.42	138.915	137.81	-13.48
138.421	138.915	137.81	-13.44
138.422	138.915	137.811	-13.38
138.423	138.915	137.812	-13.18
138.424	138.915	137.813	-13.28
138.426	138.927	137.814	-14.04
138.427	138.978	137.814	-14.25
138.428	139.028	137.815	-14.19
138.429	139.079	137.816	-14.1
138.43	139.129	137.817	-14.08
138.431	139.18	137.817	-14.05
138.448	139.199	137.829	-14.13
138.477	139.234	137.849	-14.21
138.507	139.269	137.869	-14.25
138.536	139.304	137.889	-14.23
138.566	139.338	137.909	-14.27
138.595	139.373	137.929	-14.29
138.624	139.408	137.95	-14.37
138.654	139.443	137.97	-14.3
138.683	139.477	137.99	-14.22
138.713	139.512	138.02	-14.44
138.742	139.547	138.06	-14.45
138.742	139.547	138.061	-14.45
138.771	139.582	138.099	-14.39
138.801	139.617	138.138	-14.46
138.83	139.651	138.177	-14.37
138.86	139.686	138.216	-14.38
138.889	139.721	138.254	-14.45
138.919	139.756	138.293	-14.43
138.948	139.79	138.332	-14.45
138.977	139.825	138.37	-14.41
139.007	139.86	138.409	-14.39
139.036	139.895	138.448	-14.44
139.052	139.913	138.469	-14.46
139.066	139.932	138.482	-14.47
139.095	139.972	138.512	-14.58
139.124	140.012	138.541	-14.57
139.154	140.052	138.571	-14.57
139.183	140.092	138.6	-14.52
139.213	140.132	138.63	-14.55
139.271	140.212	138.688	-14.62
139.316	140.273	138.733	-14.5
139.362	140.336	138.779	-14.52
139.404	140.4	138.821	-14.5
139.448	140.467	138.865	-14.46
139.492	140.534	138.909	-14.45
139.58	140.669	138.997	-14.32
139.624	140.718	139.041	-14.32
139.668	140.746	139.086	-14.36
139.673	140.749	139.09	-14.36
139.712	140.774	139.114	-14.37
139.757	140.802	139.141	-14.43
139.801	140.831	139.168	-14.34
139.845	140.859	139.195	-14.3
139.889	140.887	139.222	-14.24
139.977	140.944	139.276	-14.27
139.983	140.947	139.28	-14.26
140.021	140.972	139.296	-14.17
140.065	141	139.316	-14.31
140.109	141.029	139.335	-14.17
140.154	141.057	139.354	-14.41
140.198	141.085	139.373	-14.34
140.242	141.113	139.392	-14.4
140.286	141.142	139.412	-14.17
140.293	141.151	139.415	-14.2
140.33	141.191	139.431	-14.34
140.418	141.289	139.474	-14.24
140.462	141.337	139.515	-14.29
140.506	141.386	139.556	-14.22
140.551	141.435	139.598	-14.27
140.595	141.484	139.639	-14.3
140.604	141.494	139.645	-14.3
140.683	141.581	139.696	-14.34
140.727	141.63	139.709	-14.29
140.771	141.695	139.723	-14.22
140.859	141.835	139.749	-14.01
140.903	141.906	139.763	-13.79
140.914	141.922	139.766	-13.8
140.948	141.976	139.776	-13.85
140.992	142.046	139.79	-13.94
141.036	142.117	139.803	-13.96
141.08	142.187	139.816	-14
141.124	142.257	139.83	-14
141.146	142.26	139.866	-14.02
141.167	142.262	139.903	-13.97
141.189	142.264	139.939	-13.99
141.211	142.267	139.976	-13.97
141.224	141.997	140.355	-14.02
141.233	141.824	140.598	-14.08
141.254	141.836	140.63	-13.91
141.276	141.846	140.661	-13.95
141.298	141.854	140.699	-13.86
141.32	141.866	140.734	-13.9
141.341	141.873	140.768	-13.99
141.363	141.888	140.795	-13.87
141.385	141.913	140.831	-14.05
141.407	141.926	140.871	-13.82
141.428	141.939	140.9	-13.93
141.45	141.957	140.927	-13.94
141.472	141.976	140.958	-13.72
141.494	141.996	140.987	-13.76
141.515	142.011	141.017	-13.76
141.537	142.027	141.044	-13.87
141.559	142.052	141.061	-13.9
141.581	142.068	141.081	-13.88
141.602	142.09	141.113	-14
141.624	142.112	141.139	-14.03
141.646	142.123	141.157	-13.82
141.667	142.143	141.179	-13.97
141.689	142.163	141.201	-13.92
141.711	142.181	141.229	-13.94
141.733	142.201	141.249	-13.93
141.754	142.218	141.27	-14.01
141.776	142.24	141.288	-13.81
141.798	142.263	141.307	-13.76
141.82	142.285	141.331	-13.78
141.841	142.307	141.35	-13.79
141.863	142.331	141.367	-13.8
141.885	142.356	141.393	-13.87
141.907	142.373	141.413	-13.85
141.928	142.395	141.437	-13.9
141.95	142.417	141.446	-13.83
141.972	142.448	141.457	-13.86
141.994	142.475	141.474	-13.74
142.015	142.505	141.496	-13.79
142.037	142.536	141.51	-13.91
142.059	142.567	141.519	-13.79
142.081	142.595	141.531	-13.98
142.102	142.63	141.547	-14.14
142.124	142.661	141.564	-13.9
142.146	142.695	141.569	-13.98
142.167	142.729	141.574	-13.91
142.189	142.767	141.59	-13.91
142.211	142.796	141.605	-14
142.233	142.823	141.617	-14.22
142.254	142.854	141.623	-14.08
142.276	142.884	141.635	-14.05
142.298	142.911	141.644	-13.93
142.32	142.938	141.655	-14.01
142.341	142.97	141.665	-13.85
142.363	143.001	141.675	-13.82
142.385	143.035	141.684	-13.79
142.407	143.067	141.695	-13.86
142.428	143.098	141.704	-13.87
142.562	143.177	141.92	-13.94
142.697	143.263	142.077	-13.85
142.831	143.425	142.164	-13.78
142.965	143.645	142.238	-13.72
143.099	143.896	142.301	-13.77
143.141	143.929	142.351	-13.83
143.184	143.958	142.401	-13.82
143.226	143.991	142.453	-13.83
143.269	144.024	142.506	-13.85
143.312	144.058	142.557	-13.91
143.354	144.095	142.605	-13.6
143.397	144.133	142.655	-13.69
143.439	144.168	142.703	-13.63
143.482	144.202	142.756	-13.49
143.524	144.236	142.809	-13.64
143.567	144.271	142.862	-13.71
143.609	144.307	142.911	-13.76
143.652	144.344	142.959	-13.48
143.694	144.386	143.006	-13.45
143.737	144.422	143.054	-13.54
143.78	144.454	143.107	-13.37
143.822	144.488	143.157	-13.37
143.865	144.521	143.209	-13.33
143.907	144.558	143.259	-13.52
143.95	144.597	143.307	-13.67
143.992	144.634	143.354	-13.68
144.035	144.67	143.399	-13.59
144.077	144.704	143.448	-13.57
144.1199	144.7525	143.5167	-13.55
144.1625	144.7907	143.5647	-13.81
144.205	144.8228	143.609	-13.73
144.2475	144.8566	143.6572	-13.67
144.29	144.8945	143.7028	-13.86
144.3326	144.9262	143.7537	-13.67
144.3751	144.9638	143.8019	-13.65
144.4176	145.0023	143.8494	-13.74
144.4602	145.038	143.8963	-13.63
144.5027	145.0737	143.9416	-13.56
144.5452	145.1123	143.989	-13.63
144.5877	145.1472	144.036	-13.5
144.6303	145.1878	144.0806	-13.51
144.6728	145.223	144.1293	-13.52
144.7153	145.264	144.1766	-13.59
144.7578	145.3028	144.2217	-13.47
144.8004	145.3385	144.266	-13.66
144.8429	145.3772	144.3129	-13.66
144.8854	145.4145	144.363	-13.99
144.9279	145.4551	144.4057	-13.81
144.9705	145.4998	144.4495	-13.76
145.013	145.5394	144.4947	-13.75
145.0555	145.5807	144.5383	-13.74
145.098	145.6184	144.581	-13.63
145.1406	145.6557	144.6259	-13.64
145.1831	145.6922	144.6724	-13.55
145.2256	145.7312	144.7176	-13.54
145.2681	145.7698	144.761	-13.47
145.3107	145.8195	144.8083	-13.41
145.3532	145.8572	144.8505	-13.4
145.3957	145.9026	144.896	-13.4
145.4382	145.9535	144.9403	-13.65
145.4808	145.9967	144.9829	-13.77
145.5233	146.0359	145.0228	-13.67
145.5658	146.0805	145.0648	-13.68
145.6084	146.1206	145.1055	-13.67
145.6509	146.1612	145.1419	-13.72
145.6934	146.2005	145.1812	-13.77
145.7359	146.2423	145.2272	-13.61
145.7785	146.2847	145.2721	-13.58
145.821	146.3265	145.3167	-13.78
145.8635	146.3698	145.3587	-13.81
145.906	146.4147	145.4006	-13.72
145.9486	146.4594	145.4382	-13.77
145.9911	146.5001	145.473	-13.51
146.0336	146.5452	145.5151	-13.23
146.0761	146.5922	145.5529	-12.93
146.1187	146.64	145.5892	-12.72
146.1612	146.6881	145.6285	-12.65
146.2037	146.7292	145.6671	-12.68
146.2462	146.7756	145.7084	-13.16
146.2888	146.8222	145.7464	-13.35
146.3313	146.8712	145.7824	-13.5
146.3738	146.9094	145.8176	-13.7
146.4163	146.9653	145.8552	-13.81
146.4589	147.0132	145.8932	-13.62
146.5014	147.0634	145.928	-13.64
146.5439	147.1154	145.9673	-13.47
146.5864	147.1634	146.0054	-12.77
146.629	147.2143	146.0458	-13.03
146.6715	147.2683	146.0823	-13.43
146.714	147.3216	146.1132	-13.57
146.7566	147.3627	146.1459	-13.12
146.7991	147.4105	146.1878	-13.1
146.8416	147.4577	146.2287	-13.94
146.8841	147.5066	146.2609	-14.32
146.9267	147.5549	146.2956	-14.55
146.9692	147.5968	146.3269	-14.68
147.0117	147.6468	146.3631	-14.54
147.0542	147.6988	146.3985	-14.63
147.0968	147.7497	146.4327	-14.56
147.1395	147.8014	146.4655	-14.56
147.1614	147.8127	146.4924	-14.76
147.1834	147.8238	146.5188	-14.74
147.2055	147.8364	146.5452	-14.72
147.2276	147.8475	146.5737	-14.53
147.2496	147.8634	146.6019	-14.55
147.2717	147.8804	146.6269	-14.58
147.2938	147.8951	146.6555	-14.67
147.3158	147.916	146.6867	-14.73
147.3379	147.9329	146.7169	-14.92
147.36	147.9511	146.7486	-14.76
147.382	147.9717	146.7797	-14.53
147.4041	147.9876	146.8085	-14.6
147.4262	148.0035	146.8342	-14.8
147.4482	148.0236	146.8604	-14.62
147.4703	148.0463	146.8898	-14.46
147.4924	148.0646	146.9184	-14.51
147.5144	148.0788	146.9431	-14.56
147.5365	148.0985	146.9687	-14.64
147.5586	148.1172	146.9935	-14.58
147.5806	148.1321	147.0158	-14.71
147.6027	148.1536	147.0394	-14.68
147.6248	148.1713	147.0669	-14.64
147.6468	148.1861	147.0924	-14.6
147.6689	148.2112	147.1194	-14.58
147.691	148.2303	147.1468	-14.68
147.713	148.2584	147.1712	-14.56
147.7351	148.2831	147.1981	-14.63
147.7572	148.3148	147.2231	-14.67
147.7792	148.3426	147.2503	-14.72
147.8013	148.3604	147.2711	-14.59
147.8234	148.382	147.2926	-14.63
147.8454	148.4067	147.3116	-14.44
147.8675	148.4305	147.3384	-14.57
147.8896	148.4616	147.3606	-14.16
147.9116	148.4892	147.3795	-13.98
147.9337	148.5174	147.4001	-14.12
147.9558	148.5459	147.4214	-14.35
147.9778	148.5805	147.4393	-14.36
147.9999	148.5986	147.4563	-14.4
148.022	148.6205	147.4745	-14.48
148.044	148.6472	147.4949	-14.2
148.0661	148.6776	147.5053	-13.88
148.0882	148.7095	147.5238	-13.84
148.1102	148.7385	147.5451	-13.91
148.1323	148.7712	147.5636	-13.63
148.1544	148.8055	147.5817	-13.6
148.1764	148.8377	147.603	-13.56
148.1985	148.8685	147.6186	-13.67
148.2206	148.898	147.6346	-13.6
148.2426	148.9346	147.6507	-13.5
148.2647	148.9641	147.6662	-13.35
148.2868	148.9896	147.6814	-13.28
148.3088	149.0232	147.6987	-12.91
148.3309	149.0512	147.715	-12.85
148.353	149.0833	147.727	-12.66
148.375	149.1234	147.7438	-12.62
148.3971	149.1537	147.7632	-12.33
148.4192	149.1817	147.7799	-13.07
148.4412	149.2179	147.7954	-13.83
148.4633	149.2502	147.8078	-14.15
148.4854	149.2841	147.8206	-14.49
148.5074	149.3129	147.8355	-14.45
148.5295	149.3559	147.852	-14.48
148.5516	149.3915	147.8685	-14.57
148.5736	149.4267	147.8837	-14.26
148.5957	149.453	147.898	-14.06
148.6178	149.4791	147.9129	-14.13
148.6398	149.5115	147.93	-13.82
148.6619	149.5513	147.946	-13.72
148.684	149.588	147.9631	-13.86
148.706	149.6181	147.979	-13.98
148.7281	149.6529	147.9906	-13.92
148.7502	149.6919	148.0086	-13.65
148.7722	149.7249	148.0245	-13.97
148.7943	149.7563	148.0343	-13.96
148.8164	149.7879	148.046	-13.84
148.8384	149.8211	148.0577	-13.95
148.8605	149.8529	148.0657	-13.98
148.8826	149.9031	148.0886	-13.81
148.9046	149.9415	148.1048	-13.43
148.9267	149.9702	148.1184	-13.5
148.9488	149.996	148.1292	-13.35
148.9708	150.0358	148.1377	-13.63
148.9929	150.0757	148.1551	-13.47
149.015	150.1147	148.1661	-13.37
149.037	150.146	148.1808	-13.46
149.0591	150.1772	148.1942	-13.39
149.0812	150.2068	148.2082	-13
149.1032	150.2354	148.2183	-12.89
149.125	150.264	148.2307	-12.91
149.1947	150.2925	148.3634	-12.53
149.264	150.3166	148.4518	-12.86
149.3333	150.3277	148.5258	-12.75
149.4027	150.3793	148.5772	-12.98
149.4722	150.4142	148.6157	-13.49
149.5094	150.4423	148.6581	-14.02
149.5468	150.4742	148.7028	-14.12
149.5842	150.5004	148.7474	-13.75
149.6216	150.5299	148.7928	-13.72
149.659	150.5584	148.8402	-13.85
149.6963	150.5828	148.8904	-13.73
149.7337	150.6105	148.9439	-13.86
149.7711	150.639	148.9894	-13.91
149.8085	150.6671	149.0343	-13.78
149.8459	150.6937	149.078	-13.44
149.8833	150.7169	149.1196	-13.54
149.9206	150.7481	149.1656	-13.74
149.958	150.7782	149.2087	-13.96
149.9954	150.8031	149.2549	-13.91
150.0328	150.8285	149.3012	-13.52
150.0702	150.853	149.3469	-13.42
150.1076	150.8843	149.3897	-13.37
150.1449	150.9165	149.4325	-12.85
150.1823	150.9444	149.4754	-12.6
150.2197	150.9706	149.5181	-12.71
150.2571	150.9968	149.5597	-12.34
150.2945	151.0297	149.6039	-12.29
150.3319	151.065	149.6467	-12.71
150.3693	151.0991	149.6904	-13.05
150.4066	151.1338	149.7377	-12.85
150.444	151.1651	149.7827	-13.43
150.4814	151.1922	149.8268	-13.73
150.5188	151.2254	149.8723	-14.04
150.5562	151.2488	149.9142	-14.3
150.5936	151.2802	149.9597	-14.27
150.6309	151.309	150.003	-14.27
150.6683	151.3468	150.0473	-14.29
150.7057	151.3842	150.0926	-13.73
150.7431	151.42	150.1336	-13.63
150.7805	151.4563	150.1759	-13.28
150.8179	151.4938	150.213	-13.29
150.8553	151.528	150.2526	-13.32
150.8926	151.5602	150.2933	-13.64
150.93	151.5971	150.3369	-13.77
150.9674	151.6266	150.3766	-13.55
151.0048	151.655	150.4162	-13.52
151.0422	151.6863	150.4557	-13.53
151.0796	151.7188	150.4976	-13.44
151.1169	151.7538	150.5375	-14.2
151.1543	151.7943	150.5766	-14.59
151.1917	151.8249	150.6102	-14.53
151.2291	151.8548	150.6513	-14.69
151.2665	151.8927	150.6887	-14.8
151.3039	151.9246	150.7286	-14.68
151.3413	151.9667	150.7725	-14.73
151.3786	152.0046	150.8062	-14.6
151.416	152.041	150.8517	-14.64
151.4534	152.0735	150.8878	-14.57
151.4908	152.1081	150.9269	-14.74
151.5282	152.1434	150.9682	-14.71
151.5656	152.1875	151	-14.68
151.6029	152.2208	151.0417	-14.36
151.6403	152.2545	151.0783	-14.24
151.6777	152.2889	151.1175	-14.19
151.7151	152.3259	151.1516	-14.15
151.7525	152.364	151.186	-14.31
151.7899	152.403	151.2219	-14.46
151.8272	152.442	151.2552	-14.34
151.8646	152.4766	151.2928	-14.31
151.902	152.5139	151.3261	-14.3
151.9394	152.5558	151.3594	-14.19
151.9768	152.5972	151.3927	-14.31
152.0142	152.6353	151.4255	-14.62
152.0516	152.6809	151.4527	-14.54
152.0889	152.7246	151.4854	-14.52
152.1263	152.7633	151.5161	-14.48
152.1637	152.807	151.5451	-14.58
152.2011	152.8494	151.5753	-14.51
152.2385	152.9001	151.6053	-14.53
152.2759	152.9462	151.6352	-14.6
152.3132	152.992	151.6652	-14.35
152.3506	153.0311	151.6986	-14.51
152.388	153.0768	151.7338	-14.35
152.4254	153.1194	151.773	-14.41
152.4628	153.1648	151.8063	-14.57
152.5002	153.2074	151.8394	-14.46
152.5376	153.2509	151.8699	-14.29
152.5749	153.2945	151.8968	-14.39
152.6123	153.3369	151.9378	-14.32
152.6497	153.3767	151.9688	-14.27
152.6871	153.4251	151.9994	-14.4
152.7245	153.4686	152.0265	-14.3
152.7619	153.5046	152.0523	-14.33
152.7992	153.5538	152.0809	-14.28
152.8366	153.5966	152.1141	-14.47
152.874	153.6389	152.1433	-14.38
152.9114	153.6788	152.1674	-14.37
152.9488	153.7251	152.1921	-14.47
152.9862	153.7734	152.227	-14.43
153.0236	153.8179	152.2531	-14.43
153.0611	153.8646	152.284	-14.37
153.0801	153.878	152.3144	-13.97
153.0994	153.8946	152.34	-14.39
153.1186	153.9095	152.3698	-14.17
153.1378	153.926	152.4019	-14.14
153.157	153.9428	152.4333	-14.07
153.1762	153.9596	152.4587	-13.93
153.1954	153.9724	152.4919	-13.89
153.2146	153.9913	152.5191	-14.04
153.2338	154.0101	152.5452	-14.08
153.253	154.0269	152.5744	-14.11
153.2722	154.0447	152.6013	-13.99
153.2914	154.0654	152.628	-13.89
153.3106	154.0867	152.6536	-14.06
153.3298	154.106	152.682	-13.91
153.349	154.122	152.7124	-13.88
153.3683	154.1404	152.7409	-13.79
153.3875	154.1524	152.7679	-13.69
153.4067	154.1661	152.7956	-13.79
153.4259	154.1868	152.821	-14.17
153.4451	154.2019	152.8467	-14.23
153.4643	154.2229	152.8734	-14.24
153.4835	154.2458	152.9086	-14.25
153.5027	154.2689	152.9348	-14.32
153.5219	154.2864	152.9599	-14.32
153.5411	154.303	152.9856	-14.25
153.5603	154.3196	153.0137	-14.34
153.5795	154.3391	153.0425	-14.28
153.5987	154.3586	153.0691	-14.31
153.6179	154.3791	153.0957	-14.21
153.6372	154.3995	153.1239	-14.08
153.6564	154.4185	153.1498	-14.13
153.6756	154.4359	153.1756	-14.06
153.6948	154.4522	153.2016	-14.2
153.714	154.4721	153.2275	-14.26
153.7332	154.4928	153.2534	-14.12
153.7524	154.5135	153.2789	-14.22
153.7716	154.5358	153.3045	-14.27
153.7908	154.5601	153.3311	-14.22
153.81	154.5833	153.357	-14.29
153.8292	154.6067	153.3829	-14.12
153.8484	154.63	153.4088	-14.06
153.8676	154.651	153.4352	-14.18
153.8868	154.6766	153.4634	-14.25
153.9061	154.698	153.4885	-14.11
153.9253	154.7215	153.5141	-14.06
153.9445	154.745	153.5404	-14.03
153.9637	154.7689	153.5675	-14.07
153.9829	154.7919	153.5942	-14.27
154.0021	154.8153	153.6208	-14.23
154.0213	154.8389	153.6476	-14.06
154.0405	154.8592	153.6745	-14.09
154.0597	154.8785	153.7035	-13.96
154.0789	154.9069	153.7304	-13.91
154.0981	154.9354	153.7548	-13.87
154.1173	154.9563	153.7823	-13.84
154.1365	154.9789	153.8078	-14.1
154.1557	155.3911	153.9527	-14.09
154.175	155.5465	154.0073	-14.1
154.1942	155.5697	154.0235	-13.97
154.2134	155.5929	154.0397	-13.98
154.2326	155.6161	154.056	-14.04
154.2518	155.6279	154.0642	-14.28
154.271	155.6393	154.0722	-13.94
154.2902	155.6625	154.0884	-14.12
154.3094	155.676	154.1046	-13.98
154.3286	155.6768	154.1208	-14.17
154.3478	155.677	154.1255	-14.18
154.367	155.6776	154.1371	-14.27
154.3862	155.6785	154.1533	-14.11
154.4054	155.6793	154.1695	-14.31
154.4246	155.6801	154.1857	-14.18
154.4439	155.6802	154.1869	-14.25
154.4631	155.681	154.2019	-14.07
154.4823	155.6818	154.2181	-14.25
154.5015	155.6826	154.2344	-14.07
154.5207	155.6833	154.2482	-14.15
154.5399	155.6835	154.2506	-14.07
154.5591	155.6843	154.2668	-14
154.5783	155.6851	154.283	-14
154.5975	155.686	154.2992	-14.2
154.6167	155.6865	154.3095	-14.2
154.6359	155.6877	154.3155	-14.27
154.6551	155.691	154.3317	-14.06
154.6743	155.6944	154.3479	-14.16
154.6935	155.6977	154.3641	-13.88
154.7128	155.6991	154.3709	-14.12
154.732	155.7035	154.3803	-14.2
154.7512	155.7109	154.3966	-14.26
154.7704	155.7184	154.4128	-14.18
154.7896	155.7258	154.429	-14.22
154.8088	155.7273	154.4322	-14.15
154.828	155.7333	154.4452	-14.32
154.8472	155.7407	154.4614	-14.1
154.8664	155.7481	154.4777	-14.18
154.8856	155.7554	154.4935	-14.14
154.9048	155.7556	154.4939	-14.24
154.924	155.763	154.5101	-14.22
154.9432	155.7705	154.5263	-14.15
154.9625	155.7779	154.5425	-13.97
154.9817	155.7836	154.5549	-14.14
155.0009	155.7854	154.5588	-14.16
155.0201	155.7928	154.575	-14.23
155.0393	155.8003	154.5912	-14
155.0585	155.8077	154.6074	-14.12
155.0599	155.8118	154.6162	-14.1
155.0777	155.8171	154.6236	-13.91
155.0969	155.8286	154.6399	-13.99
155.108	155.8401	154.6561	-13.94
155.1161	155.8516	154.6723	-13.91
155.1353	155.8553	154.6775	-14.01
155.1545	155.8707	154.6885	-13.96
155.1561	155.8934	154.7047	-13.96
155.1737	155.9161	154.721	-14
155.1929	155.9387	154.7372	-14
155.2043	155.9411	154.7389	-14.01
155.2121	155.9667	154.7534	-14.02
155.2314	155.9953	154.7696	-13.95
155.2506	156.0239	154.7858	-13.96
155.2524	156.0492	154.8002	-13.96
155.2698	156.0534	154.8021	-13.9
155.289	156.0893	154.8183	-13.99
155.3005	156.1253	154.8345	-13.99
155.3082	156.1613	154.8507	-13.97
155.3274	156.1852	154.8615	-13.97
155.3466	156.1979	154.8669	-13.86
155.3487	156.2359	154.8832	-13.85
155.3658	156.274	154.8994	-13.93
155.385	156.312	154.9156	-13.99
155.3968	156.329	154.9229	-14.05
155.4042	156.35	154.9318	-14.05
155.4236	156.388	154.948	-14.02
155.4297	156.426	154.9643	-14
155.436	156.4641	154.9805	-13.93
155.4449	156.4728	154.9842	-13.93
155.4485	156.5021	154.9967	-13.95
155.4547	156.5401	155.0129	-13.98
155.461	156.5781	155.0291	-14.02
155.4673	156.6161	155.0454	-14.1
155.4735	156.6165	155.0455	-14.08
155.4798	156.6559	155.0616	-14.24
155.4861	156.6957	155.0778	-14.14
155.4923	156.7051	155.1584	-14.14
155.493	156.7145	155.239	-14.14
155.4986	156.7332	155.3736	-14.1
155.5049	156.7426	155.4024	-14.1
155.5111	156.7519	155.42	-14.05
155.5175	156.7613	155.42	-14.06
155.5226	156.7671	155.42	-14.02
155.5278	156.7688	155.42	-14.17
155.5329	156.7734	155.42	-14.06
155.5381	156.778	155.42	-14.1
155.5412	156.7826	155.42	-14.07
155.5433	156.7872	155.42	-14.05
155.5485	156.7918	155.42	-14.07
155.5537	156.7964	155.42	-14.06
155.5589	156.8009	155.42	-14.17
155.564	156.8069	155.42	-14.19
155.5744	156.8129	155.42	-14.24
155.5796	156.8189	155.4201	-14.33
155.5848	156.8249	155.4201	-14.34
155.5893	156.8308	155.4201	-14.34
155.5899	156.8368	155.4201	-14.34
155.5951	156.8428	155.4201	-14.3
155.6003	156.8488	155.4201	-14.31
155.6055	156.8548	155.4201	-14.27
155.6107	156.8667	155.4201	-14.21
155.6159	156.8716	155.4201	-14.24
155.621	156.872	155.4201	-14.25
155.6262	156.8744	155.4201	-14.28
155.6314	156.8769	155.4201	-14.28
155.6364	156.8793	155.4201	-14.2
155.6373	156.8817	155.4201	-14.19
155.6714	156.8841	155.4201	-14.32
155.684	156.8865	155.4201	-14.33
155.7063	156.8889	155.4201	-14.24
155.7306	156.8913	155.4201	-14.2
155.7412	156.8937	155.4201	-14.21
155.776	156.8962	155.4201	-14.17
155.7772	156.8986	155.4201	-14.17
155.8109	156.9123	155.4494	-14.28
155.8238	156.9261	155.4774	-14.29
155.8457	156.9261	155.4774	-14.22
155.8704	156.9444	155.5053	-14.15
155.8806	156.9627	155.5333	-14.16
155.9154	156.981	155.5612	-14.18
155.917	156.9988	155.5883	-14.18
155.9503	156.9995	155.5892	-14.26
155.9865	157.0219	155.6171	-14.28
155.996	157.0443	155.6451	-14.28
156.0226	157.0668	155.673	-14.25
156.0588	157.0877	155.6991	-14.22
156.095	157.0894	155.701	-14.16
156.1081	157.1145	155.7289	-14.13
156.1311	157.1397	155.7569	-14.1
156.1673	157.1648	155.7848	-14.26
156.2035	157.1874	155.8099	-14.23
156.2202	157.1899	155.8128	-14.23
156.2396	157.2151	155.8407	-14.22
156.2758	157.2402	155.8687	-14.28
156.312	157.2654	155.8966	-14.22
156.3323	157.2871	155.9207	-14.18
156.3481	157.2906	155.9246	-14.16
156.3843	157.3162	155.9525	-14.19
156.4205	157.3419	155.9805	-14.19
156.4444	157.3675	156.0084	-14.19
156.4566	157.3888	156.0315	-14.19
156.4928	157.3933	156.0364	-14.26
156.529	157.4198	156.0643	-14.24
156.5565	157.4463	156.0923	-14.25
156.5651	157.4728	156.1202	-14.24
156.6013	157.4938	156.1424	-14.31
156.6375	157.4993	156.1482	-14.31
156.6686	157.5258	156.1761	-14.3
156.6736	157.5523	156.2041	-14.29
156.7098	157.5788	156.232	-14.27
156.746	157.5988	156.2532	-14.16
156.7807	157.6052	156.26	-14.14
156.7821	157.6317	156.2879	-14.14
156.8183	157.6582	156.3159	-14.12
156.8545	157.6847	156.3438	-14.2
156.8906	157.7039	156.364	-14.2
156.8928	157.7112	156.3718	-14.21
156.9268	157.7377	156.399	-14.25
156.963	157.7642	156.424	-14.21
156.9991	157.7907	156.449	-14.26
157.0049	157.8089	156.4661	-14.26
157.0353	157.8172	156.474	-14.26
157.0715	157.8437	156.4989	-14.19
157.1076	157.8701	156.5239	-14.24
157.117	157.8966	156.5489	-14.24
157.1438	157.9139	156.5652	-14.23
157.18	157.9253	156.5738	-14.32
157.2161	157.958	156.5988	-14.23
157.2291	157.9908	156.6238	-14.25
157.2523	158.0235	156.6488	-14.28
157.2885	158.0438	156.6642	-14.23
157.3246	158.057	156.6737	-14.22
157.3412	158.0917	156.6987	-14.21
157.3608	158.1264	156.7237	-14.17
157.397	158.1611	156.7486	-14.1
157.4331	158.1814	156.7632	-14.01
157.4533	158.1973	156.7736	-13.97
157.4693	158.2354	156.7986	-13.97
157.5055	158.2735	156.8236	-14.06
157.5416	158.3116	156.8485	-13.99
157.5654	158.3325	156.8622	-13.98
157.5778	158.3499	156.8735	-13.98
157.614	158.3884	156.8966	-14.11
157.6501	158.4269	156.9098	-14.1
157.6775	158.4655	156.923	-14.1
157.6863	158.4852	156.9298	-14.09
157.7225	158.504	156.9362	-14
157.7586	158.5425	156.9495	-13.94
157.7896	158.581	156.9627	-13.85
157.7948	158.6196	156.9759	-13.84
157.831	158.638	156.9822	-13.93
157.8671	158.6581	156.9891	-14
157.9017	158.6966	157.0023	-13.97
157.9033	158.7351	157.0155	-13.97
157.9395	158.7737	157.0287	-14.13
157.9756	158.7907	157.0346	-14.13
158.0118	158.8122	157.0419	-14.11
158.0138	158.8507	157.0552	-14.12
158.048	158.8892	157.0684	-14.14
158.0841	158.9277	157.0816	-14.05
158.1203	158.9435	157.087	-14
158.1259	158.9663	157.1014	-13.98
158.1565	159.0048	157.1284	-13.95
158.1926	159.0433	157.1554	-13.96
158.2288	159.0818	157.1825	-13.9
158.238	159.0962	157.1925	-13.89
158.2652	159.1011	157.1957	-13.86
158.2811	159.1209	157.2087	-13.83
158.2972	159.1407	157.2303	-13.9
158.3134	159.1605	157.2553	-13.92
158.3295	159.1804	157.2803	-13.85
158.3456	159.2002	157.3053	-13.8
158.3497	159.22	157.3303	-13.81
158.3618	159.2398	157.3553	-13.83
158.3779	159.2546	157.3741	-13.86
158.3941	159.2598	157.3804	-13.9
158.4102	159.2806	157.4054	-13.95
158.4263	159.3013	157.4304	-13.94
158.4425	159.322	157.4554	-13.9
158.4586	159.3428	157.4804	-13.92
158.4613	159.3635	157.5054	-13.94
158.4747	159.3843	157.5304	-14.02
158.4909	159.405	157.5554	-14.02
158.507	159.4205	157.5741	-13.84
158.5232	159.4257	157.5805	-13.9
158.5393	159.4345	157.6055	-13.79
158.5554	159.4415	157.6305	-13.76
158.5716	159.4486	157.6555	-13.77
158.5728	159.4556	157.6805	-13.77
158.5877	159.4627	157.7055	-13.74
158.6038	159.4697	157.7288	-13.71
158.62	159.4768	157.7521	-13.73
158.6361	159.482	157.7695	-13.75
158.6523	159.4838	157.7754	-13.77
158.6684	159.4908	157.7988	-13.76
158.6844	159.5064	157.8221	-13.82
158.6845	159.5221	157.8454	-13.82
158.7007	159.5377	157.8687	-13.84
158.7168	159.5533	157.892	-13.85
158.7329	159.5689	157.9153	-13.85
158.7491	159.5845	157.9386	-13.87
158.7652	159.5961	157.9548	-13.92
158.7814	159.6001	157.9605	-13.9
158.7959	159.6157	157.978	-13.86
158.7975	159.6313	157.9955	-13.86
158.8136	159.647	158.013	-13.95
158.8298	159.6626	158.0305	-13.98
158.8459	159.6782	158.0481	-13.95
158.862	159.6938	158.0656	-13.97
158.8782	159.7094	158.0831	-14.04
158.8943	159.7209	158.096	-14.01
158.9075	159.725	158.1006	-14.06
158.9105	159.7406	158.1181	-14.06
158.9266	159.7562	158.1356	-14.07
158.9427	159.7718	158.1531	-14.1
158.9589	159.7875	158.1706	-14.07
158.975	159.8031	158.1881	-14.03
158.9911	159.8187	158.2056	-13.95
159.0073	159.8343	158.2231	-13.98
159.0191	159.8458	158.236	-13.92
159.0234	159.8499	158.2406	-13.9
159.0395	159.8655	158.2582	-13.94
159.0557	159.8811	158.2757	-13.99
159.0718	159.8967	158.2932	-13.94
159.088	159.9123	158.3107	-13.84
159.0902	159.928	158.3282	-13.92
159.096	159.9436	158.3457	-13.99
159.1018	159.9592	158.3632	-13.98
159.1041	159.9706	158.376	-13.98
159.1134	159.9748	158.3807	-13.96
159.1191	159.9904	158.3982	-13.9
159.1202	160.006	158.4157	-13.9
159.1249	159.9965	158.4233	-13.88
159.1306	159.9211	158.4828	-13.9
159.1307	159.8457	158.5424	-13.9
159.1364	159.8195	158.5631	-13.94
159.1365	159.8382	158.5678	-13.94
159.1423	159.8475	158.5701	-13.82
159.1481	159.8496	158.5706	-13.8
159.1525	159.8609	158.5735	-13.88
159.1597	159.8722	158.5763	-14.03
159.1655	159.8755	158.5772	-14.03
159.1686	159.8835	158.5792	-13.98
159.1713	159.8948	158.582	-13.93
159.1771	159.9035	158.5842	-13.81
159.1829	159.9061	158.5849	-13.9
159.1848	159.9287	158.5906	-13.87
159.1887	159.9315	158.5913	-13.74
159.1944	159.9401	158.5934	-13.78
159.2002	159.9514	158.5963	-13.76
159.2009	159.9519	158.5964	-13.75
159.206	159.9595	158.5983	-13.79
159.2118	159.9627	158.5991	-13.8
159.2171	159.974	158.602	-13.84
159.2176	159.9853	158.6048	-13.85
159.2234	159.9875	158.6054	-13.86
159.2292	159.9966	158.6077	-13.74
159.2332	160.0079	158.6105	-13.65
159.235	160.0155	158.6124	-13.6
159.2408	160.0192	158.6134	-13.55
159.2422	160.0306	158.6162	-13.54
159.2466	160.0419	158.6191	-13.48
159.2482	160.0435	158.6195	-13.45
159.2492	160.0532	158.6219	-13.43
159.2524	160.0645	158.6248	-13.38
159.2562	160.0715	158.6265	-13.44
159.2582	160.0758	158.6276	-13.48
159.2617	160.0871	158.6305	-13.54
159.2633	160.0984	158.6333	-13.55
159.264	160.0995	158.6336	-13.56
159.2698	160.1098	158.6362	-13.51
159.2703	160.1211	158.639	-13.5
159.2753	160.1275	158.6406	-13.31
159.2755	160.1324	158.6419	-13.3
159.2774	160.1437	158.6447	-13.26
159.2813	160.155	158.6476	-13.17
159.2844	160.1554	158.6477	-13.14
159.2871	160.1663	158.6504	-13.11
159.2888	160.1758	158.6528	-13.05
159.2914	160.1776	158.6533	-12.93
159.2929	160.1834	158.6547	-12.88
159.2985	160.1889	158.6561	-12.88
159.2987	160.2003	158.659	-12.88
159.3024	160.2097	158.6618	-12.96
159.3045	160.213	158.6647	-13.02
159.3055	160.2163	158.6675	-13.07
159.3103	160.2178	158.6688	-13.3
159.3125	160.2196	158.6704	-13.27
159.3159	160.2228	158.6732	-13.16
159.3161	160.2261	158.6761	-13.16
159.3196	160.2294	158.6789	-13.12
159.3219	160.236	158.6846	-13.1
159.3266	160.2393	158.6875	-13.08
159.3277	160.2426	158.6903	-13.08
159.3294	160.2459	158.6932	-13.12
159.3335	160.2492	158.696	-13.26
159.3337	160.2504	158.697	-13.26
159.3393	160.2525	158.6989	-13.38
159.3407	160.2558	158.7017	-13.41
159.343	160.2591	158.7046	-13.43
159.3477	160.2624	158.7074	-13.45
159.3509	160.2644	158.7092	-13.42
159.3548	160.2657	158.7164	-13.31
159.3565	160.269	158.7355	-13.24
159.3566	160.2722	158.7545	-13.24
159.3618	160.2729	158.7584	-13.11
159.3624	160.2755	158.7736	-13.1
159.3682	160.2779	158.7873	-13.09
159.3688	160.2788	158.7883	-13.09
159.3701	160.2821	158.7917	-13.09
159.374	160.2854	158.7951	-13.05
159.3759	160.2887	158.7986	-13.03
159.3798	160.2914	158.8013	-13.01
159.3829	160.292	158.8016	-13.02
159.384	160.2953	158.8034	-13.04
159.3856	160.2986	158.8051	-13.07
159.3914	160.3019	158.8068	-13.08
159.3972	160.3037	158.8077	-13.1
159.403	160.3049	158.8083	-13.17
159.4052	160.3052	158.8085	-13.2
159.4088	160.3085	158.8102	-13.22
159.4146	160.3118	158.8119	-13.17
159.4204	160.3151	158.8136	-13.18
159.4262	160.3183	158.8153	-13.23
159.4264	160.3184	158.8154	-13.23
159.4319	160.3217	158.8171	-13.24
159.4377	160.3249	158.8188	-13.27
159.4435	160.3282	158.8205	-13.33
159.4493	160.3315	158.8222	-13.39
159.4551	160.3318	158.8223	-13.37
159.4609	160.3348	158.8239	-13.41
159.4628	160.3381	158.8256	-13.4
159.4667	160.3414	158.8273	-13.36
159.4688	160.3447	158.8291	-13.33
159.4725	160.3453	158.8294	-13.27
159.4783	160.348	158.8308	-13.15
159.4841	160.3513	158.8325	-13.21
159.4899	160.3546	158.8342	-13.38
159.4957	160.3579	158.8359	-13.48
159.5015	160.3588	158.8364	-13.45
159.5073	160.3612	158.8376	-13.46
159.513	160.3645	158.8393	-13.52
159.5188	160.3651	158.8397	-13.56
159.5246	160.3678	158.8411	-13.58
159.5304	160.3711	158.8428	-13.57
159.5362	160.3722	158.8434	-13.53
159.542	160.3744	158.8445	-13.52
159.5427	160.3776	158.8462	-13.52
159.5478	160.3809	158.8479	-13.55
159.5535	160.3842	158.8496	-13.57
159.5536	160.3857	158.8504	-13.57
159.5594	160.3875	158.8513	-13.58
159.5652	160.3908	158.853	-13.65
159.571	160.3941	158.857	-13.75
159.5768	160.3959	158.8637	-13.79
159.5826	160.3974	158.8695	-13.76
159.5883	160.3992	158.8761	-13.78
159.5941	160.4007	158.8819	-13.78
159.5959	160.404	158.8943	-13.79
159.5999	160.4073	158.9067	-13.81
159.6057	160.4106	158.9191	-13.75
159.6115	160.4127	158.9269	-13.77
159.6171	160.4139	158.9315	-13.79
159.6173	160.4172	158.9439	-13.79
159.6226	160.4205	158.9563	-13.78
159.6231	160.4238	158.9687	-13.77
159.6289	160.4261	158.9776	-13.77
159.6347	160.4266	158.9794	-13.74
159.6405	160.4271	158.9811	-13.78
159.6463	160.4303	158.9935	-13.82
159.6521	160.4336	159.0059	-13.79
159.6579	160.4369	159.0183	-13.79
159.6595	160.4396	159.0284	-13.79
159.6637	160.4402	159.0307	-13.8
159.6694	160.4435	159.0431	-13.86
159.6752	160.4468	159.0555	-13.85
159.6807	160.4501	159.0679	-13.84
159.681	160.4531	159.0724	-13.84
159.6868	160.4534	159.0729	-13.87
159.6926	160.4567	159.0773	-13.89
159.6984	160.4573	159.0781	-13.82
159.7019	160.46	159.0817	-13.81
159.7025	160.4633	159.0861	-13.81
159.7042	160.4666	159.0904	-13.8
159.71	160.4666	159.0904	-13.78
159.7158	160.4699	159.0948	-13.75
159.7216	160.4732	159.0992	-13.64
159.7231	160.4765	159.1036	-13.64
159.7274	160.4797	159.108	-13.71
159.7332	160.48	159.1084	-13.72
159.739	160.483	159.1124	-13.77
159.7442	160.4863	159.1168	-13.78
159.7448	160.4881	159.1191	-13.78
159.7505	160.4896	159.1212	-13.71
159.7563	160.4929	159.1256	-13.64
159.7621	160.4935	159.1264	-13.64
159.7654	160.4962	159.13	-13.61
159.7679	160.4995	159.1344	-13.6
159.7737	160.5061	159.1432	-13.61
159.7795	160.507	159.1444	-13.65
159.7824	160.5094	159.1476	-13.64
159.7853	160.5127	159.152	-13.63
159.7866	160.516	159.1564	-13.64
159.7911	160.5188	159.1601	-13.67
159.7969	160.5193	159.1607	-13.67
159.8027	160.5205	159.1623	-13.67
159.8078	160.5226	159.1651	-13.67
159.8085	160.5259	159.1695	-13.68
159.8143	160.5292	159.1739	-13.7
159.8258	160.5324	159.1783	-13.63
159.829	160.5339	159.1803	-13.66
159.8316	160.5357	159.1827	-13.69
159.8374	160.5379	159.1855	-13.62
159.8432	160.539	159.1871	-13.6
159.849	160.5423	159.1915	-13.59
159.8502	160.5456	159.1958	-13.59
159.8548	160.5456	159.1959	-13.56
159.8606	160.5489	159.2003	-13.62
159.8623	160.5522	159.2047	-13.62
159.8664	160.5533	159.2062	-13.59
159.8714	160.5551	159.2085	-13.55
159.8722	160.5555	159.2091	-13.55
159.878	160.5588	159.2135	-13.55
159.8838	160.561	159.2165	-13.55
159.8896	160.5621	159.2179	-13.57
159.8926	160.5654	159.2223	-13.55
159.8954	160.5687	159.2266	-13.52
159.9012	160.5688	159.2268	-13.57
159.9069	160.5726	159.231	-13.55
159.9127	160.5832	159.2354	-13.53
159.9138	160.5861	159.2366	-13.53
159.9185	160.5872	159.2371	-13.56
159.9243	160.5939	159.2398	-13.55
159.9301	160.6045	159.2442	-13.53
159.935	160.6121	159.2474	-13.53
159.9359	160.6151	159.2486	-13.54
159.9417	160.6258	159.253	-13.55
159.9422	160.6364	159.2574	-13.55
159.9475	160.6371	159.2577	-13.45
159.9533	160.6471	159.2618	-13.39
159.9561	160.6544	159.2648	-13.41
159.9591	160.6577	159.2662	-13.46
159.9649	160.662	159.268	-13.45
159.9707	160.6683	159.2706	-13.51
159.9765	160.679	159.275	-13.48
159.9772	160.6868	159.2782	-13.48
159.9822	160.6896	159.2794	-13.47
159.988	160.7003	159.2838	-13.41
159.9938	160.7113	159.2882	-13.43
159.9996	160.7247	159.2926	-13.43
160.0054	160.7382	159.2969	-13.46
160.0112	160.7517	159.3013	-13.43
160.0159	160.7651	159.3057	-13.42
160.017	160.7786	159.3101	-13.42
160.0228	160.7789	159.3102	-13.34
160.0286	160.7799	159.3105	-13.36
160.0344	160.7921	159.3145	-13.36
160.0402	160.8056	159.3189	-13.35
160.0419	160.819	159.3233	-13.35
160.046	160.8325	159.3277	-13.34
160.0518	160.846	159.3321	-13.31
160.0545	160.8594	159.3365	-13.3
160.0576	160.8729	159.3409	-13.3
160.0633	160.8788	159.3428	-13.19
160.0691	160.8864	159.3453	-13.2
160.0749	160.8999	159.3497	-13.21
160.0807	160.9133	159.3541	-13.15
160.0865	160.923	159.3585	-13.14
160.0923	160.9243	159.3629	-13.14
160.093	160.9256	159.3672	-13.14
160.0981	160.9268	159.3714	-13.14
160.1039	160.9269	159.3716	-13.15
160.1097	160.9279	159.3751	-13.11
160.1155	160.9295	159.3804	-13.06
160.1213	160.9308	159.3848	-13.04
160.1271	160.9321	159.3892	-13.03
160.1316	160.9334	159.3936	-13.01
160.1387	160.9347	159.398	-12.96
160.1444	160.936	159.4024	-13.02
160.1502	160.9373	159.4068	-12.98
160.156	160.9375	159.4073	-12.94
160.157	160.9386	159.4112	-12.93
160.1618	160.9399	159.4156	-12.81
160.1676	160.9412	159.42	-12.82
160.1702	160.9425	159.4244	-12.81
160.1734	160.9438	159.4288	-12.77
160.1792	160.945	159.4326	-12.75
160.185	160.9451	159.4331	-12.68
160.1908	160.9464	159.4375	-12.65
160.1966	160.947	159.4396	-12.6
160.2024	160.9477	159.4419	-12.55
160.2082	160.949	159.4463	-12.5
160.2087	160.9503	159.4507	-12.49
160.214	160.9516	159.4551	-12.46
160.2197	160.9529	159.4595	-12.4
160.2255	160.9542	159.4639	-12.44
160.2313	160.9555	159.4683	-12.31
160.2371	160.9566	159.4718	-12.36
160.2429	160.9568	159.4727	-12.2
160.2473	160.9581	159.4771	-12.13
160.2487	160.9594	159.4815	-12.12
160.2545	160.9607	159.4859	-12.11
160.2603	160.962	159.4903	-12.03
160.2661	160.9631	159.4938	-12.02
160.2719	160.9634	159.4947	-12.01
160.2721	160.9647	159.4991	-12.01
160.2777	160.966	159.5034	-12.01
160.2835	160.9661	159.5041	-11.98
160.2858	160.9673	159.5078	-11.98
160.2893	160.9686	159.5122	-11.97
160.2951	160.9699	159.5166	-11.99
160.3008	160.9712	159.521	-11.96
160.3066	160.9725	159.5254	-11.9
160.3124	160.9738	159.5298	-11.89
160.3182	160.9751	159.5342	-11.9
160.324	160.9757	159.5363	-11.87
160.3244	160.9764	159.5386	-11.87
160.3298	160.9777	159.543	-11.88
160.3356	160.979	159.5474	-11.92
160.3414	160.9803	159.5518	-11.93
160.3472	160.9813	159.5551	-11.9
160.353	160.9816	159.5562	-11.9
160.3588	160.9829	159.5606	-11.87
160.363	160.9842	159.565	-11.87
160.3646	160.9853	159.5686	-11.87
160.3704	160.9855	159.5694	-11.82
160.3761	160.9868	159.5737	-11.81
160.3819	160.9881	159.5781	-11.82
160.3871	160.9894	159.5825	-11.82
160.3877	160.9907	159.5869	-11.82
160.3935	160.992	159.5913	-11.83
160.3993	160.9933	159.5957	-11.81
160.4015	160.9946	159.6001	-11.81
160.4051	160.9948	159.6009	-11.79
160.4109	160.9959	159.6045	-11.79
160.4167	160.9972	159.6089	-11.74
160.4225	160.9985	159.6133	-11.73
160.4283	160.9994	159.6163	-11.71
160.4341	160.9998	159.6177	-11.63
160.4399	161.0011	159.6221	-11.56
160.4401	161.0024	159.6265	-11.56
160.4457	161.0037	159.6309	-11.55
160.4515	161.0044	159.6331	-11.56
160.4572	161.005	159.6353	-11.6
160.463	161.0072	159.6576	-11.54
160.4688	161.0094	159.68	-11.53
160.4746	161.0116	159.7023	-11.48
160.4787	161.0137	159.7247	-11.47
160.4868	161.014	159.7269	-11.46
160.4989	161.0159	159.747	-11.47
160.5022	161.0175	159.7638	-11.45
160.5111	161.0181	159.7694	-11.38
160.5172	161.0203	159.7918	-11.39
160.5233	161.0224	159.8141	-11.4
160.5354	161.0235	159.8251	-11.41
160.5476	161.0246	159.8365	-11.48
160.5558	161.0268	159.8588	-11.5
160.5597	161.029	159.8812	-11.52
160.5719	161.0312	159.9036	-11.52
160.5841	161.0331	159.9233	-11.49
160.5944	161.0333	159.9259	-11.47
160.5962	161.0355	159.9483	-11.46
160.6084	161.0357	159.9501	-11.5
160.6173	161.0377	159.9706	-11.54
160.6205	161.0399	159.993	-11.55
160.6327	161.042	160.0154	-11.8
160.6329	161.0426	160.0215	-11.8
160.6449	161.0442	160.0377	-11.86
160.657	161.0464	160.0601	-11.91
160.6692	161.0486	160.0824	-11.96
160.6715	161.0508	160.1048	-11.98
160.6813	161.0522	160.1197	-12.08
160.6935	161.0529	160.1272	-12.13
160.7056	161.0538	160.1364	-12.22
160.7109	161.0563	160.1495	-12.24
160.7131	161.0604	160.1719	-12.26
160.7152	161.0645	160.1942	-12.28
160.7175	161.0687	160.2166	-12.29
160.7178	161.0689	160.2179	-12.29
160.7199	161.0809	160.2389	-12.3
160.7224	161.0935	160.2613	-12.31
160.7249	161.1062	160.2837	-12.34
160.7274	161.1189	160.306	-12.38
160.7298	161.1246	160.3161	-12.41
160.73	161.1284	160.3228	-12.41
160.7323	161.1315	160.3284	-12.41
160.7348	161.1442	160.3507	-12.41
160.7373	161.1568	160.3731	-12.42
160.7397	161.1694	160.3955	-12.44
160.7421	161.1803	160.4146	-12.47
160.7422	161.1803	160.4157	-12.47
160.7447	161.1804	160.4171	-12.48
160.7472	161.1805	160.4178	-12.48
160.7496	161.1805	160.4184	-12.48
160.7521	161.1806	160.4198	-12.47
160.7543	161.1807	160.4212	-12.47
160.7546	161.1808	160.4226	-12.47
160.7571	161.1809	160.424	-12.44
160.7595	161.181	160.4254	-12.42
160.762	161.1811	160.4267	-12.39
160.7645	161.1812	160.4281	-12.36
160.7664	161.1813	160.4295	-12.34
160.767	161.1814	160.4309	-12.34
160.7694	161.1815	160.4323	-12.36
160.7719	161.1816	160.4336	-12.4
160.7744	161.1817	160.435	-12.44
160.7769	161.1818	160.4364	-12.47
160.7786	161.1818	160.4375	-12.47
160.7793	161.1819	160.4378	-12.46
160.7818	161.182	160.4392	-12.42
160.7843	161.182	160.4402	-12.41
160.7868	161.182	160.4405	-12.4
160.7884	161.1821	160.4419	-12.4
160.7892	161.1822	160.4433	-12.41
160.7908	161.1823	160.4447	-12.42
160.7917	161.1824	160.4461	-12.43
160.7942	161.1825	160.4474	-12.45
160.7967	161.1826	160.4488	-12.45
160.7991	161.1827	160.4502	-12.42
160.8016	161.1828	160.4516	-12.38
160.8029	161.1829	160.453	-12.38
160.8041	161.183	160.4543	-12.38
160.8066	161.1831	160.4557	-12.4
160.809	161.1832	160.4571	-12.42
160.8115	161.1833	160.4585	-12.43
160.814	161.1834	160.4599	-12.44
160.8151	161.1835	160.4612	-12.45
160.8165	161.1836	160.4625	-12.46
160.8189	161.1836	160.4626	-12.48
160.8214	161.1837	160.464	-12.5
160.8239	161.1838	160.4654	-12.52
160.8264	161.1839	160.4668	-12.55
160.8272	161.184	160.4681	-12.56
160.8288	161.1841	160.4695	-12.55
160.8313	161.1841	160.4709	-12.52
160.8338	161.1842	160.4723	-12.5
160.8362	161.1843	160.4737	-12.48
160.8387	161.1844	160.4751	-12.46
160.8394	161.1845	160.4764	-12.46
160.8412	161.1846	160.4778	-12.47
160.8437	161.1847	160.4792	-12.51
160.8461	161.1848	160.4806	-12.56
160.8486	161.1849	160.482	-12.6
160.8511	161.185	160.4831	-12.64
160.8516	161.185	160.4833	-12.65
160.8536	161.1851	160.4847	-12.68
160.856	161.1851	160.4849	-12.7
160.8585	161.1852	160.4861	-12.71
160.861	161.1853	160.4875	-12.72
160.8635	161.1854	160.4889	-12.7
160.8637	161.1855	160.4902	-12.7
160.8659	161.1856	160.4916	-12.68
160.8684	161.1857	160.493	-12.65
160.8709	161.1858	160.4944	-12.63
160.8734	161.1859	160.4958	-12.61
160.8758	161.186	160.4971	-12.62
160.8759	161.1861	160.4985	-12.62
160.8783	161.1862	160.4999	-12.66
160.8808	161.1862	160.5013	-12.71
160.8833	161.1863	160.5027	-12.77
160.8857	161.1864	160.504	-12.85
160.888	161.1865	160.5054	-12.92
160.8882	161.1866	160.5068	-12.92
160.8907	161.1867	160.5073	-13
160.8932	161.1867	160.5082	-13.08
160.8956	161.1868	160.5096	-13.13
160.8981	161.1869	160.5109	-13.11
160.9002	161.187	160.5123	-13.1
160.9006	161.1871	160.5137	-13.09
160.9031	161.1872	160.5151	-13.09
160.9055	161.1873	160.5165	-13.09
160.908	161.1874	160.5178	-13.09
160.9089	161.1875	160.5192	-13.1
160.911	161.1876	160.5206	-13.15
160.9116	161.1877	160.522	-13.16
160.9121	161.1878	160.5234	-13.18
160.9124	161.1879	160.5248	-13.18
160.9127	161.1924	160.5262	-13.19
160.9132	161.1924	160.5262	-13.2
160.9138	161.1924	160.5263	-13.21
160.9143	161.1924	160.5264	-13.22
160.9149	161.1924	160.5264	-13.23
160.9154	161.1925	160.5265	-13.23
160.9159	161.1925	160.5266	-13.25
160.9165	161.1925	160.5266	-13.27
160.917	161.1925	160.5267	-13.28
160.9176	161.1925	160.5267	-13.29
160.9181	161.1925	160.5268	-13.29
160.9187	161.1925	160.5269	-13.27
160.9192	161.1926	160.527	-13.28
160.9198	161.1926	160.527	-13.29
160.9203	161.1926	160.5271	-13.31
160.9209	161.1926	160.5272	-13.31
160.9214	161.1926	160.5273	-13.3
160.9219	161.1926	160.5274	-13.29
160.9225	161.1927	160.5274	-13.27
160.923	161.1927	160.5275	-13.26
160.9236	161.1927	160.5276	-13.26
160.9241	161.1927	160.5277	-13.26
160.9245	161.1927	160.5277	-13.27
160.9247	161.1927	160.5278	-13.27
160.9252	161.1927	160.5279	-13.28
160.9258	161.1928	160.528	-13.29
160.9263	161.1928	160.528	-13.28
160.9269	161.1928	160.5281	-13.27
160.9274	161.1928	160.5282	-13.26
160.928	161.1928	160.5283	-13.25
160.9285	161.1928	160.5283	-13.25
160.929	161.1929	160.5284	-13.25
160.9296	161.1929	160.5285	-13.25
160.9301	161.1929	160.5286	-13.27
160.9307	161.1929	160.5287	-13.29
160.9312	161.1929	160.5287	-13.29
160.9318	161.1929	160.5288	-13.29
160.9323	161.1929	160.5289	-13.29
160.9329	161.193	160.529	-13.29
160.9334	161.193	160.529	-13.3
160.9336	161.193	160.5291	-13.3
160.934	161.193	160.5292	-13.3
160.9345	161.193	160.5293	-13.3
160.935	161.193	160.5293	-13.29
160.9356	161.1931	160.5294	-13.29
160.9361	161.1931	160.5295	-13.28
160.9367	161.1931	160.5296	-13.28
160.9367	161.1931	160.5296	-13.28
160.9372	161.1931	160.5296	-13.3
160.9378	161.1931	160.5297	-13.32
160.9383	161.1931	160.5298	-13.32
160.9389	161.1932	160.5299	-13.33
160.9394	161.1932	160.53	-13.34
160.94	161.1932	160.53	-13.35
160.9405	161.1932	160.5301	-13.35
160.941	161.1932	160.5302	-13.34
160.9416	161.1933	160.5303	-13.32
160.9421	161.1934	160.5303	-13.32
160.9427	161.1935	160.5304	-13.33
160.9432	161.1936	160.5305	-13.33
160.9438	161.1937	160.5306	-13.33
160.9443	161.1938	160.5306	-13.32
160.9449	161.1939	160.5307	-13.32
160.9454	161.194	160.5308	-13.32
160.946	161.1941	160.5309	-13.32
160.9465	161.1942	160.5309	-13.31
160.9471	161.1943	160.531	-13.31
160.9476	161.1944	160.5311	-13.31
160.9481	161.1945	160.5312	-13.31
160.9487	161.1946	160.5313	-13.31
160.9488	161.1947	160.5313	-13.31
160.9492	161.1948	160.5314	-13.3
160.9496	161.1949	160.5315	-13.3
160.9586	161.195	160.5316	-13.26
160.961	161.1951	160.5316	-13.25
160.9732	161.1994	160.5438	-13.22
160.9759	161.2041	160.552	-13.22
160.9853	161.2159	160.572	-13.24
160.9932	161.2173	160.5743	-13.2
160.9975	161.2244	160.5865	-13.18
161.0096	161.2304	160.5967	-13.18
161.0104	161.2317	160.5989	-13.18
161.0166	161.2435	160.6191	-13.14
161.0218	161.2475	160.6257	-13.11
161.0277	161.2567	160.6414	-13.07
161.0339	161.2632	160.6526	-13.08
161.0449	161.2698	160.6638	-13.11
161.0461	161.279	160.6795	-13.11
161.0583	161.2829	160.6861	-13.16
161.0621	161.2948	160.7064	-13.15
161.0704	161.296	160.7085	-13.14
161.0794	161.3053	160.7243	-13.16
161.0826	161.3092	160.7308	-13.17
161.0947	161.3106	160.7333	-13.33
161.0966	161.3223	160.7532	-13.35
161.1069	161.3264	160.758	-13.4
161.1139	161.3354	160.7688	-13.41
161.1191	161.3422	160.7761	-13.4
161.1311	161.3486	160.783	-13.27
161.1312	161.3579	160.7931	-13.27
161.1434	161.3617	160.7971	-13.22
161.1484	161.3737	160.8101	-13.23
161.1488	161.3748	160.8113	-13.23
161.1555	161.3862	160.8236	-13.28
161.1656	161.3879	160.8255	-13.33
161.1677	161.3895	160.8272	-13.32
161.1799	161.4011	160.8397	-13.27
161.1828	161.4053	160.8442	-13.25
161.192	161.4142	160.8539	-13.23
161.2001	161.4211	160.8613	-13.23
161.2042	161.4273	160.868	-13.23
161.2163	161.4369	160.8783	-13.18
161.2173	161.4405	160.8822	-13.18
161.2285	161.4526	160.8954	-13.18
161.2346	161.4536	160.8964	-13.13
161.2407	161.4667	160.9106	-13.08
161.2516	161.4671	160.911	-13.13
161.2528	161.4683	160.9123	-13.14
161.2597	161.4855	160.913	-13.22
161.265	161.4899	160.9131	-13.29
161.2734	161.5125	160.9136	-13.35
161.2771	161.5217	160.9138	-13.38
161.2893	161.5394	160.9141	-13.43
161.2951	161.5535	160.9144	-13.42
161.2953	161.5853	160.9151	-13.42
161.3136	161.5934	160.9153	-13.36
161.3167	161.6171	160.9158	-13.35
161.3258	161.6203	160.9159	-13.33
161.3309	161.6599	160.9164	-13.3
161.3379	161.6627	160.9165	-13.25
161.3501	161.7055	160.917	-13.28
161.3599	161.7165	160.9172	-13.42
161.3622	161.7511	160.9176	-13.46
161.3665	161.7703	160.9178	-13.44
161.3744	161.7967	160.9182	-13.38
161.3816	161.8241	160.9185	-13.39
161.3866	161.8423	160.9188	-13.4
161.3987	161.8779	160.9192	-13.39
161.4021	161.8879	160.9193	-13.4
161.4032	161.9317	160.9199	-13.4
161.4109	161.9335	160.9199	-13.42
161.423	161.9791	160.9205	-13.39
161.4248	161.9855	160.9206	-13.4
161.4352	162.0247	160.9211	-13.49
161.4377	162.0393	160.9212	-13.46
161.4464	162.0703	160.9216	-13.37
161.4474	162.0931	160.9219	-13.36
161.4595	162.1159	160.9222	-13.46
161.4681	162.1407	160.9226	-13.54
161.4717	162.1408	160.9228	-13.54
161.4733	162.141	160.9233	-13.54
161.4897	162.1411	160.9234	-13.4
161.496	162.1413	160.9239	-13.38
161.5082	162.1413	160.924	-13.29
161.5089	162.1415	160.9245	-13.29
161.5113	162.1416	160.9247	-13.29
161.5203	162.1416	160.9247	-13.3
161.5325	162.1418	160.9251	-13.28
161.5329	162.1419	160.9253	-13.27
161.5445	162.142	160.9257	-13.24
161.5446	162.1422	160.926	-13.24
161.5545	162.1475	160.9389	-13.24
161.5568	162.1534	160.9531	-13.24
161.569	162.1593	160.9673	-13.33
161.5762	162.1638	160.9781	-13.4
161.5801	162.1652	160.9815	-13.42
161.5811	162.1712	160.9956	-13.43
161.5933	162.1738	161.0021	-13.41
161.5978	162.183	161.024	-13.4
161.6054	162.1855	161.0302	-13.39
161.6157	162.1889	161.0382	-13.45
161.6176	162.1948	161.0523	-13.47
161.6194	162.2007	161.0665	-13.47
161.6298	162.2066	161.0807	-13.44
161.641	162.2072	161.0823	-13.41
161.6419	162.2125	161.0949	-13.41
161.6512	162.2184	161.1091	-13.41
161.6541	162.2243	161.1232	-13.42
161.6627	162.2289	161.1344	-13.42
161.6662	162.2302	161.1374	-13.41
161.6784	162.2361	161.1516	-13.24
161.6843	162.242	161.1658	-13.21
161.6868	162.2479	161.1799	-13.21
161.6905	162.2492	161.183	-13.21
161.7027	162.2506	161.1865	-13.17
161.7059	162.2538	161.1941	-13.17
161.7149	162.2597	161.2083	-13.23
161.7224	162.2715	161.2367	-13.29
161.727	162.2723	161.2386	-13.33
161.7275	162.2774	161.2508	-13.33
161.7392	162.2833	161.265	-13.26
161.7491	162.2892	161.2792	-13.26
161.7513	162.294	161.2906	-13.27
161.758	162.2951	161.2934	-13.24
161.7635	162.3016	161.3075	-13.22
161.7708	162.3068	161.3163	-13.21
161.7757	162.31	161.3217	-13.2
161.7878	162.3169	161.3334	-13.18
161.7924	162.3184	161.3359	-13.19
161.7936	162.3268	161.3501	-13.19
161.8	162.3353	161.3643	-13.21
161.8121	162.3424	161.3762	-13.2
161.814	162.3437	161.3784	-13.19
161.8243	162.3444	161.3796	-13.18
161.8292	162.3521	161.3926	-13.17
161.8356	162.3606	161.4068	-13.15
161.8365	162.3678	161.4189	-13.14
161.8486	162.369	161.421	-13.15
161.8573	162.3774	161.4351	-13.16
161.8608	162.382	161.4429	-13.16
161.8648	162.3858	161.4493	-13.15
161.8729	162.3932	161.4617	-13.13
161.8789	162.3943	161.4635	-13.15
161.8851	162.4027	161.4777	-13.15
161.8973	162.4111	161.4919	-13.15
161.9004	162.4186	161.5045	-13.14
161.9005	162.4195	161.506	-13.14
161.9094	162.4196	161.5062	-13.13
161.9216	162.428	161.5202	-13.12
161.9221	162.4364	161.5344	-13.12
161.9337	162.444	161.5473	-13.39
161.936	162.4448	161.5486	-13.39
161.9438	162.4533	161.5627	-13.31
161.9459	162.4572	161.5695	-13.29
161.9581	162.4617	161.5769	-13.35
161.9654	162.4695	161.59	-13.31
161.9702	162.4701	161.5911	-13.28
161.9716	162.4785	161.6053	-13.27
161.9824	162.487	161.6195	-13.22
161.987	162.4949	161.6327	-13.19
161.9945	162.4949	161.6328	-13.14
162.0067	162.4954	161.6336	-13.08
162.0072	162.5038	161.6478	-13.07
162.0086	162.5122	161.662	-13.06
162.0188	162.5203	161.6756	-12.95
162.0302	162.5207	161.6762	-13.02
162.031	162.5291	161.6903	-13.03
162.0428	162.5325	161.696	-13.09
162.0432	162.5375	161.7045	-13.08
162.0439	162.5457	161.7183	-13.07
162.0464	162.546	161.7187	-12.98
162.0473	162.5598	161.7329	-12.97
162.0489	162.5793	161.7471	-12.98
162.0514	162.5962	161.7593	-13
162.0517	162.5986	161.7611	-13
162.0539	162.5988	161.7612	-12.98
162.0553	162.6183	161.7754	-12.94
162.0562	162.6378	161.7896	-12.91
162.0564	162.6573	161.8038	-12.91
162.0589	162.6574	161.8039	-12.9
162.0606	162.6768	161.8179	-12.92
162.0614	162.6832	161.8226	-12.95
162.0639	162.6963	161.8321	-12.99
162.0651	162.7158	161.8463	-12.99
162.0664	162.7162	161.8466	-12.98
162.0675	162.7353	161.8605	-12.97
162.0689	162.7548	161.8747	-12.95
162.0695	162.7703	161.8859	-12.96
162.0714	162.7743	161.8888	-12.99
162.0739	162.775	161.8894	-12.99
162.074	162.7938	161.903	-12.99
162.0796	162.8133	161.9172	-13
162.104	162.8339	161.9322	-13.04
162.1161	162.8523	161.9455	-13.02
162.1283	162.8573	161.9492	-13.07
162.1404	162.8717	161.9597	-13.03
162.1526	162.8912	161.9739	-13
162.1648	162.8927	161.9749	-13.04
162.1769	162.9107	161.9881	-13.01
162.1891	162.9302	162.0023	-12.97
162.2012	162.9443	162.0125	-13.02
162.2134	162.9497	162.0164	-12.92
162.2256	162.9515	162.0177	-12.95
162.2377	162.9692	162.0306	-12.91
162.2499	162.9887	162.0448	-12.91
162.262	163.0082	162.059	-12.96
162.2742	163.0103	162.0605	-12.93
162.2864	163.0277	162.0731	-12.99
162.2985	163.0314	162.0758	-12.96
162.3107	163.0472	162.0873	-12.97
162.3228	163.0667	162.1015	-13.03
162.335	163.0691	162.1032	-13.08
162.3471	163.0862	162.1157	-13.02
162.3593	163.1057	162.1299	-12.99
162.3715	163.1184	162.1391	-12.89
162.3836	163.1252	162.144	-12.94
162.3958	163.1279	162.146	-12.95
162.4079	163.1447	162.1582	-12.94
162.4201	163.1642	162.1724	-12.91
162.4323	163.1837	162.1866	-12.89
162.4444	163.2032	162.2007	-12.9
162.4566	163.2166	162.2149	-13.02
162.4687	163.2167	162.2291	-13.06
162.4809	163.2169	162.2431	-12.99
162.4931	163.2169	162.2433	-12.9
162.5052	163.217	162.2575	-12.82
162.5174	163.2171	162.2716	-12.86
162.5295	163.2173	162.2858	-12.83
162.5417	163.2174	162.3	-12.88
162.5539	163.2176	162.3142	-12.87
162.566	163.2177	162.3283	-12.74
162.5689	163.2179	162.3425	-12.73
162.5782	163.2179	162.352	-12.72
162.5903	163.2184	162.3567	-12.78
162.6025	163.2198	162.3709	-12.82
162.6147	163.2212	162.3851	-12.86
162.6268	163.2215	162.3881	-12.93
162.639	163.2256	162.3992	-12.88
162.6511	163.2308	162.4134	-12.95
162.6633	163.2361	162.4276	-12.96
162.6754	163.2413	162.4418	-12.99
162.6876	163.2465	162.4559	-13.04
162.6998	163.2484	162.461	-13.06
162.7119	163.2518	162.4701	-12.97
162.7241	163.257	162.4838	-12.81
162.7362	163.2622	162.4959	-12.9
162.7484	163.2675	162.508	-12.86
162.7606	163.2727	162.52	-12.9
162.7727	163.2779	162.5321	-12.83
162.7849	163.2832	162.5442	-12.84
162.797	163.2884	162.5563	-12.95
162.8092	163.2886	162.5568	-12.79
162.8214	163.2936	162.5683	-12.81
162.8335	163.2989	162.5804	-12.8
162.8457	163.3041	162.5925	-12.78
162.8578	163.3093	162.6046	-12.66
162.87	163.3108	162.608	-12.68
162.881	163.3146	162.6166	-12.76
162.8822	163.3198	162.6287	-12.77
162.8892	163.325	162.6408	-12.76
162.8943	163.3288	162.6496	-12.75
162.8979	163.3303	162.6529	-12.76
162.9001	163.3355	162.665	-12.77
162.9065	163.3407	162.677	-12.77
162.9065	163.346	162.6891	-12.77
162.9152	163.3512	162.7012	-12.73
162.9186	163.3564	162.7133	-12.72
162.9238	163.3617	162.7253	-12.72
162.9308	163.3669	162.7374	-12.7
162.9325	163.3691	162.7424	-12.7
162.9412	163.3735	162.7495	-12.7
162.9429	163.381	162.7616	-12.71
162.9498	163.3885	162.7736	-12.76
162.953	163.396	162.7857	-12.77
162.9551	163.4035	162.7978	-12.78
162.9585	163.411	162.8099	-12.78
162.9671	163.4137	162.8142	-12.82
162.9673	163.4198	162.822	-12.82
162.9758	163.4294	162.834	-12.83
162.9794	163.4303	162.8352	-12.84
162.9844	163.4389	162.8461	-12.85
162.9916	163.4485	162.8582	-12.85
162.9931	163.458	162.8703	-12.85
163.0017	163.4675	162.8823	-12.82
163.0037	163.4771	162.8944	-12.83
163.0059	163.4866	162.9065	-12.84
163.0104	163.4961	162.9186	-12.87
163.0159	163.5036	162.9281	-12.89
163.0191	163.5057	162.9306	-12.87
163.0277	163.5152	162.9427	-12.82
163.0281	163.5248	162.9548	-12.81
163.0364	163.5343	162.9669	-12.85
163.0402	163.5438	162.979	-12.86
163.045	163.5534	162.991	-12.85
163.0524	163.5629	163.0031	-12.85
163.0537	163.5724	163.0152	-12.86
163.0588	163.5726	163.0152	-12.86
163.0623	163.5727	163.0152	-12.87
163.0645	163.5728	163.0152	-12.89
163.071	163.5729	163.0152	-12.93
163.0767	163.573	163.0152	-12.93
163.0796	163.5731	163.0152	-12.92
163.0883	163.5732	163.0152	-12.9
163.0889	163.5733	163.0152	-12.9
163.097	163.5734	163.0152	-12.81
163.101	163.5736	163.0152	-12.8
163.1016	163.5737	163.0152	-12.8
163.1021	163.5738	163.0152	-12.83
163.1026	163.5739	163.0152	-12.86
163.1031	163.574	163.0152	-12.88
163.1037	163.5741	163.0152	-12.9
163.1042	163.5742	163.0152	-12.85
163.1047	163.5743	163.0152	-12.8
163.1053	163.5745	163.0152	-12.83
163.1056	163.5746	163.0152	-12.85
163.1058	163.5747	163.0152	-12.86
163.1063	163.5748	163.0152	-12.87
163.1069	163.5749	163.0152	-12.88
163.1074	163.575	163.0153	-12.87
163.1079	163.5751	163.0153	-12.85
163.1085	163.5752	163.0153	-12.81
163.109	163.5753	163.0153	-12.79
163.1095	163.5755	163.0153	-12.78
163.1101	163.5756	163.0153	-12.81
163.1106	163.5757	163.0153	-12.86
163.1111	163.5758	163.0153	-12.87
163.1117	163.5759	163.0153	-12.87
163.1117	163.576	163.0153	-12.87
163.1122	163.5761	163.0153	-12.89
163.1127	163.5762	163.0153	-12.91
163.1132	163.5764	163.0153	-12.9
163.1138	163.5765	163.0153	-12.88
163.1143	163.5766	163.0153	-12.86
163.1143	163.5767	163.0153	-12.86
163.1148	163.5768	163.0153	-12.85
163.1154	163.5769	163.0153	-12.87
163.1159	163.577	163.0153	-12.88
163.1164	163.577	163.0153	-12.87
163.117	163.5771	163.0153	-12.87
163.1175	163.5772	163.0153	-12.88
163.118	163.5774	163.0153	-12.89
163.1186	163.5775	163.0153	-12.9
163.1191	163.5776	163.0153	-12.89
163.1196	163.5778	163.0153	-12.86
163.1202	163.5779	163.0153	-12.92
163.1207	163.578	163.0153	-13
163.1212	163.5781	163.0153	-12.88
163.1218	163.5782	163.0153	-12.77
163.1223	163.5784	163.0153	-12.7
163.1228	163.5785	163.0153	-12.67
163.1229	163.5786	163.0154	-12.69
163.1233	163.5787	163.0154	-12.77
163.1239	163.5788	163.0154	-12.8
163.1244	163.5789	163.0154	-12.71
163.1249	163.579	163.0154	-12.67
163.1255	163.5791	163.0154	-12.7
163.1265	163.5793	163.0154	-12.89
163.1271	163.5794	163.0154	-12.92
163.1276	163.5795	163.0154	-12.91
163.1281	163.5797	163.0154	-12.93
163.1287	163.5798	163.0154	-12.95
163.1292	163.5799	163.0154	-12.94
163.1297	163.58	163.0154	-12.93
163.1303	163.5801	163.0154	-12.98
163.1308	163.5803	163.0154	-13.02
163.1313	163.5804	163.0154	-13.01
163.1316	163.5805	163.0154	-13.01
163.1319	163.5806	163.0154	-13.01
163.1324	163.5807	163.0154	-13.04
163.1329	163.5808	163.0154	-13.05
163.1334	163.5809	163.0154	-13.02
163.134	163.581	163.0154	-13.01
163.1345	163.5812	163.0154	-13.02
163.1356	163.5813	163.0154	-12.98
163.1361	163.5814	163.0154	-12.98
163.1366	163.5815	163.0154	-12.99
163.1372	163.5816	163.0154	-12.96
163.1377	163.5817	163.0154	-12.94
163.1382	163.5818	163.0154	-12.96
163.1388	163.582	163.0154	-12.98
163.1393	163.5822	163.0154	-13.03
163.1398	163.5823	163.0155	-13.06
163.1403	163.5824	163.0155	-13.04
163.1404	163.5826	163.0155	-13.03
163.1409	163.5827	163.0155	-13.01
163.1411	163.5828	163.0155	-13.01
163.1414	163.5829	163.0155	-13.01
163.142	163.5831	163.0155	-13
163.142	163.5832	163.0155	-13
163.1425	163.5833	163.0155	-12.99
163.1429	163.5834	163.0155	-12.95
163.143	163.5835	163.0155	-12.91
163.1433	163.5836	163.0155	-12.84
163.1435	163.5837	163.0155	-12.79
163.1437	163.5838	163.0155	-12.76
163.1441	163.5839	163.0155	-12.79
163.1446	163.5841	163.0155	-12.85
163.1446	163.5842	163.0155	-12.85
163.1451	163.5843	163.0155	-12.9
163.1455	163.6078	163.0403	-12.93
163.1457	163.6313	163.0651	-12.95
163.1464	163.6503	163.0832	-12.96
163.1467	163.6557	163.0877	-12.97
163.1472	163.7111	163.1257	-12.95
163.1473	163.7365	163.1432	-12.95
163.1478	163.737	163.1447	-12.93
163.1481	163.7371	163.1449	-12.93
163.1483	163.7371	163.145	-12.93
163.149	163.7377	163.1466	-12.91
163.1494	163.7382	163.1483	-12.89
163.1499	163.7388	163.1501	-12.85
163.1499	163.7404	163.1518	-12.84
163.15	163.7438	163.1535	-12.83
163.1505	163.7472	163.1552	-12.77
163.1507	163.7506	163.157	-12.73
163.151	163.7539	163.1587	-12.75
163.1515	163.7573	163.1604	-12.79
163.1516	163.7607	163.1621	-12.8
163.1521	163.7637	163.1637	-12.81
163.1525	163.7637	163.1637	-12.81
163.1526	163.7641	163.1639	-12.81
163.1531	163.7675	163.1656	-12.82
163.1534	163.7708	163.1673	-12.82
163.1536	163.7742	163.169	-12.82
163.1542	163.7776	163.1708	-12.79
163.1542	163.781	163.1725	-12.78
163.1547	163.7843	163.1742	-12.75
163.1551	163.7877	163.176	-12.75
163.1552	163.7911	163.1777	-12.75
163.1558	163.7945	163.1794	-12.76
163.156	163.7978	163.1811	-12.75
163.1563	163.8003	163.1824	-12.73
163.1567	163.8009	163.1827	-12.71
163.1568	163.8012	163.1829	-12.71
163.1569	163.8046	163.1846	-12.72
163.1574	163.808	163.1863	-12.74
163.1577	163.8113	163.188	-12.75
163.1586	163.8147	163.1898	-12.72
163.1595	163.8181	163.1915	-12.7
163.1604	163.8232	163.1932	-12.69
163.1613	163.8479	163.1949	-12.69
163.1621	163.8482	163.195	-12.7
163.163	163.8486	163.195	-12.71
163.1634	163.849	163.195	-12.72
163.1639	163.8493	163.1951	-12.73
163.1648	163.8497	163.1951	-12.76
163.1656	163.8501	163.1951	-12.75
163.1665	163.8504	163.1951	-12.74
163.1674	163.8508	163.1952	-12.72
163.1683	163.8511	163.1952	-12.7
163.1691	163.8515	163.1952	-12.69
163.17	163.8519	163.1953	-12.68
163.1701	163.8522	163.1953	-12.67
163.1709	163.8526	163.1953	-12.66
163.1718	163.853	163.1953	-12.67
163.1726	163.8533	163.1954	-12.68
163.1735	163.8537	163.1954	-12.7
163.1744	163.8541	163.1954	-12.7
163.1753	163.8544	163.1955	-12.7
163.1761	163.8548	163.1955	-12.71
163.1767	163.8552	163.1955	-12.71
163.177	163.8555	163.1955	-12.71
163.1779	163.8559	163.1956	-12.7
163.1788	163.8563	163.1956	-12.71
163.1796	163.8566	163.1956	-12.7
163.1805	163.857	163.1957	-12.72
163.1814	163.8574	163.1957	-12.71
163.1823	163.8577	163.1957	-12.7
163.1826	163.8581	163.1957	-12.7
163.1831	163.8585	163.1958	-12.71
163.1834	163.8587	163.1958	-12.71
163.184	163.8588	163.1958	-12.72
163.1849	163.8592	163.1958	-12.73
163.1858	163.8596	163.1959	-12.75
163.1866	163.8599	163.1959	-12.75
163.1875	163.8603	163.1959	-12.72
163.1884	163.8607	163.1959	-12.72
163.1893	163.861	163.196	-12.7
163.1901	163.8614	163.196	-12.68
163.1902	163.8618	163.196	-12.68
163.191	163.8621	163.1961	-12.68
163.1919	163.8625	163.1961	-12.67
163.1928	163.8628	163.1961	-12.67
163.1937	163.8632	163.1961	-12.66
163.1945	163.8636	163.1962	-12.64
163.1968	163.8642	163.1962	-12.57
163.1972	163.8674	163.1962	-12.57
163.198	163.8707	163.1962	-12.54
163.1989	163.874	163.1963	-12.52
163.1998	163.8772	163.1963	-12.5
163.2007	163.8805	163.1963	-12.51
163.2015	163.8837	163.1964	-12.49
163.2024	163.887	163.1964	-12.46
163.2033	163.8903	163.1964	-12.43
163.2035	163.8935	163.1964	-12.42
163.2042	163.8968	163.1965	-12.43
163.205	163.9	163.1965	-12.45
163.2059	163.9033	163.1965	-12.47
163.2068	163.9066	163.1966	-12.48
163.2079	163.9098	163.1966	-12.49
163.2331	163.9131	163.1966	-12.5
163.2657	163.9163	163.1966	-12.45
163.2836	163.9196	163.1967	-12.4
163.3089	163.9229	163.1967	-12.49
163.3341	163.9326	163.1968	-12.51
163.3495	163.9359	163.1968	-12.46
163.3594	163.9392	163.1968	-12.42
163.3825	163.9424	163.1969	-12.48
163.3846	163.9457	163.1969	-12.48
163.4098	163.9489	163.1969	-12.3
163.4351	163.9522	163.197	-12.42
163.4603	163.9555	163.197	-12.35
163.4856	163.9587	163.197	-12.33
163.4923	163.9624	163.197	-12.33
163.4992	163.966	163.1971	-12.34
163.5108	163.9682	163.1971	-12.36
163.5361	163.9734	163.2017	-12.3
163.5613	163.9812	163.2086	-12.35
163.5866	163.99	163.2188	-12.3
163.6118	163.9911	163.22	-12.31
163.6159	163.9917	163.2207	-12.32
163.6181	164.001	163.2315	-12.32
163.6344	164.0081	163.2397	-12.3
163.6371	164.0109	163.243	-12.3
163.6507	164.0208	163.2545	-12.24
163.6555	164.0244	163.2587	-12.22
163.6623	164.0285	163.2634	-12.22
163.6669	164.0307	163.2659	-12.21
163.6832	164.0405	163.2774	-12.16
163.6876	164.0408	163.2777	-12.16
163.6952	164.0504	163.2889	-12.17
163.6995	164.0572	163.2967	-12.17
163.7128	164.0603	163.3004	-12.14
163.7158	164.0669	163.3081	-12.14
163.732	164.0702	163.3118	-12.14
163.7348	164.0736	163.3158	-12.14
163.7381	164.0801	163.3233	-12.15
163.7483	164.09	163.3348	-12.15
163.7633	164.09	163.3348	-12.12
163.7646	164.0999	163.3463	-12.12
163.7809	164.1054	163.3527	-12.09
163.7886	164.1063	163.3538	-12.03
163.7972	164.1097	163.3577	-12.01
163.8134	164.1196	163.3692	-12.04
163.8138	164.1227	163.3728	-12.04
163.814	164.1295	163.3807	-12.04
163.8297	164.1391	163.3918	-12
163.8391	164.1394	163.3922	-11.97
163.846	164.1438	163.3973	-11.93
163.8537	164.1493	163.4036	-11.89
163.8623	164.1555	163.4108	-11.87
163.8643	164.1592	163.4151	-11.86
163.8785	164.1691	163.4266	-11.84
163.8896	164.1718	163.4298	-11.84
163.8933	164.179	163.4381	-11.85
163.8948	164.1823	163.4419	-11.85
163.9111	164.1882	163.4488	-11.83
163.9148	164.1888	163.4495	-11.83
163.9274	164.1987	163.461	-11.82
163.9329	164.2046	163.4678	-11.8
163.9401	164.2086	163.4725	-11.79
163.9436	164.2185	163.4839	-11.78
163.9599	164.2207	163.4865	-11.78
163.9653	164.221	163.4868	-11.79
163.9725	164.2284	163.4954	-11.81
163.9762	164.2374	163.5058	-11.81
163.9906	164.2383	163.5069	-11.78
163.9925	164.2482	163.5184	-11.78
164.0088	164.2537	163.5248	-11.75
164.0121	164.258	163.5298	-11.75
164.0158	164.2592	163.5312	-11.75
164.025	164.2679	163.5413	-11.72
164.041	164.2701	163.5439	-11.65
164.0413	164.2778	163.5528	-11.64
164.0518	164.2865	163.5629	-11.61
164.0576	164.2877	163.5643	-11.61
164.0663	164.2976	163.5757	-11.57
164.0739	164.2976	163.5758	-11.57
164.0901	164.3029	163.5819	-11.63
164.0914	164.3075	163.5872	-11.63
164.0915	164.3174	163.5987	-11.63
164.1064	164.3193	163.6009	-11.62
164.1168	164.3273	163.6102	-11.56
164.1227	164.3356	163.6199	-11.53
164.131	164.3361	163.6204	-11.55
164.139	164.3371	163.6216	-11.59
164.142	164.347	163.6331	-11.59
164.1553	164.352	163.6389	-11.59
164.1673	164.3569	163.6446	-11.63
164.1706	164.3678	163.6561	-11.64
164.1715	164.3695	163.6579	-11.64
164.1878	164.3763	163.665	-11.65
164.1925	164.3787	163.6675	-11.66
164.2041	164.3877	163.6769	-11.7
164.2102	164.3897	163.679	-11.74
164.2178	164.4007	163.6905	-11.8
164.2204	164.4059	163.6959	-11.81
164.2366	164.4117	163.7019	-11.84
164.243	164.4191	163.7097	-11.82
164.2499	164.4227	163.7134	-11.82
164.2529	164.4241	163.7149	-11.81
164.2683	164.4336	163.7249	-11.77
164.2692	164.4423	163.7339	-11.77
164.2855	164.4446	163.7364	-11.82
164.2895	164.4578	163.7478	-11.84
164.2935	164.465	163.7529	-11.86
164.3018	164.4668	163.7543	-11.84
164.318	164.4739	163.7593	-11.78
164.3188	164.49	163.7708	-11.78
164.3291	164.4916	163.772	-11.8
164.3343	164.5061	163.7823	-11.82
164.344	164.5183	163.791	-11.9
164.3506	164.5222	163.7937	-11.93
164.3669	164.5295	163.7989	-11.93
164.3687	164.5383	163.8052	-11.93
164.3693	164.545	163.81	-11.92
164.3831	164.5544	163.8167	-11.89
164.3945	164.5705	163.8282	-11.9
164.3994	164.5717	163.829	-11.89
164.4084	164.5866	163.8396	-11.87
164.4157	164.5921	163.8435	-11.86
164.4198	164.5984	163.848	-11.86
164.432	164.6027	163.8511	-11.86
164.445	164.6188	163.8626	-11.84
164.448	164.625	163.867	-11.84
164.4483	164.6349	163.8741	-11.84
164.4645	164.651	163.8855	-11.88
164.4703	164.6517	163.886	-11.9
164.4808	164.6547	163.8881	-11.94
164.4876	164.6671	163.897	-11.98
164.4955	164.6784	163.905	-12.01
164.4971	164.6832	163.9085	-12.01
164.5134	164.6993	163.92	-11.98
164.5208	164.7051	163.924	-11.99
164.5272	164.7155	163.9314	-11.98
164.5296	164.7173	163.9328	-11.98
164.5459	164.7316	163.9429	-11.96
164.546	164.7317	163.943	-11.96
164.5622	164.7477	163.9544	-12.03
164.5668	164.7584	163.962	-12.05
164.5713	164.7638	163.9658	-12.05
164.5785	164.7799	163.9773	-12.05
164.5948	164.78	163.9774	-11.96
164.5965	164.7851	163.981	-11.96
164.6065	164.796	163.9888	-11.92
164.611	164.8118	164.0001	-11.91
164.6218	164.8121	164.0003	-11.87
164.6273	164.8282	164.0117	-11.87
164.6436	164.8396	164.0191	-11.84
164.6461	164.8442	164.022	-11.83
164.647	164.8468	164.0232	-11.83
164.6599	164.8713	164.0355	-11.82
164.6723	164.8714	164.0381	-11.91
164.6761	164.8715	164.0571	-11.94
164.6857	164.8715	164.0571	-11.94
164.6924	164.8716	164.0761	-11.9
164.6975	164.8716	164.0794	-11.86
164.7074	164.8717	164.0951	-11.77
164.7139	164.8717	164.1091	-11.78
164.7227	164.8718	164.1322	-11.83
164.7254	164.8718	164.151	-11.85
164.7434	164.8719	164.1626	-11.9
164.748	164.872	164.1799	-11.93
164.7615	164.872	164.185	-12.02
164.7732	164.8721	164.2002	-12.08
164.7795	164.8721	164.2023	-12.1
164.7931	164.8722	164.2196	-12.09
164.7976	164.8722	164.2205	-12.08
164.7985	164.8722	164.2225	-12.07
164.8156	164.8722	164.2292	-11.99
164.8237	164.8722	164.2296	-12.05
164.8336	164.8722	164.2359	-12.08
164.849	164.8722	164.2385	-11.96
164.8517	164.8722	164.2426	-11.94
164.8697	164.8722	164.2475	-12.12
164.8724	164.8724	164.2489	-12.14
164.8742	164.8742	164.2518	-12.14
164.8878	164.8878	164.252	-12.19
164.8995	164.8995	164.2547	-12.29
164.9058	164.9058	164.256	-12.33
164.9238	164.9238	164.2577	-12.25
164.9247	164.9247	164.2599	-12.24
164.9465	164.9465	164.2606	-12.18
164.95	164.95	164.2635	-12.22
164.953	164.953	164.2638	-12.25
164.953	164.953	164.2664	-12.25
164.9539	164.9539	164.2677	-12.26
164.955	164.955	164.2693	-12.26
164.9561	164.9561	164.2716	-12.27
164.9572	164.9572	164.2723	-12.27
164.9583	164.9583	164.2752	-12.28
164.9594	164.9594	164.2755	-12.28
164.9605	164.9605	164.2781	-12.27
164.9617	164.9617	164.2794	-12.25
164.9628	164.9628	164.281	-12.24
164.9639	164.9639	164.2834	-12.22
164.965	164.965	164.2839	-12.21
164.9661	164.9661	164.2869	-12.23
164.9672	164.9672	164.2873	-12.26
164.9683	164.9683	164.2891	-12.3
164.9689	164.9689	164.2898	-12.31
164.9694	164.9694	164.2912	-12.33
164.9706	164.9706	164.2927	-12.36
164.9717	164.9717	164.2951	-12.4
164.9728	164.9728	164.2956	-12.43
164.9739	164.9739	164.2985	-12.45
164.975	164.975	164.299	-12.48
164.9752	164.9752	164.3014	-12.49
164.9761	164.9761	164.303	-12.51
164.9772	164.9772	164.307	-12.54
164.9784	164.9784	164.311	-12.56
164.9795	164.9795	164.315	-12.57
164.9806	164.9806	164.3191	-12.58
164.9817	164.9817	164.3231	-12.59
164.9828	164.9828	164.3271	-12.6
164.9839	164.9839	164.3312	-12.62
164.985	164.985	164.3352	-12.64
164.9862	164.9862	164.3392	-12.67
164.9873	164.9873	164.3432	-12.69
164.9884	164.9884	164.3473	-12.72
164.9895	164.9895	164.3513	-12.74
164.9906	164.9906	164.3553	-12.76
164.9917	164.9917	164.3593	-12.78
164.9928	164.9928	164.3634	-12.79
164.9939	164.9939	164.3663	-12.81
164.9951	164.9951	164.3674	-12.83
164.9962	164.9962	164.3714	-12.84
164.9973	164.9973	164.3835	-12.84
165.0005	165.0005	164.3875	-12.83
165.0006	165.0006	164.3916	-12.83
165.0017	165.0017	164.395	-12.82
165.0029	165.0029	164.3972	-12.81
165.004	165.004	164.3994	-12.81
165.0062	165.0062	164.4005	-12.81
165.0065	165.0065	164.4016	-12.81
165.0084	165.0084	164.4026	-12.81
165.0095	165.0095	164.4037	-12.8
165.0107	165.0107	164.4047	-12.79
165.0118	165.0118	164.4048	-12.78
165.0129	165.0129	164.4059	-12.78
165.014	165.014	164.4081	-12.77
165.0151	165.0151	164.4092	-12.76
165.0173	165.0173	164.4114	-12.73
165.0184	165.0184	164.4125	-12.71
165.0207	165.0207	164.4136	-12.69
165.0218	165.0218	164.4147	-12.68
165.0229	165.0229	164.4158	-12.68
165.024	165.024	164.4169	-12.68
165.0251	165.0251	164.418	-12.68
165.0257	165.0257	164.419	-12.67
165.0262	165.0262	164.4201	-12.67
165.0274	165.0274	164.4212	-12.67
165.0285	165.0285	164.4223	-12.66
165.0296	165.0296	164.4223	-12.65
165.0307	165.0307	164.4234	-12.64
165.0318	165.0318	164.4245	-12.64
165.0329	165.0329	164.4256	-12.63
165.034	165.034	164.4267	-12.64
165.0352	165.0352	164.4278	-12.65
165.0363	165.0363	164.4289	-12.66
165.0374	165.0374	164.43	-12.67
165.0385	165.0385	164.4311	-12.68
165.0396	165.0396	164.4322	-12.69
165.0407	165.0407	164.4333	-12.71
165.0418	165.0418	164.4344	-12.72
165.0429	165.0429	164.4354	-12.74
165.0441	165.0441	164.4365	-12.75
165.0442	165.0442	164.4376	-12.75
165.0452	165.0452	164.4387	-12.76
165.0463	165.0463	164.4398	-12.77
165.0474	165.0474	164.4399	-12.77
165.0485	165.0485	164.4409	-12.78
165.0496	165.0496	164.442	-12.78
165.0507	165.0507	164.4431	-12.79
165.051	165.051	164.4442	-12.79
165.0514	165.0514	164.4454	-12.79
165.0518	165.0518	164.4471	-12.79
165.0523	165.0523	164.4488	-12.79
165.0527	165.0527	164.4506	-12.79
165.0594	165.0594	164.4522	-12.83
165.0645	165.0645	164.4524	-12.92
165.0654	165.0654	164.4542	-12.94
165.0692	165.0692	164.456	-13.01
165.0738	165.0738	164.4577	-13.12
165.0762	165.0762	164.4595	-13.15
165.0785	165.0785	164.4613	-13.16
165.0798	165.0798	164.4631	-13.16
165.0831	165.0831	164.4649	-13.17
165.0878	165.0878	164.4666	-13.14
165.0925	165.0925	164.4684	-13.12
165.0943	165.0943	164.4702	-13.12
165.0971	165.0971	164.4705	-13.12
165.1015	165.1015	164.472	-13.13
165.1018	165.1018	164.4737	-13.13
165.1064	165.1064	164.4755	-13.18
165.1087	165.1087	164.4773	-13.2
165.1111	165.1111	164.4791	-13.22
165.1157	165.1157	164.4801	-13.28
165.1204	165.1204	164.4809	-13.31
165.1232	165.1232	164.4826	-13.34
165.1251	165.1251	164.4844	-13.35
165.1267	165.1267	164.4862	-13.34
165.1297	165.1297	164.488	-13.3
165.1344	165.1344	164.4898	-13.24
165.1376	165.1376	164.4915	-13.25
165.1376	165.1376	164.4933	-13.25
165.1376	165.1376	164.4951	-13.25
165.1377	165.1377	164.4969	-13.25
165.1377	165.1377	164.4986	-13.25
165.1377	165.1377	164.5004	-13.25
165.1378	165.1378	164.5022	-13.24
165.1378	165.1378	164.504	-13.24
165.1378	165.1378	164.5058	-13.24
165.1379	165.1379	164.5067	-13.24
165.1379	165.1379	164.5075	-13.24
165.1379	165.1379	164.5079	-13.24
165.1379	165.1379	164.5093	-13.24
165.138	165.138	164.5111	-13.24
165.138	165.138	164.5129	-13.23
165.138	165.138	164.5147	-13.23
165.1381	165.1381	164.5164	-13.23
165.1381	165.1381	164.5182	-13.23
165.1381	165.1381	164.52	-13.23
165.1382	165.1382	164.5218	-13.23
165.1382	165.1382	164.5235	-13.23
165.1382	165.1382	164.5253	-13.23
165.1382	165.1382	164.5271	-13.23
165.1382	165.1382	164.5289	-13.22
165.1383	165.1383	164.5307	-13.22
165.1383	165.0372	164.5324	-13.22
165.1383	165.0409	164.5342	-13.22
165.1384	165.0439	164.5357	-13.22
165.1384	165.0445	164.536	-13.22
165.1384	165.0482	164.5378	-13.22
165.1385	165.0518	164.5396	-13.22
165.1385	165.0555	164.5413	-13.21
165.1385	165.0587	164.5429	-13.21
165.1385	165.0591	164.5431	-13.21
165.1386	165.0627	164.5449	-13.21
165.1386	165.0664	164.5467	-13.21
165.1386	165.07	164.5484	-13.21
165.1387	165.0737	164.5502	-13.21
165.1387	165.0773	164.552	-13.21
165.1387	165.0809	164.5538	-13.21
165.1388	165.0846	164.5556	-13.21
165.1388	165.0882	164.5573	-13.21
165.1388	165.0919	164.5591	-13.21
165.1388	165.0955	164.5609	-13.21
165.1389	165.0992	164.5627	-13.22
165.1389	165.1009	164.5635	-13.22
165.1389	165.1028	164.5645	-13.22
165.1389	165.1064	164.5662	-13.22
165.139	165.1101	164.568	-13.23
165.139	165.1137	164.5698	-13.23
165.139	165.1174	164.5716	-13.23
165.1391	165.121	164.5733	-13.23
165.1391	165.1246	164.5751	-13.24
165.1391	165.1283	164.5769	-13.24
165.1392	165.1319	164.5787	-13.24
165.1392	165.1329	164.5792	-13.24
165.1392	165.1356	164.5805	-13.24
165.1392	165.1392	164.5822	-13.25
165.1393	165.1429	164.584	-13.25
165.1393	165.1465	164.5858	-13.25
165.1393	165.1501	164.5876	-13.25
165.1394	165.1538	164.5894	-13.26
165.1394	165.1574	164.5911	-13.26
165.1394	165.1579	164.5914	-13.26
165.1394	165.1611	164.5929	-13.26
165.1395	165.1647	164.5947	-13.26
165.1395	165.1683	164.5965	-13.27
165.1395	165.172	164.5983	-13.27
165.1395	165.1756	164.6	-13.27
165.1396	165.1793	164.6018	-13.27
165.1396	165.1829	164.6036	-13.28
165.1396	165.1866	164.6054	-13.28
165.1397	165.1902	164.6071	-13.28
165.1397	165.1993	164.6116	-13.28
165.1397	165.2071	164.6154	-13.28
165.1398	165.2084	164.616	-13.28
165.1398	165.2148	164.6192	-13.28
165.1398	165.2175	164.6205	-13.29
165.1399	165.2266	164.6249	-13.29
165.14	165.2357	164.6294	-13.29
165.14	165.2448	164.6321	-13.29
165.14	165.2539	164.6322	-13.29
165.1401	165.263	164.6323	-13.29
165.1402	165.2718	164.6324	-13.29
165.1403	165.2721	164.6324	-13.3
165.1404	165.2812	164.6326	-13.3
165.1404	165.2813	164.6326	-13.3
165.1405	165.2903	164.6327	-13.3
165.1406	165.2994	164.6328	-13.3
165.1407	165.3085	164.6329	-13.31
165.1407	165.3177	164.633	-13.31
165.1407	165.3213	164.6331	-13.3
165.1408	165.3287	164.6332	-13.29
165.1409	165.3304	164.6332	-13.28
165.1409	165.3395	164.6333	-13.28
165.141	165.3486	164.6334	-13.27
165.1411	165.3555	164.6335	-13.26
165.1411	165.3577	164.6335	-13.25
165.1412	165.3668	164.6337	-13.24
165.1413	165.3759	164.6338	-13.23
165.1413	165.385	164.6339	-13.23
165.1414	165.3857	164.6339	-13.22
165.1414	165.3941	164.634	-13.21
165.1415	165.4032	164.6341	-13.2
165.1416	165.4123	164.6343	-13.19
165.1423	165.4129	164.6375	-13.21
165.1453	165.413	164.6378	-13.21
165.149	165.4137	164.6413	-13.24
165.152	165.4141	164.6435	-13.23
165.1526	165.4142	164.644	-13.23
165.1563	165.4143	164.6448	-13.22
165.1599	165.415	164.6484	-13.21
165.1635	165.4152	164.6495	-13.23
165.1672	165.4157	164.6519	-13.23
165.1708	165.4163	164.6554	-13.22
165.1745	165.4163	164.6555	-13.23
165.1772	165.417	164.659	-13.24
165.1781	165.4175	164.6615	-13.24
165.1784	165.4177	164.6625	-13.24
165.1818	165.4183	164.666	-13.26
165.1854	165.4186	164.6675	-13.25
165.1891	165.419	164.6696	-13.23
165.1927	165.4197	164.6731	-13.23
165.1964	165.4197	164.6735	-13.17
165.2	165.4203	164.6766	-13.14
165.2037	165.4209	164.6795	-13.08
165.2073	165.421	164.6802	-13.08
165.2109	165.4217	164.6837	-13.07
165.2146	165.422	164.6856	-13.04
165.2182	165.4223	164.6872	-13.01
165.2219	165.423	164.6908	-12.98
165.2255	165.4231	164.6915	-12.95
165.2277	165.4237	164.6943	-12.96
165.2292	165.427	164.6975	-12.97
165.2328	165.4273	164.6978	-12.97
165.2365	165.4435	164.7014	-12.97
165.2401	165.4533	164.7035	-12.95
165.2438	165.4598	164.7049	-12.93
165.2474	165.476	164.7084	-12.92
165.2499	165.4808	164.7095	-12.93
165.253	165.4922	164.7119	-12.92
165.2616	165.5084	164.7155	-12.97
165.2625	165.5084	164.7155	-12.97
165.274	165.5246	164.719	-13.06
165.2782	165.5359	164.7215	-13.06
165.2854	165.5408	164.7225	-13.09
165.2939	165.557	164.7261	-13.2
165.2969	165.5627	164.7273	-13.24
165.3035	165.5635	164.7275	-13.26
165.3083	165.5732	164.7296	-13.23
165.3198	165.5895	164.7331	-13.33
165.3262	165.591	164.7335	-13.31
165.3287	165.6057	164.7367	-13.3
165.3313	165.6186	164.7414	-13.29
165.3427	165.6219	164.7437	-13.3
165.3539	165.6219	164.7437	-13.28
165.3542	165.6219	164.7437	-13.28
165.3584	165.6219	164.7446	-13.3
165.3656	165.6219	164.746	-13.36
165.3771	165.6219	164.7475	-13.43
165.3792	165.6219	164.7489	-13.45
165.3886	165.6219	164.7504	-13.51
165.3907	165.6219	164.7518	-13.52
165.4	165.6219	164.7533	-13.52
165.4044	165.6219	164.7547	-13.5
165.4115	165.6219	164.7562	-13.46
165.4229	165.6219	164.7576	-13.4
165.423	165.6219	164.7591	-13.4
165.4297	165.6219	164.7605	-13.4
165.4344	165.6219	164.762	-13.41
165.4458	165.6219	164.7634	-13.33
165.4549	165.6219	164.7649	-13.39
165.4552	165.6219	164.7663	-13.39
165.4573	165.6219	164.7678	-13.39
165.4688	165.6219	164.7693	-13.29
165.4802	165.6219	164.7707	-13.23
165.4802	165.6219	164.7722	-13.23
165.4875	165.6219	164.7736	-13.22
165.4917	165.6219	164.7751	-13.22
165.5031	165.6219	164.7766	-13.22
165.5054	165.6224	164.7774	-13.21
165.5146	165.6229	164.7782	-13.25
165.5198	165.6234	164.779	-13.34
165.5278	165.6239	164.7798	-13.44
165.5307	165.6243	164.7807	-13.46
165.5559	165.6248	164.7815	-13.38
165.5662	165.6253	164.7823	-13.35
165.5663	165.6258	164.7831	-13.35
165.5663	165.6263	164.7839	-13.35
165.5664	165.6268	164.7848	-13.35
165.5665	165.6273	164.7856	-13.35
165.5666	165.6278	164.7864	-13.35
165.5667	165.6282	164.7872	-13.35
165.5668	165.6282	164.7872	-13.35
165.5669	165.6287	164.788	-13.35
165.567	165.6292	164.7889	-13.35
165.567	165.6297	164.7897	-13.35
165.5671	165.6302	164.7905	-13.35
165.5672	165.6307	164.7913	-13.35
165.5673	165.6312	164.7921	-13.35
165.5695	165.6317	164.793	-13.35
165.5718	165.6321	164.7938	-13.34
165.5741	165.6326	164.7946	-13.34
165.5764	165.6331	164.7954	-13.34
165.5787	165.6336	164.7962	-13.34
165.581	165.6341	164.7971	-13.34
165.5812	165.6346	164.7979	-13.34
165.5833	165.6351	164.7987	-13.34
165.5856	165.6356	164.7995	-13.34
165.5878	165.636	164.8003	-13.35
165.5901	165.6365	164.8012	-13.35
165.5924	165.637	164.802	-13.35
165.5947	165.6375	164.8028	-13.36
165.597	165.638	164.8036	-13.36
165.5993	165.6385	164.8044	-13.36
165.6016	165.639	164.8053	-13.36
165.6039	165.6395	164.8061	-13.37
165.6061	165.6399	164.8069	-13.37
165.6064	165.6404	164.8077	-13.37
165.6084	165.6409	164.8085	-13.35
165.6107	165.6414	164.8094	-13.33
165.613	165.6419	164.8102	-13.3
165.6153	165.6429	164.8118	-13.28
165.6176	165.6434	164.8126	-13.25
165.6199	165.6438	164.8135	-13.22
165.6222	165.645	164.8143	-13.2
165.6245	165.6465	164.8151	-13.17
165.6267	165.6481	164.8159	-13.14
165.629	165.6496	164.8167	-13.12
165.6313	165.6507	164.8173	-13.09
165.6317	165.6512	164.8176	-13.09
165.6359	165.6528	164.8184	-13.09
165.6382	165.6543	164.8192	-13.09
165.6405	165.6554	164.8198	-13.09
165.6428	165.6605	164.8375	-13.09
165.645	165.6652	164.8506	-13.1
165.6473	165.6699	164.8636	-13.1
165.6496	165.6773	164.8766	-13.1
165.6519	165.6865	164.8824	-13.1
165.6542	165.6982	164.8896	-13.11
165.6565	165.719	164.9027	-13.11
165.6569	165.7422	164.9157	-13.11
165.6588	165.7817	164.9288	-13.12
165.6611	165.7818	164.9301	-13.13
165.6633	165.7819	164.9316	-13.13
165.6656	165.7819	164.9318	-13.14
165.6679	165.782	164.9331	-13.15
165.6702	165.7821	164.9346	-13.16
165.6725	165.7821	164.936	-13.17
165.6748	165.7822	164.9375	-13.18
165.6771	165.7823	164.939	-13.19
165.6794	165.7824	164.9405	-13.19
165.6816	165.7825	164.9419	-13.2
165.6822	165.7826	164.9434	-13.21
165.6839	165.7826	164.9449	-13.22
165.6862	165.7827	164.9463	-13.23
165.6885	165.7828	164.9478	-13.25
165.6908	165.7829	164.9493	-13.27
165.6931	165.783	164.9508	-13.28
165.6954	165.783	164.9519	-13.3
165.6977	165.783	164.9519	-13.32
165.7	165.7831	164.9522	-13.33
165.7022	165.7831	164.9537	-13.35
165.7045	165.7832	164.9552	-13.37
165.7068	165.7833	164.9567	-13.38
165.7074	165.7834	164.9581	-13.39
165.7091	165.7835	164.9596	-13.39
165.7114	165.7836	164.9611	-13.39
165.7137	165.7836	164.9626	-13.39
165.716	165.7837	164.964	-13.38
165.7183	165.7838	164.9655	-13.38
165.7205	165.7839	164.967	-13.38
165.7228	165.784	164.9685	-13.37
165.7251	165.787	164.9699	-13.37
165.7274	165.7903	164.9714	-13.37
165.7297	165.7917	164.9721	-13.37
165.732	165.7935	164.9729	-13.36
165.7327	165.7967	164.9744	-13.36
165.7343	165.7999	164.9758	-13.36
165.7366	165.8031	164.9773	-13.35
165.7388	165.8063	164.9788	-13.34
165.7411	165.8127	164.9817	-13.33
165.7434	165.8159	164.9832	-13.32
165.7457	165.8187	164.9845	-13.31
165.748	165.8192	164.9847	-13.3
165.7503	165.8224	164.9861	-13.29
165.7526	165.8256	164.9876	-13.28
165.7555	165.8288	164.9891	-13.27
165.7579	165.832	164.9906	-13.26
165.7618	165.8352	164.992	-13.26
165.7649	165.8355	164.9922	-13.27
165.768	165.8416	164.995	-13.27
165.7712	165.8448	164.9965	-13.27
165.7743	165.8481	164.9979	-13.28
165.7774	165.8513	164.9994	-13.28
165.7805	165.8545	165.0009	-13.29
165.7832	165.8577	165.0024	-13.29
165.7837	165.8609	165.0038	-13.29
165.7899	165.8641	165.0053	-13.28
165.7931	165.8673	165.0068	-13.27
165.7962	165.8705	165.0083	-13.27
165.7993	165.8737	165.0097	-13.26
165.8024	165.877	165.0099	-13.25
165.8056	165.8794	165.01	-13.25
165.8084	165.8802	165.01	-13.24
165.8087	165.8834	165.0101	-13.24
165.8118	165.8866	165.0102	-13.22
165.8149	165.8907	165.0103	-13.2
165.8181	165.8909	165.0103	-13.18
165.8212	165.8952	165.0104	-13.16
165.8236	165.9038	165.0106	-13.14
165.8238	165.913	165.0196	-13.14
165.824	165.9139	165.0212	-13.13
165.8241	165.9148	165.0228	-13.13
165.8243	165.9172	165.0274	-13.13
165.8244	165.9202	165.033	-13.12
165.8247	165.9232	165.0385	-13.12
165.8248	165.9235	165.039	-13.12
165.8249	165.9262	165.0441	-13.12
165.8249	165.9292	165.0497	-13.12
165.825	165.9326	165.0552	-13.12
165.8251	165.9364	165.0608	-13.11
165.8251	165.9401	165.0655	-13.11
165.8252	165.9439	165.0685	-13.11
165.8253	165.9476	165.0715	-13.11
165.8253	165.9514	165.0745	-13.11
165.8254	165.9551	165.0775	-13.11
165.8255	165.9589	165.0805	-13.11
165.8255	165.9622	165.0832	-13.11
165.8256	165.9626	165.0835	-13.11
165.8257	165.9664	165.0865	-13.1
165.8257	165.9701	165.0895	-13.1
165.8258	165.9738	165.0926	-13.1
165.8259	165.9776	165.0956	-13.1
165.8259	165.9813	165.0986	-13.1
165.826	165.9851	165.1016	-13.1
165.826	165.9888	165.1046	-13.1
165.826	165.9926	165.1076	-13.1
165.8261	165.9963	165.1106	-13.1
165.8261	166.0001	165.1136	-13.1
165.8261	166.0028	165.1158	-13.1
165.8261	166.0038	165.1166	-13.09
165.8262	166.0076	165.1196	-13.09
165.8262	166.0113	165.1226	-13.09
165.8262	166.0151	165.1256	-13.09
165.8263	166.0188	165.1286	-13.09
165.8263	166.0226	165.1316	-13.09
165.8263	166.0263	165.1346	-13.09
165.8263	166.0299	165.1375	-13.09
165.8264	166.0301	165.1376	-13.09
165.8264	166.0338	165.1407	-13.09
165.8264	166.0376	165.1437	-13.09
165.8265	166.0413	165.1467	-13.09
165.8265	166.0468	165.1483	-13.09
165.8265	166.0513	165.1497	-13.09
165.8265	166.0628	165.1527	-13.09
165.8266	166.0742	165.1557	-13.09
165.8266	166.0856	165.1582	-13.09
165.8266	166.0877	165.1586	-13.08
165.8267	166.0971	165.1601	-13.08
165.8267	166.1085	165.1619	-13.08
165.8267	166.1199	165.1637	-13.08
165.8267	166.1314	165.1656	-13.08
165.8268	166.1428	165.1674	-13.08
165.8268	166.1542	165.1693	-13.08
165.8268	166.1654	165.171	-13.08
165.8269	166.1699	165.1718	-13.08
165.8269	166.1704	165.1719	-13.08
165.8269	166.1759	165.1727	-13.08
165.8269	166.1863	165.1744	-13.08
165.827	166.1922	165.183	-13.08
165.827	166.1954	165.1876	-13.08
165.827	166.1981	165.1915	-13.08
165.8271	166.204	165.2001	-13.08
165.8337	166.2059	165.2029	-12.98
165.8372	166.2099	165.2087	-12.96
165.8418	166.2158	165.2129	-12.98
165.8438	166.2164	165.213	-12.99
165.8498	166.2219	165.2139	-13.01
165.8559	166.2262	165.2145	-13.04
165.8589	166.2274	165.2145	-13.03
165.8598	166.2275	165.2145	-13.02
165.8619	166.2284	165.2146	-12.98
165.868	166.2295	165.2146	-13
165.8707	166.2306	165.2146	-13.02
165.8741	166.2318	165.2147	-13.05
165.8801	166.2329	165.2147	-13.09
165.8842	166.234	165.2147	-13.1
165.8862	166.2345	165.2147	-13.09
165.8922	166.2352	165.2147	-13.09
165.8983	166.2363	165.2148	-13.05
165.8996	166.2374	165.2148	-13.05
165.9043	166.2385	165.2148	-13.02
165.9094	166.2397	165.2149	-12.98
165.9104	166.2408	165.2149	-12.98
165.9113	166.2419	165.2149	-12.98
165.9164	166.2431	165.215	-12.99
165.9225	166.2442	165.215	-12.99
165.9285	166.2443	165.215	-12.99
165.9285	166.2453	165.215	-12.99
165.9346	166.2464	165.215	-12.98
165.9347	166.2469	165.2151	-12.98
165.9407	166.2476	165.2151	-12.99
165.9467	166.2487	165.2151	-12.98
165.9528	166.2498	165.2151	-12.96
165.9574	166.251	165.2152	-12.98
165.9588	166.2521	165.2152	-12.99
165.9629	166.2532	165.2152	-13
165.9649	166.2543	165.2153	-13.01
165.9709	166.2555	165.2153	-13.01
165.977	166.2566	165.2153	-13.02
165.9789	166.2577	165.2153	-12.99
165.9798	166.2589	165.2154	-13
165.9807	166.2593	165.2154	-13.01
165.9826	166.26	165.2154	-12.99
165.9845	166.2611	165.2154	-12.98
165.9852	166.2611	165.2154	-12.97
165.9864	166.2622	165.2155	-12.97
165.9882	166.2634	165.2155	-12.94
165.9886	166.2645	165.2155	-12.94
165.9888	166.2656	165.2156	-12.93
165.9901	166.2668	165.2156	-12.91
165.992	166.2679	165.2156	-12.88
165.9938	166.269	165.2156	-12.87
165.9957	166.2701	165.2157	-12.88
165.9976	166.2717	165.2157	-12.84
165.9977	166.2724	165.2157	-12.84
165.9995	166.2735	165.2158	-12.84
166.0013	166.2747	165.2158	-12.84
166.0032	166.2758	165.2158	-12.85
166.0045	166.2769	165.2159	-12.85
166.0051	166.2779	165.2159	-12.86
166.0067	166.278	165.2159	-12.86
166.0088	166.2792	165.2159	-12.86
166.0104	166.2803	165.2159	-12.88
166.0107	166.2814	165.216	-12.89
166.0126	166.2826	165.216	-12.87
166.0145	166.2837	165.216	-12.89
166.0156	166.2841	165.216	-12.88
166.0163	166.2848	165.2161	-12.87
166.0182	166.2859	165.2161	-12.86
166.0201	166.2871	165.2161	-12.81
166.0205	166.2882	165.2162	-12.8
166.022	166.2893	165.2162	-12.8
166.0238	166.2905	165.2162	-12.79
166.0245	166.2916	165.2162	-12.78
166.0257	166.2927	165.2163	-12.77
166.0276	166.2938	165.2163	-12.76
166.0295	166.2948	165.2163	-12.77
166.0313	166.295	165.2163	-12.77
166.0332	166.2961	165.2164	-12.78
166.0335	166.2965	165.2164	-12.78
166.0351	166.2972	165.2164	-12.79
166.0356	166.2984	165.2164	-12.8
166.0365	166.2995	165.2165	-12.81
166.037	166.3006	165.2165	-12.8
166.0388	166.3017	165.2165	-12.68
166.0407	166.3029	165.2166	-12.67
166.0424	166.304	165.2166	-12.74
166.0426	166.3051	165.2166	-12.75
166.0444	166.3063	165.2166	-12.73
166.0463	166.3069	165.2167	-12.76
166.0482	166.3074	165.2167	-12.77
166.0501	166.3085	165.2167	-12.76
166.0514	166.3088	165.2167	-12.76
166.0519	166.3096	165.2167	-12.75
166.0524	166.3108	165.2168	-12.75
166.0538	166.3116	165.2168	-12.75
166.0557	166.3119	165.2168	-12.8
166.0576	166.313	165.2168	-12.8
166.0594	166.3142	165.2169	-12.84
166.0603	166.3153	165.2169	-12.84
166.0609	166.3164	165.2169	-12.84
166.0613	166.3175	165.2169	-12.83
166.0632	166.3187	165.217	-12.8
166.0651	166.3198	165.217	-12.78
166.0669	166.3209	165.217	-12.76
166.0684	166.3212	165.217	-12.75
166.0688	166.3221	165.2171	-12.74
166.0692	166.3232	165.2171	-12.75
166.0707	166.3243	165.2171	-12.77
166.0726	166.3254	165.2172	-12.78
166.0744	166.3266	165.2172	-12.77
166.0763	166.3277	165.2172	-12.75
166.0782	166.3288	165.2172	-12.75
166.0782	166.33	165.2173	-12.75
166.0801	166.3311	165.2173	-12.73
166.0819	166.3322	165.2173	-12.74
166.0838	166.3333	165.2174	-12.73
166.0843	166.3336	165.2174	-12.73
166.0857	166.3345	165.2174	-12.74
166.0861	166.3356	165.2174	-12.73
166.0871	166.3367	165.2175	-12.72
166.0875	166.3379	165.2175	-12.72
166.0894	166.339	165.2175	-12.76
166.0913	166.3401	165.2175	-12.73
166.0932	166.3413	165.2176	-12.73
166.095	166.3424	165.2176	-12.76
166.096	166.3435	165.2176	-12.76
166.0969	166.3446	165.2177	-12.75
166.0988	166.3453	165.2177	-12.73
166.1003	166.3458	165.2177	-12.74
166.1007	166.346	165.2177	-12.74
166.1025	166.3469	165.2177	-12.73
166.1044	166.348	165.2178	-12.71
166.105	166.3492	165.2178	-12.7
166.1063	166.3503	165.2178	-12.7
166.1082	166.3514	165.2178	-12.69
166.11	166.3525	165.2179	-12.67
166.1114	166.3537	165.2179	-12.68
166.1119	166.3548	165.2179	-12.68
166.1138	166.3559	165.218	-12.7
166.1139	166.3562	165.2181	-12.7
166.1157	166.3565	165.2181	-12.71
166.1163	166.3567	165.2182	-12.7
166.1175	166.357	165.2183	-12.69
166.1194	166.3573	165.2184	-12.7
166.1213	166.3576	165.2185	-12.7
166.1229	166.3578	165.2186	-12.72
166.1232	166.3581	165.2187	-12.72
166.125	166.3584	165.2188	-12.71
166.1269	166.3586	165.2189	-12.73
166.1288	166.3589	165.2189	-12.74
166.1307	166.3592	165.219	-12.78
166.1318	166.3595	165.2191	-12.76
166.1322	166.3597	165.2192	-12.76
166.1325	166.36	165.2193	-12.76
166.1344	166.3603	165.2194	-12.8
166.1363	166.3606	165.2195	-12.79
166.1366	166.3608	165.2196	-12.79
166.1376	166.3611	165.2196	-12.82
166.1381	166.3614	165.2197	-12.83
166.1385	166.3616	165.2198	-12.84
166.1394	166.3619	165.2199	-12.85
166.14	166.3622	165.22	-12.85
166.1403	166.3622	165.22	-12.84
166.1407	166.3625	165.2201	-12.84
166.1412	166.3627	165.2202	-12.84
166.1419	166.363	165.2203	-12.85
166.1421	166.3633	165.2204	-12.84
166.143	166.3636	165.2204	-12.82
166.1438	166.3638	165.2205	-12.79
166.1439	166.3641	165.2206	-12.8
166.1448	166.3644	165.2207	-12.84
166.1457	166.3646	165.2208	-12.85
166.1458	166.3649	165.2209	-12.85
166.1467	166.3652	165.221	-12.82
166.1476	166.3655	165.2211	-12.81
166.1484	166.3657	165.2211	-12.75
166.1485	166.3657	165.2211	-12.75
166.1485	166.366	165.2212	-12.74
166.1494	166.3663	165.2213	-12.72
166.1496	166.3666	165.2214	-12.72
166.1503	166.3668	165.2215	-12.7
166.1506	166.3671	165.2216	-12.69
166.1512	166.3674	165.2217	-12.73
166.1516	166.3676	165.2218	-12.76
166.1521	166.3679	165.2219	-12.77
166.1527	166.3682	165.2219	-12.79
166.153	166.3685	165.222	-12.77
166.1537	166.3687	165.2221	-12.74
166.154	166.369	165.2222	-12.74
166.1547	166.3693	165.2223	-12.75
166.1549	166.3696	165.2224	-12.75
166.1557	166.3698	165.2225	-12.76
166.1558	166.3701	165.2226	-12.76
166.1567	166.3704	165.2226	-12.77
166.1568	166.3706	165.2227	-12.77
166.1576	166.3709	165.2228	-12.7
166.1578	166.3712	165.2229	-12.68
166.1585	166.3715	165.223	-12.65
166.1588	166.3717	165.2231	-12.64
166.1594	166.372	165.2232	-12.66
166.1599	166.3723	165.2233	-12.68
166.1603	166.3726	165.2234	-12.7
166.1609	166.3728	165.2234	-12.72
166.1611	166.3731	165.2235	-12.72
166.1619	166.3741	165.2236	-12.71
166.1629	166.3751	165.2237	-12.69
166.1631	166.3761	165.2238	-12.69
166.164	166.3771	165.2239	-12.67
166.1649	166.3781	165.224	-12.66
166.165	166.3791	165.2241	-12.66
166.1658	166.3801	165.2241	-12.66
166.166	166.3811	165.2242	-12.67
166.1667	166.3821	165.2243	-12.7
166.167	166.3831	165.2244	-12.71
166.1676	166.3841	165.2245	-12.72
166.1681	166.3851	165.2246	-12.74
166.1685	166.3861	165.2247	-12.77
166.1691	166.3871	165.2248	-12.79
166.1694	166.3881	165.2249	-12.8
166.1701	166.3891	165.2249	-12.78
166.1704	166.3901	165.225	-12.78
166.1712	166.3911	165.2251	-12.76
166.1713	166.3921	165.2252	-12.76
166.1722	166.3931	165.2253	-12.74
166.1722	166.3941	165.2254	-12.74
166.1731	166.3951	165.2255	-12.72
166.1732	166.3961	165.2256	-12.72
166.174	166.3971	165.2256	-12.73
166.1742	166.3981	165.2257	-12.74
166.1749	166.3991	165.2258	-12.75
166.1753	166.4001	165.2259	-12.75
166.1758	166.4011	165.226	-12.75
166.1763	166.4021	165.2261	-12.74
166.1767	166.4031	165.2262	-12.74
166.1773	166.4041	165.2263	-12.75
166.1776	166.4051	165.2264	-12.75
166.1784	166.4061	165.2264	-12.75
166.1786	166.4071	165.2265	-12.75
166.1794	166.4081	165.2266	-12.76
166.1795	166.4091	165.2267	-12.76
166.1804	166.4101	165.2268	-12.75
166.1804	166.4111	165.2269	-12.75
166.1814	166.4121	165.227	-12.74
166.1825	166.4131	165.2271	-12.73
166.1835	166.4141	165.2271	-12.73
166.1845	166.4151	165.2272	-12.72
166.1849	166.4161	165.2273	-12.72
166.1855	166.4171	165.2274	-12.72
166.1858	166.4181	165.2275	-12.72
166.1866	166.4191	165.2276	-12.71
166.1868	166.4201	165.2277	-12.71
166.1876	166.4211	165.2278	-12.68
166.1877	166.4221	165.2279	-12.68
166.1886	166.4231	165.2279	-12.66
166.1895	166.4241	165.228	-12.64
166.1897	166.4251	165.2281	-12.64
166.1904	166.4261	165.2282	-12.61
166.1907	166.4271	165.2283	-12.61
166.1913	166.4281	165.2284	-12.6
166.1915	166.429	165.2285	-12.6
166.1917	166.4301	165.2286	-12.6
166.1922	166.4302	165.2317	-12.6
166.1927	166.4302	165.2335	-12.6
166.1931	166.4303	165.2382	-12.6
166.1938	166.4304	165.2385	-12.6
166.194	166.4305	165.2429	-12.6
166.1948	166.4306	165.2476	-12.62
166.195	166.4307	165.2524	-12.62
166.1958	166.4308	165.2572	-12.63
166.1968	166.431	165.2619	-12.64
166.1969	166.4311	165.2667	-12.64
166.1977	166.4312	165.2715	-12.64
166.1979	166.4313	165.2762	-12.64
166.1986	166.4314	165.2791	-12.62
166.1989	166.4315	165.281	-12.63
166.1995	166.4316	165.2858	-12.63
166.1999	166.4317	165.2905	-12.63
166.2004	166.4318	165.2953	-12.63
166.201	166.432	165.3001	-12.64
166.2013	166.4321	165.3048	-12.66
166.202	166.4322	165.3096	-12.67
166.2022	166.4323	165.3135	-12.67
166.203	166.4323	165.3144	-12.67
166.2032	166.4325	165.3191	-12.68
166.2041	166.4326	165.3239	-12.67
166.2041	166.4346	165.3287	-12.67
166.205	166.4377	165.3334	-12.61
166.2051	166.4408	165.3382	-12.6
166.2061	166.4439	165.343	-12.6
166.2068	166.447	165.3478	-12.61
166.2071	166.4501	165.3525	-12.61
166.2077	166.4532	165.3573	-12.62
166.2082	166.4563	165.3621	-12.61
166.2086	166.4594	165.3668	-12.61
166.2092	166.4625	165.3716	-12.61
166.2095	166.4656	165.3764	-12.6
166.2102	166.4687	165.3811	-12.62
166.2104	166.4718	165.3825	-12.62
166.2112	166.475	165.3826	-12.59
166.2114	166.4779	165.3826	-12.58
166.2123	166.4781	165.3826	-12.53
166.2123	166.4812	165.3827	-12.53
166.2132	166.4843	165.3827	-12.49
166.2133	166.4874	165.3828	-12.49
166.2141	166.4905	165.3828	-12.51
166.2143	166.4936	165.3829	-12.53
166.215	166.4967	165.3829	-12.57
166.2154	166.4998	165.383	-12.6
166.2159	166.5029	165.383	-12.61
166.2164	166.506	165.3831	-12.61
166.2168	166.5091	165.3831	-12.6
166.2174	166.5122	165.3832	-12.57
166.2177	166.5153	165.3832	-12.55
166.2184	166.5185	165.3833	-12.53
166.2186	166.5216	165.3833	-12.52
166.2195	166.5247	165.3834	-12.54
166.2196	166.5278	165.3834	-12.54
166.2205	166.5309	165.3835	-12.58
166.2205	166.5312	165.3835	-12.58
166.2214	166.534	165.3835	-12.59
166.2215	166.5371	165.3836	-12.58
166.2223	166.5402	165.3836	-12.59
166.2226	166.5433	165.3837	-12.59
166.2232	166.5464	165.3837	-12.58
166.2236	166.5495	165.3838	-12.57
166.2241	166.5526	165.3838	-12.56
166.2246	166.5557	165.3839	-12.55
166.225	166.5588	165.384	-12.56
166.2256	166.5619	165.384	-12.59
166.2259	166.5651	165.3841	-12.6
166.2267	166.5682	165.3841	-12.62
166.2268	166.5713	165.3842	-12.63
166.2277	166.5744	165.3842	-12.63
166.2278	166.5767	165.3843	-12.63
166.2287	166.5801	165.3843	-12.64
166.2287	166.5819	165.3909	-12.64
166.2296	166.5832	165.3974	-12.63
166.2297	166.5836	165.3995	-12.62
166.2305	166.5839	165.4014	-12.63
166.2308	166.5845	165.404	-12.62
166.2314	166.5857	165.4106	-12.6
166.2318	166.587	165.4171	-12.59
166.2323	166.5883	165.4237	-12.58
166.2328	166.5896	165.4303	-12.57
166.2332	166.5897	165.4308	-12.55
166.2339	166.5909	165.4368	-12.54
166.2341	166.5922	165.4434	-12.55
166.2349	166.5933	165.4491	-12.58
166.235	166.5935	165.45	-12.59
166.2359	166.5948	165.4565	-12.62
166.236	166.5955	165.4602	-12.62
166.2369	166.596	165.4631	-12.63
166.2369	166.5973	165.4696	-12.62
166.2378	166.5986	165.4762	-12.61
166.238	166.5999	165.4828	-12.6
166.2387	166.6012	165.4893	-12.59
166.239	166.6013	165.4896	-12.59
166.2396	166.6025	165.4959	-12.59
166.24	166.6038	165.5025	-12.59
166.2405	166.6051	165.509	-12.61
166.2411	166.6064	165.5156	-12.61
166.2421	166.607	165.519	-12.6
166.2423	166.6076	165.5222	-12.6
166.2431	166.6089	165.5287	-12.58
166.2432	166.6102	165.5353	-12.58
166.2441	166.6115	165.5418	-12.56
166.2442	166.6128	165.5484	-12.56
166.2451	166.6128	165.5484	-12.56
166.2452	166.6141	165.555	-12.56
166.246	166.6154	165.5602	-12.56
166.2462	166.6167	165.5655	-12.56
166.2469	166.618	165.5707	-12.55
166.2472	166.6186	165.5732	-12.56
166.2478	166.6192	165.5753	-12.57
166.2483	166.6205	165.5785	-12.57
166.2487	166.6218	165.5817	-12.57
166.2493	166.6231	165.5849	-12.59
166.2503	166.6244	165.5881	-12.63
166.2505	166.6245	165.5883	-12.64
166.2513	166.6256	165.5911	-12.64
166.2514	166.6257	165.5912	-12.64
166.2524	166.6268	165.594	-12.62
166.2524	166.627	165.5944	-12.62
166.2533	166.628	165.5968	-12.62
166.2534	166.6283	165.5976	-12.62
166.2542	166.6291	165.5997	-12.61
166.2544	166.6296	165.6008	-12.6
166.2551	166.6301	165.6022	-12.6
166.2554	166.6303	165.6025	-12.59
166.256	166.6308	165.604	-12.59
166.2565	166.6314	165.6054	-12.58
166.2569	166.6321	165.6071	-12.58
166.2575	166.6326	165.6083	-12.59
166.2578	166.6331	165.6094	-12.6
166.2585	166.6337	165.611	-12.61
166.2587	166.6348	165.6136	-12.62
166.2596	166.6359	165.6163	-12.62
166.2596	166.637	165.6189	-12.62
166.2606	166.6373	165.6196	-12.58
166.2606	166.6381	165.6216	-12.58
166.2615	166.6392	165.6242	-12.56
166.2616	166.6402	165.6268	-12.55
166.2624	166.6413	165.6295	-12.53
166.2626	166.6415	165.6298	-12.53
166.2633	166.6424	165.6321	-12.51
166.2637	166.6435	165.6348	-12.49
166.2642	166.6446	165.6374	-12.49
166.2647	166.6457	165.6401	-12.49
166.2651	166.6459	165.6404	-12.48
166.2657	166.6468	165.6427	-12.47
166.266	166.6469	165.6429	-12.48
166.2668	166.6479	165.6454	-12.5
166.2669	166.649	165.648	-12.49
166.2678	166.6501	165.6506	-12.46
166.2678	166.6512	165.6533	-12.46
166.2688	166.6513	165.6537	-12.43
166.2688	166.6523	165.6559	-12.43
166.2697	166.6534	165.6586	-12.45
166.2698	166.6566	165.6665	-12.46
166.2706	166.6574	165.6683	-12.48
166.2709	166.6588	165.6718	-12.47
166.2715	166.6599	165.6744	-12.43
166.2719	166.661	165.6771	-12.41
166.2724	166.6621	165.6797	-12.38
166.2729	166.6632	165.6824	-12.37
166.2733	166.6634	165.6829	-12.36
166.2739	166.6643	165.685	-12.38
166.2742	166.6654	165.6877	-12.42
166.275	166.6665	165.6903	-12.49
166.2751	166.6675	165.6929	-12.5
166.276	166.6686	165.6956	-12.52
166.276	166.6695	165.6976	-12.52
166.277	166.6697	165.6982	-12.53
166.277	166.6708	165.7009	-12.53
166.2779	166.6719	165.7035	-12.5
166.2781	166.673	165.7062	-12.48
166.2788	166.6741	165.7088	-12.44
166.2791	166.6752	165.7115	-12.43
166.2797	166.6755	165.7122	-12.42
166.2801	166.6763	165.7141	-12.41
166.2806	166.6774	165.7167	-12.39
166.2811	166.6815	165.7268	-12.39
166.2815	166.6828	165.73	-12.4
166.2822	166.6839	165.7326	-12.39
166.2824	166.685	165.7352	-12.39
166.2832	166.6861	165.7379	-12.4
166.2833	166.6876	165.7415	-12.41
166.2842	166.6883	165.7431	-12.41
166.2842	166.6894	165.7457	-12.41
166.2852	166.6905	165.7482	-12.42
166.2853	166.6916	165.7508	-12.42
166.2861	166.6927	165.7533	-12.42
166.2863	166.6936	165.7556	-12.42
166.287	166.6936	165.7556	-12.41
166.2873	166.6937	165.7557	-12.4
166.2879	166.6937	165.7557	-12.4
166.2883	166.6938	165.7558	-12.4
166.2888	166.6938	165.7558	-12.4
166.2894	166.6939	165.7559	-12.4
166.2897	166.6939	165.7559	-12.39
166.2904	166.6939	165.756	-12.4
166.2906	166.694	165.756	-12.41
166.2914	166.694	165.756	-12.42
166.2915	166.694	165.7561	-12.42
166.2924	166.6941	165.7561	-12.45
166.2924	166.6942	165.7562	-12.45
166.2934	166.6942	165.7563	-12.46
166.2935	166.6942	165.7563	-12.47
166.2943	166.6943	165.7563	-12.47
166.2945	166.6943	165.7564	-12.47
166.2952	166.6943	165.7564	-12.46
166.2955	166.6944	165.7565	-12.45
166.2961	166.6944	165.7565	-12.46
166.2966	166.6945	165.7566	-12.47
166.297	166.6945	165.7566	-12.47
166.2976	166.6945	165.7566	-12.47
166.2979	166.6946	165.7567	-12.47
166.2986	166.6946	165.7567	-12.47
166.2988	166.6946	165.7568	-12.46
166.2996	166.6947	165.7568	-12.45
166.2997	166.6947	165.7569	-12.44
166.3006	166.6948	165.7569	-12.42
166.3007	166.6948	165.7569	-12.41
166.3016	166.6948	165.757	-12.43
166.3017	166.6949	165.757	-12.43
166.3025	166.6949	165.7571	-12.44
166.3027	166.6949	165.7571	-12.45
166.3038	166.695	165.7586	-12.45
166.3043	166.695	165.7613	-12.44
166.3048	166.6951	165.7639	-12.44
166.3052	166.6951	165.7666	-12.43
166.3058	166.6951	165.7692	-12.42
166.3061	166.6952	165.7719	-12.42
166.3068	166.6952	165.7745	-12.42
166.307	166.6952	165.7772	-12.42
166.3079	166.6953	165.7798	-12.41
166.3079	166.6953	165.7825	-12.41
166.3088	166.6954	165.7851	-12.4
166.3089	166.6954	165.7878	-12.4
166.3098	166.6954	165.7887	-12.38
166.3099	166.6954	165.7904	-12.38
166.311	166.6954	165.7931	-12.41
166.3116	166.6954	165.7958	-12.41
166.312	166.6955	165.7984	-12.41
166.3125	166.6955	165.8037	-12.4
166.313	166.6955	165.8064	-12.4
166.3134	166.6955	165.809	-12.41
166.314	166.6955	165.8117	-12.42
166.3143	166.6955	165.8143	-12.42
166.3151	166.6955	165.817	-12.41
166.3152	166.6956	165.8196	-12.41
166.3161	166.6956	165.8223	-12.39
166.3161	166.6956	165.8276	-12.39
166.317	166.6956	165.8302	-12.38
166.3171	166.6956	165.8329	-12.38
166.318	166.6956	165.8355	-12.35
166.3181	166.6957	165.8382	-12.35
166.3189	166.6957	165.8408	-12.35
166.3192	166.6957	165.8435	-12.32
166.3198	166.6957	165.8461	-12.28
166.3202	166.6957	165.8488	-12.27
166.3207	166.6957	165.8515	-12.25
166.3212	166.6957	165.8541	-12.28
166.3216	166.6957	165.8568	-12.3
166.3223	166.6958	165.8594	-12.34
166.3225	166.6958	165.8621	-12.36
166.3233	166.6958	165.8647	-12.41
166.3234	166.6958	165.8674	-12.42
166.3243	166.6958	165.87	-12.47
166.3243	166.6958	165.8727	-12.47
166.3252	166.6958	165.8753	-12.39
166.3253	166.6959	165.878	-12.37
166.3262	166.6959	165.8806	-12.27
166.3264	166.6959	165.8833	-12.25
166.3271	166.6959	165.8859	-12.22
166.3274	166.6959	165.8886	-12.23
166.328	166.6959	165.8912	-12.24
166.3284	166.6959	165.8939	-12.25
166.3289	166.6959	165.8965	-12.26
166.3295	166.696	165.8992	-12.24
166.3298	166.696	165.9018	-12.23
166.3305	166.696	165.9045	-12.24
166.3307	166.696	165.9071	-12.25
166.3315	166.696	165.9098	-12.31
166.3316	166.696	165.9125	-12.31
166.3325	166.696	165.9151	-12.37
166.3325	166.696	165.9178	-12.37
166.3334	166.6961	165.9204	-12.45
166.3336	166.6961	165.9231	-12.46
166.3344	166.6961	165.9257	-12.51
166.3346	166.6961	165.9284	-12.52
166.3353	166.6961	165.931	-12.53
166.3356	166.6961	165.9337	-12.54
166.3362	166.6961	165.9363	-12.52
166.3366	166.6962	165.939	-12.5
166.3371	166.6962	165.941	-12.47
166.3377	166.6963	165.9416	-12.42
166.338	166.6966	165.9439	-12.4
166.3387	166.6967	165.9443	-12.35
166.3389	166.6971	165.9469	-12.35
166.3397	166.6975	165.9493	-12.33
166.3398	166.6975	165.9496	-12.33
166.3407	166.6977	165.9506	-12.34
166.3408	166.698	165.9522	-12.34
166.3416	166.6984	165.9549	-12.33
166.3418	166.6984	165.9551	-12.33
166.3426	166.6988	165.9575	-12.31
166.3428	166.6993	165.9602	-12.31
166.3435	166.6995	165.9615	-12.32
166.3438	166.6997	165.9628	-12.32
166.3444	166.7001	165.9655	-12.3
166.3449	166.7005	165.9682	-12.28
166.3453	166.7007	165.9689	-12.26
166.3459	166.701	165.9708	-12.23
166.3462	166.7014	165.9735	-12.23
166.3469	166.7018	165.9761	-12.23
166.3471	166.7019	165.9764	-12.23
166.348	166.7022	165.9788	-12.23
166.348	166.703	165.9838	-12.23
166.3489	166.7031	165.9841	-12.21
166.349	166.7035	165.9867	-12.21
166.3498	166.704	165.9894	-12.19
166.35	166.7042	165.9912	-12.19
166.3508	166.7043	165.9915	-12.19
166.351	166.7044	165.992	-12.2
166.3517	166.7048	165.9947	-12.22
166.3521	166.7052	165.9973	-12.23
166.3526	166.7054	165.9986	-12.25
166.3531	166.7057	166	-12.26
166.3535	166.7065	166.0053	-12.27
166.3541	166.7066	166.006	-12.25
166.3544	166.7069	166.0079	-12.23
166.3552	166.7074	166.0106	-12.2
166.3553	166.7078	166.0132	-12.2
166.3562	166.7078	166.0134	-12.21
166.3562	166.7082	166.0159	-12.21
166.3571	166.7086	166.0185	-12.23
166.3572	166.709	166.0208	-12.23
166.358	166.7091	166.0212	-12.24
166.3582	166.7095	166.0238	-12.24
166.359	166.7099	166.0265	-12.24
166.3593	166.7102	166.0282	-12.24
166.3599	166.7104	166.0292	-12.22
166.3603	166.7108	166.0318	-12.23
166.3608	166.7109	166.0325	-12.23
166.3613	166.7112	166.0345	-12.24
166.3617	166.7114	166.0356	-12.24
166.3623	166.7116	166.0371	-12.25
166.3626	166.7121	166.0398	-12.25
166.3634	166.7125	166.0424	-12.24
166.3635	166.7126	166.043	-12.23
166.3644	166.7129	166.0451	-12.23
166.3644	166.7133	166.0477	-12.23
166.3653	166.7138	166.0504	-12.24
166.3654	166.7138	166.0504	-12.24
166.3662	166.7142	166.053	-12.24
166.3665	166.7146	166.0557	-12.25
166.3672	166.715	166.0578	-12.24
166.3675	166.715	166.0583	-12.23
166.3681	166.7155	166.061	-12.22
166.3685	166.7159	166.0636	-12.2
166.369	166.7162	166.0653	-12.21
166.3695	166.7163	166.0663	-12.22
166.3699	166.7168	166.0689	-12.22
166.3706	166.7172	166.0716	-12.19
166.3708	166.7174	166.0727	-12.19
166.3716	166.7175	166.0734	-12.18
166.3717	166.7176	166.0742	-12.18
166.3726	166.718	166.0769	-12.2
166.3726	166.7185	166.0795	-12.2
166.3732	166.7185	166.0801	-12.24
166.3733	166.7189	166.0822	-12.24
166.3735	166.7193	166.0849	-12.26
166.3735	166.7197	166.087	-12.26
166.3737	166.7197	166.0875	-12.27
166.374	166.7199	166.0902	-12.27
166.3742	166.7202	166.0928	-12.27
166.3744	166.7204	166.0955	-12.26
166.3744	166.7207	166.0981	-12.26
166.3746	166.7209	166.1008	-12.26
166.3751	166.7212	166.1034	-12.25
166.3754	166.7212	166.1037	-12.24
166.3756	166.7214	166.1061	-12.23
166.3757	166.7216	166.1087	-12.22
166.3757	166.7219	166.1114	-12.22
166.3757	166.722	166.1125	-12.22
166.3757	166.7221	166.114	-12.22
166.3757	166.7223	166.1167	-12.22
166.3757	166.7226	166.1193	-12.22
166.3758	166.7226	166.1199	-12.21
166.3758	166.7228	166.122	-12.2
166.3759	166.723	166.1246	-12.2
166.3759	166.7233	166.1273	-12.19
166.376	166.7235	166.1299	-12.19
166.376	166.7237	166.1326	-12.18
166.3761	166.724	166.1352	-12.18
166.3761	166.7241	166.1362	-12.17
166.3761	166.7242	166.1379	-12.16
166.3762	166.7244	166.1405	-12.16
166.3762	166.7247	166.1432	-12.15
166.3763	166.7249	166.1459	-12.15
166.3763	166.7252	166.1485	-12.15
166.3763	166.7253	166.1507	-12.14
166.3764	166.7254	166.1512	-12.13
166.3764	166.7255	166.1524	-12.13
166.3765	166.7256	166.1538	-12.12
166.3772	166.7259	166.1565	-12.1
166.3781	166.7261	166.1591	-12.11
166.379	166.7263	166.1618	-12.1
166.3799	166.7266	166.1644	-12.1
166.3808	166.7268	166.1671	-12.07
166.3809	166.7269	166.1686	-12.07
166.3817	166.727	166.1697	-12.05
166.3826	166.7273	166.1724	-12.04
166.3836	166.7275	166.175	-12
166.3845	166.7277	166.1777	-12.03
166.3852	166.728	166.1803	-12.06
166.3854	166.7282	166.183	-12.07
166.3863	166.7284	166.1849	-12.13
166.3872	166.7284	166.1856	-12.19
166.3879	166.7287	166.1883	-12.26
166.388	166.7287	166.1888	-12.27
166.3881	166.7289	166.1909	-12.28
166.3881	166.7292	166.1936	-12.29
166.3881	166.7294	166.1962	-12.29
166.3882	166.7296	166.1989	-12.3
166.3882	166.7298	166.2011	-12.31
166.3883	166.7299	166.2016	-12.32
166.3884	166.7301	166.2042	-12.33
166.3884	166.7303	166.2069	-12.34
166.3885	166.7306	166.2095	-12.35
166.3886	166.7308	166.2122	-12.36
166.3886	166.731	166.2148	-12.37
166.3887	166.7313	166.2173	-12.38
166.3887	166.7313	166.2175	-12.38
166.3888	166.7315	166.2201	-12.39
166.3889	166.7317	166.2228	-12.4
166.3889	166.732	166.2254	-12.41
166.389	166.7321	166.2269	-12.41
166.389	166.7322	166.2281	-12.42
166.3891	166.7324	166.2307	-12.42
166.3891	166.7327	166.2336	-12.43
166.3918	166.7332	166.2387	-12.5
166.3923	166.7334	166.2413	-12.5
166.3927	166.7336	166.244	-12.5
166.3936	166.7339	166.2466	-12.54
166.3945	166.7341	166.2493	-12.55
166.3954	166.7341	166.2498	-12.53
166.3963	166.7343	166.2519	-12.54
166.3972	166.7346	166.2546	-12.55
166.3981	166.7348	166.2572	-12.55
166.399	166.735	166.2599	-12.56
166.4	166.7353	166.2626	-12.56
166.4009	166.7355	166.2652	-12.57
166.4009	166.7356	166.266	-12.57
166.4018	166.7357	166.2679	-12.58
166.4027	166.7358	166.2705	-12.55
166.4036	166.7359	166.2732	-12.55
166.4045	166.736	166.2758	-12.57
166.4054	166.7361	166.2785	-12.61
166.4063	166.7362	166.2811	-12.63
166.4072	166.7362	166.283	-12.62
166.4096	166.748	166.2838	-12.6
166.4183	167.0032	165.9744	-12.49
166.427	167.0032	165.9754	-12.62
166.4356	167.0032	165.9764	-12.76
166.4443	167.0032	165.977	-12.88
166.453	167.0032	165.9774	-12.87
166.4617	167.0032	165.9784	-12.8
166.4676	167.0032	165.9795	-12.77
166.4703	167.0032	165.9805	-12.77
166.479	167.0032	165.9815	-12.89
166.4877	167.0032	165.9816	-13.01
166.4963	167.0032	165.9816	-13.14
166.505	167.0032	165.9823	-13.1
166.5139	167.0032	165.9844	-13.09
166.5184	167.0032	165.9865	-13.11
166.5228	167.0032	165.9886	-13.11
166.5318	167.0032	165.9908	-13.14
166.5407	167.0032	165.9929	-13.07
166.5496	167.0032	165.995	-12.92
166.55	167.0032	165.9971	-12.91
166.5585	167.0032	165.9992	-12.82
166.5674	167.0032	166.0013	-12.86
166.5763	167.0032	166.0015	-12.66
166.5816	167.0032	166.0017	-12.67
166.5852	167.0032	166.0019	-12.7
166.5941	167.0032	166.0021	-12.67
166.6031	167.0032	166.0023	-12.69
166.612	167.0032	166.0025	-12.81
166.6132	167.0032	166.0027	-12.81
166.6209	167.0032	166.003	-12.73
166.6298	167.0032	166.0032	-12.83
166.6387	167.0032	166.0034	-12.83
166.6448	167.0032	166.0036	-12.8
166.6476	167.0032	166.0038	-12.8
166.6565	167.0032	166.004	-12.79
166.6654	167.0032	166.0042	-12.76
166.6744	167.0032	166.0044	-12.87
166.6764	167.0032	166.0231	-12.86
166.6833	167.0032	166.0439	-12.81
166.6922	167.0032	166.0648	-12.7
166.7011	167.0032	166.0857	-12.71
166.708	167.0032	166.1066	-12.7
166.71	167.0032	166.1275	-12.68
166.7189	167.0032	166.1484	-12.62
166.7278	167.0032	166.1692	-12.59
166.7367	167.0032	166.1801	-12.38
166.7396	167.0032	166.1905	-12.41
166.7456	167.0032	166.2009	-12.51
166.7546	167.0032	166.2113	-12.61
166.7635	167.0032	166.2216	-12.73
166.7711	167.0032	166.232	-12.79
166.7717	167.0032	166.2424	-12.79
166.7745	167.0032	166.2528	-12.76
166.7786	167.0032	166.2631	-12.7
166.7827	167.0032	166.2735	-12.65
166.7868	167.0032	166.2839	-12.63
166.7909	167.0032	166.2943	-12.65
166.795	167.0032	166.3046	-12.56
166.7991	167.0032	166.315	-12.48
166.8025	167.0032	166.3254	-12.49
166.8032	167.0032	166.3358	-12.49
166.8073	167.0032	166.3461	-12.49
166.8114	167.0032	166.3565	-12.5
166.8156	167.0032	166.3669	-12.44
166.8197	167.0032	166.3759	-12.36
166.8238	167.0032	166.3813	-12.29
166.8279	167.0042	166.3866	-12.31
166.832	167.0058	166.3955	-12.39
166.8338	167.0074	166.4045	-12.37
166.8361	167.009	166.4074	-12.33
166.8402	167.0105	166.4086	-12.33
166.8443	167.0121	166.4099	-12.37
166.8484	167.0137	166.4111	-12.36
166.8525	167.0153	166.4124	-12.36
166.8566	167.0169	166.4136	-12.36
166.8607	167.0185	166.4149	-12.31
166.8648	167.0201	166.4161	-12.28
166.8651	167.0217	166.4174	-12.28
166.8689	167.0233	166.4186	-12.27
166.873	167.0249	166.4199	-12.26
166.8771	167.0265	166.4211	-12.24
166.8812	167.0281	166.4224	-12.23
166.8854	167.0297	166.4236	-12.29
166.8895	167.0313	166.4249	-12.38
166.8944	167.0329	166.4261	-12.31
166.8964	167.0345	166.4274	-12.32
166.8981	167.0361	166.4287	-12.31
166.9018	167.0377	166.4299	-12.17
166.9055	167.0393	166.4312	-12.1
166.9092	167.0409	166.4324	-12.09
166.9129	167.0425	166.4337	-12.08
166.9166	167.044	166.4349	-12.07
166.9203	167.0456	166.4362	-12.16
166.9238	167.0472	166.4374	-12.06
166.9277	167.0489	166.4387	-12
166.9391	167.0534	166.4748	-11.83
166.9473	167.0573	166.4859	-11.81
166.9482	167.0612	166.4971	-11.83
166.9491	167.0651	166.5082	-11.81
166.95	167.069	166.5193	-11.73
166.9509	167.0729	166.5266	-11.67
166.9518	167.0769	166.5337	-11.69
166.9528	167.0811	166.5409	-11.67
166.9537	167.0856	166.5481	-11.72
166.9541	167.0892	166.5514	-11.73
166.964	167.1079	166.5687	-11.68
166.9681	167.1292	166.5883	-11.68
166.9822	167.1498	166.6038	-11.73
166.9962	167.1704	166.6074	-11.84
167.0102	167.1917	166.611	-11.87
167.0242	167.2141	166.6146	-11.95
167.0382	167.2365	166.6182	-11.92
167.0401	167.2468	166.6198	-11.94
167.0522	167.2588	166.6218	-12.09
167.0662	167.2812	166.6254	-11.94
167.0802	167.3035	166.629	-11.85
167.0942	167.3259	166.6326	-11.75
167.1082	167.3483	166.6362	-12
167.1163	167.3706	166.6398	-11.93
167.1223	167.393	166.6434	-11.87
167.1363	167.4126	166.6466	-11.98
167.1503	167.4154	166.647	-11.89
167.1643	167.4377	166.6506	-11.89
167.1783	167.4601	166.6542	-11.82
167.1923	167.4825	166.6578	-11.85
167.1925	167.5048	166.6614	-11.85
167.2063	167.5272	166.665	-11.96
167.2203	167.5496	166.6686	-11.99
167.2343	167.5719	166.6722	-11.84
167.2483	167.5785	166.6733	-11.9
167.2624	167.5943	166.6758	-11.83
167.2687	167.6167	166.6794	-11.83
167.2764	167.639	166.683	-11.84
167.2904	167.6614	166.6866	-11.82
167.3044	167.6838	166.6902	-11.83
167.3184	167.7061	166.6938	-11.91
167.3324	167.7285	166.6974	-11.91
167.3448	167.7443	166.7	-11.92
167.3464	167.7509	166.701	-11.92
167.3604	167.7732	166.7046	-11.79
167.3744	167.7956	166.7082	-11.9
167.3884	167.8179	166.7118	-11.5
167.4025	167.8403	166.7154	-11.71
167.4165	167.8627	166.719	-11.98
167.421	167.885	166.7226	-11.85
167.4305	167.9074	166.7262	-11.55
167.4445	167.9102	166.7267	-11.48
167.4585	167.9298	166.7298	-11.44
167.4972	168.0192	166.7442	-11.32
167.5145	168.0416	166.7478	-11.28
167.5285	168.064	166.7514	-11.5
167.5426	168.076	166.7534	-11.54
167.5566	168.0863	166.755	-11.37
167.5706	168.1087	166.7586	-11.22
167.5734	168.1311	166.7623	-11.25
167.5846	168.1534	166.7659	-11.43
167.5986	168.1758	166.7695	-11.45
167.6126	168.1982	166.7731	-11.66
167.6268	168.2205	166.7767	-11.58
167.641	168.2419	166.7801	-11.49
167.6552	168.2429	166.7803	-11.64
167.6567	168.2653	166.7839	-11.65
167.6694	168.2882	166.7875	-11.75
167.6836	168.3112	166.7911	-11.99
167.6978	168.3331	166.7942	-11.48
167.7122	168.3363	166.7947	-11.66
167.7162	168.3365	166.8158	-11.63
167.7208	168.3367	166.8389	-11.54
167.7254	168.3368	166.862	-11.58
167.73	168.337	166.8851	-11.52
167.7346	168.3372	166.9082	-11.63
167.7392	168.3373	166.9313	-11.5
167.7438	168.3375	166.9544	-11.39
167.7469	168.3377	166.9775	-11.31
167.7484	168.3379	167.0006	-11.27
167.753	168.3379	167.011	-11.22
167.7576	168.338	167.0237	-11.09
167.7621	168.3382	167.0468	-11.15
167.7667	168.3384	167.0699	-10.93
167.7713	168.3385	167.0887	-10.8
167.7759	168.3387	167.0916	-10.88
167.7805	168.3389	167.0946	-10.97
167.7851	168.339	167.0975	-11.14
167.7897	168.3391	167.098	-10.99
167.7916	168.3392	167.1004	-10.98
167.7943	168.3394	167.1033	-10.99
167.7989	168.3395	167.1062	-11
167.8035	168.3397	167.1091	-10.72
167.8081	168.3399	167.112	-10.75
167.8127	168.34	167.1149	-10.97
167.8173	168.3403	167.1177	-11.03
167.8219	168.3403	167.1178	-10.9
167.8265	168.3407	167.1208	-10.72
167.8311	168.341	167.1237	-10.48
167.8356	168.3413	167.1266	-10.7
167.8364	168.3416	167.1295	-10.7
167.8402	168.3419	167.1324	-10.66
167.8447	168.3425	167.1353	-10.72
167.8811	168.345	167.138	-10.53
167.9259	168.3697	167.1639	-10
167.9428	168.3944	167.1899	-9.96
167.9707	168.4191	167.2159	-9.86
168.0154	168.4437	167.2419	-9.49
168.0281	168.4684	167.2679	-9.46
168.0602	168.4709	167.2705	-9.77
168.1049	168.4758	167.2757	-9.74
168.1094	168.4783	167.2783	-9.83
168.1134	168.4808	167.2809	-9.89
168.1184	168.4832	167.2835	-9.9
168.1228	168.4857	167.2861	-9.88
168.1273	168.4882	167.2887	-9.83
168.1318	168.4906	167.2913	-9.88
168.1363	168.4931	167.2938	-9.69
168.1407	168.4956	167.2964	-9.69
168.1452	168.498	167.299	-9.72
168.1497	168.5005	167.3016	-9.72
168.1542	168.503	167.3042	-9.66
168.1586	168.5054	167.3068	-9.68
168.1631	168.5079	167.3094	-9.69
168.1676	168.5104	167.312	-9.87
168.1721	168.5128	167.3146	-9.99
168.1765	168.5153	167.3172	-10.03
168.181	168.5178	167.3198	-9.83
168.1855	168.5202	167.3224	-9.78
168.19	168.5227	167.325	-9.82
168.1944	168.5252	167.3276	-9.81
168.1987	168.5276	167.3302	-9.74
168.1989	168.5301	167.3328	-9.74
168.2034	168.5326	167.3354	-9.77
168.2079	168.5351	167.338	-9.67
168.2123	168.5375	167.3406	-9.6
168.2168	168.54	167.3432	-9.6
168.2213	168.5425	167.3458	-9.55
168.2258	168.5449	167.3484	-9.49
168.2302	168.5474	167.351	-9.58
168.2347	168.5499	167.3536	-9.53
168.2392	168.5523	167.3562	-9.62
168.2437	168.5548	167.3588	-9.49
168.2482	168.5573	167.3614	-9.63
168.2526	168.5597	167.364	-9.7
168.2571	168.5622	167.3666	-9.8
168.2616	168.5647	167.3692	-9.8
168.2661	168.5652	167.3698	-9.81
168.2705	168.5674	167.3714	-9.77
168.275	168.7847	167.5316	-9.65
168.2795	169.0128	167.6837	-9.66
168.284	169.058	167.6985	-9.64
168.284	169.241	167.7586	-9.64
168.3688	169.4691	167.7927	-9.9
168.3792	169.5624	167.8057	-10.14
168.476	169.711	167.8263	-9.84
168.5728	171.2893	168.2883	-10.59
168.6695	171.3137	168.385	-11.21
168.7663	171.3354	168.4804	-11.19
168.863	171.3608	168.5839	-9.94
168.9598	171.38	168.6912	-9.14
169.0565	171.4174	168.7893	-9.13
169.1533	171.4574	168.8601	-8.84
169.2501	171.4666	168.9448	-8.72
169.3468	171.4821	169.0218	-8.99
169.4436	171.5376	169.096	-9.25
169.5403	171.5696	169.1567	-9.01
169.6371	171.6327	169.2459	-9.48
169.7338	171.6801	169.3161	-10.49
169.8306	171.6982	169.3746	-10.65
169.9274	171.7346	169.4196	-10.78
170.0241	171.7746	169.4859	-10.47
170.1209	171.8267	169.5331	-10.17
170.2176	171.8776	169.5884	-9.6
170.3144	171.9508	169.6327	-9.62
170.4111	172.0191	169.684	-9.71
170.5079	172.0861	169.7204	-9.7
170.6047	172.1585	169.7609	-9.37
170.7014	172.2431	169.7945	-9.23
170.7982	172.2917	169.8258	-9.03
170.8949	172.3596	169.8808	-9.05
170.9917	172.4451	169.9021	-9.08
171.0884	172.5294	169.9578	-8.97
171.1852	172.6188	169.9858	-9.39
171.282	172.725	170.0256	-9.43
171.3787	172.8326	170.0521	-9.59
171.4754	172.905	170.1073	-9.82
171.5499	172.9388	170.2262	-10.1
171.6244	172.9801	170.343	-10.27
171.699	173.0202	170.4434	-10.24
171.7735	173.0637	170.5521	-9.93
171.8481	173.0921	170.6623	-9.64
171.9227	173.1427	170.7618	-9.59
171.9972	173.1837	170.8681	-9.29
172.0718	173.217	170.9533	-8.93
172.1464	173.2696	171.0414	-8.93
172.2209	173.3152	171.1078	-9.18
172.2955	173.363	171.2161	-9.25
172.37	173.4047	171.2777	-9.8
172.4446	173.4719	171.362	-10.27
172.5192	173.5308	171.4433	-10.36
172.5937	173.5939	171.5223	-10.57
172.6683	173.6616	171.5914	-11.01
172.8174	173.8104	171.7328	-11.07
172.892	173.894	171.7928	-11.36
172.9665	173.9708	171.8346	-11.39
173.0411	174.0804	171.8722	-11.37
173.1157	174.1579	171.938	-11.38
173.1902	174.2588	171.9905	-11.73
173.2648	174.3836	172.0348	-11.32
173.3394	174.5026	172.0832	-11.18
173.4139	174.6174	172.1115	-11.17
173.4885	174.7246	172.1594	-11.33
173.563	174.8641	172.1945	-11.42
173.6376	174.9887	172.2474	-11.3
173.7122	175.1341	172.2858	-11.33
173.7867	175.2544	172.3245	-11.35
173.8613	175.3825	172.373	-11.25
174.0104	175.613	172.4458	-10.06
174.085	175.7568	172.4855	-9.49
174.1595	175.8924	172.5169	-9.24
174.3087	176.1529	172.5501	-9.94
174.3832	176.3018	172.5668	-9.73
174.4578	176.4567	172.5844	-9.25
174.5324	176.6042	172.6029	-9.05
174.6069	176.7198	172.6332	-8.88
174.6815	176.8325	172.6558	-9.17
174.756	176.9711	172.6716	-10.52
174.8306	177.1271	172.7033	-11.85
174.9052	177.2322	172.73	-11.89
NA	NA	NA	NA
181.986	183.511	180.555	-11.47
182.035	183.536	180.629	-11.38
182.084	183.561	180.709	-11.41
182.134	183.589	180.777	-11.75
182.183	183.615	180.84	-11.54
182.233	183.641	180.918	-11.36
182.282	183.669	180.989	-11.63
182.332	183.704	181.059	-11.69
182.381	183.74	181.129	-11.92
182.431	183.775	181.196	-12.01
182.48	183.8	181.252	-11.93
182.529	183.825	181.318	-11.82
182.579	183.851	181.384	-11.78
182.628	183.887	181.45	-11.76
182.678	183.91	181.523	-11.95
182.727	183.933	181.59	-11.77
182.777	183.958	181.656	-11.97
182.826	183.992	181.721	-11.98
182.876	184.024	181.787	-11.73
182.925	184.049	181.85	-11.78
182.974	184.084	181.912	-11.7
183.024	184.115	181.975	-11.65
183.073	184.142	182.038	-11.69
183.123	184.172	182.103	-11.64
183.172	184.212	182.171	-11.67
183.222	184.24	182.24	-11.72
183.271	184.278	182.312	-11.57
183.321	184.312	182.372	-11.52
183.37	184.337	182.444	-11.67
183.419	184.363	182.509	-11.7
183.518	184.425	182.635	-11.83
183.568	184.458	182.695	-11.72
183.617	184.488	182.766	-11.69
183.667	184.526	182.832	-11.64
183.716	184.564	182.901	-11.64
183.766	184.601	182.966	-11.82
183.815	184.639	183.034	-12.08
183.914	184.723	183.161	-11.75
183.963	184.767	183.22	-11.75
184.013	184.808	183.269	-11.75
184.062	184.841	183.325	-11.78
184.112	184.88	183.379	-11.72
184.211	184.965	183.478	-11.79
184.26	185.006	183.531	-11.62
184.309	185.055	183.59	-11.61
184.359	185.1	183.635	-11.75
184.408	185.153	183.691	-11.83
184.458	185.202	183.743	-11.9
184.507	185.251	183.785	-11.85
184.557	185.292	183.839	-11.88
184.606	185.338	183.897	-11.91
184.656	185.385	183.937	-11.74
184.705	185.44	183.976	-11.92
184.755	185.501	184.013	-11.56
184.804	185.553	184.054	-11.75
184.853	185.617	184.088	-11.82
184.903	185.68	184.13	-11.74
185.002	185.805	184.209	-11.85
185.051	185.862	184.249	-11.99
185.101	185.915	184.286	-11.88
185.15	185.958	184.321	-11.98
185.2	186.024	184.349	-11.83
185.249	186.079	184.385	-11.81
185.298	186.148	184.422	-11.67
185.348	186.204	184.456	-11.81
185.397	186.259	184.481	-11.72
185.447	186.316	184.518	-11.61
185.496	186.376	184.552	-11.62
185.546	186.444	184.584	-11.72
185.595	186.517	184.615	-11.66
185.645	186.58	184.645	-11.82
185.694	186.638	184.69	-11.76
185.703	186.644	184.707	-11.72
185.712	186.649	184.725	-11.83
185.721	186.655	184.741	-11.82
185.73	186.661	184.756	-11.81
185.739	186.666	184.772	-11.81
185.748	186.672	184.787	-11.79
185.756	186.678	184.808	-11.5
185.765	186.7	184.833	-11.78
185.774	186.706	184.853	-11.83
185.783	186.712	184.877	-11.78
185.792	186.718	184.896	-11.85
185.801	186.724	184.916	-11.83
185.81	186.731	184.939	-11.95
185.819	186.734	184.958	-11.89
185.828	186.736	184.978	-11.96
185.837	186.739	184.995	-11.96
185.846	186.743	185.012	-12
185.855	186.746	185.029	-12
185.863	186.753	185.049	-11.99
185.872	186.76	185.064	-11.91
185.881	186.763	185.081	-11.97
185.89	186.774	185.098	-11.81
185.899	186.781	185.115	-11.98
185.908	186.785	185.133	-12.18
185.917	186.788	185.15	-12.05
185.926	186.788	185.167	-11.8
185.935	186.795	185.187	-11.93
185.944	186.803	185.202	-11.89
185.953	186.805	185.218	-12.09
185.962	186.808	185.233	-11.94
185.971	186.82	185.254	-11.96
185.979	186.821	185.271	-12.03
185.988	186.829	185.289	-11.92
185.997	186.837	185.306	-11.8
186.015	186.858	185.338	-11.83
186.024	186.862	185.356	-11.73
186.033	186.868	185.373	-11.82
186.042	186.873	185.386	-11.97
186.051	186.878	185.402	-11.78
186.06	186.883	185.416	-11.85
186.069	186.891	185.432	-11.84
186.078	186.896	185.447	-11.9
186.086	186.9	185.467	-11.89
186.095	186.915	185.481	-11.7
186.104	186.92	185.501	-11.72
186.113	186.925	185.517	-11.8
186.158	186.941	185.582	-11.75
186.176	186.953	185.607	-11.91
186.185	186.959	185.621	-12.08
186.193	186.966	185.634	-12.03
186.202	186.973	185.647	-12.19
186.211	186.978	185.66	-12.22
186.22	186.981	185.673	-12.18
186.238	186.994	185.698	-12.18
186.247	187.003	185.714	-12.06
186.283	187.033	185.77	-12.05
186.292	187.039	185.785	-12.21
186.301	187.049	185.799	-12.18
186.309	187.058	185.814	-11.99
186.327	187.076	185.841	-12.02
186.345	187.093	185.863	-12
186.354	187.102	185.878	-11.85
186.363	187.112	185.89	-12.02
186.372	187.116	185.902	-11.89
186.381	187.126	185.913	-11.66
186.416	187.155	185.959	-11.07
186.425	187.167	185.97	-11.14
186.434	187.18	185.982	-11.28
186.443	187.188	185.993	-11.14
186.452	187.204	186.003	-11.27
186.461	187.217	186.013	-11.2
186.47	187.231	186.024	-11.18
186.502	187.275	186.052	-10.97
186.505	187.275	186.052	-10.91
186.508	187.274	186.052	-10.77
186.511	187.274	186.052	-10.9
186.513	187.274	186.052	-10.8
186.516	187.275	186.052	-10.88
186.519	187.275	186.052	-10.84
186.522	187.275	186.053	-10.9
186.527	187.275	186.053	-10.97
186.533	187.275	186.053	-10.92
186.535	187.276	186.053	-10.96
186.538	187.276	186.053	-10.8
186.541	187.276	186.053	-10.85
186.544	187.277	186.053	-10.96
186.547	187.277	186.053	-10.65
186.549	187.277	186.053	-10.37
186.558	187.278	186.053	-10.68
186.56	187.278	186.053	-10.74
186.571	187.279	186.053	-11.06
186.574	187.279	186.053	-10.9
186.582	187.281	186.053	-11.07
186.591	187.282	186.053	-10.84
186.594	187.282	186.054	-10.74
186.596	187.282	186.054	-10.59
186.599	187.283	186.054	-10.44
186.605	187.284	186.054	-10.26
186.607	187.284	186.054	-10.24
186.61	187.285	186.054	-10.04
186.616	187.286	186.054	-9.99
186.621	187.289	186.054	-9.99
186.626	187.29	186.056	-10.42
186.632	187.29	186.057	-10.73
186.637	187.29	186.058	-10.74
186.642	187.29	186.06	-11.01
186.648	187.29	186.06	-11.11
186.653	187.29	186.061	-11.2
186.658	187.29	186.062	-11.09
186.664	187.29	186.062	-11.24
186.669	187.291	186.063	-11.33
186.674	187.291	186.063	-11.47
186.685	187.291	186.065	-12.09
186.69	187.291	186.065	-12.15
186.696	187.291	186.066	-12.03
186.701	187.292	186.066	-11.5
186.706	187.292	186.066	-11.16
186.711	187.292	186.067	-10.91
186.717	187.292	186.068	-10.52
186.722	187.292	186.066	-10.27
186.727	187.293	186.067	-10.14
186.733	187.293	186.067	-9.83
186.738	187.293	186.068	-9.48
186.754	187.299	186.078	-9.15
186.782	187.312	186.097	-9.44
186.809	187.327	186.115	-9.65
186.836	187.346	186.128	-9.78
186.864	187.363	186.142	-9.84
186.891	187.378	186.152	-9.8
186.918	187.395	186.168	-9.82
186.946	187.412	186.181	-9.94
186.973	187.433	186.195	-9.83
187	187.446	186.207	-9.86
187.028	187.469	186.215	-9.88
187.031	187.471	186.216	-10.05
187.055	187.487	186.224	-10.06
187.11	187.521	186.241	-9.93
187.164	187.565	186.26	-9.91
187.191	187.582	186.269	-9.93
187.219	187.601	186.278	-9.97
187.246	187.618	186.286	-9.87
187.274	187.636	186.289	-9.86
187.301	187.656	186.299	-9.72
187.351	187.692	186.316	-9.63
187.438	187.755	186.344	-9.4
187.465	187.774	186.352	-9.41
187.492	187.793	186.358	-9.22
187.511	187.806	186.361	-9.12
187.52	187.812	186.363	-9.07
187.547	187.833	186.369	-8.89
187.574	187.852	186.371	-8.69
187.602	187.874	186.378	-8.42
187.629	187.89	186.381	-8.36
187.656	187.909	186.388	-8.25
187.67	187.922	186.392	-8.24
187.684	187.934	186.396	-8.21
187.711	187.957	186.406	-8
187.738	187.976	186.414	-7.91
187.766	187.996	186.423	-7.8
187.793	188.017	186.431	-7.76
187.82	188.037	186.44	-7.63
187.83	188.046	186.443	-7.63
187.848	188.061	186.449	-7.66
187.875	188.082	186.458	-7.54
187.902	188.102	186.467	-7.47
187.93	188.121	186.475	-7.41
187.957	188.147	186.484	-7.45
187.984	188.169	186.492	-7.41
187.99	188.173	186.494	-7.39
188.012	188.189	186.501	-7.3
188.039	188.211	186.508	-7.4
188.066	188.237	186.516	-7.4
188.094	188.262	186.523	-7.32
188.121	188.282	186.529	-7.3
188.148	188.302	186.534	-7.3
188.149	188.303	186.534	-7.3
188.176	188.328	186.538	-7.34
188.203	188.352	186.549	-7.27
188.23	188.376	186.58	-7.23
188.258	188.41	186.611	-7.15
188.285	188.433	186.642	-7.2
188.309	188.454	186.669	-7.2
188.312	188.457	186.673	-7.2
188.34	188.485	186.705	-7.27
188.367	188.507	186.737	-7.31
188.394	188.532	186.768	-7.33
188.422	188.553	186.8	-7.37
188.449	188.571	186.832	-7.36
188.469	188.588	186.855	-7.35
188.476	188.595	186.864	-7.34
188.504	188.619	186.894	-7.33
188.531	188.644	186.925	-7.33
188.558	188.67	186.956	-7.33
188.586	188.694	186.987	-7.42
188.613	188.717	187.018	-7.41
188.629	188.731	187.035	-7.36
188.64	188.741	187.048	-7.31
188.668	188.765	187.077	-7.37
188.695	188.788	187.106	-7.3
188.722	188.812	187.135	-7.32
188.75	188.837	187.164	-7.37
188.777	188.862	187.194	-7.45
188.788	188.873	187.206	-7.45
188.804	188.889	187.224	-7.47
188.832	188.914	187.256	-7.56
188.859	188.936	187.288	-7.66
188.886	188.961	187.319	-7.72
188.914	188.991	187.351	-7.76
188.941	189.014	187.383	-7.82
188.948	189.021	187.391	-7.83
188.996	189.067	187.443	-7.83
189.023	189.091	187.474	-7.8
189.05	189.113	187.504	-7.79
189.078	189.139	187.534	-7.79
189.105	189.171	187.564	-7.7
189.108	189.174	187.567	-7.69
189.132	189.195	187.597	-7.62
189.16	189.224	187.631	-7.64
189.187	189.248	187.664	-7.68
189.214	189.27	187.697	-7.73
189.242	189.294	187.731	-7.69
189.268	189.318	187.763	-7.77
189.269	189.32	187.764	-7.77
189.324	189.375	187.823	-7.84
189.351	189.408	187.853	-7.98
189.378	189.43	187.882	-8.02
189.406	189.456	187.912	-8.03
189.427	189.481	187.935	-8.09
189.433	189.488	187.941	-8.11
189.46	189.516	187.968	-8.15
189.488	189.547	187.996	-8.12
189.515	189.572	188.023	-8.2
189.542	189.6	188.051	-8.15
189.57	189.623	188.079	-8.1
189.587	189.639	188.096	-8.17
189.597	189.648	188.107	-8.22
189.652	189.703	188.167	-8.26
189.706	189.751	188.227	-8.34
189.734	189.774	188.257	-8.3
189.747	189.786	188.272	-8.34
189.813	189.847	188.352	-8.52
189.906	189.933	188.467	-8.41
189.943	189.967	188.51	-8.33
190.066	190.073	188.653	-8.37
190.074	190.08	188.663	-8.37
190.205	190.202	188.815	-8.46
190.226	190.22	188.839	-8.44
190.336	190.315	188.963	-8.37
190.386	190.357	189.019	-8.37
190.467	190.425	189.112	-8.37
190.545	190.499	189.202	-8.43
190.598	190.549	189.256	-8.47
190.705	190.649	189.368	-8.58
190.729	190.671	189.393	-8.59
190.86	190.791	189.528	-8.58
190.865	190.795	189.533	-8.57
190.99	190.91	189.67	-8.4
191.025	190.94	189.707	-8.39
191.121	191.024	189.798	-8.43
191.184	191.085	189.858	-8.38
191.252	191.15	189.924	-8.26
191.344	191.233	190.014	-8.16
191.383	191.269	190.056	-8.17
191.504	191.379	190.184	-8.29
191.514	191.388	190.194	-8.29
191.645	191.497	190.333	-8.25
191.663	191.513	190.353	-8.24
191.776	191.613	190.459	-8.28
191.823	191.661	190.504	-8.3
191.906	191.747	190.599	-8.34
191.983	191.817	190.686	-8.33
192.037	191.866	190.726	-8.3
192.143	191.96	190.802	-8.26
192.168	191.983	190.828	-8.25
192.299	192.111	190.964	-8.25
192.302	192.114	190.968	-8.25
192.43	192.228	191.099	-8.33
192.462	192.262	191.132	-8.35
192.561	192.367	191.212	-8.41
192.622	192.431	191.261	-8.46
192.692	192.503	191.323	-8.54
192.782	192.589	191.403	-8.49
192.823	192.628	191.435	-8.44
192.941	192.743	191.529	-8.43
192.953	192.755	191.54	-8.43
193.084	192.877	191.656	-8.31
193.101	192.892	191.671	-8.3
193.261	193.037	191.806	-8.3
193.346	193.114	191.893	-8.31
193.421	193.191	191.969	-8.34
193.477	193.249	192.019	-8.37
193.58	193.355	192.111	-8.42
193.608	193.383	192.138	-8.44
193.739	193.517	192.265	-8.36
193.74	193.518	192.266	-8.36
193.869	193.654	192.393	-8.33
193.9	193.687	192.422	-8.29
194	193.794	192.521	-8.25
194.059	193.855	192.579	-8.26
194.131	193.929	192.642	-8.19
194.219	194.029	192.719	-8.07
194.262	194.078	192.752	-8.03
194.379	194.202	192.841	-7.95
194.393	194.217	192.853	-7.95
194.524	194.356	192.962	-7.97
194.539	194.372	192.975	-7.98
194.655	194.495	193.073	-8.2
194.698	194.541	193.11	-8.22
194.785	194.633	193.187	-8.17
194.858	194.707	193.252	-8.19
194.916	194.767	193.299	-8.26
195.018	194.872	193.382	-8.41
195.047	194.902	193.404	-8.42
195.178	195.052	193.502	-8.4
195.178	195.053	193.502	-8.4
195.309	195.195	193.61	-8.33
195.337	195.227	193.633	-8.31
195.44	195.34	193.703	-8.16
195.497	195.409	193.741	-8.06
195.571	195.498	193.795	-7.95
195.657	195.597	193.857	-7.86
195.702	195.648	193.888	-7.84
195.816	195.779	193.965	-7.72
195.832	195.797	193.976	-7.72
195.963	195.943	194.064	-7.86
195.976	195.959	194.072	-7.86
196.094	196.099	194.151	-7.78
196.136	196.15	194.179	-7.76
196.225	196.257	194.239	-7.85
196.296	196.338	194.287	-7.87
196.356	196.407	194.327	-7.92
196.455	196.525	194.394	-8.07
196.615	196.713	194.527	-8.08
196.618	196.716	194.529	-8.08
196.748	196.889	194.647	-8.07
196.775	196.92	194.671	-8.06
196.879	197.046	194.755	-8.04
196.935	197.115	194.8	-8.05
197.01	197.21	194.856	-8.09
197.094	197.307	194.919	-8.08
197.141	197.362	194.952	-8.09
197.254	197.49	195.03	-8.24
197.272	197.51	195.044	-8.25
197.414	197.682	195.151	-8.15
197.534	197.828	195.242	-8.08
197.574	197.874	195.272	-8.11
197.665	197.979	195.337	-8.25
197.733	198.061	195.386	-8.31
197.795	198.135	195.423	-8.37
197.893	198.248	195.481	-8.41
197.926	198.286	195.504	-8.38
198.053	198.438	195.589	-8.21
198.057	198.443	195.592	-8.2
198.188	198.603	195.688	-8.01
198.212	198.638	195.706	-8
198.254	198.697	195.733	-8.01
198.255	198.722	195.737	-8.05
198.257	198.754	195.774	-8.08
198.258	198.785	195.792	-8.08
198.259	198.794	195.85	-8.07
198.261	198.798	195.863	-8.07
198.262	198.803	195.887	-8.04
198.263	198.827	195.92	-8.04
198.265	198.847	195.944	-8.08
198.266	198.862	195.973	-8.06
198.268	198.903	196.017	-8.04
198.27	198.923	196.049	-8.1
198.271	198.959	196.077	-8.09
198.272	198.984	196.084	-8.13
198.274	198.998	196.089	-8.13
198.275	199.013	196.105	-8.12
198.276	199.044	196.116	-8.11
198.278	199.061	196.119	-8.08
198.279	199.088	196.129	-8.09
198.28	199.13	196.14	-8.11
198.282	199.157	196.145	-8.13
198.283	199.19	196.163	-8.09
198.284	199.226	196.181	-8.06
198.285	199.251	196.2	-8.09
198.287	199.278	196.216	-8.02
198.288	199.32	196.228	-8.01
198.289	199.367	196.242	-7.99
198.291	199.399	196.248	-8.03
198.293	199.486	196.279	-8
198.295	199.517	196.296	-8
198.296	199.556	196.302	-7.96
198.297	199.602	196.304	-7.97
198.298	199.648	196.313	-7.98
198.301	199.718	196.329	-7.93
198.302	199.745	196.337	-7.94
198.304	199.783	196.362	-7.94
198.305	199.846	196.391	-7.91
198.306	199.912	196.425	-7.93
198.308	199.956	196.449	-7.9
198.309	199.987	196.458	-7.92
198.312	200.072	196.473	-7.87
198.313	200.122	196.479	-7.88
198.315	200.222	196.496	-7.95
198.317	200.272	196.503	-7.97
198.318	200.318	196.524	-7.98
198.319	200.37	196.534	-7.99
198.321	200.411	196.526	-7.95
198.322	200.469	196.544	-7.94
198.323	200.52	196.565	-7.96
198.325	200.566	196.548	-7.95
198.326	200.62	196.607	-7.94
198.327	200.676	196.628	-7.94
198.329	200.735	196.632	-7.92
198.33	200.786	196.635	-7.9
198.331	200.865	196.639	-7.9
198.332	200.891	196.66	-7.9
198.334	200.942	196.677	-7.94
198.335	200.979	196.678	-7.97
198.336	201.024	196.679	-8.01
198.338	201.074	196.68	-8.01
198.339	201.136	196.699	-8.03
198.34	201.179	196.699	-8.01
198.342	201.216	196.7	-7.94
198.343	201.218	196.701	-7.98
198.344	201.219	196.714	-7.98
198.346	201.221	196.721	-7.98
198.347	201.223	196.731	-7.98
198.348	201.224	196.748	-7.97
198.349	201.226	196.765	-7.97
198.351	201.228	196.769	-7.99
198.352	201.229	196.771	-7.97
198.353	201.231	196.788	-7.97
198.355	201.233	196.79	-7.95
198.356	201.234	196.792	-7.91
198.357	201.236	196.794	-7.94
198.359	201.238	196.796	-7.94
198.36	201.239	196.798	-7.92
198.361	201.241	196.801	-7.92
198.363	201.242	196.807	-7.94
198.364	201.244	196.807	-7.96
198.366	201.247	196.82	-7.99
198.368	201.249	196.823	-7.9
198.369	201.251	196.826	-7.9
198.37	201.252	196.829	-7.9
198.372	201.254	196.834	-7.89
198.372	201.255	196.838	-7.87
198.373	201.255	196.846	-7.84
198.374	201.257	196.859	-7.84
198.376	201.258	196.863	-7.83
198.377	201.26	196.865	-7.85
198.378	201.261	196.868	-7.8
198.38	201.263	196.871	-7.81
198.381	201.264	196.873	-7.8
198.382	201.266	196.88	-7.8
198.383	201.267	196.888	-7.84
198.385	201.269	196.895	-7.83
198.532	201.433	195.919	-7.83
198.692	201.615	196.033	-8
198.851	201.823	196.15	-8.03
199.011	202.01	196.257	-8.15
199.171	202.192	196.365	-8.33
199.331	202.374	196.474	-8.26
199.49	202.555	196.575	-8.25
199.65	202.74	196.672	-8.26
199.81	202.919	196.79	-8.28
199.969	203.107	196.904	-8.24
200.129	203.298	197.015	-8.01
200.289	203.495	197.125	-8
200.449	203.699	197.23	-7.92
200.608	203.902	197.355	-8
200.768	204.114	197.459	-8.06
200.928	204.322	197.537	-7.88
201.088	204.538	197.633	-7.91
201.247	204.75	197.733	-7.93
201.407	204.943	197.823	-7.69
201.567	205.152	197.929	-7.33
201.727	205.361	198.029	-7.14
201.886	205.562	198.116	-7.01
202.046	205.756	198.241	-7.22
202.206	205.967	198.348	-7
