background_id,beta_sin,beta_cos,phase_amplitude,preferred_phase_deg,rate_ratio_max_vs_min,realization_id
q25,0.1391321834771673,0.36364249400722615,0.38935026380743554,20.937203244218594,2.1786393435808082,Barker_MC_01858
q50,-0.20607902120685845,0.5032197288146092,0.5437818114371109,337.7298724068805,2.967036439628716,Barker_MC_01858
q75,-0.4419068567369444,0.5985706233605383,0.7440218149902258,323.5626529364738,4.428423404055218,Barker_MC_01858
q25,0.23691514882027423,0.5006631443967778,0.5538884110520832,25.32363876773834,3.027619969059703,Barker_MC_05740
q50,-0.20725128677737623,0.5219661793851477,0.5616064354090028,338.344010044802,3.074717019417151,Barker_MC_05740
q75,-0.5106794713230741,0.5365191503297823,0.7407066363287196,316.4134894353018,4.399158500104863,Barker_MC_05740
q25,0.10013058979465403,0.5587405711927038,0.5676417540221774,10.159994591273314,3.1120557106768456,Barker_MC_01950
q50,-0.22235508388994693,0.5278647306216835,0.572785262699738,337.157472414712,3.1442347109780058,Barker_MC_01950
q75,-0.4426581835072122,0.5067721862510555,0.672877638344134,318.8632566001595,3.841086528428029,Barker_MC_01950
q25,0.09909646873376429,0.4356918332269643,0.44681929642325746,12.813718902969082,2.4440062359647894,Barker_MC_08028
q50,-0.28880275688736384,0.5117326200477652,0.5876030180374265,330.5612420330183,3.238810186835626,Barker_MC_08028
q75,-0.5537925183458804,0.5636791789213914,0.7902027398872812,315.50690245349466,4.856924796790215,Barker_MC_08028
q25,0.10195587468429473,0.46980413181223685,0.4807399740509304,12.244339448727525,2.615564510202445,Barker_MC_08732
q50,-0.19308459284417626,0.582674875943014,0.6138335857942347,341.6660317081489,3.4132576969070394,Barker_MC_08732
q75,-0.39463875420087347,0.6597814788627977,0.7687986382451505,329.11485618727335,4.653396004030555,Barker_MC_08732
q25,0.12105775885473069,0.5668679090855764,0.5796500731734479,12.054749612997675,3.187701570684425,Barker_MC_06901
q50,-0.24613712975811014,0.5295033832810413,0.5839155072025661,335.0688632253652,3.2150117563619864,Barker_MC_06901
q75,-0.4969829152491636,0.5039781537214827,0.7078036433065824,315.40040629836284,4.1189871123249935,Barker_MC_06901
q25,0.12142265591989868,0.569592677697745,0.582391002555439,12.033872608117306,3.2052240845693896,Barker_MC_09322
q50,-0.24563182526918376,0.4698536940871266,0.5301862761637555,332.40016759398947,2.88744651383022,Barker_MC_09322
q75,-0.4963816927298025,0.4017179316793218,0.6385703418653393,308.9829833921066,3.5863704835889183,Barker_MC_09322
q25,0.3665351503901057,0.5270138321817067,0.6419436079457023,34.818395567533194,3.6106478493277323,Barker_MC_03459
q50,-0.14866119178593912,0.543954358243687,0.5639029116749772,344.71449306271643,3.0888715293499347,Barker_MC_03459
q75,-0.5006127988017133,0.5555271216410816,0.7478125147407669,317.97643149023963,4.462124640889281,Barker_MC_03459
q25,0.2332607377089976,0.5321474261609961,0.581026208467672,23.669692511398843,3.196487072455392,Barker_MC_05927
q50,-0.2262040333244762,0.5125368213321859,0.5602341099161686,336.18611733312173,3.06628956482035,Barker_MC_05927
q75,-0.5400831339589078,0.49914001836790445,0.7354118230781903,312.7438386498015,4.3528188475203,Barker_MC_05927
q25,0.3087893997624775,0.3285164496204341,0.4508591255335599,43.22704291789733,2.463832959757643,Barker_MC_01678
q50,-0.0833964152658625,0.44614701461216993,0.4538745649698251,349.41212650045287,2.4787369347607715,Barker_MC_01678
q75,-0.3513145205556121,0.5265052450455456,0.6329531305031121,326.28650667700185,3.546305158323782,Barker_MC_01678
q25,0.03685053252692469,0.5542971746347188,0.5555207642883837,3.8035149434378064,3.037520411795513,Barker_MC_04201
q50,-0.2914604148330238,0.4664265871391962,0.5500026678162175,327.99958163569573,3.0041820531148735,Barker_MC_04201
q75,-0.5157429961808575,0.4063986095572013,0.6566206423496252,308.23763898875956,3.7182059658019195,Barker_MC_04201
q25,0.32341888117664913,0.4450395145726363,0.5501453828149457,36.00663495387875,3.005039659178079,Barker_MC_09031
q50,-0.11908051204923431,0.3834374830728207,0.4015027668337138,342.74727310099746,2.2322399286737795,Barker_MC_09031
q75,-0.42136987204655,0.34135462609790074,0.5422873314276884,309.01116955115026,2.958181326717979,Barker_MC_09031
q25,0.3413695212911419,0.5460120252912642,0.6439427628518015,32.01383423798837,3.6251132373326085,Barker_MC_09715
q50,-0.07263311752207956,0.5056008039730966,0.5107912907824661,351.8249882796211,2.777587045528901,Barker_MC_09715
q75,-0.3554551838117021,0.4779942526060467,0.5956734786970326,323.3640676137088,3.291511748925782,Barker_MC_09715
q25,0.27630291761131465,0.4519097133968345,0.5296845205808208,31.442106354178424,2.884550382405894,Barker_MC_04692
q50,-0.10612374101811657,0.5068396133684968,0.5178307079415121,348.17406801486567,2.8169688075001154,Barker_MC_04692
q75,-0.3673749690485929,0.5443644655182355,0.6567320908882166,325.98578742030026,3.719034835416936,Barker_MC_04692
q25,0.07466762245430925,0.4864568406129632,0.49215395113940225,8.726383626818377,2.6759592181050715,Barker_MC_05576
q50,-0.22954594533374056,0.4432834371612407,0.49919089202492894,332.62347431204336,2.713886618605712,Barker_MC_05576
q75,-0.43736662512890206,0.41378992666581504,0.6020894187633147,313.413335377485,3.3340201814233033,Barker_MC_05576
q25,0.005455478238770933,0.5366209770632354,0.5366487075053057,0.5824690491104991,2.925008582918458,Barker_MC_07078
q50,-0.2535091537737001,0.4628645750521082,0.5277409458107513,331.29064831901434,2.873359468183113,Barker_MC_07078
q75,-0.43041844239961546,0.4124785724926267,0.5961531752186398,313.7807245154666,3.2946711176952364,Barker_MC_07078
q25,0.2541972679931014,0.4531285653139144,0.5195591860015594,29.291669437107192,2.826723796629219,Barker_MC_07555
q50,-0.14917974505316253,0.46521579907096167,0.4885492155754218,342.2206250486617,2.6567363440217546,Barker_MC_07555
q75,-0.4247430135639937,0.47347308080398,0.6360686958320108,318.1053693970174,3.568471638513433,Barker_MC_07555
q25,0.023181101570078466,0.40751264255661995,0.4081714312803896,3.2557259149474285,2.262211472653408,Barker_MC_01828
q50,-0.2671501967336931,0.5293431215722286,0.5929362258883177,333.2207222219771,3.273541583134022,Barker_MC_01828
q75,-0.465487332772738,0.6125704843518992,0.7693640589935289,322.7690932094354,4.658661233841837,Barker_MC_01828
q25,0.16067364056051991,0.41523616755321957,0.44523824365754633,21.15370645275631,2.436290236159346,Barker_MC_03544
q50,-0.19294667943313867,0.442411988635488,0.4826559735387945,336.4368077157455,2.6256065790369134,Barker_MC_03544
q75,-0.43451912416271105,0.46097689897914346,0.6334876247059266,316.6923335527047,3.5500981443887167,Barker_MC_03544
q25,0.03692915892956017,0.5476808449556665,0.5489244672180295,3.8575148547011744,2.9977108111460087,Barker_MC_06198
q50,-0.2732105964436288,0.5600134684926116,0.6231044173348546,333.9939025558367,3.4771355418179395,Barker_MC_06198
q75,-0.48507969637169945,0.568438385979827,0.7472780677146967,319.52405262520324,4.457357650558403,Barker_MC_06198
q25,0.21729329214134827,0.43048326639345064,0.4822159448363356,26.783089220156793,2.6232969109939335,Barker_MC_03528
q50,-0.14854147274762758,0.4903514110342051,0.5123563949335171,343.14693777489646,2.7862950934503083,Barker_MC_03528
q75,-0.39845810232050694,0.5312497792686721,0.664074685015076,323.1286688873845,3.774052546084038,Barker_MC_03528
q25,0.22337178042636724,0.3531357406144634,0.41785141329205866,32.31490877673445,2.3064345022539547,Barker_MC_03251
q50,-0.22029039204987555,0.4368303932068761,0.48923271482880404,333.2385225727643,2.660370582069955,Barker_MC_03251
q75,-0.5233740939170113,0.49400561955671923,0.7196957651237574,313.3465146268623,4.218128432424609,Barker_MC_03251
q25,0.2069731160523911,0.5088672817096698,0.5493485061079396,22.13319792973577,3.000254181410732,Barker_MC_09511
q50,-0.15481341429752518,0.5033779539960546,0.5266465207477509,342.9047692211347,2.8670769931555746,Barker_MC_09511
q75,-0.4019645299585997,0.49962797063615144,0.6412515827558144,321.18235981529926,3.605653987476015,Barker_MC_09511
q25,0.19466767528406306,0.4394104394826698,0.48060070549974687,23.894307314413133,2.6148360798948627,Barker_MC_03335
q50,-0.2276799510104112,0.4858680596413892,0.5365686642656201,334.89200104149427,2.9245403660708815,Barker_MC_03335
q75,-0.5162028181678121,0.5176051523465284,0.731013298935159,315.0777202177952,4.3146948252323325,Barker_MC_03335
q25,0.12157270316353869,0.4725812877769948,0.48796823227691033,14.426663764569865,2.653651097956473,Barker_MC_08888
q50,-0.23840857061116494,0.5077049743417392,0.5608948096677352,334.8461455549804,3.0703440365262566,Barker_MC_08888
q75,-0.4843264419715554,0.5316993953396976,0.7192192637836019,317.66952458160864,4.214110459596148,Barker_MC_08888
q25,0.2264001360508043,0.4810183335270518,0.5316348923772449,25.204884532806656,2.895824247762269,Barker_MC_07321
q50,-0.0898320447949202,0.5581565153591103,0.5653392715085882,350.8569834497168,3.0977577490397157,Barker_MC_07321
q75,-0.3058631287282073,0.6108527494655066,0.6831495700393706,333.4021854400607,3.9208134305882942,Barker_MC_07321
q25,0.19944845909935022,0.39083211484902936,0.43878175649686035,27.036015208807,2.405032730916295,Barker_MC_09045
q50,-0.16822425477805325,0.46783440256728437,0.4971603645918682,340.22239073967313,2.7028877248189835,Barker_MC_09045
q75,-0.4193964621707555,0.5204378018691185,0.6683927723245561,321.13628516541553,3.8067870699709347,Barker_MC_09045
q25,0.15973041674958185,0.38354048280103237,0.4154721506698663,22.60992078260266,2.295485347026885,Barker_MC_05292
q50,-0.22022063079546783,0.4751402358133523,0.523693965896803,335.13295892950566,2.8501964786844813,Barker_MC_05292
q75,-0.4797806680542589,0.5377157582612929,0.7206439662698274,318.2588378581416,4.226135290564848,Barker_MC_05292
q25,0.15832559274538888,0.37128487714899017,0.40363281992142247,23.09466914982528,2.2417697924820392,Barker_MC_06980
q50,-0.1499747095529428,0.5587767326561944,0.5785532390916343,344.9759959328383,3.1807164755252333,Barker_MC_06980
q75,-0.360587204158484,0.6868600563254093,0.7757576095522213,332.30146398186497,4.718614503460269,Barker_MC_06980
q25,0.12480523583389835,0.5475200641005304,0.561564392998883,12.840964341031597,3.074458493258501,Barker_MC_05143
q50,-0.18750631196159914,0.5679489800703407,0.5981008786052573,341.7295459689656,3.3075302313613717,Barker_MC_05143
q75,-0.4008590517577398,0.5819048047075972,0.7066124688384017,325.4380564603697,4.109185927316022,Barker_MC_05143
q25,0.13912290108740308,0.5777330968594934,0.5942480229784833,13.539512889995812,3.2821413039364975,Barker_MC_09286
q50,-0.21096034205284114,0.4440284821741426,0.491594913420516,334.5873535232986,2.672968965806159,Barker_MC_09286
q75,-0.45011646550684026,0.35268941364509165,0.571834464699085,308.08052624605057,3.1382613281049485,Barker_MC_09286
q25,-0.06839519784968856,0.6240460563978736,0.6277829111999116,353.74536948397815,3.509823749501644,Barker_MC_02883
q50,-0.3019893137852019,0.5311918268436995,0.6110337982026885,330.38121865351116,3.394198315833505,Barker_MC_02883
q75,-0.4615669694527186,0.4677593203709803,0.6571475093795062,315.3817715328094,3.722126031059712,Barker_MC_02883
q25,0.23241145887420156,0.42561858158526406,0.4849394428242425,28.636999336756396,2.6376249857684337,Barker_MC_03165
q50,-0.08849587160374914,0.4721069136432378,0.4803295298028749,349.3831789960825,2.6134183044035293,Barker_MC_03165
q75,-0.307720740685338,0.5038649868977563,0.5903998469422305,328.5867268401295,3.2569777469178383,Barker_MC_03165
q25,0.13035121438233593,0.4295787406923814,0.44892018616431356,16.879876591828697,2.454297015874898,Barker_MC_02128
q50,-0.2111957935258339,0.45613712399208006,0.5026576758458712,335.15541809855915,2.7327689202599434,Barker_MC_02128
q75,-0.444520466983306,0.47428023743615,0.6500309140260541,316.85515023757085,3.6695235400982793,Barker_MC_02128
q25,0.2520211468323004,0.3037832575349368,0.3947137266541483,39.67938611331634,2.2021352400000342,Barker_MC_01860
q50,-0.13248776545023494,0.4055815362969088,0.42667246287867844,341.9097918471959,2.3474859001523303,Barker_MC_01860
q75,-0.39516146576832323,0.47512408710460297,0.6179769268954562,320.2496483102843,3.441659795771236,Barker_MC_01860
q25,0.21568334839766384,0.3852569805305347,0.4415226470109238,29.24196941846392,2.4182527953567328,Barker_MC_00984
q50,-0.23418718058675136,0.4953851399050718,0.5479507937670492,334.6981378894298,2.9918789084966875,Barker_MC_00984
q75,-0.5415120636718072,0.5706181714631904,0.7866641041169313,316.49917382512683,4.822672370978628,Barker_MC_00984
q25,0.25914694600611937,0.48811983957560623,0.552646466931269,27.964210072474447,3.020109031444935,Barker_MC_02981
q50,-0.1883289202678904,0.5139565473387294,0.5473747480123805,339.87566790709485,2.988433975029584,Barker_MC_02981
q75,-0.4940179117128227,0.531606654827499,0.7257129822112748,317.09892870726793,4.2691979011118475,Barker_MC_02981
q25,0.08236522505772503,0.4912120138898246,0.498069546236775,9.518666691640187,2.7078070278188253,Barker_MC_09341
q50,-0.22503574348784566,0.44120222494997485,0.49527819369313614,332.9760884527792,2.6927322578990336,Barker_MC_09341
q75,-0.4350338665739951,0.4070385010586948,0.5957640526336158,313.09585757797225,3.2921080532866047,Barker_MC_09341
q25,0.05399251981059136,0.4569883271794531,0.46016684297521043,6.73817765308225,2.5101278446006026,Barker_MC_07575
q50,-0.2550821831646387,0.5508290187782423,0.6070251461811442,335.1517223188906,3.3670947897356056,Barker_MC_07575
q75,-0.4662237024165067,0.6149354176555464,0.771693014470234,322.8317985743662,4.680411479059222,Barker_MC_07575
q25,0.18200949616522585,0.5446532913165244,0.5742601017276423,18.478337759210575,3.1535228829313957,Barker_MC_08714
q50,-0.20701119928198225,0.4779613296215599,0.5208653081572759,336.58194310901615,2.834117542718071,Barker_MC_08714
q75,-0.47276708245992227,0.432401334000402,0.6406868407443641,312.44660146218627,3.6015837579673637,Barker_MC_08714
q25,0.17357153628562044,0.3921983417764556,0.42888998298019493,23.872293929629006,2.3579202156968115,Barker_MC_06402
q50,-0.1795786377251083,0.5338192060877722,0.5632152625021672,341.40688154484235,3.084626329323205,Barker_MC_06402
q75,-0.42082990658311825,0.6305661871917239,0.758097306883664,326.28148023916725,4.554859175494318,Barker_MC_06402
q25,0.180180092246141,0.432993107326878,0.4689860303190418,22.593509892022073,2.554795191699208,Barker_MC_06549
q50,-0.14558742378711945,0.5296335946449505,0.5492790206639082,344.6299658994649,2.9998372623932013,Barker_MC_06549
q75,-0.3681324835932023,0.5956526480231689,0.700231106545198,328.28260203947264,4.057074766598641,Barker_MC_06549
q25,0.37110267964036114,0.4059431299964922,0.5500063850789421,42.43274508898275,3.0042043878658253,Barker_MC_08135
q50,-0.032719017172492725,0.41937077886739876,0.42064519996379673,355.5388600639477,2.3193579459183593,Barker_MC_08135
q75,-0.308586067277743,0.42854375276429857,0.528086270368064,324.2430693049522,2.8753446368043796,Barker_MC_08135
q25,0.1687813648036397,0.30246705040857225,0.34637186041571144,29.162203455654534,1.9991932433008182,Barker_MC_00051
q50,-0.13368263659852406,0.44769274712505125,0.46722568760322686,343.37418907588767,2.545816376553368,Barker_MC_00051
q75,-0.34030811632977875,0.546902336081886,0.644136460116757,328.10820151427174,3.626517858424756,Barker_MC_00051
q25,0.1816255767544495,0.489172620226065,0.5218023596250025,20.36952732409721,2.8394339509163524,Barker_MC_01474
q50,-0.23238825241516803,0.4443609643681355,0.5014588383055535,332.39170164378726,2.7262244771779973,Barker_MC_01474
q75,-0.5152179632930655,0.41374829692251347,0.6607852925921816,308.7663758036894,3.749305358852453,Barker_MC_01474
q25,0.2800984860101746,0.4285232219714009,0.5119446392276634,33.17010231058137,2.7840014921774996,Barker_MC_06374
q50,-0.12537002614875223,0.5446820825950605,0.5589241581436887,347.037929856844,3.0582666960797407,Barker_MC_06374
q75,-0.40236208289721853,0.6240349318271474,0.7425057857645964,327.1870915101007,4.41501650097532,Barker_MC_06374
q25,0.25959571526128533,0.6529512030302378,0.7026629411891971,21.681428607813878,4.0768551000477835,Barker_MC_09863
q50,-0.23512877976842622,0.5720908954646187,0.6185252911150023,337.65738720174994,3.4454364325408644,Barker_MC_09863
q75,-0.5730952341115301,0.5168519256549594,0.7717344494154639,312.0460508212169,4.6807993603174145,Barker_MC_09863
q25,0.11121026930281866,0.4616654852987788,0.47487129236727127,13.543900890817866,2.585044143838094,Barker_MC_03150
q50,-0.21383506830826837,0.45173373660719807,0.4997887606054214,334.66875036710377,2.7171336546001985,Barker_MC_03150
q75,-0.43588677861741476,0.4449489545225376,0.6228778820155412,315.58944715216785,3.475560510624553,Barker_MC_03150
q25,0.08538104241915864,0.4286150828925103,0.4370363962961617,11.265970044044838,2.3966520698786393,Barker_MC_02236
q50,-0.26219978559015555,0.540331291915424,0.6005885718081178,334.1146741283888,3.324027478368541,Barker_MC_02236
q75,-0.4996464073364534,0.6166491848749381,0.7936641289431889,320.98352002636733,4.890664862208477,Barker_MC_02236
q25,0.24402800849092487,0.4419379597331415,0.5048354476273815,28.906473082961497,2.7446975733659684,Barker_MC_02657
q50,-0.1647802304647024,0.41721178419717125,0.4485735137354717,338.4481688298704,2.4525959314469294,Barker_MC_02657
q75,-0.4440537906262708,0.4003203265084728,0.5978629715791155,312.0350750686177,3.3059568363503495,Barker_MC_02657
q25,0.11219774581654371,0.5523440558755157,0.5636242455992544,11.48227621934916,3.0871504815771216,Barker_MC_02161
q50,-0.2156825881631604,0.4536480721490612,0.5023102151074765,334.5717008624264,2.7308705201420564,Barker_MC_02161
q75,-0.43967099997062165,0.3862248254470129,0.5852180824331575,311.2973825578818,3.223398265037117,Barker_MC_02161
q25,0.11203643334730103,0.476792808142238,0.48977907702692364,13.22342644262281,2.663279222789936,Barker_MC_01983
q50,-0.11999544513679977,0.44994215345375893,0.4656681740340268,345.06729043179035,2.537898428165655,Barker_MC_01983
q75,-0.2785058727660844,0.43159937751881894,0.5136570293881223,327.1663347493576,2.7935524313001507,Barker_MC_01983
q25,0.31021692857673266,0.590938796625836,0.6674153160762591,27.697501161359284,3.7993524037846393,Barker_MC_07665
q50,-0.1396044287020632,0.5269149947071744,0.5450952285247882,345.1606224281041,2.974840597975224,Barker_MC_07665
q75,-0.44689572059208177,0.48317772771230727,0.6581614556024566,317.23396588716076,3.7296817608351414,Barker_MC_07665
q25,0.1443773199944605,0.5725794163201547,0.5905014805420151,14.15225799822423,3.2576398509532507,Barker_MC_00577
q50,-0.18936121416335605,0.4656845558648838,0.5027124177902257,337.871876226098,2.733068130807345,Barker_MC_00577
q75,-0.4173516011366313,0.3926603225016275,0.5730309658634444,313.2540156722293,3.1457801875072238,Barker_MC_00577
q25,0.20135327572263853,0.5255742115508565,0.5628244784047166,20.962387228685,3.0822164253658673,Barker_MC_03580
q50,-0.22062258227797307,0.4992063636957591,0.5457850468502627,336.1571283280613,2.9789476295491224,Barker_MC_03580
q75,-0.5088914793704666,0.4811934127750442,0.700369644026607,313.39754295904197,4.058199036185029,Barker_MC_03580
q25,0.2943545167216163,0.4029253997777048,0.4989924441316116,36.149752092267775,2.7128097021673185,Barker_MC_04237
q50,-0.18169423469187382,0.5026983887723292,0.5345263931692817,340.1282252028632,2.9126193201327473,Barker_MC_04237
q75,-0.5069025278450487,0.5708573816431018,0.7634319373147277,318.39598007948814,4.603716327615749,Barker_MC_04237
q25,0.189679742581439,0.43881515388574255,0.4780555867527634,23.37662273256948,2.6015597617130437,Barker_MC_04486
q50,-0.1819482625120023,0.4895792365621599,0.5222958922908775,339.6128137477583,2.8422380414136854,Barker_MC_04486
q75,-0.4358224904466597,0.5242582492298035,0.6817535882301079,320.26282558580954,3.90988192941283,Barker_MC_04486
q25,0.1785588272810097,0.5483421262720899,0.5766821847816751,18.037009478175555,3.1688361316170686,Barker_MC_02446
q50,-0.20801615601658707,0.5825809932156855,0.618604344326882,340.35040500099535,3.4459812212396654,Barker_MC_02446
q75,-0.47210127360306714,0.6059709578887654,0.7681669182816102,322.07847322937903,4.647520430221407,Barker_MC_02446
q25,0.2000531920921255,0.528841658469552,0.565415581142822,20.72090942266579,3.098230562640579,Barker_MC_09021
q50,-0.20803630695184078,0.5423510629012178,0.580881898874669,339.0140668703956,3.1955646380809943,Barker_MC_09021
q75,-0.48681886660306584,0.5515798873518506,0.7356853818119358,318.56869996516576,4.355201002344438,Barker_MC_09021
q25,0.3297794540884791,0.37624133591879516,0.5003119338901032,41.23490292395233,2.71997820601197,Barker_MC_07453
q50,-0.03020521879653581,0.4624413364683345,0.4634267416940524,356.2629276975529,2.526546835777222,Barker_MC_07453
q75,-0.27612541222763715,0.5213280680589176,0.5899391475600904,332.09172496923287,3.253978153769465,Barker_MC_07453
q25,0.17320773812822532,0.5305611108437205,0.5581182785818957,18.07986329333903,3.053341477029559,Barker_MC_01980
q50,-0.18926202952158525,0.49087966715626424,0.5261016664543785,338.91551194715936,2.8639544163956243,Barker_MC_01980
q75,-0.4368798924127648,0.4637716566150443,0.6371406358678212,316.71023628973614,3.5761302203524994,Barker_MC_01980
q25,0.11434210578683784,0.5565494111824145,0.5681737095671188,11.609771409433788,3.11536842316307,Barker_MC_06123
q50,-0.24022324251912064,0.510453478991377,0.5641541991874212,334.79797206030116,3.090424309197175,Barker_MC_06123
q75,-0.48244127458299846,0.4789634700697256,0.6798202623359362,314.79273801951996,3.894792968137383,Barker_MC_06123
q25,0.11142559208944222,0.4718136349914306,0.4847925007013925,13.287759382333578,2.636849943231026,Barker_MC_03596
q50,-0.21074435532202399,0.3892429084951869,0.44263215553536994,331.56794712359954,2.423624897727166,Barker_MC_03596
q75,-0.4308317694615207,0.3328354818429171,0.5444221446184493,307.68758035498223,2.9708386575604186,Barker_MC_03596
q25,-0.05401909678058689,0.5615806169834356,0.5641727148564406,354.50555652348424,3.090538753863459,Barker_MC_02325
q50,-0.215595501336784,0.5160420573211949,0.5592681155947928,337.3254773424272,3.0603712471079145,Barker_MC_02325
q75,-0.3259749248381114,0.48493281227761753,0.5843111192221926,326.0907544024371,3.2175565575712857,Barker_MC_02325
q25,0.2603896975864113,0.3978837562993056,0.47551475070284405,33.20220432595876,2.5883730217772767,Barker_MC_04360
q50,-0.12429688173707248,0.4918583926146759,0.5073207990956535,345.81778349581356,2.758374613745326,Barker_MC_04360
q75,-0.38709195364780724,0.556056294583894,0.6775240094087046,325.1567544301189,3.8769471185792974,Barker_MC_04360
q25,0.19053116748985732,0.5581854703050281,0.5898077187055909,18.8468385538378,3.253122932932452,Barker_MC_05314
q50,-0.2536389828938768,0.541993934802593,0.5984063494033446,334.9216355490094,3.3095515565532634,Barker_MC_05314
q75,-0.5570697051612642,0.5309328373653216,0.7695559331206854,313.6238596116911,4.66044933002521,Barker_MC_05314
q25,0.17076601866437366,0.5714334902057666,0.5964036107027063,16.638142173732952,3.2963217361465595,Barker_MC_03100
q50,-0.18893079768165308,0.46371453076983027,0.5007254860297302,337.83258782389566,2.7222288422527674,Barker_MC_03100
q75,-0.43465434458560903,0.39012732182456533,0.5840579821397472,311.90980488951334,3.2159280040941733,Barker_MC_03100
q25,0.17607775771368955,0.5004577362366537,0.5305292852619888,19.38357602714639,2.889428034281863,Barker_MC_01358
q50,-0.1547421061972904,0.4310066949892375,0.4579431084271485,340.25060166854814,2.4989889169632793,Barker_MC_01358
q75,-0.3807386306377213,0.38356185973923385,0.5404457466818541,315.21164238207314,2.947305883848727,Barker_MC_01358
q25,0.3081894859346823,0.49838922473282193,0.5859800155043404,31.731448209156074,3.2283140370545675,Barker_MC_02014
q50,-0.13614816626276707,0.5238183281730258,0.5412226566827166,345.43035329593056,2.951889026449464,Barker_MC_02014
q75,-0.4396933158420141,0.5411899845457178,0.6972924862414189,320.9076427384465,4.033300294613268,Barker_MC_02014
q25,0.24578287668965862,0.4761718988847537,0.5358627620588653,27.301162294110988,2.920414400288246,Barker_MC_06862
q50,-0.15957747511500292,0.5565993150177225,0.5790231152918486,344.0023599257161,3.1837069664086006,Barker_MC_06862
q75,-0.43649564311973654,0.6115425590566181,0.7513406338006947,324.4822085998303,4.493721802320269,Barker_MC_06862
q25,0.14487225116949706,0.4570544875346126,0.47946509125737735,17.587017871314643,2.608903928892521,Barker_MC_04025
q50,-0.18296475347287539,0.5537247494705179,0.5831699573791312,341.7151298871975,3.2102214257850687,Barker_MC_04025
q75,-0.406923565245056,0.619764143102998,0.7414137718089278,326.7119740078314,4.4053845038122,Barker_MC_04025
q25,0.12291685358924609,0.6002442832476308,0.6127003774013382,11.572921740331509,3.4055305920961723,Barker_MC_09777
q50,-0.2174163493876476,0.49651182993804405,0.5420275511904139,336.3519872389862,2.9566447718252276,Barker_MC_09777
q75,-0.4499118232542182,0.4256479657114564,0.6193519511701211,313.41260308133116,3.4511375534736213,Barker_MC_09777
q25,0.24780738424942952,0.3879631043633089,0.46035189804730914,32.56798102656033,2.511057040320896,Barker_MC_07957
q50,-0.11070630571443393,0.4929897270647614,0.5052670156623383,347.34355521681016,2.7470676435419312,Barker_MC_07957
q75,-0.35562161079402765,0.5647376911187934,0.6673794946160126,327.80092213659594,3.7990802168327007,Barker_MC_07957
q25,0.08719221770717431,0.5400139125894363,0.5470077774756468,9.171984585281626,2.986241445282203,Barker_MC_07281
q50,-0.2409929463714565,0.495905011384299,0.5513613883079386,334.0818266184739,3.0123568427714003,Barker_MC_07281
q75,-0.465189600036247,0.46577242426755383,0.658289689414894,315.03586973841834,3.730638426129475,Barker_MC_07281
q25,0.04192129672217387,0.49420462411259003,0.4959794407161802,4.848552766527595,2.6965114483850554,Barker_MC_00769
q50,-0.23693254804540956,0.41680706459808253,0.4794425527862128,330.3840831693869,2.608786330131092,Barker_MC_00769
q75,-0.427428968058699,0.36393363903148207,0.561376180786486,310.41267491072836,3.0733014097795275,Barker_MC_00769
q25,0.20235263799427267,0.5328228313586734,0.5699532960868938,20.795510913748295,3.126476314190231,Barker_MC_00843
q50,-0.16317758181294834,0.48243288810318835,0.5092822544816429,341.3124617793031,2.7692167236412852,Barker_MC_00843
q75,-0.4128861642353381,0.4480094653139373,0.6092515618591803,317.3362895432705,3.3821213254805054,Barker_MC_00843
q25,0.24054647122874306,0.5205339260998301,0.5734266936945854,24.80236105131378,3.1482709185705064,Barker_MC_07174
q50,-0.13433036638798063,0.49292172818164603,0.5108977172071819,344.75600729138864,2.7781783257716963,Barker_MC_07174
q75,-0.3904240041551396,0.4740587110462842,0.6141356238970321,320.52590444560764,3.4153201875533474,Barker_MC_07174
q25,0.21746972228345945,0.3710959653830553,0.4301224193571253,30.371163100741583,2.3637393577684014,Barker_MC_08022
q50,-0.182075142481679,0.4414906809776683,0.47756191106478435,337.58826268497415,2.598992375767273,Barker_MC_08022
q75,-0.45502051440541835,0.4895801786132639,0.6683804454206952,317.09531933451956,3.806693219331367,Barker_MC_08022
q25,0.2856343080673752,0.4527794315770794,0.5353467769627378,32.24563378253831,2.9174021742092053,Barker_MC_07442
q50,-0.1971216856205955,0.503108322889991,0.5403470583829288,338.6043745011721,2.9467242120466377,Barker_MC_07442
q75,-0.5269119691799464,0.5374900386104196,0.7526830440965966,315.56938898786456,4.505802849614303,Barker_MC_07442
q25,0.23663773537311383,0.38103041549918704,0.4485327137879677,31.842217778213715,2.4523958080415618,Barker_MC_09460
q50,-0.1667994184192914,0.5023184740796215,0.5292881024420379,341.63078385386314,2.882264312577553,Barker_MC_09460
q75,-0.4424037715235461,0.5851752873654207,0.7335879047540661,322.91001828472025,4.336969401076257,Barker_MC_09460
q25,0.27001544058343596,0.4513744087358653,0.525972618122958,30.888169282514436,2.8632153346995866,Barker_MC_07997
q50,-0.11243106594429447,0.5403023009589991,0.5518761826813685,348.24511844980196,3.015459928655278,Barker_MC_07997
q75,-0.3736958528825705,0.6010525664679937,0.7077519184851382,328.1293070610178,4.118561026618749,Barker_MC_07997
q25,0.2356090756247342,0.5155165873683829,0.56680595301098,24.5620551603036,3.106857937571415,Barker_MC_06182
q50,-0.15130821142523965,0.44028305969017567,0.4655570292615587,341.03414172078516,2.5373343425764507,Barker_MC_06182
q75,-0.4156271706481487,0.3888879724192281,0.5691922347268308,313.0963945000391,3.1217210535217226,Barker_MC_06182
q25,0.3014857774899661,0.434958168647172,0.5292280061576778,34.72727754786914,2.8819179066442198,Barker_MC_01627
q50,-0.1213972549108633,0.4716449615489082,0.48701772375793906,345.565882056573,2.6486112539389524,Barker_MC_01627
q75,-0.41028587978840225,0.49670720415623026,0.6442457216112827,320.44290067473105,3.627310422540613,Barker_MC_01627
q25,0.2605033931940157,0.4343521330493314,0.5064817798796913,30.95329110384018,2.753749836496007,Barker_MC_00246
q50,-0.15482831858725873,0.4639220885704747,0.489076182716097,341.54419896836635,2.6595378455711693,Barker_MC_00246
q75,-0.43855832875895884,0.4841225296704527,0.6532289272975971,317.8271068662783,3.6930691288975686,Barker_MC_00246
q25,0.1737555965704181,0.5509507955442714,0.5777004296782264,17.503923352109894,3.175296009560287,Barker_MC_07478
q50,-0.23927857057736568,0.4866097061058694,0.5422575406704715,333.8154617881952,2.9580050790451673,Barker_MC_07478
q75,-0.5214390344232279,0.44265568708208264,0.6839902951989443,310.32831619447234,3.9274116292995616,Barker_MC_07478
q25,0.14720365569976632,0.4116112469434082,0.4371415501432948,19.678466157134075,2.3971561572542823,Barker_MC_08347
q50,-0.20103005244703723,0.5384370500105305,0.574741279891136,339.52645464646014,3.156559156384236,Barker_MC_08347
q75,-0.4389226832092522,0.6250769221260964,0.7637894215097795,324.9238581132605,4.607009016210866,Barker_MC_08347
q25,0.08097380204520502,0.37826679389958506,0.38683655978297504,12.082683220566805,2.167713920899665,Barker_MC_00287
q50,-0.2422845560020977,0.5430207981840365,0.5946203774994275,335.95456780883427,3.28458645459219,Barker_MC_00287
q75,-0.46311550778155064,0.655570969494031,0.8026513997939001,324.7614400964904,4.9793671248025335,Barker_MC_00287
q25,0.04846014735745832,0.2954091296163909,0.29935754499030115,9.316063717020747,1.8197790451967102,Barker_MC_00862
q50,-0.1696270195065391,0.43547239752120087,0.4673430589508467,338.71788451803957,2.546414058499176,Barker_MC_00862
q75,-0.31861124661324725,0.531155321073741,0.6193860682751884,329.04274356242047,3.4513730471529196,Barker_MC_00862
q25,0.043003591564082594,0.40790176822037955,0.4101623598097742,6.018253131774459,2.2712372330927577,Barker_MC_09559
q50,-0.2862078918553522,0.48868973848913194,0.5663326035686637,329.64403811265663,3.1039180704312437,Barker_MC_09559
q75,-0.5111056660672757,0.5438792917447608,0.7463468937932657,316.7793492724155,4.449064225171495,Barker_MC_09559
q25,0.18231821179616237,0.5358346631406047,0.5660023997966401,18.7909167398188,3.101868896240951,Barker_MC_09524
q50,-0.18900547361311273,0.4474382389755617,0.48572013212679266,337.09998243916584,2.6417465338006214,Barker_MC_09524
q75,-0.4426718083755546,0.3870510409455259,0.5880194199407863,311.16489475101747,3.2415086037584477,Barker_MC_09524
q25,0.2478587600805123,0.559011036784587,0.6114959559928649,23.911921468197455,3.3973370765989066,Barker_MC_05255
q50,-0.15085785871086532,0.49851850174971785,0.5208443050678493,343.16353632395914,2.8339984947700727,Barker_MC_05255
q75,-0.42323742207269166,0.45719358700351576,0.6230215818411744,317.208669544737,3.4765595290551596,Barker_MC_05255
q25,0.26948918423687707,0.38087367018982266,0.46657172338722297,35.28151824381498,2.5424888075172447,Barker_MC_03938
q50,-0.19038890624267873,0.4580911328122018,0.4960800556174878,337.43156490726756,2.697054121450729,Barker_MC_03938
q75,-0.5045503622266165,0.5108415268558388,0.7180042712849379,315.3549886236598,4.203882666127368,Barker_MC_03938
q25,0.3951571424285512,0.42534074260174404,0.5805720579990923,42.89321404953077,3.1935850184205816,Barker_MC_08765
q50,-0.09726668244155805,0.4962807010474876,0.505722593667094,348.91108642318994,2.749571791395315,Barker_MC_08765
q75,-0.433661455284624,0.544742676284261,0.6962807200870329,321.4772305684114,4.025147033132238,Barker_MC_08765
q25,0.25225064518040186,0.5504411797251197,0.6054881339308893,24.620562987156347,3.3567601504617905,Barker_MC_06357
q50,-0.175351759127802,0.5256448503158627,0.5541216004567954,341.55163114508724,3.029032316175046,Barker_MC_06357
q75,-0.46746437919111805,0.5087054676587196,0.6908720566345219,317.4191855204405,3.9818403553711574,Barker_MC_06357
q25,0.15501811143220828,0.5261299380743878,0.5484918655824967,16.417000688287263,2.995118303631212,Barker_MC_04954
q50,-0.24522388778239285,0.42486757918051904,0.49055806483822706,330.00743684259703,2.6674317808473957,Barker_MC_04954
q75,-0.5186455006451849,0.3556911370645402,0.6288953333630009,304.4426340716163,3.5176412540973057,Barker_MC_04954
q25,0.09083192866864245,0.5346119585332019,0.5422733494026526,9.642617923924755,2.9580986051438583,Barker_MC_03839
q50,-0.21149458898441134,0.518688301466619,0.5601495472175367,337.8168749483776,3.065771021230255,Barker_MC_03839
q75,-0.41802614796647475,0.5078102027004657,0.6577363167336719,320.5390044276766,3.7265118433118145,Barker_MC_03839
q25,0.19064292942448882,0.3720088466313469,0.41801352670880837,27.133724104738906,2.3071824314521003,Barker_MC_03675
q50,-0.14781034532614962,0.47731492969264716,0.4996773361809922,342.79379000340435,2.71652821195668,Barker_MC_03675
q75,-0.37902156364558215,0.549253804501849,0.6673358131166778,325.39174942443054,3.7987483322901965,Barker_MC_03675
q25,0.16420978358482374,0.46712135654036296,0.4951436304357389,19.368390004700856,2.692007669758504,Barker_MC_00813
q50,-0.21017857641685928,0.44807790755448235,0.4949230700048451,334.87027434564203,2.6908204308924493,Barker_MC_00813
q75,-0.46593851522785207,0.4350685518486661,0.6374820348687724,313.0377212435676,3.578572828730661,Barker_MC_00813
q25,0.2603980331245125,0.538343051727864,0.5980136929860255,25.813183381919604,3.3069535434990227,Barker_MC_06382
q50,-0.1947814163838926,0.5129002963505238,0.5486406056472402,339.2049915420299,2.9960094243507864,Barker_MC_06382
q75,-0.5057330393290284,0.4955193137834848,0.7080291642308474,314.41554886969504,4.12084536693,Barker_MC_06382
q25,0.022661444067924502,0.5485378361907305,0.5490057365638836,2.365684009067745,2.9981980947395184,Barker_MC_02298
q50,-0.262289264550359,0.5041908725126005,0.5683344914954446,332.5157286280318,3.1163703741350886,Barker_MC_02298
q75,-0.45695070060577914,0.47389565522347105,0.658316819490278,316.0428865692536,3.7308408566248428,Barker_MC_02298
q25,0.2690686511902528,0.48710406711001786,0.556478491272091,28.915572390198456,3.0433442181552772,Barker_MC_06865
q50,-0.20485976710421916,0.48855445407306514,0.5297669098505735,337.2508096824211,2.885025733567796,Barker_MC_06865
q75,-0.528619574335512,0.48954527248664925,0.7204812476287538,312.8022277469122,4.224760172351403,Barker_MC_06865
q25,0.27714863744107543,0.3445350279403177,0.44217163264198683,38.81366964311539,2.4213936559220794,Barker_MC_00043
q50,-0.1146171909779222,0.5082188072243071,0.5209831633403972,347.2908660998973,2.8347856523391277,Barker_MC_00043
q75,-0.38224838630736646,0.6200378642426316,0.7283960337132196,328.3464997180341,4.292168432792934,Barker_MC_00043
q25,0.18730574523850846,0.4275094921642698,0.466741693112909,23.659781701697458,2.543353246687756,Barker_MC_09490
q50,-0.24022904375103418,0.5339116074327057,0.5854669913948283,335.7750372650416,3.2250033299494136,Barker_MC_09490
q75,-0.5322954730359739,0.6065992264876706,0.8070322745652937,318.73280027154823,5.023186780526376,Barker_MC_09490
q25,0.07122300686486502,0.4813847788529364,0.4866251350045157,8.416107426004132,2.646532440183679,Barker_MC_03156
q50,-0.25119052154225063,0.47298145693825683,0.5355447102904705,332.0281669950515,2.918557305074368,Barker_MC_03156
q75,-0.4714443357817465,0.4672408054428475,0.663757283961218,314.7434252157649,3.771657529834262,Barker_MC_03156
q25,0.11740275426496172,0.44882175717980033,0.4639228130055286,14.658973802004443,2.5290547744926064,Barker_MC_00595
q50,-0.2102352898904329,0.473496892878989,0.5180716018866225,336.05850911991445,2.8183263159480054,Barker_MC_00595
q75,-0.43405818364963095,0.4903534831761581,0.6548687236814776,318.4849241526733,3.7052007742580138,Barker_MC_00595
q25,0.16034264647327018,0.46212862129249,0.4891550131561055,19.13500527854901,2.6599571837040816,Barker_MC_09145
q50,-0.25214220280201094,0.5471181692400411,0.6024234238029135,335.25714541402704,3.3362480845567686,Barker_MC_09145
q75,-0.5339274052336069,0.6051779913524109,0.8070432920710209,318.57916513919855,5.023297467724115,Barker_MC_09145
q25,0.20663484509348606,0.5460832973424908,0.5838706422173119,20.726360346860545,3.2147232863942983,Barker_MC_02551
q50,-0.21570851024583584,0.523245083115682,0.5659642907438726,337.5960268217223,3.10163248667952,Barker_MC_02551
q75,-0.5042284597398019,0.5076433687002693,0.7155055061960953,315.193363549152,4.182926044929864,Barker_MC_02551
q25,0.11034424318325062,0.5439752417262764,0.5550539754067574,11.466743764426147,3.0346859735737493,Barker_MC_07961
q50,-0.2678047948522634,0.5417940955212345,0.604367644805325,333.69715501436053,3.349246146474708,Barker_MC_07961
q75,-0.5261338060131981,0.5403040657031684,0.7541520173315903,315.7612710683879,4.519060122233557,Barker_MC_07961
q25,0.20508244386635602,0.5359822973679541,0.5738778893406045,20.938306910128706,3.151113173052375,Barker_MC_03343
q50,-0.16377846213586456,0.48370058657485143,0.5106756721368702,341.29417130453686,2.7769448380784607,Barker_MC_03343
q75,-0.4157623719680804,0.44798482032261583,0.611186345711364,317.13645216320464,3.3952340268146624,Barker_MC_03343
q25,0.06669606332772704,0.5583635858298078,0.5623328719220826,6.8116588100093,3.0791874395277716,Barker_MC_00988
q50,-0.21208309104349982,0.4893212833087371,0.5333053119981788,336.5669827530411,2.9055149095049715,Barker_MC_00988
q75,-0.40252848700464766,0.4421556741319995,0.5979388121015174,317.6859827538679,3.306458325369592,Barker_MC_00988
q25,0.059550666787241635,0.44935127629859833,0.4532801026142493,7.549182181514734,2.4757916543718475,Barker_MC_05877
q50,-0.2657023252402081,0.4102732617234109,0.4887963532220957,327.07198521791724,2.658049827742078,Barker_MC_05877
q75,-0.48789589273963274,0.38357747818847376,0.6206239472705128,308.17397409276487,3.4599283976719097,Barker_MC_05877
q25,0.22764225691999052,0.40642957415000874,0.4658390235686405,29.25330082404429,2.538765773873524,Barker_MC_01293
q50,-0.10884882940919313,0.5066736363796436,0.5182337710588947,347.8754158057262,2.819240555493162,Barker_MC_01293
q75,-0.338719596891413,0.575154438565645,0.6674830286382145,329.5053443346633,3.7998669663962685,Barker_MC_01293
q25,0.05957549179615343,0.48932584587814815,0.492939167308826,6.941605196731754,2.680164932529226,Barker_MC_04407
q50,-0.291664230931967,0.5359690251295741,0.6101891669830609,331.44580167995366,3.3884694642364197,Barker_MC_04407
q75,-0.5316103926997375,0.5678328808093854,0.7778456081734053,316.8869961881472,4.738360625794758,Barker_MC_04407
q25,0.17640013112562108,0.46798890354290457,0.5001306030432714,20.653046350658492,2.7189919529579605,Barker_MC_07887
q50,-0.13198274771752078,0.47778778541692707,0.4956819681899658,344.55786852732047,2.694907649373471,Barker_MC_07887
q75,-0.3426516537244415,0.48448180076640235,0.5934077612181615,324.7299903424223,3.276630220326986,Barker_MC_07887
q25,0.30747699207493023,0.46220064987652015,0.5551320035826832,33.63366581165663,3.0351595925504644,Barker_MC_09601
q50,-0.0854717434865785,0.47073213278747306,0.4784288450472846,349.70881162745206,2.603502594320707,Barker_MC_09601
q75,-0.3539110308688483,0.47656033627986405,0.5936015261821923,323.4010778323466,3.277900258673594,Barker_MC_09601
q25,0.1636023733875683,0.515176864748564,0.540530238331035,17.61804988862105,2.9478039714013144,Barker_MC_08218
q50,-0.19375239295159957,0.42708768116816637,0.4689817450392631,335.59812767586055,2.554773295768691,Barker_MC_08218
q75,-0.4378759900963167,0.36691037169644153,0.5712780440041877,309.9607238851736,3.13477088352286,Barker_MC_08218
q25,0.06883909020633774,0.4842573796041457,0.48912578141160173,8.090613231889357,2.6598016778722626,Barker_MC_02513
q50,-0.20097936505319192,0.4851120049694852,0.5250965268811992,337.49602880264956,2.858202851618534,Barker_MC_02513
q75,-0.38530334245180464,0.48569583436830666,0.6199670226933511,321.5749715797282,3.4553855586287137,Barker_MC_02513
q25,0.10530978172140795,0.4115199767266399,0.4247809333895589,14.354197017562518,2.338621999442384,Barker_MC_04138
q50,-0.24183090753195724,0.5336558697281119,0.5858931431011952,335.62191988938,3.227753182981707,Barker_MC_04138
q75,-0.4789768525657382,0.6170918732420619,0.7811665669466263,322.18195685073243,4.7699371747103605,Barker_MC_04138
q25,0.10493792050773101,0.45994489221337675,0.4717639992980194,12.852229079527875,2.5690289796864945,Barker_MC_02984
q50,-0.20371017083239001,0.44159293808589833,0.4863148739941002,335.23576573617976,2.644890717940782,Barker_MC_02984
q75,-0.4145602542989919,0.42905597068476187,0.596614809089322,315.98440691462423,3.297714385916118,Barker_MC_02984
q25,0.16866973608979124,0.455496597957331,0.4857227919537051,20.3195188235054,2.6417605870150536,Barker_MC_03847
q50,-0.25178787624320936,0.5063844739745945,0.5655283990266028,333.56220891862125,3.0989297131453775,Barker_MC_03847
q75,-0.5390195978769186,0.5411480549158882,0.7637953549444014,315.1129004808227,4.607063687308854,Barker_MC_03847
q25,0.20689954718371806,0.6030027671360699,0.6375105958324025,18.937884946010964,3.5787772495458787,Barker_MC_02938
q50,-0.16114350551191237,0.5051441489470674,0.5302243304339445,342.3070574914815,2.8876662815328005,Barker_MC_02938
q75,-0.4125687064364878,0.4382929407523599,0.6019249450255643,316.73170484507364,3.3329236442628085,Barker_MC_02938
q25,0.09937624583634419,0.49674013551282176,0.506583063737648,11.313062102744261,2.7543077138126426,Barker_MC_00610
q50,-0.27519620582907667,0.5061104018451886,0.5760908700531695,331.4649791879393,3.165090787776877,Barker_MC_00610
q75,-0.5310819051542399,0.51251161245921,0.7380488756768054,313.98055411880875,4.375836718006033,Barker_MC_00610
q25,0.20962068291809427,0.410185080465975,0.46064371367025797,27.068816391933368,2.512522999418014,Barker_MC_02910
q50,-0.18669771348009717,0.5307765438233113,0.5626542239170661,340.6209593176966,3.081167081674822,Barker_MC_02910
q75,-0.45743895343749474,0.6131574845375519,0.7649918280389725,323.27565241980494,4.61810134379457,Barker_MC_02910
q25,0.26301451877445403,0.5107842609568581,0.5745234532439919,27.244976358109007,3.155184290493314,Barker_MC_08411
q50,-0.1676045842527753,0.4818993797959709,0.5102139834523227,340.8223274693444,2.774381853542818,Barker_MC_08411
q75,-0.4617780340913164,0.46216694089686067,0.6533278151335693,315.02411693106063,3.693799600358435,Barker_MC_08411
q25,0.19569659781183524,0.46739868772578624,0.5067136190027995,22.7187235464424,2.7550269864611585,Barker_MC_05168
q50,-0.18048799445881486,0.38322711521728076,0.42360233472152176,334.78102995233246,2.3331158979286224,Barker_MC_05168
q75,-0.4374750126993051,0.3257260854462066,0.5454189852547917,306.6698691027921,2.976767471074598,Barker_MC_05168
q25,0.10147680612478593,0.5817080805255961,0.5904928730561113,9.895459091352974,3.2575837712577638,Barker_MC_00485
q50,-0.2266178945624024,0.5045959407728936,0.553148021401485,335.81478711758155,3.0231400497820955,Barker_MC_00485
q75,-0.45075274899962114,0.4519174970716865,0.6382847835333796,315.07393077591576,3.5843228324222607,Barker_MC_00485
q25,0.19763842639835866,0.3619402741709162,0.41238538972196553,28.63686168984477,2.2813577712941737,Barker_MC_08585
q50,-0.1299912602486854,0.5173906932250608,0.5334705776113154,345.896697849891,2.9064754316435013,Barker_MC_08585
q75,-0.35380844465349975,0.6235852064979961,0.7169650795340573,330.43038280636216,4.1951544591733345,Barker_MC_08585
q25,0.12825957307491515,0.5315488699714455,0.546804095863665,13.565817524616838,2.9850252080814914,Barker_MC_04512
q50,-0.23687918994448348,0.4789890877397983,0.5343615787110436,333.68577003215904,2.9116593948004095,Barker_MC_04512
q75,-0.4863203522897636,0.44308335956111045,0.65789843332478,312.3364509460076,3.727720298005307,Barker_MC_04512
q25,0.22580829188888973,0.5346938848320965,0.5804196198980676,22.894976064626384,3.1926115187552244,Barker_MC_01754
q50,-0.24676402993447333,0.46261181756551134,0.5243111482896082,331.9238753310536,2.8537168331036202,Barker_MC_01754
q75,-0.5695974324279931,0.4133696212712975,0.7037866713845454,305.96923309988557,4.086027974378538,Barker_MC_01754
q25,0.17389449402766394,0.3569661128741227,0.39706939040122213,25.972827736608824,2.2125346986938617,Barker_MC_06622
q50,-0.12855575143570203,0.5244714182149648,0.5399970830954687,346.22748978275314,2.9446623724173806,Barker_MC_06622
q75,-0.3351718339248384,0.6389011153463013,0.7214809723390404,332.31819347309323,4.233215817130103,Barker_MC_06622
q25,0.30694330750993054,0.3916970440134025,0.4976351759210488,38.083110694187,2.705455667340703,Barker_MC_05169
q50,-0.09123689300378077,0.533926660047084,0.5416658092902097,350.3030093280912,2.9545064608392,Barker_MC_05169
q75,-0.36325000719001727,0.6310895042490829,0.7281651805029549,330.07561785616,4.290187168485942,Barker_MC_05169
q25,0.2417935376444225,0.4876287883640349,0.5442848060418198,26.374777944354264,2.9700227481161403,Barker_MC_01257
q50,-0.11754398870388544,0.4833810842528441,0.49746744807461957,346.33263148459355,2.7045482590414665,Barker_MC_01257
q75,-0.3630220899753128,0.48047930455125165,0.6022004648886436,322.92743665461444,3.334760723700441,Barker_MC_01257
q25,0.1926693196935983,0.5731571497289097,0.6046739493616059,18.580299160823007,3.3512985537817728,Barker_MC_03473
q50,-0.21653223601147062,0.4759366508219855,0.5228784799815114,335.5363539516631,2.8455516773158394,Barker_MC_03473
q75,-0.4960744868656932,0.40952136790160465,0.6432710527352076,309.5404890168051,3.6202464566597468,Barker_MC_03473
q25,0.10940202029063201,0.5075869331945667,0.5192430036057658,12.163097173664406,2.8249368410881215,Barker_MC_07670
q50,-0.2545028142080441,0.5521434217532664,0.6079753618570571,335.2533197645366,3.3734998064581654,Barker_MC_07670
q75,-0.5031010297187707,0.5825817740229644,0.7697481208342322,319.1870441375732,4.662241036548807,Barker_MC_07670
q25,0.04849889145948175,0.6339985568852378,0.635850857202664,4.374427120237739,3.566917275197201,Barker_MC_02218
q50,-0.21565465192932984,0.56561154070921,0.6053291202992028,339.1293032751381,3.3556927789529563,Barker_MC_02218
q75,-0.39610869727819076,0.5188935843267825,0.652803685586196,322.64290893514095,3.6899295700847836,Barker_MC_02218
q25,0.2613794109710469,0.42999050325309657,0.5032007843469868,31.294268307710396,2.7357389130606204,Barker_MC_00563
q50,-0.13752541026649917,0.46427953267324257,0.48421970522506974,343.50005136552875,2.6338309214047966,Barker_MC_00563
q75,-0.4100335423854201,0.4877037653773401,0.6371675357740472,319.94478938110683,3.5763226206631615,Barker_MC_00563
q25,0.22362093207509043,0.4973275507607924,0.5452898440351339,24.210836503602405,2.975998723592155,Barker_MC_05538
q50,-0.1820393755920949,0.47621809321127195,0.5098254667704817,339.0801183717772,2.772226903621441,Barker_MC_05538
q75,-0.4591624556647271,0.46179736290017387,0.6512195981952765,315.1639253407536,3.6782577272559784,Barker_MC_05538
q25,0.14630986334461973,0.44120974275990493,0.4648361143652489,18.346072335584317,2.533678574458504,Barker_MC_08381
q50,-0.22388095529386642,0.5212101323384712,0.5672589216535787,336.7545092288562,3.1096738313358596,Barker_MC_08381
q75,-0.47677338261971847,0.5758616571438303,0.7476158816819549,320.3776086719954,4.460370183462347,Barker_MC_08381
q25,0.23590733113737727,0.3845999047436576,0.45118660841517744,31.52427617283697,2.465447214575727,Barker_MC_06495
q50,-0.11622661536233199,0.48509709316405936,0.498826438668605,346.5262345971984,2.711909169207668,Barker_MC_06495
q75,-0.35678365781320887,0.5537508161616527,0.6587370832754669,327.20616989880403,3.733978049489377,Barker_MC_06495
q25,0.16140348955958703,0.6282714960818799,0.6486726132888418,14.40776706940901,3.659568435187478,Barker_MC_08320
q50,-0.19420085272900947,0.4992356843211032,0.5356773653051197,338.7441470804396,2.9193317303253363,Barker_MC_08320
q75,-0.43712866390413774,0.41108606524583424,0.6000610151025635,313.2414094628084,3.3205221020072266,Barker_MC_08320
q25,0.05027174322760353,0.4993182417921372,0.5018425597271851,5.749209378031556,2.728317501677746,Barker_MC_05982
q50,-0.2769998909005366,0.5699689141074867,0.633714054292452,334.08065479550095,3.5517062029831945,Barker_MC_05982
q75,-0.5005724750450076,0.6182332662049934,0.7954779533181161,321.00352380253537,4.908438695602348,Barker_MC_05982
q25,0.23173931865018485,0.4847607943740468,0.5373045128887424,25.550075813770622,2.92884757274885,Barker_MC_08638
q50,-0.12724846168906256,0.49727100005142344,0.5132938909575835,345.64638542773935,2.7915242753995915,Barker_MC_08638
q75,-0.3724876372153725,0.5058172311322839,0.6281704475607088,323.6317877341049,3.5125451726616768,Barker_MC_08638
q25,0.16977046818125124,0.3810992777396426,0.417203393274981,24.01181051740207,2.3034472070481185,Barker_MC_06573
q50,-0.24687663127568354,0.48522440135083506,0.5444178457180716,333.03352801821825,2.97081311499137,Barker_MC_06573
q75,-0.53150523634878,0.5563565146552283,0.769435109457247,316.3086458398002,4.659323280961417,Barker_MC_06573
q25,0.21341050179146848,0.5190336986405386,0.5611951733571519,22.350939405712374,3.0721890303651076,Barker_MC_09553
q50,-0.18443875068363375,0.4919862633734324,0.5254218648875321,339.4496826227752,2.86006322083659,Barker_MC_09553
q75,-0.45622578078407267,0.47350905860969916,0.6575353919276743,316.06497550684674,3.725014646817547,Barker_MC_09553
q25,0.12658709376305982,0.5318750328693393,0.5467315089668223,13.38741886915322,2.9845918921016117,Barker_MC_03221
q50,-0.21985964075659523,0.5108260237294352,0.5561308192798207,336.71294464868834,3.041228782623217,Barker_MC_03221
q75,-0.4565315170446746,0.4964465881892124,0.6744481010276635,317.3984068000139,3.853170061345685,Barker_MC_03221
q25,0.1738821001725828,0.5317081045668857,0.5594179950828704,18.109063803480293,3.0612887583688497,Barker_MC_08757
q50,-0.22145913010781348,0.5035733084415425,0.550118372064477,336.26128995713265,3.004877326810072,Barker_MC_08757
q75,-0.49153282808689125,0.4843532831836921,0.6900743612234258,314.57848544442703,3.975492828552128,Barker_MC_08757
q25,0.09838305873931219,0.5667552846294925,0.5752310656617565,9.847841191822296,3.159652746851291,Barker_MC_00766
q50,-0.2170536836839495,0.48306670295644594,0.5295901633395235,335.8044505936117,2.8840060773337,Barker_MC_00766
q75,-0.43254137122997693,0.4258956238989108,0.6070248102686999,314.5564430829877,3.3670925276382833,Barker_MC_00766
q25,0.17192758027252952,0.30474081998171576,0.3498943558011412,29.430665779801128,2.0133272698341167,Barker_MC_09165
q50,-0.1423387597162946,0.40658852087020514,0.43078364386428863,340.7058390170263,2.3668673504017232,Barker_MC_09165
q75,-0.3570268976849403,0.47616483394565234,0.595148010798174,323.13755205492834,3.2880543984451327,Barker_MC_09165
q25,0.30138079675246626,0.46294754470132704,0.5524045743801717,33.064296461670814,3.0186483010568086,Barker_MC_02359
q50,-0.1474602517579862,0.43169255408676627,0.45618306314733376,341.1405371266886,2.490207714050146,Barker_MC_02359
q75,-0.45408185479708474,0.4103409968773426,0.6120212942163467,312.1032338787278,3.400908454500464,Barker_MC_02359
q25,0.15990246475972475,0.36568607301521433,0.39911790517781043,23.618173262649027,2.2216181135454685,Barker_MC_03699
q50,-0.25152357927423674,0.4727898915831101,0.5355318781492772,331.987083315325,2.9184824033566823,Barker_MC_03699
q75,-0.5325854687167979,0.5459568727446653,0.7627032112069714,315.71029735177916,4.597011518210978,Barker_MC_03699
q25,0.18948534302247497,0.5198446539082198,0.5533020507980264,20.0269894489869,3.024071498120211,Barker_MC_02115
q50,-0.2138001313752707,0.518600241613916,0.5609426947363654,337.59541646162813,3.0706380978769943,Barker_MC_02115
q75,-0.4893008661066228,0.5177501328865899,0.7123766824347725,316.61817971831346,4.1568324953930835,Barker_MC_02115
q25,0.26709476357364786,0.3635239873602663,0.45109788529183986,36.30612622881742,2.4650097690338075,Barker_MC_03897
q50,-0.16704470559418777,0.4529956089769726,0.4828135824720211,339.75826084447783,2.6264343475977685,Barker_MC_03897
q75,-0.46362306093969957,0.5141173181826387,0.6922882055115521,317.95634704729935,3.9931340989391915,Barker_MC_03897
q25,0.19914656708069522,0.4975963233131578,0.5359677752951183,21.812132837170182,2.921027829038878,Barker_MC_06064
q50,-0.17433044752988158,0.5051417823585161,0.5343775118961381,340.9598356580011,2.911752180294909,Barker_MC_06064
q75,-0.42946780918205474,0.5102963927842596,0.6669670213828126,319.9158792347462,3.7959474713835606,Barker_MC_06064
q25,0.017546166559903542,0.5263463116592924,0.5266386880568962,1.909292647075838,2.867032079651881,Barker_MC_05459
q50,-0.26937137988479853,0.5600178145254429,0.6214345443302084,334.3122119879656,3.4655421625154648,Barker_MC_05459
q75,-0.46537644297534786,0.5830201896865781,0.7459810823731127,321.40254867064317,4.445810378605745,Barker_MC_05459
q25,0.05584498572233648,0.49624368620548753,0.4993760692395445,6.420790099286431,2.714891904679928,Barker_MC_05642
q50,-0.3123943261647067,0.5169617253805917,0.6040195696567947,328.8558895556458,3.3469153791512216,Barker_MC_05642
q75,-0.5639535997372314,0.5311150618563427,0.7746785601701186,313.2823488538133,4.708442247645954,Barker_MC_05642
q25,0.11954551646666954,0.4590369316395669,0.4743480105538034,14.5971189295868,2.5823401458629003,Barker_MC_03492
q50,-0.16241572963111703,0.4725552663220523,0.49968725114846974,341.03231860411177,2.7165820810685357,Barker_MC_03492
q75,-0.3550349420679486,0.4817901913907789,0.5984743926097047,323.61320934729616,3.310001972199337,Barker_MC_03492
q25,0.19468754633784208,0.47906103973244574,0.5171099694345308,22.116531257273927,2.8129111369370823,Barker_MC_01163
q50,-0.18463883187604077,0.5577906488573403,0.5875558749508353,341.6845188949774,3.238504826213313,Barker_MC_01163
q75,-0.44377213206983435,0.6115740517716454,0.755616652808945,324.0345019655567,4.532317080924804,Barker_MC_01163
q25,0.19038228426067838,0.40644816195566175,0.4488268290972027,25.098618860231685,2.4538388067108508,Barker_MC_00891
q50,-0.15073688716589706,0.4813333869389685,0.5043842171743711,342.61125738734415,2.7422217084608342,Barker_MC_00891
q75,-0.3837692880955768,0.5324905344514923,0.6563726348392518,324.2194695558494,3.716362137113817,Barker_MC_00891
q25,0.21111588358487168,0.4289924804934893,0.4781259924139012,26.20273252531575,2.6019261165759207,Barker_MC_06592
q50,-0.21160647308974267,0.4705801611705893,0.5159680101913469,335.7879101202047,2.8064940080799983,Barker_MC_06592
q75,-0.5003853338338428,0.4989903998468623,0.7066660466269323,314.92002629686175,4.109626273097648,Barker_MC_06592
q25,0.03544600614501012,0.29202862043869326,0.29417194717878603,6.920623682775537,1.801003292525929,Barker_MC_04188
q50,-0.23664546201278835,0.4787894041082705,0.5340789905787334,333.6987497556202,2.9100142589594653,Barker_MC_04188
q75,-0.422522227109649,0.6063733028261937,0.7390626595776874,325.13113291311845,4.384718024323992,Barker_MC_04188
q25,0.06342466596666335,0.5513731827646052,0.5550090764347495,6.561914242033173,3.034413477247577,Barker_MC_04101
q50,-0.26249188864081097,0.5195171222305227,0.5820653158305378,333.1942971658723,3.2031369665204705,Barker_MC_04101
q75,-0.4851387627677804,0.4977549496754796,0.6950680607439044,315.7353944376373,4.01539659755413,Barker_MC_04101
q25,0.09402845327032919,0.49027050225114854,0.4992058847830261,10.856861226827366,2.713967997116946,Barker_MC_06731
q50,-0.258207815946836,0.47061223993582035,0.536793402151559,331.2480254862906,2.925855171573782,Barker_MC_06731
q75,-0.4988347592139546,0.45718288020124903,0.676647842639843,312.5053089945569,3.8701593630621653,Barker_MC_06731
q25,0.23878532460048893,0.43921759092783896,0.49993051859735005,28.53118565410308,2.7179041146352607,Barker_MC_00167
q50,-0.21940131824526496,0.4610358243027355,0.5105790533680977,334.5507937074771,2.7764082799393086,Barker_MC_00167
q75,-0.5324072774522164,0.4759407482509651,0.714126812918945,311.7948384605237,4.171407988061332,Barker_MC_00167
q25,0.20257968795553216,0.4308041003277831,0.4760574574895255,25.184608708727325,2.5911840022502464,Barker_MC_02319
q50,-0.1654749286501081,0.49410664496535084,0.521079004192909,341.4844467219535,2.8353290809673437,Barker_MC_02319
q75,-0.4169080293526481,0.537351191732274,0.6801166136735696,322.1936283366361,3.8971021065978806,Barker_MC_02319
q25,0.11373981910469994,0.5059449862874579,0.5185721508135447,12.66984105729899,2.8211491491046887,Barker_MC_00211
q50,-0.22616633272366005,0.46394110434467695,0.5161323070281764,334.0112609109352,2.8074163557867267,Barker_MC_00211
q75,-0.45837007055544143,0.4352465416305436,0.6320938803550853,313.51772560092576,3.54021606541184,Barker_MC_00211
q25,0.24254893607550235,0.44037445853459906,0.502752076197602,28.84504319523462,2.73328491766329,Barker_MC_06306
q50,-0.17143150267438712,0.49877888067490495,0.5274174171531592,341.0320308525066,2.871500841303978,Barker_MC_06306
q75,-0.4542384031964646,0.5386773204469878,0.7046316644193764,319.8608164531487,4.09293914297993,Barker_MC_06306
q25,0.32080631695662387,0.4202429081515124,0.5286972620043671,37.35750090781507,2.8788604075225446,Barker_MC_08435
q50,-0.09290010825631365,0.49342860482312667,0.5020978173341646,349.33747279430554,2.7297107048663163,Barker_MC_08435
q75,-0.37551981896980857,0.5434247353184439,0.6605494511352187,325.354575932735,3.7475372925916957,Barker_MC_08435
q25,0.36472543925448075,0.5212756427408265,0.6362019661665906,34.979661380038024,3.569422908102225,Barker_MC_09530
q50,-0.13897891411704094,0.5628831382568715,0.5797866555061923,346.13075266465034,3.188572457059937,Barker_MC_09530
q75,-0.48307987547318976,0.5913069132567527,0.763550935925313,320.7522160966453,4.604812129702532,Barker_MC_09530
q25,0.3387980248569086,0.3496559788660477,0.486871035494736,44.09643438556473,2.647834327541028,Barker_MC_06369
q50,-0.05747626820087119,0.44336384095305,0.4470738382761173,352.61355298148806,2.445250756471874,Barker_MC_06369
q75,-0.3281873793699566,0.5073794985802608,0.604268906660997,327.10407122006706,3.3485848150766904,Barker_MC_06369
q25,0.2690862965731713,0.5575550191174344,0.6190921048975729,25.762810480987515,3.449344488976461,Barker_MC_00473
q50,-0.17485544127735564,0.5002919147417614,0.5299683248084518,340.7351305239675,2.886188142351802,Barker_MC_00473
q75,-0.47813012563930035,0.46117315562440053,0.6642959404605907,313.9657682337808,3.7757229750032337,Barker_MC_00473
q25,0.016882796034097702,0.5773333967455434,0.5775801933928101,1.67500681200963,3.174532529767367,Barker_MC_03239
q50,-0.27856640478418393,0.5216533576958979,0.591372528504487,331.8974828721839,3.263319918237029,Barker_MC_03239
q75,-0.4803997885002288,0.4836160549863079,0.6816659338940037,315.1911564140302,3.909196553281238,Barker_MC_03239
q25,0.06852578358147224,0.5198491970497109,0.5243462316911259,7.509353564631323,2.8539170763156982,Barker_MC_00236
q50,-0.26608816473690294,0.4717204946032695,0.5415931465978926,330.57351807129106,2.9540771272486643,Barker_MC_00236
q75,-0.49467658278181126,0.4388418175186,0.6612768424462772,311.5771539327251,3.752993112274304,Barker_MC_00236
q25,0.20780350433015404,0.43783914026339804,0.48464977990140873,25.38955510453018,2.6360973839753243,Barker_MC_09056
q50,-0.19897621012156944,0.48581767680179033,0.5249860448501767,337.7274794095705,2.8575713612771967,Barker_MC_09056
q75,-0.4768640025659131,0.5185937694379102,0.7045131472463829,317.4004438261047,4.091969090799393,Barker_MC_09056
q25,0.20693145131150548,0.4698824452807392,0.5134297789619267,23.76820473039614,2.792283047828711,Barker_MC_04865
q50,-0.1740228475544799,0.5328897853356027,0.5605849398494348,341.91480384806715,3.0684418121316313,Barker_MC_04865
q75,-0.434268246656394,0.5759326658274077,0.7213094659167333,322.9827541371069,4.231764018737786,Barker_MC_04865
q25,0.16117629886638013,0.5683199017054171,0.5907328583977022,15.83340871851526,3.259147691253827,Barker_MC_04168
q50,-0.1569272056184153,0.4910092076070709,0.5154766627289038,342.2760500770267,2.803737435318399,Barker_MC_04168
q75,-0.37423666695484126,0.43819512334457,0.5762534590060451,319.501309820409,3.166120172728309,Barker_MC_04168
q25,0.3682866535711953,0.4336763470736561,0.5689553877149067,40.338583330039484,3.120242663094548,Barker_MC_03175
q50,-0.04853892215332002,0.48625266957410357,0.4886693008894138,354.2994804253301,2.6573744906868613,Barker_MC_03175
q75,-0.3332894516347377,0.5221696970841495,0.6194699759665004,327.45080381828194,3.451952289242913,Barker_MC_03175
q25,0.20875634971254642,0.4904149268402983,0.5329971988792082,23.058140515200773,2.9037250065322335,Barker_MC_05339
q50,-0.16455536134584525,0.5457783320910577,0.5700460110620533,343.2216335645427,3.1270561102919645,Barker_MC_05339
q75,-0.41957979740815254,0.583599329355072,0.7187735273483269,324.2856849261458,4.2103553684775346,Barker_MC_05339
q25,0.19369906553496838,0.45975350772697343,0.49889138683322265,22.84621191546364,2.712261459134056,Barker_MC_00850
q50,-0.2011169039625648,0.4898159996550671,0.529497613382327,337.67710149746034,2.8834722974585056,Barker_MC_00850
q75,-0.470831774905235,0.5103529124372931,0.6943649296253672,317.3065698223719,4.0097538654625495,Barker_MC_00850
q25,0.09368011112952776,0.49160383422373793,0.5004500904632959,10.7889411090146,2.7207298755914837,Barker_MC_08546
q50,-0.24509260883657502,0.5114083445906489,0.5671057060401229,334.3939149368071,3.1087210761528534,Barker_MC_08546
q75,-0.4765220531947665,0.52493761232643,0.7089659822699035,317.7678089794486,4.1285735691402135,Barker_MC_08546
q25,0.2220747798066754,0.472417042512042,0.5220106032275664,25.177375733756108,2.8406167851272737,Barker_MC_04605
q50,-0.19740044002827484,0.4482084697575046,0.4897527601614109,336.2302977118448,2.6631390481566672,Barker_MC_04605
q75,-0.4839610493304239,0.43167060761250065,0.6485042873763831,311.7314685024059,3.6583366421496826,Barker_MC_04605
q25,0.2869977570363595,0.41821676076770226,0.507220831128741,34.459536058329874,2.757823170669567,Barker_MC_02840
q50,-0.19376833791301462,0.4802396421156,0.5178573960434395,338.02678174886887,2.8171191706143075,Barker_MC_02840
q75,-0.5221992405887792,0.5226099987643711,0.7387917552869643,315.02252536421287,4.382342989936298,Barker_MC_02840
q25,0.12415760377639268,0.5713905557404678,0.5847241039711775,12.259245582488365,3.2202152589978206,Barker_MC_06693
q50,-0.16481097739063555,0.49307081615033543,0.5198860336723948,341.517580149501,2.8285722168933023,Barker_MC_06693
q75,-0.36221718584553064,0.4395674118105875,0.5695794933525208,320.51041861808784,3.124139816897739,Barker_MC_06693
q25,0.06811211011723436,0.5330208051126412,0.5373550392687785,7.282080884225412,2.929143555834609,Barker_MC_08935
q50,-0.2249758719108657,0.4831148853536383,0.5329297659094614,335.0296502777134,2.903333419337678,Barker_MC_08935
q75,-0.42519621089097526,0.44902211873073494,0.6183952464771062,316.56115019768043,3.4445404279999736,Barker_MC_08935
q25,0.16463024734599105,0.471311382935037,0.4992369557888711,19.254436305119047,2.7141366537882274,Barker_MC_02031
q50,-0.18577684498719194,0.48525712062551757,0.5196032229029793,339.05105128209624,2.826972767907329,Barker_MC_02031
q75,-0.42515420301635154,0.49478402209856404,0.6523552137191068,319.3284453533862,3.686621394722706,Barker_MC_02031
q25,0.11885276375987108,0.4743062038479035,0.4889707092065625,14.067642708007812,2.6589768831592995,Barker_MC_02336
q50,-0.3176690585489726,0.48636709808266154,0.5809187420429297,326.8495716683348,3.1958001162079452,Barker_MC_02336
q75,-0.6158748963663423,0.49460638621510694,0.7898970599128853,308.7677924612117,4.853956374974726,Barker_MC_02336
q25,0.21085458957215059,0.47901456370590617,0.523368522349214,23.758330647695118,2.8483419261953995,Barker_MC_05174
q50,-0.220154702280428,0.446387404993816,0.4977246309690701,333.747853015633,2.7059397439757933,Barker_MC_05174
q75,-0.514594705999265,0.42409846386396033,0.6668337262723301,309.49332520210027,3.7949356437860566,Barker_MC_05174
q25,0.086335627575581,0.5217693590349419,0.5288639755330321,9.39543293562643,2.8798204575211175,Barker_MC_07983
q50,-0.21562723036064801,0.52243097196543,0.5651806993712257,337.57218915941536,3.096775468675653,Barker_MC_07983
q75,-0.42191035857706816,0.5228829467079605,0.6718741895865848,321.1001985391371,3.8333855914991575,Barker_MC_07983
q25,0.12199236383843723,0.4085343469752272,0.42635953078753264,16.62614106950159,2.3460171524752154,Barker_MC_00147
q50,-0.18871816993726714,0.49317087283929406,0.5280455070176645,339.0600083588551,2.8751102289978583,Barker_MC_00147
q75,-0.40097719184181524,0.5509895311866622,0.6814485834269859,323.9551148905785,3.907497591185157,Barker_MC_00147
q25,0.198060023998279,0.5020069998333153,0.5396654528389279,21.53103795382828,2.9427099416980744,Barker_MC_05173
q50,-0.24409275864676644,0.5335830877594484,0.5867641658849795,335.41781476302776,3.2333809766205746,Barker_MC_05173
q75,-0.5461453348377,0.5551539996217777,0.7787622808412334,315.4686709080155,4.747055645197907,Barker_MC_05173
q25,0.1946028546107878,0.2996986195110922,0.35733672293723445,32.99681236581287,2.043519253645824,Barker_MC_09164
q50,-0.1275735227043189,0.4316944102872377,0.45015005005934994,343.53663487133974,2.4603413491096706,Barker_MC_09164
q75,-0.3476653293729039,0.5218661115977801,0.6270689114301206,326.3285899202569,3.5048152996864523,Barker_MC_09164
q25,0.15989192524664536,0.4909554018503924,0.5163357767627177,18.039137172949513,2.8085590367932767,Barker_MC_02532
q50,-0.19311042082957167,0.4862443092310555,0.5231875026150382,338.33965185121497,2.8473109006459887,Barker_MC_02532
q75,-0.43426070240398895,0.48302596996418007,0.6495355612375991,318.0431230841003,3.6658899228821213,Barker_MC_02532
q25,0.3088343727024778,0.4790431020528168,0.569965756328324,32.8094773158582,3.1265542284604586,Barker_MC_09596
q50,-0.10244730223958273,0.4950132408479924,0.5055032723445032,348.3072155987529,2.748365976431887,Barker_MC_09596
q75,-0.3834105672748289,0.5059230931763041,0.6347927530360483,322.84356502453346,3.559376916434529,Barker_MC_09596
q25,0.15121197977261847,0.4166237782681656,0.4432160144277239,19.948168991994123,2.426456660651893,Barker_MC_07231
q50,-0.18039534506306917,0.4933524372610875,0.5252990651732393,339.91495563869137,2.8593608771949635,Barker_MC_07231
q75,-0.406929816137093,0.5457689096348307,0.6807757178288312,323.29148354205245,3.902242686414886,Barker_MC_07231
q25,0.07398271205175105,0.5820818842536386,0.586764656109073,7.2434657395090944,3.2333841467846454,Barker_MC_05955
q50,-0.17338800465306192,0.5194306305878801,0.547605314209507,341.5407858555739,2.989812356527311,Barker_MC_05955
q75,-0.3423770174732521,0.4766310072130659,0.5868552965858119,324.30928473637687,3.233970350877948,Barker_MC_05955
q25,0.27287498187091025,0.4507513938064915,0.5269132516359257,31.189790590292326,2.868606877172316,Barker_MC_09073
q50,-0.15912538174337434,0.5150838846365096,0.5391032325327049,342.83245966670137,2.9394028987641145,Barker_MC_09073
q75,-0.45424242695231026,0.5590320296006592,0.7203145094769071,320.9043568155839,4.2233515498293075,Barker_MC_09073
q25,0.27929152544576,0.5188061556317376,0.5892058921185381,28.295136132500343,3.2492096567745636,Barker_MC_08639
q50,-0.06836284230795626,0.527698441807057,0.5321081879599472,352.6184963493084,2.8985667072009247,Barker_MC_08639
q75,-0.3058597020491757,0.5337731247060642,0.6151942018550615,330.1866688319903,3.4225586126271326,Barker_MC_08639
q25,0.07891907166975234,0.5438352294125861,0.5495315974750276,8.256884036155197,3.0013530238663924,Barker_MC_03891
q50,-0.2505223932587801,0.4659601248433224,0.5290371513118067,331.73540471139233,2.880818060572755,Barker_MC_03891
q75,-0.47557727720748655,0.41276046879780587,0.6297181521905423,310.9551904230654,3.5234347827190833,Barker_MC_03891
q25,0.3063469683017885,0.4962732228029373,0.5832114339233335,31.686825195888808,3.210487734612217,Barker_MC_07635
q50,-0.12674527597309532,0.49829149881837004,0.5141583246201055,345.72890004789593,2.796354624819885,Barker_MC_07635
q75,-0.4226082293372488,0.49967026537566483,0.6544219507352668,319.77631960724364,3.701891486046206,Barker_MC_07635
q25,0.1424644901337238,0.43384274590978156,0.45663514880876305,18.179051543479094,2.4924603066645106,Barker_MC_06444
q50,-0.20004408740714336,0.5327804295921013,0.569098078597091,339.4202533365171,3.1211332505236618,Barker_MC_06444
q75,-0.43402564824866785,0.6003687913792511,0.7408245062090341,324.1356396914789,4.400195678923986,Barker_MC_06444
q25,0.2092844873147302,0.5323242086207823,0.5719869401606401,21.462385083189126,3.139218489730158,Barker_MC_05619
q50,-0.17724459000231452,0.548057247395395,0.5760055478098329,342.07852045194073,3.1645507285644965,Barker_MC_05619
q75,-0.4412983473435749,0.5588051270417809,0.7120445220464457,321.7012219049297,4.154071942249255,Barker_MC_05619
q25,0.10382642373030976,0.3731296609203685,0.3873056546491091,15.549667325570047,2.169748602152034,Barker_MC_07573
q50,-0.20181434957121383,0.4525569080255246,0.49551668659539133,335.9658775191442,2.694016959329214,Barker_MC_07573
q75,-0.4106100115874976,0.5068168958612816,0.6522759749878498,320.9864985734358,3.6860371946113193,Barker_MC_07573
q25,0.25124779748497744,0.5057602469943596,0.5647290351848822,26.41692394969802,3.093979326638313,Barker_MC_03217
q50,-0.13563852400362292,0.47538774856602284,0.49435950550237584,344.07539283884023,2.687789237731482,Barker_MC_03217
q75,-0.39993632939022655,0.45463905771587604,0.6055127912496213,318.6625968589343,3.3569256919534403,Barker_MC_03217
q25,0.2514912588527712,0.3976467273884271,0.4705005558786064,32.311264238375735,2.5625455290919716,Barker_MC_09560
q50,-0.13358613443286577,0.46941133518633943,0.48804944105504067,344.1145876674244,2.6540821324858115,Barker_MC_09560
q75,-0.3966481872803111,0.5184366619863138,0.6527682260682333,322.5809341584384,3.6896678931160896,Barker_MC_09560
q25,0.08392997755309942,0.41320646508697184,0.42164419113956103,11.481647028860259,2.3239966146071644,Barker_MC_05070
q50,-0.25405712563861493,0.4791338833815781,0.5423230598933321,332.06556623780256,2.9583927168303323,Barker_MC_05070
q75,-0.48494988317741494,0.5241715882635338,0.7140954019852698,317.2258049723387,4.171145940653282,Barker_MC_05070
q25,0.08447598047969601,0.5118833765959383,0.5188070763908923,9.37104389614558,2.8224749807373337,Barker_MC_01557
q50,-0.23557244043454123,0.4628700613133554,0.5193679508330437,333.02670023565497,2.8256428653512793,Barker_MC_01557
q75,-0.45421055340688954,0.4293870691670693,0.6250443840193097,313.390775574126,3.490652802112232,Barker_MC_01557
q25,0.21985176215960575,0.4460627688769501,0.4972994983939309,26.237388101580045,2.703639955566259,Barker_MC_01221
q50,-0.2104321686020156,0.5279182544009657,0.5683127492079603,338.2674038089237,3.116234863040267,Barker_MC_01221
q75,-0.5043766486132292,0.5838370708109424,0.7715319364222158,319.1762763144357,4.678903898820406,Barker_MC_01221
q25,0.19240007488274058,0.4316961285203715,0.47263023199363924,24.021770072549632,2.573483591098759,Barker_MC_05402
q50,-0.17795977427430637,0.48806588685081254,0.5194978259504386,339.96700961099833,2.8263769220805632,Barker_MC_05402
q75,-0.4309676732325673,0.5265743648956942,0.6804510982699613,320.70185381387313,3.8997100200579498,Barker_MC_05402
q25,0.2327565058682023,0.45204794555404937,0.5084515081142068,27.24364005297373,2.764619510349484,Barker_MC_08424
q50,-0.1561763289352771,0.4028520502678875,0.43206575902834565,338.809851628049,2.37294433150405,Barker_MC_08424
q75,-0.4218721909286272,0.3692443302840605,0.5606402776521184,311.19409029738074,3.068781432580226,Barker_MC_08424
q25,0.15811025594644793,0.45555595174055263,0.4822137266831918,19.140404492958005,2.623285273271167,Barker_MC_06600
q50,-0.20239949280516398,0.3983295823797652,0.4468019817398147,333.0639352518754,2.4439216030415745,Barker_MC_06600
q75,-0.4486783869488392,0.35923591844741304,0.57477190259943,308.68263175813433,3.156752487085003,Barker_MC_06600
q25,0.14498047482895843,0.5249560069664658,0.5446082512520412,15.438897674579955,2.9719446489429893,Barker_MC_06958
q50,-0.1584293832644597,0.4978519196446779,0.5224522977032907,342.34758145793626,2.84312726331164,Barker_MC_06958
q75,-0.3657010162294263,0.4793360135547633,0.6029098167734602,322.6588134416961,3.339495118868031,Barker_MC_06958
q25,0.2896311132986171,0.44556906122906953,0.5314301178096239,33.02488211788886,2.89463850827165,Barker_MC_05224
q50,-0.15719411327652777,0.46826401037904297,0.49394450362875614,341.4433305157234,2.685559288153647,Barker_MC_05224
q75,-0.4624386262404279,0.4837678545848022,0.669238985840422,316.29133319162037,3.813235234296878,Barker_MC_05224
q25,0.1512031620821441,0.4744032586511819,0.49791650709983426,17.678269234978043,2.706978353743781,Barker_MC_06128
q50,-0.23641424500363942,0.5083830054727247,0.5606647621298501,335.06007605171726,3.0689317112809897,Barker_MC_06128
q75,-0.5012114847412478,0.5315959546355987,0.7306211134517395,316.68511557395743,4.311311830815397,Barker_MC_06128
q25,0.33898521273562854,0.5388802263182992,0.6366340179178935,32.172144019020514,3.5725085919224955,Barker_MC_00295
q50,-0.16696820011877933,0.5350929810793661,0.5605380256961231,342.67020572360855,3.0681539189389033,Barker_MC_00295
q75,-0.5126055856194253,0.5325057595894473,0.7391392767294729,316.09084856460316,4.385389965017672,Barker_MC_00295
q25,0.14338809043204326,0.5188032168555105,0.5382535854942108,15.44986334208011,2.9344122303359343,Barker_MC_02975
q50,-0.21349286142138008,0.5279942248320815,0.5695235757489933,337.98420369245036,3.1237904476107046,Barker_MC_02975
q75,-0.4572927765908317,0.5342729767614647,0.7032526553236105,319.4392529788306,4.081666294872563,Barker_MC_02975
q25,0.0862029161056811,0.4919731551689036,0.4994682453890029,9.938405490383708,2.7153924473805477,Barker_MC_06770
q50,-0.253657286575351,0.4869372603726724,0.5490445469832238,332.48391294273034,2.9984308264224593,Barker_MC_06770
q75,-0.4858296346729298,0.48349703550847817,0.6854194462312249,314.86212302461723,3.9386534166262526,Barker_MC_06770
q25,0.08840830316869852,0.5230940259808878,0.5305123825944709,9.592926101010418,2.8893303578501035,Barker_MC_09726
q50,-0.3021235925593093,0.4894971961050061,0.5752270596691418,328.3166132878148,3.1596274318615647,Barker_MC_09726
q75,-0.5689118382053205,0.4665458331052049,0.7357483904419951,309.3540484679335,4.35574986742453,Barker_MC_09726
q25,0.08076741502627602,0.5721274352813022,0.577800292083335,8.03536538113769,3.1759302582886755,Barker_MC_06190
q50,-0.2555126920086058,0.5069699243966592,0.5677193320825344,333.2519093454277,3.1125386026292126,Barker_MC_06190
q75,-0.4852393309409937,0.46245817462736105,0.6703169187568921,313.62296484393534,3.821464925719272,Barker_MC_06190
q25,0.27477037136759175,0.5679420789802279,0.6309175556741686,25.817696606931644,3.5318969681413934,Barker_MC_07857
q50,-0.23493000726786914,0.5464029025034801,0.594767383250888,336.7343519606262,3.285552302770458,Barker_MC_07857
q75,-0.5831270977200385,0.5316886136892995,0.7891324312320743,312.3582008504518,4.8465390993624915,Barker_MC_07857
q25,0.16843492078494998,0.5278997420589275,0.5541195360260407,17.696121135949905,3.0290198097459236,Barker_MC_07402
q50,-0.13809102899597953,0.4663163402611405,0.48633328231133044,343.5043110045028,2.644988095708082,Barker_MC_07402
q75,-0.3474913911215529,0.42424620999452645,0.5483932107514752,320.6797961659713,2.9945273961487384,Barker_MC_07402
q25,0.11616135805792904,0.47905628076462076,0.4929385166994901,13.629988569690953,2.6801614450508415,Barker_MC_02857
q50,-0.15028329853616315,0.4460971171735098,0.47073103548568546,341.38211562867457,2.5637270303563326,Barker_MC_02857
q75,-0.332302496640278,0.42358136998712254,0.5383735935886247,321.8855719969728,2.935116621305146,Barker_MC_02857
q25,0.18071517358829225,0.5055234124979503,0.5368536993898984,19.671020664385953,2.9262080348232877,Barker_MC_04536
q50,-0.18051903156394716,0.4851213330402127,0.5176193857724982,339.5892075454602,2.8157784831428683,Barker_MC_04536
q75,-0.42729283138443047,0.47118384151749415,0.6360765490565632,317.7967026692356,3.5685276869717657,Barker_MC_04536
q25,0.15930621779484952,0.4594431299143053,0.48627817209242824,19.12335547488326,2.644696580027974,Barker_MC_03530
q50,-0.2057848562624517,0.4982789487894642,0.5391004710382763,337.55980200030774,2.939386664519489,Barker_MC_03530
q75,-0.4551934403351916,0.5248092785762684,0.694712780222108,319.0632588852239,4.012544426598123,Barker_MC_03530
q25,0.15453025742005422,0.46905757687817234,0.4938568728742476,18.234383443305436,2.6850886542234615,Barker_MC_07459
q50,-0.18350776802799412,0.5482065337607296,0.5781050982170717,341.49244076010706,3.177866934585605,Barker_MC_07459
q75,-0.41443531263433026,0.6022764102097349,0.7310906254722733,325.46756414171904,4.315362157652588,Barker_MC_07459
q25,0.10815176371329754,0.43039620816344026,0.44377663299881437,14.10547317185183,2.42917881979149,Barker_MC_09402
q50,-0.20876150387103434,0.5097176306622042,0.5508116089066997,337.72780704666764,3.009046399635707,Barker_MC_09402
q75,-0.4252578658984119,0.5639053253987435,0.7062814371916726,322.9789618305975,4.106466286534059,Barker_MC_09402
q25,0.11511111340927277,0.4723220371517686,0.4861467630351139,13.696726559447683,2.6440015971900857,Barker_MC_04663
q50,-0.2292215863844438,0.5539062167265673,0.5994619525815962,337.51888636145264,3.316546083683707,Barker_MC_04663
q75,-0.46444927943950837,0.6096396929914323,0.7664030848336705,322.6983177131273,4.63115441015754,Barker_MC_04663
q25,0.08522099343583256,0.45192718987885266,0.4598921641798072,10.679000774517037,2.5087492655163897,Barker_MC_01630
q50,-0.21072794312818272,0.44051106640213505,0.48831983948819946,334.43487598540503,2.6555178399640713,Barker_MC_01630
q75,-0.4129027166880516,0.432712247438183,0.5981041234863514,316.3419759560628,3.3075516965156555,Barker_MC_01630
q25,0.26623799341468146,0.3764886465038125,0.46111427009337785,35.266451065479686,2.5148886801008734,Barker_MC_05326
q50,-0.06482608067069184,0.4455942112182391,0.45028504506182276,351.72254865435326,2.461005706363558,Barker_MC_05326
q75,-0.29098943502875046,0.49280303737613945,0.5723020923825983,329.4390766919292,3.141197776805851,Barker_MC_05326
q25,0.24880329078770544,0.6128644123058538,0.6614422615601387,22.095574495304934,3.7542349512768065,Barker_MC_04153
q50,-0.182229378220711,0.5766144684671154,0.6047245584002033,342.4617286730969,3.351637782945265,Barker_MC_04153
q75,-0.47668535182693084,0.551850655249055,0.729224293578578,319.1797392487243,4.299284386721243,Barker_MC_04153
q25,0.1423237402933085,0.47663595299853584,0.49743128042162726,16.625652008123165,2.7043526317910622,Barker_MC_00882
q50,-0.20366092403656144,0.5028860821456276,0.542560764887404,337.95282962695757,2.959799500649809,Barker_MC_00882
q75,-0.44001714135632963,0.5208186146218261,0.6818116411619813,319.8069776982508,3.910335915986135,Barker_MC_00882
q25,0.15227183850231413,0.5013020332808553,0.5239183537273672,16.896299561406764,2.8514758645506957,Barker_MC_09228
q50,-0.2260960060996105,0.4639971908057255,0.5161519127638683,334.02100631773385,2.807526440871109,Barker_MC_09228
q75,-0.4845744929387859,0.43851273335958574,0.6535333629780323,312.1433282341727,3.6953184176181226,Barker_MC_09228
q25,0.11985079285414443,0.5407938082175486,0.5539152963713909,12.495929458078813,3.027782770495854,Barker_MC_09125
q50,-0.23599875715181928,0.5380595210099657,0.5875401786488113,336.3172211224345,3.2384031627093455,Barker_MC_09125
q75,-0.47909407970681395,0.5361916180417752,0.7190497816343289,318.2188039612626,4.212682268666758,Barker_MC_09125
q25,0.27018739640813577,0.40309148513372367,0.4852669106431203,33.83347354870443,2.6393530261865057,Barker_MC_06152
q50,-0.15931220699120152,0.506671390683671,0.5311273646063933,342.54533732109843,2.892886316645665,Barker_MC_06152
q75,-0.45272088103295416,0.5774310433218669,0.7337457365566317,321.9026356361279,4.338338640570912,Barker_MC_06152
q25,0.12304893974709116,0.5128612581879022,0.5274160707856382,13.491744262319548,2.871493109123451,Barker_MC_07414
q50,-0.2498754776136341,0.530847842022979,0.5867172962280006,334.7931569559962,3.233077895911573,Barker_MC_07414
q75,-0.5046353375752939,0.5431352100946183,0.7413856488860949,317.1043617322052,4.4051367262035965,Barker_MC_07414
q25,0.15454694069461902,0.5316670363173942,0.5536737255682154,16.208286580171187,3.0263202759888554,Barker_MC_04920
q50,-0.22346609719329585,0.46979054125914355,0.5202309576057182,334.5608861295949,2.8305241746023033,Barker_MC_04920
q75,-0.48170220111366346,0.4275201870476351,0.6440578552358422,311.58968604137254,3.6259477792281443,Barker_MC_04920
q25,0.04478000924991257,0.5164581840065292,0.5183958960637557,4.955492755811121,2.8201548424914624,Barker_MC_06177
q50,-0.27512355245458275,0.4986986437128038,0.5695553584650219,331.11522625367485,3.123989019011235,Barker_MC_06177
q75,-0.49366270620015473,0.4865663783325069,0.6931447958518282,314.5852168228757,3.9999809223805576,Barker_MC_06177
q25,0.3006807217953491,0.47283036456313754,0.5603369076834772,32.45296175384933,3.066920045072462,Barker_MC_08762
q50,-0.13394538295281377,0.4713160043371384,0.4899797358653737,344.1351455521633,2.6643482583176414,Barker_MC_08762
q75,-0.43085617888554684,0.47028148318178614,0.6378100973703026,317.5051266014316,3.580921590295196,Barker_MC_08762
q25,0.1552076817951306,0.45274644121400903,0.47861128749766096,18.92241701276552,2.604452746443985,Barker_MC_00851
q50,-0.18422632801561045,0.602845328861633,0.6303664255529523,343.00712625387916,3.5280060433328533,Barker_MC_00851
q75,-0.416107526403228,0.7053839930449475,0.8189701161663029,329.4635545265819,5.144561989020445,Barker_MC_00851
q25,0.23586552596353355,0.40744923168753777,0.47079445912289486,30.065830270994624,2.5640522527688394,Barker_MC_04543
q50,-0.15974138885055933,0.537356280058653,0.560597077258149,343.444219918998,3.0685162989004833,Barker_MC_04543
q75,-0.42999658675682756,0.6261010763508341,0.7595390855184445,325.5193193712853,4.5680123276014,Barker_MC_04543
q25,0.23065579830087207,0.3665720758144024,0.4331018171939394,32.17907113083305,2.377866446042158,Barker_MC_00181
q50,-0.15593111874928742,0.46119564300983884,0.486842823635784,341.31950757381367,2.6476849310986657,Barker_MC_00181
q75,-0.42002438876824494,0.5258368560963619,0.672996943818799,321.38307740403707,3.84200316308622,Barker_MC_00181
q25,0.05580956245077545,0.5362155890202907,0.5391121081642706,5.941976464864545,2.9394550773415364,Barker_MC_00240
q50,-0.231775877496539,0.5184072280057033,0.5678609965808955,335.91094936510495,3.1134206000105706,Barker_MC_00240
q75,-0.4282372058442658,0.5062416112023537,0.6630744101396608,319.7716286070096,3.766509913424885,Barker_MC_00240
q25,0.07750881887504132,0.4771807579962678,0.48343468308065846,9.226019430995645,2.6296989347587303,Barker_MC_03680
q50,-0.21258127399377422,0.4311936459587299,0.4807481236240019,333.75640271919906,2.6156071420180735,Barker_MC_03680
q75,-0.41075363277509414,0.3997779765165439,0.5731849416598443,314.2241877544149,3.146749084705626,Barker_MC_03680
q25,0.14820696041778178,0.5252035664657064,0.5457142927801834,15.758512014896093,2.978526114035076,Barker_MC_01201
q50,-0.20169653459285164,0.49228171616690775,0.5319988535128637,337.72021893331953,2.8979329501183972,Barker_MC_01201
q75,-0.4407298647777693,0.4697914592103946,0.6441636662014264,316.82811931762103,3.6267151904971633,Barker_MC_01201
q25,0.19245662395320848,0.4015067495287192,0.44524961765349597,25.61007568661807,2.4363456575002624,Barker_MC_08705
q50,-0.19844058347992752,0.5120227837342415,0.5491320389804404,338.8155610824241,2.9989555497332496,Barker_MC_08705
q75,-0.4654783884320831,0.587520788388849,0.7495670796442331,321.6110733417156,4.4778103209164275,Barker_MC_08705
q25,0.25010675680948014,0.4542196617150474,0.5185256897110195,28.838478631016464,2.820887013884258,Barker_MC_08224
q50,-0.07669251340361996,0.4855631207517764,0.4915824303678566,351.0245352355899,2.672902233014477,Barker_MC_08224
q75,-0.2999424065167601,0.5069751143439987,0.5890579035979195,329.3901074783319,3.2482481076192484,Barker_MC_08224
q25,0.13581530276780174,0.4903706348061301,0.5088311664452922,15.480847360039467,2.766719529197007,Barker_MC_03983
q50,-0.1799209060915366,0.45476308268015864,0.48906133952456343,338.41443679426226,2.659458894683793,Barker_MC_03983
q75,-0.3956131713583206,0.4304381134078587,0.5846253080617573,317.41406482281815,3.219579033666268,Barker_MC_03983
q25,0.3371321019149358,0.4319973219694725,0.5479778648178946,37.968591976566124,2.992040899494024,Barker_MC_07393
q50,-0.149212259854542,0.4856989528362007,0.5081021268181046,342.9224448731637,2.762688372436017,Barker_MC_07393
q75,-0.48145390381664016,0.5223847243288379,0.7104109104682997,317.3349020958012,4.1405218099133885,Barker_MC_07393
q25,0.11634904480815791,0.4880326900114234,0.5017100823658588,13.409249307601112,2.727594716827639,Barker_MC_04696
q50,-0.22473524248075027,0.555796400455933,0.5995127754874399,337.9841455897876,3.316883213836025,Barker_MC_04696
q75,-0.4577438126350416,0.6020885513038271,0.7563332741700615,322.75572620997775,4.538817648728859,Barker_MC_04696
q25,0.1466729084199661,0.4536615857906302,0.4767827350968584,17.91649094503706,2.5949453851040953,Barker_MC_07355
q50,-0.13175245453897377,0.5438845257561047,0.5596151236644585,346.38279014041177,3.0624959313430473,Barker_MC_07355
q75,-0.3219561611752773,0.6055194911295311,0.6857912392678164,332.0003144943594,3.9415832336045056,Barker_MC_07355
q25,0.29642230477526066,0.4898459759916818,0.5725515373863919,31.179545438459858,3.1427652799618735,Barker_MC_08920
q50,-0.16194985760974426,0.5200581534887138,0.5446909576906037,342.70303496753615,2.972436287518582,Barker_MC_08920
q75,-0.47508255277079126,0.5406973225802769,0.7197617846153627,318.69591253665664,4.218685426585539,Barker_MC_08920
q25,0.06962464428133022,0.48363552826088757,0.4886214437450423,8.1920730202799,2.657120154149576,Barker_MC_09875
q50,-0.24467867309432653,0.49787366907309044,0.5547484505823351,333.8283150432456,3.0328321962079285,Barker_MC_09875
q75,-0.4593920718221306,0.5076003230291454,0.6846160702118541,317.85404975166546,3.9323300586137737,Barker_MC_09875
q25,0.10715102945553515,0.5584245961038155,0.5686117943264019,10.861945402557453,3.1180992101560157,Barker_MC_00899
q50,-0.25732843923634235,0.5011075435579804,0.563317579923195,332.81862255365087,3.085257615934321,Barker_MC_00899
q75,-0.5063192107712231,0.46195193024809184,0.6853894725307152,312.37647754722605,3.9384173116674206,Barker_MC_00899
q25,0.1735079882977878,0.4050366428186722,0.4406355682749248,23.18913147538875,2.413966237729169,Barker_MC_06055
q50,-0.1382811788241224,0.47174267683842996,0.4915921455512448,343.6626402852852,2.672954168989788,Barker_MC_06055
q75,-0.3512770591038183,0.5173122858378673,0.6253059837642901,325.82182636414643,3.492479587722906,Barker_MC_06055
q25,0.08646695994304845,0.6065296205298598,0.6126619914291146,8.113426132359583,3.4052691529264676,Barker_MC_02408
q50,-0.1885740875474877,0.5735240470822404,0.6037300879333076,341.7991908286359,3.344978198319135,Barker_MC_02408
q75,-0.37646583043280246,0.550976595432443,0.6673093212280087,325.65637264885214,3.798547065586377,Barker_MC_02408
q25,0.09630692866292423,0.5397498881007083,0.5482745354411536,10.116752373167825,2.9938167275548815,Barker_MC_06154
q50,-0.2537324469506031,0.48780222139006774,0.5498464893300904,332.51860757983127,3.003243822443736,Barker_MC_06154
q75,-0.4928586027102304,0.45231465425729805,0.6689530243009444,312.543758378691,3.811054980589035,Barker_MC_06154
q25,0.11257588540331084,0.4295414698539667,0.4440486508240348,14.685995450335923,2.430500739223797,Barker_MC_09836
q50,-0.23166504111832556,0.5802559918469945,0.6247925314459951,338.2358290455466,3.4888949850786215,Barker_MC_09836
q75,-0.4668300401129989,0.6832152209285064,0.82747406271151,325.6558288665906,5.232808465411717,Barker_MC_09836
q25,0.11943190874946435,0.5250413771949936,0.5384537385833215,12.815090823201995,2.9355871288250586,Barker_MC_04816
q50,-0.17379420228380404,0.4430787698571065,0.47594455669284685,338.582791682077,2.5905989748264044,Barker_MC_04816
q75,-0.3741089028138017,0.3870867741726434,0.5383248479347109,315.9767596472613,2.9348304868951436,Barker_MC_04816
q25,0.34046264199943616,0.4533773308642523,0.5669795540747743,36.904631569776306,3.1079368325439316,Barker_MC_00524
q50,-0.14433427064051918,0.5556118880654488,0.5740530914828205,345.4378411379649,3.1522175300833606,Barker_MC_00524
q75,-0.4755187890694463,0.6254524784460617,0.7856900925634699,322.75501110436556,4.813286838348074,Barker_MC_00524
q25,0.2273324778332691,0.43264387655409564,0.48873385333693564,27.71965555254247,2.657717592889184,Barker_MC_06142
q50,-0.19863801654425164,0.5558705414819465,0.590295790688081,340.3358629875243,3.2562999996357433,Barker_MC_06142
q75,-0.4896358124607521,0.6400516957296056,0.805859418292325,322.584222284069,5.011417637184816,Barker_MC_06142
q25,0.1919676401767226,0.5364967577003286,0.5698072883861567,19.688070966408542,3.1255634682431674,Barker_MC_01346
q50,-0.17076664925624674,0.45569436678036934,0.48664011796559453,339.4570446120755,2.6466117471570167,Barker_MC_01346
q75,-0.41856521775236166,0.4004949621904997,0.5793039411673735,313.7361350596074,3.185495603249601,Barker_MC_01346
q25,0.19543988234435547,0.4448367625889534,0.48587703481580236,23.718377238703354,2.6425756581553292,Barker_MC_04722
q50,-0.16161351663311535,0.5405697441430662,0.564211464826285,343.35497328693396,3.090778279711989,Barker_MC_04722
q75,-0.40553123745735364,0.6059688433681696,0.7291459549957401,326.2084591060175,4.298610839795186,Barker_MC_04722
q25,0.2949984999939832,0.5261156473611392,0.6031764164794001,29.27980148341612,3.341276210497694,Barker_MC_06092
q50,-0.11673208421827044,0.4781953903220009,0.4922369458006502,346.28183666898843,2.6764034356293744,Barker_MC_06092
q75,-0.39800201746156605,0.44545911078574085,0.5973603814160257,318.22033489264913,3.3026354231685033,Barker_MC_06092
q25,0.02135026832449849,0.46232784751173983,0.462820561926938,2.6440366950491594,2.5234856086610855,Barker_MC_00615
q50,-0.2606642589755432,0.44840170989785766,0.5186616906487229,329.82976611224274,2.8216544048034984,Barker_MC_00615
q75,-0.4533198699719574,0.43888819803551254,0.6309689016791966,314.0733083230988,3.532259684364073,Barker_MC_00615
q25,0.21669203527116981,0.2724646028145732,0.3481269853614698,38.49535071333884,2.006223242474604,Barker_MC_09418
q50,-0.13060664623718746,0.3732505469297979,0.3954416098802946,340.71419940344595,2.2053433691826867,Barker_MC_09418
q75,-0.3678605222159081,0.4421015307045129,0.5751305306243392,320.23708933092007,3.1590174991038262,Barker_MC_09418
q25,0.26288492511524775,0.5041866288929878,0.5686058745803853,27.53771645467475,3.1180622936637947,Barker_MC_08209
q50,-0.12903285772062065,0.5370399735819024,0.5523236475078722,346.48981546516126,3.0181597610627358,Barker_MC_08209
q75,-0.39676785930184255,0.5594834315658405,0.685890985778101,324.65694632843537,3.9423696303873292,Barker_MC_08209
q25,0.17168885009305931,0.4523130282220839,0.48380175355791,20.78574596868441,2.6316302132733354,Barker_MC_06983
q50,-0.222243128574888,0.476274700767764,0.5255754929505154,334.9849240651008,2.8609421277997042,Barker_MC_06983
q75,-0.4913541093739562,0.4926438953230238,0.695792259512648,315.0751010151262,4.021216701993053,Barker_MC_06983
q25,0.15586629290748452,0.5007859453383364,0.5244815195153525,17.28840596214719,2.8546893812579976,Barker_MC_05587
q50,-0.20004300826038435,0.41715208585218894,0.46263708010134275,334.3802069038191,2.522559751056838,Barker_MC_05587
q75,-0.44317914926794166,0.3600183897495428,0.5709824859868385,309.08882246884065,3.1329184177535545,Barker_MC_05587
q25,0.07088796565495209,0.5386756340853736,0.5433199264079838,7.496860597802266,2.9642968457762433,Barker_MC_07530
q50,-0.24307936165549074,0.48694303269729433,0.5442435972570363,333.4718747786211,2.9697779761465757,Barker_MC_07530
q75,-0.45756323188374465,0.45160238544669834,0.642890990536534,314.62435177588793,3.6174956646081533,Barker_MC_07530
q25,0.2370205386999685,0.43716862525243305,0.4972877865690304,28.465304403930148,2.7035766271924455,Barker_MC_06797
q50,-0.10168952039826215,0.4805636832426104,0.49120485768214117,348.05219178564437,2.670884565177074,Barker_MC_06797
q75,-0.33307615856522277,0.5102086149819876,0.6093049796336835,326.8625547494431,3.382482675571293,Barker_MC_06797
q25,0.14128086029846051,0.4762923326970017,0.49680445617226954,16.52174474891121,2.700964448413471,Barker_MC_08641
q50,-0.26631061417778684,0.46364554205020364,0.5346854513513316,330.1276266694543,2.913546019392159,Barker_MC_08641
q75,-0.5447529529605918,0.4550060042131673,0.7097790104175508,309.870388177127,4.1352923232387,Barker_MC_08641
q25,0.25260406177921,0.3697650097045915,0.44781131565559124,34.338840603793706,2.448860051831304,Barker_MC_02508
q50,-0.13138405954791377,0.5123546714014131,0.5289320187038593,345.6174441712548,2.8802123884194195,Barker_MC_02508
q75,-0.39370198635079773,0.6097634774617706,0.7258186774276583,327.1511475300099,4.27010046409696,Barker_MC_02508
q25,0.11544371482074633,0.554571442761827,0.5664598277182136,11.759178755727508,3.104707957593271,Barker_MC_02990
q50,-0.20980151690573068,0.43766813402593685,0.4853556139962646,334.38870640848927,2.6398213066504335,Barker_MC_02990
q75,-0.43198978302745783,0.35780672196451624,0.5609285363779443,309.63413329098955,3.070551148718515,Barker_MC_02990
q25,0.1464283187382558,0.4329870195411691,0.457076592727802,18.684599825676955,2.494661841267213,Barker_MC_05719
q50,-0.1540849980954497,0.39593301765075944,0.4248589661335998,338.7355371761172,2.3389870061078963,Barker_MC_05719
q75,-0.3593778857400643,0.3706199196256206,0.5162476049167687,315.8822905723322,2.8080638087902656,Barker_MC_05719
q25,0.06830862425711831,0.49882744376168453,0.5034827572000026,7.797492998164845,2.7372821563852874,Barker_MC_05029
q50,-0.25545873672407127,0.521233584534322,0.5804684451502566,333.89033474094117,3.1929232941025765,Barker_MC_05029
q75,-0.47663740914105934,0.536540131973389,0.7176757854426491,318.3835949342354,4.201121741274465,Barker_MC_05029
q25,0.1558280047945851,0.5724232371288176,0.593254354795054,15.228337812421685,3.275625062288677,Barker_MC_01114
q50,-0.21903736910696192,0.5028694506809388,0.5485025555942731,336.46326184779394,2.995182340015634,Barker_MC_01114
q75,-0.47512317554332817,0.4553544259993425,0.6580954985528825,313.7828879095989,3.7291897956748348,Barker_MC_01114
q25,0.23976300535580503,0.4234467344395389,0.4866142575436494,29.519303955995333,2.6464748657038464,Barker_MC_08165
q50,-0.1321329713754314,0.505530894794377,0.5225137392606093,345.3520329110724,2.843476657111925,Barker_MC_08165
q75,-0.3861902616512505,0.5616059282959814,0.6815747478387476,325.4855067294252,3.9084836898605886,Barker_MC_08165
q25,0.21081130592714992,0.38154053608590643,0.4359066269092858,28.921819205795963,2.39124285506626,Barker_MC_07763
q50,-0.1442572943947535,0.44862826864035454,0.4712509845181617,342.17470422815666,2.5663944318066956,Barker_MC_07763
q75,-0.3868191184098661,0.49445863145670055,0.627788474399952,321.96363097733587,3.509862801422148,Barker_MC_07763
q25,0.18208994730710118,0.5034657545928845,0.5353825874625411,19.88368701674135,2.917611128951861,Barker_MC_07072
q50,-0.2105250552789681,0.5361643887941714,0.5760148007744592,338.5625359816183,3.16460929205828,Barker_MC_07072
q75,-0.47873635607165155,0.5585021577421339,0.73560394155237,319.39750953207727,4.354491682712997,Barker_MC_07072
q25,0.17280795639395266,0.609112857964197,0.6331516907743091,15.838869054230026,3.5477137486233103,Barker_MC_06945
q50,-0.20348142095614133,0.5359283203483601,0.5732572312895363,339.2092172757615,3.147204072247848,Barker_MC_06945
q75,-0.46054002215264744,0.4859329816512567,0.6694983007154249,316.53682194159524,3.815213404457763,Barker_MC_06945
q25,0.17146227921071272,0.45793898400023764,0.48898612072256437,20.526989080251806,2.659058842151972,Barker_MC_06005
q50,-0.17129938541822218,0.42414325053629015,0.4574286571916443,338.00761980452455,2.4964190234032264,Barker_MC_06005
q75,-0.4054538403586918,0.401056008393471,0.5702970616530612,314.687573916682,3.128626603101325,Barker_MC_06005
q25,0.20312650902796003,0.48195357079859774,0.5230101558052243,22.853714925163178,2.846301156721882,Barker_MC_00356
q50,-0.14087864335447534,0.5456276352787147,0.5635213470075819,345.5226656360091,3.086515220073207,Barker_MC_00356
q75,-0.37588257543078885,0.5891259823833328,0.6988255387660139,327.46072831174763,4.045685794931006,Barker_MC_00356
q25,0.040532563153287654,0.4838948347045571,0.48558943535617194,4.788098546448211,2.6410560885619834,Barker_MC_04020
q50,-0.2695567475138898,0.5519902391076483,0.6142915140227689,333.9720740371423,3.416385182953926,Barker_MC_04020
q75,-0.4813913866085019,0.5985089836096573,0.7680824633867911,321.1896630033892,4.646735484817547,Barker_MC_04020
q25,0.2415373271508699,0.5143222516203566,0.5682144480027059,25.155808533185617,3.115622263975682,Barker_MC_08860
q50,-0.16570636880183787,0.5694739619300946,0.593092905013919,343.7759830970486,3.2745675351366192,Barker_MC_08860
q75,-0.4439111259090269,0.607150341756852,0.7521227461001843,323.82801643279583,4.500756492988149,Barker_MC_08860
q25,0.29742370853513544,0.47048685589040357,0.5566136397578042,32.29950099728029,3.044166936064523,Barker_MC_01210
q50,-0.15925704473114471,0.5509801894987036,0.5735346332319655,343.87842487042326,3.1489506377494356,Barker_MC_01210
q75,-0.47123426942642327,0.6059684644500379,0.7676324098094034,322.12940779688734,4.6425548067726865,Barker_MC_01210
q25,0.07647105283066347,0.44269667320894734,0.44925289803327884,9.800510198289373,2.4559307068572913,Barker_MC_06179
q50,-0.2917790247820793,0.5293446374735818,0.6044342350701348,331.13609240713276,3.3496922305545196,Barker_MC_06179
q75,-0.5433456528603535,0.5885373913250115,0.8009998498563489,317.2863858125032,4.962946911605937,Barker_MC_06179
q25,0.14951387755836545,0.3557252772994842,0.3858689835842379,22.797363636402935,2.1635231203352916,Barker_MC_01919
q50,-0.16680696293532554,0.47175325426439285,0.5003755547513806,340.5269440591184,2.720324322743992,Barker_MC_01919
q75,-0.38289861388554347,0.5510166915378565,0.6709923567886565,325.20476541605876,3.826630739616636,Barker_MC_01919
q25,0.28128252105976237,0.47105660054530196,0.5486475895973952,30.842736696299944,2.99605127260402,Barker_MC_02157
q50,-0.19094293018972597,0.5813118809359253,0.6118682092629931,341.81625151997906,3.399867358060563,Barker_MC_02157
q75,-0.5135393712650299,0.6566317540381978,0.8335993919446935,321.97170451520265,5.297308089508465,Barker_MC_02157
q25,0.11686529406195076,0.5376674920065396,0.5502216180020453,12.26284613960309,3.0054978736305733,Barker_MC_02307
q50,-0.18933138983093611,0.4720826184078537,0.5086338307447993,338.146469079964,2.765627799575684,Barker_MC_02307
q75,-0.39850681701628343,0.42727891976067567,0.5842730170736105,316.9954975990293,3.2173113752773204,Barker_MC_02307
q25,0.15869511995980876,0.46617933239235804,0.4924503132792614,18.799419565839155,2.677545794259833,Barker_MC_05937
q50,-0.24014681581265995,0.45882094930158773,0.5178678949915411,332.3724466353583,2.8171783248112985,Barker_MC_05937
q75,-0.5126119883088507,0.45379413808065444,0.6846168054571238,311.517134362637,3.9323358410721743,Barker_MC_05937
q25,0.1953058528619876,0.47452361003342863,0.5131442610429409,22.37123297991363,2.790689009308517,Barker_MC_03760
q50,-0.16666048461746807,0.49086911499101243,0.5183900126207961,341.24655948749955,2.8201216582463946,Barker_MC_03760
q75,-0.4139344338528786,0.5020353952347882,0.6506775342653635,320.49399422687924,3.6742721863865473,Barker_MC_03760
q25,0.032214908772327494,0.5621245281278308,0.5630468767963692,3.2799877365593475,3.0835876902618202,Barker_MC_03092
q50,-0.24350232736415672,0.5203438917046217,0.5745007824764663,334.92208735310527,3.155041232837465,Barker_MC_03092
q75,-0.43185600225695053,0.49180183709844694,0.6544987804868414,318.7133157091778,3.702460360558033,Barker_MC_03092
q25,0.1318647163254663,0.5567497632877686,0.5721526040599502,13.324816803292194,3.140258772409516,Barker_MC_05979
q50,-0.19220600027560023,0.49386612940678976,0.529949903592017,338.73468721065154,2.8860818101176995,Barker_MC_05979
q75,-0.4135919072732184,0.45090775764133284,0.6118627882646839,317.47161964991284,3.3998304969099884,Barker_MC_05979
q25,0.28508683185636596,0.4267544894488652,0.5132191500350133,33.7443003779405,2.791107024386653,Barker_MC_06853
q50,-0.1746959049604854,0.4272080175204686,0.4615466925932109,337.75913526698093,2.5170646097859044,Barker_MC_06853
q75,-0.4887922209733553,0.42751784101990065,0.6493761157252262,311.1742815293141,3.6647210898630926,Barker_MC_06853
q25,0.1516284775860507,0.501445047358448,0.5238686197276752,16.8244262496757,2.8511922480567735,Barker_MC_07916
q50,-0.21950961338100544,0.4355809320830828,0.4877655366680242,333.2543269534675,2.6525755491300838,Barker_MC_07916
q75,-0.4730491610200833,0.3905864720721149,0.6134601053919853,309.5457513806,3.4107090791690733,Barker_MC_07916
q25,0.04737671699242313,0.4979468523176712,0.5001955827934278,5.4349962172893544,2.719345334755685,Barker_MC_09795
q50,-0.17477409409473307,0.42240215406387693,0.4571318887634485,337.5220716639805,2.4949377463435902,Barker_MC_09795
q75,-0.3265343620961423,0.37079449349772453,0.4940781780627117,318.6317464108145,2.686277365373332,Barker_MC_09795
q25,0.13676265308813423,0.4929410668161212,0.5115612559933767,15.506259464454505,2.781867631375842,Barker_MC_00437
q50,-0.2932026313630334,0.5460066931335967,0.6197508305641005,331.76444285216496,3.4538918272623467,Barker_MC_00437
q75,-0.5869294311000428,0.5822579840120405,0.8267469486107497,314.771077951523,5.225204298205454,Barker_MC_00437
q25,0.25045065538194367,0.36847503469279685,0.445532694617469,34.20375253083149,2.437725394699054,Barker_MC_06488
q50,-0.17104535349975564,0.4714990980011732,0.5015654616994438,340.06078759127877,2.7268058977813596,Barker_MC_06488
q75,-0.45898644611325595,0.5418790321628328,0.7101418472484249,319.73448303557547,4.138294285051879,Barker_MC_06488
q25,0.24903169480300966,0.4975731514908658,0.5564133590245757,26.587627185937748,3.042947804277382,Barker_MC_05259
q50,-0.15288655228217835,0.41968208453631595,0.446662456391265,339.9837554294386,2.443239720158961,Barker_MC_05259
q75,-0.42745327834456726,0.36647152393520893,0.5630432337067133,310.60770741516495,3.083565222770836,Barker_MC_05259
q25,0.21320505588814836,0.5992955859715262,0.6360908702545757,19.583495300862552,3.5686298996188026,Barker_MC_01299
q50,-0.17425047784828201,0.54201185914145,0.5693330172055066,342.17800876494886,3.1226001445318246,Barker_MC_01299
q75,-0.43893713530730266,0.5028790119854645,0.6674976475218907,318.88397063733686,3.7999780676467703,Barker_MC_01299
q25,0.20995020531914274,0.4760492573499221,0.5202902883361966,23.798737056334787,2.830860068664581,Barker_MC_02583
q50,-0.19207323749459138,0.4713633639871327,0.5089946458175368,337.82986881937165,2.7676242802406996,Barker_MC_02583
q75,-0.46671182704412506,0.46816223935885504,0.6610565874903321,315.08889158497215,3.7513402456878775,Barker_MC_02583
q25,0.16484001152495964,0.3187144090116993,0.35881904061967723,27.348135674268992,2.0495865322846107,Barker_MC_00762
q50,-0.15160765392683107,0.4412257525951885,0.46654586642943074,341.0369900312282,2.542357328865346,Barker_MC_00762
q75,-0.36778594417193294,0.5249182416950763,0.6409412306870972,324.9828478086743,3.603416637565837,Barker_MC_00762
q25,0.20441785015514202,0.48006091132776413,0.5217711529462831,23.06510444095477,2.8392567378405387,Barker_MC_01782
q50,-0.14539984889282262,0.5216964682626595,0.5415794688277868,344.4265361665318,2.953996317978318,Barker_MC_01782
q75,-0.3843745683608839,0.5501394131607931,0.6711163704720051,325.0585485893774,3.8275799664745582,Barker_MC_01782
q25,0.08206388329808714,0.5666251534855029,0.5725369381135437,8.240803940538653,3.142673517125911,Barker_MC_01002
q50,-0.2575151440864407,0.5057679004154358,0.567551952269128,333.0167730943242,3.1114968247504717,Barker_MC_01002
q75,-0.48949540988576434,0.4641938319232011,0.6745974131989965,313.4802872952076,3.8543208835456437,Barker_MC_01002
q25,0.11640452410567595,0.523383228776103,0.5361716305404152,12.538940979991676,2.9222190055391706,Barker_MC_08308
q50,-0.19080767122285858,0.4086618656039465,0.45101229228967643,334.9717326102614,2.464587829976881,Barker_MC_08308
q75,-0.40067683563508427,0.33029102943507493,0.5192630265480356,309.4998752563694,2.825049970447859,Barker_MC_08308
q25,0.0915276508670515,0.48604877796215645,0.49459147327036135,10.664459953231773,2.6890364879715496,Barker_MC_03727
q50,-0.21216767701779407,0.43814503901293783,0.4868122824896428,334.16184356088814,2.6475232093730496,Barker_MC_03727
q75,-0.41963432602542705,0.40542004365673917,0.5834881141698147,314.01298889405234,3.21226478331662,Barker_MC_03727
q25,0.32551783614942964,0.3353068387704658,0.46732487391283817,44.15132176819814,2.5463214469104534,Barker_MC_07864
q50,-0.08144947765803891,0.4425541186712784,0.4499868502119583,349.57174709452846,2.4595384254883994,Barker_MC_07864
q75,-0.35946542686384314,0.5158191041130105,0.6287167416876647,325.12802540367267,3.516385035571231,Barker_MC_07864
q25,0.17218919776355135,0.4167481054334598,0.4509191759160765,22.449108169930483,2.4641288857511374,Barker_MC_07506
q50,-0.23028750398867204,0.507167131827427,0.5570016464063562,335.5788018220286,3.046530166916202,Barker_MC_07506
q75,-0.5052357331818449,0.5689360518274147,0.7608885445009428,318.3937681980703,4.580357670176334,Barker_MC_07506
q25,0.13124083631034134,0.5272979058408656,0.5433849819599361,13.976540520676558,2.9646825588033785,Barker_MC_03366
q50,-0.16804297106369268,0.47261156449380926,0.5015975787593069,340.4265186069571,2.726981057383419,Barker_MC_03366
q75,-0.37249593071436077,0.4352530971614988,0.5728860942521078,319.44260746863466,3.1448688510510308,Barker_MC_03366
q25,9.941705412375157e-05,0.5381749050172456,0.5381749141999022,0.010584249646381704,2.9339505586408055,Barker_MC_08049
q50,-0.3317079320237444,0.5333445764809992,0.6280816741707764,328.12089719361455,3.5119215869365976,Barker_MC_08049
q75,-0.5583790478052602,0.5300447823024039,0.7698926108710953,313.50879114595807,4.663588525996701,Barker_MC_08049
q25,0.09855720178281421,0.372823507594533,0.38563050947552,14.80761075066107,2.1624914778792386,Barker_MC_08018
q50,-0.22036317245674208,0.41187572754910373,0.46712047987569905,331.8521742286146,2.5452807537956366,Barker_MC_08018
q75,-0.4382306707964906,0.4385538897279961,0.6199803505130606,315.02112158519765,3.4554776653677943,Barker_MC_08018
q25,0.08008168055577103,0.5655793257409171,0.5712206660006157,8.059069354909102,3.1344111703729727,Barker_MC_08981
q50,-0.25389889650973385,0.46241140411928267,0.5275310003292955,331.2298782729407,2.8721532237725125,Barker_MC_08981
q75,-0.4820546328524706,0.39193319448400477,0.6212795650856118,309.1127407383087,3.4644681547600453,Barker_MC_08981
q25,0.08876671192280294,0.6268478367940088,0.6331016819112978,8.059954813066975,3.54735893210586,Barker_MC_09830
q50,-0.2578056494866948,0.6114262020078245,0.66355538835049,337.1374552042055,3.770134875071378,Barker_MC_09830
q75,-0.49456334662043044,0.6008910551104631,0.778243511975632,320.5439137567643,4.7421329500364795,Barker_MC_09830
q25,0.21993512105114973,0.36157385655300134,0.4232104809836286,31.310963016459024,2.33128813386727,Barker_MC_04796
q50,-0.16592383376139727,0.4260204203244043,0.4571915541033779,338.72038493291535,2.4952354867254947,Barker_MC_04796
q75,-0.4295198031234977,0.4700464931613874,0.6367346126987024,317.5795089043336,3.573227415667472,Barker_MC_04796
q25,0.16317279177351385,0.4735743725908145,0.5008972413079813,19.011686981843418,2.7231641172265126,Barker_MC_06381
q50,-0.18005782156467998,0.4658221114535001,0.49941071136451926,338.8666021364369,2.715080010445546,Barker_MC_06381
q75,-0.4145326344702985,0.4605262260949985,0.6196141621704493,318.0087301582447,3.4529478805801466,Barker_MC_06381
q25,0.18721125770231642,0.4696660021574489,0.5056028170343239,21.732477551460285,2.748913201380692,Barker_MC_09696
q50,-0.15229974093370682,0.524176622836715,0.5458537743910707,343.798754712764,2.97935712918193,Barker_MC_09696
q75,-0.3842335335238878,0.5614150482231658,0.6803104178650157,325.61218684984726,3.8986129488320267,Barker_MC_09696
q25,0.2010317828274243,0.4771284232919194,0.5177502390340402,22.847484614323335,2.816515487174641,Barker_MC_00148
q50,-0.1910812137621769,0.4228386877004173,0.464009252137323,335.6817431421417,2.5294920308855153,Barker_MC_00148
q75,-0.4589495738102847,0.3857511579148088,0.5995320401223422,310.0473471497366,3.3170110133862774,Barker_MC_00148
q25,0.23199579178021598,0.38679197920660907,0.45103224117827234,30.95510799177176,2.4646861635146227,Barker_MC_07211
q50,-0.1864045729684162,0.4343979744065651,0.4727031467972943,336.7753385115913,2.573858908565802,Barker_MC_07211
q75,-0.47223090497864795,0.4669195688795408,0.664090288605103,314.675968967564,3.774170325459148,Barker_MC_07211
q25,0.05255775455443454,0.5274927787726944,0.5301046587431041,5.689995282250798,2.886975220423563,Barker_MC_06836
q50,-0.21704442236015736,0.49879104691374143,0.5439676366834342,336.48416808982944,2.9681393451181934,Barker_MC_06836
q75,-0.40122065121160055,0.4791837247630679,0.624976041969985,320.0605534946127,3.490175717985927,Barker_MC_06836
q25,0.23444589089431594,0.5408111792350104,0.5894417760413594,23.43711051180376,3.2507428910512597,Barker_MC_03935
q50,-0.20705432913065697,0.5238427988106051,0.5632785927740149,338.43307367467565,3.0850170545153843,Barker_MC_03935
q75,-0.5086611132147543,0.5122510069636363,0.7218983461901907,315.20147171230417,4.236750959577537,Barker_MC_03935
q25,0.14369003163635297,0.4917116424795732,0.5122764532375227,16.289639124378965,2.785849646750399,Barker_MC_07458
q50,-0.2818552824514241,0.5023316645791073,0.5760030394751305,330.7034785620288,3.164534853099498,Barker_MC_07458
q75,-0.5725626203929812,0.5095866342644254,0.7664897208001047,311.66941218586845,4.631956928758568,Barker_MC_07458
q25,0.24004384825810615,0.34787631277205927,0.4226570454570044,34.60670122172084,2.3287091260929453,Barker_MC_05210
q50,-0.19622596183377883,0.4441107343319949,0.48552957937338415,336.1622327594698,2.6407399414700987,Barker_MC_05210
q75,-0.49425963984044113,0.5098523876504093,0.7101000272975814,315.8896684962775,4.137948172999316,Barker_MC_05210
q25,0.11388825901383343,0.3576053562796274,0.3753027129945656,17.66536117969545,2.1182820915032914,Barker_MC_04419
q50,-0.21790680141614208,0.41619164818100207,0.46978597480026263,332.3646498488497,2.5588858517560906,Barker_MC_04419
q75,-0.4445695223217245,0.45621433059503647,0.637003591526487,315.74064516353224,3.5751501778467674,Barker_MC_04419
q25,0.20800738098187324,0.5261914124322707,0.5658131078902345,21.569255965610004,3.100694801148093,Barker_MC_01800
q50,-0.17958941830338476,0.570847124644639,0.5984302790481112,342.53634120972316,3.309709953129777,Barker_MC_01800
q75,-0.44437258001302926,0.6013532606338703,0.7477250389965711,323.53729236736484,4.461344053826394,Barker_MC_01800
q25,0.1285229537799016,0.45236094399482896,0.4702643653310375,15.860693197141124,2.5613353168917854,Barker_MC_03204
q50,-0.2336667436829179,0.5540392185316431,0.6012982644033925,337.1323532200085,3.328748903712252,Barker_MC_03204
q75,-0.4810932792211656,0.6234997895649573,0.7875295111291516,322.3461737107265,4.831026747804275,Barker_MC_03204
q25,0.08141275519379113,0.5000392125116822,0.5066233815740717,9.247343168972966,2.7545298182230233,Barker_MC_09525
q50,-0.21460902225206757,0.4366255517440602,0.48651711672642456,333.82508385240686,2.645960754184238,Barker_MC_09525
q75,-0.4168335563853772,0.3933050970225642,0.573096076651036,313.33645440187433,3.1461898626321125,Barker_MC_09525
q25,0.10632520851531244,0.5934569896110735,0.6029065006151969,10.157484908773833,3.339472970352811,Barker_MC_03740
q50,-0.2107647125421682,0.5616009876645879,0.5998478418722729,339.4292567512396,3.319106710906687,Barker_MC_03740
q75,-0.4273817537527421,0.5398388551331187,0.6885355132106156,321.63190610318986,3.963276279129757,Barker_MC_03740
q25,0.15146605973949528,0.5353987987051474,0.5564115751023906,15.796380567205121,3.0429369475325574,Barker_MC_07755
q50,-0.21336845963177536,0.4719900327698569,0.5179775000902328,335.6741120623376,2.817795946719982,Barker_MC_07755
q75,-0.46260178074815483,0.4286729219077095,0.6306828692205435,312.8199289388136,3.530239580390231,Barker_MC_07755
q25,0.31921880716289824,0.39334295841855593,0.5065760848914657,39.06117371028206,2.754269270301187,Barker_MC_09348
q50,-0.02145236789339683,0.4781224583973583,0.4786034781655554,357.4309796291067,2.604412068688751,Barker_MC_09348
q75,-0.25417872425414306,0.5360387881863176,0.5932490255396291,334.6306405507674,3.2755901491894726,Barker_MC_09348
q25,0.22767509819365708,0.43894851504202825,0.4944812930689017,27.41499860224431,2.688443996090868,Barker_MC_08504
q50,-0.1322260735551369,0.52605502677586,0.5424183124895022,345.89076085152846,2.958956359690611,Barker_MC_08504
q75,-0.3780892239588043,0.585561033081675,0.6970173489501171,327.15018961787564,4.031081482511075,Barker_MC_08504
q25,0.06067148762195207,0.5904466307995343,0.5935556024777984,5.866850968196511,3.2775992058542416,Barker_MC_02413
q50,-0.2563635527165962,0.5191777100052455,0.5790231132932137,333.72040795885636,3.1837069536824645,Barker_MC_02413
q75,-0.4729431026725917,0.47049100718844095,0.6671109099773225,314.85108190983203,3.797040015673664,Barker_MC_02413
q25,0.12808381605417204,0.5753158782200369,0.5894012416572358,12.551188109368308,3.2504793680110824,Barker_MC_01235
q50,-0.2452352680616648,0.5794720245470988,0.6292282288120822,337.06169161216815,3.5199840474459867,Barker_MC_01235
q75,-0.5002647409598422,0.582311257396897,0.767692133305255,319.33406019325344,4.643109379098512,Barker_MC_01235
q25,0.20214474989550008,0.3722926661838355,0.42363230425049386,28.500751766217395,2.3332557468887845,Barker_MC_03453
q50,-0.17961297023623485,0.501115185030094,0.5323318962309397,340.280974146044,2.899863864056852,Barker_MC_03453
q75,-0.44040721913082576,0.5891190950273197,0.7355404997607918,323.2193465947,4.3539392042564335,Barker_MC_03453
q25,0.11894913534734403,0.5120596163447819,0.5256937772991478,13.077615212544695,2.8616190172140943,Barker_MC_00468
q50,-0.23626428574722086,0.5933167172578219,0.6386278569693328,338.28708872362654,3.586783048259808,Barker_MC_00468
q75,-0.4789250427311745,0.6488267527658285,0.8064399243959259,323.56747807780687,5.017239333113048,Barker_MC_00468
q25,0.26811311999409754,0.518847862682956,0.5840271823499664,27.32752793522866,3.215729910382528,Barker_MC_04382
q50,-0.11193788068070515,0.49487939988775026,0.507381227051758,347.2546143107706,2.7587079997709147,Barker_MC_04382
q75,-0.37156619999385676,0.4785055666364498,0.6058291989331189,322.1701657943132,3.3590506784082974,Barker_MC_04382
q25,0.20013127618012974,0.38595294671975383,0.434755338997865,27.408455952297913,2.3857431712310353,Barker_MC_07696
q50,-0.17052158137331053,0.4322342084100049,0.4646547327143867,338.4701708094598,2.5327596155456873,Barker_MC_07696
q75,-0.42372964630236276,0.46385082346166134,0.6282550434191411,317.5881713503563,3.5131395164876116,Barker_MC_07696
q25,0.24210691832809433,0.3792556241432776,0.4499450948133934,32.553101285355204,2.4593330360501526,Barker_MC_03691
q50,-0.1807792265739909,0.47713566317837974,0.5102348183310921,339.24908699353693,2.774497463770684,Barker_MC_03691
q75,-0.4696699777279203,0.5440015048256007,0.7186984939677161,319.1939364504778,4.209723581490095,Barker_MC_03691
q25,0.27310850908745066,0.3656201331973044,0.4563620706579204,36.758752523263325,2.491099405427547,Barker_MC_02633
q50,-0.1134352103835906,0.4832720522224185,0.4964065102454212,346.79047383041905,2.6988156280395996,Barker_MC_02633
q75,-0.37749897037667013,0.5636448704658163,0.6783811706097634,326.1879551020028,3.8835991561158476,Barker_MC_02633
q25,0.010379339318138142,0.5006896963743166,0.5007972671052493,1.1875762100794052,2.7226196793350144,Barker_MC_09160
q50,-0.24979019963642562,0.4829263553473148,0.5437030517878728,332.6500581852776,2.9665691109378023,Barker_MC_09160
q75,-0.42752260927438634,0.4707914935313002,0.6359404153080789,317.75762106869564,3.5675562251253146,Barker_MC_09160
q25,0.26785634138132614,0.47447468668812565,0.5448607601268277,29.44613639983795,2.973445912791992,Barker_MC_00709
q50,-0.17731216705775169,0.5034064446593777,0.5337205758740345,340.5964789689117,2.907929022625532,Barker_MC_00709
q75,-0.48142490837921703,0.5231709070170978,0.7109695776592908,317.3795581723706,4.145150742842331,Barker_MC_00709
q25,0.19263495634860858,0.4167154877081292,0.45908607483047703,24.809671791620197,2.5047079719092955,Barker_MC_02934
q50,-0.19618750731631268,0.45952636051624557,0.49965389424710255,336.8807078248214,2.716400853592722,Barker_MC_02934
q75,-0.461807970289127,0.4887722115619346,0.6724320606705988,316.6248214321756,3.837665048391208,Barker_MC_02934
q25,0.053856915947973594,0.49303854682575265,0.49597134599841247,6.233970450147553,2.696467793740164,Barker_MC_04903
q50,-0.2831529313525053,0.5101356228092765,0.5834500288735317,330.9673502606781,3.2120201125230734,Barker_MC_04903
q75,-0.5133780855850916,0.5218153318348812,0.732016597692266,315.46697350346454,4.323361373372274,Barker_MC_04903
q25,0.21559316355489036,0.5454106801111194,0.5864752528034576,21.5681896166934,3.2315131841788336,Barker_MC_09534
q50,-0.21629709826331012,0.5625046206717844,0.6026573512322206,338.9669996168865,3.337809329622238,Barker_MC_09534
q75,-0.5113389284505255,0.574182187762318,0.768864542356099,318.3132833624127,4.654009400308078,Barker_MC_09534
q25,0.18011506425471877,0.4140410152121031,0.45152120509379234,23.509880667226035,2.4670976276354595,Barker_MC_09763
q50,-0.1611893939387183,0.5473659262040244,0.5706062371614253,343.5912495738456,3.1305617907932937,Barker_MC_09763
q75,-0.39434837180619287,0.6384456036734883,0.7504155030356184,328.29763993955737,4.485414929056105,Barker_MC_09763
q25,0.017013776074547238,0.5975890570413556,0.5978312050001166,1.6308101526026715,3.3057468051443752,Barker_MC_03533
q50,-0.20849866689875587,0.5257020923021243,0.5655390207133275,338.36623173494644,3.098995545565816,Barker_MC_03533
q75,-0.36255540257213587,0.4765931784915262,0.5988217411875585,322.73891625307493,3.3123022200501206,Barker_MC_03533
q25,0.14957944743981694,0.4670450666136365,0.49041319858313065,17.75858369172474,2.6666590510896344,Barker_MC_03636
q50,-0.17534331392366456,0.5201931648628537,0.54895009473336,341.372403542687,2.9978644628432245,Barker_MC_03636
q75,-0.39731128740512983,0.5565007956772287,0.6837758365787068,324.4752283946576,3.925727455952625,Barker_MC_03636
q25,0.2120545550461636,0.5128067788497885,0.5549215500862463,22.465948578279825,3.0338823414742837,Barker_MC_02312
q50,-0.2376166769130879,0.4847323813632872,0.539839945436925,333.88582391311184,2.9437370831219836,Barker_MC_02312
q75,-0.5448054120822179,0.46555361687586894,0.7166261976932455,310.51494592717376,4.192312099175101,Barker_MC_02312
q25,0.20486533421866454,0.48973203756280037,0.5308552286451903,22.70059595341144,2.891312228253718,Barker_MC_04476
q50,-0.21755333581294062,0.46580991994353693,0.5141092641074876,334.9653953888368,2.796080257098016,Barker_MC_04476
q75,-0.5061247358410255,0.44946774696971725,0.6768925348947066,311.6069107757469,3.872053822626396,Barker_MC_04476
q25,0.14726012666224844,0.4561019552826542,0.47928544575987464,17.893539605910053,2.607966741575599,Barker_MC_00113
q50,-0.22230899051501182,0.5262392996523904,0.5712697154255965,337.09844716608296,3.1347186675864074,Barker_MC_00113
q75,-0.4747767082487143,0.5741529765206792,0.7450265519718344,320.4120847453413,4.437331152530638,Barker_MC_00113
q25,0.12887970963958867,0.5176069763574006,0.5334106874919505,13.981843871364058,2.9061273141716497,Barker_MC_01743
q50,-0.18469521579582918,0.5006368173538503,0.5336192890329775,339.7499453091156,2.907340012397092,Barker_MC_01743
q75,-0.39891102031940884,0.4890438104870201,0.6311052611949423,320.7960164590027,3.533223130173201,Barker_MC_01743
q25,0.3282367987119283,0.37289831746554825,0.4967821969407637,41.35524751329597,2.700844208304051,Barker_MC_03228
q50,-0.07979572988366367,0.5005183079704257,0.5068391609980868,350.9417818599167,2.755718816481146,Barker_MC_03228
q75,-0.3585393707010068,0.5877007218746407,0.6884349052994392,328.6138297726297,3.9624788854608424,Barker_MC_03228
q25,0.07372961225695646,0.4164703944267241,0.42294638567732473,10.039308634861746,2.3300570945000163,Barker_MC_09701
q50,-0.22360010545568135,0.5366767412049822,0.5813939556877,337.3815180773607,3.198838935710048,Barker_MC_09701
q75,-0.4267181468620225,0.6187945930969644,0.7516615763143653,325.41001704966504,4.496607181003833,Barker_MC_09701
q25,0.039268561309620365,0.47930151311789787,0.4809074343201962,4.683709277785882,2.6164406631893917,Barker_MC_04448
q50,-0.28343779427107907,0.5455965861218723,0.6148273074686064,332.54809286544906,3.420048098748657,Barker_MC_04448
q75,-0.5038916506806832,0.5908854509116073,0.7765644929590312,319.54332320779685,4.72623539446883,Barker_MC_04448
q25,0.23974244604252157,0.41922055857885143,0.4829309652213405,29.764230793301476,2.627051016150442,Barker_MC_06021
q50,-0.1343592463738983,0.5056158437576251,0.5231632522883246,345.11849237717456,2.8471728075556264,Barker_MC_06021
q75,-0.38992335088046537,0.5646359822330362,0.6861880296202464,325.3720212429294,3.9447124394797726,Barker_MC_06021
q25,0.28877837943985923,0.4510985427641798,0.5356144580907781,32.62602865135468,2.918964459376026,Barker_MC_02734
q50,-0.18374358993778495,0.5174588386203689,0.5491132456147509,340.45064376653266,2.9988428309149637,Barker_MC_02734
q75,-0.5065425946246102,0.5627922597971972,0.7571793234476678,318.0111248539909,4.5465042769468695,Barker_MC_02734
q25,0.15297805620541047,0.49132569801195713,0.5145903489255532,17.29438095246653,2.7987718553009637,Barker_MC_09531
q50,-0.19335144623674055,0.48348162921810406,0.5207103489976279,338.2028002228393,2.8332393338660795,Barker_MC_09531
q75,-0.42994323651742117,0.47812302630978704,0.6430029664898168,318.037127054633,3.6183059003827722,Barker_MC_09531
q25,0.09770893984865678,0.5196436120019701,0.5287499602087952,10.649025327911223,2.8791638450614285,Barker_MC_03443
q50,-0.2297770444494928,0.47457701240267186,0.5272768066746251,334.16501994430297,2.870693428625169,Barker_MC_03443
q75,-0.4534960599262986,0.44379018250260704,0.6345143043733327,314.3802600565295,3.557395260790144,Barker_MC_03443
q25,0.2421655051186202,0.3841148332786393,0.45407965932645933,32.229414274722785,2.4797538932327563,Barker_MC_01509
q50,-0.11839223051958639,0.45322633449472177,0.46843444634967263,345.36027557170803,2.5519783775488794,Barker_MC_01509
q75,-0.36470390646016126,0.5004392161187169,0.6192320634599099,323.9166452811295,3.4503101547147086,Barker_MC_01509
q25,0.31187412372113504,0.35263065093371526,0.47075879707633883,41.49023527799667,2.5638693805888924,Barker_MC_03939
q50,-0.09529739503186362,0.46251947635387924,0.4722349621814608,348.35771506448174,2.571449954288514,Barker_MC_03939
q75,-0.3734528449539119,0.5375890091388907,0.6545754121192645,325.21302753927733,3.7030278552077864,Barker_MC_03939
q25,0.1345285676607461,0.4734934960905225,0.49223371111381387,15.860863279627706,2.676386121031458,Barker_MC_05783
q50,-0.20326505175892845,0.4434312081433829,0.4877990545522408,335.37368592429993,2.6527533725305448,Barker_MC_05783
q75,-0.43402563265180494,0.42289443470885546,0.6059851093108822,314.25578263395715,3.3600982634495824,Barker_MC_05783
q25,0.13503054639327947,0.4640978037868533,0.4833425492743714,16.22250157845708,2.629214411056618,Barker_MC_04143
q50,-0.22125101429801936,0.5107749571795607,0.5566354895348341,336.5793162679607,3.0442999677088034,Barker_MC_04143
q75,-0.46464146094941094,0.542662021979162,0.7144044774017836,319.4289944270457,4.173725135074638,Barker_MC_04143
q25,0.12806197455933224,0.515852208287135,0.531510460972076,13.942009236296633,2.895103674467393,Barker_MC_01181
q50,-0.2210599413013616,0.5133206370774869,0.5588967472599912,336.70102169565524,3.0580990410899096,Barker_MC_01181
q75,-0.4595593429326149,0.5115912176647884,0.6876920558421463,318.066835641989,3.9565962059090274,Barker_MC_01181
q25,-0.10123186193020567,0.44306409139674724,0.454481769661976,347.1299058385158,2.481748964704099,Barker_MC_02877
q50,-0.31053777826433543,0.41630001904744945,0.519364436198953,323.2790099113918,2.8256230032196026,Barker_MC_02877
q75,-0.4535231754442989,0.3980163910351934,0.6034072573293764,311.2705061192745,3.342819172729874,Barker_MC_02877
q25,-0.03263389988154208,0.48387517963754756,0.4849743919948222,356.1416547131384,2.637809357823115,Barker_MC_03635
q50,-0.26767012067215257,0.450427933265569,0.5239586019587202,329.27878905100187,2.851705407509858,Barker_MC_03635
q75,-0.4282329369079546,0.4275787568503221,0.6051504288707719,314.95620327542014,3.354493726154083,Barker_MC_03635
q25,0.15988694747241955,0.5595734480025236,0.5819675933258494,15.946230785631487,3.202510990559945,Barker_MC_05063
q50,-0.18381488199439924,0.5620595107986609,0.5913533668812962,341.89028249457704,3.2631948596201226,Barker_MC_05063
q75,-0.41861160183169516,0.5637578415603798,0.7021812993158647,323.404711346992,4.072929822673874,Barker_MC_05063
q25,0.10961425299289668,0.38462868090127544,0.3999431292459541,15.906873937287008,2.225287806506452,Barker_MC_07777
q50,-0.21756048415933507,0.48636420077185827,0.5328064377051883,335.9000723133456,2.902617381854899,Barker_MC_07777
q75,-0.44106687403262407,0.5558638784244644,0.7095947003085623,321.56870273624395,4.133768251800141,Barker_MC_07777
q25,0.19121307510067892,0.6072762610841833,0.636668593041814,17.477650872031653,3.5727556403186713,Barker_MC_06343
q50,-0.15176970952832622,0.590978777484832,0.6101556851884435,345.5970758879554,3.3882425677560684,Barker_MC_06343
q75,-0.3860752205478033,0.5798453025869359,0.6966165737715191,326.34335028991944,4.027851662313574,Barker_MC_06343
q25,0.31129510975946906,0.4117357255745745,0.5161695003335447,37.09130834927022,2.8076251977417868,Barker_MC_09833
q50,-0.06510261487292736,0.4934546999842211,0.49773074186733773,352.48424204864114,2.7059728156228777,Barker_MC_09833
q75,-0.3222352325113226,0.5492802600914165,0.6368236405769814,329.60198519899785,3.573863706024222,Barker_MC_09833
q25,0.07148293970997169,0.45371477622977274,0.4593113419444508,8.953375854551359,2.5058366828240115,Barker_MC_05004
q50,-0.2283438317512304,0.40032248832100437,0.46086766013070923,330.299577135231,2.5136485927368803,Barker_MC_05004
q75,-0.4331677122865918,0.36384804160352596,0.5657028056730148,310.029263752599,3.1000108495692658,Barker_MC_05004
q25,0.14918079281089333,0.5413593750342939,0.5615379612111794,15.406450869663784,3.074295970685906,Barker_MC_03849
q50,-0.26796223893234483,0.4574212070257841,0.5301300992497598,329.63777148900664,2.8871221163852594,Barker_MC_03849
q75,-0.5529296355512008,0.40007962537600533,0.6824916765146579,305.8881211631843,3.915657867608431,Barker_MC_03849
q25,0.23786424117148408,0.43565637031636356,0.49636263983635437,28.634121131155126,2.69857884213645,Barker_MC_07446
q50,-0.17413144689097773,0.49181653925358204,0.5217329480488228,340.5030977020616,2.8390397991037006,Barker_MC_07446
q75,-0.4555824833729197,0.5301818382466743,0.6990337479427294,319.32770447992624,4.04737084356647,Barker_MC_07446
q25,0.17305666477964854,0.5523674266662526,0.5788422784028078,17.395769030037215,3.1825557112836993,Barker_MC_02911
q50,-0.2506382484266212,0.5280304691272385,0.5844961145303673,334.6078856152742,3.2187472435628997,Barker_MC_02911
q75,-0.5400815021529852,0.5114049021064155,0.7437896227202269,313.43779152087825,4.426367390117302,Barker_MC_02911
q25,0.20180650489253465,0.5090790584436343,0.5476197158273228,21.62411047290667,2.989898474037336,Barker_MC_04331
q50,-0.1874812260278656,0.568090702681812,0.5982275959753333,341.7360828382592,3.308368580655032,Barker_MC_04331
q75,-0.45341953201479374,0.6084039606031442,0.7587783940585728,323.3042866574865,4.561067915563406,Barker_MC_04331
q25,0.2630280923963431,0.478599533192014,0.5461147228937093,28.79225629411211,2.980912452569307,Barker_MC_09476
q50,-0.1504031397230423,0.4481993597914951,0.4727618539561489,341.44969109363956,2.574161134195892,Barker_MC_09476
q75,-0.432834854824794,0.4274317630405563,0.6083123569410364,314.6401461144835,3.375774278559144,Barker_MC_09476
q25,0.07305709493522886,0.5811120619562156,0.5856864072789973,7.165600614765335,3.22641887443382,Barker_MC_03297
q50,-0.2554599965246009,0.49969986330340277,0.5612127610895787,332.9226613240647,3.072297097943022,Barker_MC_03297
q75,-0.47988340330400414,0.44408387421170614,0.6538337465300426,312.78115904026345,3.6975391103550894,Barker_MC_03297
q25,0.13199422286898624,0.5175443557827124,0.5341110699782682,14.307673623849494,2.910200967969044,Barker_MC_00293
q50,-0.2842064658523865,0.45877277810917055,0.539671916229027,328.22208031363715,2.942747981708545,Barker_MC_00293
q75,-0.5685301095682137,0.4186235194368577,0.7060255919662872,306.36518308554776,4.104365584449261,Barker_MC_00293
q25,0.20633402266521175,0.3867893995434127,0.43838312981724314,28.077831280124023,2.403116074624358,Barker_MC_03101
q50,-0.18789024875883575,0.42185066794753323,0.4618016150106419,335.9920398191208,2.518348249376919,Barker_MC_03101
q75,-0.4572009066456604,0.4458024485574682,0.6385706634174858,314.27680350862056,3.586372789999914,Barker_MC_03101
q25,0.10572970194621327,0.5252697013736546,0.5358050289562458,11.380791119040445,2.920077210587102,Barker_MC_02172
q50,-0.16217929001014814,0.45354364922869367,0.48166789789633696,340.3238368618852,2.6204231065718178,Barker_MC_02172
q75,-0.3451988352475207,0.40454466136575157,0.5318069376153113,319.5258018506451,2.8968208447564123,Barker_MC_02172
q25,0.23226795944330864,0.4498343734250947,0.5062601786618279,27.30916446859578,2.7525296382784745,Barker_MC_05122
q50,-0.13396857400698192,0.5057664031579863,0.5232085945250048,345.16407371444024,2.8474310136297096,Barker_MC_05122
q75,-0.3841596680494766,0.5439758509677277,0.6659492300408099,324.769985976651,3.7882283655459124,Barker_MC_05122
q25,0.29911382769676575,0.46623904441782693,0.5539385601843032,32.68204191005248,3.0279236493170307,Barker_MC_04431
q50,-0.07644156089279633,0.5057485179166908,0.51149279135356,351.405062846614,2.7814867383233426,Barker_MC_04431
q75,-0.33299874446915867,0.5327390486171606,0.6282507920723646,327.99176778575986,3.513109645465886,Barker_MC_04431
q25,0.14469092609727718,0.4564472221693865,0.4788314220276662,17.588290766258467,2.605599658863004,Barker_MC_06761
q50,-0.18363821336371325,0.40866304138250326,0.44802731479164776,335.80259416857047,2.449918183681451,Barker_MC_06761
q75,-0.407933222476794,0.37601972107700093,0.5547975708662819,312.66886532736305,3.033130158000938,Barker_MC_06761
q25,0.18602118302390402,0.42870846014428515,0.4673273203365035,23.456537271669834,2.546333905703027,Barker_MC_08951
q50,-0.17900876881212213,0.5104965587172443,0.540972158039377,340.6764676700405,2.9504105084543117,Barker_MC_08951
q75,-0.428375597805796,0.5663693403560577,0.7101266665115661,322.8978229717153,4.138168642246067,Barker_MC_08951
q25,0.1811847987954688,0.405059483835617,0.4437354130106487,24.09916732378182,2.42897856660163,Barker_MC_05931
q50,-0.2187312408911286,0.5566526850699614,0.5980849166609793,338.54813913395765,3.3074246438202617,Barker_MC_05931
q75,-0.49193017752291635,0.6602121757327697,0.8233318993841582,323.30986534495275,5.189637239933118,Barker_MC_05931
q25,0.1401129063525311,0.48551125223327407,0.505324452774329,16.097525398410177,2.7473832289316737,Barker_MC_00007
q50,-0.18226915851902992,0.5586285494543586,0.5876120339243538,341.9295463764225,3.2388685888550173,Barker_MC_00007
q75,-0.402501478735773,0.6085779534988798,0.7296400248542898,326.5201344439122,4.3028605672107725,Barker_MC_00007
q25,0.206374998923674,0.4895829972445587,0.5313023163620803,22.85698977128452,2.893898724838126,Barker_MC_06647
q50,-0.18500047655248308,0.4662841085278866,0.5016433456055126,338.35905760135836,2.7272306794529775,Barker_MC_06647
q75,-0.45236500588628814,0.4503676886036309,0.6383299722625271,314.87323194938045,3.584646789048531,Barker_MC_06647
q25,0.12559013193941088,0.3819934546672644,0.4021092894340916,18.199603990585082,2.234949379617183,Barker_MC_03968
q50,-0.19689491353187494,0.48515193038085824,0.5235838065935554,337.910631437957,2.84956859653766,Barker_MC_03968
q75,-0.41719758399103535,0.55562368713159,0.6948176061310335,323.09844905775844,4.013385752020987,Barker_MC_03968
q25,0.13181380400029952,0.5317764550214049,0.5478695803201358,13.921565829399999,2.9913929863633535,Barker_MC_09038
q50,-0.27253840487720554,0.48727222197542946,0.55831120393727,330.78108339201816,3.054519838329782,Barker_MC_09038
q75,-0.5487678693833552,0.45686956757501573,0.7140560035765605,309.7786341405337,4.170817280577024,Barker_MC_09038
q25,0.23653004392860275,0.3698965919681172,0.43905574865897673,32.59684524940272,2.4063510123178866,Barker_MC_03114
q50,-0.13748148289899645,0.45295477732912615,0.47335947064084954,343.11583176269176,2.5772396969156466,Barker_MC_03114
q75,-0.39298399161909325,0.509695206987752,0.6436036215677805,322.3671431583311,3.6226552199259645,Barker_MC_03114
q25,0.2782629820109286,0.45535477339463176,0.5336461906646489,31.428706320842856,2.9074964409855526,Barker_MC_07129
q50,-0.12941862435720414,0.4820114180138733,0.49908334717385233,344.97071896925314,2.7133029523137933,Barker_MC_07129
q75,-0.4079225359067303,0.5002216577678361,0.6454630138130145,320.8033220600875,3.6361521745503866,Barker_MC_07129
q25,0.24465255516918555,0.5677454371069774,0.6182149740232795,23.312150241870206,3.443298740344983,Barker_MC_09633
q50,-0.16290937138521433,0.4683518261722886,0.49587588806478916,340.8205130649168,2.695953044391292,Barker_MC_09633
q75,-0.4413315247790192,0.40045200190759894,0.5959323120922188,312.21973003303714,3.2932160963522916,Barker_MC_09633
q25,0.10025643472940099,0.4986603547959309,0.5086388720397355,11.367852555836672,2.7656556844071023,Barker_MC_00111
q50,-0.20738685020418876,0.5045422949347899,0.5455018176098766,337.65539790387936,2.9772606572455804,Barker_MC_00111
q75,-0.41755050948535344,0.5085604878347981,0.6580138279384758,320.6125005033646,3.7285807149764802,Barker_MC_00111
q25,0.10023385037807889,0.39250514116094215,0.40510135842698214,14.325429493955918,2.2483637217025563,Barker_MC_09652
q50,-0.2233334923260157,0.47707306245860454,0.526760434845069,334.9141700537254,2.867730268545259,Barker_MC_09652
q75,-0.44437552411050485,0.5348448542321675,0.6953622254099762,320.2785231917893,4.017759668216391,Barker_MC_09652
q25,0.2815292939945421,0.5888998460894003,0.6527340745672656,25.550584721799343,3.689415886329354,Barker_MC_09978
q50,-0.1490667751018001,0.5020969018263949,0.5237577705990767,343.4644534977911,2.850560213767485,Barker_MC_09978
q75,-0.443224489523903,0.44279827482522294,0.6265127774450558,314.97243829109163,3.500919173057491,Barker_MC_09978
q25,0.2885933857145583,0.3902518149346559,0.48536854176798966,36.48313134787389,2.6398895615473084,Barker_MC_00153
q50,-0.04285780953072649,0.46057327040942364,0.462563000307422,354.6837542557597,2.522186037329135,Barker_MC_00153
q75,-0.2692856221218641,0.5086127210730226,0.5755012131341372,332.10096358195256,3.1613603525214313,Barker_MC_00153
q25,0.1289783657704107,0.38772522031622214,0.40861505761054484,18.39991375209941,2.2642195164900922,Barker_MC_08124
q50,-0.20443900526549252,0.4503778803559583,0.4946064516237834,335.58538498741774,2.689117043855901,Barker_MC_08124
q75,-0.4322099926281374,0.49317846448212305,0.6557670894125134,318.76943846909876,3.7118640092918813,Barker_MC_08124
q25,0.18675785292803226,0.38447731514093975,0.4274357279033586,25.90792215393681,2.351072144477809,Barker_MC_08349
q50,-0.1908900742363514,0.5130312414970181,0.5473938940049765,339.5906342894961,2.9885484102900657,Barker_MC_08349
q75,-0.44887675614929023,0.6008516650235285,0.7500087103311907,323.23778622353825,4.481767145010312,Barker_MC_08349
q25,0.25196152930627713,0.5016568999208253,0.5613771080909257,26.66848759829282,3.0733071095568962,Barker_MC_03863
q50,-0.15757733230298532,0.6075893276405033,0.6276905341952866,345.4607582196609,3.5091753553907137,Barker_MC_03863
q75,-0.4373500105599636,0.6799560839989621,0.8084647845787742,327.25074143284047,5.037598946966163,Barker_MC_03863
q25,0.24937544609709175,0.3853677391367734,0.45901678344425684,32.907323173416735,2.5043608865849736,Barker_MC_02505
q50,-0.07137783890251348,0.48882982067591757,0.49401355190768087,351.6925080848921,2.6859301802561135,Barker_MC_02505
q75,-0.29049747324305547,0.5595089829329666,0.6304276992195714,332.5616276387092,3.528438417557725,Barker_MC_02505
q25,0.3720381160893834,0.28646645224592,0.46954806791818604,52.404008956095005,2.5576685882652557,Barker_MC_04425
q50,-0.08601426865544956,0.39675255449622726,0.4059692647376321,347.7678130691577,2.2522698489997137,Barker_MC_04425
q75,-0.3989285106848791,0.47209348326632755,0.6180746019533483,319.8015162015454,3.4423321900848447,Barker_MC_04425
q25,0.10084109320812251,0.48468826669982995,0.49506731053049213,11.752922076090378,2.691596793576774,Barker_MC_07222
q50,-0.26397429235310915,0.552779215573422,0.6125743123844588,334.4736494447548,3.4046720637879537,Barker_MC_07222
q75,-0.5131945423844667,0.5992949163217414,0.7890012896455146,319.42554624946524,4.845268100396971,Barker_MC_07222
q25,0.146371528488509,0.347845321793829,0.3773870589274556,22.821108569272692,2.127130988174689,Barker_MC_06550
q50,-0.18033923474277722,0.43867008768676174,0.47429282665745826,337.6522170540283,2.582055154408254,Barker_MC_06550
q75,-0.403528665131454,0.5007161848656237,0.6430801515901099,321.13455561691967,3.618864502105017,Barker_MC_06550
q25,0.2908261767039305,0.489132565205199,0.5690610963687854,30.734673979939853,3.120902406136021,Barker_MC_07874
q50,-0.15461000179077233,0.5152332397694727,0.5379307985392634,343.29667194175056,2.9325184617087334,Barker_MC_07874
q75,-0.45890559943033443,0.5330636737323616,0.7033855482177298,319.27539006676847,4.082751287947556,Barker_MC_07874
q25,0.15645903474926823,0.48698202037140925,0.5114986976715507,17.811327960776868,2.7815195952077323,Barker_MC_09022
q50,-0.20717628545184308,0.5093728417898792,0.5498933580311012,337.8670393622505,3.0035253519120038,Barker_MC_09022
q75,-0.45559038476768166,0.5246689239541057,0.694866950182496,319.03095032593734,4.013781844991671,Barker_MC_09022
q25,0.2392041761709635,0.4822356285142564,0.5383027394563111,26.382870809639396,2.9347007204912496,Barker_MC_01323
q50,-0.20314386167495685,0.549654576112345,0.5859928170015872,339.71646428160625,3.2283966926191923,Barker_MC_01323
q75,-0.5053298246470074,0.5957112054165017,0.781172242169777,319.69272891998594,4.769991315933385,Barker_MC_01323
q25,0.06881118406488851,0.47465746504911865,0.47961931589466583,8.248714544134122,2.6097087675363957,Barker_MC_06709
q50,-0.2488516030444867,0.5682267326499169,0.6203295414824372,336.34926368251973,3.457891751437988,Barker_MC_06709
q75,-0.4658599923898659,0.6321477107381832,0.7852619058002316,323.6117159877308,4.809166631394259,Barker_MC_06709
q25,0.07387045449767862,0.4424718783256471,0.4485958171413548,9.478088115242258,2.452705336372066,Barker_MC_09226
q50,-0.240187463090285,0.5183397596599809,0.5712846259703772,335.1380111646901,3.134812149706406,Barker_MC_09226
q75,-0.45473321922715926,0.570168199752781,0.7292969742690715,321.42616040573813,4.299909382060944,Barker_MC_09226
q25,0.022435253988428605,0.597036870661351,0.5974582542325648,2.1520292799407414,3.3032819629068393,Barker_MC_03922
q50,-0.28324442298649793,0.5852333222469013,0.6501733958115324,334.17369250406875,3.670569369634558,Barker_MC_03922
q75,-0.4920666616867604,0.5771698375268671,0.7584554178686727,319.5507193472815,4.5581226342470655,Barker_MC_03922
q25,0.1838756467951115,0.5242033902102696,0.5555172794722598,19.329420055804952,3.0374992414690727,Barker_MC_01940
q50,-0.252976652283715,0.5863814903547654,0.6386238633431666,336.66367070262277,3.5867543998329516,Barker_MC_01940
q75,-0.5514082522440876,0.6288578832860748,0.8363691158895825,318.75439389552986,5.326733677136217,Barker_MC_01940
q25,0.24938931492628513,0.4368909497115875,0.5030593725787192,29.7189076670239,2.734965291110597,Barker_MC_03687
q50,-0.17491071554962678,0.520708816893697,0.5493008560023516,341.4323427890171,2.9999682701775785,Barker_MC_03687
q75,-0.4647673495313397,0.5779682161487055,0.7416575679304455,321.1958473623123,4.4075330588906745,Barker_MC_03687
q25,0.24286667056075273,0.5225346490071701,0.5762175622820876,24.928334679332746,3.165892874203966,Barker_MC_07791
q50,-0.15624735473899007,0.43651954638632406,0.4636405399016073,340.3057324264685,2.527627409154994,Barker_MC_07791
q75,-0.42889840267438095,0.37775912610234424,0.571538097741736,311.37250180647686,3.1364017253618472,Barker_MC_07791
q25,0.09496107634916393,0.5361025473894753,0.544447928950856,10.044743798230758,2.970991863693649,Barker_MC_05595
q50,-0.2553749112518802,0.5040502885071778,0.5650513592949538,333.1311428299858,3.0959744979271058,Barker_MC_05595
q75,-0.49470369474218157,0.48215408486865224,0.690799759081525,314.26396642206896,3.981264642366567,Barker_MC_05595
q25,-0.0037456391285063395,0.5208463873877849,0.5208598554960705,359.58796754799397,2.834086635921042,Barker_MC_04717
q50,-0.2654739540995091,0.4985055454996921,0.564786861744476,331.9629302229341,3.0943371756909217,Barker_MC_04717
q75,-0.44427122712847555,0.4832436063885003,0.6564307323469898,317.4060425265402,3.7167939849586507,Barker_MC_04717
q25,0.10570697872344154,0.45230666021263494,0.4644946503712891,13.154294206697278,2.531948845155118,Barker_MC_04611
q50,-0.21432603498266298,0.47424326932708144,0.5204251413733088,335.68023415814827,2.8316236717899503,Barker_MC_04611
q75,-0.4329536226635486,0.4892290605648386,0.6532946602251123,318.4920972020796,3.6935546733038414,Barker_MC_04611
q25,0.10294938076983204,0.3709392059615789,0.3849603479844366,15.511306652277623,2.1595949824060434,Barker_MC_03882
q50,-0.16021138575124025,0.5253674864812331,0.549252841572933,343.04085817396964,2.999680200479769,Barker_MC_03882
q75,-0.3399872247826162,0.6308637352861266,0.7166452159294369,331.67873382211184,4.192471562971182,Barker_MC_03882
q25,0.14948440052785367,0.5652094560426489,0.5846428954508888,14.814176555603215,3.2196922836366366,Barker_MC_07475
q50,-0.23363380148937662,0.5992454403640376,0.6431794858322728,338.7001853132569,3.6195835278521433,Barker_MC_07475
q75,-0.4953574509769406,0.6224968076537983,0.7955383584576813,321.48866328069136,4.909031721272335,Barker_MC_07475
q25,0.13864139180562016,0.3237787657796106,0.35221318074650104,23.1805080307338,2.0226860614525997,Barker_MC_02455
q50,-0.18688253063448163,0.4180703292185937,0.45793872999484475,335.9147748941517,2.498967033751492,Barker_MC_02455
q75,-0.4092611817346935,0.48248473701545674,0.6326817812516433,319.694172885697,3.5443811059607913,Barker_MC_02455
q25,0.008074471761361335,0.5012131137186766,0.5012781487934579,0.9229469965643803,2.725239454830636,Barker_MC_08801
q50,-0.1864770117221326,0.48401844846666825,0.5186979220672637,338.92990275968685,2.8218588772951736,Barker_MC_08801
q75,-0.31938305482428087,0.47227207223662365,0.5701284468640065,325.93072175879183,3.127571715551539,Barker_MC_08801
q25,0.30913862227144384,0.4801542098078087,0.5710645786389204,32.77472890398462,3.1334328391459536,Barker_MC_09513
q50,-0.12696132727031256,0.44241335960870337,0.46027031121124823,343.9878738537734,2.5106473353501606,Barker_MC_09513
q75,-0.42487896661619196,0.4166310475262587,0.5950660182161899,314.438443020446,3.2875152505128065,Barker_MC_09513
q25,0.27282896492603914,0.5712431015643128,0.6330515975711851,25.529407146612165,3.5470036156394333,Barker_MC_08195
q50,-0.12472377223795578,0.5195796483132485,0.5343398078962343,346.5016958598107,2.911532619165494,Barker_MC_08195
q75,-0.3963082406513139,0.4842862389716831,0.6257742267507331,320.70534604820034,3.4957517778083123,Barker_MC_08195
q25,0.2893389608992856,0.41202219618381425,0.5034673022574672,35.07811151464183,2.737197548616042,Barker_MC_09651
q50,-0.11783326618380102,0.535618377912597,0.5484265906912831,347.59286481382804,2.994727317110487,Barker_MC_09651
q75,-0.39598919999498516,0.6200519641386318,0.7357118218058234,327.43612237745094,4.355431311409517,Barker_MC_09651
q25,0.2966843468370615,0.4728530958291715,0.5582218661906442,32.10557852354923,3.053974119245787,Barker_MC_03852
q50,-0.09433387474803001,0.49033194289590554,0.49932383695258387,349.1100478830451,2.714608309466948,Barker_MC_03852
q75,-0.36145434939669874,0.5022724552992679,0.6188108483617153,324.2597745950626,3.447404733232692,Barker_MC_03852
q25,0.17065039364124426,0.5676957738068951,0.592790054275644,16.730874623441018,3.2725847253015674,Barker_MC_08319
q50,-0.19439611433838389,0.5227124744912395,0.5576900395906463,339.5998952689535,3.0507274768580226,Barker_MC_08319
q75,-0.4437742535081395,0.491982550408031,0.6625574827761718,317.94915533878566,3.762617901580769,Barker_MC_08319
q25,0.07699696077777679,0.5416840171138638,0.5471289668493409,8.090037639647866,2.986965334467242,Barker_MC_09463
q50,-0.26329791483317777,0.4915319957334748,0.5576105224843161,331.82347472335647,3.0502423453929715,Barker_MC_09463
q75,-0.4957672057148732,0.4572711070684579,0.6744493958941222,312.6869077148798,3.8531800400399505,Barker_MC_09463
q25,0.15211076467851872,0.5160112188851613,0.537963997630356,16.42456246509407,2.9327131820682824,Barker_MC_06578
q50,-0.25281449404139344,0.49166701819779646,0.5528576898089761,332.787835702062,3.021385133209066,Barker_MC_06578
q75,-0.5294354322371339,0.47503650308729733,0.7113097469974164,311.9000754316676,4.147971808742885,Barker_MC_06578
q25,0.04405515496264126,0.41689202328197017,0.4192133296484227,6.032355462087713,2.312725407798626,Barker_MC_02991
q50,-0.21373462996403336,0.5368500890875,0.5778325970375148,338.2911525966517,3.176135461480628,Barker_MC_02991
q75,-0.38984133269017823,0.6187983301336943,0.7313601288352427,327.7891793444732,4.317688793860378,Barker_MC_02991
q25,0.011367976248823963,0.46483933942437733,0.46497832461361605,1.4009297429633272,2.5343993070679214,Barker_MC_08296
q50,-0.311152666409906,0.4523756578137279,0.5490534742594726,325.479059645988,2.99848436254099,Barker_MC_08296
q75,-0.5314796547578023,0.44386120921793004,0.6924473961752444,309.8666892364116,3.9944056406808692,Barker_MC_08296
q25,0.3113524566210425,0.4256612048506455,0.5273782452461054,36.183829137403585,2.8712758857879095,Barker_MC_09493
q50,-0.0886313832166422,0.5020276732426329,0.5097914346007659,349.9877850768148,2.7720382202498692,Barker_MC_09493
q75,-0.36187663689336524,0.5541967184636395,0.6618826958646971,326.85646505068564,3.75754339593523,Barker_MC_09493
q25,0.09118818470341822,0.518898959791338,0.5268504678768325,9.967045304482482,2.868246695940102,Barker_MC_03910
q50,-0.23056830750197244,0.5346644674788248,0.5822609700200928,336.6723979575178,3.2043906261226636,Barker_MC_03910
q75,-0.4503732735487813,0.5454345279621629,0.7073435585487103,320.45301388913947,4.115198689211528,Barker_MC_03910
q25,0.18141515860747937,0.4921878424633681,0.5245572724129579,20.233345345124167,2.855121916007718,Barker_MC_00852
q50,-0.1883783773863988,0.4089994320559205,0.4502965117439819,335.2699839965231,2.461062146151186,Barker_MC_00852
q75,-0.44099940475506416,0.35217004036356947,0.5643617743291967,308.60990515892655,3.0917075660792297,Barker_MC_00852
q25,0.015312871038739989,0.5530662512249275,0.5532781960853361,1.585956101107109,3.0239272248483506,Barker_MC_02025
q50,-0.2664854326080906,0.4951972144359639,0.5623475499879582,331.7135277179818,3.079277833886741,Barker_MC_02025
q75,-0.4589933324194816,0.4556645182054243,0.6467650518982315,314.7914781324555,3.645633331249508,Barker_MC_02025
q25,0.08219932140341982,0.47877534169944586,0.4857803580411664,9.741941076721233,2.6420647561665533,Barker_MC_02979
q50,-0.31362305560204756,0.5129860313594666,0.6012604172695062,328.55973442928644,3.328496946037383,Barker_MC_02979
q75,-0.5840254445077415,0.5363567469823814,0.7929465807139768,312.5637162502485,4.8836513201437715,Barker_MC_02979
q25,0.023411933446505162,0.5713442055077704,0.5718236789387171,2.346492588650919,3.1381936317657937,Barker_MC_07611
q50,-0.25424460921135883,0.5053336873090174,0.56568759650744,333.29201536811075,3.0999165538468434,Barker_MC_07611
q75,-0.4439231033833675,0.4602392134976011,0.639443394960344,316.0338218869863,3.5926381376923455,Barker_MC_07611
q25,0.13804449216213144,0.4761784025444677,0.4957843814261416,16.166915204263947,2.6954596943353866,Barker_MC_09760
q50,-0.15565615418332684,0.5355295421213707,0.5576923245122427,343.7930505718889,3.0507414182360706,Barker_MC_09760
q75,-0.3562950291144966,0.5760747231373703,0.6773538472685439,328.2637260078907,3.8756279238310567,Barker_MC_09760
q25,0.2981427661072925,0.4434611114765865,0.5343658544238743,33.913284016869376,2.911684293745736,Barker_MC_00178
q50,-0.14008502596733166,0.4995711655361237,0.5188402104072015,344.33594312793633,2.822662026798941,Barker_MC_00178
q75,-0.4394562812215776,0.5379022290149247,0.6945938605288149,320.75180607607933,4.011590198974005,Barker_MC_00178
q25,0.28148058716866925,0.5398401877834181,0.6088175008151909,27.53819659971993,3.3791865053290464,Barker_MC_09948
q50,-0.21399143363748346,0.5108671071027765,0.5538750173006408,337.27222028606406,3.0275388677673036,Barker_MC_09948
q75,-0.5524685532877068,0.49107441551905956,0.7391722288811977,311.63303281967535,4.385678990612582,Barker_MC_09948
q25,0.1705877460603925,0.4399583061125199,0.47187232407014795,21.19311324146183,2.56958561893977,Barker_MC_08368
q50,-0.15239238210866834,0.5328657708001594,0.5542286241391745,344.0401889623863,3.0296807419545297,Barker_MC_08368
q75,-0.37303326372505796,0.5963346443609944,0.7033980550943557,327.97222905297656,4.082853414158135,Barker_MC_08368
q25,0.15108274637135305,0.36759059283341755,0.39742777984274574,22.34306406961619,2.2141211653488693,Barker_MC_03029
q50,-0.17260967544232877,0.46635742366337846,0.49727592608354765,339.6893205589678,2.703512496490393,Barker_MC_03029
q75,-0.3937371538614686,0.5338290689076722,0.6633267830728397,323.5885688414484,3.7684115236088487,Barker_MC_03029
q25,0.3150293711377719,0.46670889917613173,0.5630814339415363,34.01942287477634,3.0838008176017033,Barker_MC_08194
q50,-0.1417114458993002,0.5017271888235333,0.5213562178622556,344.2278150516558,2.8369015007800114,Barker_MC_08194
q75,-0.45372970260300566,0.5256496088940845,0.6943904912617367,319.19992932471445,4.009958862443043,Barker_MC_08194
q25,0.09469134297448056,0.5315236846618099,0.5398924687294478,10.101311682537242,2.9440463288921594,Barker_MC_00480
q50,-0.23282576801884072,0.507529860039483,0.5583855272885035,335.35704108802656,3.054973916379137,Barker_MC_00480
q75,-0.4565660474090131,0.49113870109100377,0.6705742161431854,317.08924680476673,3.8234319376572934,Barker_MC_00480
q25,0.06836499553188055,0.5477866824816786,0.5520362507284802,7.113858607573576,3.0164254407585154,Barker_MC_06956
q50,-0.23691368931238402,0.500584065270546,0.5538163076204881,334.6729983523005,3.027183396960136,Barker_MC_06956
q75,-0.44546199395443664,0.4683380347326743,0.6463566374959928,316.43404119629383,3.6426566888031298,Barker_MC_06956
q25,0.1774024773424827,0.4092482433173978,0.4460445758280512,23.435949846181913,2.4402223242645094,Barker_MC_01547
q50,-0.1932151439516021,0.46135340128401464,0.5001790206801635,337.2760286306939,2.719255260036643,Barker_MC_01547
q75,-0.44639913755659755,0.49694855710888897,0.6680045347330217,318.0672689359901,3.8038323415689677,Barker_MC_01547
q25,0.23615450006387384,0.5432670197814187,0.5923748835683385,23.494259063731267,3.2698684905285003,Barker_MC_09425
q50,-0.18946980032401056,0.5832556398831178,0.6132584664644146,342.0036826265948,3.4093338930368096,Barker_MC_09425
q75,-0.4802310970245479,0.6105734951452328,0.7768023555083149,321.8140773613293,4.728484318160025,Barker_MC_09425
q25,0.14303314444187162,0.48488255576416883,0.5055388939471637,16.435275517223914,2.7485617858084037,Barker_MC_04365
q50,-0.23440766202272845,0.5342072921700781,0.5833732793183528,336.30835861878,3.2115271081321857,Barker_MC_04365
q75,-0.49225285134892416,0.5679030287709357,0.7515495457708349,319.08157094040746,4.4955997791747615,Barker_MC_04365
q25,0.11261993381680488,0.5752656358754323,0.5861858078391756,11.076721767449675,3.2296430350999503,Barker_MC_09064
q50,-0.1762872468838547,0.5374969041529242,0.5656678489960932,341.8416392120765,3.0997941249898817,Barker_MC_09064
q75,-0.3736515101791264,0.5116955450661351,0.6335990703115583,323.8622468429406,3.550889518256087,Barker_MC_09064
q25,0.3213707193953927,0.5423762018211573,0.6304372162132063,30.647743802045653,3.528505578448814,Barker_MC_02355
q50,-0.1677472264920191,0.47145484116503195,0.5004086322733754,340.41405366976807,2.7205042918720963,Barker_MC_02355
q75,-0.5018836187424635,0.4230055708358972,0.6563694689123144,310.1253945962395,3.7163386057263175,Barker_MC_02355
q25,0.1946256222064986,0.49709333609128,0.5338360400025695,21.381700448289102,2.9086006231491943,Barker_MC_02103
q50,-0.18043631478949212,0.4538666778824168,0.48841808421354976,338.319529022726,2.656039672471384,Barker_MC_02103
q75,-0.4366564014823471,0.42433678689314336,0.6088764420359106,314.18023305551446,3.37958487556434,Barker_MC_02103
q25,0.17147858523621395,0.5633029224395687,0.5888251757725481,16.931103090247756,3.246736543992748,Barker_MC_09605
q50,-0.22960183700814651,0.5467735652633782,0.5930247340780493,337.22143002047557,3.2741211049040007,Barker_MC_09605
q75,-0.5035962107943498,0.5354816880801545,0.7350848806740614,316.75764508833794,4.349973535757257,Barker_MC_09605
q25,0.17142356754601426,0.45816565002875054,0.48918483457326273,20.513433749683053,2.6601158358208568,Barker_MC_00231
q50,-0.16740634290494572,0.5780515962590429,0.6018043964465828,343.84874582448344,3.3321201827045104,Barker_MC_00231
q75,-0.39887485641290343,0.6599505694857204,0.7711263873341003,328.85118798772686,4.675110387064518,Barker_MC_00231
q25,0.0471199572474367,0.5183057847057716,0.5204432503457662,5.194565905848445,2.831726229237314,Barker_MC_05327
q50,-0.2432804042998598,0.49967802680593887,0.5557548790509893,334.03973819973356,3.0389430015590215,Barker_MC_05327
q75,-0.44166472025373416,0.4869526466134943,0.6574120512743099,317.79205717378994,3.724095868664243,Barker_MC_05327
q25,0.26645236177735865,0.4653268966857863,0.5362144924150753,29.796025466536044,2.92246951984602,Barker_MC_02394
q50,-0.12145526810754911,0.5216995838274632,0.535650854490894,346.8945854989097,2.919176946706481,Barker_MC_02394
q75,-0.38645077086098745,0.5602100626626003,0.6805729296757886,325.40084994546794,3.9006603501414228,Barker_MC_02394
q25,0.14571591267180473,0.45427501267613035,0.47707327985087933,17.78446705082288,2.596453718837332,Barker_MC_04245
q50,-0.22640969031574493,0.425435477529482,0.48193017482785816,331.9788340400916,2.6217980202117794,Barker_MC_04245
q75,-0.48062384764069926,0.4057340163397936,0.628982809730258,310.1704561573606,3.5182567288916795,Barker_MC_04245
q25,0.2443231781815973,0.3311285981363651,0.4115093727978877,36.42175472501404,2.2773642546688126,Barker_MC_00704
q50,-0.06229426513669247,0.44560690252613766,0.4499400927321984,352.0418280284042,2.4593084326061576,Barker_MC_00704
q75,-0.2717571302244754,0.5238116953401633,0.5901106930085054,332.5794034312806,3.255094755589514,Barker_MC_00704
q25,0.1679752215762081,0.5089158770421676,0.5359207450446146,18.266238477366578,2.9207530886191355,Barker_MC_05114
q50,-0.2325082291737638,0.48101472991533545,0.5342614032746915,334.202257087524,2.911076099733433,Barker_MC_05114
q75,-0.5060947874154986,0.46195431980567553,0.6852253114386998,312.3892729980191,3.9371244541425456,Barker_MC_05114
q25,0.11021511413625207,0.46822275359394117,0.4810196652603297,13.245743836903197,2.6170280202974325,Barker_MC_07240
q50,-0.21070907812381492,0.5117347989280105,0.5534174012783474,337.62036762585586,3.0247692348010435,Barker_MC_07240
q75,-0.42994546617560436,0.5414596494872872,0.6913983337468016,321.5487046951157,3.98603366471432,Barker_MC_07240
q25,0.05880513980254079,0.5487639019377896,0.5519056663390803,6.116433348376305,3.015637747474736,Barker_MC_01427
q50,-0.24910308044780635,0.4501159674711992,0.5144479846020586,331.0389904641566,2.7979750782153863,Barker_MC_01427
q75,-0.4594477278355522,0.3827255451757716,0.5979724555055552,309.79470932683483,3.3066808138815276,Barker_MC_01427
q25,0.10490836977616144,0.4548241661862795,0.4667663100483327,12.988510474654067,2.5434784688955845,Barker_MC_07628
q50,-0.2134222493820097,0.5328303021680998,0.5739836125185329,338.17170089919927,3.151779534897119,Barker_MC_07628
q75,-0.4308868620029611,0.5861194711088827,0.7274610108175663,323.6784621460913,4.284149381612998,Barker_MC_07628
q25,0.1126551490584656,0.3413420786833143,0.35945180106549895,18.264746189334343,2.052181968803625,Barker_MC_02200
q50,-0.25821437805144115,0.4144574733892408,0.4883130781380792,328.0763596108243,2.6554819304351356,Barker_MC_02200
q75,-0.5115704587801935,0.4644055777481619,0.690924652143909,312.2332846422648,3.982259231245339,Barker_MC_02200
q25,0.22950280916124935,0.3751724298876432,0.4398021049980359,31.45521841028522,2.409945685221417,Barker_MC_02169
q50,-0.16618723864578283,0.43285615573102876,0.4636622152418234,338.99661657274055,2.527736985898156,Barker_MC_02169
q75,-0.43649922808581354,0.4722622585063075,0.6430888095193302,317.253631910578,3.6189271663929925,Barker_MC_02169
q25,0.21033237661011434,0.33686371430865025,0.39713583402694713,31.980003818283407,2.212828735885173,Barker_MC_02069
q50,-0.12611013764381096,0.45673719422890335,0.4738276389243582,344.56458846863865,2.5796539908052742,Barker_MC_02069
q75,-0.35594772356291826,0.5386276512113984,0.6456148453676787,326.54160078297645,3.6372565074898024,Barker_MC_02069
q25,0.17368961384948683,0.3997467917376317,0.4358504095027483,23.48490200564865,2.39097401123682,Barker_MC_00453
q50,-0.18655207219718684,0.45519738018992495,0.49194138936750936,337.71486834138767,2.6748218466180727,Barker_MC_00453
q75,-0.43264784178802546,0.4930779358501711,0.6559801870682542,318.73488982931406,3.713446325493421,Barker_MC_00453
q25,0.3765834270570715,0.43279219104783606,0.573693435700667,41.02735443368333,3.149950918858324,Barker_MC_02535
q50,-0.17109312377919117,0.4548538123618995,0.4859679491743007,339.38622512847667,2.6430561979834644,Barker_MC_02535
q75,-0.5452332843586184,0.4699250045253812,0.7197977801095705,310.7573538287458,4.218989144851572,Barker_MC_02535
q25,0.1467557641636819,0.5689583000050588,0.5875804638174356,14.463478606011813,3.2386640924557697,Barker_MC_09235
q50,-0.22575652799738033,0.5025220188410844,0.5509032486322359,335.808141380874,3.009597946550148,Barker_MC_09235
q75,-0.48023484844790837,0.4571366890053715,0.6630229725270304,313.58843667217167,3.766122452799485,Barker_MC_09235
q25,0.20226827989843613,0.44974465081477755,0.49313558783521017,24.21536861956617,2.681218018177008,Barker_MC_09532
q50,-0.21824335170616105,0.5341999546012062,0.5770613070202072,337.7779014180189,3.171239795279775,Barker_MC_09532
q75,-0.5055119761046841,0.5918948127655563,0.778384112995657,319.5007808884492,4.743466635004897,Barker_MC_09532
q25,0.25962018987684066,0.5295200764995175,0.5897407518628348,26.118407497498104,3.2526872593649547,Barker_MC_03969
q50,-0.21290975522219796,0.5914685255571,0.6286219695440705,340.2027456558336,3.51571858803884,Barker_MC_03969
q75,-0.5357142084491856,0.63378803447648,0.8298656432097291,319.79357730067557,5.257897786061197,Barker_MC_03969
q25,0.3395828184853285,0.5912266145511234,0.6818103844647881,29.871766212422877,3.9103260877821455,Barker_MC_04324
q50,-0.0892814413993086,0.5151576265100405,0.5228370261657035,350.16779083517116,2.845315769145062,Barker_MC_04324
q75,-0.3822560864064969,0.46319180223410933,0.6005550443145853,320.46832790466885,3.323804593221839,Barker_MC_04324
q25,0.0906217265571076,0.4676733358076365,0.47637238201813664,10.966379573542984,2.592816571133168,Barker_MC_06336
q50,-0.24537230016769834,0.48924879332482624,0.5473316612981434,333.3649222727785,2.9881764625237137,Barker_MC_06336
q75,-0.47490350598726266,0.5039878671955813,0.692486180569219,316.70184465495095,3.9947154939023077,Barker_MC_06336
q25,0.2525745386281562,0.5157807885731563,0.5743028116110637,26.090694711152537,3.153792267626014,Barker_MC_06608
q50,-0.18089085781502795,0.5847516466375058,0.612091488820365,342.81073169379175,3.401385938861038,Barker_MC_06608
q75,-0.477008726625087,0.6318684491956845,0.791703898162341,322.95019609404187,4.871528734342136,Barker_MC_06608
q25,0.036313675529804856,0.5669673450976237,0.568129081668534,3.6647300014922397,3.1150903708800577,Barker_MC_07472
q50,-0.23508843272907382,0.5052650518386729,0.5572785154772693,335.0485033957528,3.0482176140286437,Barker_MC_07472
q75,-0.4204942679990411,0.4631137019720897,0.6255315582561306,317.7614312455371,3.494055571814513,Barker_MC_07472
q25,0.27783126266381597,0.44874721696605413,0.5277918863038245,31.7627445025488,2.8736522237921465,Barker_MC_02092
q50,-0.12594024371018916,0.5766812211129078,0.5902729671686281,347.6807095239433,3.2561513625754173,Barker_MC_02092
q75,-0.40177300668223703,0.6640781505267855,0.7761580630938268,328.8257001700339,4.722395189025863,Barker_MC_02092
q25,0.22394557332472542,0.5231289987823582,0.5690479498063169,23.17521625272909,3.1208203489379147,Barker_MC_09359
q50,-0.2144790792772579,0.4096790241531355,0.46242640309424987,332.36661321476663,2.521497084274886,Barker_MC_09359
q75,-0.5139848179765325,0.3321767252858624,0.6119818379102508,302.87366902631135,3.4006400905192855,Barker_MC_09359
q25,0.22601963264960717,0.4323334265693535,0.4878494297139866,27.600122736692573,2.6530206517549786,Barker_MC_09023
q50,-0.1379079826545166,0.5120957902214512,0.5303401833185668,344.9277521960038,2.8883354479917553,Barker_MC_09023
q75,-0.386521760661383,0.5665847098208453,0.6858697433678985,325.69835227861574,3.9422021430794714,Barker_MC_09023
q25,0.22039759188879277,0.4410924921015611,0.4930899361158617,26.54960152991829,2.6809732249274547,Barker_MC_08852
q50,-0.15913288923818986,0.424543917785313,0.4533881500059266,339.4523654006826,2.4763267178431607,Barker_MC_08852
q75,-0.4184056204457182,0.41323891259093737,0.5880728374103898,314.6440465442086,3.241854928632538,Barker_MC_08852
q25,0.0676962401154089,0.385614421635629,0.39151151081308416,9.957053647253742,2.1880768812520395,Barker_MC_01966
q50,-0.2428840115992855,0.5500555570581556,0.601293405037108,336.1755357008136,3.3287165526490736,Barker_MC_01966
q75,-0.4550540325211322,0.6623919949043711,0.80364004842164,325.5114793863501,4.989222554098096,Barker_MC_01966
q25,0.0586935434471251,0.5475642392594551,0.5507009425796957,6.118187705797561,3.008380473108404,Barker_MC_08089
q50,-0.23065632283769397,0.4937484130066103,0.5449677372207943,334.9602033066988,2.974082162059297,Barker_MC_08089
q75,-0.4283230026875739,0.4569846299941558,0.626335011541104,316.85428978368844,3.4996747061714593,Barker_MC_08089
q25,0.12978186342708742,0.4859092048483694,0.5029424295393876,14.954100852282242,2.734325695602537,Barker_MC_05472
q50,-0.19751277859582345,0.4860266455771261,0.5246267224604519,337.8840301079983,2.8555185202566005,Barker_MC_05472
q75,-0.42110108037040095,0.48610687412269465,0.6431376314277187,319.09851204043366,3.6192805495067146,Barker_MC_05472
q25,0.03913566686862038,0.5606529943870675,0.5620172422056433,3.992981835928222,3.0772442867922423,Barker_MC_00375
q50,-0.24758211657274826,0.5139596085262773,0.5704834648288468,334.2791798085574,3.1297931924130973,Barker_MC_00375
q75,-0.44345071341870324,0.4820614546665256,0.655005176549593,317.3888939914868,3.706212082792869,Barker_MC_00375
q25,0.04528289990660028,0.48565738715927803,0.48776391699912375,5.32688140263611,2.6525669565557553,Barker_MC_02585
q50,-0.21202065582124732,0.48492171644949544,0.5292464733743595,336.3837733755417,2.882024350614813,Barker_MC_02585
q75,-0.38779519557592707,0.484419149821307,0.6205215761159071,321.321454337072,3.459220076456199,Barker_MC_02585
q25,0.10385224155071826,0.5626214569405192,0.572126027973716,10.458300391442261,3.140091865269428,Barker_MC_00614
q50,-0.25001110673600524,0.5232617214914371,0.5799210141644675,334.46182709397596,3.189429396826345,Barker_MC_00614
q75,-0.4917495739919278,0.49637348295210637,0.6987161641891846,315.2681128961158,4.044800901375782,Barker_MC_00614
q25,0.15270421381528768,0.5649595239854275,0.5852331506833716,15.125184030607718,3.223495408444085,Barker_MC_02089
q50,-0.21862902333099582,0.5007047268264856,0.5463550798785078,336.4118674518214,2.9823457633060486,Barker_MC_02089
q75,-0.4723018832740624,0.45680965757377207,0.6570723949435807,314.04472513890624,3.7215669022648745,Barker_MC_02089
q25,0.23738297152037835,0.6055558060319387,0.6504217934439434,21.40559733692468,3.67239334415003,Barker_MC_08893
q50,-0.14406145752156263,0.5052184132540617,0.5253564015353661,344.0846646309412,2.859688786697154,Barker_MC_08893
q75,-0.40464168451131827,0.43667385316888974,0.5953309557595021,317.1804209319888,3.2892576845363726,Barker_MC_08893
q25,0.20620766517536177,0.5769725613549728,0.6127144014413175,19.666684524849124,3.40562611203009,Barker_MC_02487
q50,-0.22623404311897652,0.5018773009110035,0.5505112782093323,335.73531006905125,3.007239524342923,Barker_MC_02487
q75,-0.5216525888563065,0.4505766696198522,0.6893045471097693,310.81876554608516,3.9693767570221485,Barker_MC_02487
q25,0.16085342010635947,0.4169153714175986,0.44686938772328894,21.09750798347148,2.4442510951291876,Barker_MC_04255
q50,-0.24204906042220287,0.5470108937551692,0.5981711005540975,336.1308954923812,3.307994786419958,Barker_MC_04255
q75,-0.5172881564408907,0.635884444291013,0.8197170629462984,320.87185387490797,5.152253160510219,Barker_MC_04255
q25,0.2614300596236212,0.5008447003733503,0.5649699903241597,27.563581338630947,3.0954707064042135,Barker_MC_01925
q50,-0.21990939892515166,0.49238729266744474,0.5392637478228973,335.9335653531774,2.940346688467262,Barker_MC_01925
q75,-0.5487319896306884,0.4866096929649532,0.733413791615279,311.56627061948427,4.335459417289043,Barker_MC_01925
q25,0.1899007251200433,0.4002373149631753,0.4430036046016445,25.382951223730274,2.4254260730997586,Barker_MC_07849
q50,-0.16579663156571217,0.4974738852885037,0.5243746652752933,341.5679532717156,2.8540793751131837,Barker_MC_07849
q75,-0.4087879846643281,0.5639001472494392,0.6964847395843372,324.0605270382947,4.02678978521145,Barker_MC_07849
q25,0.09269357369248887,0.4599728151679741,0.46921965996475057,11.393630210851674,2.5559892224294503,Barker_MC_03764
q50,-0.21426462574760402,0.43094291288652736,0.481270323221665,333.56345537031996,2.6183403070217146,Barker_MC_03764
q75,-0.42396027522233065,0.4111114041527661,0.5905547405542125,314.1184852583497,3.2579868733117308,Barker_MC_03764
q25,0.07864598411846344,0.438073353532745,0.445076907841091,10.177719796413108,2.435504241226554,Barker_MC_09669
q50,-0.30237932004270146,0.5127135828100503,0.5952381634164637,329.46948394582364,3.2886473053218315,Barker_MC_09669
q75,-0.5626732257540366,0.5637033637763076,0.7964688577170969,315.05240036510423,4.918175928073068,Barker_MC_09669
q25,0.22501652330612842,0.37032393584563006,0.43332695879782945,31.283735649185914,2.3789374004714574,Barker_MC_08784
q50,-0.15056552351678182,0.43771443816190875,0.4628864939132249,341.01774778762234,2.52381838743846,Barker_MC_08784
q75,-0.40714091841822353,0.48375163533538934,0.6322810863374755,319.9149571168729,3.5415418128369995,Barker_MC_08784
q25,0.023072419807156463,0.5424558767442773,0.5429463277066715,2.435508632176339,2.9620827581557423,Barker_MC_01698
q50,-0.27173393859856876,0.47243092040193946,0.5450048696462394,330.0932458608447,2.9743030400292314,Barker_MC_01698
q75,-0.47312817047746836,0.42459402037310773,0.635712472613174,311.90539298622,3.5659301990338856,Barker_MC_01698
q25,0.24842826662492054,0.5660813240210307,0.618194685405549,23.69456336785625,3.4431590236359115,Barker_MC_04061
q50,-0.16218613047850028,0.5040745483670898,0.529523834431534,342.1644058111476,2.8836235167615967,Barker_MC_04061
q75,-0.4426935508417069,0.46171519417389956,0.6396549855100644,316.2048747106277,3.5941587959835775,Barker_MC_04061
q25,0.21590032385228586,0.45445946146139726,0.5031365142297914,25.411017909735804,2.7353872831392843,Barker_MC_07636
q50,-0.11254487787380171,0.3917151469803464,0.40756239511204084,343.9699502810978,2.2594576129794453,Barker_MC_07636
q75,-0.3369191738477757,0.3488519499719268,0.4849868170429825,315.99687591917495,2.6378749084541986,Barker_MC_07636
q25,0.16932188306041795,0.48224323197084484,0.5111051113663528,19.346838965618947,2.77933092071243,Barker_MC_04757
q50,-0.22703012153013963,0.5042850777382067,0.5530335574912423,335.7626334148342,3.0224480481317135,Barker_MC_04757
q75,-0.49779432061271695,0.5193427604202124,0.7193859106454356,316.21365155102836,4.215515230250789,Barker_MC_04757
q25,0.185981137920201,0.4291984231473632,0.46776091125090374,23.428148225023765,2.54854299789998,Barker_MC_02946
q50,-0.15548539509758139,0.5187648822038283,0.5415650571229673,343.31535503107017,2.9539111749594347,Barker_MC_02946
q75,-0.3887550928794175,0.5799513787276407,0.6981934717023469,326.1651203658042,4.0405747366613936,Barker_MC_02946
q25,0.053832156550305016,0.5999864360146016,0.6023965674539988,5.126980361118539,3.336068890484061,Barker_MC_08483
q50,-0.22319836183503122,0.5017938928784399,0.5491945189602139,336.02045996179896,2.9993303225127357,Barker_MC_08483
q75,-0.41244919332640745,0.4347145669504447,0.5992420978156632,316.505515679273,3.315088087328777,Barker_MC_08483
q25,0.11990522714718505,0.5113023230486801,0.5251736180085542,13.197912846963387,2.8586435697531996,Barker_MC_05522
q50,-0.18863980242789985,0.4573199016693022,0.494698360137627,337.5843511381002,2.6896113947916738,Barker_MC_05522
q75,-0.39941948020475415,0.4204423107399345,0.5799203892150815,316.46885192934843,3.18942541036495,Barker_MC_05522
q25,0.15257790307764194,0.5572637629169234,0.5777741063494446,15.312223206245156,3.175763934514827,Barker_MC_04105
q50,-0.21516517185005452,0.5253825746820651,0.5677348861544613,337.72893839669075,3.112635429433857,Barker_MC_04105
q75,-0.4663854457422534,0.5036032363710865,0.6863902706796132,317.19732130418004,3.946308327857486,Barker_MC_04105
q25,0.25455511037147915,0.36499104086254175,0.44499074611294737,34.89301278376878,2.4350845828774306,Barker_MC_08963
q50,-0.15804124879268117,0.5104585598871026,0.5343640871933338,342.79713931575515,2.911674002529107,Barker_MC_08963
q75,-0.43990262817154235,0.609833347512822,0.7519381849666398,324.19524463102545,4.499095470126963,Barker_MC_08963
q25,0.15000018958989567,0.5436247762779225,0.5639396725361906,15.425563201208051,3.089098636853693,Barker_MC_04388
q50,-0.1910096621330554,0.4870696731058015,0.5231840569891024,338.5868320008839,2.847291279177024,Barker_MC_04388
q75,-0.4239673823202311,0.44843457844985113,0.6171239036214403,316.60648388873415,3.4357931697486452,Barker_MC_04388
q25,0.0640566197280393,0.442916149999879,0.4475242635452272,8.229326353036297,2.447454554429174,Barker_MC_08977
q50,-0.18054610240850646,0.5808849098186205,0.6082961232408849,342.7341192136295,3.375664677723546,Barker_MC_08977
q75,-0.3476441853894089,0.6751369895812265,0.7593855636867657,332.7549779548897,4.566609963666568,Barker_MC_08977
q25,0.03973294713444786,0.3937731579812327,0.39577267090401996,5.761822178176414,2.206804059173781,Barker_MC_01303
q50,-0.2573223400129129,0.5688921980713577,0.6243821904059901,335.661723798294,3.486032886082649,Barker_MC_01303
q75,-0.46025290672163577,0.6885231475428873,0.8281889052915883,326.238699781954,5.240295084499541,Barker_MC_01303
q25,0.044422132608994996,0.5550559614349083,0.5568307159181878,4.57573217851506,3.0454888551409716,Barker_MC_06257
q50,-0.2254300615989565,0.46480313689618574,0.5165855870434672,334.1265608642078,2.8099626012318724,Barker_MC_06257
q75,-0.4097770874475367,0.40314775615347465,0.5748437828563232,314.53276826570766,3.157206336066442,Barker_MC_06257
q25,0.22978749344150862,0.6237814578057738,0.6647598056775301,20.22269778968929,3.779227453471351,Barker_MC_09309
q50,-0.14538731559717286,0.5516419151723083,0.5704789865643819,345.23522539962045,3.12976516045536,Barker_MC_09309
q75,-0.40168450978004683,0.5023604551138141,0.6432079541325612,321.3543715165631,3.6197896205007742,Barker_MC_09309
q25,0.1656391734796358,0.43801007825009175,0.4682832096495329,20.71475968234509,2.5512065887002655,Barker_MC_08987
q50,-0.23244388791971213,0.527726381002748,0.5766500622019296,336.22828933143126,3.1686325557738435,Barker_MC_08987
q75,-0.504390642420125,0.5890152418590651,0.7754668756970082,319.4256080229753,4.715871579026836,Barker_MC_08987
