driver,driver_label,event_type,event_label,event_index,event_age_ka,orbital_value_at_event,phase_unwrapped_rad,phase_rad,phase_deg,phase_fraction,phase_extrapolated,signed_distance_to_min_rad,signed_distance_to_max_rad,source_event_order
pre,Precession index,barker_do_warming_variable_threshold_edc3,"Barker variable-threshold D-O warmings, EDC3 0-640 ka",1,11.5,-0.019617,25.132741228718345,0.0,0.0,0.0,False,0.0,-3.141592653589793,
pre,Precession index,barker_do_warming_variable_threshold_edc3,"Barker variable-threshold D-O warmings, EDC3 0-640 ka",2,14.3,-0.013856,25.939755855328567,0.807014626610222,46.23853211009174,0.12844036697247707,False,0.807014626610222,-2.334578026979571,
pre,Precession index,barker_do_warming_variable_threshold_edc3,"Barker variable-threshold D-O warmings, EDC3 0-640 ka",3,27.38,0.0033866,29.671220615779315,4.5384793870609705,260.0357142857144,0.7223214285714288,False,-1.744705920118616,1.3968867334711774,
pre,Precession index,barker_do_warming_variable_threshold_edc3,"Barker variable-threshold D-O warmings, EDC3 0-640 ka",4,29.26,-0.005357400000000006,30.19855938263189,5.065818153913543,290.2500000000001,0.8062500000000004,False,-1.217367153266043,1.9242255003237503,
pre,Precession index,barker_do_warming_variable_threshold_edc3,"Barker variable-threshold D-O warmings, EDC3 0-640 ka",5,32.02,-0.013947600000000004,30.972737572266514,5.839996343548169,334.60714285714283,0.9294642857142856,False,-0.4431889636314177,2.6984036899583757,
pre,Precession index,barker_do_warming_variable_threshold_edc3,"Barker variable-threshold D-O warmings, EDC3 0-640 ka",6,33.34,-0.0152014,31.342996706439596,6.210255477721251,355.82142857142856,0.9883928571428571,False,-0.0729298294583354,3.068662824131458,
pre,Precession index,barker_do_warming_variable_threshold_edc3,"Barker variable-threshold D-O warmings, EDC3 0-640 ka",7,35.02,-0.014252399999999997,31.74637554094219,0.3304490050442581,18.93333333333324,0.05259259259259234,False,0.3304490050442581,-2.811143648545535,
pre,Precession index,barker_do_warming_variable_threshold_edc3,"Barker variable-threshold D-O warmings, EDC3 0-640 ka",8,37.78,-0.007728799999999991,32.388656705676105,0.9727301697781741,55.7333333333334,0.154814814814815,False,0.9727301697781741,-2.168862483811619,
pre,Precession index,barker_do_warming_variable_threshold_edc3,"Barker variable-threshold D-O warmings, EDC3 0-640 ka",9,38.68,-0.004800400000000009,32.59809621591542,1.1821696800174877,67.73333333333305,0.18814814814814737,False,1.1821696800174877,-1.9594229735723054,
pre,Precession index,barker_do_warming_variable_threshold_edc3,"Barker variable-threshold D-O warmings, EDC3 0-640 ka",10,41.3,0.003817,33.207797901278774,1.7918713653808425,102.66666666666653,0.28518518518518476,False,1.7918713653808425,-1.3497212882089507,
pre,Precession index,barker_do_warming_variable_threshold_edc3,"Barker variable-threshold D-O warmings, EDC3 0-640 ka",11,43.1,0.008866,33.626676921757415,2.210750385859484,126.66666666666666,0.3518518518518518,False,2.210750385859484,-0.9308422677303092,
pre,Precession index,barker_do_warming_variable_threshold_edc3,"Barker variable-threshold D-O warmings, EDC3 0-640 ka",12,46.42,0.013818800000000001,34.39927600397357,2.9833494680756374,170.93333333333314,0.4748148148148143,False,2.9833494680756374,-0.15824318551415573,
pre,Precession index,barker_do_warming_variable_threshold_edc3,"Barker variable-threshold D-O warmings, EDC3 0-640 ka",13,53.3,0.000827,36.044379834698155,4.628453298800224,265.1908396946562,0.736641221374045,False,-1.6547320083793624,1.486860645210431,
pre,Precession index,barker_do_warming_variable_threshold_edc3,"Barker variable-threshold D-O warmings, EDC3 0-640 ka",14,57.08,-0.013240199999999992,36.95088519581033,5.534958659912398,317.1297709923664,0.880916030534351,False,-0.7482266472671883,2.393366006322605,
pre,Precession index,barker_do_warming_variable_threshold_edc3,"Barker variable-threshold D-O warmings, EDC3 0-640 ka",15,58.58,-0.017030799999999995,37.310609545458014,5.894683009560083,337.74045801526705,0.9381679389312974,False,-0.3885022976195034,2.75309035597029,
pre,Precession index,barker_do_warming_variable_threshold_edc3,"Barker variable-threshold D-O warmings, EDC3 0-640 ka",16,63.84,-0.009656599999999975,38.69349421343116,0.994382370353641,56.97391304347838,0.15826086956521773,False,0.994382370353641,-2.147210283236152,
pre,Precession index,barker_do_warming_variable_threshold_edc3,"Barker variable-threshold D-O warmings, EDC3 0-640 ka",17,70.68,0.02317540000000001,40.562058887392396,2.862947044314879,164.03478260869602,0.4556521739130445,False,2.862947044314879,-0.2786456092749141,
pre,Precession index,barker_do_warming_variable_threshold_edc3,"Barker variable-threshold D-O warmings, EDC3 0-640 ka",18,74.5,0.016655,41.619152233840005,3.9200403907624874,224.60176991150456,0.6238938053097348,False,-2.363144916417099,0.7784477371726943,
pre,Precession index,barker_do_warming_variable_threshold_edc3,"Barker variable-threshold D-O warmings, EDC3 0-640 ka",19,83.18,-0.030501399999999998,44.03146990483504,0.04917275457793835,2.817391304348465,0.007826086956523514,False,0.049172754577938356,-3.0924198990118548,
pre,Precession index,barker_do_warming_variable_threshold_edc3,"Barker variable-threshold D-O warmings, EDC3 0-640 ka",20,89.92,0.012702799999999974,45.87271638180853,1.8904192315514265,108.31304347826105,0.30086956521739183,False,1.8904192315514265,-1.2511734220383666,
pre,Precession index,barker_do_warming_variable_threshold_edc3,"Barker variable-threshold D-O warmings, EDC3 0-640 ka",21,101.52,-0.017552199999999973,49.12879711550147,5.146499965244367,294.87272727272705,0.8190909090909085,False,-1.1366853419352199,2.0049073116545735,
pre,Precession index,barker_do_warming_variable_threshold_edc3,"Barker variable-threshold D-O warmings, EDC3 0-640 ka",22,106.54,-0.04046799999999997,50.57371418948701,0.3082317320503236,17.660377358490813,0.04905660377358559,False,0.30823173205032367,-2.8333609215394695,
pre,Precession index,barker_do_warming_variable_threshold_edc3,"Barker variable-threshold D-O warmings, EDC3 0-640 ka",23,124.22,-0.028782199999999977,55.74741752819613,5.481935070759441,314.09174311926625,0.8724770642201841,False,-0.8012502364201456,2.340342417169648,
pre,Precession index,barker_do_warming_variable_threshold_edc3,"Barker variable-threshold D-O warmings, EDC3 0-640 ka",24,128.44,-0.03783700000000002,56.9420498012397,0.3933820366234215,22.539130434782834,0.06260869565217454,False,0.3933820366234215,-2.7482106169663716,
pre,Precession index,barker_do_warming_variable_threshold_edc3,"Barker variable-threshold D-O warmings, EDC3 0-640 ka",25,146.7,-0.014792,61.819273621465264,5.270605856848988,301.98347107437996,0.838842975206611,False,-1.0125794503305985,2.129013203259195,
pre,Precession index,barker_do_warming_variable_threshold_edc3,"Barker variable-threshold D-O warmings, EDC3 0-640 ka",26,148.3,-0.023458,62.23469083185731,5.686023067241031,325.7851239669422,0.9049586776859505,False,-0.5971622399385554,2.544430413651238,
pre,Precession index,barker_do_warming_variable_threshold_edc3,"Barker variable-threshold D-O warmings, EDC3 0-640 ka",27,150.06,-0.028007400000000005,62.69164976328855,6.142981998672276,351.9669421487605,0.9776859504132236,False,-0.14020330850731025,3.001389345082483,
pre,Precession index,barker_do_warming_variable_threshold_edc3,"Barker variable-threshold D-O warmings, EDC3 0-640 ka",28,159.12,0.01492240000000007,64.92297568184158,2.0911226100457156,119.81250000000055,0.3328125000000015,False,2.0911226100457156,-1.0504700435440775,
pre,Precession index,barker_do_warming_variable_threshold_edc3,"Barker variable-threshold D-O warmings, EDC3 0-640 ka",29,162.16,0.028386000000000012,65.66910393706914,2.837250865273276,162.56249999999966,0.4515624999999991,False,2.837250865273276,-0.3043417883165169,
pre,Precession index,barker_do_warming_variable_threshold_edc3,"Barker variable-threshold D-O warmings, EDC3 0-640 ka",30,168.16,0.009882199999999956,67.19918187547479,4.36732880367893,250.22950819672158,0.6950819672131155,False,-1.9158565035006563,1.225736150089137,
pre,Precession index,barker_do_warming_variable_threshold_edc3,"Barker variable-threshold D-O warmings, EDC3 0-640 ka",31,172.0,-0.021642,68.18801103857191,5.356157966776053,306.88524590164,0.8524590163934446,False,-0.9270273404035339,2.2145653131862595,
pre,Precession index,barker_do_warming_variable_threshold_edc3,"Barker variable-threshold D-O warmings, EDC3 0-640 ka",32,174.98,-0.03578419999999998,68.9553836703504,6.123530598554538,350.8524590163938,0.9745901639344273,False,-0.15965470862504838,2.981937944964745,
pre,Precession index,barker_do_warming_variable_threshold_edc3,"Barker variable-threshold D-O warmings, EDC3 0-640 ka",33,177.14,-0.032998600000000024,69.54318463442043,0.42814625544497886,24.53097345132733,0.0681415929203537,False,0.42814625544497886,-2.7134463981448143,
pre,Precession index,barker_do_warming_variable_threshold_edc3,"Barker variable-threshold D-O warmings, EDC3 0-640 ka",34,178.3,-0.026556,69.86568441124912,0.7506460322736714,43.00884955752235,0.11946902654867321,False,0.7506460322736714,-2.3909466213161217,
pre,Precession index,barker_do_warming_variable_threshold_edc3,"Barker variable-threshold D-O warmings, EDC3 0-640 ka",35,187.84,0.040745200000000016,72.52509440478109,3.4100560258056376,195.38181818181758,0.5427272727272711,False,-2.8731292813739486,0.2684633722158445,
pre,Precession index,barker_do_warming_variable_threshold_edc3,"Barker variable-threshold D-O warmings, EDC3 0-640 ka",36,192.16,0.001754799999999928,73.75888351964545,4.6438451406700025,266.0727272727272,0.739090909090909,False,-1.639340166509584,1.5022524870802094,
pre,Precession index,barker_do_warming_variable_threshold_edc3,"Barker variable-threshold D-O warmings, EDC3 0-640 ka",37,201.42,-0.024826600000000195,76.38558137728326,0.9873576911282242,56.571428571428775,0.1571428571428577,False,0.9873576911282244,-2.154234962461569,
pre,Precession index,barker_do_warming_variable_threshold_edc3,"Barker variable-threshold D-O warmings, EDC3 0-640 ka",38,215.22,-0.006601200000000078,80.2564723254564,4.858248639301365,278.35714285714323,0.7732142857142867,False,-1.4249366678782212,1.7166559857115722,
pre,Precession index,barker_do_warming_variable_threshold_edc3,"Barker variable-threshold D-O warmings, EDC3 0-640 ka",39,226.2,0.005049,83.39764942446239,1.7162404311277655,98.3333333333338,0.2731481481481494,False,1.7162404311277655,-1.4253522224620276,
pre,Precession index,barker_do_warming_variable_threshold_edc3,"Barker variable-threshold D-O warmings, EDC3 0-640 ka",40,229.76,0.04300139999999994,84.43321144731236,2.7518024539777386,157.66666666666737,0.43796296296296494,False,2.7518024539777386,-0.3897901996120545,
pre,Precession index,barker_do_warming_variable_threshold_edc3,"Barker variable-threshold D-O warmings, EDC3 0-640 ka",41,232.12,0.044131999999999956,85.12530584566609,3.44389685233147,197.32075471698212,0.5481132075471726,False,-2.8392884548481168,0.3023041987416768,
pre,Precession index,barker_do_warming_variable_threshold_edc3,"Barker variable-threshold D-O warmings, EDC3 0-640 ka",42,242.18,-0.038671199999999975,88.09572164605535,0.13112734554114525,7.513043478261216,0.020869565217392267,False,0.13112734554114525,-3.010465308048648,
pre,Precession index,barker_do_warming_variable_threshold_edc3,"Barker variable-threshold D-O warmings, EDC3 0-640 ka",43,243.62,-0.03352299999999994,88.48910368267877,0.5245093821645668,30.05217391304405,0.0834782608695668,False,0.5245093821645668,-2.6170832714252263,
pre,Precession index,barker_do_warming_variable_threshold_edc3,"Barker variable-threshold D-O warmings, EDC3 0-640 ka",44,248.02,0.0027198000000000994,89.69110435013921,1.7265100496250056,98.92173913043514,0.2747826086956532,False,1.7265100496250056,-1.4150826039647875,
pre,Precession index,barker_do_warming_variable_threshold_edc3,"Barker variable-threshold D-O warmings, EDC3 0-640 ka",45,251.3,0.024496,90.587141211337,2.6225469108227912,150.2608695652178,0.4173913043478273,False,2.6225469108227912,-0.5190457427670019,
pre,Precession index,barker_do_warming_variable_threshold_edc3,"Barker variable-threshold D-O warmings, EDC3 0-640 ka",46,256.72,0.018613999999999832,91.93764606242252,3.9730517619083088,227.6390977443617,0.6323308270676714,False,-2.3101335452712775,0.8314591083185158,
pre,Precession index,barker_do_warming_variable_threshold_edc3,"Barker variable-threshold D-O warmings, EDC3 0-640 ka",47,258.48,0.009135399999999872,92.35337561658176,4.388781316067551,251.45864661654164,0.6984962406015046,False,-1.8944039911120358,1.2471886624777575,
pre,Precession index,barker_do_warming_variable_threshold_edc3,"Barker variable-threshold D-O warmings, EDC3 0-640 ka",48,261.16,-0.005757400000000115,92.9864183467788,5.021824046264598,287.7293233082713,0.7992481203007537,False,-1.2613612609149885,1.8802313926748049,
pre,Precession index,barker_do_warming_variable_threshold_edc3,"Barker variable-threshold D-O warmings, EDC3 0-640 ka",49,263.68,-0.016120000000000034,93.58166748114319,5.617073180628978,321.83458646616594,0.8939849624060165,False,-0.6661121265506085,2.475480527039185,
pre,Precession index,barker_do_warming_variable_threshold_edc3,"Barker variable-threshold D-O warmings, EDC3 0-640 ka",50,276.04,0.015169200000000055,96.5182942982428,2.2705146905489997,130.09090909090983,0.3613636363636384,False,2.2705146905489997,-0.8710779630407934,
pre,Precession index,barker_do_warming_variable_threshold_edc3,"Barker variable-threshold D-O warmings, EDC3 0-640 ka",51,277.9,0.022447,96.96097326306679,2.713193655372997,155.4545454545451,0.4318181818181809,False,2.713193655372997,-0.42839899821679595,
pre,Precession index,barker_do_warming_variable_threshold_edc3,"Barker variable-threshold D-O warmings, EDC3 0-640 ka",52,280.52,0.024479200000000038,97.61338147658303,3.365601868889236,192.83478260869546,0.535652173913043,False,-2.9175834382903507,0.22400921529944287,
pre,Precession index,barker_do_warming_variable_threshold_edc3,"Barker variable-threshold D-O warmings, EDC3 0-640 ka",53,290.28,-0.03088699999999993,100.2796375025862,6.031857894892404,345.6000000000001,0.9600000000000002,False,-0.25132741228718225,2.890265241302611,
pre,Precession index,barker_do_warming_variable_threshold_edc3,"Barker variable-threshold D-O warmings, EDC3 0-640 ka",54,296.26,-0.0034616000000001067,101.96307832272602,1.4321134078526399,82.0540540540538,0.2279279279279272,False,1.4321134078526399,-1.7094792457371533,
pre,Precession index,barker_do_warming_variable_threshold_edc3,"Barker variable-threshold D-O warmings, EDC3 0-640 ka",55,300.48,0.031083200000000113,103.15744958382052,2.6264846689471426,150.4864864864865,0.4180180180180181,False,2.6264846689471426,-0.5151079846426505,
pre,Precession index,barker_do_warming_variable_threshold_edc3,"Barker variable-threshold D-O warmings, EDC3 0-640 ka",56,305.44,0.022023199999999906,104.58594654367354,4.054981628800164,232.3333333333336,0.6453703703703711,False,-2.228203678379423,0.9133889752103705,
pre,Precession index,barker_do_warming_variable_threshold_edc3,"Barker variable-threshold D-O warmings, EDC3 0-640 ka",57,316.12,-0.022538800000000095,107.70920775166063,0.8950575296076622,51.28301886792477,0.1424528301886799,False,0.8950575296076622,-2.246535123982131,
pre,Precession index,barker_do_warming_variable_threshold_edc3,"Barker variable-threshold D-O warmings, EDC3 0-640 ka",58,325.98,0.027606399999999864,110.61288335731109,3.798733135258125,217.65137614678946,0.604587155963304,False,-2.4844521719214616,0.6571404816683319,
pre,Precession index,barker_do_warming_variable_threshold_edc3,"Barker variable-threshold D-O warmings, EDC3 0-640 ka",59,332.76,-0.026737799999999947,112.56701163174583,5.752861409692862,329.61467889908215,0.9155963302752282,False,-0.5303238974867244,2.611268756103069,
pre,Precession index,barker_do_warming_variable_threshold_edc3,"Barker variable-threshold D-O warmings, EDC3 0-640 ka",60,333.1,-0.028163,112.66500626497708,5.850856042924114,335.2293577981654,0.9311926605504594,False,-0.4323292642554722,2.709263389334321,
pre,Precession index,barker_do_warming_variable_threshold_edc3,"Barker variable-threshold D-O warmings, EDC3 0-640 ka",61,333.62,-0.029771199999999973,112.81488040991897,6.000730187866004,343.81651376146766,0.9550458715596324,False,-0.282455119313582,2.8591375342762113,
pre,Precession index,barker_do_warming_variable_threshold_edc3,"Barker variable-threshold D-O warmings, EDC3 0-640 ka",62,334.16,-0.030720000000000025,112.97051894505094,6.156368722997975,352.73394495412816,0.9798165137614671,False,-0.1268165841816116,3.0147760694081818,
pre,Precession index,barker_do_warming_variable_threshold_edc3,"Barker variable-threshold D-O warmings, EDC3 0-640 ka",63,347.62,0.01801020000000006,117.04676629374543,3.9494307645128828,226.28571428571428,0.6285714285714286,False,-2.333754542666704,0.8078381109230898,
pre,Precession index,barker_do_warming_variable_threshold_edc3,"Barker variable-threshold D-O warmings, EDC3 0-640 ka",64,349.22,0.008395199999999771,117.55967938004582,4.462343850813269,255.6734693877558,0.710204081632655,False,-1.8208414563663171,1.3207511972234762,
pre,Precession index,barker_do_warming_variable_threshold_edc3,"Barker variable-threshold D-O warmings, EDC3 0-640 ka",65,363.24,0.008348800000000014,122.16784878651201,2.787327950099872,159.702127659574,0.4436170212765944,False,2.787327950099872,-0.3542647034899212,
pre,Precession index,barker_do_warming_variable_threshold_edc3,"Barker variable-threshold D-O warmings, EDC3 0-640 ka",66,367.84,0.0031094000000000577,123.9122682392154,4.531747402803255,259.6499999999988,0.7212499999999965,False,-1.7514379043763315,1.3901547492134618,
pre,Precession index,barker_do_warming_variable_threshold_edc3,"Barker variable-threshold D-O warmings, EDC3 0-640 ka",67,372.94,-0.004036799999999994,125.92147784850165,0.25777170490992773,14.76923076923054,0.04102564102564039,False,0.25777170490992773,-2.8838209486798654,
pre,Precession index,barker_do_warming_variable_threshold_edc3,"Barker variable-threshold D-O warmings, EDC3 0-640 ka",68,382.0,0.005095,129.47597588053213,3.812269736940408,218.42696629213395,0.6067415730337055,False,-2.4709155702391783,0.6706770833506148,
pre,Precession index,barker_do_warming_variable_threshold_edc3,"Barker variable-threshold D-O warmings, EDC3 0-640 ka",69,386.8,-0.009219,131.17031798583898,5.506611842247253,315.50561797752664,0.8764044943820185,False,-0.7765734649323337,2.3650191886574596,
pre,Precession index,barker_do_warming_variable_threshold_edc3,"Barker variable-threshold D-O warmings, EDC3 0-640 ka",70,390.96,-0.00984020000000003,132.5950516193014,0.648160168530076,37.136842105261515,0.10315789473683754,False,0.648160168530076,-2.493432485059717,
pre,Precession index,barker_do_warming_variable_threshold_edc3,"Barker variable-threshold D-O warmings, EDC3 0-640 ka",71,424.9,-0.004136,143.49878943740876,5.268712679457863,301.8749999999989,0.8385416666666636,False,-1.0144726277217233,2.12712002586807,
pre,Precession index,barker_do_warming_variable_threshold_edc3,"Barker variable-threshold D-O warmings, EDC3 0-640 ka",72,426.96,-0.008624399999999987,144.17292286099158,5.942846103040679,340.49999999999926,0.9458333333333313,False,-0.34033920413890706,2.8012534494508863,
pre,Precession index,barker_do_warming_variable_threshold_edc3,"Barker variable-threshold D-O warmings, EDC3 0-640 ka",73,435.92,0.006569600000000025,147.37319468770878,2.8599326225782917,163.8620689655171,0.455172413793103,False,2.8599326225782917,-0.28166003101150144,
pre,Precession index,barker_do_warming_variable_threshold_edc3,"Barker variable-threshold D-O warmings, EDC3 0-640 ka",74,438.82,0.004555200000000022,148.43840488643914,3.925142821308661,224.89411764705895,0.6247058823529416,False,-2.3580424858709255,0.7835501677188681,
pre,Precession index,barker_do_warming_variable_threshold_edc3,"Barker variable-threshold D-O warmings, EDC3 0-640 ka",75,443.88,-0.007656400000000016,150.30857651316435,5.795314448033871,332.047058823529,0.9223529411764696,False,-0.48787085914571576,2.6537217944440776,
pre,Precession index,barker_do_warming_variable_threshold_edc3,"Barker variable-threshold D-O warmings, EDC3 0-640 ka",76,447.54,-0.005544599999999971,151.57027124698376,0.7738238746736954,44.3368421052631,0.12315789473684194,False,0.7738238746736954,-2.3677687789160977,
pre,Precession index,barker_do_warming_variable_threshold_edc3,"Barker variable-threshold D-O warmings, EDC3 0-640 ka",77,451.94,0.009374800000000036,153.02532468654113,2.228877314231056,127.7052631578937,0.35473684210526024,False,2.228877314231056,-0.912715339358737,
pre,Precession index,barker_do_warming_variable_threshold_edc3,"Barker variable-threshold D-O warmings, EDC3 0-640 ka",78,454.12,0.013947399999999992,153.74623752704912,2.9497901547390484,169.0105263157895,0.4694736842105264,False,2.9497901547390484,-0.19180249885074474,
pre,Precession index,barker_do_warming_variable_threshold_edc3,"Barker variable-threshold D-O warmings, EDC3 0-640 ka",79,462.46,-0.016405399999999955,156.35177853994506,5.555331167634989,318.29702970296853,0.8841584158415792,False,-0.7278541395445973,2.413738514045196,
pre,Precession index,barker_do_warming_variable_threshold_edc3,"Barker variable-threshold D-O warmings, EDC3 0-640 ka",80,467.14,-0.01575600000000011,157.8074868190342,0.7278541395445544,41.70297029702904,0.115841584158414,False,0.7278541395445544,-2.4137385140452388,
pre,Precession index,barker_do_warming_variable_threshold_edc3,"Barker variable-threshold D-O warmings, EDC3 0-640 ka",81,469.28,-0.002040400000000255,158.47313120306214,1.3934985235724824,79.8415841584147,0.22178217821781862,False,1.3934985235724824,-1.7480941300173107,
pre,Precession index,barker_do_warming_variable_threshold_edc3,"Barker variable-threshold D-O warmings, EDC3 0-640 ka",82,472.24,0.01975080000000007,159.39383558470828,2.314202905218629,132.5940594059411,0.36831683168316975,False,2.314202905218629,-0.8273897483711643,
pre,Precession index,barker_do_warming_variable_threshold_edc3,"Barker variable-threshold D-O warmings, EDC3 0-640 ka",83,477.28,0.020672800000000206,160.95426361891705,3.874630939427398,221.99999999999923,0.6166666666666645,False,-2.408554367752189,0.7330382858376048,
pre,Precession index,barker_do_warming_variable_threshold_edc3,"Barker variable-threshold D-O warmings, EDC3 0-640 ka",84,488.7,-0.015306,164.450292366758,1.08747438008875,62.30769230769091,0.1730769230769192,False,1.08747438008875,-2.054118273501043,
pre,Precession index,barker_do_warming_variable_threshold_edc3,"Barker variable-threshold D-O warmings, EDC3 0-640 ka",85,504.62,-0.028418599999999957,169.20736582900798,5.844547842338741,334.86792452830156,0.9301886792452821,False,-0.43863746484084515,2.7029551887489482,
pre,Precession index,barker_do_warming_variable_threshold_edc3,"Barker variable-threshold D-O warmings, EDC3 0-640 ka",86,507.9,-0.026904,170.1845620344642,0.5385587406153647,30.857142857141227,0.08571428571428119,False,0.5385587406153647,-2.6030339129744284,
pre,Precession index,barker_do_warming_variable_threshold_edc3,"Barker variable-threshold D-O warmings, EDC3 0-640 ka",87,515.92,0.023432999999999968,172.5841404232061,2.9381371293572656,168.3428571428545,0.46761904761904033,False,2.9381371293572656,-0.20345552423252758,
pre,Precession index,barker_do_warming_variable_threshold_edc3,"Barker variable-threshold D-O warmings, EDC3 0-640 ka",88,522.08,0.003268399999999879,174.25904276296615,4.613039469117318,264.3076923076922,0.7341880341880338,False,-1.6701458380622685,1.4714468155275249,
pre,Precession index,barker_do_warming_variable_threshold_edc3,"Barker variable-threshold D-O warmings, EDC3 0-640 ka",89,528.66,-0.014225200000000016,175.99650844360534,0.06731984257692147,3.8571428571427044,0.01071428571428529,False,0.06731984257692147,-3.0742728110128716,
pre,Precession index,barker_do_warming_variable_threshold_edc3,"Barker variable-threshold D-O warmings, EDC3 0-640 ka",90,537.84,0.001997400000000171,177.71316442931692,1.7839758282885043,102.21428571428655,0.28392857142857375,False,1.7839758282885043,-1.3576168253012888,
pre,Precession index,barker_do_warming_variable_threshold_edc3,"Barker variable-threshold D-O warmings, EDC3 0-640 ka",91,547.84,0.012030199999999762,179.8393494573714,3.9101608563429977,224.03571428571357,0.6223214285714266,False,-2.373024450836589,0.7685682027532046,
pre,Precession index,barker_do_warming_variable_threshold_edc3,"Barker variable-threshold D-O warmings, EDC3 0-640 ka",92,550.64,-0.0018445999999997275,180.62474762076886,4.695559019740443,269.0357142857134,0.7473214285714261,False,-1.5876262874391431,1.5539663661506502,
pre,Precession index,barker_do_warming_variable_threshold_edc3,"Barker variable-threshold D-O warmings, EDC3 0-640 ka",93,555.64,-0.02622499999999993,182.02724434112145,6.098055740093031,349.3928571428563,0.9705357142857121,False,-0.18512956708655562,2.9564630865032377,
pre,Precession index,barker_do_warming_variable_threshold_edc3,"Barker variable-threshold D-O warmings, EDC3 0-640 ka",94,579.92,-0.03764880000000013,188.96247482078348,0.46691560539589716,26.752293577980673,0.07431192660550187,False,0.4669156053958972,-2.674677048193896,
pre,Precession index,barker_do_warming_variable_threshold_edc3,"Barker variable-threshold D-O warmings, EDC3 0-640 ka",95,584.92,0.015919199999999724,190.40357236830172,1.9080131529141369,109.32110091742942,0.30366972477063725,False,1.9080131529141369,-1.2335795006756562,
pre,Precession index,barker_do_warming_variable_threshold_edc3,"Barker variable-threshold D-O warmings, EDC3 0-640 ka",96,586.24,0.0307196,190.78402212084654,2.2884629054589567,131.11926605504414,0.36422018348623375,False,2.2884629054589567,-0.8531297481308364,
pre,Precession index,barker_do_warming_variable_threshold_edc3,"Barker variable-threshold D-O warmings, EDC3 0-640 ka",97,590.38,0.0435947999999999,191.99020704338076,3.4946478279931767,200.2285714285691,0.5561904761904697,False,-2.78853747918641,0.35305517440338363,
pre,Precession index,barker_do_warming_variable_threshold_edc3,"Barker variable-threshold D-O warmings, EDC3 0-640 ka",98,595.26,-0.0106774,193.45029962904917,4.9547404136615825,283.8857142857123,0.7885714285714231,False,-1.328444893518004,1.8131477600717893,
pre,Precession index,barker_do_warming_variable_threshold_edc3,"Barker variable-threshold D-O warmings, EDC3 0-640 ka",99,601.92,-0.03760400000000019,195.4367007198284,0.6579561972612211,37.69811320754503,0.10471698113206951,False,0.6579561972612211,-2.483636456328572,
pre,Precession index,barker_do_warming_variable_threshold_edc3,"Barker variable-threshold D-O warmings, EDC3 0-640 ka",100,618.6,-0.02591,200.3572735336145,5.578529011047316,319.62616822430016,0.8878504672897227,False,-0.7046562961322709,2.4369363574575225,
pre,Precession index,barker_do_warming_variable_threshold_edc3,"Barker variable-threshold D-O warmings, EDC3 0-640 ka",101,621.02,-0.0341678,201.06753981662817,0.005609986881410123,0.3214285714285587,0.0008928571428571075,False,0.005609986881410123,-3.135982666708383,
pre,Precession index,barker_do_warming_variable_threshold_edc3,"Barker variable-threshold D-O warmings, EDC3 0-640 ka",102,625.78,-0.0098954,202.4027166944038,1.3407868646570478,76.82142857142716,0.21339285714285322,False,1.3407868646570478,-1.8008057889327453,
pre,Precession index,barker_do_warming_variable_threshold_edc3,"Barker variable-threshold D-O warmings, EDC3 0-640 ka",103,634.0,0.019221,204.55917448185613,3.497244652109373,200.37735849056492,0.5566037735849025,False,-2.7859406550702137,0.35565199851957985,
pre,Precession index,barker_do_warming_variable_threshold_edc3,"Barker variable-threshold D-O warmings, EDC3 0-640 ka",104,637.98,0.005175999999999914,205.3455605674717,4.283630737724934,245.43396226414998,0.6817610062893056,False,-1.9995545694546524,1.142038084135141,
pre,Precession index,barker_do_warming_variable_threshold_edc3_0_800,"Barker variable-threshold D-O warmings, EDC3 0-800 ka",1,11.5,-0.019617,25.132741228718345,0.0,0.0,0.0,False,0.0,-3.141592653589793,
pre,Precession index,barker_do_warming_variable_threshold_edc3_0_800,"Barker variable-threshold D-O warmings, EDC3 0-800 ka",2,14.3,-0.013856,25.939755855328567,0.807014626610222,46.23853211009174,0.12844036697247707,False,0.807014626610222,-2.334578026979571,
pre,Precession index,barker_do_warming_variable_threshold_edc3_0_800,"Barker variable-threshold D-O warmings, EDC3 0-800 ka",3,27.38,0.0033866,29.671220615779315,4.5384793870609705,260.0357142857144,0.7223214285714288,False,-1.744705920118616,1.3968867334711774,
pre,Precession index,barker_do_warming_variable_threshold_edc3_0_800,"Barker variable-threshold D-O warmings, EDC3 0-800 ka",4,29.26,-0.005357400000000006,30.19855938263189,5.065818153913543,290.2500000000001,0.8062500000000004,False,-1.217367153266043,1.9242255003237503,
pre,Precession index,barker_do_warming_variable_threshold_edc3_0_800,"Barker variable-threshold D-O warmings, EDC3 0-800 ka",5,32.02,-0.013947600000000004,30.972737572266514,5.839996343548169,334.60714285714283,0.9294642857142856,False,-0.4431889636314177,2.6984036899583757,
pre,Precession index,barker_do_warming_variable_threshold_edc3_0_800,"Barker variable-threshold D-O warmings, EDC3 0-800 ka",6,33.34,-0.0152014,31.342996706439596,6.210255477721251,355.82142857142856,0.9883928571428571,False,-0.0729298294583354,3.068662824131458,
pre,Precession index,barker_do_warming_variable_threshold_edc3_0_800,"Barker variable-threshold D-O warmings, EDC3 0-800 ka",7,35.02,-0.014252399999999997,31.74637554094219,0.3304490050442581,18.93333333333324,0.05259259259259234,False,0.3304490050442581,-2.811143648545535,
pre,Precession index,barker_do_warming_variable_threshold_edc3_0_800,"Barker variable-threshold D-O warmings, EDC3 0-800 ka",8,37.78,-0.007728799999999991,32.388656705676105,0.9727301697781741,55.7333333333334,0.154814814814815,False,0.9727301697781741,-2.168862483811619,
pre,Precession index,barker_do_warming_variable_threshold_edc3_0_800,"Barker variable-threshold D-O warmings, EDC3 0-800 ka",9,38.68,-0.004800400000000009,32.59809621591542,1.1821696800174877,67.73333333333305,0.18814814814814737,False,1.1821696800174877,-1.9594229735723054,
pre,Precession index,barker_do_warming_variable_threshold_edc3_0_800,"Barker variable-threshold D-O warmings, EDC3 0-800 ka",10,41.3,0.003817,33.207797901278774,1.7918713653808425,102.66666666666653,0.28518518518518476,False,1.7918713653808425,-1.3497212882089507,
pre,Precession index,barker_do_warming_variable_threshold_edc3_0_800,"Barker variable-threshold D-O warmings, EDC3 0-800 ka",11,43.1,0.008866,33.626676921757415,2.210750385859484,126.66666666666666,0.3518518518518518,False,2.210750385859484,-0.9308422677303092,
pre,Precession index,barker_do_warming_variable_threshold_edc3_0_800,"Barker variable-threshold D-O warmings, EDC3 0-800 ka",12,46.42,0.013818800000000001,34.39927600397357,2.9833494680756374,170.93333333333314,0.4748148148148143,False,2.9833494680756374,-0.15824318551415573,
pre,Precession index,barker_do_warming_variable_threshold_edc3_0_800,"Barker variable-threshold D-O warmings, EDC3 0-800 ka",13,53.3,0.000827,36.044379834698155,4.628453298800224,265.1908396946562,0.736641221374045,False,-1.6547320083793624,1.486860645210431,
pre,Precession index,barker_do_warming_variable_threshold_edc3_0_800,"Barker variable-threshold D-O warmings, EDC3 0-800 ka",14,57.08,-0.013240199999999992,36.95088519581033,5.534958659912398,317.1297709923664,0.880916030534351,False,-0.7482266472671883,2.393366006322605,
pre,Precession index,barker_do_warming_variable_threshold_edc3_0_800,"Barker variable-threshold D-O warmings, EDC3 0-800 ka",15,58.58,-0.017030799999999995,37.310609545458014,5.894683009560083,337.74045801526705,0.9381679389312974,False,-0.3885022976195034,2.75309035597029,
pre,Precession index,barker_do_warming_variable_threshold_edc3_0_800,"Barker variable-threshold D-O warmings, EDC3 0-800 ka",16,63.84,-0.009656599999999975,38.69349421343116,0.994382370353641,56.97391304347838,0.15826086956521773,False,0.994382370353641,-2.147210283236152,
pre,Precession index,barker_do_warming_variable_threshold_edc3_0_800,"Barker variable-threshold D-O warmings, EDC3 0-800 ka",17,70.68,0.02317540000000001,40.562058887392396,2.862947044314879,164.03478260869602,0.4556521739130445,False,2.862947044314879,-0.2786456092749141,
pre,Precession index,barker_do_warming_variable_threshold_edc3_0_800,"Barker variable-threshold D-O warmings, EDC3 0-800 ka",18,74.5,0.016655,41.619152233840005,3.9200403907624874,224.60176991150456,0.6238938053097348,False,-2.363144916417099,0.7784477371726943,
pre,Precession index,barker_do_warming_variable_threshold_edc3_0_800,"Barker variable-threshold D-O warmings, EDC3 0-800 ka",19,83.18,-0.030501399999999998,44.03146990483504,0.04917275457793835,2.817391304348465,0.007826086956523514,False,0.049172754577938356,-3.0924198990118548,
pre,Precession index,barker_do_warming_variable_threshold_edc3_0_800,"Barker variable-threshold D-O warmings, EDC3 0-800 ka",20,89.92,0.012702799999999974,45.87271638180853,1.8904192315514265,108.31304347826105,0.30086956521739183,False,1.8904192315514265,-1.2511734220383666,
pre,Precession index,barker_do_warming_variable_threshold_edc3_0_800,"Barker variable-threshold D-O warmings, EDC3 0-800 ka",21,101.52,-0.017552199999999973,49.12879711550147,5.146499965244367,294.87272727272705,0.8190909090909085,False,-1.1366853419352199,2.0049073116545735,
pre,Precession index,barker_do_warming_variable_threshold_edc3_0_800,"Barker variable-threshold D-O warmings, EDC3 0-800 ka",22,106.54,-0.04046799999999997,50.57371418948701,0.3082317320503236,17.660377358490813,0.04905660377358559,False,0.30823173205032367,-2.8333609215394695,
pre,Precession index,barker_do_warming_variable_threshold_edc3_0_800,"Barker variable-threshold D-O warmings, EDC3 0-800 ka",23,124.22,-0.028782199999999977,55.74741752819613,5.481935070759441,314.09174311926625,0.8724770642201841,False,-0.8012502364201456,2.340342417169648,
pre,Precession index,barker_do_warming_variable_threshold_edc3_0_800,"Barker variable-threshold D-O warmings, EDC3 0-800 ka",24,128.44,-0.03783700000000002,56.9420498012397,0.3933820366234215,22.539130434782834,0.06260869565217454,False,0.3933820366234215,-2.7482106169663716,
pre,Precession index,barker_do_warming_variable_threshold_edc3_0_800,"Barker variable-threshold D-O warmings, EDC3 0-800 ka",25,146.7,-0.014792,61.819273621465264,5.270605856848988,301.98347107437996,0.838842975206611,False,-1.0125794503305985,2.129013203259195,
pre,Precession index,barker_do_warming_variable_threshold_edc3_0_800,"Barker variable-threshold D-O warmings, EDC3 0-800 ka",26,148.3,-0.023458,62.23469083185731,5.686023067241031,325.7851239669422,0.9049586776859505,False,-0.5971622399385554,2.544430413651238,
pre,Precession index,barker_do_warming_variable_threshold_edc3_0_800,"Barker variable-threshold D-O warmings, EDC3 0-800 ka",27,150.06,-0.028007400000000005,62.69164976328855,6.142981998672276,351.9669421487605,0.9776859504132236,False,-0.14020330850731025,3.001389345082483,
pre,Precession index,barker_do_warming_variable_threshold_edc3_0_800,"Barker variable-threshold D-O warmings, EDC3 0-800 ka",28,159.12,0.01492240000000007,64.92297568184158,2.0911226100457156,119.81250000000055,0.3328125000000015,False,2.0911226100457156,-1.0504700435440775,
pre,Precession index,barker_do_warming_variable_threshold_edc3_0_800,"Barker variable-threshold D-O warmings, EDC3 0-800 ka",29,162.16,0.028386000000000012,65.66910393706914,2.837250865273276,162.56249999999966,0.4515624999999991,False,2.837250865273276,-0.3043417883165169,
pre,Precession index,barker_do_warming_variable_threshold_edc3_0_800,"Barker variable-threshold D-O warmings, EDC3 0-800 ka",30,168.16,0.009882199999999956,67.19918187547479,4.36732880367893,250.22950819672158,0.6950819672131155,False,-1.9158565035006563,1.225736150089137,
pre,Precession index,barker_do_warming_variable_threshold_edc3_0_800,"Barker variable-threshold D-O warmings, EDC3 0-800 ka",31,172.0,-0.021642,68.18801103857191,5.356157966776053,306.88524590164,0.8524590163934446,False,-0.9270273404035339,2.2145653131862595,
pre,Precession index,barker_do_warming_variable_threshold_edc3_0_800,"Barker variable-threshold D-O warmings, EDC3 0-800 ka",32,174.98,-0.03578419999999998,68.9553836703504,6.123530598554538,350.8524590163938,0.9745901639344273,False,-0.15965470862504838,2.981937944964745,
pre,Precession index,barker_do_warming_variable_threshold_edc3_0_800,"Barker variable-threshold D-O warmings, EDC3 0-800 ka",33,177.14,-0.032998600000000024,69.54318463442043,0.42814625544497886,24.53097345132733,0.0681415929203537,False,0.42814625544497886,-2.7134463981448143,
pre,Precession index,barker_do_warming_variable_threshold_edc3_0_800,"Barker variable-threshold D-O warmings, EDC3 0-800 ka",34,178.3,-0.026556,69.86568441124912,0.7506460322736714,43.00884955752235,0.11946902654867321,False,0.7506460322736714,-2.3909466213161217,
pre,Precession index,barker_do_warming_variable_threshold_edc3_0_800,"Barker variable-threshold D-O warmings, EDC3 0-800 ka",35,187.84,0.040745200000000016,72.52509440478109,3.4100560258056376,195.38181818181758,0.5427272727272711,False,-2.8731292813739486,0.2684633722158445,
pre,Precession index,barker_do_warming_variable_threshold_edc3_0_800,"Barker variable-threshold D-O warmings, EDC3 0-800 ka",36,192.16,0.001754799999999928,73.75888351964545,4.6438451406700025,266.0727272727272,0.739090909090909,False,-1.639340166509584,1.5022524870802094,
pre,Precession index,barker_do_warming_variable_threshold_edc3_0_800,"Barker variable-threshold D-O warmings, EDC3 0-800 ka",37,201.42,-0.024826600000000195,76.38558137728326,0.9873576911282242,56.571428571428775,0.1571428571428577,False,0.9873576911282244,-2.154234962461569,
pre,Precession index,barker_do_warming_variable_threshold_edc3_0_800,"Barker variable-threshold D-O warmings, EDC3 0-800 ka",38,215.22,-0.006601200000000078,80.2564723254564,4.858248639301365,278.35714285714323,0.7732142857142867,False,-1.4249366678782212,1.7166559857115722,
pre,Precession index,barker_do_warming_variable_threshold_edc3_0_800,"Barker variable-threshold D-O warmings, EDC3 0-800 ka",39,226.2,0.005049,83.39764942446239,1.7162404311277655,98.3333333333338,0.2731481481481494,False,1.7162404311277655,-1.4253522224620276,
pre,Precession index,barker_do_warming_variable_threshold_edc3_0_800,"Barker variable-threshold D-O warmings, EDC3 0-800 ka",40,229.76,0.04300139999999994,84.43321144731236,2.7518024539777386,157.66666666666737,0.43796296296296494,False,2.7518024539777386,-0.3897901996120545,
pre,Precession index,barker_do_warming_variable_threshold_edc3_0_800,"Barker variable-threshold D-O warmings, EDC3 0-800 ka",41,232.12,0.044131999999999956,85.12530584566609,3.44389685233147,197.32075471698212,0.5481132075471726,False,-2.8392884548481168,0.3023041987416768,
pre,Precession index,barker_do_warming_variable_threshold_edc3_0_800,"Barker variable-threshold D-O warmings, EDC3 0-800 ka",42,242.18,-0.038671199999999975,88.09572164605535,0.13112734554114525,7.513043478261216,0.020869565217392267,False,0.13112734554114525,-3.010465308048648,
pre,Precession index,barker_do_warming_variable_threshold_edc3_0_800,"Barker variable-threshold D-O warmings, EDC3 0-800 ka",43,243.62,-0.03352299999999994,88.48910368267877,0.5245093821645668,30.05217391304405,0.0834782608695668,False,0.5245093821645668,-2.6170832714252263,
pre,Precession index,barker_do_warming_variable_threshold_edc3_0_800,"Barker variable-threshold D-O warmings, EDC3 0-800 ka",44,248.02,0.0027198000000000994,89.69110435013921,1.7265100496250056,98.92173913043514,0.2747826086956532,False,1.7265100496250056,-1.4150826039647875,
pre,Precession index,barker_do_warming_variable_threshold_edc3_0_800,"Barker variable-threshold D-O warmings, EDC3 0-800 ka",45,251.3,0.024496,90.587141211337,2.6225469108227912,150.2608695652178,0.4173913043478273,False,2.6225469108227912,-0.5190457427670019,
pre,Precession index,barker_do_warming_variable_threshold_edc3_0_800,"Barker variable-threshold D-O warmings, EDC3 0-800 ka",46,256.72,0.018613999999999832,91.93764606242252,3.9730517619083088,227.6390977443617,0.6323308270676714,False,-2.3101335452712775,0.8314591083185158,
pre,Precession index,barker_do_warming_variable_threshold_edc3_0_800,"Barker variable-threshold D-O warmings, EDC3 0-800 ka",47,258.48,0.009135399999999872,92.35337561658176,4.388781316067551,251.45864661654164,0.6984962406015046,False,-1.8944039911120358,1.2471886624777575,
pre,Precession index,barker_do_warming_variable_threshold_edc3_0_800,"Barker variable-threshold D-O warmings, EDC3 0-800 ka",48,261.16,-0.005757400000000115,92.9864183467788,5.021824046264598,287.7293233082713,0.7992481203007537,False,-1.2613612609149885,1.8802313926748049,
pre,Precession index,barker_do_warming_variable_threshold_edc3_0_800,"Barker variable-threshold D-O warmings, EDC3 0-800 ka",49,263.68,-0.016120000000000034,93.58166748114319,5.617073180628978,321.83458646616594,0.8939849624060165,False,-0.6661121265506085,2.475480527039185,
pre,Precession index,barker_do_warming_variable_threshold_edc3_0_800,"Barker variable-threshold D-O warmings, EDC3 0-800 ka",50,276.04,0.015169200000000055,96.5182942982428,2.2705146905489997,130.09090909090983,0.3613636363636384,False,2.2705146905489997,-0.8710779630407934,
pre,Precession index,barker_do_warming_variable_threshold_edc3_0_800,"Barker variable-threshold D-O warmings, EDC3 0-800 ka",51,277.9,0.022447,96.96097326306679,2.713193655372997,155.4545454545451,0.4318181818181809,False,2.713193655372997,-0.42839899821679595,
pre,Precession index,barker_do_warming_variable_threshold_edc3_0_800,"Barker variable-threshold D-O warmings, EDC3 0-800 ka",52,280.52,0.024479200000000038,97.61338147658303,3.365601868889236,192.83478260869546,0.535652173913043,False,-2.9175834382903507,0.22400921529944287,
pre,Precession index,barker_do_warming_variable_threshold_edc3_0_800,"Barker variable-threshold D-O warmings, EDC3 0-800 ka",53,290.28,-0.03088699999999993,100.2796375025862,6.031857894892404,345.6000000000001,0.9600000000000002,False,-0.25132741228718225,2.890265241302611,
pre,Precession index,barker_do_warming_variable_threshold_edc3_0_800,"Barker variable-threshold D-O warmings, EDC3 0-800 ka",54,296.26,-0.0034616000000001067,101.96307832272602,1.4321134078526399,82.0540540540538,0.2279279279279272,False,1.4321134078526399,-1.7094792457371533,
pre,Precession index,barker_do_warming_variable_threshold_edc3_0_800,"Barker variable-threshold D-O warmings, EDC3 0-800 ka",55,300.48,0.031083200000000113,103.15744958382052,2.6264846689471426,150.4864864864865,0.4180180180180181,False,2.6264846689471426,-0.5151079846426505,
pre,Precession index,barker_do_warming_variable_threshold_edc3_0_800,"Barker variable-threshold D-O warmings, EDC3 0-800 ka",56,305.44,0.022023199999999906,104.58594654367354,4.054981628800164,232.3333333333336,0.6453703703703711,False,-2.228203678379423,0.9133889752103705,
pre,Precession index,barker_do_warming_variable_threshold_edc3_0_800,"Barker variable-threshold D-O warmings, EDC3 0-800 ka",57,316.12,-0.022538800000000095,107.70920775166063,0.8950575296076622,51.28301886792477,0.1424528301886799,False,0.8950575296076622,-2.246535123982131,
pre,Precession index,barker_do_warming_variable_threshold_edc3_0_800,"Barker variable-threshold D-O warmings, EDC3 0-800 ka",58,325.98,0.027606399999999864,110.61288335731109,3.798733135258125,217.65137614678946,0.604587155963304,False,-2.4844521719214616,0.6571404816683319,
pre,Precession index,barker_do_warming_variable_threshold_edc3_0_800,"Barker variable-threshold D-O warmings, EDC3 0-800 ka",59,332.76,-0.026737799999999947,112.56701163174583,5.752861409692862,329.61467889908215,0.9155963302752282,False,-0.5303238974867244,2.611268756103069,
pre,Precession index,barker_do_warming_variable_threshold_edc3_0_800,"Barker variable-threshold D-O warmings, EDC3 0-800 ka",60,333.1,-0.028163,112.66500626497708,5.850856042924114,335.2293577981654,0.9311926605504594,False,-0.4323292642554722,2.709263389334321,
pre,Precession index,barker_do_warming_variable_threshold_edc3_0_800,"Barker variable-threshold D-O warmings, EDC3 0-800 ka",61,333.62,-0.029771199999999973,112.81488040991897,6.000730187866004,343.81651376146766,0.9550458715596324,False,-0.282455119313582,2.8591375342762113,
pre,Precession index,barker_do_warming_variable_threshold_edc3_0_800,"Barker variable-threshold D-O warmings, EDC3 0-800 ka",62,334.16,-0.030720000000000025,112.97051894505094,6.156368722997975,352.73394495412816,0.9798165137614671,False,-0.1268165841816116,3.0147760694081818,
pre,Precession index,barker_do_warming_variable_threshold_edc3_0_800,"Barker variable-threshold D-O warmings, EDC3 0-800 ka",63,347.62,0.01801020000000006,117.04676629374543,3.9494307645128828,226.28571428571428,0.6285714285714286,False,-2.333754542666704,0.8078381109230898,
pre,Precession index,barker_do_warming_variable_threshold_edc3_0_800,"Barker variable-threshold D-O warmings, EDC3 0-800 ka",64,349.22,0.008395199999999771,117.55967938004582,4.462343850813269,255.6734693877558,0.710204081632655,False,-1.8208414563663171,1.3207511972234762,
pre,Precession index,barker_do_warming_variable_threshold_edc3_0_800,"Barker variable-threshold D-O warmings, EDC3 0-800 ka",65,363.24,0.008348800000000014,122.16784878651201,2.787327950099872,159.702127659574,0.4436170212765944,False,2.787327950099872,-0.3542647034899212,
pre,Precession index,barker_do_warming_variable_threshold_edc3_0_800,"Barker variable-threshold D-O warmings, EDC3 0-800 ka",66,367.84,0.0031094000000000577,123.9122682392154,4.531747402803255,259.6499999999988,0.7212499999999965,False,-1.7514379043763315,1.3901547492134618,
pre,Precession index,barker_do_warming_variable_threshold_edc3_0_800,"Barker variable-threshold D-O warmings, EDC3 0-800 ka",67,372.94,-0.004036799999999994,125.92147784850165,0.25777170490992773,14.76923076923054,0.04102564102564039,False,0.25777170490992773,-2.8838209486798654,
pre,Precession index,barker_do_warming_variable_threshold_edc3_0_800,"Barker variable-threshold D-O warmings, EDC3 0-800 ka",68,382.0,0.005095,129.47597588053213,3.812269736940408,218.42696629213395,0.6067415730337055,False,-2.4709155702391783,0.6706770833506148,
pre,Precession index,barker_do_warming_variable_threshold_edc3_0_800,"Barker variable-threshold D-O warmings, EDC3 0-800 ka",69,386.8,-0.009219,131.17031798583898,5.506611842247253,315.50561797752664,0.8764044943820185,False,-0.7765734649323337,2.3650191886574596,
pre,Precession index,barker_do_warming_variable_threshold_edc3_0_800,"Barker variable-threshold D-O warmings, EDC3 0-800 ka",70,390.96,-0.00984020000000003,132.5950516193014,0.648160168530076,37.136842105261515,0.10315789473683754,False,0.648160168530076,-2.493432485059717,
pre,Precession index,barker_do_warming_variable_threshold_edc3_0_800,"Barker variable-threshold D-O warmings, EDC3 0-800 ka",71,424.9,-0.004136,143.49878943740876,5.268712679457863,301.8749999999989,0.8385416666666636,False,-1.0144726277217233,2.12712002586807,
pre,Precession index,barker_do_warming_variable_threshold_edc3_0_800,"Barker variable-threshold D-O warmings, EDC3 0-800 ka",72,426.96,-0.008624399999999987,144.17292286099158,5.942846103040679,340.49999999999926,0.9458333333333313,False,-0.34033920413890706,2.8012534494508863,
pre,Precession index,barker_do_warming_variable_threshold_edc3_0_800,"Barker variable-threshold D-O warmings, EDC3 0-800 ka",73,435.92,0.006569600000000025,147.37319468770878,2.8599326225782917,163.8620689655171,0.455172413793103,False,2.8599326225782917,-0.28166003101150144,
pre,Precession index,barker_do_warming_variable_threshold_edc3_0_800,"Barker variable-threshold D-O warmings, EDC3 0-800 ka",74,438.82,0.004555200000000022,148.43840488643914,3.925142821308661,224.89411764705895,0.6247058823529416,False,-2.3580424858709255,0.7835501677188681,
pre,Precession index,barker_do_warming_variable_threshold_edc3_0_800,"Barker variable-threshold D-O warmings, EDC3 0-800 ka",75,443.88,-0.007656400000000016,150.30857651316435,5.795314448033871,332.047058823529,0.9223529411764696,False,-0.48787085914571576,2.6537217944440776,
pre,Precession index,barker_do_warming_variable_threshold_edc3_0_800,"Barker variable-threshold D-O warmings, EDC3 0-800 ka",76,447.54,-0.005544599999999971,151.57027124698376,0.7738238746736954,44.3368421052631,0.12315789473684194,False,0.7738238746736954,-2.3677687789160977,
pre,Precession index,barker_do_warming_variable_threshold_edc3_0_800,"Barker variable-threshold D-O warmings, EDC3 0-800 ka",77,451.94,0.009374800000000036,153.02532468654113,2.228877314231056,127.7052631578937,0.35473684210526024,False,2.228877314231056,-0.912715339358737,
pre,Precession index,barker_do_warming_variable_threshold_edc3_0_800,"Barker variable-threshold D-O warmings, EDC3 0-800 ka",78,454.12,0.013947399999999992,153.74623752704912,2.9497901547390484,169.0105263157895,0.4694736842105264,False,2.9497901547390484,-0.19180249885074474,
pre,Precession index,barker_do_warming_variable_threshold_edc3_0_800,"Barker variable-threshold D-O warmings, EDC3 0-800 ka",79,462.46,-0.016405399999999955,156.35177853994506,5.555331167634989,318.29702970296853,0.8841584158415792,False,-0.7278541395445973,2.413738514045196,
pre,Precession index,barker_do_warming_variable_threshold_edc3_0_800,"Barker variable-threshold D-O warmings, EDC3 0-800 ka",80,467.14,-0.01575600000000011,157.8074868190342,0.7278541395445544,41.70297029702904,0.115841584158414,False,0.7278541395445544,-2.4137385140452388,
pre,Precession index,barker_do_warming_variable_threshold_edc3_0_800,"Barker variable-threshold D-O warmings, EDC3 0-800 ka",81,469.28,-0.002040400000000255,158.47313120306214,1.3934985235724824,79.8415841584147,0.22178217821781862,False,1.3934985235724824,-1.7480941300173107,
pre,Precession index,barker_do_warming_variable_threshold_edc3_0_800,"Barker variable-threshold D-O warmings, EDC3 0-800 ka",82,472.24,0.01975080000000007,159.39383558470828,2.314202905218629,132.5940594059411,0.36831683168316975,False,2.314202905218629,-0.8273897483711643,
pre,Precession index,barker_do_warming_variable_threshold_edc3_0_800,"Barker variable-threshold D-O warmings, EDC3 0-800 ka",83,477.28,0.020672800000000206,160.95426361891705,3.874630939427398,221.99999999999923,0.6166666666666645,False,-2.408554367752189,0.7330382858376048,
pre,Precession index,barker_do_warming_variable_threshold_edc3_0_800,"Barker variable-threshold D-O warmings, EDC3 0-800 ka",84,488.7,-0.015306,164.450292366758,1.08747438008875,62.30769230769091,0.1730769230769192,False,1.08747438008875,-2.054118273501043,
pre,Precession index,barker_do_warming_variable_threshold_edc3_0_800,"Barker variable-threshold D-O warmings, EDC3 0-800 ka",85,504.62,-0.028418599999999957,169.20736582900798,5.844547842338741,334.86792452830156,0.9301886792452821,False,-0.43863746484084515,2.7029551887489482,
pre,Precession index,barker_do_warming_variable_threshold_edc3_0_800,"Barker variable-threshold D-O warmings, EDC3 0-800 ka",86,507.9,-0.026904,170.1845620344642,0.5385587406153647,30.857142857141227,0.08571428571428119,False,0.5385587406153647,-2.6030339129744284,
pre,Precession index,barker_do_warming_variable_threshold_edc3_0_800,"Barker variable-threshold D-O warmings, EDC3 0-800 ka",87,515.92,0.023432999999999968,172.5841404232061,2.9381371293572656,168.3428571428545,0.46761904761904033,False,2.9381371293572656,-0.20345552423252758,
pre,Precession index,barker_do_warming_variable_threshold_edc3_0_800,"Barker variable-threshold D-O warmings, EDC3 0-800 ka",88,522.08,0.003268399999999879,174.25904276296615,4.613039469117318,264.3076923076922,0.7341880341880338,False,-1.6701458380622685,1.4714468155275249,
pre,Precession index,barker_do_warming_variable_threshold_edc3_0_800,"Barker variable-threshold D-O warmings, EDC3 0-800 ka",89,528.66,-0.014225200000000016,175.99650844360534,0.06731984257692147,3.8571428571427044,0.01071428571428529,False,0.06731984257692147,-3.0742728110128716,
pre,Precession index,barker_do_warming_variable_threshold_edc3_0_800,"Barker variable-threshold D-O warmings, EDC3 0-800 ka",90,537.84,0.001997400000000171,177.71316442931692,1.7839758282885043,102.21428571428655,0.28392857142857375,False,1.7839758282885043,-1.3576168253012888,
pre,Precession index,barker_do_warming_variable_threshold_edc3_0_800,"Barker variable-threshold D-O warmings, EDC3 0-800 ka",91,547.84,0.012030199999999762,179.8393494573714,3.9101608563429977,224.03571428571357,0.6223214285714266,False,-2.373024450836589,0.7685682027532046,
pre,Precession index,barker_do_warming_variable_threshold_edc3_0_800,"Barker variable-threshold D-O warmings, EDC3 0-800 ka",92,550.64,-0.0018445999999997275,180.62474762076886,4.695559019740443,269.0357142857134,0.7473214285714261,False,-1.5876262874391431,1.5539663661506502,
pre,Precession index,barker_do_warming_variable_threshold_edc3_0_800,"Barker variable-threshold D-O warmings, EDC3 0-800 ka",93,555.64,-0.02622499999999993,182.02724434112145,6.098055740093031,349.3928571428563,0.9705357142857121,False,-0.18512956708655562,2.9564630865032377,
pre,Precession index,barker_do_warming_variable_threshold_edc3_0_800,"Barker variable-threshold D-O warmings, EDC3 0-800 ka",94,579.92,-0.03764880000000013,188.96247482078348,0.46691560539589716,26.752293577980673,0.07431192660550187,False,0.4669156053958972,-2.674677048193896,
pre,Precession index,barker_do_warming_variable_threshold_edc3_0_800,"Barker variable-threshold D-O warmings, EDC3 0-800 ka",95,584.92,0.015919199999999724,190.40357236830172,1.9080131529141369,109.32110091742942,0.30366972477063725,False,1.9080131529141369,-1.2335795006756562,
pre,Precession index,barker_do_warming_variable_threshold_edc3_0_800,"Barker variable-threshold D-O warmings, EDC3 0-800 ka",96,586.24,0.0307196,190.78402212084654,2.2884629054589567,131.11926605504414,0.36422018348623375,False,2.2884629054589567,-0.8531297481308364,
pre,Precession index,barker_do_warming_variable_threshold_edc3_0_800,"Barker variable-threshold D-O warmings, EDC3 0-800 ka",97,590.38,0.0435947999999999,191.99020704338076,3.4946478279931767,200.2285714285691,0.5561904761904697,False,-2.78853747918641,0.35305517440338363,
pre,Precession index,barker_do_warming_variable_threshold_edc3_0_800,"Barker variable-threshold D-O warmings, EDC3 0-800 ka",98,595.26,-0.0106774,193.45029962904917,4.9547404136615825,283.8857142857123,0.7885714285714231,False,-1.328444893518004,1.8131477600717893,
pre,Precession index,barker_do_warming_variable_threshold_edc3_0_800,"Barker variable-threshold D-O warmings, EDC3 0-800 ka",99,601.92,-0.03760400000000019,195.4367007198284,0.6579561972612211,37.69811320754503,0.10471698113206951,False,0.6579561972612211,-2.483636456328572,
pre,Precession index,barker_do_warming_variable_threshold_edc3_0_800,"Barker variable-threshold D-O warmings, EDC3 0-800 ka",100,618.6,-0.02591,200.3572735336145,5.578529011047316,319.62616822430016,0.8878504672897227,False,-0.7046562961322709,2.4369363574575225,
pre,Precession index,barker_do_warming_variable_threshold_edc3_0_800,"Barker variable-threshold D-O warmings, EDC3 0-800 ka",101,621.02,-0.0341678,201.06753981662817,0.005609986881410123,0.3214285714285587,0.0008928571428571075,False,0.005609986881410123,-3.135982666708383,
pre,Precession index,barker_do_warming_variable_threshold_edc3_0_800,"Barker variable-threshold D-O warmings, EDC3 0-800 ka",102,625.78,-0.0098954,202.4027166944038,1.3407868646570478,76.82142857142716,0.21339285714285322,False,1.3407868646570478,-1.8008057889327453,
pre,Precession index,barker_do_warming_variable_threshold_edc3_0_800,"Barker variable-threshold D-O warmings, EDC3 0-800 ka",103,634.0,0.019221,204.55917448185613,3.497244652109373,200.37735849056492,0.5566037735849025,False,-2.7859406550702137,0.35565199851957985,
pre,Precession index,barker_do_warming_variable_threshold_edc3_0_800,"Barker variable-threshold D-O warmings, EDC3 0-800 ka",104,637.98,0.005175999999999914,205.3455605674717,4.283630737724934,245.43396226414998,0.6817610062893056,False,-1.9995545694546524,1.142038084135141,
pre,Precession index,barker_do_warming_variable_threshold_edc3_0_800,"Barker variable-threshold D-O warmings, EDC3 0-800 ka",105,643.28,-0.009641,206.39275811866827,5.330828288921509,305.4339622641487,0.8484276729559687,False,-0.9523570182580772,2.189235635331716,
pre,Precession index,barker_do_warming_variable_threshold_edc3_0_800,"Barker variable-threshold D-O warmings, EDC3 0-800 ka",106,644.52,-0.011591599999999968,206.63776282875955,5.575832999012789,319.4716981132053,0.8874213836477925,False,-0.7073523081667974,2.434240345422996,
pre,Precession index,barker_do_warming_variable_threshold_edc3_0_800,"Barker variable-threshold D-O warmings, EDC3 0-800 ka",107,650.0,-0.013038,207.82263722027196,0.47752208334561175,27.359999999997893,0.07599999999999414,False,0.47752208334561175,-2.6640705702441814,
pre,Precession index,barker_do_warming_variable_threshold_edc3_0_800,"Barker variable-threshold D-O warmings, EDC3 0-800 ka",108,652.1,-0.008112,208.35042478607505,1.0053096491487068,57.59999999999845,0.1599999999999957,False,1.0053096491487068,-2.1362830044410863,
pre,Precession index,barker_do_warming_variable_threshold_edc3_0_800,"Barker variable-threshold D-O warmings, EDC3 0-800 ka",109,656.84,0.014062200000000333,209.54171672031632,2.1966015833899704,125.85599999999926,0.3495999999999979,False,2.1966015833899704,-0.9449910701998228,
pre,Precession index,barker_do_warming_variable_threshold_edc3_0_800,"Barker variable-threshold D-O warmings, EDC3 0-800 ka",110,660.42,0.024857599999999994,210.44146885630443,3.0963537193780795,177.40799999999882,0.49279999999999674,False,3.0963537193780795,-0.045238934211713655,
pre,Precession index,barker_do_warming_variable_threshold_edc3_0_800,"Barker variable-threshold D-O warmings, EDC3 0-800 ka",111,663.88,0.01415359999999986,211.4320677816881,4.086952644761745,234.16513761467758,0.6504587155963266,False,-2.196232662417842,0.9453599911719515,
pre,Precession index,barker_do_warming_variable_threshold_edc3_0_800,"Barker variable-threshold D-O warmings, EDC3 0-800 ka",112,670.34,-0.03134100000000021,213.29396581308168,5.948850676155338,340.84403669724696,0.946788990825686,False,-0.3343346310242484,2.807258022565545,
pre,Precession index,barker_do_warming_variable_threshold_edc3_0_800,"Barker variable-threshold D-O warmings, EDC3 0-800 ka",113,676.4,-0.002804,215.0805461047276,1.4522456606216707,83.20754716980983,0.23113207547169395,False,1.4522456606216707,-1.6893469929681224,
pre,Precession index,barker_do_warming_variable_threshold_edc3_0_800,"Barker variable-threshold D-O warmings, EDC3 0-800 ka",114,679.06,0.023796399999999416,215.8689080347794,2.240607590673463,128.37735849056534,0.3566037735849037,False,2.240607590673463,-0.9009850629163303,
pre,Precession index,barker_do_warming_variable_threshold_edc3_0_800,"Barker variable-threshold D-O warmings, EDC3 0-800 ka",115,682.88,0.036794999999999946,217.00106689673345,3.3727664526275163,193.24528301886699,0.5367924528301861,False,-2.9104188545520704,0.23117379903772317,
pre,Precession index,barker_do_warming_variable_threshold_edc3_0_800,"Barker variable-threshold D-O warmings, EDC3 0-800 ka",116,693.5,-0.038016,220.14419631821806,0.23271056693254621,13.333333333331554,0.037037037037032094,False,0.2327105669325462,-2.908882086657247,
pre,Precession index,barker_do_warming_variable_threshold_edc3_0_800,"Barker variable-threshold D-O warmings, EDC3 0-800 ka",117,701.8,0.032725,222.55856845014355,2.6470826988580356,151.6666666666649,0.4212962962962914,False,2.6470826988580356,-0.4945099547317575,
pre,Precession index,barker_do_warming_variable_threshold_edc3_0_800,"Barker variable-threshold D-O warmings, EDC3 0-800 ka",118,714.94,-0.03125279999999982,226.48998076790255,0.29530970943744705,16.92000000000037,0.047000000000001034,False,0.29530970943744705,-2.846282944152346,
pre,Precession index,barker_do_warming_variable_threshold_edc3_0_800,"Barker variable-threshold D-O warmings, EDC3 0-800 ka",119,724.8,0.024932,229.5953641370932,3.400693078628109,194.84536082474125,0.541237113402059,False,-2.882492228551478,0.2591004250383158,
pre,Precession index,barker_do_warming_variable_threshold_edc3_0_800,"Barker variable-threshold D-O warmings, EDC3 0-800 ka",120,725.94,0.021394399999999703,229.96458224277285,3.7699111843077446,215.9999999999996,0.5999999999999989,False,-2.513274122871842,0.6283185307179515,
pre,Precession index,barker_do_warming_variable_threshold_edc3_0_800,"Barker variable-threshold D-O warmings, EDC3 0-800 ka",121,736.18,-0.011901600000000326,233.34353967463383,0.8656833089891407,49.59999999999732,0.13777777777777034,False,0.8656833089891407,-2.2759093446006524,
pre,Precession index,barker_do_warming_variable_threshold_edc3_0_800,"Barker variable-threshold D-O warmings, EDC3 0-800 ka",122,757.46,0.010212800000000091,241.35094000675926,2.5898983339349826,148.39024390243802,0.4121951219512167,False,2.5898983339349826,-0.5516943196548105,
pre,Precession index,barker_do_warming_variable_threshold_edc3_0_800,"Barker variable-threshold D-O warmings, EDC3 0-800 ka",123,764.24,-0.0058304,243.72612397534553,4.965082302521253,284.47826086956485,0.7902173913043468,False,-1.3181030046583333,1.82348964893146,
pre,Precession index,barker_do_warming_variable_threshold_edc3_0_800,"Barker variable-threshold D-O warmings, EDC3 0-800 ka",124,770.24,-0.0130376,245.74454034236658,0.7003133623627136,40.12499999999936,0.11145833333333156,False,0.7003133623627136,-2.4412792912270795,
pre,Precession index,barker_do_warming_variable_threshold_edc3_0_800,"Barker variable-threshold D-O warmings, EDC3 0-800 ka",125,787.44,-0.019862000000000025,251.27663907258,6.2324120925761335,357.09090909091015,0.9919191919191949,False,-0.050773214603452986,3.0908194389863404,
pre,Precession index,barker_do_warming_variable_threshold_edc3_0_800,"Barker variable-threshold D-O warmings, EDC3 0-800 ka",126,799.0,0.014713,255.00949399945534,3.682081712271895,210.96774193548313,0.586021505376342,False,-2.6011035949076917,0.5404890586821018,
pre,Precession index,barker_do_warming_variable_threshold_speleo,"Barker variable-threshold D-O warmings, SpeleoAge 0-400 ka",1,11.402407613184174,-0.01960431298971394,25.103541654864355,6.253985733325596,358.3269876545858,0.9953527434849606,False,-0.029199573853990548,3.112393079735803,
pre,Precession index,barker_do_warming_variable_threshold_speleo,"Barker variable-threshold D-O warmings, SpeleoAge 0-400 ka",2,14.572905393916493,-0.012717235860098245,26.018412514104078,0.8856712853857331,50.74522668852918,0.14095896302369215,False,0.8856712853857331,-2.25592136820406,
pre,Precession index,barker_do_warming_variable_threshold_speleo,"Barker variable-threshold D-O warmings, SpeleoAge 0-400 ka",3,27.9793910080915,0.0004851292510798813,29.839349400390745,4.7066081716724,269.66878405861337,0.7490799557183704,False,-1.5765771355071865,1.5650155180826069,
pre,Precession index,barker_do_warming_variable_threshold_speleo,"Barker variable-threshold D-O warmings, SpeleoAge 0-400 ka",4,29.831152498377676,-0.007665002543802723,30.35876728379106,5.226026055072715,299.4292365810697,0.8317478793918603,False,-1.0571592521068711,2.084433401482922,
pre,Precession index,barker_do_warming_variable_threshold_speleo,"Barker variable-threshold D-O warmings, SpeleoAge 0-400 ka",5,32.919723059451826,-0.015000017219238207,31.22510930028787,6.092368071569524,349.06697774119,0.9696304937255278,False,-0.1908172356100624,2.950775417979731,
pre,Precession index,barker_do_warming_variable_threshold_speleo,"Barker variable-threshold D-O warmings, SpeleoAge 0-400 ka",6,33.89269230769231,-0.015199753846153845,31.48403912875781,0.06811259285987958,3.902564102564006,0.010840455840455572,False,0.06811259285987958,-3.0734800607299135,
pre,Precession index,barker_do_warming_variable_threshold_speleo,"Barker variable-threshold D-O warmings, SpeleoAge 0-400 ka",7,35.39842363460608,-0.013652711348477536,31.83443871949206,0.4185121835941281,23.978981794747792,0.06660828276318832,False,0.4185121835941281,-2.723080469995665,
pre,Precession index,barker_do_warming_variable_threshold_speleo,"Barker variable-threshold D-O warmings, SpeleoAge 0-400 ka",8,37.459285386819474,-0.008683072378223524,32.3140230262193,0.8980964903213717,51.45713849092639,0.14293649580812887,False,0.8980964903213717,-2.2434961632684214,
pre,Precession index,barker_do_warming_variable_threshold_speleo,"Barker variable-threshold D-O warmings, SpeleoAge 0-400 ka",9,38.56610487106016,-0.005183548681948461,32.57159161588897,1.1556650799910386,66.21473161413519,0.18392981003926442,False,1.1556650799910386,-1.9859275735987545,
pre,Precession index,barker_do_warming_variable_threshold_speleo,"Barker variable-threshold D-O warmings, SpeleoAge 0-400 ka",10,41.7,0.005054,33.3008821280518,1.8849555921538723,107.9999999999998,0.29999999999999943,False,1.8849555921538723,-1.2566370614359208,
pre,Precession index,barker_do_warming_variable_threshold_speleo,"Barker variable-threshold D-O warmings, SpeleoAge 0-400 ka",11,43.69368493150685,0.010187612054794518,33.7648336787477,2.348907142849768,134.5824657534245,0.3738401826484013,False,2.348907142849768,-0.792685510740025,
pre,Precession index,barker_do_warming_variable_threshold_speleo,"Barker variable-threshold D-O warmings, SpeleoAge 0-400 ka",12,47.59259421182266,0.013890517967980296,34.67565127781313,3.2597247419152,186.76847008611247,0.5188013057947568,False,-3.023460565264387,0.11813208832540668,
pre,Precession index,barker_do_warming_variable_threshold_speleo,"Barker variable-threshold D-O warmings, SpeleoAge 0-400 ka",13,53.86740350377438,-0.0013298515596068714,36.180452405620194,4.764525869722263,272.9872237159836,0.7582978436555099,False,-1.5186594374573235,1.6229332161324699,
pre,Precession index,barker_do_warming_variable_threshold_speleo,"Barker variable-threshold D-O warmings, SpeleoAge 0-400 ka",14,57.659007848363686,-0.014947091426032856,37.08974067693935,5.673814141041419,325.08560402331767,0.903015566731438,False,-0.6093711661381678,2.5322214874516256,
pre,Precession index,barker_do_warming_variable_threshold_speleo,"Barker variable-threshold D-O warmings, SpeleoAge 0-400 ka",15,59.30156174121076,-0.018030436801913904,37.48365176418314,6.067725228285212,347.6550468257966,0.9657084634049906,False,-0.21546007889437416,2.926132574695419,
pre,Precession index,barker_do_warming_variable_threshold_speleo,"Barker variable-threshold D-O warmings, SpeleoAge 0-400 ka",16,64.65434996081451,-0.005656749704940086,38.91595993989603,1.2168480968185094,69.72026025622716,0.193667389600631,False,1.2168480968185094,-1.9247445567712838,
pre,Precession index,barker_do_warming_variable_threshold_speleo,"Barker variable-threshold D-O warmings, SpeleoAge 0-400 ka",17,71.61500992699125,0.02408575049634956,40.81748674110276,3.1183748980252446,178.669720596385,0.49630477943440277,False,3.1183748980252446,-0.023217755564548526,
pre,Precession index,barker_do_warming_variable_threshold_speleo,"Barker variable-threshold D-O warmings, SpeleoAge 0-400 ka",18,75.81552948948948,0.008838952420420487,41.98489186036752,4.285780017290001,245.55710691222205,0.6821030747561724,False,-1.997405289889585,1.1441873637002082,
pre,Precession index,barker_do_warming_variable_threshold_speleo,"Barker variable-threshold D-O warmings, SpeleoAge 0-400 ka",19,83.58291495284391,-0.030172672907058867,44.14153900534598,0.15924185508887945,9.123886218426643,0.025344128384518452,False,0.15924185508887945,-2.9823507985009137,
pre,Precession index,barker_do_warming_variable_threshold_speleo,"Barker variable-threshold D-O warmings, SpeleoAge 0-400 ka",20,90.66614054416556,0.01917562792201578,46.07654852546905,2.0942513752119467,119.99176503911313,0.33331045844198093,False,2.0942513752119467,-1.0473412783778464,
pre,Precession index,barker_do_warming_variable_threshold_speleo,"Barker variable-threshold D-O warmings, SpeleoAge 0-400 ka",21,103.35484795138207,-0.03420303261870212,49.65282846500295,5.670531314745844,324.8975119317067,0.9024930886991853,False,-0.6126539924337424,2.528938661156051,
pre,Precession index,barker_do_warming_variable_threshold_speleo,"Barker variable-threshold D-O warmings, SpeleoAge 0-400 ka",22,109.77761542012928,-0.01299762957063699,51.53326785165939,1.2677853942226989,72.63875241728991,0.20177431227024975,False,1.2677853942226989,-1.8738072593670942,
pre,Precession index,barker_do_warming_variable_threshold_speleo,"Barker variable-threshold D-O warmings, SpeleoAge 0-400 ka",23,125.32790820673185,-0.03640468083914025,56.06673828811546,5.80125583067877,332.387474973554,0.9232985415932056,False,-0.4819294765008169,2.6596631770889765,
pre,Precession index,barker_do_warming_variable_threshold_speleo,"Barker variable-threshold D-O warmings, SpeleoAge 0-400 ka",24,129.07452589072466,-0.03459476879816797,57.11539083400606,0.5667230693897807,32.47084002873413,0.09019677785759479,False,0.5667230693897807,-2.5748695842000124,
pre,Precession index,barker_do_warming_variable_threshold_speleo,"Barker variable-threshold D-O warmings, SpeleoAge 0-400 ka",25,147.36634425456978,-0.018861835365956318,61.99228041608661,5.443612651470332,311.8960302332696,0.8663778617590822,False,-0.8395726557092547,2.3020199978805387,
pre,Precession index,barker_do_warming_variable_threshold_speleo,"Barker variable-threshold D-O warmings, SpeleoAge 0-400 ka",26,149.0832320742082,-0.026164211411493415,62.438045883955525,5.8893781193392485,337.43651019483303,0.9373236394300917,False,-0.39380718784033797,2.7477854657494554,
pre,Precession index,barker_do_warming_variable_threshold_speleo,"Barker variable-threshold D-O warmings, SpeleoAge 0-400 ka",27,150.97180867581042,-0.02814647862099754,62.923108650269846,0.09125557847398369,5.228559503584151,0.014523776398844864,False,0.09125557847398369,-3.0503370751158094,
pre,Precession index,barker_do_warming_variable_threshold_speleo,"Barker variable-threshold D-O warmings, SpeleoAge 0-400 ka",28,160.69435786143114,0.023396271848126062,65.30938123587231,2.477528164076446,141.9519074263757,0.39431085396215476,False,2.477528164076446,-0.664064489513347,
pre,Precession index,barker_do_warming_variable_threshold_speleo,"Barker variable-threshold D-O warmings, SpeleoAge 0-400 ka",29,164.03352385202012,0.029478447570176855,66.13658292861355,3.304729856817687,189.3470732265263,0.5259640922959065,False,-2.9784554503618996,0.16313720322789393,
pre,Precession index,barker_do_warming_variable_threshold_speleo,"Barker variable-threshold D-O warmings, SpeleoAge 0-400 ka",30,169.48426684230336,-0.0009285828227324497,67.54019064458731,4.70833757279145,269.7678714438201,0.7493551984550558,False,-1.5748477343881364,1.566744919201657,
pre,Precession index,barker_do_warming_variable_threshold_speleo,"Barker variable-threshold D-O warmings, SpeleoAge 0-400 ka",31,173.18254908054905,-0.029252274851074747,68.49252640774914,5.660673335953277,324.3326913523631,0.9009241426454532,False,-0.6225119712263097,2.5190806823634837,
pre,Precession index,barker_do_warming_variable_threshold_speleo,"Barker variable-threshold D-O warmings, SpeleoAge 0-400 ka",32,176.294819690442,-0.03553727275410881,69.30821009889246,0.19317171991701088,11.067924272527948,0.030744234090355413,False,0.1931717199170109,-2.9484209336727822,
pre,Precession index,barker_do_warming_variable_threshold_speleo,"Barker variable-threshold D-O warmings, SpeleoAge 0-400 ka",33,177.9590564102564,-0.028797393641025664,69.77089628055647,0.6558579015810224,37.57788972089911,0.10438302700249752,False,0.6558579015810224,-2.4857347520087707,
pre,Precession index,barker_do_warming_variable_threshold_speleo,"Barker variable-threshold D-O warmings, SpeleoAge 0-400 ka",34,178.65,-0.02397049999999989,69.9629903783957,0.8479519994202533,48.584070796460146,0.13495575221238928,False,0.8479519994202533,-2.2936406541695398,
pre,Precession index,barker_do_warming_variable_threshold_speleo,"Barker variable-threshold D-O warmings, SpeleoAge 0-400 ka",35,189.97930809248555,0.026774710849710958,73.13607936724635,4.021040988270904,230.38867787703637,0.6399685496584344,False,-2.262144318908682,0.8794483346811113,
pre,Precession index,barker_do_warming_variable_threshold_speleo,"Barker variable-threshold D-O warmings, SpeleoAge 0-400 ka",36,192.67904271003977,-0.004842842417505163,73.90712177098729,4.79208339201184,274.566153437014,0.7626837595472612,False,-1.4911019151677467,1.6504907384220466,
pre,Precession index,barker_do_warming_variable_threshold_speleo,"Barker variable-threshold D-O warmings, SpeleoAge 0-400 ka",37,199.07712332556784,-0.0438737423005242,75.72840600686692,0.33018232071188436,18.91805344662596,0.052550148462849895,False,0.33018232071188436,-2.8114103328779088,
pre,Precession index,barker_do_warming_variable_threshold_speleo,"Barker variable-threshold D-O warmings, SpeleoAge 0-400 ka",38,216.8483851073425,-0.027505396436585436,80.71323327996016,5.315009593805129,304.52761779657595,0.8459100494349332,False,-0.9681757133744571,2.1734169402153363,
pre,Precession index,barker_do_warming_variable_threshold_speleo,"Barker variable-threshold D-O warmings, SpeleoAge 0-400 ka",39,226.71390956408098,0.012145779115093321,83.54713965697408,1.8657306636394608,106.8984927346833,0.2969402575963425,False,1.8657306636394608,-1.2758619899503323,
pre,Precession index,barker_do_warming_variable_threshold_speleo,"Barker variable-threshold D-O warmings, SpeleoAge 0-400 ka",40,229.5815786411596,0.04202320870131129,84.38131077785157,2.699901784516946,154.69297735266045,0.42970271486850126,False,2.699901784516946,-0.44169086907284694,
pre,Precession index,barker_do_warming_variable_threshold_speleo,"Barker variable-threshold D-O warmings, SpeleoAge 0-400 ka",41,232.02721911054135,0.04451503479341293,85.09780775503242,3.416398761697799,195.74523017900458,0.5437367504972349,False,-2.8667865454817876,0.27480610810800593,
pre,Precession index,barker_do_warming_variable_threshold_speleo,"Barker variable-threshold D-O warmings, SpeleoAge 0-400 ka",42,242.4522797554482,-0.0381400969795878,88.17010356600642,0.2055092654922106,11.774813563537196,0.03270781545426999,False,0.2055092654922106,-2.9360833880975825,
pre,Precession index,barker_do_warming_variable_threshold_speleo,"Barker variable-threshold D-O warmings, SpeleoAge 0-400 ka",43,243.88598166641825,-0.03201628761812493,88.56176507826217,0.5971707777479622,34.215365213503134,0.09504268114861981,False,0.5971707777479622,-2.544421875841831,
pre,Precession index,barker_do_warming_variable_threshold_speleo,"Barker variable-threshold D-O warmings, SpeleoAge 0-400 ka",44,248.50922296641428,0.006919919539895141,89.82475124381352,1.860156943299316,106.57914208300679,0.2960531724527966,False,1.860156943299316,-1.2814357102904772,
pre,Precession index,barker_do_warming_variable_threshold_speleo,"Barker variable-threshold D-O warmings, SpeleoAge 0-400 ka",45,251.8764368154625,0.02638472997883114,90.74461335609489,2.7800190555806807,159.28335885071803,0.44245377458532786,False,2.7800190555806807,-0.3615735980091124,
pre,Precession index,barker_do_warming_variable_threshold_speleo,"Barker variable-threshold D-O warmings, SpeleoAge 0-400 ka",46,257.6451326277037,0.01378957585273798,92.1561716163165,4.1915773158022915,240.15968969824553,0.6671102491617932,False,-2.091607991377295,1.0499846622124984,
pre,Precession index,barker_do_warming_variable_threshold_speleo,"Barker variable-threshold D-O warmings, SpeleoAge 0-400 ka",47,259.51836226415094,0.003115131622641569,92.5986471399518,4.634052839437587,265.51166974038904,0.7375324159455251,False,-1.6491324677419998,1.4924601858477935,
pre,Precession index,barker_do_warming_variable_threshold_speleo,"Barker variable-threshold D-O warmings, SpeleoAge 0-400 ka",48,261.9851063719653,-0.009728085056161724,93.1813167014101,5.21672240089589,298.89617646268835,0.830267156840801,False,-1.0664629062836968,2.0751297473060966,
pre,Precession index,barker_do_warming_variable_threshold_speleo,"Barker variable-threshold D-O warmings, SpeleoAge 0-400 ka",49,264.30493887083725,-0.017794556957759135,93.72928427554656,5.764689975032354,330.29240577072983,0.9174789049186939,False,-0.5184953321472323,2.623097321442561,
pre,Precession index,barker_do_warming_variable_threshold_speleo,"Barker variable-threshold D-O warmings, SpeleoAge 0-400 ka",50,276.9088177368622,0.01900183006060579,96.72507243607875,2.477292828384954,141.9384236844844,0.3942733991235678,False,2.477292828384954,-0.6642998252048393,
pre,Precession index,barker_do_warming_variable_threshold_speleo,"Barker variable-threshold D-O warmings, SpeleoAge 0-400 ka",51,278.80551795456495,0.02448294585457351,97.17648603229065,2.928706424596861,167.8025175622494,0.4661181043395817,False,2.928706424596861,-0.21288622899293227,
pre,Precession index,barker_do_warming_variable_threshold_speleo,"Barker variable-threshold D-O warmings, SpeleoAge 0-400 ka",52,281.47721396014634,0.022211776025539,97.87487507180994,3.6270954641161453,207.81726198489966,0.5772701721802769,False,-2.6560898430634414,0.48550281052635214,
pre,Precession index,barker_do_warming_variable_threshold_speleo,"Barker variable-threshold D-O warmings, SpeleoAge 0-400 ka",53,291.42979144658676,-0.03172044390185512,100.59600195275219,0.06503703787880966,3.7263477824882614,0.010350966062467392,False,0.06503703787880966,-3.0765556157109835,
pre,Precession index,barker_do_warming_variable_threshold_speleo,"Barker variable-threshold D-O warmings, SpeleoAge 0-400 ka",54,297.52778461963123,0.00853706403974829,102.32189479546184,1.7909298805884646,102.61272356158752,0.285035343226632,False,1.7909298805884646,-1.3506627730013285,
pre,Precession index,barker_do_warming_variable_threshold_speleo,"Barker variable-threshold D-O warmings, SpeleoAge 0-400 ka",55,301.83105070495697,0.03534998693054319,103.53983255402954,3.008867639156165,172.39541683714017,0.4788761578809449,False,3.008867639156165,-0.13272501443362827,
pre,Precession index,barker_do_warming_variable_threshold_speleo,"Barker variable-threshold D-O warmings, SpeleoAge 0-400 ka",56,306.8889179521644,0.008492482785531382,105.00741969128224,4.476454776408858,256.4819658694061,0.7124499051927948,False,-1.8067305307707289,1.3348621228190645,
pre,Precession index,barker_do_warming_variable_threshold_speleo,"Barker variable-threshold D-O warmings, SpeleoAge 0-400 ka",57,317.7801584879551,-0.006543550140387716,108.20123998841105,1.3870897663580806,79.47438941810546,0.22076219282807072,False,1.3870897663580806,-1.7545028872317125,
pre,Precession index,barker_do_warming_variable_threshold_speleo,"Barker variable-threshold D-O warmings, SpeleoAge 0-400 ka",58,327.90134618362464,0.012716803576360566,111.1666528119421,4.352502589889134,249.3800287204076,0.6927223020011323,False,-1.9306827172904522,1.2109099362993412,
pre,Precession index,barker_do_warming_variable_threshold_speleo,"Barker variable-threshold D-O warmings, SpeleoAge 0-400 ka",59,334.8609458364278,-0.030842947372864818,113.17541034091887,0.0780748116863208,4.4733571959048595,0.012425992210846832,False,0.0780748116863208,-3.0635178419034723,
pre,Precession index,barker_do_warming_variable_threshold_speleo,"Barker variable-threshold D-O warmings, SpeleoAge 0-400 ka",60,335.20995230869227,-0.03043898155213621,113.27983283323519,0.18249730400263786,10.456325291867095,0.029045348032964154,False,0.18249730400263783,-2.9590953495871553,
pre,Precession index,barker_do_warming_variable_threshold_speleo,"Barker variable-threshold D-O warmings, SpeleoAge 0-400 ka",61,335.743726913332,-0.02923175468220384,113.43953782148367,0.3422022922511161,19.606747085691307,0.05446318634914252,False,0.3422022922511161,-2.799390361338677,
pre,Precession index,barker_do_warming_variable_threshold_speleo,"Barker variable-threshold D-O warmings, SpeleoAge 0-400 ka",62,336.25253465346543,-0.027460234653465004,113.59177274134012,0.4944372121075702,28.329165487978457,0.07869212635549572,False,0.4944372121075702,-2.647155441482223,
pre,Precession index,barker_do_warming_variable_threshold_speleo,"Barker variable-threshold D-O warmings, SpeleoAge 0-400 ka",63,349.3827409805063,0.007303980610997561,117.61184936665771,4.514513837425156,258.6625894378709,0.7185071928829747,False,-1.7686714697544306,1.3729211838353628,
pre,Precession index,barker_do_warming_variable_threshold_speleo,"Barker variable-threshold D-O warmings, SpeleoAge 0-400 ka",64,351.12312290502797,-0.0041944370949722,118.16976478181259,5.0724292525800365,290.62878805153474,0.807302189032041,False,-1.21075605459955,1.9308365989902434,
pre,Precession index,barker_do_warming_variable_threshold_speleo,"Barker variable-threshold D-O warmings, SpeleoAge 0-400 ka",65,366.8049739836804,0.005651659317208747,123.5058144730724,4.125293636660267,236.36191463280818,0.6565608739800227,False,-2.15789167051932,0.9837009830704737,
pre,Precession index,barker_do_warming_variable_threshold_speleo,"Barker variable-threshold D-O warmings, SpeleoAge 0-400 ka",66,372.804462591687,-0.004106813330073368,125.86688767847053,0.20318153487880863,11.641444423545865,0.03233734562096074,False,0.20318153487880863,-2.9384111187109845,
pre,Precession index,barker_do_warming_variable_threshold_speleo,"Barker variable-threshold D-O warmings, SpeleoAge 0-400 ka",67,378.1905631536605,0.00533533483507643,128.03623818577717,2.3725320421854406,135.93607277677992,0.37760020215772205,False,2.3725320421854406,-0.7690606114043526,
pre,Precession index,barker_do_warming_variable_threshold_speleo,"Barker variable-threshold D-O warmings, SpeleoAge 0-400 ka",68,387.3781174577635,-0.010579046661303371,131.37438647552682,5.7106803319350945,327.19788116824895,0.9088830032451359,False,-0.572504975244492,2.5690876783453014,
pre,Precession index,barker_do_warming_variable_threshold_speleo,"Barker variable-threshold D-O warmings, SpeleoAge 0-400 ka",69,392.2456958970233,-0.0055518720836685645,133.02022349138971,1.0733320406184035,61.49739594359877,0.17082609984332991,False,1.0733320406184035,-2.0682606129713896,
pre,Precession index,barker_do_warming_variable_threshold_speleo,"Barker variable-threshold D-O warmings, SpeleoAge 0-400 ka",70,396.4642638777152,0.012230791633145659,134.4152784573698,2.4683870065984834,141.42815768302398,0.3928559935639555,False,2.4683870065984834,-0.6732056469913097,
obl,Obliquity,barker_do_warming_variable_threshold_edc3,"Barker variable-threshold D-O warmings, EDC3 0-640 ka",1,11.5,0.422122,9.750331603628425,3.4671462964488384,198.6528497409326,0.5518134715025905,False,-2.8160390107307482,0.3255536428590453,
obl,Obliquity,barker_do_warming_variable_threshold_edc3,"Barker variable-threshold D-O warmings, EDC3 0-640 ka",2,14.3,0.418285,10.20610670363109,3.9229213964515033,224.76683937823833,0.6243523316062176,False,-2.3602639107280834,0.7813287428617102,
obl,Obliquity,barker_do_warming_variable_threshold_edc3,"Barker variable-threshold D-O warmings, EDC3 0-640 ka",3,27.38,0.3880634,12.33522752792925,6.052042220749664,346.7564766839378,0.9632124352331607,False,-0.23114308642992243,2.910449567159871,
obl,Obliquity,barker_do_warming_variable_threshold_edc3,"Barker variable-threshold D-O warmings, EDC3 0-640 ka",4,29.26,0.38764160000000003,12.639727600179036,0.0733569858198635,4.203045685279205,0.011675126903553348,False,0.0733569858198635,-3.0682356677699296,
obl,Obliquity,barker_do_warming_variable_threshold_edc3,"Barker variable-threshold D-O warmings, EDC3 0-640 ka",5,32.02,0.3903302,13.079869515098215,0.5134989007390427,29.421319796954336,0.08172588832487315,False,0.5134989007390427,-2.6280937528507504,
obl,Obliquity,barker_do_warming_variable_threshold_edc3,"Barker variable-threshold D-O warmings, EDC3 0-640 ka",6,33.34,0.3928706,13.290372170059563,0.72400155570039,41.482233502538136,0.11522842639593928,False,0.7240015557003902,-2.417591097889403,
obl,Obliquity,barker_do_warming_variable_threshold_edc3,"Barker variable-threshold D-O warmings, EDC3 0-640 ka",7,35.02,0.3970094,13.558284640010367,0.9919140256511945,56.83248730964472,0.15786802030456867,False,0.9919140256511945,-2.1496786279385987,
obl,Obliquity,barker_do_warming_variable_threshold_edc3,"Barker variable-threshold D-O warmings, EDC3 0-640 ka",8,37.78,0.4051672,13.998426554929546,1.4320559405703737,82.05076142131985,0.22791878172588848,False,1.4320559405703737,-1.7095367130194195,
obl,Obliquity,barker_do_warming_variable_threshold_edc3,"Barker variable-threshold D-O warmings, EDC3 0-640 ka",9,38.68,0.4079562,14.14195109240319,1.5755804780440172,90.27411167512686,0.25076142131979684,False,1.5755804780440172,-1.5660121755457759,
obl,Obliquity,barker_do_warming_variable_threshold_edc3,"Barker variable-threshold D-O warmings, EDC3 0-640 ka",10,41.3,0.415681,14.559766968159803,1.9933963538006303,114.21319796954316,0.31725888324873097,False,1.9933963538006303,-1.1481962997891628,
obl,Obliquity,barker_do_warming_variable_threshold_edc3,"Barker variable-threshold D-O warmings, EDC3 0-640 ka",11,43.1,0.420164,14.846816043107093,2.280445428747921,130.65989847715736,0.36294416243654826,False,2.280445428747921,-0.8611472248418721,
obl,Obliquity,barker_do_warming_variable_threshold_edc3,"Barker variable-threshold D-O warmings, EDC3 0-640 ka",12,46.42,0.4255024,15.37626211467654,2.8098915003173683,160.99492385786803,0.44720812182741115,False,2.8098915003173683,-0.3317011532724248,
obl,Obliquity,barker_do_warming_variable_threshold_edc3,"Barker variable-threshold D-O warmings, EDC3 0-640 ka",13,53.3,0.421928,16.415927809603,3.849557195243829,220.56338028169003,0.6126760563380278,False,-2.4336281119357577,0.7079645416540359,
obl,Obliquity,barker_do_warming_variable_threshold_edc3,"Barker variable-threshold D-O warmings, EDC3 0-640 ka",14,57.08,0.413312,16.97344988615556,4.407079271796388,252.50704225352123,0.7014084507042256,False,-1.8761060353831989,1.2654866182065945,
obl,Obliquity,barker_do_warming_variable_threshold_edc3,"Barker variable-threshold D-O warmings, EDC3 0-640 ka",15,58.58,0.409312,17.194688805422444,4.628318191063272,265.18309859154925,0.7366197183098591,False,-1.6548671161163144,1.486725537473479,
obl,Obliquity,barker_do_warming_variable_threshold_edc3,"Barker variable-threshold D-O warmings, EDC3 0-640 ka",16,63.84,0.3962612,17.970499948984997,5.404129334625825,309.63380281690155,0.8600938967136155,False,-0.8790559725537614,2.262536681036032,
obl,Obliquity,barker_do_warming_variable_threshold_edc3,"Barker variable-threshold D-O warmings, EDC3 0-640 ka",17,70.68,0.39006579999999996,18.9740875222216,0.12453160068283964,7.135135135135192,0.019819819819819978,False,0.12453160068283964,-3.0170610529069535,
obl,Obliquity,barker_do_warming_variable_threshold_edc3,"Barker variable-threshold D-O warmings, EDC3 0-640 ka",18,74.5,0.393702,19.514667879731192,0.6651119581924334,38.10810810810809,0.10585585585585582,False,0.6651119581924334,-2.4764806953973597,
obl,Obliquity,barker_do_warming_variable_threshold_edc3,"Barker variable-threshold D-O warmings, EDC3 0-640 ka",19,83.18,0.4122436,20.743002304648282,1.8934463831095236,108.48648648648647,0.30135135135135127,False,1.8934463831095236,-1.2481462704802695,
obl,Obliquity,barker_do_warming_variable_threshold_edc3,"Barker variable-threshold D-O warmings, EDC3 0-640 ka",20,89.92,0.4228896,21.69680115533275,2.8472452337939913,163.13513513513504,0.4531531531531529,False,2.8472452337939913,-0.2943474197958018,
obl,Obliquity,barker_do_warming_variable_threshold_edc3,"Barker variable-threshold D-O warmings, EDC3 0-640 ka",21,101.52,0.4091926,23.47910688667954,4.62955096514078,265.25373134328356,0.7368159203980099,False,-1.6536343420388067,1.4879583115509867,
obl,Obliquity,barker_do_warming_variable_threshold_edc3,"Barker variable-threshold D-O warmings, EDC3 0-640 ka",22,106.54,0.39640139999999996,24.26372355936714,5.414167637828381,310.20895522388065,0.8616915422885575,False,-0.8690176693512053,2.272574984238588,
obl,Obliquity,barker_do_warming_variable_threshold_edc3,"Barker variable-threshold D-O warmings, EDC3 0-640 ka",23,124.22,0.4145732,27.168896467301675,2.03615523858333,116.663101604278,0.32406417112299446,False,2.03615523858333,-1.1054374150064632,
obl,Obliquity,barker_do_warming_variable_threshold_edc3,"Barker variable-threshold D-O warmings, EDC3 0-640 ka",24,128.44,0.4224294,27.877854809448674,2.7451135807303295,157.28342245989288,0.4368983957219246,False,2.7451135807303295,-0.3964790728594636,
obl,Obliquity,barker_do_warming_variable_threshold_edc3,"Barker variable-threshold D-O warmings, EDC3 0-640 ka",25,146.7,0.393195,30.959888892634893,5.8271476639165485,333.8709677419353,0.9274193548387092,False,-0.45603764326303803,2.6855550103267554,
obl,Obliquity,barker_do_warming_variable_threshold_edc3,"Barker variable-threshold D-O warmings, EDC3 0-640 ka",26,148.3,0.391853,31.230133421975953,6.097392193257608,349.3548387096774,0.9704301075268815,False,-0.18579311392197817,2.955799539667815,
obl,Obliquity,barker_do_warming_variable_threshold_edc3,"Barker variable-threshold D-O warmings, EDC3 0-640 ka",27,150.06,0.391688,31.521177863378604,0.10525132748067278,6.0304568527918505,0.016751269035532916,False,0.10525132748067278,-3.0363413261091203,
obl,Obliquity,barker_do_warming_variable_threshold_edc3,"Barker variable-threshold D-O warmings, EDC3 0-640 ka",28,159.12,0.4072778,32.9659915406133,1.5500650047153712,88.81218274111681,0.2467005076142134,False,1.5500650047153712,-1.5915276488744219,
obl,Obliquity,barker_do_warming_variable_threshold_edc3,"Barker variable-threshold D-O warmings, EDC3 0-640 ka",29,162.16,0.4138848,33.45078553385761,2.034858997959681,116.58883248730952,0.3238578680203042,False,2.034858997959681,-1.1067336556301122,
obl,Obliquity,barker_do_warming_variable_threshold_edc3,"Barker variable-threshold D-O warmings, EDC3 0-640 ka",30,168.16,0.420873,34.40761578368191,2.991689247783981,171.41116751269007,0.4761421319796947,False,2.991689247783981,-0.14990340580581218,
obl,Obliquity,barker_do_warming_variable_threshold_edc3,"Barker variable-threshold D-O warmings, EDC3 0-640 ka",31,172.0,0.419794,34.9697643793253,3.5538378434273667,203.61990950226237,0.5656108597285067,False,-2.72934746375222,0.41224518983757363,
obl,Obliquity,barker_do_warming_variable_threshold_edc3,"Barker variable-threshold D-O warmings, EDC3 0-640 ka",32,174.98,0.4162214,35.39338185026184,3.977455314363908,227.891402714932,0.6330316742081445,False,-2.305729992815678,0.8358626607741152,
obl,Obliquity,barker_do_warming_variable_threshold_edc3,"Barker variable-threshold D-O warmings, EDC3 0-640 ka",33,177.14,0.4125326,35.70043343993396,4.284506904036029,245.48416289592726,0.6819004524886868,False,-1.9986784031435578,1.1429142504462355,
obl,Obliquity,barker_do_warming_variable_threshold_edc3,"Barker variable-threshold D-O warmings, EDC3 0-640 ka",34,178.3,0.410304,35.865331515868995,4.449404979971064,254.93212669683254,0.7081447963800904,False,-1.8337803272085227,1.3078123263812707,
obl,Obliquity,barker_do_warming_variable_threshold_edc3,"Barker variable-threshold D-O warmings, EDC3 0-640 ka",35,187.84,0.3934812,37.22147603692088,5.805549501022952,332.63348416289614,0.9239819004524893,False,-0.4776358061566344,2.663956847433159,
obl,Obliquity,barker_do_warming_variable_threshold_edc3,"Barker variable-threshold D-O warmings, EDC3 0-640 ka",36,192.16,0.3918296,37.842046864283496,0.14293502120597879,8.189573459715506,0.02274881516587641,False,0.14293502120597879,-2.9986576323838143,
obl,Obliquity,barker_do_warming_variable_threshold_edc3,"Barker variable-threshold D-O warmings, EDC3 0-640 ka",37,201.42,0.40734119999999996,39.22077425633286,1.521662413255342,87.18483412322283,0.24218009478673008,False,1.521662413255342,-1.619930240334451,
obl,Obliquity,barker_do_warming_variable_threshold_edc3,"Barker variable-threshold D-O warmings, EDC3 0-640 ka",38,215.22,0.42491840000000003,41.30636188491514,3.6072500418376237,206.68020304568546,0.5741116751269041,False,-2.675935265341963,0.46565738824783054,
obl,Obliquity,barker_do_warming_variable_threshold_edc3,"Barker variable-threshold D-O warmings, EDC3 0-640 ka",39,226.2,0.394313,43.05736124209361,5.3582493990160955,307.00507614213205,0.8527918781725891,False,-0.9249359081634909,2.2166567454263024,
obl,Obliquity,barker_do_warming_variable_threshold_edc3,"Barker variable-threshold D-O warmings, EDC3 0-640 ka",40,229.76,0.3867322,43.62508052365603,5.925968680578514,339.53299492385787,0.9431472081218275,False,-0.35721662660107284,2.7843760269887206,
obl,Obliquity,barker_do_warming_variable_threshold_edc3,"Barker variable-threshold D-O warmings, EDC3 0-640 ka",41,232.12,0.385309,44.00163002812535,0.019332877868244225,1.10769230769227,0.0030769230769229724,False,0.019332877868244225,-3.122259775721549,
obl,Obliquity,barker_do_warming_variable_threshold_edc3,"Barker variable-threshold D-O warmings, EDC3 0-640 ka",42,242.18,0.4083770000000001,45.62236962274655,1.640072472489443,93.9692307692309,0.2610256410256414,False,1.640072472489443,-1.50152018110035,
obl,Obliquity,barker_do_warming_variable_threshold_edc3,"Barker variable-threshold D-O warmings, EDC3 0-640 ka",43,243.62,0.4129124,45.854364157165485,1.872067006908381,107.26153846153855,0.2979487179487182,False,1.872067006908381,-1.2695256466814122,
obl,Obliquity,barker_do_warming_variable_threshold_edc3,"Barker variable-threshold D-O warmings, EDC3 0-640 ka",44,248.02,0.42330340000000005,46.5632363456678,2.580939195410693,147.87692307692313,0.41076923076923094,False,2.580939195410693,-0.5606534581791003,
obl,Obliquity,barker_do_warming_variable_threshold_edc3,"Barker variable-threshold D-O warmings, EDC3 0-640 ka",45,251.3,0.425993,47.09166834073315,3.109371190476047,178.15384615384588,0.4948717948717941,False,3.109371190476047,-0.032221463113746296,
obl,Obliquity,barker_do_warming_variable_threshold_edc3,"Barker variable-threshold D-O warmings, EDC3 0-640 ka",46,256.72,0.42052999999999996,47.923846567346345,3.9415494170892416,225.83414634146334,0.6273170731707315,False,-2.341635890090345,0.7999567634994484,
obl,Obliquity,barker_do_warming_variable_threshold_edc3,"Barker variable-threshold D-O warmings, EDC3 0-640 ka",47,258.48,0.41675619999999997,48.19356379028869,4.211266640031589,241.28780487804895,0.6702439024390249,False,-2.071918667147998,1.0696739864417957,
obl,Obliquity,barker_do_warming_variable_threshold_edc3,"Barker variable-threshold D-O warmings, EDC3 0-640 ka",48,261.16,0.41015579999999996,48.60426956158726,4.621972411330155,264.819512195122,0.7356097560975612,False,-1.6612128958494312,1.4803797577403621,
obl,Obliquity,barker_do_warming_variable_threshold_edc3,"Barker variable-threshold D-O warmings, EDC3 0-640 ka",49,263.68,0.40396659999999995,48.990455585345615,5.008158435088511,286.94634146341474,0.7970731707317076,False,-1.2750268720910756,1.8665657814987178,
obl,Obliquity,barker_do_warming_variable_threshold_edc3,"Barker variable-threshold D-O warmings, EDC3 0-640 ka",50,276.04,0.39563220000000004,50.84239310836864,0.5769106509319499,33.0545454545458,0.09181818181818278,False,0.5769106509319499,-2.564682002657843,
obl,Obliquity,barker_do_warming_variable_threshold_edc3,"Barker variable-threshold D-O warmings, EDC3 0-640 ka",51,277.9,0.397975,51.10800048726304,0.8425180298263513,48.27272727272714,0.1340909090909087,False,0.8425180298263513,-2.299074623763442,
obl,Obliquity,barker_do_warming_variable_threshold_edc3,"Barker variable-threshold D-O warmings, EDC3 0-640 ka",52,280.52,0.40216959999999996,51.482135612372375,1.2166531549356847,69.70909090909097,0.19363636363636383,False,1.2166531549356847,-1.9249394986541084,
obl,Obliquity,barker_do_warming_variable_threshold_edc3,"Barker variable-threshold D-O warmings, EDC3 0-640 ka",53,290.28,0.41689679999999996,52.87586035323766,2.6103778958009727,149.5636363636363,0.4154545454545453,False,2.6103778958009727,-0.5312147577888204,
obl,Obliquity,barker_do_warming_variable_threshold_edc3,"Barker variable-threshold D-O warmings, EDC3 0-640 ka",54,296.26,0.4178828,53.763859000328644,3.498376542891954,200.44221105527657,0.5567839195979905,False,-2.7848087642876327,0.3567838893021608,
obl,Obliquity,barker_do_warming_variable_threshold_edc3,"Barker variable-threshold D-O warmings, EDC3 0-640 ka",55,300.48,0.41330579999999995,54.430066085662766,4.164583628226076,238.61306532663366,0.6628140703517601,False,-2.1186016789535107,1.0229909746362829,
obl,Obliquity,barker_do_warming_variable_threshold_edc3,"Barker variable-threshold D-O warmings, EDC3 0-640 ka",56,305.44,0.40416019999999997,55.2130962143967,4.94761375696001,283.4773869346736,0.7874371859296488,False,-1.3355715502195766,1.8060211033702167,
obl,Obliquity,barker_do_warming_variable_threshold_edc3,"Barker variable-threshold D-O warmings, EDC3 0-640 ka",57,316.12,0.3946138,56.919643067327414,0.37097530271113754,21.25531914893631,0.059042553191489745,False,0.3709753027111376,-2.7706173508786556,
obl,Obliquity,barker_do_warming_variable_threshold_edc3,"Barker variable-threshold D-O warmings, EDC3 0-640 ka",58,325.98,0.41476680000000005,58.56730815053994,2.0186403859236606,115.65957446808547,0.32127659574468187,False,2.0186403859236606,-1.1229522676661325,
obl,Obliquity,barker_do_warming_variable_threshold_edc3,"Barker variable-threshold D-O warmings, EDC3 0-640 ka",59,332.76,0.4233186,59.70018123711214,3.151513472495864,180.56842105263146,0.5015789473684208,False,-3.1316718346837225,0.009920818906071105,
obl,Obliquity,barker_do_warming_variable_threshold_edc3,"Barker variable-threshold D-O warmings, EDC3 0-640 ka",60,333.1,0.423282,59.75639921091322,3.207731446296947,183.78947368421055,0.5105263157894737,False,-3.07545386088264,0.06613879270715373,
obl,Obliquity,barker_do_warming_variable_threshold_edc3,"Barker variable-threshold D-O warmings, EDC3 0-640 ka",61,333.62,0.42312459999999996,59.84237964143252,3.2937118768162463,188.71578947368423,0.5242105263157895,False,-2.9894734303633403,0.15211922322645322,
obl,Obliquity,barker_do_warming_variable_threshold_edc3,"Barker variable-threshold D-O warmings, EDC3 0-640 ka",62,334.16,0.4228386,59.93166701158718,3.382999246970904,193.83157894736846,0.538421052631579,False,-2.9001860602086826,0.24140659338111092,
obl,Obliquity,barker_do_warming_variable_threshold_edc3,"Barker variable-threshold D-O warmings, EDC3 0-640 ka",63,347.62,0.3931518,62.1572373861829,5.608569621566623,321.3473684210528,0.8926315789473689,False,-0.6746156856129633,2.46697696797683,
obl,Obliquity,barker_do_warming_variable_threshold_edc3,"Barker variable-threshold D-O warmings, EDC3 0-640 ka",64,349.22,0.39073879999999994,62.421792557011514,5.873124792395238,336.50526315789494,0.9347368421052638,False,-0.41006051478434835,2.731532138805445,
obl,Obliquity,barker_do_warming_variable_threshold_edc3,"Barker variable-threshold D-O warmings, EDC3 0-640 ka",65,363.24,0.41137000000000007,64.61776337831932,1.785910306523462,102.32512315270955,0.284236453201971,False,1.785910306523462,-1.355682347066331,
obl,Obliquity,barker_do_warming_variable_threshold_edc3,"Barker variable-threshold D-O warmings, EDC3 0-640 ka",66,367.84,0.42087959999999996,65.32965136878795,2.4977982969920873,143.11330049261116,0.39753694581280874,False,2.4977982969920873,-0.6437943565977057,
obl,Obliquity,barker_do_warming_variable_threshold_edc3,"Barker variable-threshold D-O warmings, EDC3 0-640 ka",67,372.94,0.4237258,66.1052804170988,3.2734273453029346,187.55357142857133,0.5209821428571426,False,-3.009757961876652,0.13183469171314144,
obl,Obliquity,barker_do_warming_variable_threshold_edc3,"Barker variable-threshold D-O warmings, EDC3 0-640 ka",68,382.0,0.410193,67.37594244573825,4.544089373942384,260.3571428571431,0.7232142857142865,False,-1.7390959332372022,1.402496720352591,
obl,Obliquity,barker_do_warming_variable_threshold_edc3,"Barker variable-threshold D-O warmings, EDC3 0-640 ka",69,386.8,0.399737,68.04914087150749,5.217287799711627,298.9285714285718,0.8303571428571439,False,-1.065897507467959,2.0756951461218343,
obl,Obliquity,barker_do_warming_variable_threshold_edc3,"Barker variable-threshold D-O warmings, EDC3 0-640 ka",70,390.96,0.39330060000000006,68.63257950717416,5.800726435378294,332.3571428571427,0.9232142857142853,False,-0.4824588718012921,2.6591337817885012,
obl,Obliquity,barker_do_warming_variable_threshold_edc3,"Barker variable-threshold D-O warmings, EDC3 0-640 ka",71,424.9,0.410775,73.65998206564088,4.544943686665427,260.4060913705578,0.723350253807105,False,-1.7382416205141598,1.4033510330756336,
obl,Obliquity,barker_do_warming_variable_threshold_edc3,"Barker variable-threshold D-O warmings, EDC3 0-640 ka",72,426.96,0.4055762,73.98849378474722,4.873455405771772,279.2284263959386,0.7756345177664961,False,-1.4097299014078148,1.7318627521819785,
obl,Obliquity,barker_do_warming_variable_threshold_edc3,"Barker variable-threshold D-O warmings, EDC3 0-640 ka",73,435.92,0.3916056,75.41806532396718,0.019841637812149315,1.1368421052633444,0.003157894736842623,False,0.019841637812149312,-3.121751015777644,
obl,Obliquity,barker_do_warming_variable_threshold_edc3,"Barker variable-threshold D-O warmings, EDC3 0-640 ka",74,438.82,0.39342619999999995,75.89757157109405,0.49934788493901294,28.610526315789688,0.0794736842105269,False,0.49934788493901294,-2.64224476865078,
obl,Obliquity,barker_do_warming_variable_threshold_edc3,"Barker variable-threshold D-O warmings, EDC3 0-640 ka",75,443.88,0.4029856,76.73422729883954,1.3360036126845074,76.54736842105297,0.21263157894736937,False,1.3360036126845074,-1.8055890409052857,
obl,Obliquity,barker_do_warming_variable_threshold_edc3,"Barker variable-threshold D-O warmings, EDC3 0-640 ka",76,447.54,0.411328,77.33939725210999,1.941173565954955,111.22105263157887,0.3089473684210524,False,1.941173565954955,-1.2004190876348382,
obl,Obliquity,barker_do_warming_variable_threshold_edc3,"Barker variable-threshold D-O warmings, EDC3 0-640 ka",77,451.94,0.4183194,78.06692397188868,2.6687002857336495,152.90526315789498,0.4247368421052638,False,2.6687002857336495,-0.47289236785614364,
obl,Obliquity,barker_do_warming_variable_threshold_edc3,"Barker variable-threshold D-O warmings, EDC3 0-640 ka",78,454.12,0.4196224,78.42738039214267,3.0291567059876314,173.55789473684206,0.48210526315789465,False,3.0291567059876314,-0.11243594760216169,
obl,Obliquity,barker_do_warming_variable_threshold_edc3,"Barker variable-threshold D-O warmings, EDC3 0-640 ka",79,462.46,0.41134780000000004,79.79974302699603,4.401519340840991,252.1884816753929,0.7005235602094246,False,-1.881665966338595,1.2599266872511983,
obl,Obliquity,barker_do_warming_variable_threshold_edc3,"Barker variable-threshold D-O warmings, EDC3 0-640 ka",80,467.14,0.40290460000000006,80.56951546777091,5.171291781615878,296.29319371727803,0.8230366492146611,False,-1.1118935255637086,2.0296991280260848,
obl,Obliquity,barker_do_warming_variable_threshold_edc3,"Barker variable-threshold D-O warmings, EDC3 0-640 ka",81,469.28,0.3998552,80.92150543000558,5.523281743850546,316.4607329842937,0.8790575916230382,False,-0.7599035633290401,2.3816890902607533,
obl,Obliquity,barker_do_warming_variable_threshold_edc3,"Barker variable-threshold D-O warmings, EDC3 0-640 ka",82,472.24,0.3973654,81.40837005066662,6.010146364511584,344.35602094240903,0.9565445026178029,False,-0.2730389426680022,2.868553710921791,
obl,Obliquity,barker_do_warming_variable_threshold_edc3,"Barker variable-threshold D-O warmings, EDC3 0-640 ka",83,477.28,0.3985102,82.19687419571974,0.5154652023851227,29.533980582524347,0.08203883495145652,False,0.5154652023851227,-2.6261274512046704,
obl,Obliquity,barker_do_warming_variable_threshold_edc3,"Barker variable-threshold D-O warmings, EDC3 0-640 ka",84,488.7,0.413431,83.93847555999136,2.2570665666567393,129.32038834951427,0.35922330097087296,False,2.2570665666567393,-0.8845260869330538,
obl,Obliquity,barker_do_warming_variable_threshold_edc3,"Barker variable-threshold D-O warmings, EDC3 0-640 ka",85,504.62,0.40752920000000004,86.30865200460333,4.62724301126871,265.12149532710316,0.7364485981308421,False,-1.655942295910876,1.4856503576789173,
obl,Obliquity,barker_do_warming_variable_threshold_edc3,"Barker variable-threshold D-O warmings, EDC3 0-640 ka",86,507.9,0.402193,86.79016714029372,5.108758146959097,292.71028037383144,0.8130841121495318,False,-1.1744271602204892,1.9671654933693041,
obl,Obliquity,barker_do_warming_variable_threshold_edc3,"Barker variable-threshold D-O warmings, EDC3 0-640 ka",87,515.92,0.3944694,87.96767429331184,0.0030799927976374875,0.17647058823531905,0.0004901960784314418,False,0.003079992797637488,-3.1385126607921556,
obl,Obliquity,barker_do_warming_variable_threshold_edc3,"Barker variable-threshold D-O warmings, EDC3 0-640 ka",88,522.08,0.40007680000000007,88.91631207498406,0.9517177744698557,54.52941176470626,0.15147058823529516,False,0.9517177744698558,-2.1898748791199374,
obl,Obliquity,barker_do_warming_variable_threshold_edc3,"Barker variable-threshold D-O warmings, EDC3 0-640 ka",89,528.66,0.41378179999999987,89.92962970540665,1.965035404892447,112.58823529411809,0.3127450980392169,False,1.965035404892447,-1.1765572486973461,
obl,Obliquity,barker_do_warming_variable_threshold_edc3,"Barker variable-threshold D-O warmings, EDC3 0-640 ka",90,537.84,0.422386,91.34569451284304,3.381100212328832,193.7227722772286,0.5381188118811905,False,-2.902085094850755,0.23950755873903873,
obl,Obliquity,barker_do_warming_variable_threshold_edc3,"Barker variable-threshold D-O warmings, EDC3 0-640 ka",91,547.84,0.40384259999999983,92.90093840075878,4.936344100244568,282.8316831683175,0.7856435643564376,False,-1.3468412069350182,1.7947514466547752,
obl,Obliquity,barker_do_warming_variable_threshold_edc3,"Barker variable-threshold D-O warmings, EDC3 0-640 ka",92,550.64,0.3976086000000001,93.33640668937517,5.37181238886096,307.7821782178216,0.8549504950495044,False,-0.9113729183186268,2.2302197352711666,
obl,Obliquity,barker_do_warming_variable_threshold_edc3,"Barker variable-threshold D-O warmings, EDC3 0-640 ka",93,555.64,0.39163020000000004,94.11402863333304,6.149434332818828,352.33663366336606,0.9787128712871279,False,-0.13375097436075856,3.007841679229035,
obl,Obliquity,barker_do_warming_variable_threshold_edc3,"Barker variable-threshold D-O warmings, EDC3 0-640 ka",94,579.92,0.41938620000000004,97.70212274069924,3.4543431330054446,197.91928251120996,0.549775784753361,False,-2.828842174174142,0.3127504794156515,
obl,Obliquity,barker_do_warming_variable_threshold_edc3,"Barker variable-threshold D-O warmings, EDC3 0-640 ka",95,584.92,0.41425660000000003,98.40651571235614,4.158736104662346,238.2780269058286,0.6618834080717462,False,-2.1244492025172406,1.0171434510725526,
obl,Obliquity,barker_do_warming_variable_threshold_edc3,"Barker variable-threshold D-O warmings, EDC3 0-640 ka",96,586.24,0.4122994,98.59247545687357,4.344695849179779,248.93273542600858,0.6914798206278016,False,-1.9384894579998078,1.2031031955899856,
obl,Obliquity,barker_do_warming_variable_threshold_edc3,"Barker variable-threshold D-O warmings, EDC3 0-640 ka",97,590.38,0.405632,99.17571283740548,4.927933229711691,282.3497757847527,0.7843049327354242,False,-1.3552520774678956,1.7863405761218978,
obl,Obliquity,barker_do_warming_variable_threshold_edc3,"Barker variable-threshold D-O warmings, EDC3 0-640 ka",98,595.26,0.398924,99.86320037774263,5.615420770048836,321.739910313901,0.8937219730941696,False,-0.6677645371307509,2.4738281164590425,
obl,Obliquity,barker_do_warming_variable_threshold_edc3,"Barker variable-threshold D-O warmings, EDC3 0-640 ka",99,601.92,0.39674699999999996,100.82664422344654,0.29567930857315616,16.941176470588186,0.04705882352941163,False,0.29567930857315616,-2.845913345016637,
obl,Obliquity,barker_do_warming_variable_threshold_edc3,"Barker variable-threshold D-O warmings, EDC3 0-640 ka",100,618.6,0.416263,103.39535821667585,2.8643933018024654,164.11764705882393,0.45588235294117757,False,2.8643933018024654,-0.2771993517873277,
obl,Obliquity,barker_do_warming_variable_threshold_edc3,"Barker variable-threshold D-O warmings, EDC3 0-640 ka",101,621.02,0.4166058,103.77561510524761,3.24465019037423,185.90476190476247,0.516402116402118,False,-3.0385351168053565,0.10305753678443708,
obl,Obliquity,barker_do_warming_variable_threshold_edc3,"Barker variable-threshold D-O warmings, EDC3 0-640 ka",102,625.78,0.4133698,104.56683103281837,4.035866117944991,231.2380952380957,0.6423280423280436,False,-2.247319189234595,0.8942734643551978,
obl,Obliquity,barker_do_warming_variable_threshold_edc3,"Barker variable-threshold D-O warmings, EDC3 0-640 ka",103,634.0,0.40205,105.93317450437965,5.4022095895062705,309.52380952381026,0.8597883597883618,False,-0.880975717673316,2.2606169359164774,
obl,Obliquity,barker_do_warming_variable_threshold_edc3,"Barker variable-threshold D-O warmings, EDC3 0-640 ka",104,637.98,0.3990102,106.59473740180226,6.063772486928883,347.4285714285721,0.9650793650793671,False,-0.21941282025070333,2.92217983333909,
obl,Obliquity,barker_do_warming_variable_threshold_edc3_0_800,"Barker variable-threshold D-O warmings, EDC3 0-800 ka",1,11.5,0.422122,9.750331603628425,3.4671462964488384,198.6528497409326,0.5518134715025905,False,-2.8160390107307482,0.3255536428590453,
obl,Obliquity,barker_do_warming_variable_threshold_edc3_0_800,"Barker variable-threshold D-O warmings, EDC3 0-800 ka",2,14.3,0.418285,10.20610670363109,3.9229213964515033,224.76683937823833,0.6243523316062176,False,-2.3602639107280834,0.7813287428617102,
obl,Obliquity,barker_do_warming_variable_threshold_edc3_0_800,"Barker variable-threshold D-O warmings, EDC3 0-800 ka",3,27.38,0.3880634,12.33522752792925,6.052042220749664,346.7564766839378,0.9632124352331607,False,-0.23114308642992243,2.910449567159871,
obl,Obliquity,barker_do_warming_variable_threshold_edc3_0_800,"Barker variable-threshold D-O warmings, EDC3 0-800 ka",4,29.26,0.38764160000000003,12.639727600179036,0.0733569858198635,4.203045685279205,0.011675126903553348,False,0.0733569858198635,-3.0682356677699296,
obl,Obliquity,barker_do_warming_variable_threshold_edc3_0_800,"Barker variable-threshold D-O warmings, EDC3 0-800 ka",5,32.02,0.3903302,13.079869515098215,0.5134989007390427,29.421319796954336,0.08172588832487315,False,0.5134989007390427,-2.6280937528507504,
obl,Obliquity,barker_do_warming_variable_threshold_edc3_0_800,"Barker variable-threshold D-O warmings, EDC3 0-800 ka",6,33.34,0.3928706,13.290372170059563,0.72400155570039,41.482233502538136,0.11522842639593928,False,0.7240015557003902,-2.417591097889403,
obl,Obliquity,barker_do_warming_variable_threshold_edc3_0_800,"Barker variable-threshold D-O warmings, EDC3 0-800 ka",7,35.02,0.3970094,13.558284640010367,0.9919140256511945,56.83248730964472,0.15786802030456867,False,0.9919140256511945,-2.1496786279385987,
obl,Obliquity,barker_do_warming_variable_threshold_edc3_0_800,"Barker variable-threshold D-O warmings, EDC3 0-800 ka",8,37.78,0.4051672,13.998426554929546,1.4320559405703737,82.05076142131985,0.22791878172588848,False,1.4320559405703737,-1.7095367130194195,
obl,Obliquity,barker_do_warming_variable_threshold_edc3_0_800,"Barker variable-threshold D-O warmings, EDC3 0-800 ka",9,38.68,0.4079562,14.14195109240319,1.5755804780440172,90.27411167512686,0.25076142131979684,False,1.5755804780440172,-1.5660121755457759,
obl,Obliquity,barker_do_warming_variable_threshold_edc3_0_800,"Barker variable-threshold D-O warmings, EDC3 0-800 ka",10,41.3,0.415681,14.559766968159803,1.9933963538006303,114.21319796954316,0.31725888324873097,False,1.9933963538006303,-1.1481962997891628,
obl,Obliquity,barker_do_warming_variable_threshold_edc3_0_800,"Barker variable-threshold D-O warmings, EDC3 0-800 ka",11,43.1,0.420164,14.846816043107093,2.280445428747921,130.65989847715736,0.36294416243654826,False,2.280445428747921,-0.8611472248418721,
obl,Obliquity,barker_do_warming_variable_threshold_edc3_0_800,"Barker variable-threshold D-O warmings, EDC3 0-800 ka",12,46.42,0.4255024,15.37626211467654,2.8098915003173683,160.99492385786803,0.44720812182741115,False,2.8098915003173683,-0.3317011532724248,
obl,Obliquity,barker_do_warming_variable_threshold_edc3_0_800,"Barker variable-threshold D-O warmings, EDC3 0-800 ka",13,53.3,0.421928,16.415927809603,3.849557195243829,220.56338028169003,0.6126760563380278,False,-2.4336281119357577,0.7079645416540359,
obl,Obliquity,barker_do_warming_variable_threshold_edc3_0_800,"Barker variable-threshold D-O warmings, EDC3 0-800 ka",14,57.08,0.413312,16.97344988615556,4.407079271796388,252.50704225352123,0.7014084507042256,False,-1.8761060353831989,1.2654866182065945,
obl,Obliquity,barker_do_warming_variable_threshold_edc3_0_800,"Barker variable-threshold D-O warmings, EDC3 0-800 ka",15,58.58,0.409312,17.194688805422444,4.628318191063272,265.18309859154925,0.7366197183098591,False,-1.6548671161163144,1.486725537473479,
obl,Obliquity,barker_do_warming_variable_threshold_edc3_0_800,"Barker variable-threshold D-O warmings, EDC3 0-800 ka",16,63.84,0.3962612,17.970499948984997,5.404129334625825,309.63380281690155,0.8600938967136155,False,-0.8790559725537614,2.262536681036032,
obl,Obliquity,barker_do_warming_variable_threshold_edc3_0_800,"Barker variable-threshold D-O warmings, EDC3 0-800 ka",17,70.68,0.39006579999999996,18.9740875222216,0.12453160068283964,7.135135135135192,0.019819819819819978,False,0.12453160068283964,-3.0170610529069535,
obl,Obliquity,barker_do_warming_variable_threshold_edc3_0_800,"Barker variable-threshold D-O warmings, EDC3 0-800 ka",18,74.5,0.393702,19.514667879731192,0.6651119581924334,38.10810810810809,0.10585585585585582,False,0.6651119581924334,-2.4764806953973597,
obl,Obliquity,barker_do_warming_variable_threshold_edc3_0_800,"Barker variable-threshold D-O warmings, EDC3 0-800 ka",19,83.18,0.4122436,20.743002304648282,1.8934463831095236,108.48648648648647,0.30135135135135127,False,1.8934463831095236,-1.2481462704802695,
obl,Obliquity,barker_do_warming_variable_threshold_edc3_0_800,"Barker variable-threshold D-O warmings, EDC3 0-800 ka",20,89.92,0.4228896,21.69680115533275,2.8472452337939913,163.13513513513504,0.4531531531531529,False,2.8472452337939913,-0.2943474197958018,
obl,Obliquity,barker_do_warming_variable_threshold_edc3_0_800,"Barker variable-threshold D-O warmings, EDC3 0-800 ka",21,101.52,0.4091926,23.47910688667954,4.62955096514078,265.25373134328356,0.7368159203980099,False,-1.6536343420388067,1.4879583115509867,
obl,Obliquity,barker_do_warming_variable_threshold_edc3_0_800,"Barker variable-threshold D-O warmings, EDC3 0-800 ka",22,106.54,0.39640139999999996,24.26372355936714,5.414167637828381,310.20895522388065,0.8616915422885575,False,-0.8690176693512053,2.272574984238588,
obl,Obliquity,barker_do_warming_variable_threshold_edc3_0_800,"Barker variable-threshold D-O warmings, EDC3 0-800 ka",23,124.22,0.4145732,27.168896467301675,2.03615523858333,116.663101604278,0.32406417112299446,False,2.03615523858333,-1.1054374150064632,
obl,Obliquity,barker_do_warming_variable_threshold_edc3_0_800,"Barker variable-threshold D-O warmings, EDC3 0-800 ka",24,128.44,0.4224294,27.877854809448674,2.7451135807303295,157.28342245989288,0.4368983957219246,False,2.7451135807303295,-0.3964790728594636,
obl,Obliquity,barker_do_warming_variable_threshold_edc3_0_800,"Barker variable-threshold D-O warmings, EDC3 0-800 ka",25,146.7,0.393195,30.959888892634893,5.8271476639165485,333.8709677419353,0.9274193548387092,False,-0.45603764326303803,2.6855550103267554,
obl,Obliquity,barker_do_warming_variable_threshold_edc3_0_800,"Barker variable-threshold D-O warmings, EDC3 0-800 ka",26,148.3,0.391853,31.230133421975953,6.097392193257608,349.3548387096774,0.9704301075268815,False,-0.18579311392197817,2.955799539667815,
obl,Obliquity,barker_do_warming_variable_threshold_edc3_0_800,"Barker variable-threshold D-O warmings, EDC3 0-800 ka",27,150.06,0.391688,31.521177863378604,0.10525132748067278,6.0304568527918505,0.016751269035532916,False,0.10525132748067278,-3.0363413261091203,
obl,Obliquity,barker_do_warming_variable_threshold_edc3_0_800,"Barker variable-threshold D-O warmings, EDC3 0-800 ka",28,159.12,0.4072778,32.9659915406133,1.5500650047153712,88.81218274111681,0.2467005076142134,False,1.5500650047153712,-1.5915276488744219,
obl,Obliquity,barker_do_warming_variable_threshold_edc3_0_800,"Barker variable-threshold D-O warmings, EDC3 0-800 ka",29,162.16,0.4138848,33.45078553385761,2.034858997959681,116.58883248730952,0.3238578680203042,False,2.034858997959681,-1.1067336556301122,
obl,Obliquity,barker_do_warming_variable_threshold_edc3_0_800,"Barker variable-threshold D-O warmings, EDC3 0-800 ka",30,168.16,0.420873,34.40761578368191,2.991689247783981,171.41116751269007,0.4761421319796947,False,2.991689247783981,-0.14990340580581218,
obl,Obliquity,barker_do_warming_variable_threshold_edc3_0_800,"Barker variable-threshold D-O warmings, EDC3 0-800 ka",31,172.0,0.419794,34.9697643793253,3.5538378434273667,203.61990950226237,0.5656108597285067,False,-2.72934746375222,0.41224518983757363,
obl,Obliquity,barker_do_warming_variable_threshold_edc3_0_800,"Barker variable-threshold D-O warmings, EDC3 0-800 ka",32,174.98,0.4162214,35.39338185026184,3.977455314363908,227.891402714932,0.6330316742081445,False,-2.305729992815678,0.8358626607741152,
obl,Obliquity,barker_do_warming_variable_threshold_edc3_0_800,"Barker variable-threshold D-O warmings, EDC3 0-800 ka",33,177.14,0.4125326,35.70043343993396,4.284506904036029,245.48416289592726,0.6819004524886868,False,-1.9986784031435578,1.1429142504462355,
obl,Obliquity,barker_do_warming_variable_threshold_edc3_0_800,"Barker variable-threshold D-O warmings, EDC3 0-800 ka",34,178.3,0.410304,35.865331515868995,4.449404979971064,254.93212669683254,0.7081447963800904,False,-1.8337803272085227,1.3078123263812707,
obl,Obliquity,barker_do_warming_variable_threshold_edc3_0_800,"Barker variable-threshold D-O warmings, EDC3 0-800 ka",35,187.84,0.3934812,37.22147603692088,5.805549501022952,332.63348416289614,0.9239819004524893,False,-0.4776358061566344,2.663956847433159,
obl,Obliquity,barker_do_warming_variable_threshold_edc3_0_800,"Barker variable-threshold D-O warmings, EDC3 0-800 ka",36,192.16,0.3918296,37.842046864283496,0.14293502120597879,8.189573459715506,0.02274881516587641,False,0.14293502120597879,-2.9986576323838143,
obl,Obliquity,barker_do_warming_variable_threshold_edc3_0_800,"Barker variable-threshold D-O warmings, EDC3 0-800 ka",37,201.42,0.40734119999999996,39.22077425633286,1.521662413255342,87.18483412322283,0.24218009478673008,False,1.521662413255342,-1.619930240334451,
obl,Obliquity,barker_do_warming_variable_threshold_edc3_0_800,"Barker variable-threshold D-O warmings, EDC3 0-800 ka",38,215.22,0.42491840000000003,41.30636188491514,3.6072500418376237,206.68020304568546,0.5741116751269041,False,-2.675935265341963,0.46565738824783054,
obl,Obliquity,barker_do_warming_variable_threshold_edc3_0_800,"Barker variable-threshold D-O warmings, EDC3 0-800 ka",39,226.2,0.394313,43.05736124209361,5.3582493990160955,307.00507614213205,0.8527918781725891,False,-0.9249359081634909,2.2166567454263024,
obl,Obliquity,barker_do_warming_variable_threshold_edc3_0_800,"Barker variable-threshold D-O warmings, EDC3 0-800 ka",40,229.76,0.3867322,43.62508052365603,5.925968680578514,339.53299492385787,0.9431472081218275,False,-0.35721662660107284,2.7843760269887206,
obl,Obliquity,barker_do_warming_variable_threshold_edc3_0_800,"Barker variable-threshold D-O warmings, EDC3 0-800 ka",41,232.12,0.385309,44.00163002812535,0.019332877868244225,1.10769230769227,0.0030769230769229724,False,0.019332877868244225,-3.122259775721549,
obl,Obliquity,barker_do_warming_variable_threshold_edc3_0_800,"Barker variable-threshold D-O warmings, EDC3 0-800 ka",42,242.18,0.4083770000000001,45.62236962274655,1.640072472489443,93.9692307692309,0.2610256410256414,False,1.640072472489443,-1.50152018110035,
obl,Obliquity,barker_do_warming_variable_threshold_edc3_0_800,"Barker variable-threshold D-O warmings, EDC3 0-800 ka",43,243.62,0.4129124,45.854364157165485,1.872067006908381,107.26153846153855,0.2979487179487182,False,1.872067006908381,-1.2695256466814122,
obl,Obliquity,barker_do_warming_variable_threshold_edc3_0_800,"Barker variable-threshold D-O warmings, EDC3 0-800 ka",44,248.02,0.42330340000000005,46.5632363456678,2.580939195410693,147.87692307692313,0.41076923076923094,False,2.580939195410693,-0.5606534581791003,
obl,Obliquity,barker_do_warming_variable_threshold_edc3_0_800,"Barker variable-threshold D-O warmings, EDC3 0-800 ka",45,251.3,0.425993,47.09166834073315,3.109371190476047,178.15384615384588,0.4948717948717941,False,3.109371190476047,-0.032221463113746296,
obl,Obliquity,barker_do_warming_variable_threshold_edc3_0_800,"Barker variable-threshold D-O warmings, EDC3 0-800 ka",46,256.72,0.42052999999999996,47.923846567346345,3.9415494170892416,225.83414634146334,0.6273170731707315,False,-2.341635890090345,0.7999567634994484,
obl,Obliquity,barker_do_warming_variable_threshold_edc3_0_800,"Barker variable-threshold D-O warmings, EDC3 0-800 ka",47,258.48,0.41675619999999997,48.19356379028869,4.211266640031589,241.28780487804895,0.6702439024390249,False,-2.071918667147998,1.0696739864417957,
obl,Obliquity,barker_do_warming_variable_threshold_edc3_0_800,"Barker variable-threshold D-O warmings, EDC3 0-800 ka",48,261.16,0.41015579999999996,48.60426956158726,4.621972411330155,264.819512195122,0.7356097560975612,False,-1.6612128958494312,1.4803797577403621,
obl,Obliquity,barker_do_warming_variable_threshold_edc3_0_800,"Barker variable-threshold D-O warmings, EDC3 0-800 ka",49,263.68,0.40396659999999995,48.990455585345615,5.008158435088511,286.94634146341474,0.7970731707317076,False,-1.2750268720910756,1.8665657814987178,
obl,Obliquity,barker_do_warming_variable_threshold_edc3_0_800,"Barker variable-threshold D-O warmings, EDC3 0-800 ka",50,276.04,0.39563220000000004,50.84239310836864,0.5769106509319499,33.0545454545458,0.09181818181818278,False,0.5769106509319499,-2.564682002657843,
obl,Obliquity,barker_do_warming_variable_threshold_edc3_0_800,"Barker variable-threshold D-O warmings, EDC3 0-800 ka",51,277.9,0.397975,51.10800048726304,0.8425180298263513,48.27272727272714,0.1340909090909087,False,0.8425180298263513,-2.299074623763442,
obl,Obliquity,barker_do_warming_variable_threshold_edc3_0_800,"Barker variable-threshold D-O warmings, EDC3 0-800 ka",52,280.52,0.40216959999999996,51.482135612372375,1.2166531549356847,69.70909090909097,0.19363636363636383,False,1.2166531549356847,-1.9249394986541084,
obl,Obliquity,barker_do_warming_variable_threshold_edc3_0_800,"Barker variable-threshold D-O warmings, EDC3 0-800 ka",53,290.28,0.41689679999999996,52.87586035323766,2.6103778958009727,149.5636363636363,0.4154545454545453,False,2.6103778958009727,-0.5312147577888204,
obl,Obliquity,barker_do_warming_variable_threshold_edc3_0_800,"Barker variable-threshold D-O warmings, EDC3 0-800 ka",54,296.26,0.4178828,53.763859000328644,3.498376542891954,200.44221105527657,0.5567839195979905,False,-2.7848087642876327,0.3567838893021608,
obl,Obliquity,barker_do_warming_variable_threshold_edc3_0_800,"Barker variable-threshold D-O warmings, EDC3 0-800 ka",55,300.48,0.41330579999999995,54.430066085662766,4.164583628226076,238.61306532663366,0.6628140703517601,False,-2.1186016789535107,1.0229909746362829,
obl,Obliquity,barker_do_warming_variable_threshold_edc3_0_800,"Barker variable-threshold D-O warmings, EDC3 0-800 ka",56,305.44,0.40416019999999997,55.2130962143967,4.94761375696001,283.4773869346736,0.7874371859296488,False,-1.3355715502195766,1.8060211033702167,
obl,Obliquity,barker_do_warming_variable_threshold_edc3_0_800,"Barker variable-threshold D-O warmings, EDC3 0-800 ka",57,316.12,0.3946138,56.919643067327414,0.37097530271113754,21.25531914893631,0.059042553191489745,False,0.3709753027111376,-2.7706173508786556,
obl,Obliquity,barker_do_warming_variable_threshold_edc3_0_800,"Barker variable-threshold D-O warmings, EDC3 0-800 ka",58,325.98,0.41476680000000005,58.56730815053994,2.0186403859236606,115.65957446808547,0.32127659574468187,False,2.0186403859236606,-1.1229522676661325,
obl,Obliquity,barker_do_warming_variable_threshold_edc3_0_800,"Barker variable-threshold D-O warmings, EDC3 0-800 ka",59,332.76,0.4233186,59.70018123711214,3.151513472495864,180.56842105263146,0.5015789473684208,False,-3.1316718346837225,0.009920818906071105,
obl,Obliquity,barker_do_warming_variable_threshold_edc3_0_800,"Barker variable-threshold D-O warmings, EDC3 0-800 ka",60,333.1,0.423282,59.75639921091322,3.207731446296947,183.78947368421055,0.5105263157894737,False,-3.07545386088264,0.06613879270715373,
obl,Obliquity,barker_do_warming_variable_threshold_edc3_0_800,"Barker variable-threshold D-O warmings, EDC3 0-800 ka",61,333.62,0.42312459999999996,59.84237964143252,3.2937118768162463,188.71578947368423,0.5242105263157895,False,-2.9894734303633403,0.15211922322645322,
obl,Obliquity,barker_do_warming_variable_threshold_edc3_0_800,"Barker variable-threshold D-O warmings, EDC3 0-800 ka",62,334.16,0.4228386,59.93166701158718,3.382999246970904,193.83157894736846,0.538421052631579,False,-2.9001860602086826,0.24140659338111092,
obl,Obliquity,barker_do_warming_variable_threshold_edc3_0_800,"Barker variable-threshold D-O warmings, EDC3 0-800 ka",63,347.62,0.3931518,62.1572373861829,5.608569621566623,321.3473684210528,0.8926315789473689,False,-0.6746156856129633,2.46697696797683,
obl,Obliquity,barker_do_warming_variable_threshold_edc3_0_800,"Barker variable-threshold D-O warmings, EDC3 0-800 ka",64,349.22,0.39073879999999994,62.421792557011514,5.873124792395238,336.50526315789494,0.9347368421052638,False,-0.41006051478434835,2.731532138805445,
obl,Obliquity,barker_do_warming_variable_threshold_edc3_0_800,"Barker variable-threshold D-O warmings, EDC3 0-800 ka",65,363.24,0.41137000000000007,64.61776337831932,1.785910306523462,102.32512315270955,0.284236453201971,False,1.785910306523462,-1.355682347066331,
obl,Obliquity,barker_do_warming_variable_threshold_edc3_0_800,"Barker variable-threshold D-O warmings, EDC3 0-800 ka",66,367.84,0.42087959999999996,65.32965136878795,2.4977982969920873,143.11330049261116,0.39753694581280874,False,2.4977982969920873,-0.6437943565977057,
obl,Obliquity,barker_do_warming_variable_threshold_edc3_0_800,"Barker variable-threshold D-O warmings, EDC3 0-800 ka",67,372.94,0.4237258,66.1052804170988,3.2734273453029346,187.55357142857133,0.5209821428571426,False,-3.009757961876652,0.13183469171314144,
obl,Obliquity,barker_do_warming_variable_threshold_edc3_0_800,"Barker variable-threshold D-O warmings, EDC3 0-800 ka",68,382.0,0.410193,67.37594244573825,4.544089373942384,260.3571428571431,0.7232142857142865,False,-1.7390959332372022,1.402496720352591,
obl,Obliquity,barker_do_warming_variable_threshold_edc3_0_800,"Barker variable-threshold D-O warmings, EDC3 0-800 ka",69,386.8,0.399737,68.04914087150749,5.217287799711627,298.9285714285718,0.8303571428571439,False,-1.065897507467959,2.0756951461218343,
obl,Obliquity,barker_do_warming_variable_threshold_edc3_0_800,"Barker variable-threshold D-O warmings, EDC3 0-800 ka",70,390.96,0.39330060000000006,68.63257950717416,5.800726435378294,332.3571428571427,0.9232142857142853,False,-0.4824588718012921,2.6591337817885012,
obl,Obliquity,barker_do_warming_variable_threshold_edc3_0_800,"Barker variable-threshold D-O warmings, EDC3 0-800 ka",71,424.9,0.410775,73.65998206564088,4.544943686665427,260.4060913705578,0.723350253807105,False,-1.7382416205141598,1.4033510330756336,
obl,Obliquity,barker_do_warming_variable_threshold_edc3_0_800,"Barker variable-threshold D-O warmings, EDC3 0-800 ka",72,426.96,0.4055762,73.98849378474722,4.873455405771772,279.2284263959386,0.7756345177664961,False,-1.4097299014078148,1.7318627521819785,
obl,Obliquity,barker_do_warming_variable_threshold_edc3_0_800,"Barker variable-threshold D-O warmings, EDC3 0-800 ka",73,435.92,0.3916056,75.41806532396718,0.019841637812149315,1.1368421052633444,0.003157894736842623,False,0.019841637812149312,-3.121751015777644,
obl,Obliquity,barker_do_warming_variable_threshold_edc3_0_800,"Barker variable-threshold D-O warmings, EDC3 0-800 ka",74,438.82,0.39342619999999995,75.89757157109405,0.49934788493901294,28.610526315789688,0.0794736842105269,False,0.49934788493901294,-2.64224476865078,
obl,Obliquity,barker_do_warming_variable_threshold_edc3_0_800,"Barker variable-threshold D-O warmings, EDC3 0-800 ka",75,443.88,0.4029856,76.73422729883954,1.3360036126845074,76.54736842105297,0.21263157894736937,False,1.3360036126845074,-1.8055890409052857,
obl,Obliquity,barker_do_warming_variable_threshold_edc3_0_800,"Barker variable-threshold D-O warmings, EDC3 0-800 ka",76,447.54,0.411328,77.33939725210999,1.941173565954955,111.22105263157887,0.3089473684210524,False,1.941173565954955,-1.2004190876348382,
obl,Obliquity,barker_do_warming_variable_threshold_edc3_0_800,"Barker variable-threshold D-O warmings, EDC3 0-800 ka",77,451.94,0.4183194,78.06692397188868,2.6687002857336495,152.90526315789498,0.4247368421052638,False,2.6687002857336495,-0.47289236785614364,
obl,Obliquity,barker_do_warming_variable_threshold_edc3_0_800,"Barker variable-threshold D-O warmings, EDC3 0-800 ka",78,454.12,0.4196224,78.42738039214267,3.0291567059876314,173.55789473684206,0.48210526315789465,False,3.0291567059876314,-0.11243594760216169,
obl,Obliquity,barker_do_warming_variable_threshold_edc3_0_800,"Barker variable-threshold D-O warmings, EDC3 0-800 ka",79,462.46,0.41134780000000004,79.79974302699603,4.401519340840991,252.1884816753929,0.7005235602094246,False,-1.881665966338595,1.2599266872511983,
obl,Obliquity,barker_do_warming_variable_threshold_edc3_0_800,"Barker variable-threshold D-O warmings, EDC3 0-800 ka",80,467.14,0.40290460000000006,80.56951546777091,5.171291781615878,296.29319371727803,0.8230366492146611,False,-1.1118935255637086,2.0296991280260848,
obl,Obliquity,barker_do_warming_variable_threshold_edc3_0_800,"Barker variable-threshold D-O warmings, EDC3 0-800 ka",81,469.28,0.3998552,80.92150543000558,5.523281743850546,316.4607329842937,0.8790575916230382,False,-0.7599035633290401,2.3816890902607533,
obl,Obliquity,barker_do_warming_variable_threshold_edc3_0_800,"Barker variable-threshold D-O warmings, EDC3 0-800 ka",82,472.24,0.3973654,81.40837005066662,6.010146364511584,344.35602094240903,0.9565445026178029,False,-0.2730389426680022,2.868553710921791,
obl,Obliquity,barker_do_warming_variable_threshold_edc3_0_800,"Barker variable-threshold D-O warmings, EDC3 0-800 ka",83,477.28,0.3985102,82.19687419571974,0.5154652023851227,29.533980582524347,0.08203883495145652,False,0.5154652023851227,-2.6261274512046704,
obl,Obliquity,barker_do_warming_variable_threshold_edc3_0_800,"Barker variable-threshold D-O warmings, EDC3 0-800 ka",84,488.7,0.413431,83.93847555999136,2.2570665666567393,129.32038834951427,0.35922330097087296,False,2.2570665666567393,-0.8845260869330538,
obl,Obliquity,barker_do_warming_variable_threshold_edc3_0_800,"Barker variable-threshold D-O warmings, EDC3 0-800 ka",85,504.62,0.40752920000000004,86.30865200460333,4.62724301126871,265.12149532710316,0.7364485981308421,False,-1.655942295910876,1.4856503576789173,
obl,Obliquity,barker_do_warming_variable_threshold_edc3_0_800,"Barker variable-threshold D-O warmings, EDC3 0-800 ka",86,507.9,0.402193,86.79016714029372,5.108758146959097,292.71028037383144,0.8130841121495318,False,-1.1744271602204892,1.9671654933693041,
obl,Obliquity,barker_do_warming_variable_threshold_edc3_0_800,"Barker variable-threshold D-O warmings, EDC3 0-800 ka",87,515.92,0.3944694,87.96767429331184,0.0030799927976374875,0.17647058823531905,0.0004901960784314418,False,0.003079992797637488,-3.1385126607921556,
obl,Obliquity,barker_do_warming_variable_threshold_edc3_0_800,"Barker variable-threshold D-O warmings, EDC3 0-800 ka",88,522.08,0.40007680000000007,88.91631207498406,0.9517177744698557,54.52941176470626,0.15147058823529516,False,0.9517177744698558,-2.1898748791199374,
obl,Obliquity,barker_do_warming_variable_threshold_edc3_0_800,"Barker variable-threshold D-O warmings, EDC3 0-800 ka",89,528.66,0.41378179999999987,89.92962970540665,1.965035404892447,112.58823529411809,0.3127450980392169,False,1.965035404892447,-1.1765572486973461,
obl,Obliquity,barker_do_warming_variable_threshold_edc3_0_800,"Barker variable-threshold D-O warmings, EDC3 0-800 ka",90,537.84,0.422386,91.34569451284304,3.381100212328832,193.7227722772286,0.5381188118811905,False,-2.902085094850755,0.23950755873903873,
obl,Obliquity,barker_do_warming_variable_threshold_edc3_0_800,"Barker variable-threshold D-O warmings, EDC3 0-800 ka",91,547.84,0.40384259999999983,92.90093840075878,4.936344100244568,282.8316831683175,0.7856435643564376,False,-1.3468412069350182,1.7947514466547752,
obl,Obliquity,barker_do_warming_variable_threshold_edc3_0_800,"Barker variable-threshold D-O warmings, EDC3 0-800 ka",92,550.64,0.3976086000000001,93.33640668937517,5.37181238886096,307.7821782178216,0.8549504950495044,False,-0.9113729183186268,2.2302197352711666,
obl,Obliquity,barker_do_warming_variable_threshold_edc3_0_800,"Barker variable-threshold D-O warmings, EDC3 0-800 ka",93,555.64,0.39163020000000004,94.11402863333304,6.149434332818828,352.33663366336606,0.9787128712871279,False,-0.13375097436075856,3.007841679229035,
obl,Obliquity,barker_do_warming_variable_threshold_edc3_0_800,"Barker variable-threshold D-O warmings, EDC3 0-800 ka",94,579.92,0.41938620000000004,97.70212274069924,3.4543431330054446,197.91928251120996,0.549775784753361,False,-2.828842174174142,0.3127504794156515,
obl,Obliquity,barker_do_warming_variable_threshold_edc3_0_800,"Barker variable-threshold D-O warmings, EDC3 0-800 ka",95,584.92,0.41425660000000003,98.40651571235614,4.158736104662346,238.2780269058286,0.6618834080717462,False,-2.1244492025172406,1.0171434510725526,
obl,Obliquity,barker_do_warming_variable_threshold_edc3_0_800,"Barker variable-threshold D-O warmings, EDC3 0-800 ka",96,586.24,0.4122994,98.59247545687357,4.344695849179779,248.93273542600858,0.6914798206278016,False,-1.9384894579998078,1.2031031955899856,
obl,Obliquity,barker_do_warming_variable_threshold_edc3_0_800,"Barker variable-threshold D-O warmings, EDC3 0-800 ka",97,590.38,0.405632,99.17571283740548,4.927933229711691,282.3497757847527,0.7843049327354242,False,-1.3552520774678956,1.7863405761218978,
obl,Obliquity,barker_do_warming_variable_threshold_edc3_0_800,"Barker variable-threshold D-O warmings, EDC3 0-800 ka",98,595.26,0.398924,99.86320037774263,5.615420770048836,321.739910313901,0.8937219730941696,False,-0.6677645371307509,2.4738281164590425,
obl,Obliquity,barker_do_warming_variable_threshold_edc3_0_800,"Barker variable-threshold D-O warmings, EDC3 0-800 ka",99,601.92,0.39674699999999996,100.82664422344654,0.29567930857315616,16.941176470588186,0.04705882352941163,False,0.29567930857315616,-2.845913345016637,
obl,Obliquity,barker_do_warming_variable_threshold_edc3_0_800,"Barker variable-threshold D-O warmings, EDC3 0-800 ka",100,618.6,0.416263,103.39535821667585,2.8643933018024654,164.11764705882393,0.45588235294117757,False,2.8643933018024654,-0.2771993517873277,
obl,Obliquity,barker_do_warming_variable_threshold_edc3_0_800,"Barker variable-threshold D-O warmings, EDC3 0-800 ka",101,621.02,0.4166058,103.77561510524761,3.24465019037423,185.90476190476247,0.516402116402118,False,-3.0385351168053565,0.10305753678443708,
obl,Obliquity,barker_do_warming_variable_threshold_edc3_0_800,"Barker variable-threshold D-O warmings, EDC3 0-800 ka",102,625.78,0.4133698,104.56683103281837,4.035866117944991,231.2380952380957,0.6423280423280436,False,-2.247319189234595,0.8942734643551978,
obl,Obliquity,barker_do_warming_variable_threshold_edc3_0_800,"Barker variable-threshold D-O warmings, EDC3 0-800 ka",103,634.0,0.40205,105.93317450437965,5.4022095895062705,309.52380952381026,0.8597883597883618,False,-0.880975717673316,2.2606169359164774,
obl,Obliquity,barker_do_warming_variable_threshold_edc3_0_800,"Barker variable-threshold D-O warmings, EDC3 0-800 ka",104,637.98,0.3990102,106.59473740180226,6.063772486928883,347.4285714285721,0.9650793650793671,False,-0.21941282025070333,2.92217983333909,
obl,Obliquity,barker_do_warming_variable_threshold_edc3_0_800,"Barker variable-threshold D-O warmings, EDC3 0-800 ka",105,643.28,0.4006576,107.47923207105762,0.6650818490046575,38.106382978723964,0.10585106382978879,False,0.6650818490046575,-2.4765108045851356,
obl,Obliquity,barker_do_warming_variable_threshold_edc3_0_800,"Barker variable-threshold D-O warmings, EDC3 0-800 ka",106,644.52,0.4018622,107.68644350140077,0.872293279347808,49.97872340425553,0.13882978723404316,False,0.872293279347808,-2.269299374241985,
obl,Obliquity,barker_do_warming_variable_threshold_edc3_0_800,"Barker variable-threshold D-O warmings, EDC3 0-800 ka",107,650.0,0.408816,108.60218433872376,1.7880341166707936,102.4468085106387,0.2845744680851075,False,1.7880341166707936,-1.3535585369189995,
obl,Obliquity,barker_do_warming_variable_threshold_edc3_0_800,"Barker variable-threshold D-O warmings, EDC3 0-800 ka",108,652.1,0.411333,108.95310692236943,2.138956700316463,122.55319148936216,0.3404255319148949,False,2.138956700316463,-1.0026359532733302,
obl,Obliquity,barker_do_warming_variable_threshold_edc3_0_800,"Barker variable-threshold D-O warmings, EDC3 0-800 ka",109,656.84,0.4146166,109.74518932545536,2.931039103402391,167.9361702127659,0.46648936170212746,False,2.931039103402391,-0.2105535501874023,
obl,Obliquity,barker_do_warming_variable_threshold_edc3_0_800,"Barker variable-threshold D-O warmings, EDC3 0-800 ka",110,660.42,0.41424520000000004,110.30784408126247,3.4936938592095075,200.17391304347763,0.5560386473429934,False,-2.789491447970079,0.35210120561971436,
obl,Obliquity,barker_do_warming_variable_threshold_edc3_0_800,"Barker variable-threshold D-O warmings, EDC3 0-800 ka",111,663.88,0.4117898,110.83296053447121,4.018810312418246,230.26086956521732,0.6396135265700481,False,-2.2643749947613405,0.877217658828453,
obl,Obliquity,barker_do_warming_variable_threshold_edc3_0_800,"Barker variable-threshold D-O warmings, EDC3 0-800 ka",112,670.34,0.40441759999999993,111.8133802708089,4.9992300487559405,286.43478260869614,0.7956521739130449,False,-1.283955258423646,1.8576373951661473,
obl,Obliquity,barker_do_warming_variable_threshold_edc3_0_800,"Barker variable-threshold D-O warmings, EDC3 0-800 ka",113,676.4,0.399279,112.7330929027294,5.91894268067643,339.1304347826092,0.9420289855072477,False,-0.3642426265031562,2.777350027086637,
obl,Obliquity,barker_do_warming_variable_threshold_edc3_0_800,"Barker variable-threshold D-O warmings, EDC3 0-800 ka",114,679.06,0.3987504,113.13446344241135,0.03712791317879294,2.1272727272729837,0.005909090909091621,False,0.03712791317879293,-3.104464740411,
obl,Obliquity,barker_do_warming_variable_threshold_edc3_0_800,"Barker variable-threshold D-O warmings, EDC3 0-800 ka",115,682.88,0.4001582,113.6799581668074,0.5826226375748433,33.381818181818694,0.09272727272727416,False,0.5826226375748433,-2.5589700160149498,
obl,Obliquity,barker_do_warming_variable_threshold_edc3_0_800,"Barker variable-threshold D-O warmings, EDC3 0-800 ka",116,693.5,0.412774,115.19649062049483,2.0991550912622756,120.27272727272755,0.3340909090909098,False,2.0991550912622756,-1.0424375623275175,
obl,Obliquity,barker_do_warming_variable_threshold_edc3_0_800,"Barker variable-threshold D-O warmings, EDC3 0-800 ka",117,701.8,0.417712,116.38996629116801,3.292630761935456,188.65384615384613,0.5240384615384615,False,-2.9905545452441307,0.15103810834566292,
obl,Obliquity,barker_do_warming_variable_threshold_edc3_0_800,"Barker variable-threshold D-O warmings, EDC3 0-800 ka",118,714.94,0.4002751999999999,118.37460703483002,5.277271505597469,302.3653846153845,0.839903846153846,False,-1.0059138015821179,2.1356788520076755,
obl,Obliquity,barker_do_warming_variable_threshold_edc3_0_800,"Barker variable-threshold D-O warmings, EDC3 0-800 ka",119,724.8,0.395995,119.86384278311824,0.4833219467061056,27.692307692306752,0.07692307692307432,False,0.4833219467061056,-2.6582707068836875,
obl,Obliquity,barker_do_warming_variable_threshold_edc3_0_800,"Barker variable-threshold D-O warmings, EDC3 0-800 ka",120,725.94,0.3972278000000001,120.03602622663232,0.6555053902201777,37.55769230769229,0.10432692307692304,False,0.6555053902201777,-2.4860872633696154,
obl,Obliquity,barker_do_warming_variable_threshold_edc3_0_800,"Barker variable-threshold D-O warmings, EDC3 0-800 ka",121,736.18,0.41431059999999986,121.5826564560919,2.2021356196797583,126.17307692307634,0.3504807692307676,False,2.2021356196797583,-0.9394570339100348,
obl,Obliquity,barker_do_warming_variable_threshold_edc3_0_800,"Barker variable-threshold D-O warmings, EDC3 0-800 ka",122,757.46,0.40265239999999997,124.58815651895662,5.207635682544485,298.3755458515288,0.828820960698691,False,-1.0755496246351017,2.0660430289546916,
obl,Obliquity,barker_do_warming_variable_threshold_edc3_0_800,"Barker variable-threshold D-O warmings, EDC3 0-800 ka",123,764.24,0.397457,125.51828744434259,6.137766607930452,351.66812227074234,0.9768558951965066,False,-0.14541869924913467,2.9961739543406587,
obl,Obliquity,barker_do_warming_variable_threshold_edc3_0_800,"Barker variable-threshold D-O warmings, EDC3 0-800 ka",124,770.24,0.3994262,126.36278126560676,0.6990751220150315,40.05405405405437,0.11126126126126214,False,0.6990751220150315,-2.4425175315747616,
obl,Obliquity,barker_do_warming_variable_threshold_edc3_0_800,"Barker variable-threshold D-O warmings, EDC3 0-800 ka",125,787.44,0.41629540000000004,128.79680800622586,3.1331018626341347,179.51351351351292,0.498648648648647,False,3.1331018626341347,-0.008490790955658412,
obl,Obliquity,barker_do_warming_variable_threshold_edc3_0_800,"Barker variable-threshold D-O warmings, EDC3 0-800 ka",126,799.0,0.405493,130.66758310214453,5.003876958552809,286.7010309278347,0.7963917525773186,False,-1.2793083486267778,1.8622843049630156,
obl,Obliquity,barker_do_warming_variable_threshold_speleo,"Barker variable-threshold D-O warmings, SpeleoAge 0-400 ka",1,11.402407613184174,0.4222010498333208,9.734445825106825,3.4512605179272384,197.74266167736536,0.5492851713260148,False,-2.8319247892523483,0.3096678643374453,
obl,Obliquity,barker_do_warming_variable_threshold_speleo,"Barker variable-threshold D-O warmings, SpeleoAge 0-400 ka",2,14.572905393916493,0.4177581054279237,10.250529376203788,3.967344069024202,227.31207103134554,0.6314224195315153,False,-2.3158412381553846,0.825751415434409,
obl,Obliquity,barker_do_warming_variable_threshold_speleo,"Barker variable-threshold D-O warmings, SpeleoAge 0-400 ka",3,27.9793910080915,0.38772965577660157,12.432794491019822,6.149609183840235,352.34665188893626,0.9787406996914896,False,-0.13357612333935112,3.0080165302504422,
obl,Obliquity,barker_do_warming_variable_threshold_speleo,"Barker variable-threshold D-O warmings, SpeleoAge 0-400 ka",4,29.831152498377676,0.38788206844905904,12.73081026479745,0.16443965043827724,9.421697954719864,0.026171383207555177,False,0.16443965043827724,-2.977153003151516,
obl,Obliquity,barker_do_warming_variable_threshold_speleo,"Barker variable-threshold D-O warmings, SpeleoAge 0-400 ka",5,32.919723059451826,0.3919842350412817,13.223349888389544,0.6569792740303715,37.64213962950905,0.1045614989708585,False,0.6569792740303715,-2.4846133795594216,
obl,Obliquity,barker_do_warming_variable_threshold_speleo,"Barker variable-threshold D-O warmings, SpeleoAge 0-400 ka",6,33.89269230769231,0.3941336807692307,13.378510956533761,0.8121403421745885,46.532213978914456,0.12925614994142906,False,0.8121403421745885,-2.3294523114152046,
obl,Obliquity,barker_do_warming_variable_threshold_speleo,"Barker variable-threshold D-O warmings, SpeleoAge 0-400 ka",7,35.39842363460608,0.398052601940551,13.618632503483626,1.0522618891244537,60.29016518929418,0.16747268108137273,False,1.0522618891244537,-2.0893307644653394,
obl,Obliquity,barker_do_warming_variable_threshold_speleo,"Barker variable-threshold D-O warmings, SpeleoAge 0-400 ka",8,37.459285386819474,0.404176598991404,13.947281647687573,1.3809110333284007,79.12037409276672,0.219778816924352,False,1.3809110333284007,-1.7606816202613924,
obl,Obliquity,barker_do_warming_variable_threshold_speleo,"Barker variable-threshold D-O warmings, SpeleoAge 0-400 ka",9,38.56610487106016,0.4076039251002865,14.123788041623644,1.5574174272644719,89.23344552237711,0.24787068200660306,False,1.5574174272644719,-1.5841752263253213,
obl,Obliquity,barker_do_warming_variable_threshold_speleo,"Barker variable-threshold D-O warmings, SpeleoAge 0-400 ka",10,41.7,0.416753,14.623555651481423,2.0571850371222506,117.86802030456855,0.3274111675126904,False,2.0571850371222506,-1.0844076164675425,
obl,Obliquity,barker_do_warming_variable_threshold_speleo,"Barker variable-threshold D-O warmings, SpeleoAge 0-400 ka",11,43.69368493150685,0.4214231804109589,14.941491993328864,2.375121378969691,136.08443084625546,0.3780123079062652,False,2.375121378969691,-0.7664712746201018,
obl,Obliquity,barker_do_warming_variable_threshold_speleo,"Barker variable-threshold D-O warmings, SpeleoAge 0-400 ka",12,47.59259421182266,0.42630174145320193,15.563257716783342,2.9968871024241697,171.7089826460954,0.47696939623915385,False,2.9968871024241697,-0.14470555116562342,
obl,Obliquity,barker_do_warming_variable_threshold_speleo,"Barker variable-threshold D-O warmings, SpeleoAge 0-400 ka",13,53.86740350377438,0.42084554106252675,16.499615634911862,3.9332450205526897,225.35833946851585,0.625995387412544,False,-2.3499402866268966,0.7916523669628965,
obl,Obliquity,barker_do_warming_variable_threshold_speleo,"Barker variable-threshold D-O warmings, SpeleoAge 0-400 ka",14,57.659007848363686,0.4117840391233526,17.058849266568245,4.492478652209073,257.4000663242003,0.7150001842338897,False,-1.7907066549705137,1.3508859986192796,
obl,Obliquity,barker_do_warming_variable_threshold_speleo,"Barker variable-threshold D-O warmings, SpeleoAge 0-400 ka",15,59.30156174121076,0.40736379891614305,17.301113831962315,4.7347432176031425,271.2808034468516,0.7535577873523656,False,-1.548442089576444,1.5931505640133494,
obl,Obliquity,barker_do_warming_variable_threshold_speleo,"Barker variable-threshold D-O warmings, SpeleoAge 0-400 ka",16,64.65434996081451,0.394707713570142,18.090610552475418,5.524239938116246,316.51563347167195,0.8792100929768665,False,-0.7589453690633408,2.3826472845264526,
obl,Obliquity,barker_do_warming_variable_threshold_speleo,"Barker variable-threshold D-O warmings, SpeleoAge 0-400 ka",17,71.61500992699125,0.39051790655181423,19.106403752747237,0.25684783120847854,14.71629670533437,0.04087860195926214,False,0.25684783120847854,-2.8847448223813146,
obl,Obliquity,barker_do_warming_variable_threshold_speleo,"Barker variable-threshold D-O warmings, SpeleoAge 0-400 ka",18,75.81552948948948,0.3959105742606607,19.700832644585287,0.8512767230465279,48.774563428293106,0.1354848984119253,False,0.8512767230465279,-2.290315930543265,
obl,Obliquity,barker_do_warming_variable_threshold_speleo,"Barker variable-threshold D-O warmings, SpeleoAge 0-400 ka",19,83.58291495284391,0.41312975459719975,20.80002008193999,1.950464160401232,111.75336448251822,0.3104260124514395,False,1.950464160401232,-1.191128493188561,
obl,Obliquity,barker_do_warming_variable_threshold_speleo,"Barker variable-threshold D-O warmings, SpeleoAge 0-400 ka",20,90.66614054416556,0.4233157632448745,21.802389878400138,2.9528339568613795,169.18492333107204,0.469958120364089,False,2.9528339568613795,-0.18875869672841364,
obl,Obliquity,barker_do_warming_variable_threshold_speleo,"Barker variable-threshold D-O warmings, SpeleoAge 0-400 ka",21,103.35484795138207,0.4043211044493237,23.76589021227736,4.9163342907386,281.6852055347648,0.7824589042632356,False,-1.3668510164409862,1.7747416371488072,
obl,Obliquity,barker_do_warming_variable_threshold_speleo,"Barker variable-threshold D-O warmings, SpeleoAge 0-400 ka",22,109.77761542012928,0.3909709515004617,24.769756833945607,5.920200912406848,339.2025261504116,0.9422292393066988,False,-0.36298439477273825,2.778608258817055,
obl,Obliquity,barker_do_warming_variable_threshold_speleo,"Barker variable-threshold D-O warmings, SpeleoAge 0-400 ka",23,125.32790820673185,0.41720795621894474,27.35502461078406,2.222283382065715,127.3274586744241,0.3536873852067336,False,2.222283382065715,-0.919309271524078,
obl,Obliquity,barker_do_warming_variable_threshold_speleo,"Barker variable-threshold D-O warmings, SpeleoAge 0-400 ka",24,129.07452589072466,0.4230148754536725,27.984454909813014,2.851713681094669,163.3911583064405,0.4538643286290014,False,2.851713681094669,-0.28987897249512434,
obl,Obliquity,barker_do_warming_variable_threshold_speleo,"Barker variable-threshold D-O warmings, SpeleoAge 0-400 ka",25,147.36634425456978,0.3925022901708872,31.072436323544476,5.939695094826131,340.3194605280946,0.9453318348002628,False,-0.34349021235345517,2.7981024412363382,
obl,Obliquity,barker_do_warming_variable_threshold_speleo,"Barker variable-threshold D-O warmings, SpeleoAge 0-400 ka",26,149.0832320742082,0.3916065151888688,31.362423536512964,6.229682307794619,356.9345039439503,0.9914847331776397,False,-0.05350299938496785,3.0880896542048255,
obl,Obliquity,barker_do_warming_variable_threshold_speleo,"Barker variable-threshold D-O warmings, SpeleoAge 0-400 ka",27,150.97180867581042,0.3921438298995511,31.666585550556544,0.25065901465861273,14.361703636846345,0.03989362121346207,False,0.25065901465861273,-2.8909336389311804,
obl,Obliquity,barker_do_warming_variable_threshold_speleo,"Barker variable-threshold D-O warmings, SpeleoAge 0-400 ka",28,160.69435786143114,0.4108556437165342,33.21705707825763,1.8011305423597008,103.1971784293198,0.2866588289703328,False,1.8011305423597008,-1.3404621112300923,
obl,Obliquity,barker_do_warming_variable_threshold_speleo,"Barker variable-threshold D-O warmings, SpeleoAge 0-400 ka",29,164.03352385202012,0.4171112857780302,33.749559583087645,2.333633047189714,133.7073245362243,0.37140923482284527,False,2.333633047189714,-0.8079596064000789,
obl,Obliquity,barker_do_warming_variable_threshold_speleo,"Barker variable-threshold D-O warmings, SpeleoAge 0-400 ka",30,169.48426684230336,0.42099457331576967,34.6121440713338,3.1962175354358706,183.12977518618104,0.508693819961614,False,-3.086967771743716,0.0546248818460775,
obl,Obliquity,barker_do_warming_variable_threshold_speleo,"Barker variable-threshold D-O warmings, SpeleoAge 0-400 ka",31,173.18254908054905,0.41862671953897956,35.137867886291914,3.7219413503939833,213.25153097279755,0.5923653638133265,False,-2.561243956785603,0.5803486968041902,
obl,Obliquity,barker_do_warming_variable_threshold_speleo,"Barker variable-threshold D-O warmings, SpeleoAge 0-400 ka",32,176.294819690442,0.41406001373863094,35.58028808918889,4.164361553290959,238.6003413701158,0.6627787260280995,False,-2.1188237538886274,1.0227688997011661,
obl,Obliquity,barker_do_warming_variable_threshold_speleo,"Barker variable-threshold D-O warmings, SpeleoAge 0-400 ka",33,177.9590564102564,0.41097143056410257,35.81686518660081,4.4009386507028765,252.15521058127402,0.7004311405035389,False,-1.88224665647671,1.2593459971130834,
obl,Obliquity,barker_do_warming_variable_threshold_speleo,"Barker variable-threshold D-O warmings, SpeleoAge 0-400 ka",34,178.65,0.40960949999999996,35.91508524567698,4.499158709779046,257.78280542986414,0.7160633484162893,False,-1.7840265974005407,1.3575660561892526,
obl,Obliquity,barker_do_warming_variable_threshold_speleo,"Barker variable-threshold D-O warmings, SpeleoAge 0-400 ka",35,189.97930809248555,0.39194348368208093,37.525586199233906,6.109659663335975,350.0577129704708,0.9723825360290856,False,-0.17352564384361127,2.968067009746182,
obl,Obliquity,barker_do_warming_variable_threshold_speleo,"Barker variable-threshold D-O warmings, SpeleoAge 0-400 ka",36,192.67904271003977,0.39203415007371867,37.919327469248444,0.22021562617092627,12.617425962424752,0.03504840545117987,False,0.22021562617092627,-2.921377027418867,
obl,Obliquity,barker_do_warming_variable_threshold_speleo,"Barker variable-threshold D-O warmings, SpeleoAge 0-400 ka",37,199.07712332556784,0.4015149261153174,38.87194183222561,1.1728299891480916,67.19820846455978,0.18666169017933273,False,1.1728299891480916,-1.9687626644417016,
obl,Obliquity,barker_do_warming_variable_threshold_speleo,"Barker variable-threshold D-O warmings, SpeleoAge 0-400 ka",38,216.8483851073425,0.42221122978531506,41.56604323975992,3.8669313966824035,221.55884869653048,0.6154412463792513,False,-2.416253910497183,0.7253387430926104,
obl,Obliquity,barker_do_warming_variable_threshold_speleo,"Barker variable-threshold D-O warmings, SpeleoAge 0-400 ka",39,226.71390956408098,0.3928970005595446,43.1393152781914,5.4402034351138795,311.7006965245979,0.865835268123883,False,-0.842981872065707,2.2986107815240864,
obl,Obliquity,barker_do_warming_variable_threshold_speleo,"Barker variable-threshold D-O warmings, SpeleoAge 0-400 ka",40,229.5815786411596,0.38696760568878813,43.596627364763826,5.897515521686309,337.9027490055194,0.9386187472375539,False,-0.3856697854932778,2.7559228680965155,
obl,Obliquity,barker_do_warming_variable_threshold_speleo,"Barker variable-threshold D-O warmings, SpeleoAge 0-400 ka",41,232.02721911054135,0.38530336095552703,43.986682348088586,0.004385197831481946,0.2512533280738363,0.000697925911316212,False,0.004385197831481946,-3.137207455758311,
obl,Obliquity,barker_do_warming_variable_threshold_speleo,"Barker variable-threshold D-O warmings, SpeleoAge 0-400 ka",42,242.4522797554482,0.40925834081254314,45.666235883230506,1.6839387329734024,96.48258235798328,0.2680071732166202,False,1.6839387329734024,-1.4576539206163908,
obl,Obliquity,barker_do_warming_variable_threshold_speleo,"Barker variable-threshold D-O warmings, SpeleoAge 0-400 ka",43,243.88598166641825,0.41370922536592636,45.89721574943262,1.9149185991755147,109.71675384386076,0.304768760677391,False,1.9149185991755147,-1.2266740544142785,
obl,Obliquity,barker_do_warming_variable_threshold_speleo,"Barker variable-threshold D-O warmings, SpeleoAge 0-400 ka",44,248.50922296641428,0.4240060820860027,46.64205374450136,2.659756594244257,152.39282738228573,0.4233134093952381,False,2.659756594244257,-0.48183605934553597,
obl,Obliquity,barker_do_warming_variable_threshold_speleo,"Barker variable-threshold D-O warmings, SpeleoAge 0-400 ka",45,251.8764368154625,0.425968770109526,47.181578151846786,3.199281001589682,183.3052988674756,0.5091813857429878,False,-3.0839043055899045,0.05768834799988909,
obl,Obliquity,barker_do_warming_variable_threshold_speleo,"Barker variable-threshold D-O warmings, SpeleoAge 0-400 ka",46,257.6451326277037,0.41862806219788307,48.06562168279952,4.083324532542413,233.95726209691003,0.6498812836025278,False,-2.1998607746371737,0.9417318789526199,
obl,Obliquity,barker_do_warming_variable_threshold_speleo,"Barker variable-threshold D-O warmings, SpeleoAge 0-400 ka",47,259.51836226415094,0.4142738288301887,48.35269116886534,4.370394018608238,250.40513207547139,0.6955698113207539,False,-1.9127912885713487,1.2288013650184446,
obl,Obliquity,barker_do_warming_variable_threshold_speleo,"Barker variable-threshold D-O warmings, SpeleoAge 0-400 ka",48,261.9851063719653,0.40807823407008675,48.73071581117732,4.7484186609202155,272.06434863189025,0.7557343017552508,False,-1.534766646259371,1.6068260073304224,
obl,Obliquity,barker_do_warming_variable_threshold_speleo,"Barker variable-threshold D-O warmings, SpeleoAge 0-400 ka",49,264.30493887083725,0.4025501344841581,49.08622648122683,5.103929330969727,292.43360959759525,0.8123155822155423,False,-1.1792559762098593,1.962336677379934,
obl,Obliquity,barker_do_warming_variable_threshold_speleo,"Barker variable-threshold D-O warmings, SpeleoAge 0-400 ka",50,276.9088177368622,0.3966431103484464,50.96645999107022,0.7009775336335267,40.163054210690795,0.11156403947414109,False,0.7009775336335267,-2.4406151199562665,
obl,Obliquity,barker_do_warming_variable_threshold_speleo,"Barker variable-threshold D-O warmings, SpeleoAge 0-400 ka",51,278.80551795456495,0.39933266318866695,51.23730814879736,0.9718256913606709,55.681510537349794,0.15467086260374943,False,0.9718256913606709,-2.1697669622291222,
obl,Obliquity,barker_do_warming_variable_threshold_speleo,"Barker variable-threshold D-O warmings, SpeleoAge 0-400 ka",52,281.47721396014634,0.403846668709459,51.61882544624098,1.3533429888042932,77.54084149210662,0.21539122636696284,False,1.3533429888042932,-1.7882496647855,
obl,Obliquity,barker_do_warming_variable_threshold_speleo,"Barker variable-threshold D-O warmings, SpeleoAge 0-400 ka",53,291.42979144658676,0.41774187486795206,53.040050187863,2.7745677304263126,158.97102092661925,0.441586169240609,False,2.7745677304263126,-0.36702492316348057,
obl,Obliquity,barker_do_warming_variable_threshold_speleo,"Barker variable-threshold D-O warmings, SpeleoAge 0-400 ka",54,297.52778461963123,0.4169479938423319,53.96400286200541,3.6985204045687183,211.9096096248053,0.5886378045133481,False,-2.5846649026108683,0.5569277509789252,
obl,Obliquity,barker_do_warming_variable_threshold_speleo,"Barker variable-threshold D-O warmings, SpeleoAge 0-400 ka",55,301.83105070495697,0.4110710402522262,54.64335507909593,4.377872621659243,250.83362446694767,0.6967600679637436,False,-1.9053126855203433,1.23627996806945,
obl,Obliquity,barker_do_warming_variable_threshold_speleo,"Barker variable-threshold D-O warmings, SpeleoAge 0-400 ka",56,306.8889179521644,0.40135983424993094,55.44183541008383,5.176352952647143,296.5831774567634,0.8238421596021205,False,-1.1068323545324434,2.03476029905735,
obl,Obliquity,barker_do_warming_variable_threshold_speleo,"Barker variable-threshold D-O warmings, SpeleoAge 0-400 ka",57,317.7801584879551,0.39656803139241437,57.19706549868669,0.6483977340704143,37.150453608080646,0.10319570446689068,False,0.6483977340704145,-2.4931949195193788,
obl,Obliquity,barker_do_warming_variable_threshold_speleo,"Barker variable-threshold D-O warmings, SpeleoAge 0-400 ka",58,327.90134618362464,0.41871442313052437,58.88837661093769,2.3397088463214146,134.05544218364,0.37237622828788886,False,2.3397088463214146,-0.8018838072683785,
obl,Obliquity,barker_do_warming_variable_threshold_speleo,"Barker variable-threshold D-O warmings, SpeleoAge 0-400 ka",59,334.8609458364278,0.42228271091375785,60.047566290023276,3.498898525407,200.47211845036836,0.5568669956954676,False,-2.7842867817725865,0.3573058718172071,
obl,Obliquity,barker_do_warming_variable_threshold_speleo,"Barker variable-threshold D-O warmings, SpeleoAge 0-400 ka",60,335.20995230869227,0.4219300524604385,60.105273456829664,3.556605692213388,203.77849555603183,0.5660513765445329,False,-2.7265796149661985,0.4150130386235951,
obl,Obliquity,barker_do_warming_variable_threshold_speleo,"Barker variable-threshold D-O warmings, SpeleoAge 0-400 ka",61,335.743726913332,0.421293717743535,60.193531476651195,3.644863712034919,208.8353075999875,0.5800980766666319,False,-2.6383215951446677,0.5032710584451259,
obl,Obliquity,barker_do_warming_variable_threshold_speleo,"Barker variable-threshold D-O warmings, SpeleoAge 0-400 ka",62,336.25253465346543,0.42058172336633654,60.27766130078239,3.728993536166115,213.6555914538829,0.5934877540385636,False,-2.5541917710134716,0.587400882576322,
obl,Obliquity,barker_do_warming_variable_threshold_speleo,"Barker variable-threshold D-O warmings, SpeleoAge 0-400 ka",63,349.3827409805063,0.390554157511638,62.44870128694817,5.900033522331896,338.04701981532276,0.9390194994870077,False,-0.3831517848476909,2.7584408687421025,
obl,Obliquity,barker_do_warming_variable_threshold_speleo,"Barker variable-threshold D-O warmings, SpeleoAge 0-400 ka",64,351.12312290502797,0.38934575681564243,62.736468185291216,6.1878004206749395,354.5348485739494,0.9848190238165261,False,-0.09538488650464697,3.0462077670851464,
obl,Obliquity,barker_do_warming_variable_threshold_speleo,"Barker variable-threshold D-O warmings, SpeleoAge 0-400 ka",65,366.8049739836804,0.41921970447144064,65.16947254469218,2.3376194728963213,133.93572990455536,0.3720436941793204,False,2.3376194728963213,-0.8039731806934718,
obl,Obliquity,barker_do_warming_variable_threshold_speleo,"Barker variable-threshold D-O warmings, SpeleoAge 0-400 ka",66,372.804462591687,0.42376766122249393,66.0862713400344,3.2544182682385383,186.4644315403425,0.5179567542787291,False,-3.0287670389410484,0.11282561464874519,
obl,Obliquity,barker_do_warming_variable_threshold_speleo,"Barker variable-threshold D-O warmings, SpeleoAge 0-400 ka",67,378.1905631536605,0.41793842011263077,66.8416701774001,4.009817105604242,229.74559677048657,0.6381822132513516,False,-2.273368201575345,0.8682244520144486,
obl,Obliquity,barker_do_warming_variable_threshold_speleo,"Barker variable-threshold D-O warmings, SpeleoAge 0-400 ka",68,387.3781174577635,0.3986251391794046,68.13022165535666,5.298368583560801,303.57415814274196,0.8432615503965055,False,-0.984816723618785,2.1567759299710083,
obl,Obliquity,barker_do_warming_variable_threshold_speleo,"Barker variable-threshold D-O warmings, SpeleoAge 0-400 ka",69,392.2456958970233,0.3922058407079646,68.81289793506876,5.981044863272899,342.6886277439376,0.9519128548442712,False,-0.30214044390668726,2.839452209683106,
obl,Obliquity,barker_do_warming_variable_threshold_speleo,"Barker variable-threshold D-O warmings, SpeleoAge 0-400 ka",70,396.4642638777152,0.39216612888173774,69.41388981829806,0.29885143932261116,17.12292617459563,0.04756368381832119,False,0.29885143932261116,-2.842741214267182,
