scope,drop_probability,replicate_id,seed,n_source_events,n_conditioning_events,n_eligible_events,n_deleted,n_response_events,fit_valid,invalid_reason,response_status,response_exposure_kyr,gain_bits_per_event,LR_statistic,beta_history,beta_pre_phase_sin,beta_pre_phase_cos,phase_amplitude,pre_phase_preferred_deg,pre_phase_rate_ratio_max_vs_min,change__gain_bits_per_event,change__LR_statistic,change__beta_history,change__beta_pre_phase_sin,change__beta_pre_phase_cos,change__phase_amplitude,phase_offset_deg,change__pre_phase_rate_ratio_max_vs_min
both,0.1,1,20260912,55,2,53,7,46,True,,ok,165.058,0.155242616338,9.89975032719,-0.602903386835,-0.360965688056,0.640987541614,0.735636633439,330.614400917,4.35477640512,-0.0929809597697,-8.33812969711,0.361057867434,0.160233160158,-0.195822116114,-0.250212565295,2.53071840062,-2.82808908998
both,0.1,2,20260912,55,2,53,8,45,True,,ok,165.058,0.204308039677,12.7453987501,-1.20741292242,-0.442075374026,0.744170812438,0.865575435421,329.287530628,5.64714930951,-0.0439155364302,-5.49248127418,-0.24345166815,0.0791234741871,-0.0926388452899,-0.120273763313,1.20384811127,-1.53571618559
both,0.1,3,20260912,55,2,53,1,52,True,,ok,165.058,0.262374188065,18.9138485857,-0.917974896761,-0.503367275194,0.884159176992,1.01740653821,330.346384281,7.65082187282,0.0141506119574,0.675968561417,0.0459863575078,0.017831573019,0.0473495192643,0.0315573394773,2.26270176452,0.467956377717
both,0.1,4,20260912,55,2,53,7,46,True,,ok,165.058,0.286495412216,18.2696808243,-0.936927703716,-0.485225996719,0.939021773228,1.05697973419,332.672990539,8.28096467605,0.0382718361089,0.0318008000412,0.0270335505535,0.0359728514941,0.1022121155,0.0711305354555,4.58930802288,1.09809918094
both,0.1,5,20260912,55,2,53,5,48,True,,ok,165.058,0.293410799576,19.5241793733,-1.32790837957,-0.70544737228,0.821400780123,1.08275354382,319.342876438,8.71902210431,0.045187223469,1.28629934904,-0.363947125296,-0.184248524067,-0.0154088776043,0.0969043450811,-8.74080607828,1.5361566092
both,0.1,6,20260912,55,2,53,5,48,True,,ok,165.058,0.210446721811,14.0035729806,-1.35704826143,-0.400151615482,0.768963061727,0.866848029169,332.508513883,5.66154066991,-0.0377768542966,-4.2343070437,-0.39308700716,0.121047232731,-0.0678465960003,-0.119001169565,4.42483136657,-1.5213248252
both,0.1,7,20260912,55,2,53,9,44,True,,ok,165.058,0.343592476605,20.958093765,-1.09961670524,-0.503384829677,1.07866857311,1.19034540255,334.982837738,10.8123695247,0.0953689004977,2.7202137407,-0.135655450967,0.0178140185356,0.241858915387,0.204496203817,6.89915522161,3.62950402956
both,0.1,8,20260912,55,2,53,4,49,True,,ok,165.058,0.21674211204,14.7229500192,-0.934527799415,-0.475570649695,0.778970657785,0.912667917997,328.595449099,6.20487849077,-0.0314814640672,-3.51493000511,0.0294334548546,0.0456281985185,-0.0578389999425,-0.0731812807372,0.511766582228,-0.977987004331
both,0.1,9,20260912,55,2,53,5,48,True,,ok,165.058,0.296473266921,19.7279624715,-1.16300918177,-0.532114879594,0.942819713232,1.08261500855,330.560196441,8.71660665492,0.0482496908136,1.49008244716,-0.199047927497,-0.0109160313814,0.106010055504,0.0967658098187,2.47651392494,1.53374115982
both,0.1,10,20260912,55,2,53,6,47,True,,ok,165.058,0.216625736718,14.1144307524,-0.881306230054,-0.369185786159,0.80786879705,0.888228651839,335.440200911,5.90888590608,-0.0315978393894,-4.12344927188,0.0826550242149,0.152013062054,-0.0289408606779,-0.097620546895,7.35651839465,-1.27397958902
both,0.1,11,20260912,55,2,53,4,49,True,,ok,165.058,0.262998244115,17.8650561573,-0.911349609599,-0.609190989304,0.81855791255,1.02036793249,323.342467533,7.69627053154,0.0147746680077,-0.372823867044,0.0526116446701,-0.0879921410905,-0.0182517451776,0.0345187337523,-4.7412149837,0.513405036442
both,0.1,12,20260912,55,2,53,7,46,True,,ok,165.058,0.291857022027,18.6115882189,-0.998094671172,-0.424651067731,0.973662428644,1.06223681648,336.436160564,8.36849143051,0.0436334459196,0.373708194605,-0.0341334169027,0.0965477804823,0.136852770917,0.0763876177424,8.35247804725,1.18562593541
both,0.1,13,20260912,55,2,53,5,48,True,,ok,165.058,0.321223497172,21.3748954939,-0.992159843734,-0.597130026455,0.976353494775,1.14447822839,328.550375984,9.86463813181,0.0729999210648,3.13701546957,-0.0281985894651,-0.0759311782421,0.139543837047,0.158629029654,0.466693467244,2.68177263671
both,0.1,14,20260912,55,2,53,4,49,True,,ok,165.058,0.266871972362,18.1281924109,-1.05025428687,-0.619273648779,0.818713090043,1.02654321676,322.896180392,7.79191325357,0.0186483962551,-0.109687613374,-0.0862930325969,-0.0980748005661,-0.0180965676852,0.0406940180273,-5.18750212413,0.609047758471
both,0.1,15,20260912,55,2,53,9,44,True,,ok,165.058,0.159400351218,9.72293555438,-0.849589135963,-0.413408625894,0.624181680141,0.748671798445,326.48265549,4.46979969603,-0.0888232248893,-8.51494446992,0.114372118306,0.107790222319,-0.212627977587,-0.23717740029,-1.60102702644,-2.71306579907
both,0.1,16,20260912,55,2,53,5,48,True,,ok,165.058,0.220426244709,14.667631684,-0.962015319556,-0.357514347776,0.836199854975,0.909421083066,336.851038081,6.16471659848,-0.0277973313984,-3.57024834032,0.00194593471284,0.163684500437,-0.000609802752746,-0.0764281156679,8.76735556491,-1.01814889662
both,0.1,17,20260912,55,2,53,3,50,True,,ok,165.058,0.2941129939,20.3863592488,-0.898672523366,-0.674145369887,0.866480352461,1.09784342278,322.116109532,8.98617104935,0.0458894177928,2.1484792245,0.0652887309036,-0.152946521674,0.0296706947334,0.111994224046,-5.96757298473,1.80330555425
both,0.1,18,20260912,55,2,53,8,45,True,,ok,165.058,0.270072849113,16.8480210518,-0.842274231938,-0.477629117841,0.886730223912,1.00718422556,331.691280468,7.4959918007,0.0218492730054,-1.38985897255,0.121687022331,0.0435697303717,0.0499205661843,0.0213350268217,3.60759795133,0.313126305598
both,0.1,19,20260912,55,2,53,4,49,True,,ok,165.058,0.167558496504,11.3819845442,-0.791830370087,-0.41781658451,0.639653053389,0.764020109029,326.847731259,4.60913506559,-0.0806650796031,-6.85589548008,0.172130884182,0.103382263703,-0.197156604339,-0.221829089705,-1.23595125773,-2.57373042951
both,0.1,20,20260912,55,2,53,6,47,True,,ok,165.058,0.249697919801,16.2692764555,-0.963956507405,-0.543542370011,0.801972288863,0.968812603191,325.872266843,6.94224498016,0.00147434369312,-1.96860356877,4.74686425556e-06,-0.0223435217983,-0.0348373688648,-0.0170365955434,-2.21141567364,-0.240620514942
both,0.1,21,20260912,55,2,53,5,48,True,,ok,165.058,0.263406665601,17.5276404098,-0.89306746363,-0.563989997583,0.837087495695,1.00935632599,326.029772426,7.52862672986,0.0151830894938,-0.710239614491,0.0708937906397,-0.0427911493703,0.000277837967705,0.0235071272595,-2.05391009046,0.345761234762
both,0.1,22,20260912,55,2,53,3,50,True,,ok,165.058,0.286488201335,19.8578489019,-0.979165251616,-0.654754029441,0.866503346356,1.0860621015,322.924291216,8.77690818771,0.0382646252279,1.61996887762,-0.0152039973465,-0.133555181227,0.0296936886282,0.100212902766,-5.15939130074,1.5940426926
both,0.1,23,20260912,55,2,53,2,51,True,,ok,165.058,0.310922255639,21.9825182567,-1.08133772936,-0.609237590572,0.953300142076,1.13134946089,327.418059428,9.60898810866,0.0626986795312,3.74463823236,-0.117376475086,-0.088038742359,0.116490484348,0.145500262152,-0.665623088097,2.42612261355
both,0.1,24,20260912,55,2,53,8,45,True,,ok,165.058,0.299416548855,18.6785762987,-1.05420376134,-0.612454571955,0.9289726344,1.11269526743,326.603869815,9.25709731736,0.0511929727481,0.440696274395,-0.0902425070676,-0.0912557237421,0.0921629766717,0.126846068701,-1.47981270176,2.07423182226
both,0.1,25,20260912,55,2,53,8,45,True,,ok,165.058,0.287401616553,17.9290458182,-1.20812419444,-0.659857209218,0.854443871781,1.07957670713,322.322342418,8.66379990346,0.0391780404451,-0.308834206141,-0.244162940173,-0.138658361005,0.0176342140534,0.0937275083973,-5.76134009851,1.48093440836
both,0.1,26,20260912,55,2,53,10,43,True,,ok,165.058,0.292159141471,17.4157985259,-0.914874978426,-0.58732975697,0.925773041472,1.09636306383,327.608104794,8.95960487881,0.0439355653631,-0.82208149838,0.0490862758434,-0.0661309087572,0.0889633837443,0.1105138651,-0.475577722918,1.77673938371
both,0.1,27,20260912,55,2,53,7,46,True,,ok,165.058,0.2350537275,14.9892682217,-0.683031340343,-0.564087189022,0.787093231078,0.968354331445,324.37191444,6.93588502573,-0.0131698486076,-3.24861180261,0.280929913926,-0.0428883408092,-0.0497164266498,-0.0174948672895,-3.71176807634,-0.246980469368
both,0.1,28,20260912,55,2,53,8,45,True,,ok,165.058,0.229276977329,14.3030421363,-0.866070399872,-0.32437141075,0.845863620738,0.905926088045,339.019202064,6.12177554445,-0.0189465987781,-3.93483788802,0.0978908543976,0.196827437463,0.00905396301026,-0.0799231106896,10.935519547,-1.06108995065
both,0.1,29,20260912,55,2,53,6,47,True,,ok,165.058,0.196949147828,12.8323861739,-0.745836845059,-0.577367711394,0.630418180203,0.854857038393,317.515028122,5.52738084517,-0.0512744282792,-5.4054938504,0.21812440921,-0.0561688631805,-0.206391477525,-0.130992160341,-10.5686543943,-1.65548464993
both,0.1,30,20260912,55,2,53,6,47,True,,ok,165.058,0.233183831466,15.1932872413,-0.798522006958,-0.623533040543,0.730782895181,0.960644102952,319.527870097,6.8297509303,-0.0150397446415,-3.04459278302,0.165439247311,-0.102334192329,-0.106026762547,-0.0252050957819,-8.55581241921,-0.353114564801
both,0.1,31,20260912,55,2,53,6,47,True,,ok,165.058,0.239808265132,15.624907748,-1.29244584432,-0.604253224291,0.742365354156,0.957198139424,320.855904275,6.78284261509,-0.00841531097551,-2.61297227629,-0.32848459005,-0.0830543760775,-0.0944443035717,-0.0286510593103,-7.22777824101,-0.400022880011
both,0.1,32,20260912,55,2,53,8,45,True,,ok,165.058,0.238186206883,14.8588287974,-0.924715183096,-0.627677940586,0.720880813919,0.955849750209,318.953593413,6.76457543377,-0.0100373692245,-3.37905122687,0.0392460711732,-0.106479092373,-0.115928843809,-0.0299994485258,-9.13008910342,-0.418290061335
both,0.1,33,20260912,55,2,53,6,47,True,,ok,165.058,0.223084047037,14.5352273538,-0.973284176681,-0.445812827724,0.809844047078,0.924443864143,331.167559516,6.3527496078,-0.0251395290701,-3.70265267051,-0.00932292241175,0.0753860204894,-0.0269656106498,-0.0614053345918,3.08387699951,-0.830115887306
both,0.1,34,20260912,55,2,53,6,47,True,,ok,165.058,0.151086127143,9.84414276675,-0.55007170013,-0.317515894294,0.650423517301,0.72378663637,333.979854104,4.25278164156,-0.0971374489649,-8.39373725755,0.413889554139,0.203682953919,-0.186386140427,-0.262062562365,5.89617158741,-2.93008385354
both,0.1,35,20260912,55,2,53,6,47,True,,ok,165.058,0.23153529146,15.0858752407,-0.939240696433,-0.409581891931,0.850461764253,0.943950495871,334.28456083,6.60548914324,-0.0166882846476,-3.1520047836,0.0247205578361,0.111616956282,0.0136521065254,-0.0418987028637,6.20087831341,-0.57737635186
both,0.1,36,20260912,55,2,53,3,50,True,,ok,165.058,0.280984597996,19.4763681881,-1.23944531925,-0.573076776635,0.890473368268,1.05894278009,327.23611804,8.31354040943,0.0327610218881,1.23848816384,-0.275484064976,-0.0518779284219,0.0536637105398,0.0730935813592,-0.847564476317,1.13067491433
both,0.1,37,20260912,55,2,53,8,45,True,,ok,165.058,0.184102139279,11.4848890899,-1.27308512393,-0.583911331023,0.580287701593,0.823217018238,314.821664512,5.18844499396,-0.064121436828,-6.75299093441,-0.309123869659,-0.0627124828101,-0.256521956135,-0.162632180496,-13.2620180043,-1.99442050114
both,0.1,38,20260912,55,2,53,5,48,True,,ok,165.058,0.285236784039,18.9802629743,-1.06795417382,-0.416722123603,0.971737855736,1.05732293485,336.788307864,8.28665069243,0.037013207932,0.742382949995,-0.103992919554,0.10447672461,0.134928198008,0.0714737361203,8.70462534771,1.10378519733
both,0.1,39,20260912,55,2,53,4,49,True,,ok,165.058,0.347239757726,23.5874493865,-1.03978982321,-0.671950685603,1.01499425752,1.21726376216,326.494479745,11.4104262907,0.0990161816188,5.34956936223,-0.0758285689413,-0.15075183739,0.17818459979,0.231414563429,-1.58920277118,4.22756079563
both,0.1,40,20260912,55,2,53,1,52,True,,ok,165.058,0.226600681035,16.3350328099,-0.869577123408,-0.524691821463,0.769825974228,0.931629506889,325.722753428,6.44470596897,-0.0216228950722,-1.90284721436,0.0943841308611,-0.00349297325015,-0.0669836835,-0.0542196918454,-2.36092908864,-0.738159526137
both,0.1,41,20260912,55,2,53,6,47,True,,ok,165.058,0.264647879197,17.2433535428,-0.887035764285,-0.535726910707,0.860472447156,1.01361538819,328.093762201,7.59303041871,0.0164243030893,-0.994526481502,0.0769254899846,-0.0145280624942,0.0236627894282,0.0277661894532,0.0100796843801,0.41016492361
both,0.1,42,20260912,55,2,53,8,45,True,,ok,165.058,0.301961258879,18.8373235708,-1.19327733286,-0.688277316054,0.850694254275,1.09426065362,321.024468175,8.92201044343,0.053737682772,0.599443546453,-0.229316078588,-0.167078467841,0.0138845965476,0.108411454881,-7.05921434165,1.73914494833
both,0.1,43,20260912,55,2,53,8,45,True,,ok,165.058,0.217014778248,13.5380863514,-1.26656329561,-0.393173660072,0.812932676126,0.903019968155,334.189337749,6.08629752038,-0.0312087978593,-4.69979367287,-0.302602041339,0.128025188141,-0.0238769816021,-0.082829230579,6.10565523241,-1.09656797472
both,0.1,44,20260912,55,2,53,8,45,True,,ok,165.058,0.345474019318,21.5517908202,-0.971370287183,-0.643305240324,0.989777021936,1.1804660882,326.978160038,10.6008286903,0.0972504432105,3.31391079592,-0.00740903291379,-0.122106392111,0.152967364208,0.194616889462,-1.10552247827,3.41796319519
both,0.1,45,20260912,55,2,53,5,48,True,,ok,165.058,0.291130160767,19.3724208107,-1.28860006377,-0.616274603675,0.896908584136,1.08822763953,325.506664282,8.81500408315,0.0429065846596,1.13454078642,-0.324638809501,-0.095075755462,0.0600989264078,0.102378440793,-2.57701823492,1.63213858805
both,0.1,46,20260912,55,2,53,6,47,True,,ok,165.058,0.22642041461,14.7526111688,-0.923288318075,-0.302790063983,0.866784525945,0.918148809978,340.744382103,6.27326918549,-0.0218031614976,-3.48526885555,0.040672936194,0.21840878423,0.029974868217,-0.0677003887561,12.6606995863,-0.909596309616
both,0.1,47,20260912,55,2,53,6,47,True,,ok,165.058,0.194149957327,12.6500025795,-0.97393909663,-0.284440492151,0.77537233269,0.825898691049,339.854753518,5.21634717533,-0.0540736187804,-5.58787744476,-0.00997784236038,0.236758356062,-0.0614373250383,-0.159950507686,11.7710710015,-1.96651831977
both,0.1,48,20260912,55,2,53,10,43,True,,ok,165.058,0.30441516832,18.1463883451,-1.11016360475,-0.709215326773,0.839781998553,1.09919069539,319.818134275,9.01041734523,0.0561915922124,-0.0914916792136,-0.146202350477,-0.18801647856,0.00297234082552,0.113341496652,-8.26554824105,1.82755185013
both,0.1,49,20260912,55,2,53,4,49,True,,ok,165.058,0.277012200816,18.8170021457,-1.21652180217,-0.573154495162,0.87210745234,1.04358875222,326.686831317,8.06212770097,0.0287886247086,0.579122121381,-0.252560547897,-0.0519556469488,0.0352977946121,0.0577395534813,-1.39685119947,0.879262205863
both,0.1,50,20260912,55,2,53,4,49,True,,ok,165.058,0.221311913634,15.033369438,-1.02180852015,-0.54647979773,0.738500590795,0.918707402785,323.499092258,6.28028150787,-0.0269116624737,-3.20451058627,-0.0578472658854,-0.025280949517,-0.0983090669331,-0.0671417959497,-4.58459025842,-0.902583987233
both,0.1,51,20260912,55,2,53,7,46,True,,ok,165.058,0.31211325015,19.9033185809,-1.54824337024,-0.549179767576,0.947014214403,1.09473025874,329.890272532,8.93039402339,0.063889674043,1.66543855656,-0.58428211597,-0.0279809193629,0.110204556675,0.108881060003,1.8065900155,1.74752852829
both,0.1,52,20260912,55,2,53,9,44,True,,ok,165.058,0.174644899979,10.6528065617,-0.753904814957,-0.409993590271,0.654227267169,0.772080346318,327.925296758,4.68403862864,-0.0735786761282,-7.58507346256,0.210056439312,0.111205257942,-0.182582390559,-0.213768852416,-0.158385758342,-2.49882686646
both,0.1,53,20260912,55,2,53,4,49,True,,ok,165.058,0.344350942342,23.3912167112,-1.08890583442,-0.731301216379,0.970258245402,1.21499075381,322.994004811,11.3586720292,0.0961273662349,5.15333668686,-0.124944580148,-0.210102368166,0.133448587674,0.229141555077,-5.08967770583,4.17580653411
both,0.1,54,20260912,55,2,53,6,47,True,,ok,165.058,0.204593975766,13.3304913214,-1.17690629964,-0.470375472282,0.721855123759,0.861584531326,326.91091683,5.60225425711,-0.0436296003411,-4.90738870288,-0.212945045368,0.0508233759313,-0.114954533969,-0.124264667408,-1.1727656867,-1.580611238
both,0.1,55,20260912,55,2,53,5,48,True,,ok,165.058,0.312292425653,20.7806029778,-1.12793159168,-0.651515868521,0.937949902493,1.14202580817,325.215502372,9.81637212107,0.0640688495455,2.54272295345,-0.163970337406,-0.130317020308,0.101140244765,0.156176609433,-2.86818014454,2.63350662597
both,0.1,56,20260912,55,2,53,7,46,True,,ok,165.058,0.188317528388,12.0089222744,-1.22084380373,-0.477435869774,0.665460993282,0.819013640501,324.342401612,5.14500983579,-0.0599060477195,-6.2289577499,-0.25688254946,0.0437629784387,-0.171348664446,-0.166835558233,-3.74128090431,-2.03785565931
both,0.1,57,20260912,55,2,53,3,50,True,,ok,165.058,0.299378681594,20.7513489067,-1.20630737064,-0.667046751506,0.885839249839,1.10890150385,323.019848424,9.18712463554,0.0511551054868,2.51346888238,-0.242346116369,-0.145847903293,0.0490295921112,0.12305230512,-5.06383409265,2.00425914044
both,0.1,58,20260912,55,2,53,6,47,True,,ok,165.058,0.193169069141,12.5860919908,-0.776671239,-0.394312154099,0.731592680844,0.831089601388,331.676321808,5.27078444635,-0.0550545069665,-5.65178803354,0.187290015269,0.126886694114,-0.105216976884,-0.154759597347,3.59263929144,-1.91208104876
both,0.1,59,20260912,55,2,53,5,48,True,,ok,165.058,0.309791773984,20.614204291,-1.01479385003,-0.649418322929,0.926428813212,1.13137725985,324.969887478,9.60952236333,0.0615681978765,2.37632426667,-0.0508325957648,-0.128219474716,0.0896191554843,0.145528061116,-3.11379503858,2.42665686823
both,0.1,60,20260912,55,2,53,4,49,True,,ok,165.058,0.301296612474,20.46660395,-1.02083188491,-0.687873774732,0.887211196786,1.12263709081,322.212814804,9.44300429981,0.053073036367,2.22872392569,-0.056870630645,-0.166674926519,0.0504015390586,0.136787892078,-5.87086771209,2.2601388047
both,0.1,61,20260912,55,2,53,5,48,True,,ok,165.058,0.199041896848,13.2446716429,-1.05015996977,-0.506162344107,0.688991948945,0.854932877075,323.697437594,5.52821928731,-0.0491816792599,-4.99320838144,-0.0861987154968,0.0150365041058,-0.147817708782,-0.130916321659,-4.38624492212,-1.65464620779
both,0.1,62,20260912,55,2,53,7,46,True,,ok,165.058,0.181221175246,11.5563910945,-1.36431968636,-0.49466520862,0.650521585641,0.817234361737,322.750161829,5.12673356019,-0.0670024008617,-6.6814889298,-0.400358432087,0.0265336395927,-0.186288072087,-0.168614836997,-5.33352068763,-2.05613193492
both,0.1,63,20260912,55,2,53,11,42,True,,ok,165.058,0.247480301918,14.4093829755,-0.732488785335,-0.426667498583,0.856988935854,0.957327107379,333.532748797,6.78459237943,-0.000743274189784,-3.82849704876,0.231472468934,0.0945313496299,0.020179278126,-0.0285220913551,5.44906628068,-0.398273115673
both,0.1,64,20260912,55,2,53,4,49,True,,ok,165.058,0.244509870993,16.6091701144,-1.06487766423,-0.472776092739,0.845861194148,0.969019294767,330.797922546,6.94511538052,-0.00371370511457,-1.62870990992,-0.100916409956,0.0484227554744,0.00905153642032,-0.0168299039672,2.71424002951,-0.237750114581
both,0.1,65,20260912,55,2,53,5,48,True,,ok,165.058,0.254159370278,16.9123056884,-0.947563590965,-0.371496537856,0.915301984383,0.987819518057,337.909085246,7.21122641582,0.00593579417064,-1.32557433587,0.0163976633046,0.149702310357,0.0784923266549,0.00197031932237,9.82540272973,0.0283609207196
both,0.1,66,20260912,55,2,53,4,49,True,,ok,165.058,0.270727598171,18.3900989945,-0.852295516949,-0.63380634637,0.830466166863,1.04469351439,322.649363274,8.07996086252,0.0225040220639,0.152218970177,0.11166573732,-0.112607498157,-0.00634349086486,0.0588443156527,-5.43431924276,0.897095367421
both,0.1,67,20260912,55,2,53,7,46,True,,ok,165.058,0.219322282656,13.9860812109,-0.783815659116,-0.467739225988,0.783687598029,0.912658881966,329.169389322,6.20476635684,-0.028901293451,-4.25179881343,0.180145595154,0.053459622225,-0.0531220596989,-0.0731903167679,1.0857068051,-0.978099138263
both,0.1,68,20260912,55,2,53,4,49,True,,ok,165.058,0.246758351573,16.7619058559,-0.879584954166,-0.386781310821,0.888255290185,0.968812284677,336.469795443,6.94224055776,-0.00146522453443,-1.4759741684,0.0843763001031,0.134417537392,0.051445632457,-0.017036914057,8.38611292688,-0.24062493734
both,0.1,69,20260912,55,2,53,7,46,True,,ok,165.058,0.274132149164,17.4812812191,-1.39897298963,-0.483405443999,0.895830115248,1.01793537058,331.647932324,7.65891815811,0.025908573057,-0.756598805239,-0.435011735358,0.0377934042145,0.0590204575203,0.0320861718432,3.56424980798,0.476052663005
both,0.1,70,20260912,55,2,53,3,50,True,,ok,165.058,0.252091289991,17.4736366901,-0.929031157454,-0.600901150438,0.788291107523,0.99120384523,322.682331407,7.2602022782,0.00386771388371,-0.764243334194,0.0349300968149,-0.0797023022246,-0.0485185502044,0.00535464649519,-5.40135110918,0.0773367830939
both,0.1,71,20260912,55,2,53,9,44,True,,ok,165.058,0.279557656981,17.0521649531,-1.10421754601,-0.684284893196,0.813936254934,1.06336167044,319.945875771,8.38733928507,0.0313340808735,-1.18571507116,-0.140256291742,-0.163086044982,-0.0228734027938,0.0775124717013,-8.13780674527,1.20447378997
both,0.1,72,20260912,55,2,53,4,49,True,,ok,165.058,0.250646365286,17.0260124987,-0.823184461058,-0.489129140091,0.85831902091,0.98790629988,330.322538486,7.21247813119,0.00242278917821,-1.2118675256,0.140776793211,0.0320697081219,0.0215093631821,0.00205710114535,2.23885596988,0.0296126360912
both,0.1,73,20260912,55,2,53,7,46,True,,ok,165.058,0.196449641758,12.5275034082,-0.767260186898,-0.380249524987,0.752148067354,0.842802715039,333.181055836,5.39571667283,-0.0517739343497,-5.71037661612,0.196701067371,0.140949323227,-0.0846615903737,-0.143046483695,5.09737331925,-1.78714882228
both,0.1,74,20260912,55,2,53,7,46,True,,ok,165.058,0.225423796339,14.3751719355,-1.23997225314,-0.579618259692,0.725636141065,0.928711546277,321.383098782,6.40720470626,-0.0227997797681,-3.86270808884,-0.276010998874,-0.0584194114788,-0.111173516662,-0.0571376524573,-6.70058373432,-0.77566078884
both,0.1,75,20260912,55,2,53,9,44,True,,ok,165.058,0.136962983508,8.35432451566,-0.472908640648,-0.253241446975,0.623613557028,0.673071392183,337.898561359,3.84257526738,-0.111260592599,-9.88355550865,0.491052613622,0.267957401238,-0.2131961007,-0.312777806552,9.81487884213,-3.34029022773
both,0.1,76,20260912,55,2,53,8,45,True,,ok,165.058,0.170210421172,10.6182786184,-1.14592448854,-0.42156673887,0.644358535348,0.77001067356,326.805583201,4.66468984762,-0.078013154935,-7.61960140592,-0.181963234271,0.0996321093428,-0.19245112238,-0.215838525174,-1.27809931571,-2.51817564748
both,0.1,77,20260912,55,2,53,10,43,True,,ok,165.058,0.354717126217,21.1449211303,-1.41438222512,-0.683274350778,1.04063005546,1.24489949424,326.71122597,12.0588519086,0.10649355011,2.90704110602,-0.450420970851,-0.162075502565,0.203820397729,0.259050295503,-1.3724565466,4.87598641349
both,0.1,78,20260912,55,2,53,2,51,True,,ok,165.058,0.246712293886,17.4428089535,-1.03565903364,-0.550065604963,0.804381810522,0.974475380326,325.634256365,7.02131667262,-0.00151128222146,-0.795071070815,-0.0716977793683,-0.0288667567501,-0.0324278472061,-0.0113738184082,-2.44942615126,-0.161548822486
both,0.1,79,20260912,55,2,53,8,45,True,,ok,165.058,0.170051405034,10.6083586754,-1.13909702697,-0.372377258492,0.669713742196,0.766277573161,330.924867727,4.62999202818,-0.0781721710737,-7.62952134886,-0.175135772702,0.148821589721,-0.167095915531,-0.219571625574,2.84118521035,-2.55287346692
both,0.1,80,20260912,55,2,53,1,52,True,,ok,165.058,0.224493637949,16.1831417486,-0.928865241308,-0.445376478428,0.807383477204,0.922078243317,331.117578932,6.32276420428,-0.0237299381588,-2.05473827574,0.0350960129611,0.0758223697855,-0.0294261805239,-0.0637709554174,3.03389641523,-0.86010129082
both,0.1,81,20260912,55,2,53,3,50,True,,ok,165.058,0.230312569908,15.9640508479,-0.932134445068,-0.442300555918,0.833097994223,0.943229584854,332.0356937,6.59597206607,-0.0179110061992,-2.27382917636,0.0318268092017,0.0788982922953,-0.00371166350462,-0.0426196138803,3.95201118335,-0.586893429033
both,0.1,82,20260912,55,2,53,4,49,True,,ok,165.058,0.310872949502,21.1171094291,-0.863753906138,-0.721988382786,0.88193222774,1.1397682568,320.694739904,9.77215010103,0.0626493733947,2.87922940476,0.100207348131,-0.200789534573,0.0451225700121,0.153919058064,-7.38894261214,2.58928460593
both,0.1,83,20260912,55,2,53,2,51,True,,ok,165.058,0.246753471113,17.4457202251,-0.986770643849,-0.503678030148,0.827505363171,0.968739740142,328.672362348,6.9412333876,-0.00147010499428,-0.792159799165,-0.0228093895794,0.0175208180653,-0.00930429455693,-0.0171094585925,0.588679831716,-0.241632107506
both,0.1,84,20260912,55,2,53,9,44,True,,ok,165.058,0.257310945046,15.6951833356,-0.868740980703,-0.375085333583,0.907350631741,0.981821865915,337.540522324,7.12524229456,0.00908736893882,-2.54269668873,0.0952202735664,0.14611351463,0.0705409740132,-0.00402733281892,9.4568398077,-0.0576232005402
both,0.1,85,20260912,55,2,53,6,47,True,,ok,165.058,0.200619997809,13.0715634694,-0.880707005429,-0.563496664926,0.66249415473,0.869728116387,319.616558354,5.69424623619,-0.0476035782986,-5.16631655486,0.0832542488406,-0.0422978167129,-0.174315502998,-0.116121082347,-8.46712416229,-1.48861925891
both,0.1,86,20260912,55,2,53,2,51,True,,ok,165.058,0.252177733746,17.8292210849,-0.922992174012,-0.605428749844,0.795275874486,0.999503720692,322.718655592,7.38172566618,0.00395415763828,-0.408658939426,0.0409690802577,-0.0842299016305,-0.0415337832416,0.0136545219575,-5.36502692489,0.198860171075
both,0.1,87,20260912,55,2,53,4,49,True,,ok,165.058,0.252946147608,17.1822330867,-0.805953057388,-0.56528376721,0.831969019025,1.0058420284,325.805738092,7.4758965867,0.0047225715008,-1.05564693758,0.158008196882,-0.044084918997,-0.00484063870266,0.0199928296622,-2.27794442444,0.293031091598
both,0.1,88,20260912,55,2,53,2,51,True,,ok,165.058,0.25360091087,17.9298411484,-0.985796942813,-0.488397943772,0.851366540648,0.981507788057,330.158678415,7.12076793832,0.00537733476298,-0.308038875861,-0.0218356885435,0.0328009044407,0.0145568829205,-0.00434141067733,2.07499589842,-0.0620975567779
both,0.1,89,20260912,55,2,53,3,50,True,,ok,165.058,0.229909569643,15.9361169982,-0.865309779872,-0.482050041156,0.797986273247,0.932284470786,328.86453433,6.45315360012,-0.0183140064643,-2.30176302611,0.0986514743971,0.0391488070567,-0.0388233844812,-0.0535647279483,0.780851813179,-0.729711894977
both,0.1,90,20260912,55,2,53,5,48,True,,ok,165.058,0.237317952461,15.7916418859,-1.02445606478,-0.532866461768,0.791887961898,0.954480597119,326.063138345,6.7460772934,-0.0109056236464,-2.44623813842,-0.0604948105156,-0.0116676135546,-0.0449216958294,-0.0313686016155,-2.02054417186,-0.436788201702
both,0.1,91,20260912,55,2,53,6,47,True,,ok,165.058,0.199658202137,13.0088968693,-1.03522023649,-0.520397894408,0.686734785745,0.86163718261,322.84566651,5.60284421992,-0.0485653739709,-5.22898315496,-0.0712589822189,0.000800953805258,-0.150074871983,-0.124212016124,-5.23801600661,-1.58002127518
both,0.1,92,20260912,55,2,53,8,45,True,,ok,165.058,0.205234083472,12.8031683682,-1.15354389749,-0.42702078496,0.771039055597,0.881389798014,331.021215276,5.82861609701,-0.0429894926358,-5.43471165612,-0.189582643222,0.0941780632533,-0.0657706021305,-0.10445940072,2.93753275988,-1.35424939809
both,0.1,93,20260912,55,2,53,6,47,True,,ok,165.058,0.331653623787,21.6091687795,-1.02002287002,-0.658285418892,0.957659472329,1.16208922104,325.495762049,10.2182817262,0.0834300476792,3.37128875522,-0.0560616157483,-0.137086570679,0.120849814601,0.17624002231,-2.58792046738,3.0354162311
both,0.1,94,20260912,55,2,53,12,41,True,,ok,165.058,0.31829764515,18.0914234558,-1.09592401576,-0.801982603055,0.816200998319,1.14427276698,315.50342438,9.86058535974,0.0700740690423,-0.146456568518,-0.131962761486,-0.280783754842,-0.0206086594089,0.158423568249,-12.5802581367,2.67771986464
both,0.1,95,20260912,55,2,53,2,51,True,,ok,165.058,0.275050481592,19.4463475144,-0.982878407043,-0.55134529316,0.889771224306,1.04674469853,328.215642079,8.11317592128,0.0268269054847,1.20846749007,-0.0189171527734,-0.0301464449464,0.0529615665787,0.060895499792,0.131959562285,0.930310426175
both,0.1,96,20260912,55,2,53,5,48,True,,ok,165.058,0.173393256309,11.5379564869,-0.913984104577,-0.338915044891,0.702186099121,0.779697842406,334.235393935,4.75594628596,-0.0748303197984,-6.69992353739,0.0499771496921,0.182283803322,-0.134623558606,-0.206151356328,6.15171141833,-2.42691920914
both,0.1,97,20260912,55,2,53,6,47,True,,ok,165.058,0.281629617901,18.3498129074,-1.00794935266,-0.50260942843,0.941869039854,1.06758302992,331.914288128,8.45845099934,0.0334060417934,0.111932883051,-0.0439880983933,0.0185894197828,0.105059382126,0.0817338311901,3.83060561191,1.27558550424
both,0.1,98,20260912,55,2,53,3,50,True,,ok,165.058,0.270989210024,18.783540689,-0.944956164255,-0.582169629885,0.851260977684,1.03129371669,325.632131157,7.86629702084,0.0227656339168,0.545660664747,0.0190050900139,-0.0609707816721,0.014451319956,0.0454445179574,-2.45155135986,0.68343152574
both,0.1,99,20260912,55,2,53,5,48,True,,ok,165.058,0.251909970948,16.7626258673,-0.903905703433,-0.508032821213,0.841574261332,0.983028272618,328.881895054,7.14245493178,0.00368639484068,-1.47525415701,0.0600555508362,0.0131660269999,0.00476460360417,-0.00282092611638,0.798212537197,-0.0404105633271
both,0.1,100,20260912,55,2,53,1,52,True,,ok,165.058,0.275311812458,19.8464870843,-0.998124379454,-0.527984481222,0.904349616042,1.04719427063,329.722427712,8.12047411703,0.0270882363504,1.60860706002,-0.0341631251843,-0.00678563300915,0.067539958314,0.0613450718986,1.63874519507,0.937608621928
both,0.1,101,20260912,55,2,53,6,47,True,,ok,165.058,0.253919048763,16.5443076376,-0.680127962646,-0.551135165047,0.835984238101,1.00130895157,326.604532305,7.40842527442,0.00569547265548,-1.6935723867,0.283833291623,-0.029936316834,-0.000825419627218,0.0154597528406,-1.47915021192,0.225559779315
both,0.1,102,20260912,55,2,53,3,50,True,,ok,165.058,0.218484289447,15.1441769227,-1.09617443662,-0.525763666985,0.744280616061,0.91125247268,324.762419173,6.18733799769,-0.02973928666,-3.09370310159,-0.13221318235,-0.0045648187717,-0.0925290416665,-0.0745967260541,-3.32126334366,-0.995527497413
both,0.1,103,20260912,55,2,53,7,46,True,,ok,165.058,0.2519103387,16.0642065742,-0.856984349531,-0.620948643081,0.793193356642,1.00733952487,321.944508592,7.49832040708,0.00368676259262,-2.17367345011,0.106976904738,-0.0997497948678,-0.0436163010858,0.0214903261355,-6.13917392482,0.315454911975
both,0.1,104,20260912,55,2,53,9,44,True,,ok,165.058,0.298751790738,18.2229486065,-0.8762306751,-0.520829740457,0.953582800173,1.08654672027,331.357428246,8.78541922055,0.0505282146301,-0.0149314178474,0.0877305791696,0.000369107756461,0.116773142445,0.100697521536,3.27374572989,1.60255372544
both,0.1,105,20260912,55,2,53,4,49,True,,ok,165.058,0.232735169148,15.8093331786,-0.880421141056,-0.644180693499,0.714179289758,0.961780028798,317.949939442,6.84528475009,-0.0154884069595,-2.42854684573,0.0835401132133,-0.122981845286,-0.12263036797,-0.024069169936,-10.1337430744,-0.337580745009
both,0.1,106,20260912,55,2,53,2,51,True,,ok,165.058,0.243778045132,17.2353545959,-0.942941180669,-0.585135118517,0.781155566975,0.976005700157,323.164458805,7.04283931262,-0.00444553097505,-1.00252542838,0.0210200735999,-0.063936270304,-0.0556540907528,-0.00984349857782,-4.91922371158,-0.140026182485
both,0.1,107,20260912,55,2,53,4,49,True,,ok,165.058,0.26302244412,17.8667000254,-1.15291058016,-0.452812848835,0.904346779726,1.01137657382,333.402547149,7.55910765097,0.0147988680125,-0.371179998864,-0.188949325895,0.068385999378,0.0675371219979,0.0255273750849,5.31886463272,0.376242155866
both,0.1,108,20260912,55,2,53,2,51,True,,ok,165.058,0.302722871967,21.4028135299,-1.05945517758,-0.611957867817,0.933338683798,1.11607057602,326.748531162,9.3197998397,0.0544992958594,3.16493350557,-0.0954939233065,-0.0907590196039,0.0965290260707,0.130221377286,-1.33515135398,2.1369343446
both,0.1,109,20260912,55,2,53,7,46,True,,ok,165.058,0.19966154485,12.7323249929,-0.985032801472,-0.472379779546,0.702975073046,0.846945458367,326.099992455,5.44060852994,-0.0485620312575,-5.50555503143,-0.0210715472024,0.0488190686671,-0.133834584682,-0.138903740368,-1.98369006133,-1.74225696516
both,0.1,110,20260912,55,2,53,4,49,True,,ok,165.058,0.281989340671,19.1550914106,-1.08561060655,-0.578038467691,0.87775920256,1.05099461835,326.633546597,8.18243052526,0.0337657645639,0.917211386259,-0.121649352284,-0.0568396194783,0.0409495448319,0.0651454196197,-1.45013591982,0.999565030162
both,0.1,111,20260912,55,2,53,8,45,True,,ok,165.058,0.205240429262,12.8035642392,-0.861645275856,-0.376532137792,0.781617665976,0.867584362789,334.278282181,5.66988437762,-0.0429831468454,-5.43431578511,0.102315978413,0.144666710421,-0.0551919917521,-0.118264835946,6.19459966462,-1.51298111748
both,0.1,112,20260912,55,2,53,2,51,True,,ok,165.058,0.227515560439,16.0855804637,-0.903701081934,-0.559817396685,0.751578616291,0.937158435963,323.319217262,6.51636608689,-0.0207080156688,-2.15229956064,0.0602601723354,-0.0386185484715,-0.0852310414366,-0.0486907627712,-4.76446525492,-0.666499408208
both,0.1,113,20260912,55,2,53,6,47,True,,ok,165.058,0.27854467358,18.1488107843,-1.14344713283,-0.461532117857,0.923997767417,1.03285224984,333.458108287,7.89085504481,0.0303210974728,-0.0890692400035,-0.17948587856,0.0596667303562,0.087188109689,0.0470030511081,5.37442577095,0.707989549711
both,0.1,114,20260912,55,2,53,3,50,True,,ok,165.058,0.327931722983,22.7304949202,-1.01557630169,-0.700681479,0.943437294563,1.17517167418,323.399095449,10.489170546,0.079708146876,4.49261489591,-0.0516150474199,-0.179482630787,0.106627636835,0.189322475442,-4.68458706739,3.30630505085
both,0.1,115,20260912,55,2,53,7,46,True,,ok,165.058,0.238246194871,15.1928503994,-0.777102483084,-0.489682596576,0.809645323244,0.946210650353,328.833979463,6.63541558245,-0.00997738123613,-3.04502962492,0.186858771186,0.0315162516367,-0.0271643344838,-0.0396385483817,0.750296946937,-0.547449912657
both,0.1,116,20260912,55,2,53,6,47,True,,ok,165.058,0.243378180387,15.8575085572,-0.894830136533,-0.638959567006,0.732288851404,0.97186227942,318.893634364,6.98471757514,-0.00484539572091,-2.3803714671,0.0691311177363,-0.117760718793,-0.104520806323,-0.0139869193141,-9.19004815266,-0.198147919964
both,0.1,117,20260912,55,2,53,8,45,True,,ok,165.058,0.182027809438,11.3554856606,-0.829913630453,-0.575884086843,0.570010169247,0.810280244436,314.706301225,5.05592331131,-0.0661957666692,-6.8823943637,0.134047623816,-0.0546852386295,-0.266799488481,-0.175568954298,-13.3773812918,-2.12694218379
both,0.1,118,20260912,55,2,53,6,47,True,,ok,165.058,0.24545499274,15.9928250002,-1.38594130246,-0.54837687697,0.799511004613,0.969502473278,325.554150082,6.95183008541,-0.00276858336693,-2.24505502409,-0.421980048194,-0.0271780287565,-0.0372986531149,-0.0163467254564,-2.52953243446,-0.231035409689
both,0.1,119,20260912,55,2,53,6,47,True,,ok,165.058,0.252890458245,16.4772889635,-0.766803264862,-0.499843470357,0.867857564131,1.00150898472,330.060163691,7.4113897286,0.0046668821372,-1.76059106076,0.197157989407,0.0213553778563,0.0310479064032,0.015659785987,1.9764811745,0.2285242335
both,0.1,120,20260912,55,2,53,4,49,True,,ok,165.058,0.237809993222,16.1540579785,-1.00090176755,-0.494427368607,0.794184811078,0.935514797839,328.095275638,6.49498016141,-0.0104135828852,-2.08382204582,-0.0369405132829,0.0267714796059,-0.0426248466495,-0.0503344008956,0.0115931210707,-0.687885333693
both,0.1,121,20260912,55,2,53,7,46,True,,ok,165.058,0.250372474139,15.9661376576,-0.95009006067,-0.33370308938,0.916039729314,0.974928991027,339.983880135,7.02768945169,0.00214889803119,-2.27174236671,0.0138711935993,0.187495758833,0.0792300715867,-0.0109202077076,11.900197619,-0.155176043413
both,0.1,122,20260912,55,2,53,4,49,True,,ok,165.058,0.216923529906,14.7352734489,-1.26558195485,-0.440822607684,0.783643831948,0.899123032068,330.640971683,6.03904607057,-0.0313000462012,-3.50260657544,-0.301620700579,0.0803762405294,-0.0531658257794,-0.086726166666,2.55728916701,-1.14381942454
both,0.1,123,20260912,55,2,53,7,46,True,,ok,165.058,0.19424918931,12.3871815664,-0.487021869753,-0.440734767823,0.713384975065,0.838549496581,328.291906222,5.35001301257,-0.0539743867977,-5.85069845786,0.476939384517,0.0804640803904,-0.123424682663,-0.147299702154,0.208223705821,-1.83285248253
both,0.1,124,20260912,55,2,53,5,48,True,,ok,165.058,0.242606661222,16.1435638283,-0.931605738183,-0.578142758903,0.782109991466,0.972597084318,323.527853958,6.99498993083,-0.00561691488516,-2.09431619602,0.0323555160859,-0.0569439106902,-0.0546996662618,-0.0132521144166,-4.55582855882,-0.187875564272
both,0.1,125,20260912,55,2,53,7,46,True,,ok,165.058,0.279389350811,17.816530553,-0.738814744597,-0.581341616837,0.895773603758,1.06788034192,327.017124515,8.46348209287,0.0311657747034,-0.421349471344,0.225146509672,-0.0601427686242,0.0589639460307,0.0820311431848,-1.06655800176,1.28061659777
both,0.1,126,20260912,55,2,53,5,48,True,,ok,165.058,0.240701545336,16.0167933606,-0.854074983772,-0.474906367546,0.830464412781,0.956664621919,330.236644387,6.77560894453,-0.00752203077167,-2.22108666373,0.109886270497,0.0462924806671,-0.00634524494648,-0.0291845768151,2.15296187095,-0.40725655057
both,0.1,127,20260912,55,2,53,4,49,True,,ok,165.058,0.237925077728,16.1618754876,-0.912056327802,-0.510670536251,0.812968572875,0.960053278249,327.864797214,6.82168532547,-0.0102984983791,-2.07600453673,0.0519049264676,0.0105283119617,-0.0238410848532,-0.0257959204851,-0.218885302848,-0.361180169636
both,0.1,128,20260912,55,2,53,8,45,True,,ok,165.058,0.26802029712,16.7199761954,-1.10047502992,-0.49029999012,0.890873317882,1.01688217057,331.173424382,7.64280239188,0.019796721013,-1.51790382893,-0.136513775652,0.0308988580936,0.0540636601544,0.0310329718368,3.08974186502,0.459936896782
both,0.1,129,20260912,55,2,53,9,44,True,,ok,165.058,0.130443240007,7.95664003498,-0.605477194525,-0.318156870617,0.581482771768,0.662831809877,331.314834283,3.76468284412,-0.117780336101,-10.2812399893,0.358484059745,0.203041977596,-0.25532688596,-0.323017388858,3.23115176617,-3.41818265099
both,0.1,130,20260912,55,2,53,9,44,True,,ok,165.058,0.16844858204,10.2748500545,-0.959959140735,-0.489637775863,0.593836995976,0.769667154907,320.493317668,4.66148613233,-0.0797749940675,-7.9630299698,0.00400211353466,0.0315610723498,-0.242972661751,-0.216182043827,-7.59036484847,-2.52137936277
both,0.1,131,20260912,55,2,53,2,51,True,,ok,165.058,0.252859066722,17.8773920161,-0.989453191612,-0.531787646174,0.844174960677,0.997712115221,327.791141135,7.35532271791,0.00463549061432,-0.360488008227,-0.0254919373428,-0.0105887979609,0.0073653029495,0.0118629164862,-0.292541381968,0.172457222809
both,0.1,132,20260912,55,2,53,7,46,True,,ok,165.058,0.177134616442,11.2957931169,-1.09518779554,-0.355772976318,0.714238281301,0.797941559986,333.521404752,4.93268330032,-0.0710889596649,-6.94208690737,-0.131226541274,0.165425871895,-0.122571376427,-0.187907638748,5.437722236,-2.25018219478
both,0.1,133,20260912,55,2,53,3,50,True,,ok,165.058,0.264360197636,18.3240525644,-0.895639967234,-0.625578615826,0.82373821444,1.03435644268,322.785559778,7.91462952352,0.0161366215291,0.0861725400997,0.0683212870357,-0.104379767613,-0.013071443288,0.0485072439426,-5.29812273864,0.731764028414
both,0.1,134,20260912,55,2,53,5,48,True,,ok,165.058,0.322971245896,21.4911944155,-1.0915471474,-0.520719219113,1.02346373116,1.14831464074,333.03385858,9.94061889182,0.074747669789,3.25331439122,-0.127585893127,0.000479629100247,0.18665407343,0.16246544201,4.95017606399,2.75775339672
both,0.1,135,20260912,55,2,53,6,47,True,,ok,165.058,0.145672500842,9.49141342492,-0.667007852213,-0.431573973787,0.559923823586,0.706944681761,322.375947127,4.11191708387,-0.102551075265,-8.74646659938,0.296953402056,0.0896248744259,-0.276885834142,-0.278904516974,-5.70773538931,-3.07094841123
both,0.1,136,20260912,55,2,53,3,50,True,,ok,165.058,0.212360651674,14.719718697,-0.876344179961,-0.362684623731,0.809913063835,0.887411577151,335.876837551,5.89923778924,-0.0358629244333,-3.51816132732,0.0876170743078,0.158514224482,-0.0268965938924,-0.0984376215831,7.79315503492,-1.28362770586
both,0.1,137,20260912,55,2,53,5,48,True,,ok,165.058,0.165543713671,11.0156312055,-0.756434425401,-0.350534522414,0.67797350889,0.76323163598,332.659554588,4.60187243592,-0.0826798624364,-7.22224881881,0.207526828868,0.1706643258,-0.158836148838,-0.222617562754,4.57587207105,-2.58099305918
both,0.1,138,20260912,55,2,53,2,51,True,,ok,165.058,0.25805272727,18.244589075,-0.994432417135,-0.512473194777,0.859560222303,1.00073600471,329.196436315,7.39994086844,0.00982915116268,0.00670905069288,-0.0304711628662,0.00872565343649,0.0227505645751,0.0148868059792,1.11275379889,0.217075373339
both,0.1,139,20260912,55,2,53,6,47,True,,ok,165.058,0.211686050015,13.7925813408,-1.17406075558,-0.270564954095,0.829029847669,0.872064150571,341.925215374,5.72091238845,-0.0365375260922,-4.4452986835,-0.210099501311,0.250633894119,-0.00777981005879,-0.113785048164,13.8415328579,-1.46195310666
both,0.1,140,20260912,55,2,53,5,48,True,,ok,165.058,0.222675637076,14.8173110418,-0.781440350433,-0.47042409548,0.794902329692,0.923671231206,329.3829055,6.34294050142,-0.0255479390318,-3.42056898254,0.182520903836,0.0507747527335,-0.0419073280353,-0.062177967528,1.29922298394,-0.839924993679
both,0.1,141,20260912,55,2,53,6,47,True,,ok,165.058,0.271145044045,17.6666817435,-0.986839210429,-0.691657123551,0.777069779391,1.04030140757,318.328242351,8.00929558406,0.022921467938,-0.571198280827,-0.0228779561597,-0.170458275338,-0.059739878337,0.0544522088401,-9.75544016555,0.826430088963
both,0.1,142,20260912,55,2,53,4,49,True,,ok,165.058,0.24932672927,16.9363717043,-1.1843535484,-0.428292736798,0.874351899559,0.973614868753,333.902528174,7.00924321643,0.00110315316288,-1.30150831997,-0.220392294129,0.0929061114146,0.0375422418312,-0.0122343299814,5.81884565713,-0.173622278669
both,0.1,143,20260912,55,2,53,5,48,True,,ok,165.058,0.207837991401,13.8299825043,-1.32432221244,-0.529078516952,0.709749448468,0.885250448574,323.297530809,5.8737947917,-0.0403855847061,-4.40789752001,-0.360360958172,-0.00787966873877,-0.12706020926,-0.100598750161,-4.78615170789,-1.3090707034
both,0.1,144,20260912,55,2,53,7,46,True,,ok,165.058,0.200796232226,12.8046834856,-0.739388625848,-0.467058065364,0.716686178462,0.855442759523,326.908067115,5.53385964671,-0.0474273438813,-5.43319653871,0.224572628422,0.0541407828496,-0.120123479265,-0.130406439211,-1.17561540156,-1.6490058484
both,0.1,145,20260912,55,2,53,8,45,True,,ok,165.058,0.211524323379,13.1955739533,-0.744842814008,-0.467787173409,0.746968104473,0.881354746232,327.943232164,5.82820750457,-0.0366992527284,-5.042306071,0.219118440262,0.053411674804,-0.0898415532547,-0.104494452502,-0.140450352348,-1.35465799053
both,0.1,146,20260912,55,2,53,7,46,True,,ok,165.058,0.327550157252,20.8877230552,-0.86007551765,-0.68797356798,0.966439696466,1.18630237172,324.554307506,10.7252925672,0.0793265811446,2.64984303089,0.103885736619,-0.166774719767,0.129630038738,0.200453172984,-3.52937501091,3.54242707211
both,0.1,147,20260912,55,2,53,6,47,True,,ok,165.058,0.204703577143,13.3376324906,-0.942547565947,-0.503797737051,0.706986885738,0.868125922009,324.526387767,5.67602886094,-0.0435199989642,-4.90024753365,0.0214136883223,0.017401111162,-0.12982277199,-0.117723276725,-3.5572947491,-1.50683663416
both,0.1,148,20260912,55,2,53,5,48,True,,ok,165.058,0.267349946307,17.7900347045,-0.807760260632,-0.426051761527,0.93256623235,1.02528039151,335.446257977,7.77225843503,0.0191263701993,-0.447845319787,0.156200993637,0.0951470866857,0.0957565746222,0.0394311927781,7.36257546023,0.589392939928
both,0.1,149,20260912,55,2,53,8,45,True,,ok,165.058,0.336095054848,20.9667005701,-1.14419727241,-0.767947210771,0.888324832083,1.17425036761,319.156940067,10.4698608581,0.0878714787407,2.72882054583,-0.180236018144,-0.246748362558,0.0515151743552,0.188401168873,-8.92674244991,3.28699536301
both,0.1,150,20260912,55,2,53,7,46,True,,ok,165.058,0.276735574812,17.6473004766,-0.65687804096,-0.536388124976,0.875637404527,1.02686566055,328.509665564,7.79693978227,0.0285119987047,-0.590579547666,0.307083213309,-0.0151892767633,0.0388277467989,0.0410164618181,0.425983047353,0.614074287164
both,0.1,151,20260912,55,2,53,2,51,True,,ok,165.058,0.280517698704,19.8328852993,-1.0877566709,-0.554807317117,0.900722340335,1.05788085033,328.368666633,8.29590235452,0.0322941225962,1.59500527497,-0.123795416635,-0.0336084689041,0.0639126826072,0.0720316516005,0.284984116277,1.11303685942
both,0.1,152,20260912,55,2,53,11,42,True,,ok,165.058,0.264448120889,15.3973234295,-0.888636698414,-0.630200307603,0.784055163021,1.00592988143,321.208710491,7.47721026256,0.0162245447812,-2.84055659484,0.0753245558549,-0.10900145939,-0.052754494707,0.0200806827,-6.87497202577,0.294344767456
both,0.1,153,20260912,55,2,53,7,46,True,,ok,165.058,0.19986348525,12.7452026394,-0.722408250731,-0.4721714732,0.717235514073,0.858704071699,326.642235414,5.57007290876,-0.0483600908579,-5.49267738492,0.241553003539,0.0490273750128,-0.119574143655,-0.127145127036,-1.44144710223,-1.61279258634
both,0.1,154,20260912,55,2,53,6,47,True,,ok,165.058,0.13878378146,9.04257316171,-1.00390950467,-0.286300129157,0.62448732725,0.68698776252,335.370614654,3.95102692066,-0.109439794647,-9.19530686259,-0.0399482504009,0.234898719056,-0.212322330478,-0.298861436215,7.28693213769,-3.23183857444
both,0.1,155,20260912,55,2,53,5,48,True,,ok,165.058,0.17128905006,11.3979381225,-1.15846901881,-0.400671743228,0.672318515429,0.782655755751,329.206950222,4.78416502623,-0.0769345260479,-6.83994190178,-0.194507764545,0.120527104985,-0.164491142299,-0.203193442983,1.12326770583,-2.39870046887
both,0.1,156,20260912,55,2,53,4,49,True,,ok,165.058,0.190690258365,12.9532886647,-0.954793815763,-0.435524963031,0.719874968016,0.841369100336,328.826026412,5.38026807324,-0.0575333177425,-5.2845913596,0.00916743850602,0.0856738851818,-0.116934689712,-0.144480098399,0.742343895147,-1.80259742187
both,0.1,157,20260912,55,2,53,7,46,True,,ok,165.058,0.239071358815,15.245470725,-0.871130964113,-0.456254578873,0.826369550187,0.943957029859,331.096063563,6.60557546418,-0.00915221729275,-2.99240929932,0.092830290156,0.0649442693397,-0.0104401075404,-0.0418921688755,3.01238104658,-0.57729003092
both,0.1,158,20260912,55,2,53,2,51,True,,ok,165.058,0.251475960253,17.7796049884,-0.903480800845,-0.546191525997,0.817706905019,0.983346208406,326.258854086,7.14699806011,0.00325238414519,-0.458275035875,0.0604804534238,-0.0249926777837,-0.0191027527092,-0.00250299032872,-1.82482843009,-0.035867434988
both,0.1,159,20260912,55,2,53,9,44,True,,ok,165.058,0.180542384472,11.0125351396,-1.1718010388,-0.351309759248,0.72378782417,0.8045417089,334.109143294,4.99822784096,-0.0676811916351,-7.22534488467,-0.207839784528,0.169889088965,-0.113021833558,-0.181307489835,6.02546077796,-2.18463765415
both,0.1,160,20260912,55,2,53,7,46,True,,ok,165.058,0.189547273735,12.0873425703,-0.772146592492,-0.346853899981,0.759926448491,0.83534174746,335.466579528,5.315799878,-0.058676302372,-6.15053745403,0.191814661777,0.174344948232,-0.0768832092364,-0.150507451275,7.38289701193,-1.86706561711
both,0.1,161,20260912,55,2,53,10,43,True,,ok,165.058,0.255176970381,15.2112669904,-0.848377230924,-0.559122454315,0.796908251494,0.973488921467,324.945940266,7.00747784846,0.00695339427347,-3.02661303385,0.115584023345,-0.0379236061022,-0.0399014062341,-0.0123602772678,-3.13774225031,-0.175387646641
both,0.1,162,20260912,55,2,53,7,46,True,,ok,165.058,0.133542261105,8.51592864292,-0.79525818676,-0.296774806699,0.593647637033,0.66369631824,333.43873324,3.77119767423,-0.114681315002,-9.72195138139,0.16870306751,0.224424041514,-0.243162020695,-0.322152880494,5.35505072377,-3.41166782087
both,0.1,163,20260912,55,2,53,6,47,True,,ok,165.058,0.208337919174,13.5744310803,-0.920412934654,-0.310686690374,0.799164321266,0.857432115074,338.755687169,5.55592113456,-0.039885656933,-4.66344894403,0.0435483196154,0.210512157839,-0.0376453364617,-0.12841708366,10.6720046522,-1.62694436054
both,0.1,164,20260912,55,2,53,6,47,True,,ok,165.058,0.248374820486,16.1830688149,-0.796573305632,-0.485943870499,0.854462549846,0.982978989788,330.372551958,7.14175096569,0.000151244378442,-2.05481120937,0.167387948637,0.0352549777138,0.0176528921182,-0.00287020894612,2.28886944146,-0.0411145294137
both,0.1,165,20260912,55,2,53,3,50,True,,ok,165.058,0.248806344247,17.245941602,-1.14861680966,-0.482737142658,0.854827141913,0.981715127444,330.545756708,7.12372138197,0.000582768139742,-0.991938422266,-0.184655555391,0.0384617055546,0.0180174841849,-0.00413407129018,2.46207419196,-0.0591441131343
both,0.1,166,20260912,55,2,53,6,47,True,,ok,165.058,0.252696607593,16.4646584625,-1.08494580713,-0.391301482645,0.891297223848,0.973410289425,336.297339906,7.00637591054,0.00447303148556,-1.77322156183,-0.120984552857,0.129897365568,0.0544875661201,-0.0124389093089,8.2136573893,-0.176489584564
both,0.1,167,20260912,55,2,53,5,48,True,,ok,165.058,0.201999065579,13.4414479471,-0.954538714434,-0.434607438409,0.751002635568,0.867691525918,329.941906999,5.67109971296,-0.0462245105285,-4.79643207725,0.00942253983479,0.0865914098045,-0.0858070221594,-0.118157672816,1.85822448286,-1.51176578214
both,0.1,168,20260912,55,2,53,3,50,True,,ok,165.058,0.208657346294,14.4630251287,-1.20365623187,-0.417264690504,0.778895757251,0.8836223303,331.821460973,5.8546994328,-0.039566229813,-3.77485489559,-0.239694977599,0.103934157709,-0.0579139004766,-0.102226868434,3.73777845682,-1.3281660623
both,0.1,169,20260912,55,2,53,4,49,True,,ok,165.058,0.242805061643,16.4933651026,-0.992597889526,-0.481584211236,0.83268580182,0.96191943377,329.957038853,6.84719354963,-0.00541851446405,-1.74451492173,-0.0286366352564,0.0396146369775,-0.0041238559076,-0.0239297649644,1.87335633624,-0.335671945472
both,0.1,170,20260912,55,2,53,10,43,True,,ok,165.058,0.320543960802,19.1078362701,-1.20517444164,-0.76240059007,0.898509418295,1.17837762814,319.684826053,10.5566422217,0.0723203846944,0.869956245777,-0.241213187372,-0.241201741856,0.0616997605669,0.192528429406,-8.39885646394,3.37377672657
both,0.1,171,20260912,55,2,53,1,52,True,,ok,165.058,0.27919750147,20.1265959402,-0.969289795476,-0.539744222243,0.90542822711,1.05409871449,329.199968574,8.23338663624,0.0309739253629,1.8887159159,-0.00532854120652,-0.01854537403,0.068618569382,0.0682495157568,1.11628605734,1.05052114114
both,0.1,172,20260912,55,2,53,7,46,True,,ok,165.058,0.212412150366,13.5454252492,-0.907355964059,-0.515574861704,0.716004079252,0.882314728159,324.243376346,5.83940820134,-0.0358114257412,-4.69245477514,0.05660529021,0.00562398650919,-0.120805578476,-0.103534470575,-3.84030617054,-1.34345729376
both,0.1,173,20260912,55,2,53,6,47,True,,ok,165.058,0.310934130841,20.2591729165,-1.32682825667,-0.567006121531,0.967288935632,1.1212242536,329.62199037,9.41635910703,0.0627105547339,2.02129289216,-0.362867002397,-0.0458072733182,0.130479277904,0.135375054861,1.53830785346,2.23349361192
both,0.1,174,20260912,55,2,53,8,45,True,,ok,165.058,0.172364235502,10.7526405481,-1.01600687499,-0.488429286749,0.614850536306,0.785241587125,321.536826887,4.80897120357,-0.0758593406051,-7.4852394762,-0.0520456207257,0.0327695614636,-0.221959121422,-0.20060761161,-6.54685562913,-2.37389429153
both,0.1,175,20260912,55,2,53,3,50,True,,ok,165.058,0.26115080924,18.1015947125,-0.856795145378,-0.478792183011,0.901040823851,1.02035117521,332.014860231,7.69601259884,0.0129272331322,-0.136285311763,0.107166108891,0.0424066652022,0.0642311661229,0.0345019764783,3.93117771465,0.513147103737
both,0.1,176,20260912,55,2,53,3,50,True,,ok,165.058,0.223255510184,15.4748927429,-1.01788302458,-0.392431102322,0.835377595515,0.922961481947,334.837507844,6.33394309419,-0.024968065923,-2.76298728142,-0.0539217703114,0.128767745891,-0.0014320622128,-0.0628877167874,6.75382532796,-0.848922400912
both,0.1,177,20260912,55,2,53,5,48,True,,ok,165.058,0.257500018247,17.1345995176,-1.1850191787,-0.52295940107,0.845134261085,0.993850317918,328.251252468,7.29873201022,0.00927644213955,-1.10328050667,-0.221057924427,-0.00176055285694,0.0083246033568,0.00800111918406,0.167569951257,0.115866515116
both,0.1,178,20260912,55,2,53,8,45,True,,ok,165.058,0.284543352032,17.7507379987,-1.01352866272,-0.65181057982,0.853713500279,1.07409672401,322.63825241,8.56936340468,0.0363197759244,-0.487142025589,-0.0495674084495,-0.130611731607,0.0169038425513,0.0882475252736,-5.44543010621,1.38649790957
both,0.1,179,20260912,55,2,53,4,49,True,,ok,165.058,0.230204957967,15.6374599215,-0.851094773825,-0.433830277023,0.826145086322,0.933126150591,332.294867413,6.46402572653,-0.0180186181402,-2.60042010285,0.112866480444,0.0873685711899,-0.0106645714053,-0.0527230481433,4.21118489666,-0.718839768569
both,0.1,180,20260912,55,2,53,3,50,True,,ok,165.058,0.221295762343,15.3390533738,-1.10377296905,-0.42119156892,0.804866021717,0.908411608602,332.376648089,6.15228290623,-0.0269278137648,-2.89882665054,-0.139811714784,0.100007279293,-0.0319436360107,-0.0774375901319,4.29296557225,-1.03058258887
both,0.1,181,20260912,55,2,53,6,47,True,,ok,165.058,0.193672982802,12.6189249061,-0.822268807636,-0.495734710325,0.669628968088,0.833160163428,323.486990303,5.29265667529,-0.0545505933056,-5.61895511821,0.141692446633,0.0254641378885,-0.16718068964,-0.152689035306,-4.59669221362,-1.89020881981
both,0.1,182,20260912,55,2,53,3,50,True,,ok,165.058,0.243034195653,16.8458467496,-1.2408127942,-0.470960783258,0.841358395324,0.964203302602,330.76153879,6.87854127309,-0.00518938045468,-1.39203327467,-0.276851539928,0.0502380649555,0.00454873759616,-0.0216458961323,2.67785627373,-0.304324222017
both,0.1,183,20260912,55,2,53,2,51,True,,ok,165.058,0.255373540065,18.0551678271,-1.05560596583,-0.590900111609,0.816949478877,1.00825065978,324.121758773,7.51199682727,0.0071499639575,-0.182712197168,-0.0916447115628,-0.069701263396,-0.0198601788505,0.022401461041,-3.96192374313,0.329131332166
both,0.1,184,20260912,55,2,53,4,49,True,,ok,165.058,0.213185934801,14.4813845049,-1.03118529854,-0.562161526317,0.70488434394,0.901602750663,321.42683149,6.06907073141,-0.0350376413069,-3.75649551938,-0.0672240442695,-0.0409626781044,-0.131925313788,-0.0842464480711,-6.65685102697,-1.11379476369
both,0.1,185,20260912,55,2,53,7,46,True,,ok,165.058,0.263251117869,16.787402852,-1.23756984623,-0.624698074749,0.786876934804,1.00470045044,321.554096522,7.45884741962,0.0150275417619,-1.4504771723,-0.273608591965,-0.103499226536,-0.0499327229236,0.0188512517096,-6.52958599398,0.275981924519
both,0.1,186,20260912,55,2,53,4,49,True,,ok,165.058,0.28656726944,19.4660628956,-1.12595606608,-0.559491319008,0.907634895125,1.06622307183,328.349168258,8.43547598069,0.0383436933327,1.22818287131,-0.161994811811,-0.0382924707951,0.0708252373972,0.0803738730916,0.265485741542,1.25261048559
both,0.1,187,20260912,55,2,53,3,50,True,,ok,165.058,0.276573885371,19.1706408862,-1.07200033684,-0.570459765808,0.885758192984,1.05356154108,327.217024999,8.22454587336,0.0283503092639,0.932760861867,-0.108039082572,-0.0492609175953,0.0489485352565,0.0677123423466,-0.866657517136,1.04168037826
both,0.1,188,20260912,55,2,53,7,46,True,,ok,165.058,0.303616900477,19.3615102653,-1.19485036039,-0.731095391972,0.860676588856,1.12927616763,319.654008149,9.56922610336,0.0553933243691,1.12363024098,-0.23088910612,-0.209896543759,0.0238669311285,0.143426968892,-8.42967436764,2.38636060826
both,0.1,189,20260912,55,2,53,5,48,True,,ok,165.058,0.217825364081,14.4945635488,-1.27867362368,-0.398196912659,0.814424662143,0.906558498696,333.944588705,6.12952339536,-0.0303982120265,-3.74331647546,-0.314712369414,0.123001935555,-0.0223849955845,-0.0792907000383,5.8609061886,-1.05334209974
both,0.1,190,20260912,55,2,53,5,48,True,,ok,165.058,0.28666179926,19.0750865214,-0.942993117471,-0.625331386111,0.876268919699,1.07651593675,324.487224594,8.61092609895,0.0384382231522,0.837206497078,0.0209681367987,-0.104132537898,0.0394592619716,0.0906667380203,-3.59645792275,1.42806060385
both,0.1,191,20260912,55,2,53,4,49,True,,ok,165.058,0.193340741886,13.1333318323,-1.16289516413,-0.513738113646,0.671723986189,0.845659484092,322.591046576,5.4266335439,-0.054882834221,-5.10454819196,-0.198933909864,0.00746073456674,-0.165085671539,-0.140189714643,-5.49263594002,-1.7562319512
both,0.1,192,20260912,55,2,53,6,47,True,,ok,165.058,0.24385378429,15.8884969267,-0.944812481091,-0.477709361053,0.851285506856,0.976162510969,330.700500876,7.04504844572,-0.00436979181731,-2.34938309764,0.0191487731786,0.0434894871596,0.0144758491282,-0.00968668776546,2.61681835987,-0.137817049379
both,0.1,193,20260912,55,2,53,5,48,True,,ok,165.058,0.253767094311,16.8862028103,-1.11552892422,-0.404906913562,0.89580968916,0.983068974103,335.676981995,7.14303637248,0.00554351820338,-1.35167721402,-0.151567669948,0.116291934651,0.0590000314321,-0.0027802246316,7.59329947896,-0.0398291226205
both,0.1,194,20260912,55,2,53,6,47,True,,ok,165.058,0.274377809187,17.8773152555,-1.13130959597,-0.617023177724,0.829501735004,1.03382335543,323.356360118,7.90619564411,0.0261542330792,-0.360564768787,-0.167348341701,-0.0958243295108,-0.00730792272366,0.0479741566912,-4.7273223987,0.723330149009
both,0.1,195,20260912,55,2,53,4,49,True,,ok,165.058,0.250042367351,16.9849838711,-0.913321457075,-0.555482106146,0.803766729474,0.977037013453,325.351701316,7.05738105221,0.00181879124394,-1.25289615319,0.0506397971941,-0.0342832579332,-0.0330429282538,-0.00881218528091,-2.73198120025,-0.125484442889
both,0.1,196,20260912,55,2,53,7,46,True,,ok,165.058,0.243796334906,15.5467802797,-0.801751368156,-0.380255607034,0.873668823766,0.952833427364,336.479398461,6.72388999076,-0.00442724120108,-2.69109974455,0.162209886113,0.140943241179,0.0368591660385,-0.0330157713704,8.39571594445,-0.458975504346
both,0.1,197,20260912,55,2,53,2,51,True,,ok,165.058,0.292177229845,20.6572259553,-0.918160247561,-0.573610327369,0.928071457196,1.09102953091,328.281157599,8.86454011613,0.0439536537377,2.41934593098,0.0458010067086,-0.0524114791555,0.091261799468,0.105180332179,0.197475082411,1.68167462102
both,0.1,198,20260912,55,2,53,5,48,True,,ok,165.058,0.245090249799,16.3088271006,-0.972538373681,-0.333302188979,0.899423516201,0.959193937989,339.666647856,6.80997109717,-0.00313332630847,-1.92905292374,-0.00857711941186,0.187896659234,0.0626138584735,-0.0266552607458,11.5829653396,-0.372894397936
both,0.1,199,20260912,55,2,53,1,52,True,,ok,165.058,0.233984406429,16.8673056875,-1.08338627382,-0.503870231176,0.798764521744,0.944409853328,327.755779907,6.61156049312,-0.0142391696787,-1.37057433675,-0.119425019549,0.0173286170367,-0.038045135984,-0.0414393454067,-0.327902609203,-0.571305001978
both,0.1,200,20260912,55,2,53,5,48,True,,ok,165.058,0.246786318552,16.4216871269,-1.01138263904,-0.659886321764,0.723644073845,0.979341974625,317.638516248,7.08999013574,-0.00143725755553,-1.81619289742,-0.0474213847745,-0.138687473551,-0.113165583883,-0.00650722410898,-10.4451662683,-0.092875359365
both,0.1,201,20260912,55,2,53,6,47,True,,ok,165.058,0.216748135169,14.1224057257,-1.0418082611,-0.515598118415,0.737063056621,0.899501733822,325.026036163,6.04362179785,-0.031475440938,-4.11547429858,-0.0778470068352,0.00560072979846,-0.0997466011066,-0.0863474649125,-3.05764635384,-1.13924369725
both,0.1,202,20260912,55,2,53,5,48,True,,ok,165.058,0.206132312361,13.716482989,-0.991849000922,-0.342536210339,0.784471746183,0.855994728928,336.411719467,5.53997206238,-0.0420912637468,-4.52139703533,-0.0278877466526,0.178662637874,-0.0523379115453,-0.129854469807,8.32803695047,-1.64289343272
both,0.1,203,20260912,55,2,53,4,49,True,,ok,165.058,0.196156040518,13.3245706306,-1.0233173958,-0.466742572544,0.707726716072,0.847776936267,326.595329102,5.44966354842,-0.0520675355899,-4.91330939372,-0.0593561415346,0.0544562756692,-0.129082941656,-0.138072262467,-1.48835341477,-1.73320194668
both,0.1,204,20260912,55,2,53,8,45,True,,ok,165.058,0.264588451377,16.5058865172,-1.15881691034,-0.43224045217,0.894258017548,0.993241768373,334.203155822,7.28985413385,0.0163648752693,-1.73199350706,-0.194855656066,0.0889583960434,0.0574483598202,0.00739256963862,6.11947330596,0.106988638745
both,0.1,205,20260912,55,2,53,6,47,True,,ok,165.058,0.250964878171,16.351826186,-0.967561393987,-0.449928396259,0.87016347465,0.979601977527,332.658236838,7.09367793051,0.00274130206355,-1.88605383827,-0.00360013971756,0.0712704519541,0.0333538169222,-0.00624722120714,4.57455432186,-0.0891875645922
both,0.1,206,20260912,55,2,53,6,47,True,,ok,165.058,0.259078318943,16.880464194,-1.30417161017,-0.569259513897,0.834334971453,1.01003526609,325.694620988,7.53885664695,0.0108547428353,-1.35741583028,-0.340210355903,-0.0480606656835,-0.00247468627468,0.0241860673586,-2.38906152887,0.355991151847
both,0.1,207,20260912,55,2,53,6,47,True,,ok,165.058,0.262362633408,17.0944564453,-0.76375660551,-0.598459508025,0.814786814748,1.01095565493,323.70278211,7.55274678635,0.014139057301,-1.14342357896,0.200204648759,-0.0772606598124,-0.0220228429798,0.0251064561948,-4.38090040698,0.369881291245
both,0.1,208,20260912,55,2,53,9,44,True,,ok,165.058,0.298491087777,18.2070465205,-0.737218820323,-0.651930672494,0.8970274358,1.10890568684,323.991552389,9.18720149517,0.0502675116697,-0.0308335037795,0.226742433946,-0.130731824281,0.0602177780722,0.12305648811,-4.09213012783,2.00433600006
both,0.1,209,20260912,55,2,53,3,50,True,,ok,165.058,0.266498122351,18.4722422132,-1.15454731007,-0.517849229334,0.887822518101,1.02781158194,329.745837502,7.81170432815,0.0182745462432,0.234362188884,-0.190586055803,0.00334961887891,0.0510128603731,0.0419623832052,1.6621549855,0.628838833047
both,0.1,210,20260912,55,2,53,3,50,True,,ok,165.058,0.265975788489,18.4360367889,-0.875875380744,-0.556427411631,0.864709191159,1.02826720734,327.239325946,7.81882599428,0.017752212382,0.198156764561,0.0880858735252,-0.035228563418,0.0278995334313,0.042418008605,-0.844356570348,0.635960499182
both,0.1,211,20260912,55,2,53,4,49,True,,ok,165.058,0.270389734924,18.3671484767,-1.42459015722,-0.591399945177,0.843416790389,1.03009988713,324.962039545,7.84753738971,0.0221661588164,0.12926845235,-0.460628902954,-0.0702010969641,0.00660713266096,0.0442506883956,-3.12164297107,0.664671894605
both,0.1,212,20260912,55,2,53,10,43,True,,ok,165.058,0.18059123196,10.765162081,-1.4007271676,-0.354038452778,0.738133689519,0.818648013281,334.375759948,5.14124889977,-0.0676323441473,-7.47271794334,-0.436765913329,0.167160395436,-0.0986759682085,-0.167201185454,6.29207743112,-2.04161659534
both,0.1,213,20260912,55,2,53,4,49,True,,ok,165.058,0.274807798436,18.6672605668,-1.26093573959,-0.478402748192,0.908397938883,1.02667229672,332.226714566,7.79392507286,0.0265842223288,0.429380542529,-0.29697448532,0.0427961000211,0.0715882811552,0.0408230979819,4.14303204951,0.611059577763
both,0.1,214,20260912,55,2,53,4,49,True,,ok,165.058,0.25090256032,17.0434154235,-0.827334572021,-0.611289002069,0.788898743409,0.998015767111,322.229194866,7.35979098987,0.00267898421254,-1.19446460076,0.136626682249,-0.0900901538555,-0.0479109143192,0.0121665683764,-5.85448765031,0.176925494763
both,0.1,215,20260912,55,2,53,4,49,True,,ok,165.058,0.199836957231,13.5746095007,-0.868105427736,-0.488826045808,0.701367348534,0.854907632818,325.124987399,5.52794018278,-0.0483866188765,-4.66327052362,0.0958558265333,0.0323728024053,-0.135442309193,-0.130941565916,-2.95869511788,-1.65492531232
both,0.1,216,20260912,55,2,53,6,47,True,,ok,165.058,0.191881745692,12.5022153566,-0.714570097162,-0.438887649044,0.712299383691,0.836655712041,328.360445267,5.32978779509,-0.056341830415,-5.7356646677,0.249391157107,0.0823111991689,-0.124510274037,-0.149193486694,0.276762750211,-1.85307770001
both,0.1,217,20260912,55,2,53,6,47,True,,ok,165.058,0.25384642948,16.5395760676,-1.31972735583,-0.393707888799,0.893997609849,0.97685087302,336.23177212,7.05475421326,0.0056228533721,-1.69830395674,-0.355766101561,0.127490959414,0.0571879521217,-0.00899832571477,8.14808960379,-0.12811128184
both,0.1,218,20260912,55,2,53,6,47,True,,ok,165.058,0.252155351014,16.4293924382,-1.25209658733,-0.593604655197,0.785224679261,0.984349675467,322.911889636,7.16135601732,0.00393177490683,-1.80848758615,-0.288135333056,-0.0724058069844,-0.051584978467,-0.00149952326721,-5.17179288047,-0.021509477786
both,0.1,219,20260912,55,2,53,6,47,True,,ok,165.058,0.276722998617,18.030118031,-1.24198628812,-0.560236654368,0.88117915596,1.04419433718,327.552588921,8.07189822326,0.0284994225096,-0.207761993278,-0.278025033848,-0.039037806155,0.0443694982321,0.0583451384442,-0.531093595244,0.889032728159
both,0.1,220,20260912,55,2,53,8,45,True,,ok,165.058,0.281622627909,17.5685337465,-1.00005590822,-0.593773323498,0.869711436119,1.05307394888,325.677688286,8.21652933398,0.0333990518018,-0.669346277758,-0.0360946539483,-0.0725744752846,0.0329017783911,0.0672247501474,-2.40599423087,1.03366383888
both,0.1,221,20260912,55,2,53,6,47,True,,ok,165.058,0.231949905215,15.1128897461,-0.774777135232,-0.274412021512,0.87818237543,0.920057738442,342.647162417,6.29726540763,-0.0162736708922,-3.12499027818,0.189184119037,0.246786826701,0.0413727177027,-0.0657914602923,14.5634799001,-0.885600087473
both,0.1,222,20260912,55,2,53,3,50,True,,ok,165.058,0.308722346946,21.3990024362,-0.995275398695,-0.488919943603,1.00028331201,1.11337748115,333.951472471,9.26973657559,0.0604987708388,3.16112241186,-0.0313141444255,0.0322789046106,0.16347365428,0.127528282416,5.86778995423,2.08687108049
both,0.1,223,20260912,55,2,53,7,46,True,,ok,165.058,0.331784351898,21.1577357026,-1.19596344198,-0.670718385483,0.962300960729,1.1729817951,325.123718851,10.4433309722,0.0835607757907,2.91985567833,-0.232002187706,-0.14951953727,0.125491303002,0.18713259637,-2.95996366553,3.26046547712
both,0.1,224,20260912,55,2,53,3,50,True,,ok,165.058,0.241809811519,16.7609789086,-1.27644628692,-0.551109174867,0.786873100243,0.960671951557,324.993419261,6.83013133897,-0.00641376458806,-1.47690111566,-0.312485032651,-0.0299103266543,-0.0499365574849,-0.0251772471771,-3.09026325571,-0.352734156137
both,0.1,225,20260912,55,2,53,6,47,True,,ok,165.058,0.205813819569,13.4099712629,-1.16887580943,-0.4454214079,0.758231561066,0.879383494735,329.567990775,5.80527501445,-0.0424097565381,-4.82790876136,-0.204914555158,0.075777440313,-0.0785780966613,-0.106465703999,1.484308259,-1.37759048066
both,0.1,226,20260912,55,2,53,5,48,True,,ok,165.058,0.226813178533,15.0926318606,-0.67575935639,-0.4784447478,0.780394869541,0.915382722747,328.488357286,6.23866018568,-0.0214103975741,-3.14524816374,0.28820189788,0.0427541004135,-0.0564147881864,-0.0704664759874,0.404674769364,-0.944205309421
both,0.1,227,20260912,55,2,53,4,49,True,,ok,165.058,0.243255095223,16.5239351742,-0.871247860331,-0.543869621707,0.805058929718,0.971552389598,325.958417204,6.9803899306,-0.00496848088484,-1.71394485008,0.0927133939378,-0.0226707734935,-0.0317507280096,-0.014296809136,-2.12526531221,-0.202475564503
both,0.1,228,20260912,55,2,53,5,48,True,,ok,165.058,0.207567657084,13.8119938832,-0.915712948332,-0.357370453649,0.794640836498,0.871302301254,335.785322824,5.71220207969,-0.0406559190235,-4.42588614112,0.0482483059375,0.163828394564,-0.0421688212299,-0.11454689748,7.70164030781,-1.47066341541
both,0.1,229,20260912,55,2,53,5,48,True,,ok,165.058,0.225792367318,15.0247049086,-1.08008199384,-0.469241992384,0.785409933996,0.914908089284,329.143856967,6.23274084187,-0.0224312087894,-3.21317511565,-0.116120739566,0.0519568558289,-0.0513997237313,-0.0709411094505,1.06017445016,-0.950124653236
both,0.1,230,20260912,55,2,53,9,44,True,,ok,165.058,0.293683203833,17.9137802549,-1.24418414463,-0.421748790391,0.982328892625,1.06903792986,336.764428689,8.48309924232,0.0454596277251,-0.32409976944,-0.280222890363,0.0994500578223,0.145519234897,0.0831887311268,8.68074617202,1.30023374722
both,0.1,231,20260912,55,2,53,5,48,True,,ok,165.058,0.252710150415,16.8158715129,-0.98083387322,-0.595135673574,0.80445916539,1.00067028473,323.506112135,7.39896828437,0.00448657430784,-1.42200851142,-0.0168726189506,-0.0739368253611,-0.0323504923376,0.0148210859953,-4.57757038145,0.21610278927
both,0.1,232,20260912,55,2,53,4,49,True,,ok,165.058,0.251065329605,17.0544720845,-0.805742777297,-0.515242830812,0.844928144649,0.989635662415,328.62488204,7.23746730054,0.00284175349793,-1.18340793978,0.158218476972,0.00595601740157,0.00811848692126,0.00378646368024,0.541199523174,0.0546018054403
both,0.1,233,20260912,55,2,53,3,50,True,,ok,165.058,0.266764739558,18.4907227097,-1.13152907045,-0.543858373844,0.877531716472,1.03239713493,328.211053264,7.8836758211,0.0185411634504,0.252842685427,-0.167567816182,-0.0226595256308,0.0407220587443,0.0465479361971,0.127370747962,0.700810325996
both,0.1,234,20260912,55,2,53,5,48,True,,ok,165.058,0.26817133483,17.8446916459,-1.04460880714,-0.551592221449,0.885091349408,1.04290012732,328.068685907,8.05103177992,0.0199477587229,-0.393188378415,-0.0806475528723,-0.0303933732363,0.0482816916801,0.0570509285838,-0.0149966090801,0.868166284821
both,0.1,235,20260912,55,2,53,6,47,True,,ok,165.058,0.159541335112,10.3950489019,-1.24242182612,-0.437190458439,0.596073093578,0.739214873929,323.741775145,4.38605306154,-0.088682240995,-7.8428311224,-0.278460571847,0.0840083897737,-0.24073656415,-0.246634324806,-4.34190737125,-2.79681243356
both,0.1,236,20260912,55,2,53,5,48,True,,ok,165.058,0.191149886155,12.7195204466,-0.941582000675,-0.478017462718,0.677774653041,0.82938481718,324.805642786,5.25284394823,-0.0570736899528,-5.51835957767,0.022379253594,0.043181385495,-0.159035004687,-0.156464381555,-3.27803973095,-1.93002154687
both,0.1,237,20260912,55,2,53,5,48,True,,ok,165.058,0.184778164676,12.2955325319,-0.987858906657,-0.50206039341,0.64661692241,0.818644051452,322.172741972,5.14120816243,-0.0634454114319,-5.94234749241,-0.023897652388,0.0191384548031,-0.190192735318,-0.167205147282,-5.910940544,-2.04165733267
both,0.1,238,20260912,55,2,53,10,43,True,,ok,165.058,0.298291176504,17.7813331663,-0.750026071163,-0.504510610426,0.963685241806,1.08775925705,332.366944547,8.80675036283,0.0500676003968,-0.456546858035,0.213935183106,0.0166882377875,0.126875584079,0.10191005832,4.283262031,1.62388486773
both,0.1,239,20260912,55,2,53,4,49,True,,ok,165.058,0.235727078049,16.012568834,-0.892763160338,-0.445832884637,0.833236702369,0.945013419586,331.850479039,6.6195463418,-0.0124964980589,-2.22531119027,0.0711980939312,0.0753659635759,-0.00357295535926,-0.0408357791482,3.76679652228,-0.563319153298
both,0.1,240,20260912,55,2,53,8,45,True,,ok,165.058,0.19160260127,11.9527922573,-1.09695991926,-0.443096557559,0.714958969522,0.841130719579,328.211392389,5.37770357987,-0.0566209748373,-6.28508776705,-0.132998664986,0.0781022906546,-0.121850688206,-0.144718479155,0.127709872795,-1.80516191524
both,0.1,241,20260912,55,2,53,5,48,True,,ok,165.058,0.243659962027,16.2136527066,-0.738285421141,-0.470373967619,0.841778305833,0.964283353369,330.80415073,6.87964262626,-0.00456361408075,-2.02422731766,0.225675833128,0.0508248805937,0.00496864810499,-0.0215658453653,2.7204682132,-0.303222868845
both,0.1,242,20260912,55,2,53,11,42,True,,ok,165.058,0.278150749387,16.1951502475,-1.35975816883,-0.639188252256,0.810013814316,1.03183525875,321.722752105,7.87482149777,0.0299271732798,-2.0427297768,-0.395796914561,-0.117989404043,-0.0267958434114,0.0459860600183,-6.36093041161,0.691956002671
both,0.1,243,20260912,55,2,53,5,48,True,,ok,165.058,0.248219878102,16.5170792319,-0.986647280938,-0.393713515019,0.874082087413,0.958660433858,335.751730419,6.80270867697,-3.69800574473e-06,-1.72080079245,-0.0226860266686,0.127485333194,0.0372724296851,-0.0271887648764,7.66804790269,-0.380156818135
both,0.1,244,20260912,55,2,53,7,46,True,,ok,165.058,0.262737466997,16.7546475718,-1.21802017224,-0.49457672474,0.859831488639,0.991925564501,330.092404306,7.270689501,0.0145138908893,-1.48323245248,-0.254058917972,0.026622123473,0.0230218309116,0.0060763657666,2.0087217899,0.0878240059009
both,0.1,245,20260912,55,2,53,2,51,True,,ok,165.058,0.252946739322,17.8835905577,-0.775264378986,-0.533912944842,0.840632708669,0.995854599605,327.579052971,7.32804815858,0.00472316321506,-0.354289466594,0.188696875283,-0.0127140966293,0.00382305094086,0.0100054008704,-0.504629545292,0.145182663482
both,0.1,246,20260912,55,2,53,2,51,True,,ok,165.058,0.231433368333,16.3625734482,-0.738600374986,-0.483808508816,0.810817220661,0.944190255469,329.175791687,6.60865736164,-0.0167902077748,-1.87530657608,0.225360879284,0.0373903393976,-0.0259924370669,-0.0416589432654,1.09210917066,-0.574208133463
both,0.1,247,20260912,55,2,53,5,48,True,,ok,165.058,0.319227135906,21.2420533643,-0.902780412505,-0.610908771039,0.9790092629,1.15397949002,328.035542292,10.0538835227,0.0710035597983,3.00417333998,0.0611808417638,-0.0897099228261,0.142199605172,0.168130291281,-0.0481402247319,2.87101802757
both,0.1,248,20260912,55,2,53,5,48,True,,ok,165.058,0.261560400972,17.4047860301,-0.961160449732,-0.591905624356,0.813896502196,1.00636960627,323.973506261,7.48378898512,0.0133368248646,-0.833093994232,0.00280080453716,-0.0707067761431,-0.0229131555323,0.0205204075389,-4.11017625561,0.300923490017
both,0.1,249,20260912,55,2,53,5,48,True,,ok,165.058,0.238908813321,15.897501155,-0.900169497274,-0.439260365146,0.84209354147,0.949774289488,332.452151024,6.68287697009,-0.00931476278626,-2.34037886931,0.0637917569956,0.0819384830676,0.00528388374204,-0.0360749092461,4.36846850728,-0.499988525008
both,0.1,250,20260912,55,2,53,5,48,True,,ok,165.058,0.321424063958,21.3882416349,-1.02404758017,-0.515156649566,1.02285698423,1.1452610112,333.268125023,9.88009396559,0.0732004878505,3.15036161057,-0.0600863259035,0.00604219864757,0.186047326501,0.159411812467,5.18444250661,2.69722847049
both,0.1,251,20260912,55,2,53,3,50,True,,ok,165.058,0.27681768933,19.1875400888,-1.10316137443,-0.654629188316,0.838005574215,1.06338737843,322.003928322,8.38777053955,0.0285941132228,0.949660064536,-0.139200120162,-0.133430340102,0.001195916487,0.0775381796982,-6.07975419412,1.20490504444
both,0.1,252,20260912,55,2,53,6,47,True,,ok,165.058,0.227355466095,14.813535229,-0.896447479416,-0.504830134354,0.786003460473,0.934159999372,327.288393168,6.47740520437,-0.0208681100128,-3.42434479531,0.0675137748529,0.0163687138586,-0.0508061972549,-0.0516891993618,-0.795289348074,-0.705460290737
both,0.1,253,20260912,55,2,53,5,48,True,,ok,165.058,0.296692271262,19.7425354867,-0.875396282189,-0.576780098159,0.926522500822,1.09138408737,328.096851893,8.87082830523,0.0484686951549,1.50465546236,0.0885649720803,-0.0555812499459,0.0897128430945,0.105534888635,0.0131693769394,1.68796281012
both,0.1,254,20260912,55,2,53,5,48,True,,ok,165.058,0.293362777542,19.5209838849,-0.995543481768,-0.658717108559,0.879409506255,1.09875807565,323.165145314,9.00262454823,0.0451392014348,1.28310386062,-0.0315822274989,-0.137518260346,0.0425998485274,0.112908876913,-4.9185372027,1.81975905313
both,0.1,255,20260912,55,2,53,3,50,True,,ok,165.058,0.196132184666,13.5948470818,-0.691268350824,-0.45477959775,0.71111200191,0.844099971443,327.399742693,5.40973410518,-0.0520913914414,-4.64303294247,0.272692903445,0.0664192504635,-0.125697655818,-0.141749227292,-0.683939823974,-1.77313138992
both,0.1,256,20260912,55,2,53,11,42,True,,ok,165.058,0.208881039018,12.1619654745,-0.64947712722,-0.43251396808,0.756752183102,0.871631917276,330.250316056,5.71596898784,-0.039342537089,-6.07591454978,0.314484127049,0.0886848801332,-0.0800574746257,-0.114217281458,2.16663353946,-1.46689650727
both,0.1,257,20260912,55,2,53,5,48,True,,ok,165.058,0.282626998533,18.8066022896,-0.906090903885,-0.521028799686,0.915843497454,1.05367942085,330.3641954,8.22648511716,0.0344034224254,0.568722265278,0.0578703503844,0.000170048526857,0.0790338397265,0.06783022212,2.28051288356,1.04361962205
both,0.1,258,20260912,55,2,53,11,42,True,,ok,165.058,0.188890688169,10.9980400268,-0.621380402092,-0.264437636741,0.768552254719,0.812772927674,341.013072554,5.08119187608,-0.0593328879387,-7.23983999749,0.342580852178,0.256761211473,-0.0682574030084,-0.173076271061,12.9293900376,-2.10167361902
both,0.1,259,20260912,55,2,53,7,46,True,,ok,165.058,0.294443607102,18.7765335609,-0.956995595435,-0.553376355257,0.917671095535,1.07160889794,328.909075894,8.52683113393,0.0462200309943,0.538653536571,0.00696565883385,-0.0321775070435,0.0808614378069,0.0857596992023,0.825393377212,1.34396563883
both,0.1,260,20260912,55,2,53,7,46,True,,ok,165.058,0.311664327017,19.8746909589,-1.18399364782,-0.616535170709,0.965408211332,1.14548183365,327.436624239,9.88445842244,0.0634407509095,1.63681093457,-0.220032393554,-0.0953363224955,0.128598553604,0.159632634918,-0.647058277392,2.70159292733
both,0.1,261,20260912,55,2,53,10,43,True,,ok,165.058,0.227222416404,13.544877647,-1.28236598801,-0.493931909512,0.755487391754,0.902623914115,326.82364619,6.08147842381,-0.0210011597037,-4.69300237734,-0.318404733738,0.0272669387011,-0.0813222659742,-0.0832252846191,-1.26003632614,-1.10138707129
both,0.1,262,20260912,55,2,53,4,49,True,,ok,165.058,0.18749619321,12.7363208535,-1.0715061612,-0.423496856744,0.700222909909,0.818328608343,328.834328963,5.13796566799,-0.0607273828975,-5.50155917076,-0.107544906928,0.0977019914695,-0.136586747819,-0.167520590391,0.750646446518,-2.04489982711
both,0.1,263,20260912,55,2,53,7,46,True,,ok,165.058,0.28132176959,17.9397600108,-0.949085478554,-0.648776963055,0.847642286933,1.06743102559,322.569916611,8.4558799477,0.0330981934828,-0.298120013515,0.0148757757151,-0.127578114841,0.0108326292052,0.0815818268533,-5.51376590555,1.2730144526
both,0.1,264,20260912,55,2,53,7,46,True,,ok,165.058,0.236247971678,15.0654246243,-1.48488976674,-0.486907426922,0.816372764122,0.950548963701,329.186973986,6.6932391002,-0.0119756044295,-3.1724554,-0.520928512472,0.0342914212911,-0.0204368936055,-0.0353002350336,1.10329146916,-0.489626394899
both,0.1,265,20260912,55,2,53,2,51,True,,ok,165.058,0.260123516248,18.3909959522,-0.923406909894,-0.473427146577,0.89446433341,1.01202752278,332.108372707,7.56895524636,0.0118999401403,0.153115927911,0.0405543443751,0.0477717016366,0.0576546756827,0.0261783240431,4.02469019044,0.386089751257
both,0.1,266,20260912,55,2,53,9,44,True,,ok,165.058,0.130227726038,7.9434943398,-1.34013687092,-0.429506618007,0.506630008432,0.664191162509,319.70966299,3.77493183286,-0.117995850069,-10.2943856845,-0.376175616648,0.0916922302064,-0.330179649296,-0.321658036225,-8.37401952639,-3.40793366224
both,0.1,267,20260912,55,2,53,2,51,True,,ok,165.058,0.238824355606,16.8851237312,-1.20398631687,-0.459027101496,0.842675437086,0.959587292629,331.421727441,6.81533067257,-0.00939922050104,-1.35275629306,-0.240025062603,0.0621717467174,0.00586577935803,-0.0262619061052,3.33804492403,-0.367534822532
both,0.1,268,20260912,55,2,53,9,44,True,,ok,165.058,0.420837375027,25.6697971178,-1.16996925957,-0.704645013473,1.16199260773,1.35895232272,328.766919689,15.1485473889,0.17261379892,7.43191709346,-0.206008005296,-0.18344616526,0.325182949999,0.373103123985,0.683237172824,7.9656818938
both,0.1,269,20260912,55,2,53,11,42,True,,ok,165.058,0.271152251031,15.7876671376,-1.04316892861,-0.610612252869,0.835753772331,1.03505154042,323.847664427,7.92564005732,0.0229286749237,-2.4502128867,-0.0792076743383,-0.0894134046554,-0.00105588539683,0.0492023416822,-4.23601808983,0.74277456222
both,0.1,270,20260912,55,2,53,2,51,True,,ok,165.058,0.304552041691,21.5321376812,-1.10343767116,-0.680176250947,0.89435653454,1.12361619035,322.746276322,9.4615136988,0.0563284655832,3.29425765692,-0.139476416893,-0.158977402733,0.0575468768119,0.13776699162,-5.33740619418,2.2786482037
both,0.1,271,20260912,55,2,53,4,49,True,,ok,165.058,0.27930250638,18.9725789924,-1.33388753814,-0.632400098793,0.852203541393,1.06121664184,323.421763594,8.35143419236,0.0310789302723,0.7346989681,-0.369926283868,-0.11120125058,0.0153938836648,0.0753674431044,-4.66191892213,1.16856869725
both,0.1,272,20260912,55,2,53,3,50,True,,ok,165.058,0.264778437493,18.3530427421,-0.793057295807,-0.571258623995,0.853962834918,1.02741858019,326.21944789,7.80556671355,0.0165548613854,0.115162717821,0.170903958462,-0.0500597757817,0.0171531771901,0.0415693814507,-1.86423462653,0.622701218444
both,0.1,273,20260912,55,2,53,1,52,True,,ok,165.058,0.225972174213,16.2897254458,-1.02726355099,-0.491484379881,0.780948915695,0.922734037842,327.816046603,6.33106251338,-0.0222514018943,-1.94815457845,-0.0633022967243,0.0297144683319,-0.0558607420326,-0.0631151608921,-0.26763591325,-0.851802981724
both,0.1,274,20260912,55,2,53,6,47,True,,ok,165.058,0.298964873594,19.4793059665,-0.879611425895,-0.496146522356,0.97506077376,1.09403148226,333.031346259,8.91792204195,0.0507412974871,1.24142594224,0.0843498283738,0.0250523258573,0.138251116032,0.108182283523,4.94766374207,1.73505654685
both,0.1,275,20260912,55,2,53,6,47,True,,ok,165.058,0.246337549704,16.0503287361,-0.884640024451,-0.417733107495,0.882640055713,0.976501109598,334.672889735,7.049820949,-0.0018860264038,-2.18755128825,0.0793212298178,0.103465740718,0.0458303979852,-0.00934808913618,6.58920721859,-0.133044546105
both,0.1,276,20260912,55,2,53,3,50,True,,ok,165.058,0.255743104902,17.7267612111,-0.989865136053,-0.584466113894,0.811168134618,0.999797169885,324.226344652,7.38605926063,0.00751952879479,-0.511118813239,-0.0259038817833,-0.0632672656808,-0.0256415231094,0.0139479711508,-3.85733786417,0.203193765525
both,0.1,277,20260912,55,2,53,4,49,True,,ok,165.058,0.296172404893,20.1185246063,-1.31058679482,-0.602167281094,0.896356784293,1.07984300672,326.107023539,8.66841546522,0.0479488287857,1.88064458201,-0.346625540548,-0.0809684328806,0.0595471265657,0.0939938079887,-1.97665897726,1.48554997012
both,0.1,278,20260912,55,2,53,5,48,True,,ok,165.058,0.294995786688,19.6296477907,-1.32494357654,-0.525537099476,0.933699644196,1.07144027762,330.626816924,8.52395602475,0.0467722105808,1.39176776642,-0.360982322275,-0.00433825126283,0.0968899864681,0.0855910788813,2.54313440744,1.34109052965
both,0.1,279,20260912,55,2,53,4,49,True,,ok,165.058,0.30661618071,20.827953835,-1.22944914866,-0.619650502161,0.939775066405,1.12567487325,326.600721564,9.50055052092,0.0583926046026,2.59007381067,-0.265487894393,-0.0984516539477,0.102965408677,0.139825674515,-1.4829609528,2.31768502582
both,0.1,280,20260912,55,2,53,5,48,True,,ok,165.058,0.253331075531,16.8571891923,-1.14405258147,-0.509881411171,0.85986207185,0.999670863866,329.332887232,7.38419368879,0.00510749942391,-1.38069083204,-0.180091327198,0.0113174370423,0.023052414122,0.013821665132,1.24920471527,0.201328193687
both,0.1,281,20260912,55,2,53,5,48,True,,ok,165.058,0.336987288715,22.4238517495,-0.977305385353,-0.784969254219,0.912316444681,1.20353563525,319.290857363,11.1014004885,0.0887637126081,4.18597172524,-0.013344131084,-0.263770406006,0.0755067869534,0.217686436511,-8.79282515344,3.91853499335
both,0.1,282,20260912,55,2,53,3,50,True,,ok,165.058,0.261350593551,18.1154427057,-0.828057923153,-0.579898477694,0.836789150002,1.0180856182,325.277874359,7.66121997248,0.0131270174433,-0.122437318564,0.135903331116,-0.0586996294811,-2.05077257664e-05,0.0322364194693,-2.80580815755,0.478354477373
both,0.1,283,20260912,55,2,53,6,47,True,,ok,165.058,0.222202718576,14.477803662,-0.942796737343,-0.455826509718,0.81627485284,0.93492376285,330.820012121,6.48730717625,-0.0260208575312,-3.76007636228,0.021164516926,0.0653723384948,-0.0205348048874,-0.0509254358844,2.73632960429,-0.69555831885
both,0.1,284,20260912,55,2,53,7,46,True,,ok,165.058,0.174233504223,11.1107905234,-1.03930074995,-0.243713307081,0.746377439959,0.785159511773,341.916677771,4.80818187236,-0.0739900718842,-7.12708950085,-0.0753394956791,0.277485541132,-0.0904322177689,-0.200689686961,13.8329952549,-2.37468362275
both,0.1,285,20260912,55,2,53,6,47,True,,ok,165.058,0.261457211044,17.0354628952,-1.28440349783,-0.459371731963,0.897329950046,1.00807907794,332.890649868,7.50941942509,0.0132336349368,-1.2024171291,-0.320442243563,0.0618271162503,0.0605202923184,0.0222298792037,4.8069673515,0.326553929991
both,0.1,286,20260912,55,2,53,4,49,True,,ok,165.058,0.180266969207,12.2452510625,-0.712056805759,-0.395347645195,0.697387406431,0.801653887417,330.451178536,4.96944306679,-0.0679566069008,-5.99262896184,0.25190444851,0.125851203018,-0.139422251296,-0.184195311318,2.36749601921,-2.21342242831
both,0.1,287,20260912,55,2,53,2,51,True,,ok,165.058,0.249165672769,17.6162653244,-0.958634950216,-0.549485493598,0.812576724643,0.980925706211,325.932420783,7.11248302227,0.000942096661868,-0.621614699921,0.00532630405357,-0.0282866453853,-0.024232933085,-0.00492349252299,-2.15126173302,-0.070382472831
both,0.1,288,20260912,55,2,53,4,49,True,,ok,165.058,0.180592597179,12.2673704574,-0.98595545124,-0.376136715099,0.709781307896,0.80328595997,332.079396165,4.98569055271,-0.0676309789281,-5.97050956695,-0.0219941969707,0.145062133114,-0.127028349831,-0.182563238765,3.99571364841,-2.1971749424
both,0.1,289,20260912,55,2,53,3,50,True,,ok,165.058,0.230816001479,15.9989460654,-0.993084765814,-0.460321735293,0.810672965886,0.932248227459,330.410933892,6.45268584957,-0.017407574628,-2.23893395894,-0.0291235115446,0.0608771129203,-0.0261366918423,-0.0536009712753,2.32725137557,-0.730179645537
both,0.1,290,20260912,55,2,53,8,45,True,,ok,165.058,0.252052068208,15.7238262389,-0.93744866858,-0.444027975323,0.860640246101,0.968433000304,332.709546297,6.93697638792,0.00382849210058,-2.51405378536,0.0265125856887,0.0771708728904,0.0238305883737,-0.0174161984299,4.62586378015,-0.245889107182
both,0.1,291,20260912,55,2,53,5,48,True,,ok,165.058,0.243836503378,16.2254001441,-1.06890134511,-0.488340410568,0.833381638189,0.965919930152,329.63078379,6.90219764594,-0.00438707272898,-2.0124798802,-0.104940090837,0.032858437645,-0.00342801953847,-0.0199292685823,1.54710127369,-0.280667849166
both,0.1,292,20260912,55,2,53,5,48,True,,ok,165.058,0.285472393517,18.9959409306,-1.05163637887,-0.515995627293,0.935305180648,1.06819814095,331.11505339,8.46886317563,0.0372488174099,0.758060906343,-0.0876751246015,0.00520322091999,0.09849552292,0.0823489422171,3.03137087327,1.28599768053
both,0.1,293,20260912,55,2,53,5,48,True,,ok,165.058,0.30724821537,20.4449504847,-0.985132278541,-0.708571730965,0.861051496149,1.11511594776,320.548541519,9.30202292678,0.0590246392623,2.2070704604,-0.0211710242714,-0.187372882752,0.024241838421,0.129266749023,-7.535140997,2.11915743168
both,0.1,294,20260912,55,2,53,6,47,True,,ok,165.058,0.299254380861,19.4981690542,-1.11153713813,-0.560478068219,0.955475672974,1.10773165821,329.604290786,9.16565472633,0.0510308047537,1.26028902992,-0.147575883862,-0.0392792200059,0.118666015246,0.121882459475,1.52060826968,1.98278923123
both,0.1,295,20260912,55,2,53,4,49,True,,ok,165.058,0.20902204372,14.1985379474,-1.20029764964,-0.417773423229,0.768884540824,0.875053181398,331.482554379,5.75521478419,-0.0392015323878,-4.03934207695,-0.23633639537,0.103425424984,-0.0679251169037,-0.110796017336,3.39887186301,-1.42765071091
both,0.1,296,20260912,55,2,53,6,47,True,,ok,165.058,0.300077400054,19.5517935569,-1.20084138298,-0.51799450208,0.957051136814,1.08823948773,331.575968734,8.8152129696,0.0518538239463,1.31391353261,-0.236880128706,0.00320434613322,0.120241479086,0.102390288999,3.4922862177,1.6323474745
both,0.1,297,20260912,55,2,53,3,50,True,,ok,165.058,0.292088529237,20.2460340515,-0.955495412275,-0.560536655852,0.935050870354,1.09019331896,329.058500083,8.84972723745,0.0438649531298,2.00815402717,0.00846584199456,-0.0393378076389,0.0982412126259,0.104344120225,0.974817566688,1.66686174235
both,0.1,298,20260912,55,2,53,6,47,True,,ok,165.058,0.27331895367,17.8083246402,-1.02841862996,-0.513710354162,0.89842749833,1.03492526191,330.239582573,7.92363863402,0.0250953775628,-0.429555384072,-0.0644573756874,0.00748849405096,0.0616178406027,0.0490760631709,2.15590005695,0.740773138914
both,0.1,299,20260912,55,2,53,3,50,True,,ok,165.058,0.221255322351,15.3362502871,-0.869743384835,-0.391177006449,0.819160721893,0.907768549062,334.473943418,6.14437542387,-0.0269682537565,-2.90162973716,0.0942178694341,0.130021841764,-0.0176489358351,-0.0780806496722,6.39026090109,-1.03849007123
both,0.1,300,20260912,55,2,53,5,48,True,,ok,165.058,0.29886585336,19.8871702677,-1.15409640424,-0.660745913303,0.893729065536,1.11145706374,323.523985143,9.23420133469,0.0506422772527,1.64929024343,-0.190135149969,-0.13954706509,0.0569194078085,0.125607865003,-4.55969737339,2.05133583959
both,0.1,301,20260912,55,2,53,7,46,True,,ok,165.058,0.290805092697,18.5445071688,-0.93595170569,-0.671458598616,0.854510476029,1.08675885241,321.840389263,8.78914735095,0.0425815165896,0.306627144479,0.0280095485788,-0.150259750402,0.0177008183008,0.100909653678,-6.24329325365,1.60628185585
both,0.1,302,20260912,55,2,53,4,49,True,,ok,165.058,0.293475974312,19.9353603274,-0.865951130703,-0.551740219622,0.932586004659,1.08357460566,329.390424311,8.73335157924,0.045252398205,1.69748030306,0.0980101235658,-0.0305413714089,0.0957763469309,0.0977254069268,1.30674179463,1.55048608413
both,0.1,303,20260912,55,2,53,4,49,True,,ok,165.058,0.301559088222,20.4844335138,-1.09806959749,-0.63370974296,0.8964158719,1.0977929922,324.742087658,8.98526473936,0.0533355121148,2.2465534895,-0.134108343225,-0.112510894747,0.0596062141719,0.111943793463,-3.34159485803,1.80239924426
both,0.1,304,20260912,55,2,53,4,49,True,,ok,165.058,0.219657080115,14.9209592056,-0.925562087155,-0.459050051238,0.775321035457,0.901027001573,329.371184198,6.0620862296,-0.0285664959925,-3.31692081867,0.0383991671144,0.0621487969747,-0.0614886222706,-0.084822197161,1.28750168163,-1.1207792655
both,0.1,305,20260912,55,2,53,6,47,True,,ok,165.058,0.205442306077,13.3857649912,-1.08977849434,-0.528144159686,0.709165616039,0.884224023866,323.323462097,5.86174914368,-0.0427812700304,-4.85211503315,-0.125817240071,-0.00694531147286,-0.127644041689,-0.101625174868,-4.76022041953,-1.32111635143
both,0.1,306,20260912,55,2,53,4,49,True,,ok,165.058,0.215147865695,14.614655378,-0.876117555006,-0.556864938655,0.720623440198,0.910712195189,322.304786139,6.18065584965,-0.0330757104126,-3.62322464634,0.0878436992634,-0.0356660904422,-0.11618621753,-0.0751370035453,-5.77889637765,-1.00220964545
both,0.1,307,20260912,55,2,53,6,47,True,,ok,165.058,0.252480782778,16.4505962164,-0.939475918021,-0.570873455896,0.803924368656,0.985997410324,324.621118665,7.18499497852,0.00425720667014,-1.78728380788,0.0244853362484,-0.0496746076828,-0.0328852890721,0.000148211589311,-3.46256385185,0.0021294834202
both,0.1,308,20260912,55,2,53,6,47,True,,ok,165.058,0.234814663657,15.2995454744,-1.06105469687,-0.557916036405,0.753988751462,0.937960202252,323.500308898,6.5268236745,-0.0134089124509,-2.93833454994,-0.0970934425987,-0.0367171881915,-0.082820906266,-0.0478889964825,-4.58337361856,-0.656041820601
both,0.1,309,20260912,55,2,53,4,49,True,,ok,165.058,0.245966021746,16.7080841397,-0.825251468746,-0.402117564852,0.874795965633,0.962791004034,335.313171626,6.859139579,-0.00225755436105,-1.52979588457,0.138709785524,0.119081283361,0.037986307905,-0.0230581946999,7.22948911,-0.323725916106
both,0.1,310,20260912,55,2,53,5,48,True,,ok,165.058,0.183926768282,12.2388788029,-0.987300180089,-0.272618572534,0.760183697909,0.807589091467,340.271051198,5.02878388711,-0.0642968078256,-5.99900122135,-0.0233389258195,0.248580275679,-0.0766259598191,-0.178260107267,12.1873686815,-2.15408160799
both,0.1,311,20260912,55,2,53,4,49,True,,ok,165.058,0.200570027732,13.6244058243,-0.778571860226,-0.513060117522,0.706162398796,0.872866552037,323.99983521,5.73010069617,-0.0476535483755,-4.61347420003,0.185389394043,0.0081387306913,-0.130647258931,-0.112982646697,-4.08384730643,-1.45276479894
both,0.1,312,20260912,55,2,53,6,47,True,,ok,165.058,0.239006123584,15.5726435457,-0.99700814747,-0.519372222638,0.810894187027,0.962962558048,327.360713901,6.86149340863,-0.00921745252354,-2.66523647862,-0.033046893201,0.00182662557487,-0.0259154707005,-0.0228866406861,-0.722968615535,-0.321372086469
both,0.1,313,20260912,55,2,53,7,46,True,,ok,165.058,0.316713765502,20.1966913314,-1.09627993717,-0.729914337967,0.896522346628,1.15608272142,320.848831753,10.0962638831,0.0684901893948,1.95881130712,-0.132318682905,-0.208715489754,0.0597126888997,0.170233522688,-7.2348507636,2.91339838797
both,0.1,314,20260912,55,2,53,6,47,True,,ok,165.058,0.263750433569,17.1848797236,-0.932389330514,-0.482599958865,0.90120651644,1.02228954097,331.830759397,7.72590588004,0.0155268574613,-1.05300030074,0.0315719237557,0.0385988893479,0.0643968587119,0.0364403422324,3.74707688083,0.543040384939
both,0.1,315,20260912,55,2,53,6,47,True,,ok,165.058,0.266651747677,17.3739172668,-1.04129802627,-0.593456909635,0.823022819297,1.01467121014,324.205764598,7.60908113578,0.0184281715698,-0.863962757481,-0.0773367719971,-0.0722580614223,-0.0137868384308,0.028822011401,-3.8779179185,0.426215640678
both,0.1,316,20260912,55,2,53,6,47,True,,ok,165.058,0.350504854954,22.8374364865,-0.977987964625,-0.735207943867,0.984319316539,1.22858261327,323.243204891,11.6716780361,0.102281278847,4.59955646219,-0.0140267103562,-0.214009095654,0.147509658811,0.242733414538,-4.84047762547,4.48881254101
both,0.1,317,20260912,55,2,53,2,51,True,,ok,165.058,0.279761284064,19.7794060184,-1.03177488728,-0.6352389589,0.861761972255,1.07058966543,323.604598918,8.50946719093,0.0315377079564,1.54152599412,-0.0678136330081,-0.114040110687,0.0249523145275,0.0847404666977,-4.47908359816,1.32660169583
both,0.1,318,20260912,55,2,53,8,45,True,,ok,165.058,0.249344376699,15.5549116528,-0.920328319348,-0.544541884139,0.804653797972,0.971593329626,325.91219292,6.98096150871,0.00112080059138,-2.68296837155,0.0436329349214,-0.0233430359264,-0.0321558597557,-0.0142558691087,-2.17148959653,-0.201903986394
both,0.1,319,20260912,55,2,53,8,45,True,,ok,165.058,0.223552221367,13.9459132754,-0.680660695119,-0.353381682486,0.839763717153,0.911088203284,337.178113861,6.18530555102,-0.0246713547403,-4.29196674894,0.28330055915,0.167817165727,0.00295405942544,-0.0747609954502,9.09443134402,-0.997559944078
both,0.1,320,20260912,55,2,53,3,50,True,,ok,165.058,0.234265552241,16.2380507038,-0.692408970666,-0.546648083,0.781724375191,0.953895762343,325.03548562,6.73819122515,-0.0139580238662,-1.99982932047,0.271552283603,-0.0254492347874,-0.0550852825364,-0.031953436391,-3.04819689609,-0.444674269955
both,0.1,321,20260912,55,2,53,2,51,True,,ok,165.058,0.195892571212,13.8498031097,-0.862223018702,-0.38162776575,0.750924733776,0.842334676591,333.059848683,5.39066823034,-0.0523310048957,-4.38807691464,0.101738235567,0.139571082463,-0.0858849239521,-0.143514522143,4.97616616633,-1.79219726476
both,0.1,322,20260912,55,2,53,5,48,True,,ok,165.058,0.269304598359,17.9201014142,-1.08924666946,-0.52642571274,0.87759704774,1.02337706112,329.042605348,7.74272832492,0.0210810222514,-0.317778610132,-0.125285415187,-0.00522686452725,0.0407873900117,0.0375278623899,0.958922831877,0.559862829814
both,0.1,323,20260912,55,2,53,4,49,True,,ok,165.058,0.246446541668,16.7407251006,-1.29551326898,-0.431393437702,0.860492110833,0.96257309899,333.373862761,6.85615094805,-0.00177703443952,-1.49715492375,-0.331552014706,0.0898054105111,0.0236824531056,-0.0232760997446,5.29018024448,-0.326714547055
both,0.1,324,20260912,55,2,53,9,44,True,,ok,165.058,0.160201684726,9.77181445582,-0.761163748999,-0.541635673317,0.528477001284,0.756741133742,314.295496266,4.54252155964,-0.0880218913813,-8.46606556848,0.20279750527,-0.0204368251044,-0.308332656443,-0.229108064993,-13.7881862508,-2.64034393546
both,0.1,325,20260912,55,2,53,9,44,True,,ok,165.058,0.184146771916,11.2323917872,-1.15986261659,-0.377685762333,0.737574600923,0.828651209494,332.884626057,5.24514254604,-0.064076804191,-7.00548823715,-0.195901362325,0.14351308588,-0.0992350568044,-0.15719798924,4.80094354096,-1.93772294906
both,0.1,326,20260912,55,2,53,1,52,True,,ok,165.058,0.243667812955,17.5653563845,-1.04640473793,-0.489771769061,0.839570250873,0.971984872269,329.742419434,6.98643033795,-0.00455576315206,-0.672523639806,-0.0824434836644,0.0314270791524,0.00276059314522,-0.0138643264653,1.65873691755,-0.196435157149
both,0.1,327,20260912,55,2,53,9,44,True,,ok,165.058,0.252653942568,15.4111203795,-1.29957031261,-0.507574790168,0.846745168598,0.987223150133,329.059748774,7.20263045495,0.00443036646061,-2.82675964484,-0.335609058345,0.0136240580448,0.00993551087026,0.00137395139865,0.976066257539,0.0197649598438
both,0.1,328,20260912,55,2,53,6,47,True,,ok,165.058,0.284761224654,18.5538553601,-1.0602349232,-0.544898967759,0.894904443132,1.047744648,328.663154808,8.12941768871,0.0365376485462,0.315975335838,-0.0962736689268,-0.023700119546,0.0580947854042,0.0618954492607,0.579472291249,0.946552193611
both,0.1,329,20260912,55,2,53,7,46,True,,ok,165.058,0.325134943891,20.7337060087,-0.925397117564,-0.438038759936,1.0654592064,1.15199013699,337.65112612,10.013961547,0.076911367784,2.49582598441,0.0385641367056,0.0831600882767,0.228649548674,0.166140938252,9.56744360372,2.83109605186
both,0.1,330,20260912,55,2,53,4,49,True,,ok,165.058,0.208070090292,14.1338732516,-0.908550912551,-0.358944301876,0.795296781221,0.872546836605,335.708735543,5.72643786412,-0.0401534858158,-4.10400677274,0.0554103417185,0.162254546337,-0.0415128765067,-0.113302362129,7.62505302626,-1.45642763098
both,0.1,331,20260912,55,2,53,6,47,True,,ok,165.058,0.223649950829,14.5720992878,-1.02130901661,-0.560091010329,0.743603736518,0.93093955594,323.012514199,6.43581903993,-0.0245736252786,-3.66578073646,-0.057347762338,-0.0388921621159,-0.0932059212101,-0.054909642794,-5.0711683179,-0.747046455176
both,0.1,332,20260912,55,2,53,6,47,True,,ok,165.058,0.203813743566,13.2796546409,-0.876518581666,-0.388382194334,0.7553618916,0.849359944992,332.789265614,5.46694461996,-0.0444098325417,-4.95822538338,0.0874426726037,0.132816653879,-0.0814477661279,-0.136489253742,4.70558309753,-1.71592087514
both,0.1,333,20260912,55,2,53,7,46,True,,ok,165.058,0.218436667429,13.9296059346,-1.11107772217,-0.591652881454,0.690545358581,0.909343732804,319.410336966,6.16376298736,-0.0297869086788,-4.30827408967,-0.147116467905,-0.0704540332408,-0.146264299147,-0.0765054659302,-8.67334555019,-1.01910250775
both,0.1,334,20260912,55,2,53,3,50,True,,ok,165.058,0.247315983126,17.1426376411,-0.966369762577,-0.409396093936,0.883944716771,0.9741475371,335.148941443,7.01671439938,-0.000907592981464,-1.09524238318,-0.00240850830809,0.111802754278,0.0471350590433,-0.0117016616348,7.06525892634,-0.166151095722
both,0.1,335,20260912,55,2,53,3,50,True,,ok,165.058,0.207099841479,14.3550671216,-0.840428208533,-0.45479287615,0.732845238467,0.862495625346,328.17687586,5.61247192423,-0.0411237346284,-3.88281290274,0.123533045736,0.0664059720628,-0.103964419261,-0.123353573389,0.0931933436531,-1.57039357087
both,0.1,336,20260912,55,2,53,2,51,True,,ok,165.058,0.239719965269,16.9484442411,-0.916089958068,-0.443223581912,0.849818545104,0.958456416936,332.455668682,6.79993350782,-0.00850361083865,-1.2894357832,0.0478712962011,0.0779752663007,0.0130088873762,-0.0273927817983,4.37198616568,-0.382931987285
both,0.1,337,20260912,55,2,53,5,48,True,,ok,165.058,0.253707925516,16.8822655927,-1.40730389401,-0.448184731554,0.866993125259,0.975984955235,332.663680886,7.04254711238,0.00548434940902,-1.35561443159,-0.443342639737,0.0730141166591,0.0301834675315,-0.00986424349941,4.57999836935,-0.140318382722
both,0.1,338,20260912,55,2,53,7,46,True,,ok,165.058,0.269757579121,17.202316897,-0.761767463532,-0.452887361006,0.918589160044,1.02416454084,333.755553406,7.75493241583,0.0215340030134,-1.03556312729,0.202193790737,0.0683114872076,0.0817795023162,0.0383153421031,5.67187088963,0.572066920727
both,0.1,339,20260912,55,2,53,3,50,True,,ok,165.058,0.28761942181,19.9362591302,-1.08835879338,-0.532246151634,0.928724023177,1.07042714706,330.183237417,8.50670175082,0.0393958457025,1.69837910588,-0.124397539115,-0.0110473034205,0.0919143654495,0.0845779483221,2.09955490102,1.32383625572
both,0.1,340,20260912,55,2,53,3,50,True,,ok,165.058,0.195445041947,13.547217978,-0.91627581158,-0.476983097429,0.70450113467,0.850784769483,325.900001653,5.48254571139,-0.0527785341605,-4.69066204631,0.0476854426895,0.0442157507842,-0.132308523058,-0.135064429251,-2.18368086359,-1.70031978371
both,0.1,341,20260912,55,2,53,1,52,True,,ok,165.058,0.230956868751,16.6490586502,-0.874114920346,-0.523152950046,0.79561596586,0.952204691373,326.673297773,6.71544020129,-0.0172667073568,-1.58882137414,0.0898463339232,-0.00195410183265,-0.0411936918676,-0.0336445073611,-1.41038474329,-0.467425293815
both,0.1,342,20260912,55,2,53,4,49,True,,ok,165.058,0.242343745303,16.4620286107,-0.989026390979,-0.502872849309,0.826567030559,0.967519590799,328.684201673,6.9243153558,-0.00587983080455,-1.77585141356,-0.0250651367095,0.0183259989039,-0.010242627169,-0.0183296079358,0.600519156676,-0.258550139304
both,0.1,343,20260912,55,2,53,3,50,True,,ok,165.058,0.229191172484,15.8863215017,-0.816005056701,-0.364992163647,0.860892386284,0.93506950559,337.024533976,6.48919840772,-0.019032403623,-2.35155852262,0.147956197568,0.156206684566,0.0240827285558,-0.0507796931441,8.94085145917,-0.693667087381
both,0.1,344,20260912,55,2,53,6,47,True,,ok,165.058,0.198184085156,12.9128495466,-0.588557449236,-0.401362352754,0.744923957045,0.846169864736,331.684372261,5.43217566946,-0.0500394909514,-5.32503047768,0.375403805033,0.119836495459,-0.0918857006826,-0.139679333998,3.6006897447,-1.75068982564
both,0.1,345,20260912,55,2,53,3,50,True,,ok,165.058,0.266389077708,18.4646838145,-1.05180162663,-0.487817954002,0.896000841076,1.02018815101,331.434396324,7.69350373519,0.0181655016007,0.226803790232,-0.0878403723568,0.0333808942107,0.0591911833483,0.0343389522732,3.35071380789,0.510638240091
both,0.1,346,20260912,55,2,53,7,46,True,,ok,165.058,0.192387091581,12.2684364497,-1.12402682043,-0.392132364386,0.751025669766,0.847235119578,332.429627983,5.44376130961,-0.0558364845269,-5.96944357462,-0.160065566159,0.129066483827,-0.0857839879619,-0.138614079156,4.34594546679,-1.7391041855
both,0.1,347,20260912,55,2,53,4,49,True,,ok,165.058,0.289163812663,19.6424419838,-1.08035940533,-0.525987215515,0.944416065952,1.08101075689,330.884625598,8.68868421207,0.0409402365553,1.40456195948,-0.116398151058,-0.00478836730228,0.107606408224,0.0951615581568,2.80094308104,1.50581871697
both,0.1,348,20260912,55,2,53,1,52,True,,ok,165.058,0.280661899731,20.2321604669,-1.03755521499,-0.598493845177,0.881312849617,1.06532024369,325.819828077,8.42025815379,0.0324383236234,1.99428044256,-0.0735939607172,-0.0772949969636,0.0445031918896,0.0794710449554,-2.26385443931,1.23739265869
both,0.1,349,20260912,55,2,53,5,48,True,,ok,165.058,0.237315181475,15.7914574986,-0.727596029164,-0.442031260973,0.836313382155,0.945944876221,332.141425552,6.63188947605,-0.0109083946324,-2.44642252573,0.236365225106,0.0791675872401,-0.000496275573118,-0.0399043225135,4.05774303572,-0.550976019057
both,0.1,350,20260912,55,2,53,7,46,True,,ok,165.058,0.283493137078,18.078227118,-0.734379902192,-0.607118893152,0.865620469337,1.05730418866,324.955391595,8.28634001192,0.0352695609709,-0.159652906298,0.229581352077,-0.085920044939,0.0288108116091,0.0714549899253,-3.12829092186,1.10347451681
both,0.1,351,20260912,55,2,53,5,48,True,,ok,165.058,0.326674306164,21.7376039308,-1.10374329718,-0.604913018375,0.980669666577,1.15222947139,328.332192255,10.0187560654,0.0784507300564,3.49972390646,-0.139782042915,-0.0837141701621,0.143860008849,0.166380272657,0.248509738277,2.83589057033
both,0.1,352,20260912,55,2,53,2,51,True,,ok,165.058,0.239717194287,16.9482483299,-0.857243091226,-0.531713098387,0.805369653908,0.965059116548,326.566808423,6.89032485787,-0.00850638182067,-1.28963169444,0.106718163043,-0.0105142501739,-0.0314400038194,-0.0207900821861,-1.51687409318,-0.292540637236
both,0.1,353,20260912,55,2,53,1,52,True,,ok,165.058,0.240345147959,17.3258344136,-0.823024858181,-0.552062678402,0.794332745177,0.967335366326,325.2006304,6.92176456906,-0.0078784281483,-0.912045610712,0.140936396088,-0.0308638301888,-0.0424769125505,-0.0185138324083,-2.88305211615,-0.261100926046
both,0.1,354,20260912,55,2,53,5,48,True,,ok,165.058,0.335973521278,22.3563935056,-0.943698470122,-0.542543918391,1.06376443012,1.19413092505,332.977390046,10.8945411309,0.0877499451704,4.11851348129,0.0202627841468,-0.0213450701779,0.226954772391,0.208281726319,4.89370752968,3.7116756358
both,0.1,355,20260912,55,2,53,5,48,True,,ok,165.058,0.251600008566,16.7420003104,-0.881825967838,-0.564108203742,0.805380176382,0.983288001573,324.991650154,7.1461661003,0.00337643245879,-1.49587971391,0.0821352864314,-0.0429093555287,-0.0314294813459,-0.00256119716123,-3.09203236203,-0.0366993947992
both,0.1,356,20260912,55,2,53,6,47,True,,ok,165.058,0.285716003816,18.6160647937,-1.08713796158,-0.516056144053,0.929380722302,1.06304396466,330.957951132,8.38201156564,0.037492427709,0.3781847694,-0.123176707307,0.00514270415973,0.0925710645739,0.0771947659262,2.87426861539,1.19914607054
both,0.1,357,20260912,55,2,53,5,48,True,,ok,165.058,0.303949052927,20.2254171907,-0.975719137794,-0.725986218133,0.838913430067,1.10942856105,319.127457281,9.19681402173,0.0557254768195,1.98753716644,-0.0117578835251,-0.20478736992,0.00210377233876,0.123579362312,-8.956225235,2.01394852663
both,0.1,358,20260912,55,2,53,12,41,True,,ok,165.058,0.169856666695,9.65432490876,-1.19079247018,-0.0839799878522,0.745361858204,0.750077954632,353.571589796,4.48238786166,-0.0783669094124,-8.58355511554,-0.226831215915,0.437218860361,-0.0914477995233,-0.235771244102,25.4879072797,-2.70047763344
both,0.1,359,20260912,55,2,53,4,49,True,,ok,165.058,0.256921222294,17.4522536442,-0.824727870221,-0.597921471076,0.804600201779,1.0024428015,323.382901674,7.42524442246,0.00869764618631,-0.785626380127,0.139233384049,-0.0767226228624,-0.032209455949,0.0165936027638,-4.70078084258,0.242378927354
both,0.1,360,20260912,55,2,53,5,48,True,,ok,165.058,0.260500708664,17.3342718474,-1.01778647479,-0.546055207098,0.855524532692,1.01493769032,327.451151962,7.61313755537,0.0122771325563,-0.903608176862,-0.0538252205236,-0.0248563588854,0.0187148749642,0.0290884915882,-0.632530554864,0.430272060268
both,0.1,361,20260912,55,2,53,5,48,True,,ok,165.058,0.226619081527,15.0797162325,-0.940241055133,-0.534078509782,0.77281256502,0.939403595513,325.352264028,6.54569244307,-0.0216044945805,-3.15816379184,0.0237201991358,-0.0128796615689,-0.0639970927079,-0.0464456032209,-2.73141848873,-0.637173052028
both,0.1,362,20260912,55,2,53,10,43,True,,ok,165.058,0.217910845523,12.9898087842,-0.594334362774,-0.462587444146,0.755432884545,0.885813742575,328.518884644,5.88041586735,-0.0303127305841,-5.24807124014,0.369626891496,0.0586114040668,-0.0813767731827,-0.10003545616,0.435202127475,-1.30244962775
both,0.1,363,20260912,55,2,53,7,46,True,,ok,165.058,0.239337830847,15.262463524,-1.53836040379,-0.481288314141,0.833848247702,0.962777929496,330.006916194,6.85896022117,-0.00888574526092,-2.97541650026,-0.574399149526,0.0399105340717,-0.00296141002598,-0.0230712692384,1.92323367708,-0.323905273931
both,0.1,364,20260912,55,2,53,2,51,True,,ok,165.058,0.247866061635,17.5243815015,-0.926716143435,-0.485729766937,0.858919431535,0.986750219842,330.511293376,7.19582099162,-0.000357514472211,-0.713498522849,0.0372451108344,0.0354690812759,0.0221097738076,0.000901021107544,2.42761085968,0.0129554965174
both,0.1,365,20260912,55,2,53,3,50,True,,ok,165.058,0.235507822323,16.3241583043,-0.837460535809,-0.475812580134,0.825185822624,0.952538321158,330.031707171,6.71992263833,-0.0127157537843,-1.91372171999,0.12650071846,0.0453862680789,-0.0116238351036,-0.0333108775767,1.94802465486,-0.462942856774
both,0.1,366,20260912,55,2,53,2,51,True,,ok,165.058,0.300731287432,21.2620064869,-1.01061178341,-0.641369271755,0.908628451924,1.11218712742,324.783060134,9.24769429307,0.0525077113245,3.02412646264,-0.0466505291386,-0.120170423542,0.071818794196,0.126337928685,-3.30062238275,2.06482879797
both,0.1,367,20260912,55,2,53,5,48,True,,ok,165.058,0.326228523923,21.7079406313,-0.963760007813,-0.653829754886,0.953211326641,1.15590016075,325.552870171,10.0925781944,0.0780049478158,3.47006060696,0.000201246456725,-0.132630906673,0.116401668913,0.170050962011,-2.53081234556,2.90971269932
both,0.1,368,20260912,55,2,53,4,49,True,,ok,165.058,0.256306296888,17.4104827307,-0.996699420911,-0.605848754527,0.794323438476,0.999000719857,322.666400959,7.37430337188,0.00808272078088,-0.827397293608,-0.0327381666421,-0.0846499063142,-0.0424862192513,0.0131515211229,-5.41728155713,0.19143787678
both,0.1,369,20260912,55,2,53,9,44,True,,ok,165.058,0.204509145379,12.4744345016,-0.881711800406,-0.352185481603,0.775334227765,0.851573706849,335.570694578,5.49120331024,-0.0437144307285,-5.7634455227,0.0822494538628,0.16901336661,-0.0614754299628,-0.134275491886,7.48701206129,-1.69166218486
both,0.1,370,20260912,55,2,53,5,48,True,,ok,165.058,0.232481260494,15.4697981035,-1.20304981973,-0.597497393364,0.726110520564,0.940340163531,320.549927427,6.55796490588,-0.0157423156134,-2.76808192083,-0.239088565463,-0.0762985451507,-0.110699137164,-0.0455090352029,-7.53375508992,-0.624900589224
both,0.1,371,20260912,55,2,53,6,47,True,,ok,165.058,0.293032956514,19.0928069562,-1.17498638125,-0.581463080769,0.914568191505,1.0837593327,327.552663705,8.73657874766,0.0448093804069,0.85492693189,-0.211025126978,-0.0602642325554,0.0777585337771,0.0979101339634,-0.531018811266,1.55371325256
both,0.1,372,20260912,55,2,53,5,48,True,,ok,165.058,0.229573419463,15.2763041695,-0.936372578713,-0.567662615176,0.728735676237,0.923740510365,322.082509055,6.34381942947,-0.0186501566443,-2.96157585479,0.0275886755562,-0.046463766963,-0.108073981491,-0.0621086883696,-6.00117346167,-0.83904606563
both,0.1,373,20260912,55,2,53,3,50,True,,ok,165.058,0.244604673352,16.9547039686,-0.860786028205,-0.539830636661,0.827185350458,0.987751345375,326.871073072,7.21024326557,-0.00361890275518,-1.28317605571,0.103175226064,-0.018631788448,-0.00962430726928,0.00190214664115,-1.2126094441,0.0273777704658
both,0.1,374,20260912,55,2,53,6,47,True,,ok,165.058,0.172883462832,11.2643663738,-0.770303151559,-0.268829486429,0.725457656238,0.773665369374,339.667038753,4.69891080738,-0.0753401132755,-6.97351365053,0.193658102711,0.252369361784,-0.11135200149,-0.21218382936,11.5833562361,-2.48395468773
both,0.1,375,20260912,55,2,53,6,47,True,,ok,165.058,0.180678750802,11.7722748703,-1.09252499895,-0.475572474344,0.646946330429,0.802937564702,323.68026576,4.98221778075,-0.0675448253054,-6.46560515398,-0.128563744683,0.0456263738687,-0.189863327299,-0.182911634032,-4.4034167565,-2.20064771435
both,0.1,376,20260912,55,2,53,5,48,True,,ok,165.058,0.283600013963,18.8713488082,-0.995536105687,-0.685993112483,0.815206319351,1.06543319522,319.919512483,8.4221605308,0.0353764378556,0.63346878388,-0.0315748514181,-0.164794264269,-0.021603338377,0.0795839964886,-8.16417003348,1.2392950357
both,0.1,377,20260912,55,2,53,4,49,True,,ok,165.058,0.269208584232,18.286914772,-1.03199281433,-0.597392556379,0.843665275783,1.0337547891,324.697998647,7.90511152081,0.0209850081243,0.0490347476903,-0.0680315600601,-0.0761937081658,0.00685561805494,0.0479055903614,-3.38568386923,0.72224602571
both,0.1,378,20260912,55,2,53,8,45,True,,ok,165.058,0.230723910908,14.39330655,-0.98495827304,-0.386965791161,0.833857237586,0.919271677037,335.105531906,6.28737311103,-0.0174996651997,-3.84457347429,-0.0209970187709,0.134233057052,-0.00295242014227,-0.0665775216973,7.02184938922,-0.895492384071
both,0.1,379,20260912,55,2,53,6,47,True,,ok,165.058,0.291679303001,19.0046085313,-0.921494379886,-0.485603784276,0.967608382752,1.08262505868,333.349763655,8.71678186263,0.0434557268936,0.766728506969,0.0424668743834,0.0355950639373,0.130798725024,0.0967758599423,5.26608113892,1.53391636752
both,0.1,380,20260912,55,2,53,6,47,True,,ok,165.058,0.244972106961,15.961362174,-0.815768901738,-0.375959373149,0.893799419275,0.969650891896,337.186888932,6.95389395374,-0.00325146914691,-2.27651785028,0.148192352531,0.145239475064,0.0569897615469,-0.0161983068385,9.10320641595,-0.228971541361
both,0.1,381,20260912,55,2,53,7,46,True,,ok,165.058,0.157516738631,10.0447700611,-0.868388632426,-0.288792575276,0.685514904561,0.743862780296,337.155362406,4.42701508212,-0.0907068374765,-8.19310996319,0.0955726218428,0.232406272937,-0.151294753166,-0.241986418438,9.07167988966,-2.75585041298
both,0.1,382,20260912,55,2,53,5,48,True,,ok,165.058,0.162775823725,10.8314499147,-0.640895588042,-0.263857563087,0.700763296295,0.748792368439,339.367198848,4.47087767344,-0.0854477523821,-7.40643010956,0.323065666227,0.257341285126,-0.136046361433,-0.237056830295,11.2835163318,-2.71198782166
both,0.1,383,20260912,55,2,53,7,46,True,,ok,165.058,0.211720756216,13.5013353618,-1.0648097788,-0.418151326925,0.763393870071,0.87041411585,331.288140937,5.70206409774,-0.0365028198915,-4.73654466249,-0.100848524528,0.103047521288,-0.0734157876567,-0.115435082884,3.20445842046,-1.48080139736
both,0.1,384,20260912,55,2,53,5,48,True,,ok,165.058,0.244128229332,16.2448122102,-1.03622987416,-0.545791801847,0.800106046573,0.968534138131,325.700172887,6.93837971128,-0.00409534677561,-1.99306781408,-0.0722686198882,-0.0245929536342,-0.0367036111551,-0.017315060603,-2.38350962951,-0.244485783825
both,0.1,385,20260912,55,2,53,5,48,True,,ok,165.058,0.261215096749,17.3818087518,-1.01176113209,-0.441738865204,0.899621690712,1.00222373322,333.84769854,7.42199186403,0.0129915206412,-0.856071272524,-0.0477998778223,0.0794599830091,0.0628120329839,0.0163745344863,5.76401602395,0.239126368927
both,0.1,386,20260912,55,2,53,3,50,True,,ok,165.058,0.247042989053,17.1237151339,-0.984143548345,-0.623748929774,0.764967016819,0.987034581063,320.806430296,7.19991458046,-0.0011805870543,-1.11416489037,-0.0201822940754,-0.102550081561,-0.0718426409087,0.00118538232908,-7.27725221999,0.0170490853591
both,0.1,387,20260912,55,2,53,9,44,True,,ok,165.058,0.352445912374,21.4981263606,-1.23380070819,-0.779486878667,0.908737875356,1.1972486459,319.378041567,10.9626856418,0.104222336266,3.26024633633,-0.269839453917,-0.258288030453,0.0719282176279,0.21139944717,-8.70564094925,3.77982014665
both,0.1,388,20260912,55,2,53,4,49,True,,ok,165.058,0.214496865733,14.5704339767,-0.879396870414,-0.418781882662,0.79353659333,0.897261717783,332.177546834,6.01660673769,-0.0337267103742,-3.66744604755,0.084564383855,0.102416965552,-0.0432730643979,-0.0885874809512,4.09386431738,-1.16625875741
both,0.1,389,20260912,55,2,53,4,49,True,,ok,165.058,0.262168988679,17.8087261426,-0.958828059472,-0.552970009066,0.824566944022,0.992817443491,326.153455848,7.28367022522,0.0139454125711,-0.42915388169,0.00513319479698,-0.0317711608529,-0.0122427137054,0.0069682447571,-1.93022666798,0.100804730119
both,0.1,390,20260912,55,2,53,5,48,True,,ok,165.058,0.233879479428,15.5628385686,-1.21826127624,-0.536510635233,0.767514087877,0.936440888048,325.045534317,6.50702118412,-0.0143440966793,-2.67504145568,-0.254300021974,-0.0153117870199,-0.0692955698503,-0.0494083106862,-3.03814819947,-0.675844310986
both,0.1,391,20260912,55,2,53,4,49,True,,ok,165.058,0.324880346358,22.0686098176,-0.879888797232,-0.481410337082,1.04933027475,1.15449120315,335.355352936,10.0641781982,0.0766567702509,3.83072979327,0.084072457037,0.0397885111311,0.212520617021,0.168642004417,7.27167041984,2.88131270313
both,0.1,392,20260912,55,2,53,7,46,True,,ok,165.058,0.246226325861,15.7017396866,-0.942136957587,-0.47900231438,0.814230245552,0.944676722458,329.532189045,6.61509027782,-0.00199725024645,-2.53614033769,0.0218242966825,0.0421965338329,-0.0225794121759,-0.0411724762768,1.44850652882,-0.567775217278
both,0.1,393,20260912,55,2,53,7,46,True,,ok,165.058,0.315503241409,20.1194967661,-1.34206988581,-0.681510018014,0.918810591847,1.14397063264,323.434537536,9.85462871668,0.0672796653013,1.88161674178,-0.378108631539,-0.160311169801,0.0820009341193,0.158121433906,-4.64914498092,2.67176322158
both,0.1,394,20260912,55,2,53,5,48,True,,ok,165.058,0.188335523566,12.5322467673,-0.846910448682,-0.491508808042,0.672377623292,0.832870083919,323.833153769,5.28958698334,-0.059888052541,-5.705633257,0.117050805588,0.0296900401707,-0.164432034435,-0.152979114815,-4.2505287477,-1.89327851177
both,0.1,395,20260912,55,2,53,4,49,True,,ok,165.058,0.261490059438,17.7626075495,-0.822493222422,-0.528955137558,0.87919391331,1.02604847583,328.967349264,7.78420710988,0.0132664833308,-0.475272474786,0.141468031847,-0.00775628934519,0.0423842555821,0.0401992770944,0.883666747728,0.60134161478
both,0.1,396,20260912,55,2,53,8,45,True,,ok,165.058,0.185176459545,11.5519086755,-0.948370489124,-0.321187932028,0.746272658114,0.812455886759,336.713462574,5.0779710059,-0.0630471165629,-6.68597134876,0.0155907651452,0.200010916185,-0.0905369996137,-0.173393311975,8.6297800572,-2.1048944892
both,0.1,397,20260912,55,2,53,1,52,True,,ok,165.058,0.217622583728,15.6878259551,-0.855695177467,-0.445752799368,0.784262497098,0.902088256491,330.387315044,6.07496673191,-0.0306009923796,-2.55005406924,0.108266076802,0.0754460488447,-0.0525471606298,-0.0837609422432,2.30363252715,-1.1078987632
both,0.1,398,20260912,55,2,53,7,46,True,,ok,165.058,0.267665980732,17.0689366286,-1.02503753087,-0.453333550538,0.919963526956,1.02559455877,333.767148551,7.7771435478,0.0194424046249,-1.16894339567,-0.0610762765965,0.067865297675,0.0831538692283,0.0397453600329,5.68346603435,0.594278052702
both,0.1,399,20260912,55,2,53,3,50,True,,ok,165.058,0.236753211928,16.4104821337,-1.20681339385,-0.507996760678,0.807371083734,0.953891385698,327.821954423,6.73813224406,-0.0114703641792,-1.82739789064,-0.242852139581,0.0132020875352,-0.0294385739941,-0.0319578130365,-0.261728093013,-0.444733251045
both,0.1,400,20260912,55,2,53,3,50,True,,ok,165.058,0.275842716548,19.1199601253,-1.01638483989,-0.588019859172,0.872330484903,1.05201132583,326.016908608,8.19908572955,0.0276191404406,0.882080101025,-0.0524235856162,-0.0668210109592,0.0355208271755,0.0661621270947,-2.06677390894,1.01622023445
both,0.1,401,20260912,55,2,53,4,49,True,,ok,165.058,0.251060965774,17.0541756564,-0.930070566518,-0.482301518221,0.864472368847,0.989912739073,330.842226204,7.24147907852,0.00283738966689,-1.18370436794,0.0338906877511,0.0388973299917,0.0276627111196,0.00406354033882,2.75854368712,0.0586135834201
both,0.1,402,20260912,55,2,53,0,53,True,,ok,165.058,0.248223576107,18.2378800243,-0.963961254269,-0.521198848213,0.836809657728,0.985849198734,328.083682516,7.1828654951,0,0,0,0,0,0,0,0
both,0.1,403,20260912,55,2,53,6,47,True,,ok,165.058,0.221106196136,14.4063588269,-0.845918719366,-0.630001908478,0.673333727587,0.922106671373,316.904203435,6.3231237023,-0.0271173799716,-3.83152119744,0.118042534903,-0.108803060265,-0.163475930141,-0.063742527361,-11.1794790819,-0.859741792806
both,0.1,404,20260912,55,2,53,4,49,True,,ok,165.058,0.192133413591,13.0513199243,-0.791924336802,-0.384663873008,0.729849350933,0.825012951568,332.208725685,5.20711470603,-0.0560901625167,-5.18656009997,0.172036917467,0.136534975205,-0.106960306795,-0.160836247167,4.12504316881,-1.97575078907
both,0.1,405,20260912,55,2,53,12,41,True,,ok,165.058,0.245161197525,13.9344890135,-1.12766475259,-0.620783267214,0.758823698522,0.980400566244,320.713871756,7.10501684553,-0.00306237858219,-4.30339101082,-0.163703498318,-0.0995844190004,-0.077985959206,-0.00544863249083,-7.36981076001,-0.0778486495682
both,0.1,406,20260912,55,2,53,8,45,True,,ok,165.058,0.32422778375,20.2263816749,-0.865835707499,-0.347471267123,1.08278744216,1.13717409678,342.208335123,9.72158035822,0.0760042076423,1.98850165057,0.0981255467699,0.17372758109,0.245977784433,0.151324898041,14.1246526061,2.53871486312
both,0.1,407,20260912,55,2,53,7,46,True,,ok,165.058,0.252083647596,16.0752584029,-0.972541137335,-0.281935899158,0.925453853011,0.967446476704,343.056847639,6.92330289973,0.00386007148874,-2.16262162142,-0.00857988306604,0.239262949055,0.0886441952834,-0.0184027220301,14.9731651223,-0.25956259537
both,0.1,408,20260912,55,2,53,7,46,True,,ok,165.058,0.213466654999,13.6126705252,-1.01661017164,-0.343331933921,0.81288604777,0.882417442886,337.102666248,5.840607911,-0.0347569211084,-4.62520949913,-0.0526489173673,0.177866914292,-0.0239236099579,-0.103431755848,9.01898373179,-1.3422575841
both,0.1,409,20260912,55,2,53,7,46,True,,ok,165.058,0.321581390453,20.5070975384,-0.961951536731,-0.642599563367,0.962437858315,1.15724709114,326.269795025,10.1198028484,0.0733578143461,2.26921751413,0.00200971753835,-0.121400715154,0.125628200587,0.171397892408,-1.81388749155,2.93693735328
both,0.1,410,20260912,55,2,53,5,48,True,,ok,165.058,0.266286242881,17.7192536136,-1.2264659919,-0.519493392418,0.856764778619,1.00195771899,328.769762032,7.41804420338,0.0180626667736,-0.51862641071,-0.262504737626,0.00170545579532,0.0199551208913,0.0161085202578,0.686079515923,0.235178708275
both,0.1,411,20260912,55,2,53,6,47,True,,ok,165.058,0.22518500259,14.6721168671,-0.821745904967,-0.507455144682,0.788019598096,0.93727563227,327.219979696,6.51789365399,-0.0230385735174,-3.56576315723,0.142215349302,0.0137437035311,-0.048790059632,-0.0485735664643,-0.863702820767,-0.664971841109
both,0.1,412,20260912,55,2,53,5,48,True,,ok,165.058,0.272869044555,18.157287254,-1.25276973585,-0.535765625794,0.897860403427,1.0455611459,329.174892518,8.09399389191,0.0246454684477,-0.0805927703384,-0.288808481585,-0.014566777581,0.0610507456997,0.0597119471703,1.0912100013,0.911128396809
both,0.1,413,20260912,55,2,53,6,47,True,,ok,165.058,0.143691772996,9.36235744823,-1.11382388334,-0.416049280882,0.563289758946,0.700280198675,323.55019683,4.05747312704,-0.104531803112,-8.87552257607,-0.149862629073,0.105149567331,-0.273519898781,-0.285569000059,-4.53348568655,-3.12539236806
both,0.1,414,20260912,55,2,53,7,46,True,,ok,165.058,0.295082553881,18.8172789035,-1.14939565712,-0.52933465446,0.907255122212,1.05038423122,329.738733358,8.17244771922,0.0468589777738,0.57939887918,-0.18543440285,-0.0081358062466,0.0704454644845,0.0645350324842,1.65505084189,0.989582224118
both,0.1,415,20260912,55,2,53,4,49,True,,ok,165.058,0.331734271565,22.534186153,-0.985924645894,-0.56863225897,1.0323552986,1.17860091145,331.153560166,10.5613575185,0.0835106954574,4.29630612866,-0.0219633916245,-0.0474334107564,0.195545640868,0.192751712719,3.06987764937,3.37849202342
both,0.1,416,20260912,55,2,53,6,47,True,,ok,165.058,0.327676458616,21.350033262,-0.861184337876,-0.725654565923,0.938437723506,1.18627143182,322.28672134,10.7246289088,0.0794528825087,3.11215323771,0.102776916393,-0.20445571771,0.101628065778,0.200422233083,-5.79696117599,3.54176341366
both,0.1,417,20260912,55,2,53,10,43,True,,ok,165.058,0.358798266812,21.3882006046,-0.857455237645,-0.437950824973,1.14794878446,1.22865265101,339.117782684,11.6733130664,0.110574690704,3.15032058031,0.106506016624,0.0832480232405,0.31113912673,0.242803452275,11.0341001671,4.49044757134
both,0.1,418,20260912,55,2,53,8,45,True,,ok,165.058,0.201983373531,12.6003785295,-0.471738967971,-0.362084497406,0.785320210859,0.864773390458,335.247176777,5.63809803566,-0.0462402025765,-5.63750149484,0.492222286299,0.159114350808,-0.0514894468689,-0.121075808276,7.16349426069,-1.54476745944
both,0.1,419,20260912,55,2,53,6,47,True,,ok,165.058,0.208956073997,13.6147074739,-0.922246177178,-0.447032804812,0.764266124851,0.885404448924,329.675877994,5.87560420324,-0.0392675021108,-4.62317255045,0.0417150770916,0.0741660434012,-0.0725435328763,-0.100444749811,1.59219547797,-1.30726129186
both,0.1,420,20260912,55,2,53,7,46,True,,ok,165.058,0.154730182846,9.86707267882,-0.362647091365,-0.292072148765,0.672021234504,0.73274735053,336.509393733,4.32968461015,-0.0934933932615,-8.37080734548,0.601314162904,0.229126699448,-0.164788423224,-0.253101848205,8.42571121699,-2.85318088495
both,0.1,421,20260912,55,2,53,3,50,True,,ok,165.058,0.2526965437,17.5155896803,-1.08810917536,-0.52045865418,0.834404975408,0.983416937874,328.046219193,7.14800913837,0.00447296759283,-0.722290343994,-0.124147921091,0.000740194032753,-0.00240468231933,-0.00243226086029,-0.037463323356,-0.0348563567292
both,0.1,422,20260912,55,2,53,8,45,True,,ok,165.058,0.229349040306,14.3075376587,-0.84885787321,-0.535711481868,0.742828405984,0.915849787106,324.201687682,6.24449062009,-0.0188745358013,-3.93034236559,0.115103381059,-0.0145126336551,-0.0939812517439,-0.0699994116284,-3.88199483408,-0.938374875015
both,0.1,423,20260912,55,2,53,0,53,True,,ok,165.058,0.248223576107,18.2378800243,-0.963961254269,-0.521198848213,0.836809657728,0.985849198734,328.083682516,7.1828654951,0,0,0,0,0,0,0,0
both,0.1,424,20260912,55,2,53,5,48,True,,ok,165.058,0.182429537433,12.1392498742,-0.784959754437,-0.478502091795,0.652731097309,0.809334379133,323.755717694,5.04636790742,-0.0657940386743,-6.09863015013,0.179001499832,0.0426967564182,-0.184078560419,-0.176514819602,-4.32796482272,-2.13649758769
both,0.1,425,20260912,55,2,53,2,51,True,,ok,165.058,0.228390625439,16.1474484451,-0.881045830011,-0.412927487042,0.836151008065,0.932554351147,333.717850296,6.45663769918,-0.019832950668,-2.09043157916,0.0829154242584,0.108271361171,-0.0006586496627,-0.0532948475873,5.63416777983,-0.726227795926
both,0.1,426,20260912,55,2,53,4,49,True,,ok,165.058,0.290926098537,19.7621512853,-0.977929171459,-0.568076291421,0.93331124694,1.09260265263,328.672481034,8.89247403772,0.0427025224292,1.52427126099,-0.0139679171898,-0.046877443208,0.0965015892127,0.106753453899,0.588798517673,1.70960854262
both,0.1,427,20260912,55,2,53,3,50,True,,ok,165.058,0.226901727135,15.7276292428,-1.21573106437,-0.512598598901,0.776482710184,0.93042072355,326.569020814,6.42914428085,-0.0213218489725,-2.51025078152,-0.251769810098,0.00860024931163,-0.0603269475437,-0.0554284751848,-1.51466170271,-0.753721214254
both,0.1,428,20260912,55,2,53,6,47,True,,ok,165.058,0.248757695967,16.2080153866,-0.651718495664,-0.577981350501,0.797731666364,0.98510824433,324.075504292,7.17222902654,0.000534119859818,-2.02986463769,0.312242758605,-0.0567825022882,-0.0390779913639,-0.000740954404313,-4.00817822435,-0.0106364685636
both,0.1,429,20260912,55,2,53,6,47,True,,ok,165.058,0.273897815366,17.8460408574,-1.26653506932,-0.583943023103,0.88837255504,1.06310641555,326.682372466,8.38305855915,0.025674239259,-0.391839166922,-0.302573815056,-0.0627441748897,0.0515628973125,0.0772572168136,-1.40131005052,1.20019306405
both,0.1,430,20260912,55,2,53,10,43,True,,ok,165.058,0.197358764089,11.7646856963,-1.01632998193,-0.378762416257,0.762725355539,0.851593175143,333.591426727,5.49141712313,-0.0508648120182,-6.473194328,-0.0523687276635,0.142436431956,-0.0740843021892,-0.134256023591,5.50774421085,-1.69144837197
both,0.1,431,20260912,55,2,53,3,50,True,,ok,165.058,0.230757861018,15.9949160757,-0.8333088164,-0.478755337633,0.798459939357,0.93099137916,329.053163697,6.43648612422,-0.017465715089,-2.24296394861,0.130652437869,0.0424435105803,-0.0383497183705,-0.0548578195743,0.969481180469,-0.746379370878
both,0.1,432,20260912,55,2,53,4,49,True,,ok,165.058,0.256393545759,17.4164094089,-1.00184147038,-0.421091165685,0.898453709225,0.9922382967,334.888250466,7.27523848091,0.00816996965119,-0.821470615378,-0.0378802161088,0.100107682528,0.0616440514974,0.00638909796604,6.80456794997,0.0923729858032
both,0.1,433,20260912,55,2,53,7,46,True,,ok,165.058,0.239249761103,15.256847357,-0.621869986147,-0.581267957306,0.755820786179,0.953487020893,322.437725889,6.73268511992,-0.00897381500422,-2.98103266733,0.342091268123,-0.0600691090928,-0.0809888715487,-0.0323621778416,-5.64595662772,-0.450180375187
both,0.1,434,20260912,55,2,53,6,47,True,,ok,165.058,0.246225487173,16.0430272083,-0.777331113124,-0.530035088812,0.79957332941,0.95929906936,326.459705204,6.81140313092,-0.00199808893439,-2.194852816,0.186630141145,-0.00883624059869,-0.0372363283181,-0.0265501293743,-1.62397731276,-0.371462364187
both,0.1,435,20260912,55,2,53,3,50,True,,ok,165.058,0.20027503867,13.882007839,-0.855593826563,-0.490801565066,0.707519837215,0.861086811142,325.251225222,5.59668032179,-0.0479485374377,-4.35587218526,0.108367427706,0.030397283147,-0.129289820513,-0.124762387592,-2.83245729482,-1.58618517332
both,0.1,436,20260912,55,2,53,2,51,True,,ok,165.058,0.214032348013,15.1323036945,-0.946839210368,-0.416070669443,0.788410312288,0.891462631013,332.177880152,5.94722819851,-0.0341912280945,-3.10557632978,0.017122043901,0.10512817877,-0.0483993454394,-0.094386567721,4.09419763567,-1.23563729659
both,0.1,437,20260912,55,2,53,9,44,True,,ok,165.058,0.1927875243,11.7594513446,-0.59994689189,-0.283117750263,0.779860527608,0.829661438802,340.047260598,5.2557508527,-0.0554360518077,-6.47842867974,0.364014362379,0.23808109795,-0.0569491301198,-0.156187759932,11.963578082,-1.9271146424
both,0.1,438,20260912,55,2,53,4,49,True,,ok,165.058,0.206663623712,14.0383341938,-0.959821857733,-0.512424633962,0.71105087224,0.876454418897,324.221284182,5.7713662512,-0.0415599523953,-4.19954583047,0.00413939653637,0.00877421425146,-0.125758785488,-0.109394779837,-3.86239833405,-1.4114992439
both,0.1,439,20260912,55,2,53,3,50,True,,ok,165.058,0.219476320003,15.2129392409,-1.14591584862,-0.373887580257,0.82767099006,0.908202174881,335.689661983,6.14970645486,-0.0287472561049,-3.02494078336,-0.181954594347,0.147311267956,-0.00913866766738,-0.0776470238536,7.60597946652,-1.03315904025
both,0.1,440,20260912,55,2,53,3,50,True,,ok,165.058,0.273353779414,18.9474401496,-0.853300332892,-0.524924420723,0.910620542888,1.05108297513,330.038833119,8.18387659933,0.0251302033064,0.709560125308,0.110660921377,-0.00372557250949,0.0738108851598,0.0652337763917,1.95515060293,1.00101110423
both,0.1,441,20260912,55,2,53,3,50,True,,ok,165.058,0.186368098215,12.9180521824,-0.856547340344,-0.431290603195,0.698620319812,0.821024929986,328.311049608,5.16574772609,-0.0618554778928,-5.31982784192,0.107413913925,0.0899082450181,-0.138189337916,-0.164824268749,0.227367091754,-2.01711776901
both,0.1,442,20260912,55,2,53,8,45,True,,ok,165.058,0.207282787002,12.930973145,-0.651530436396,-0.607700976655,0.639963575685,0.88252697139,316.481246635,5.84188747724,-0.0409407891057,-5.3069068793,0.312430817873,-0.0865021284417,-0.196846082043,-0.103322227344,-11.6024358816,-1.34097801786
both,0.1,443,20260912,55,2,53,6,47,True,,ok,165.058,0.28001308886,18.244486608,-1.19246905679,-0.52609743987,0.919897495357,1.05971218649,330.234382404,8.32634323988,0.0317895127528,0.00660658365155,-0.228507802525,-0.00489859165713,0.0830878376295,0.0738629877591,2.15069988801,1.14347774478
both,0.1,444,20260912,55,2,53,3,50,True,,ok,165.058,0.215005378472,14.9030371893,-0.834020178681,-0.453612084665,0.771997970104,0.895402026577,329.56227312,5.99427024115,-0.0332181976354,-3.33484283499,0.129941075588,0.067586763548,-0.064811687624,-0.0904471721572,1.47859060309,-1.18859525396
both,0.1,445,20260912,55,2,53,7,46,True,,ok,165.058,0.230979162218,14.7294350655,-0.906612595645,-0.445769279493,0.820694908774,0.933943458582,331.490926235,6.47460056683,-0.017244413889,-3.5084449588,0.0573486586238,0.0754295687204,-0.0161147489536,-0.0519057401528,3.40724371839,-0.708264928268
both,0.1,446,20260912,55,2,53,4,49,True,,ok,165.058,0.328384018696,22.3066087566,-1.09013870962,-0.545050454811,1.02817662916,1.16371267031,332.071327335,10.2515133708,0.0801604425885,4.0687287323,-0.126177455347,-0.0238516065978,0.191366971432,0.177863471576,3.98764481828,3.06864787572
both,0.1,447,20260912,55,2,53,5,48,True,,ok,165.058,0.224981357389,14.970738581,-1.10314368129,-0.398936367689,0.821483612619,0.913228093779,334.097440105,6.21183403168,-0.0232422187188,-3.26714144326,-0.139182427018,0.122262480524,-0.0153260451089,-0.0726211049557,6.01375758807,-0.971031463419
both,0.1,448,20260912,55,2,53,2,51,True,,ok,165.058,0.199816483885,14.1272277083,-0.968705255069,-0.461742051264,0.713023684177,0.849475424072,327.073590496,5.46820740125,-0.048407092222,-4.11065231597,-0.00474400080019,0.0594567969488,-0.123785973551,-0.136373774662,-1.01009202097,-1.71465809385
both,0.1,449,20260912,55,2,53,2,51,True,,ok,165.058,0.249793063725,17.6606225002,-0.998089139824,-0.444789231544,0.877658208118,0.983931598626,333.124521177,7.15537052586,0.00156948761786,-0.57725752415,-0.0341278855546,0.0764096166693,0.0408485503904,-0.00191760010841,5.04083866026,-0.0274949692468
both,0.1,450,20260912,55,2,53,5,48,True,,ok,165.058,0.249697581049,16.6154087325,-1.0201924524,-0.584508066972,0.820081786664,1.00706693778,324.520870294,7.49423363054,0.00147400494118,-1.62247129184,-0.0562311981306,-0.0633092187593,-0.0167278710633,0.0212177390482,-3.56281222213,0.311368135439
both,0.1,451,20260912,55,2,53,4,49,True,,ok,165.058,0.24224298475,16.4551841052,-0.781619162809,-0.502610150898,0.828735775731,0.969236787252,328.764103154,6.94813705847,-0.00598059135756,-1.7826959191,0.18234209146,0.0185886973155,-0.00807388199631,-0.0166124114824,0.680420637154,-0.234728436633
both,0.1,452,20260912,55,2,53,2,51,True,,ok,165.058,0.217488559737,15.3766613625,-0.912465499111,-0.506064230932,0.749393899205,0.90426335876,325.96892031,6.10145164537,-0.0307350163708,-2.86121866178,0.0514957551581,0.0151346172812,-0.0874157585223,-0.0815858399748,-2.11476220617,-1.08141384973
both,0.1,453,20260912,55,2,53,6,47,True,,ok,165.058,0.188943384071,12.3107639517,-1.30359549313,-0.305774656838,0.751182045536,0.811031815837,337.850826277,5.06352880068,-0.0592801920359,-5.92711607257,-0.339634238857,0.215424191375,-0.0856276121921,-0.174817382897,9.76714376082,-2.11933669442
both,0.1,454,20260912,55,2,53,7,46,True,,ok,165.058,0.264382242564,16.8595341541,-1.19358249801,-0.544921924114,0.869765908892,1.02636866654,327.932213736,7.78919356792,0.0161586664563,-1.37834587017,-0.229621243738,-0.0237230759011,0.0329562511644,0.0405194678039,-0.151468780182,0.606328072821
both,0.1,455,20260912,55,2,53,1,52,True,,ok,165.058,0.230956868751,16.6490586502,-0.874114920346,-0.523152950046,0.79561596586,0.952204691373,326.673297773,6.71544020129,-0.0172667073568,-1.58882137414,0.0898463339232,-0.00195410183265,-0.0411936918676,-0.0336445073611,-1.41038474329,-0.467425293815
both,0.1,456,20260912,55,2,53,6,47,True,,ok,165.058,0.225211984315,14.6738748839,-0.867513810886,-0.402820143287,0.809770156342,0.904428976725,333.551952584,6.10347300014,-0.0230115917923,-3.56400514041,0.0964474433835,0.118378704926,-0.0270395013861,-0.0814202220095,5.46827006706,-1.07939249496
both,0.1,457,20260912,55,2,53,8,45,True,,ok,165.058,0.240834457169,15.0240352472,-0.941890906554,-0.471903485077,0.831572788043,0.956141308092,330.425822894,6.76852111465,-0.00738911893805,-3.21384477712,0.0220703477151,0.0492953631366,-0.00523686968512,-0.0297078906421,2.34214037756,-0.414344380457
both,0.1,458,20260912,55,2,53,7,46,True,,ok,165.058,0.165983770048,10.5847087649,-0.611331875579,-0.343699534527,0.676808060316,0.759077414064,333.077435932,4.56379643247,-0.0822398060597,-7.65317125939,0.352629378691,0.177499313687,-0.160001597412,-0.22677178467,4.99375341596,-2.61906906263
both,0.1,459,20260912,55,2,53,6,47,True,,ok,165.058,0.258411869362,16.8370411151,-0.748388981231,-0.44668351134,0.896256270766,1.00139975144,333.50887787,7.40977076466,0.010188293255,-1.40083890915,0.215572273038,0.0745153368733,0.0594466130385,0.015550552709,5.4251953531,0.226905269562
both,0.1,460,20260912,55,2,53,5,48,True,,ok,165.058,0.216165007827,14.3840799083,-0.917870634294,-0.555208839438,0.718241090423,0.907814474087,322.295553538,6.14493981098,-0.0320585682805,-3.85380011605,0.0460906199757,-0.0340099912246,-0.118568567304,-0.078034724647,-5.78812897855,-1.03792568412
both,0.1,461,20260912,55,2,53,6,47,True,,ok,165.058,0.175339833265,11.4244132404,-0.665887992405,-0.384005518091,0.693534933694,0.792748978036,331.027002885,4.88172165632,-0.0728837428422,-6.81346678394,0.298073261864,0.137193330123,-0.143274724034,-0.193100220698,2.9433203686,-2.30114383878
both,0.1,462,20260912,55,2,53,5,48,True,,ok,165.058,0.292455357835,19.4606022454,-1.21677251206,-0.542232734272,0.913684098594,1.06246645601,329.312667348,8.37233578614,0.0442317817279,1.22272222112,-0.25281125779,-0.0210338860586,0.0768744408663,0.0766172572724,1.22898483167,1.18947029103
both,0.1,463,20260912,55,2,53,2,51,True,,ok,165.058,0.210838350813,14.9064848588,-0.988659368232,-0.429368220937,0.777549703659,0.888223288825,331.092222339,5.90882252754,-0.0373852252942,-3.33139516545,-0.0246981139627,0.0918306272757,-0.0592599540688,-0.0976259099093,3.00853982288,-1.27404296756
both,0.1,464,20260912,55,2,53,7,46,True,,ok,165.058,0.207359029364,13.2231900442,-1.16929723601,-0.399207903329,0.773779527158,0.870690362143,332.709911094,5.70521531631,-0.0408645467435,-5.01468998011,-0.205335981743,0.121990944884,-0.0630301305698,-0.115158836591,4.62622857797,-1.47765017879
both,0.1,465,20260912,55,2,53,6,47,True,,ok,165.058,0.286663875572,18.6778241694,-0.848252353202,-0.358405155356,0.998817093143,1.06117380336,340.260510139,8.35071869756,0.0384402994651,0.439944145115,0.115708901067,0.162793692857,0.162007435416,0.0753246046273,12.1768276223,1.16785320246
both,0.1,466,20260912,55,2,53,6,47,True,,ok,165.058,0.168098584111,10.9526036055,-1.44901494506,-0.402769873293,0.673073477402,0.784379676441,329.103528337,4.80068853723,-0.0801249919963,-7.28527641883,-0.485053690787,0.11842897492,-0.163736180326,-0.201469522293,1.01984582019,-2.38217695787
both,0.1,467,20260912,55,2,53,4,49,True,,ok,165.058,0.188450315858,12.801132901,-1.19863233243,-0.423919655238,0.709234473017,0.826269575752,329.132631317,5.22021793751,-0.0597732602496,-5.43674712328,-0.234671078158,0.0972791929751,-0.12757518471,-0.159579622982,1.048948801,-1.96264755759
both,0.1,468,20260912,55,2,53,8,45,True,,ok,165.058,0.24887966845,15.5259216436,-1.363578451,-0.561450531478,0.796437851213,0.974443405305,324.817996906,7.02086767347,0.00065609234248,-2.71195838067,-0.399617196729,-0.0402516832649,-0.0403718065146,-0.0114057934295,-3.26568561069,-0.16199782163
both,0.1,469,20260912,55,2,53,2,51,True,,ok,165.058,0.219719250125,15.5343734313,-0.900987142281,-0.505627862478,0.762919209909,0.915262397437,326.465408464,6.23715902887,-0.0285043259828,-2.70350659296,0.0629741119887,0.0155709857354,-0.0738904478188,-0.0705868012974,-1.61827405269,-0.945706466229
both,0.1,470,20260912,55,2,53,8,45,True,,ok,165.058,0.31708554584,19.7808256886,-1.03580104933,-0.629611701508,0.946229812856,1.13655697324,326.360609421,9.70958892779,0.0688619697329,1.5429456643,-0.0718397950568,-0.108412853295,0.109420155128,0.150707774502,-1.72307309526,2.52672343269
both,0.1,471,20260912,55,2,53,6,47,True,,ok,165.058,0.286548153308,18.6702841886,-1.07249275377,-0.568867536737,0.913899678308,1.07648636608,328.099318265,8.61041685229,0.0383245772004,0.432404164338,-0.108531499501,-0.0476686885235,0.0770900205806,0.0906371673498,0.01563574867,1.42755135719
both,0.1,472,20260912,55,2,53,8,45,True,,ok,165.058,0.187132153278,11.6739111993,-0.633541103227,-0.420694776346,0.696538787618,0.813726230068,328.868906863,5.09088894214,-0.0610914228294,-6.56396882499,0.330420151042,0.100504071868,-0.14027087011,-0.172122968667,0.785224346051,-2.09197655296
both,0.1,473,20260912,55,2,53,6,47,True,,ok,165.058,0.253408318348,16.5110305709,-0.819493938494,-0.596516969159,0.798344891298,0.99658770811,323.233206158,7.33880054819,0.00518474224014,-1.72684945335,0.144467315775,-0.0753181209456,-0.0384647664298,0.0107385093756,-4.85047635886,0.155935053088
both,0.1,474,20260912,55,2,53,3,50,True,,ok,165.058,0.199042490302,13.7965740965,-0.770998032125,-0.506225389734,0.705207536982,0.868090902745,324.327744655,5.67563133416,-0.049181085805,-4.44130592783,0.192963222144,0.0149734584787,-0.131602120746,-0.11775829599,-3.75593786112,-1.50723416094
both,0.1,475,20260912,55,2,53,5,48,True,,ok,165.058,0.318632520511,21.2024863898,-0.858441513196,-0.69094072595,0.950281847405,1.17491900839,323.979463095,10.483871376,0.0704089444037,2.96460636549,0.105519741073,-0.169741877737,0.113472189678,0.189069809659,-4.10421942126,3.30100588091
both,0.1,476,20260912,55,2,53,10,43,True,,ok,165.058,0.220405409658,13.1385113925,-1.07564913978,-0.562582591551,0.722652521428,0.915819763404,322.099360571,6.2441156659,-0.0278181664498,-5.09936863185,-0.11168788551,-0.0413837433378,-0.1141571363,-0.0700294353301,-5.98432194502,-0.938749829206
both,0.1,477,20260912,55,2,53,5,48,True,,ok,165.058,0.265607584798,17.6740942596,-0.842118101335,-0.530039476249,0.872018298142,1.02046938155,328.707482138,7.69783224881,0.0173840086903,-0.563785764662,0.121843152934,-0.00884062803626,0.0352086404139,0.0346201828135,0.623799621282,0.514966753712
both,0.1,478,20260912,55,2,53,2,51,True,,ok,165.058,0.196515991779,13.8938795749,-0.916616390818,-0.449207690343,0.711807091242,0.841698808485,327.744769036,5.3838170797,-0.0517075843289,-4.34400044941,0.047344863451,0.0719911578703,-0.125002566486,-0.144150390249,-0.338913480027,-1.7990484154
both,0.1,479,20260912,55,2,53,6,47,True,,ok,165.058,0.235579703998,15.3493923166,-0.768795399094,-0.494598247933,0.800596030315,0.941053362257,328.292744601,6.56732584493,-0.0126438721098,-2.88848770773,0.195165855175,0.0266006002797,-0.0362136274126,-0.0447958364774,0.20906208457,-0.615539650176
both,0.1,480,20260912,55,2,53,7,46,True,,ok,165.058,0.327389786622,20.8774962938,-0.986040594246,-0.755893510751,0.895819319267,1.17212083522,319.842283296,10.4253638677,0.0791662105148,2.6396162695,-0.0220793399772,-0.234694662538,0.0590096615395,0.18627163649,-8.24139922093,3.24249837257
both,0.1,481,20260912,55,2,53,1,52,True,,ok,165.058,0.277634774625,20.0139431707,-0.967126162441,-0.584821797493,0.878990258132,1.05576531896,326.362840828,8.26087602262,0.0294111985177,1.7760631464,-0.0031649081717,-0.0636229492799,0.0421806004047,0.0699161202238,-1.72084168858,1.07801052752
both,0.1,482,20260912,55,2,53,9,44,True,,ok,165.058,0.166642855286,10.1647062266,-1.19540562049,-0.33606144483,0.681410013793,0.759774243838,333.748159441,4.5701612451,-0.081580720821,-8.0731737977,-0.231444366219,0.185137403383,-0.155399643935,-0.226074954897,5.66447692461,-2.61270425
both,0.1,483,20260912,55,2,53,5,48,True,,ok,165.058,0.271042790523,18.035764422,-1.0153438078,-0.501057652526,0.914164968629,1.04247607216,331.272667816,8.04420651149,0.0228192144157,-0.202115602328,-0.0513825535319,0.0201411956869,0.0773553109011,0.0566268734243,3.18898529903,0.86134101639
both,0.1,484,20260912,55,2,53,6,47,True,,ok,165.058,0.248261183943,16.1756647311,-0.924783471748,-0.515806967342,0.852005763443,0.995977232921,328.809155603,7.32984570471,3.76078353479e-05,-2.06221529321,0.0391777825214,0.00539188087151,0.0151961057149,0.010128034187,0.725473086643,0.146980209612
both,0.1,485,20260912,55,2,53,8,45,True,,ok,165.058,0.276854773575,17.2710995155,-0.853286541515,-0.764735191022,0.720980915248,1.05101541023,313.313129306,8.18277078849,0.0286311974674,-0.966780508784,0.110674712754,-0.243536342809,-0.11582874248,0.0651662114951,-14.7705532106,0.999905293389
both,0.1,486,20260912,55,2,53,5,48,True,,ok,165.058,0.232728134072,15.4862255971,-0.860012192007,-0.468755604848,0.82100803212,0.945402562871,330.275737262,6.62470025116,-0.015495442035,-2.75165442725,0.103949062262,0.0524432433654,-0.0158016256075,-0.0404466358638,2.19205474508,-0.55816524394
both,0.1,487,20260912,55,2,53,5,48,True,,ok,165.058,0.161850729271,10.7698921599,-0.751710382966,-0.44457605334,0.604512621341,0.750388816924,323.668161852,4.48517553887,-0.0863728468362,-7.46798786437,0.212250871303,0.0766227948729,-0.232297036387,-0.235460381811,-4.415520664,-2.69768995623
both,0.1,488,20260912,55,2,53,2,51,True,,ok,165.058,0.249451759804,17.6364919674,-0.897556475283,-0.524499757296,0.823431434005,0.976288544392,327.504153794,7.0468244927,0.00122818369658,-0.601388056927,0.066404778986,-0.00330090908339,-0.0133782237232,-0.00956065434245,-0.579528722888,-0.136041002406
both,0.1,489,20260912,55,2,53,5,48,True,,ok,165.058,0.22965024209,15.2814161107,-0.87875058651,-0.57679566471,0.762384570734,0.955993447949,322.89002174,6.76651982157,-0.0185733340172,-2.9564639136,0.0852106677593,-0.0555968164972,-0.0744250869935,-0.0298557507849,-5.19366077607,-0.416345673528
both,0.1,490,20260912,55,2,53,5,48,True,,ok,165.058,0.211203434625,14.0539262625,-1.36090328126,-0.443989109258,0.759609146154,0.87984793235,329.693851106,5.8106698958,-0.0370201414828,-4.18395376177,-0.396942026992,0.0772097389553,-0.077200511574,-0.106001266385,1.61016858941,-1.3721955993
both,0.1,491,20260912,55,2,53,8,45,True,,ok,165.058,0.216733929825,13.5205661151,-0.911396074382,-0.539177784989,0.71721786042,0.897281529471,323.065512408,6.01684514068,-0.0314896462822,-4.7173139092,0.0525651798877,-0.0179789367756,-0.119591797308,-0.0885676692631,-5.01817010868,-1.16602035442
both,0.1,492,20260912,55,2,53,3,50,True,,ok,165.058,0.263278950999,18.2491062586,-0.894026901913,-0.541319804815,0.871942638523,1.02630945429,328.167144693,7.78827119117,0.0150553748914,0.0112262342593,0.0699343523561,-0.0201209566016,0.0351329807951,0.0404602555527,0.0834621763877,0.605405696067
both,0.1,493,20260912,55,2,53,4,49,True,,ok,165.058,0.273376392462,18.5700274153,-1.10363140188,-0.572615805946,0.871459564071,1.04275147232,326.69201513,8.04863848352,0.0251528163542,0.332147391011,-0.139670147608,-0.0514169577333,0.0346499063431,0.0569022735879,-1.39166738618,0.865772988423
both,0.1,494,20260912,55,2,53,9,44,True,,ok,165.058,0.266067753106,16.2293219355,-1.52134992028,-0.505876041977,0.865624828411,1.00260506353,329.697743497,7.42765448393,0.0178441769986,-2.0085580888,-0.557388666012,0.0153228062362,0.0288151706835,0.0167558647918,1.61406098026,0.244788988831
both,0.1,495,20260912,55,2,53,5,48,True,,ok,165.058,0.193963524635,12.9067459423,-1.43618780318,-0.422966426656,0.734340231883,0.847440956197,330.058851136,5.44600282181,-0.0542600514726,-5.33113408202,-0.472226548911,0.0982324215567,-0.102469425845,-0.138408242537,1.97516861926,-1.73686267329
both,0.1,496,20260912,55,2,53,7,46,True,,ok,165.058,0.346085834772,22.0697346956,-1.25697676931,-0.755447628313,0.934145002085,1.20138586809,321.037362621,11.0537720994,0.0978622586648,3.83185467128,-0.293015515042,-0.234248780099,0.0973353443568,0.215536669354,-7.04631989552,3.87090660434
both,0.1,497,20260912,55,2,53,9,44,True,,ok,165.058,0.367951165685,22.4438995509,-1.09438988752,-0.719967924083,0.996428258697,1.22931813882,324.150056198,11.6888603058,0.119727589578,4.20601952659,-0.13042863325,-0.19876907587,0.15961860097,0.243468940088,-3.93362631864,4.50599481073
both,0.1,498,20260912,55,2,53,2,51,True,,ok,165.058,0.314443488161,22.231472961,-1.04699616694,-0.667016569838,0.927140604718,1.14214745342,324.267472189,9.81876064177,0.0662199120537,3.99359293666,-0.0830349126675,-0.145817721625,0.0903309469906,0.156298254687,-3.81621032781,2.63589514667
both,0.1,499,20260912,55,2,53,4,49,True,,ok,165.058,0.328183577593,22.2929931084,-1.03035996062,-0.716838625221,0.942960767987,1.18449678116,322.757908854,10.6866314413,0.0799600014853,4.05511308412,-0.0663987063474,-0.195639777008,0.106151110259,0.198647582423,-5.32577366259,3.50376594624
both,0.1,500,20260912,55,2,53,4,49,True,,ok,165.058,0.300132971686,20.3875596655,-1.14085251638,-0.608169823687,0.924023877706,1.10620552386,326.64806929,9.13772133706,0.0519093955785,2.14967964119,-0.176891262115,-0.0869709754737,0.0872142199782,0.120356325124,-1.43561322602,1.95485584195
both,0.2,1,20260912,55,2,53,8,45,True,,ok,165.058,0.151618702209,9.45846683607,-0.574238569631,-0.392401409759,0.613506982878,0.728264844971,327.396863295,4.29104241217,-0.0966048738983,-8.77941318823,0.389722684638,0.128797438454,-0.223302674849,-0.257584353763,-0.686819221828,-2.89182308293
both,0.2,2,20260912,55,2,53,11,42,True,,ok,165.058,0.193499952398,11.2664115012,-0.984473393356,-0.455183535436,0.684659094333,0.822161861427,326.382753451,5.17750729286,-0.0547236237093,-6.97146852307,-0.0205121390872,0.0660153127772,-0.152150563395,-0.163687337308,-1.70092906551,-2.00535820225
both,0.2,3,20260912,55,2,53,10,43,True,,ok,165.058,0.256702618885,15.3022119009,-2.12855379468,-0.604698280137,0.79296649139,0.99722408037,322.671677412,7.34814691287,0.00847904277767,-2.93566812336,-1.16459254041,-0.0834994319242,-0.0438431663373,0.0113748816354,-5.41200510401,0.16528141777
both,0.2,4,20260912,55,2,53,12,41,True,,ok,165.058,0.338196957916,19.222461964,-0.935612122434,-0.649660047824,0.96830482443,1.16604991778,326.141346475,10.2995461953,0.0899733818087,0.984581939687,0.0283491318348,-0.128461199611,0.131495166703,0.180200719045,-1.9423360418,3.11668070023
both,0.2,5,20260912,55,2,53,13,40,True,,ok,165.058,0.297205567592,16.4805760978,-1.78235037748,-0.71541366714,0.807479543298,1.07881413041,318.459581996,8.6505963505,0.0489819914843,-1.75730392647,-0.818389123213,-0.194214818927,-0.0293301144301,0.0929649316768,-9.62410052065,1.4677308554
both,0.2,6,20260912,55,2,53,14,39,True,,ok,165.058,0.196488650918,10.6232532429,-1.54978072176,-0.228213568988,0.794303172928,0.826437513423,343.969957404,5.22197157449,-0.0517349251894,-7.61462678142,-0.585819467486,0.292985279226,-0.0425064847998,-0.159411685311,15.8862748875,-1.96089392062
both,0.2,7,20260912,55,2,53,19,34,True,,ok,165.058,0.231130213831,10.894093412,-1.70083473791,-0.163104675388,0.886034776631,0.900922172295,349.569545715,6.06081539458,-0.0170933622765,-7.34378661228,-0.736873483636,0.358094172825,0.0492251189035,-0.0849270264389,21.4858631985,-1.12205010052
both,0.2,8,20260912,55,2,53,6,47,True,,ok,165.058,0.173657274659,11.3147847294,-0.864762748278,-0.417522213019,0.6723828134,0.791469169405,328.161411058,4.86924229531,-0.0745663014489,-6.92309529485,0.0991985059914,0.103676635194,-0.164426844328,-0.194380029329,0.0777285410497,-2.31362319979
both,0.2,9,20260912,55,2,53,12,41,True,,ok,165.058,0.313248276003,17.8044270648,-1.24213605454,-0.586565405181,0.936710834926,1.10520865126,327.945329987,9.11952119831,0.0650246998956,-0.433452959504,-0.27817480027,-0.065366556968,0.0999011771981,0.119359452527,-0.1383525296,1.93665570321
both,0.2,10,20260912,55,2,53,9,44,True,,ok,165.058,0.175226619092,10.6882896544,-1.25193909134,-0.257956631085,0.727273167155,0.771665655051,340.470905216,4.68015537939,-0.0729969570159,-7.54959036985,-0.287977837069,0.263242217128,-0.109536490572,-0.214183543683,12.3872226995,-2.50271011572
both,0.2,11,20260912,55,2,53,9,44,True,,ok,165.058,0.267928314488,16.3428105086,-0.913481864417,-0.569042640699,0.867747136308,1.03768714915,326.744334802,7.96752813317,0.0197047383808,-1.89506951569,0.050479389852,-0.0478437924861,0.03093747858,0.0518379504124,-1.33934771477,0.784662638064
both,0.2,12,20260912,55,2,53,10,43,True,,ok,165.058,0.336327205356,20.0486858559,-0.842481012559,-0.429248917629,1.07844567008,1.16073239663,338.296181313,10.1905904872,0.0881036292491,1.81080583161,0.121480241711,0.091949930584,0.24163601235,0.1748831979,10.2124987967,3.00772499209
both,0.2,13,20260912,55,2,53,11,42,True,,ok,165.058,0.382138185848,22.2497525128,-1.02232454227,-0.677163553865,1.07595997273,1.27131441493,327.815430063,12.7130475199,0.133914609741,4.01187248853,-0.0583632880042,-0.155964705652,0.239150315006,0.285465216196,-0.268252453308,5.53018202481
both,0.2,14,20260912,55,2,53,9,44,True,,ok,165.058,0.334474168996,20.4019047944,-1.42676611746,-0.780626596954,0.876180128555,1.17348604659,318.300780924,10.4538684152,0.0862505928881,2.16402477012,-0.462804863191,-0.259427748741,0.0393704708275,0.187636847858,-9.78290159201,3.27100292012
both,0.2,15,20260912,55,2,53,19,34,True,,ok,165.058,0.129712042633,6.11384849123,-1.12793085183,-0.312667180619,0.590106387728,0.667822068124,332.08317256,3.80244445005,-0.118511533474,-12.1240315331,-0.163969597558,0.208531667595,-0.24670327,-0.31802713061,3.99949004379,-3.38042104505
both,0.2,16,20260912,55,2,53,7,46,True,,ok,165.058,0.167099951645,10.6558871526,-0.851622485061,-0.230494702409,0.72343246104,0.759264337056,342.327465301,4.5655029084,-0.0811236244624,-7.58199287169,0.112338769209,0.290704145804,-0.113377196688,-0.226584861678,14.2437827843,-2.61736258671
both,0.2,17,20260912,55,2,53,11,42,True,,ok,165.058,0.247612375557,14.4170728791,-0.949474083508,-0.551887790201,0.797689450685,0.969994119935,325.322269428,6.9586691353,-0.000611200550819,-3.82080714524,0.0144871707615,-0.0306889419881,-0.0391202070424,-0.0158550787997,-2.76141308851,-0.224196359804
both,0.2,18,20260912,55,2,53,13,40,True,,ok,165.058,0.259905105567,14.412199291,-0.661797981018,-0.606827741491,0.778830575673,0.987328199459,322.07597412,7.20414387687,0.0116815294598,-3.82568073334,0.302163273251,-0.085628893278,-0.0579790820547,0.0014790007244,-6.00770839659,0.021278381768
both,0.2,19,20260912,55,2,53,9,44,True,,ok,165.058,0.270635741706,16.5079553163,-0.743710124633,-0.545773002936,0.844227525925,1.00528020286,327.118293475,7.46750100522,0.0224121655983,-1.72992470796,0.220251129637,-0.0245741547226,0.0074178681972,0.019431004126,-0.965389041439,0.284635510117
both,0.2,20,20260912,55,2,53,13,40,True,,ok,165.058,0.227371583392,12.6081577574,-0.688073116641,-0.373855332725,0.81387835898,0.895637087789,335.3282975,5.99708894452,-0.0208519927154,-5.62972226689,0.275888137629,0.147343515488,-0.0229312987477,-0.0902121109453,7.24461498392,-1.18577655059
both,0.2,21,20260912,55,2,53,9,44,True,,ok,165.058,0.245177772286,14.9550967804,-0.89016428069,-0.521091963934,0.788570727557,0.94518814383,326.543048112,6.62185993648,-0.00304580382191,-3.28278324388,0.0737969735793,0.000106884279264,-0.0482389301707,-0.0406610549046,-1.54063440485,-0.561005558626
both,0.2,22,20260912,55,2,53,9,44,True,,ok,165.058,0.301287157327,18.3775982403,-0.918182873394,-0.722093566827,0.837591464671,1.10588361998,319.23514067,9.13184029454,0.0530635812192,0.139718216005,0.0457783808757,-0.200894718614,0.000781806942855,0.120034421247,-8.84854184638,1.94897479944
both,0.2,23,20260912,55,2,53,7,46,True,,ok,165.058,0.233832023774,14.9113607363,-1.28633415184,-0.498801900237,0.784199386276,0.929393357581,327.540981963,6.41594767516,-0.0143915523335,-3.32651928798,-0.322372897573,0.0223969479762,-0.0526102714514,-0.0564558411531,-0.542700553978,-0.766917819946
both,0.2,24,20260912,55,2,53,13,40,True,,ok,165.058,0.271835379508,15.0737541506,-0.869606371253,-0.487060539518,0.936352809705,1.05545466667,332.518003016,8.25574509667,0.0236118034007,-3.1641258737,0.0943548830167,0.0341383086952,0.0995431519777,0.0696054679372,4.43432049945,1.07287960156
both,0.2,25,20260912,55,2,53,15,38,True,,ok,165.058,0.299703518151,15.7881372944,-0.948715367682,-0.613106584413,0.907125706126,1.09488662909,325.94609258,8.93318735794,0.0514799420431,-2.44974272995,0.0152458865875,-0.0919077362004,0.0703160483986,0.109037430359,-2.13758993642,1.75032186283
both,0.2,26,20260912,55,2,53,12,41,True,,ok,165.058,0.343659481058,19.5329412302,-1.20479211975,-0.659021618083,1.0137068098,1.20909511178,326.971674888,11.2255252294,0.0954359049503,1.29506120586,-0.240830865481,-0.13782276987,0.176897152075,0.22324591305,-1.11200762824,4.04265973428
both,0.2,27,20260912,55,2,53,15,38,True,,ok,165.058,0.272902564844,14.3762848976,-0.749023534853,-0.572366199005,0.847797471811,1.02291916541,325.97587257,7.73564084658,0.0246789887362,-3.86159512674,0.214937719416,-0.0511673507922,0.0109878140834,0.0370699666806,-2.10780994684,0.552775351479
both,0.2,28,20260912,55,2,53,10,43,True,,ok,165.058,0.265071110827,15.8010632081,-0.914740259803,-0.381822235122,0.908040118394,0.985050798612,337.193709421,7.17140504618,0.0168475347199,-2.43681681617,0.0492209944664,0.139376613091,0.0712304606658,-0.000798400122426,9.11002690497,-0.0114604489224
both,0.2,29,20260912,55,2,53,16,37,True,,ok,165.058,0.0898612262454,4.60924211541,-0.707256988627,-0.375559370084,0.378445655822,0.533165973097,315.219323715,2.90470531981,-0.158362349862,-13.6286379089,0.256704265642,0.145639478129,-0.458364001905,-0.452683225637,-12.8643588013,-4.27816017529
both,0.2,30,20260912,55,2,53,9,44,True,,ok,165.058,0.186205509111,11.3579684808,-1.1825932397,-0.532846035452,0.642846046583,0.834970620504,320.345142679,5.31185566873,-0.0620180669962,-6.87991154352,-0.218631985429,-0.0116471872391,-0.193963611144,-0.15087857823,-7.73853983705,-1.87100982637
both,0.2,31,20260912,55,2,53,12,41,True,,ok,165.058,0.161173021765,9.16076330073,-1.08477353271,-0.448506042145,0.592800139106,0.743350304207,322.889252882,4.42247992792,-0.0870505543426,-9.07711672357,-0.120812278436,0.0726928060682,-0.244009518622,-0.242498894527,-5.19442963496,-2.76038556718
both,0.2,32,20260912,55,2,53,15,38,True,,ok,165.058,0.285014772371,15.0143461274,-1.20114558079,-0.716026422725,0.763933611633,1.04703791766,316.85405114,8.11793519353,0.0367911962632,-3.22353389692,-0.237184326524,-0.194827574512,-0.0728760460943,0.0611887189287,-11.2296313762,0.935069698426
both,0.2,33,20260912,55,2,53,12,41,True,,ok,165.058,0.27522784319,15.6434190886,-1.07419360384,-0.602600066868,0.872471259879,1.06034567001,325.367866298,8.3368991278,0.0270042670829,-2.59446093574,-0.110232349569,-0.081401218655,0.0356616021509,0.0744964712732,-2.71581621799,1.1540336327
both,0.2,34,20260912,55,2,53,11,42,True,,ok,165.058,0.118950534634,6.92581912746,-0.369913270368,-0.269610968924,0.563983361014,0.625113834485,334.449974056,3.49113769071,-0.129273041473,-11.3120608968,0.594047983901,0.251587879289,-0.272826296714,-0.360735364249,6.36629153952,-3.69172780439
both,0.2,35,20260912,55,2,53,10,43,True,,ok,165.058,0.231174039849,13.7804365189,-1.19661718059,-0.265338333958,0.889844953603,0.928562584278,343.396213657,6.40529613053,-0.017049536258,-4.45744350544,-0.232655926321,0.255860514255,0.0530352958752,-0.0572866144568,15.3125311409,-0.77756936457
both,0.2,36,20260912,55,2,53,6,47,True,,ok,165.058,0.268434719377,17.4900882766,-1.23035423636,-0.51568424298,0.886651232395,1.02570982562,329.817336521,7.77893664813,0.0202111432693,-0.747791747666,-0.266392982093,0.00551460523331,0.0498415746668,0.0398606268813,1.73365400431,0.596071153031
both,0.2,37,20260912,55,2,53,11,42,True,,ok,165.058,0.150876765353,8.78470357938,-1.26118638049,-0.508242673307,0.531991534852,0.735748332057,316.307852777,4.3557493588,-0.0973468107544,-9.45317644492,-0.297225126225,0.0129561749061,-0.304818122876,-0.250100866678,-11.7758297396,-2.8271161363
both,0.2,38,20260912,55,2,53,12,41,True,,ok,165.058,0.219275914764,12.4632195308,-1.23495380626,-0.203289431458,0.853118268159,0.87700477331,346.596950004,5.77772234243,-0.0289476613436,-5.77466049347,-0.270992551993,0.317909416755,0.0163086104308,-0.108844425425,18.5132674871,-1.40514315267
both,0.2,39,20260912,55,2,53,8,45,True,,ok,165.058,0.335765244856,20.9461259521,-1.02650205387,-0.615939045093,1.03643837037,1.2056472962,329.27764919,11.1483844208,0.0875416687481,2.70824592785,-0.0625407996012,-0.0947401968795,0.199628712643,0.219798097471,1.19396667341,3.96551892567
both,0.2,40,20260912,55,2,53,5,48,True,,ok,165.058,0.21388998637,14.2326951362,-0.956822633626,-0.625985182773,0.654611525966,0.905744831053,316.280571411,6.11955671741,-0.0343335897377,-4.00518488809,0.00713862064284,-0.10478633456,-0.182198131762,-0.0801043676815,-11.8031111059,-1.06330877769
both,0.2,41,20260912,55,2,53,9,44,True,,ok,165.058,0.2777646382,16.9427962728,-0.900814704213,-0.584508274171,0.876063756707,1.05315603231,326.288848584,8.21787832648,0.0295410620924,-1.29508375148,0.0631465500566,-0.0633094259579,0.0392540989789,0.0673068335749,-1.79483393207,1.03501283138
both,0.2,42,20260912,55,2,53,14,39,True,,ok,165.058,0.240990727997,13.0292794049,-1.06733233081,-0.562674347918,0.742316152846,0.931469641255,322.837936196,6.44264572434,-0.00723284810999,-5.2086006194,-0.103371076537,-0.041475499705,-0.0944935048821,-0.0543795574789,-5.24574632069,-0.740219770762
both,0.2,43,20260912,55,2,53,13,40,True,,ok,165.058,0.245519522054,13.6144931587,-1.25169347974,-0.495766765539,0.86090735091,0.993451635795,330.063848102,7.29291458188,-0.00270405405343,-4.62338686557,-0.287732225469,0.0254320826739,0.0240976931821,0.00760243706071,1.9801655859,0.110049086777
both,0.2,44,20260912,55,2,53,16,37,True,,ok,165.058,0.308203563673,15.8086519087,-1.00969976134,-0.378505530774,1.01375518683,1.0821118314,339.525888719,8.70783907267,0.0599799875653,-2.42922811563,-0.045738507067,0.142693317439,0.176945529105,0.0962626326659,11.442206203,1.52497357757
both,0.2,45,20260912,55,2,53,10,43,True,,ok,165.058,0.234247925305,13.963672852,-1.59268531139,-0.548590605221,0.732652898678,0.915276964683,323.175127285,6.23734074798,-0.0139756508027,-4.27420717228,-0.628724057122,-0.0273917570083,-0.104156759049,-0.0705722340514,-4.90855523169,-0.945524747121
both,0.2,46,20260912,55,2,53,13,40,True,,ok,165.058,0.273039356951,15.1405168362,-0.883758760101,-0.365234542971,0.95611225828,1.02349739707,339.093160872,7.74459200628,0.0248157808431,-3.09736318813,0.0802024941685,0.155964305242,0.119302600552,0.0376481983377,11.0094783555,0.561726511175
both,0.2,47,20260912,55,2,53,10,43,True,,ok,165.058,0.263784456367,15.7243648897,-1.26885075506,-0.263525536403,0.942875579432,0.979009737758,344.384783681,7.08528058837,0.0155608802591,-2.51351513458,-0.304889500788,0.25767331181,0.106065921704,-0.00683946097618,16.3011011646,-0.0975849067288
both,0.2,48,20260912,55,2,53,14,39,True,,ok,165.058,0.324980806194,17.5702433048,-1.14704626131,-0.617920884981,0.966063835129,1.14678051677,327.395905096,9.91016535166,0.0767572300863,-0.667636719459,-0.183085007042,-0.0967220367675,0.129254177402,0.160931318034,-0.687777420356,2.72729985656
both,0.2,49,20260912,55,2,53,10,43,True,,ok,165.058,0.312198276739,18.6103445556,-1.39860679428,-0.66566430627,0.908668705363,1.12640480501,323.7745777,9.51443015677,0.0639747006317,0.372464531274,-0.434645540013,-0.144465458057,0.0718590476352,0.140555606275,-4.30910481656,2.33156466167
both,0.2,50,20260912,55,2,53,11,42,True,,ok,165.058,0.230117015972,13.3984167089,-1.14621814637,-0.495354971698,0.788350455579,0.931060142417,327.857062129,6.43737137259,-0.0181065601351,-4.83946331542,-0.182256892102,0.0258438765155,-0.0484592021487,-0.0547890563175,-0.226620387683,-0.74549412251
both,0.2,51,20260912,55,2,53,13,40,True,,ok,165.058,0.305997875798,16.9681251893,-2.18536971036,-0.632343143584,0.892486542561,1.0937961784,324.681726048,8.91372618647,0.0577742996906,-1.26975483496,-1.22140845609,-0.111144295371,0.0556768848328,0.107946979669,-3.40195646817,1.73086069137
both,0.2,52,20260912,55,2,53,11,42,True,,ok,165.058,0.215691768174,12.5585158423,-0.883685177379,-0.483981781785,0.725059470556,0.871750882387,326.276639278,5.71732915141,-0.0325318079336,-5.67936418201,0.0802760768907,0.0372170664278,-0.111750187172,-0.114098316347,-1.80704323887,-1.46553634369
both,0.2,53,20260912,55,2,53,12,41,True,,ok,165.058,0.344585877593,19.5855958202,-1.30578020177,-0.697550362854,0.959678226208,1.18640583553,323.988149255,10.7275121561,0.0963623014855,1.34771579587,-0.341818947499,-0.176351514641,0.12286856848,0.200556636794,-4.09553326108,3.54464666102
both,0.2,54,20260912,55,2,53,13,40,True,,ok,165.058,0.310886265461,17.2391950703,-1.15617338631,-0.802500660592,0.761350305667,1.10619238751,313.4926967,9.13748126767,0.0626626893539,-0.998684953956,-0.192212132046,-0.281301812379,-0.0754593520609,0.120343188777,-14.5909858168,1.95461577256
both,0.2,55,20260912,55,2,53,14,39,True,,ok,165.058,0.442417339142,23.9195058381,-1.31209877151,-0.751802255164,1.17609768601,1.39585543589,327.411881551,16.3088983807,0.194193763035,5.68162581376,-0.348137517242,-0.230603406951,0.339288028281,0.410006237156,-0.671800965167,9.12603288556
both,0.2,56,20260912,55,2,53,7,46,True,,ok,165.058,0.188317528388,12.0089222744,-1.22084380373,-0.477435869774,0.665460993282,0.819013640501,324.342401612,5.14500983579,-0.0599060477195,-6.2289577499,-0.25688254946,0.0437629784387,-0.171348664446,-0.166835558233,-3.74128090431,-2.03785565931
both,0.2,57,20260912,55,2,53,7,46,True,,ok,165.058,0.304278793431,19.403718875,-1.04822994689,-0.581327013713,0.961357916733,1.12345455669,328.838913522,9.45845559478,0.0560552173241,1.16583885065,-0.0842686926221,-0.0601281654994,0.124548259005,0.137605357951,0.755231005767,2.27559009968
both,0.2,58,20260912,55,2,53,11,42,True,,ok,165.058,0.170001564307,9.89823281918,-0.846276001446,-0.386738809078,0.655796220508,0.761338025636,329.471124369,4.58447709023,-0.0782220118003,-8.33964720512,0.117685252824,0.134460039135,-0.18101343722,-0.224511173098,1.38744185295,-2.59838840487
both,0.2,59,20260912,55,2,53,13,40,True,,ok,165.058,0.362393252845,20.0953489171,-1.37085238056,-0.834335025696,0.903759444144,1.22999840162,317.287339882,11.7047741225,0.114169676737,1.85746889276,-0.406891126293,-0.313136177483,0.0669497864162,0.244149202884,-10.796342634,4.52190862742
both,0.2,60,20260912,55,2,53,11,42,True,,ok,165.058,0.299258851294,17.4241560387,-1.04234630217,-0.694486469705,0.849235191902,1.09704688495,320.724430438,8.97186679579,0.0510352751862,-0.813723985633,-0.0783850479008,-0.173287621492,0.0124255341741,0.111197686211,-7.35925207834,1.78900130069
both,0.2,61,20260912,55,2,53,10,43,True,,ok,165.058,0.212393521832,12.6609174911,-0.977819040346,-0.393134873821,0.779533330818,0.873056265581,333.237240382,5.7322752641,-0.0358300542758,-5.5769625332,-0.013857786077,0.128063974392,-0.0572763269101,-0.112792933153,5.1535578659,-1.450590231
both,0.2,62,20260912,55,2,53,14,39,True,,ok,165.058,0.20833063052,11.2634955552,-1.1582284969,-0.353400093909,0.799007363955,0.873672933099,336.1402452,5.73934944154,-0.0398929455875,-6.97438446911,-0.194267242631,0.167798754304,-0.0378022937724,-0.112176265635,8.05656268353,-1.44351605356
both,0.2,63,20260912,55,2,53,15,38,True,,ok,165.058,0.358981299704,18.910842558,-0.974937101394,-0.626754977177,1.04012798008,1.21436733173,328.927889554,11.3445183608,0.110757723596,0.672962533711,-0.0109758471244,-0.105556128964,0.203318322355,0.228518132994,0.844207037327,4.16165286569
both,0.2,64,20260912,55,2,53,10,43,True,,ok,165.058,0.229136916719,13.6590022696,-1.31252826144,-0.537018722595,0.768020058116,0.937146689737,325.037797287,6.51621300328,-0.0190866593881,-4.57887775469,-0.34856700717,-0.0158198743822,-0.0687895996122,-0.048702508997,-3.04588522939,-0.666652491824
both,0.2,65,20260912,55,2,53,8,45,True,,ok,165.058,0.290709799362,18.135421001,-0.808488011327,-0.438329715817,0.980872999395,1.07435784574,335.921224265,8.57383986757,0.0424862232542,-0.102459023321,0.155473242942,0.0828691323958,0.144063341667,0.0885086470094,7.83754174877,1.39097437247
both,0.2,66,20260912,55,2,53,10,43,True,,ok,165.058,0.271119319502,16.1616009041,-0.668204175549,-0.446160724803,0.929898240924,1.03139232634,334.368531199,7.86784855938,0.0228957433947,-2.07627912019,0.29575707872,0.0750381234104,0.0930885831966,0.0455431276045,6.28484868293,0.684983064278
both,0.2,67,20260912,55,2,53,11,42,True,,ok,165.058,0.207860080148,12.1025207945,-0.705403686076,-0.397318119152,0.778541704648,0.87406457066,332.963127657,5.74384669224,-0.0403634959592,-6.13535922982,0.258557568193,0.123880729061,-0.0582679530798,-0.111784628074,4.87944514081,-1.43901880286
both,0.2,68,20260912,55,2,53,6,47,True,,ok,165.058,0.252419781333,16.4466216163,-0.845408309749,-0.388849122752,0.893984319118,0.974890559547,336.492795169,7.02714930344,0.00419620522525,-1.79125840796,0.11855294452,0.132349725461,0.0571746613901,-0.0109586391876,8.40911265293,-0.155716191666
both,0.2,69,20260912,55,2,53,16,37,True,,ok,165.058,0.249883307181,12.8172373283,-1.44733410624,-0.50430837407,0.795824170262,0.942158715998,327.637842369,6.58186034115,0.00165973107351,-5.42064269603,-0.483372851966,0.0168904741427,-0.0409854874654,-0.0436904827361,-0.445840147704,-0.60100515395
both,0.2,70,20260912,55,2,53,13,40,True,,ok,165.058,0.178380857604,9.8915350811,-0.91728619166,-0.426005672831,0.65861606073,0.784382527046,327.104425927,4.80071590704,-0.0698427185038,-8.3463449432,0.0466750626094,0.0951931753824,-0.178193596998,-0.201466671688,-0.979256589004,-2.38214958807
both,0.2,71,20260912,55,2,53,12,41,True,,ok,165.058,0.289095634631,16.4316375726,-1.21034444868,-0.704453425677,0.836138169729,1.09333511232,319.885580961,8.90551034142,0.0408720585234,-1.80624245166,-0.246383194413,-0.183254577464,-0.000671487998287,0.107485913584,-8.19810155513,1.72264484632
both,0.2,72,20260912,55,2,53,11,42,True,,ok,165.058,0.23132215737,13.4685852993,-1.23420577491,-0.491348709762,0.798270740324,0.937368513148,328.38702256,6.51910454183,-0.0169014187372,-4.76929472499,-0.270244520636,0.0298501384514,-0.038538917404,-0.0484806855862,0.303340043486,-0.663760953273
both,0.2,73,20260912,55,2,53,14,39,True,,ok,165.058,0.266082871777,14.3858982047,-0.882251887845,-0.395287033321,0.912043055736,0.994019302745,336.567690904,7.30119917703,0.0178592956701,-3.85198181961,0.0817093664242,0.125911814892,0.0752333980085,0.00817010401017,8.484008388,0.118333681925
both,0.2,74,20260912,55,2,53,10,43,True,,ok,165.058,0.157178643978,9.36952231694,-1.13747667683,-0.533953399862,0.524604285376,0.748542510121,314.493980458,4.46864405963,-0.091044932129,-8.86835770736,-0.173515422566,-0.0127545516485,-0.312205372352,-0.237306688613,-13.5897020584,-2.71422143548
both,0.2,75,20260912,55,2,53,13,40,True,,ok,165.058,0.174897164236,9.69835810223,-0.309110372373,-0.296020120025,0.711453100504,0.770579928156,337.40887041,4.67000366423,-0.0733264118718,-8.53952192207,0.654850881897,0.225178728188,-0.125356557224,-0.215269270579,9.32518789365,-2.51286183088
both,0.2,76,20260912,55,2,53,15,38,True,,ok,165.058,0.158064164519,8.32669147878,-1.26800625965,-0.211921376567,0.691687641185,0.723424123744,342.965822826,4.24969938498,-0.0901594115883,-9.91118854552,-0.304045005383,0.309277471646,-0.145122016542,-0.26242507499,14.8821403096,-2.93316611013
both,0.2,77,20260912,55,2,53,14,39,True,,ok,165.058,0.313347647794,16.9412910111,-1.42371398495,-0.510421912184,0.996448134004,1.11957108403,332.876599565,9.38527684303,0.0651240716869,-1.29658901321,-0.459752730681,0.0107769360293,0.159638476277,0.133721885297,4.79291704817,2.20241134793
both,0.2,78,20260912,55,2,53,8,45,True,,ok,165.058,0.196268605502,12.2438727483,-1.28837809352,-0.399512512757,0.754220390453,0.853497888236,332.089714234,5.51237616694,-0.0519549706052,-5.99400727603,-0.324416839251,0.121686335456,-0.082589267275,-0.132351310498,4.00603171774,-1.67048932817
both,0.2,79,20260912,55,2,53,10,43,True,,ok,165.058,0.178908512932,10.6648540933,-1.03558764856,-0.500661338786,0.623445692409,0.799591337833,321.233610987,4.94898584438,-0.0693150631753,-7.57302593103,-0.0716263942872,0.0205375094269,-0.213363965319,-0.186257860901,-6.85007152952,-2.23387965072
both,0.2,80,20260912,55,2,53,5,48,True,,ok,165.058,0.221890827689,14.765088154,-0.84290400947,-0.389445601058,0.816761716136,0.904857766242,334.507415662,6.10870945564,-0.0263327484188,-3.47279187027,0.121057244799,0.131753247155,-0.020047941592,-0.0809914324924,6.42373314549,-1.07415603946
both,0.2,81,20260912,55,2,53,11,42,True,,ok,165.058,0.208877624654,12.1617666753,-1.00402969158,-0.397500548518,0.793593146201,0.88757916141,333.3943028,5.90121535943,-0.0393459514533,-6.07611334897,-0.0400684373062,0.123698299695,-0.0432165115264,-0.0982700373239,5.31062028339,-1.28165013568
both,0.2,82,20260912,55,2,53,9,44,True,,ok,165.058,0.286887453542,17.4992602013,-1.06640374365,-0.732360266978,0.783775579748,1.07268621696,316.942274452,8.5452231757,0.0386638774345,-0.738619822966,-0.102442489381,-0.211161418764,-0.0530340779798,0.086837018226,-11.1414080649,1.36235768059
both,0.2,83,20260912,55,2,53,9,44,True,,ok,165.058,0.225982201825,13.7842254925,-1.13767967515,-0.51871308964,0.741788417153,0.905159281665,325.03592029,6.1123943068,-0.0222413742827,-4.45365453177,-0.173718420881,0.00248575857341,-0.0950212405753,-0.0806899170689,-3.04776222613,-1.0704711883
both,0.2,84,20260912,55,2,53,15,38,True,,ok,165.058,0.216602081769,11.4104212934,-0.926704022981,-0.374512672332,0.791126134975,0.875294409429,334.667506416,5.75799209236,-0.0316214943384,-6.8274587309,0.0372572312885,0.146686175881,-0.0456835227529,-0.110554789305,6.58382389904,-1.42487340274
both,0.2,85,20260912,55,2,53,10,43,True,,ok,165.058,0.202728664146,12.0847889696,-1.13608479314,-0.607345167993,0.642077860014,0.883816797422,316.592354418,5.85697696878,-0.045494911961,-6.15309105473,-0.172123538871,-0.0861463197801,-0.194731797713,-0.102032401312,-11.4913280982,-1.32588852633
both,0.2,86,20260912,55,2,53,10,43,True,,ok,165.058,0.223098147884,13.2990272887,-1.12332585798,-0.582028998525,0.720918281357,0.926542456404,321.08453845,6.37946930465,-0.0251254282231,-4.9388527356,-0.159364603713,-0.0608301503122,-0.115891376371,-0.0593067423305,-6.99914406647,-0.803396190452
both,0.2,87,20260912,55,2,53,9,44,True,,ok,165.058,0.248589562847,15.1632056051,-0.581761247473,-0.482281802268,0.87152871076,0.996071297889,331.040974749,7.33122479783,0.000365986739113,-3.07467441917,0.382200006797,0.0389170459447,0.034719053032,0.0102220991544,2.95729223297,0.148359302728
both,0.2,88,20260912,55,2,53,7,46,True,,ok,165.058,0.307939629527,19.637168711,-1.12966337062,-0.635473100323,0.897648668421,1.09981779998,324.704149027,9.02172538328,0.0597160534192,1.39928868669,-0.165702116355,-0.11427425211,0.0608390106933,0.113968601246,-3.37953348948,1.83885988818
both,0.2,89,20260912,55,2,53,9,44,True,,ok,165.058,0.285629587882,17.4225342302,-0.753609767001,-0.341078216314,0.97739259257,1.03519593781,340.762674383,7.92792927137,0.0374060117744,-0.815345794117,0.210351487268,0.180120631899,0.140582934843,0.0493467390744,12.6789918669,0.745063776273
both,0.2,90,20260912,55,2,53,9,44,True,,ok,165.058,0.206999887159,12.6263621582,-1.03724105775,-0.434370973764,0.753242582013,0.869512811985,330.029322426,5.69179477148,-0.0412236889479,-5.61151786615,-0.0732798034786,0.0868278744489,-0.0835670757153,-0.11633638675,1.94563990983,-1.49107072362
both,0.2,91,20260912,55,2,53,16,37,True,,ok,165.058,0.216274646373,11.0933519407,-1.09664952095,-0.346619768675,0.815606468237,0.886204928369,336.975280348,5.88501833784,-0.031948929734,-7.14452808363,-0.132688266681,0.174579079538,-0.0212031894911,-0.099644270365,8.89159783194,-1.29784715726
both,0.2,92,20260912,55,2,53,12,41,True,,ok,165.058,0.154247743867,8.7671438791,-1.19273140695,-0.305178556624,0.664519588182,0.73124567315,335.333193866,4.31670053892,-0.09397583224,-9.4707361452,-0.228770152679,0.216020291589,-0.172290069546,-0.254603525584,7.24951135001,-2.86616495618
both,0.2,93,20260912,55,2,53,11,42,True,,ok,165.058,0.347645383552,20.2414310652,-1.27553413124,-0.708917484373,0.951130209423,1.18625995251,323.30128276,10.724382689,0.0994218074441,2.00355104095,-0.311572876973,-0.187718636159,0.114320551696,0.200410753775,-4.7823997562,3.54151719385
both,0.2,94,20260912,55,2,53,16,37,True,,ok,165.058,0.278018871573,14.260391776,-1.15569679626,-0.757271511351,0.747933066628,1.06436084767,314.644535625,8.40411692032,0.0297952954659,-3.97748824826,-0.191735541991,-0.236072663138,-0.0888765910996,0.0785116489388,-13.4391468918,1.22125142521
both,0.2,95,20260912,55,2,53,7,46,True,,ok,165.058,0.241685261292,15.4121580852,-0.838341179971,-0.3874608337,0.884241768364,0.965406340652,336.337723395,6.89511149346,-0.00653831481564,-2.82572193915,0.125620074298,0.133738014513,0.0474321106366,-0.0204428580822,8.25404087808,-0.287754001644
both,0.2,96,20260912,55,2,53,12,41,True,,ok,165.058,0.16290072803,9.25896278829,-1.01155178566,-0.331300739892,0.670339117078,0.747739735562,333.700102155,4.46147518862,-0.0853228480776,-8.97891723601,-0.0475905313905,0.189898108321,-0.16647054065,-0.238109463173,5.61641963807,-2.72139030648
both,0.2,97,20260912,55,2,53,8,45,True,,ok,165.058,0.291388069558,18.1777336976,-1.17318196972,-0.469434019712,0.960339018913,1.06893373513,333.949637418,8.4813316381,0.0431644934501,-0.0601463266658,-0.209220715454,0.0517648285014,0.123529361185,0.0830845364006,5.86595490135,1.29846614299
both,0.2,98,20260912,55,2,53,9,44,True,,ok,165.058,0.297774826357,18.1633567571,-1.30184368232,-0.521824180628,0.947695783126,1.08186310264,331.161757913,8.70350836981,0.0495512502494,-0.0745232671737,-0.33788242805,-0.000625332414757,0.110886125398,0.0960139039007,3.07807539607,1.52064287471
both,0.2,99,20260912,55,2,53,14,39,True,,ok,165.058,0.183130986796,9.90106471932,-0.616334243698,-0.429686949558,0.684544821939,0.808227992503,327.883618008,5.03521378477,-0.0650925893115,-8.33681530498,0.347627010571,0.0915118986546,-0.152264835788,-0.177621206232,-0.200064508979,-2.14765171033
both,0.2,100,20260912,55,2,53,8,45,True,,ok,165.058,0.232215609896,14.4863635753,-1.11440318046,-0.562355329563,0.777545747163,0.959594135882,324.123889224,6.81542395126,-0.0160079662117,-3.75151644899,-0.150441926188,-0.0411564813496,-0.0592639105651,-0.0262550628528,-3.95979329211,-0.367441543837
both,0.2,101,20260912,55,2,53,10,43,True,,ok,165.058,0.328020172395,19.553498159,-0.717654113466,-0.533088090409,1.02319985811,1.15374211233,332.480443783,10.0491115204,0.0797965962875,1.31561813466,0.246307140803,-0.0118892421961,0.186390200381,0.167892913599,4.39676126635,2.86624602529
both,0.2,102,20260912,55,2,53,6,47,True,,ok,165.058,0.203618330449,13.2669223361,-1.1607225282,-0.519215434534,0.695255429645,0.867735431977,323.247694311,5.67159772611,-0.0446052456583,-4.97095768815,-0.196761273935,0.00198341367935,-0.141554228083,-0.118113766757,-4.83598820545,-1.511267769
both,0.2,103,20260912,55,2,53,15,38,True,,ok,165.058,0.208094300776,10.9622383184,-1.05135963892,-0.693070359758,0.55070367752,0.885223736696,308.47014556,5.8734809999,-0.0401292753318,-7.27564170594,-0.087398384652,-0.171871511545,-0.286105980208,-0.100625462038,-19.6135369566,-1.3093844952
both,0.2,104,20260912,55,2,53,14,39,True,,ok,165.058,0.347471047612,18.7861890043,-0.656189865756,-0.551455194112,1.0597849826,1.19467444957,332.509952272,10.9063904706,0.0992474715044,0.548308980012,0.307771388513,-0.0302563458986,0.222975324875,0.208825250839,4.42626975582,3.72352497552
both,0.2,105,20260912,55,2,53,8,45,True,,ok,165.058,0.22372665702,13.9567951376,-0.811704675701,-0.576607220635,0.744486171401,0.941666366765,322.242089005,6.57538238331,-0.0244969190877,-4.28108488666,0.152256578569,-0.0554083724217,-0.0923234863264,-0.0441828319696,-5.84159351195,-0.607483111796
both,0.2,106,20260912,55,2,53,9,44,True,,ok,165.058,0.15793624537,9.63362956043,-0.747797487726,-0.359180008536,0.652437741986,0.744771968928,331.166338115,4.43507238908,-0.090287330737,-8.60425046387,0.216163766543,0.162018839677,-0.184371915741,-0.241077229807,3.0826555986,-2.74779310603
both,0.2,107,20260912,55,2,53,6,47,True,,ok,165.058,0.312753102884,20.3776895587,-1.27283450106,-0.546383798817,0.986707529634,1.12788607787,331.024752684,9.54265888488,0.0645295267762,2.13980953437,-0.308873246791,-0.0251849506043,0.149897871907,0.142036879133,2.94107016746,2.35979338978
both,0.2,108,20260912,55,2,53,7,46,True,,ok,165.058,0.301355896592,19.2173270862,-1.06686343626,-0.630991174373,0.905098644034,1.1033373997,325.11764871,9.0854551476,0.0531323204841,0.979447061911,-0.102902181986,-0.10979232616,0.0682889863066,0.117488200962,-2.96603380606,1.9025896525
both,0.2,109,20260912,55,2,53,15,38,True,,ok,165.058,0.179583963797,9.46033698167,-1.66475851394,-0.525830953931,0.601718016803,0.799101222536,318.850352698,4.94413707388,-0.0686396123102,-8.77754304263,-0.700797259672,-0.00463210571813,-0.235091640925,-0.186747976199,-9.2333298188,-2.23872842122
both,0.2,110,20260912,55,2,53,9,44,True,,ok,165.058,0.247103889507,15.0725840599,-1.60796609065,-0.425106600615,0.844118623227,0.945120030454,333.26971654,6.62095792345,-0.00111968660003,-3.16529596437,-0.644004836383,0.0960922475976,0.00730896549932,-0.0407291682802,5.18603402302,-0.561907571651
both,0.2,111,20260912,55,2,53,13,40,True,,ok,165.058,0.1610331605,8.9295744942,-1.08832242277,-0.240239361646,0.696601231049,0.736863777087,340.972038701,4.36547740382,-0.087190415607,-9.3083055301,-0.124361168503,0.280959486567,-0.140208426679,-0.248985421647,12.8883561842,-2.81738809129
both,0.2,112,20260912,55,2,53,6,47,True,,ok,165.058,0.27616640976,17.9938530193,-1.08160090709,-0.645874149543,0.834589177304,1.05531630894,322.264331058,8.25346092044,0.0279428336525,-0.244027005001,-0.117639652821,-0.12467530133,-0.00222048042348,0.0694671102087,-5.81935145892,1.07059542533
both,0.2,113,20260912,55,2,53,10,43,True,,ok,165.058,0.309689099705,18.4607708627,-1.54151347533,-0.606777115826,0.912460692853,1.09579331276,326.376496367,8.94940120448,0.0614655235972,0.222890838393,-0.577552221059,-0.0855782676127,0.075651035125,0.109944114026,-1.70718614993,1.76653570938
both,0.2,114,20260912,55,2,53,8,45,True,,ok,165.058,0.280511091719,17.4991925107,-0.755238253196,-0.590556342775,0.866431886118,1.04855186199,325.721821585,8.14255264797,0.032287515612,-0.7386875136,0.208723001074,-0.0693574945616,0.02962222839,0.0627026632511,-2.3618609314,0.959687152865
both,0.2,115,20260912,55,2,53,11,42,True,,ok,165.058,0.279593274838,16.2791403732,-0.704836108239,-0.470748020662,0.928347563252,1.04088082755,333.111269902,8.01858245567,0.0313696987306,-1.95873965107,0.25912514603,0.050450827551,0.0915379055245,0.055031628812,5.02758738555,0.835716960568
both,0.2,116,20260912,55,2,53,7,46,True,,ok,165.058,0.260330355181,16.6011471572,-0.864084004979,-0.667647538348,0.764593513831,1.01506476486,318.872347672,7.61507267309,0.0121067790741,-1.63673286715,0.0998772492905,-0.146448690135,-0.072216143897,0.0292155661226,-9.21133484461,0.432207177983
both,0.2,117,20260912,55,2,53,13,40,True,,ok,165.058,0.170310974769,9.44404575837,-1.16853097129,-0.603004849107,0.488159285613,0.775831383856,308.991711717,4.71931077983,-0.0779126013384,-8.79383426593,-0.204569717025,-0.081806000894,-0.348650372115,-0.210017814878,-19.0919707996,-2.46355471527
both,0.2,118,20260912,55,2,53,15,38,True,,ok,165.058,0.22838198806,12.0309771647,-1.58402498033,-0.562014280778,0.715533796934,0.909861894109,321.852223313,6.17015394528,-0.0198415880477,-6.20690285962,-0.620063726064,-0.0408154325646,-0.121275860794,-0.075987304625,-6.23145920362,-1.01271154982
both,0.2,119,20260912,55,2,53,14,39,True,,ok,165.058,0.264805777202,14.3168514734,-1.32230337843,-0.427980845713,0.909441519911,1.00511267151,334.798444861,7.46499934334,0.0165822010948,-3.92102855093,-0.358342124157,0.0932180024997,0.0726318621832,0.0192634727784,6.71476234419,0.282133848234
both,0.2,120,20260912,55,2,53,5,48,True,,ok,165.058,0.223082621849,14.8443926752,-1.01904780245,-0.468901964206,0.767103953736,0.899064807383,328.564114849,6.03834286839,-0.0251409542587,-3.39348734913,-0.0550865481833,0.0522968840069,-0.0697057039915,-0.0867843913516,0.480432332525,-1.14452262671
both,0.2,121,20260912,55,2,53,13,40,True,,ok,165.058,0.318800455453,17.6780509487,-1.25151275856,-0.612260157855,0.99564993272,1.16883758043,328.411179616,10.3571298906,0.0705768793459,-0.559829075603,-0.28755150429,-0.0910613096423,0.158840274993,0.182988381695,0.32749709926,3.17426439545
both,0.2,122,20260912,55,2,53,11,42,True,,ok,165.058,0.178202136915,10.3757059369,-0.938262736927,-0.397822193821,0.675264008918,0.783737187861,329.496139045,4.79452372377,-0.0700214391925,-7.86217408742,0.0256985173427,0.123376654393,-0.16154564881,-0.202112010873,1.41245652819,-2.38834177133
both,0.2,123,20260912,55,2,53,13,40,True,,ok,165.058,0.178995178024,9.92560023848,-0.574205545583,-0.505294487262,0.609561148125,0.791762156308,320.34303472,4.87209637987,-0.0692283980837,-8.31227978582,0.389755708686,0.0159043609511,-0.227248509603,-0.194087042427,-7.74064779664,-2.31076911523
both,0.2,124,20260912,55,2,53,9,44,True,,ok,165.058,0.224941540263,13.7207483093,-1.11027802203,-0.465020390446,0.788072372448,0.915042090696,329.456283962,6.23441145788,-0.0232820358447,-4.51713171499,-0.146316767762,0.0561784577666,-0.0487372852802,-0.0708071080379,1.37260144528,-0.948454037227
both,0.2,125,20260912,55,2,53,11,42,True,,ok,165.058,0.264905402893,15.4239483829,-0.909594378661,-0.538246274381,0.872279640888,1.0249784504,328.323048103,7.76756632327,0.0166818267852,-2.81393164137,0.0543668756084,-0.0170474261681,0.0354699831605,0.03912925167,0.239365587004,0.584700828164
both,0.2,126,20260912,55,2,53,8,45,True,,ok,165.058,0.172322237206,10.7500205581,-0.645961727804,-0.353578419889,0.689428408242,0.774809156568,332.848647628,4.70967221947,-0.075901338901,-7.48785946623,0.317999526465,0.167620428324,-0.147381249486,-0.211040042166,4.76496511106,-2.47319327564
both,0.2,127,20260912,55,2,53,10,43,True,,ok,165.058,0.235242077457,14.0229349155,-0.757340065699,-0.489352576091,0.78971464865,0.929039918421,328.215265813,6.41141398341,-0.0129814986509,-4.21494510883,0.20662118857,0.0318462721218,-0.0470950090774,-0.0568092803131,0.131583296245,-0.771451511687
both,0.2,128,20260912,55,2,53,14,39,True,,ok,165.058,0.288610395481,15.6038595888,-1.28735995886,-0.39939200381,0.966101424665,1.04540228403,337.539511283,8.09142264626,0.0403868193732,-2.6340204355,-0.32339870459,0.121806844403,0.129291766937,0.0595530852922,9.45582876689,0.908557151162
both,0.2,129,20260912,55,2,53,15,38,True,,ok,165.058,0.144172602753,7.59489531652,-0.513066134551,-0.336564477093,0.60681257777,0.693899958049,330.985356175,4.00602675558,-0.104050973355,-10.6429847078,0.450895119719,0.18463437112,-0.229997079957,-0.291949240685,2.90167365897,-3.17683873952
both,0.2,130,20260912,55,2,53,17,36,True,,ok,165.058,0.164945982493,8.23189267508,-1.55908604824,-0.642448342365,0.396190639929,0.754789305552,301.661666142,4.52482368207,-0.0832775936148,-10.0059873492,-0.595124793972,-0.121249494152,-0.440619017798,-0.231059893182,-26.4220163748,-2.65804181303
both,0.2,131,20260912,55,2,53,10,43,True,,ok,165.058,0.278165808244,16.5816467313,-0.924971761671,-0.674275478735,0.797907258505,1.04465468668,319.80035328,8.07933343414,0.0299422321369,-1.65623329301,0.0389894925986,-0.153076630522,-0.0389023992231,0.0588054879435,-8.28332923684,0.89646793904
both,0.2,132,20260912,55,2,53,12,41,True,,ok,165.058,0.267228555969,15.1887550511,-1.04048358181,-0.568706759595,0.854536475953,1.02647940415,326.355642991,7.79091887235,0.0190049798614,-3.04912497324,-0.0765223275456,-0.0475079113818,0.0177268182251,0.040630205415,-1.72803952549,0.608053377248
both,0.2,133,20260912,55,2,53,11,42,True,,ok,165.058,0.377503246093,21.9798860973,-0.783180597998,-0.77306864487,1.02875342129,1.28684448613,323.076545774,13.1141129176,0.129279669986,3.74200607298,0.180780656271,-0.251869796657,0.191943763558,0.300995287398,-5.0071367429,5.93124742247
both,0.2,134,20260912,55,2,53,11,42,True,,ok,165.058,0.265637152725,15.4665540509,-1.02878346433,-0.360705848215,0.920843595788,0.988969987836,338.609105747,7.22783811588,0.0174135766179,-2.77132597337,-0.0648222100621,0.160492999998,0.0840339380604,0.00312078910196,10.5254232302,0.0449726207799
both,0.2,135,20260912,55,2,53,12,41,True,,ok,165.058,0.0923123278255,5.24685444058,-0.57443604714,-0.364360150127,0.405039253172,0.544807411487,318.026481154,2.97312867112,-0.155911248282,-12.9910255837,0.389525207129,0.156838698086,-0.431770404556,-0.441041787248,-10.057201362,-4.20973682398
both,0.2,136,20260912,55,2,53,13,40,True,,ok,165.058,0.229622075303,12.7329515272,-0.906612730987,-0.15080613558,0.88412573381,0.896895090695,350.320165449,6.01219665273,-0.0186015008046,-5.50492849706,0.0573485232824,0.370392712633,0.047316076082,-0.0889541080391,22.2364829328,-1.17066884237
both,0.2,137,20260912,55,2,53,10,43,True,,ok,165.058,0.285663704663,17.0286012669,-0.867735957014,-0.550800205335,0.894100316501,1.05014105822,328.365332204,8.16847404839,0.0374401285555,-1.20927875741,0.0962252972556,-0.0296013571219,0.0572906587729,0.0642918594877,0.281649688017,0.985608553285
both,0.2,138,20260912,55,2,53,8,45,True,,ok,165.058,0.184292242876,11.4967483693,-1.14126405399,-0.475391639518,0.648261962757,0.803891026994,323.746189075,4.99172755866,-0.0639313332319,-6.74113165496,-0.177302799724,0.0458072086951,-0.18854769497,-0.18195817174,-4.33749344163,-2.19113793645
both,0.2,139,20260912,55,2,53,10,43,True,,ok,165.058,0.208809467227,12.4472696395,-1.58510575461,-0.282773525967,0.813386261658,0.861137664745,340.830005703,5.59724957345,-0.0394141088801,-5.79061038478,-0.621144500341,0.238425322246,-0.0234233960693,-0.124711533989,12.7463231867,-1.58561592165
both,0.2,140,20260912,55,2,53,11,42,True,,ok,165.058,0.18325182758,10.66972096,-0.489136647789,-0.469936801285,0.6724456753,0.820380267578,325.052331687,5.15909169117,-0.0649717485278,-7.56815906428,0.474824606481,0.0512620469283,-0.164363982428,-0.165468931156,-3.03135082919,-2.02377380393
both,0.2,141,20260912,55,2,53,8,45,True,,ok,165.058,0.335240956277,20.9134191287,-1.01759226678,-0.71768190577,0.931985869507,1.1762928967,322.401691653,10.512718327,0.08701738017,2.67553910437,-0.0536310125106,-0.196483057557,0.095176211779,0.190443697967,-5.68199086391,3.32985283186
both,0.2,142,20260912,55,2,53,7,46,True,,ok,165.058,0.229510640252,14.6357880943,-1.24830835219,-0.314233312037,0.862198028761,0.917675332126,339.975423329,6.26733148926,-0.0187129358551,-3.60209192996,-0.284347097918,0.206965536176,0.0253883710333,-0.0681738666079,11.8917408127,-0.915534005839
both,0.2,143,20260912,55,2,53,12,41,True,,ok,165.058,0.118982989445,6.76276334081,-1.32401692235,-0.434294658078,0.456097191196,0.629790836589,316.402689788,3.52394701743,-0.129240586662,-11.4751166835,-0.360055668085,0.0869041901353,-0.380712466532,-0.356058362145,-11.680992729,-3.65891847767
both,0.2,144,20260912,55,2,53,9,44,True,,ok,165.058,0.167026652741,10.1881167015,-0.696612664724,-0.453530611698,0.614112643687,0.763429338501,323.553623643,4.60369239927,-0.0811969233665,-8.04976332284,0.267348589546,0.0676682365151,-0.22269701404,-0.222419860233,-4.5300588733,-2.57917309583
both,0.2,145,20260912,55,2,53,14,39,True,,ok,165.058,0.189074768836,10.2224181488,-1.0301617912,-0.361681866376,0.74245546855,0.825865543079,334.027302973,5.21600136416,-0.0591488072711,-8.01546187546,-0.0662005369337,0.159516981837,-0.0943541891778,-0.159983655655,5.94362045694,-1.96686413094
both,0.2,146,20260912,55,2,53,11,42,True,,ok,165.058,0.314880113115,18.3336940601,-0.630862858373,-0.545314965022,1.00677753377,1.14497572619,331.558077485,9.87445828815,0.0666565370078,0.0958140357962,0.333098395896,-0.024116116809,0.169967876037,0.159126527459,3.47439496863,2.69159279304
both,0.2,147,20260912,55,2,53,12,41,True,,ok,165.058,0.166893101895,9.48588160872,-0.612554151488,-0.366321043913,0.664903824656,0.759136485262,331.147943617,4.56433564216,-0.0813304742128,-8.75199841558,0.351407102781,0.1548778043,-0.171905833072,-0.226712713473,3.06426110034,-2.61852985294
both,0.2,148,20260912,55,2,53,8,45,True,,ok,165.058,0.24933709662,15.5544574978,-0.664989141109,-0.41708278429,0.875795657999,0.970039217517,334.53466939,6.95929680191,0.00111352051307,-2.68342252647,0.29897211316,0.104116063923,0.0389860002709,-0.0158099812175,6.45098687348,-0.223568693193
both,0.2,149,20260912,55,2,53,11,42,True,,ok,165.058,0.28562953663,16.630597872,-1.225361116,-0.749834589776,0.741540135074,1.05457749073,314.681346116,8.24127431181,0.0374059605222,-1.60728215234,-0.26139986173,-0.228635741563,-0.0952695226539,0.0687282919934,-13.4023364,1.0584088167
both,0.2,150,20260912,55,2,53,12,41,True,,ok,165.058,0.271373387516,15.4243392718,-0.630033506287,-0.512125011688,0.860619378171,1.00146779363,329.244577423,7.4107791873,0.023149811409,-2.81354075255,0.333927747983,0.00907383652475,0.0238097204429,0.0156185948965,1.16089490678,0.227913692198
both,0.2,151,20260912,55,2,53,7,46,True,,ok,165.058,0.295749275461,18.8597954323,-1.12211969389,-0.736607927075,0.817310258296,1.10026692059,317.972970206,9.02983270953,0.0475256993534,0.621915408025,-0.15815843962,-0.215409078862,-0.019499399432,0.114417721856,-10.1107123105,1.84696721443
both,0.2,152,20260912,55,2,53,13,40,True,,ok,165.058,0.270692624029,15.0103863316,-0.829979961399,-0.664602530595,0.748329647872,1.00084653447,318.391250641,7.40157687656,0.022469047922,-3.22749369275,0.133981292871,-0.143403682382,-0.0884800098557,0.0149973357341,-9.69243187553,0.218711381462
both,0.2,153,20260912,55,2,53,12,41,True,,ok,165.058,0.207764249507,11.8089187089,-1.06609197987,-0.590324991052,0.643268254852,0.873085129161,317.457507905,5.73260618162,-0.0404593266008,-6.42896131544,-0.102130725605,-0.0691261428388,-0.193541402875,-0.112764069574,-10.626174611,-1.45025931348
both,0.2,154,20260912,55,2,53,11,42,True,,ok,165.058,0.160084339749,9.32080873491,-1.4880597907,-0.397569242278,0.627793051248,0.743091796214,327.654707633,4.42019402608,-0.0881392363583,-8.91707128939,-0.524098536429,0.123629605935,-0.209016606479,-0.24275740252,-0.428974883518,-2.76267146902
both,0.2,155,20260912,55,2,53,10,43,True,,ok,165.058,0.153724216687,9.16360163473,-1.04422238972,-0.392079642963,0.611189942651,0.72614020163,327.319742204,4.27284722845,-0.0944993594202,-9.07427838957,-0.0802611354556,0.12911920525,-0.225619715077,-0.259708997104,-0.763940312386,-2.91001826665
both,0.2,156,20260912,55,2,53,9,44,True,,ok,165.058,0.225826028984,13.7746994253,-0.747250348856,-0.485028823158,0.784554044304,0.922376283156,328.274718014,6.32653419903,-0.0223975471235,-4.46318059902,0.216710905413,0.0361700250549,-0.0522556134233,-0.0634729155783,0.191035497432,-0.856331296071
both,0.2,157,20260912,55,2,53,11,42,True,,ok,165.058,0.234832865576,13.6729940488,-1.14923461555,-0.423021515559,0.834002963427,0.935151402517,333.105045242,6.49026138559,-0.0133907105317,-4.56488597547,-0.185273361278,0.0981773326546,-0.00280669430124,-0.0506977962172,5.02136272597,-0.692604109514
both,0.2,158,20260912,55,2,53,8,45,True,,ok,165.058,0.212852611016,13.278436848,-0.915576645508,-0.415290251118,0.76671502135,0.87196210734,331.557864011,5.71974494681,-0.0353709650916,-4.95944317626,0.0483846087617,0.105908597095,-0.0700946363782,-0.113887091394,3.47418149481,-1.46312054829
both,0.2,159,20260912,55,2,53,15,38,True,,ok,165.058,0.221834491447,11.6860603746,-1.49626125657,-0.612587815109,0.688784458863,0.921785149583,318.350899287,6.31905896523,-0.0263890846599,-6.55181964967,-0.532300002296,-0.0913889668957,-0.148025198865,-0.0640640491516,-9.73278322914,-0.863806529874
both,0.2,160,20260912,55,2,53,12,41,True,,ok,165.058,0.219779127877,12.4918211924,-1.14578515561,-0.405204474531,0.809136297169,0.904926634361,333.398913044,6.10955090425,-0.0284444482301,-5.74605883191,-0.181823901337,0.115994373682,-0.0276733605589,-0.0809225643731,5.31523052733,-1.07331459085
both,0.2,161,20260912,55,2,53,13,40,True,,ok,165.058,0.25213341731,13.9812453867,-0.822399119328,-0.570101002309,0.771247771322,0.959081997331,323.528445112,6.80844664253,0.00390984120231,-4.25663463765,0.141562134941,-0.0489021540963,-0.0655618864056,-0.0267672014038,-4.55523740398,-0.374418852572
both,0.2,162,20260912,55,2,53,11,42,True,,ok,165.058,0.109600735018,6.38143299909,-1.21118071837,-0.253492739038,0.533321562611,0.59050017603,334.577820858,3.2576313517,-0.138622841089,-11.8564470252,-0.247219464103,0.267706109175,-0.303488095117,-0.395349022705,6.49413834161,-3.9252341434
both,0.2,163,20260912,55,2,53,11,42,True,,ok,165.058,0.233916540212,13.6196415881,-0.741469240853,-0.351868815436,0.843538983196,0.913985601335,337.357322132,6.22125218664,-0.0143070358955,-4.61823843622,0.222492013416,0.169330032777,0.0067293254681,-0.0718635973993,9.27363961515,-0.96161330846
both,0.2,164,20260912,55,2,53,11,42,True,,ok,165.058,0.279660022193,16.2830266955,-0.890246877662,-0.572534801038,0.904523277166,1.07049449197,327.667475456,8.50784759415,0.0314364460859,-1.95485332882,0.0737143766077,-0.0513359528245,0.0677136194386,0.0846452932342,-0.416207060415,1.32498209905
both,0.2,165,20260912,55,2,53,5,48,True,,ok,165.058,0.24277692699,16.154893675,-1.29183357715,-0.513740917685,0.813228802519,0.961909983185,327.718175025,6.84706413088,-0.00544664911767,-2.0829863493,-0.327872322881,0.00745793052772,-0.0235808552088,-0.0239392155495,-0.365507491568,-0.33580136422
both,0.2,166,20260912,55,2,53,8,45,True,,ok,165.058,0.218615238142,13.6379282351,-0.830230215941,-0.433492344498,0.777126954452,0.889854997219,330.846607303,5.92813697658,-0.0296083379652,-4.59995178918,0.133731038328,0.0877065037148,-0.0596827032756,-0.0959942015158,2.7629247868,-1.25472851852
both,0.2,167,20260912,55,2,53,9,44,True,,ok,165.058,0.205316197937,12.5236622476,-0.809504144287,-0.315616771685,0.806265943838,0.865839892106,338.621896465,5.65013695231,-0.0429073781706,-5.71421777666,0.154457109983,0.205582076528,-0.0305437138901,-0.120009306629,10.5382139484,-1.53272854279
both,0.2,168,20260912,55,2,53,9,44,True,,ok,165.058,0.146463899161,8.93385141063,-1.27348943158,-0.317929773794,0.641062871653,0.715570364448,333.621272019,4.18346867467,-0.101759676947,-9.30402861367,-0.309528177313,0.203269074419,-0.195746786075,-0.270278834286,5.53758950225,-2.99939682044
both,0.2,169,20260912,55,2,53,8,45,True,,ok,165.058,0.225172536313,14.0469937816,-1.05170497218,-0.487082722617,0.769345163478,0.910572105458,327.661551662,6.17892439939,-0.0230510397944,-4.19088624266,-0.0877437179117,0.0341161255961,-0.0674644942501,-0.0752770932762,-0.422130854885,-1.00394109571
both,0.2,170,20260912,55,2,53,16,37,True,,ok,165.058,0.233152096426,11.9590451527,-1.13946323817,-0.580800876419,0.759388211224,0.956033531522,322.590251946,6.76706229589,-0.0150714796814,-6.27883487163,-0.175501983905,-0.0596020282055,-0.077421446504,-0.0298156672124,-5.49343057076,-0.415803199209
both,0.2,171,20260912,55,2,53,7,46,True,,ok,165.058,0.338980622239,21.6166385564,-1.07709977121,-0.590284665598,1.0003781378,1.16154741833,329.456779657,10.2072151376,0.0907570461314,3.37875853208,-0.11313851694,-0.069085817385,0.163568480069,0.175698219592,1.37309714081,3.02434964247
both,0.2,172,20260912,55,2,53,13,40,True,,ok,165.058,0.320780738979,17.7878611841,-0.69760854413,-0.796478045331,0.811660840009,1.13717658958,315.540926047,9.72162882642,0.0725571628714,-0.450018840215,0.266352710139,-0.275279197118,-0.0251488177193,0.15132739085,-12.5427564693,2.53876333132
both,0.2,173,20260912,55,2,53,15,38,True,,ok,165.058,0.311425358602,16.4056343045,-1.86699162738,-0.559720944807,0.949952237488,1.10258640911,329.493001148,9.07181920813,0.0632017824948,-1.83224571978,-0.90303037311,-0.0385220965939,0.11314257976,0.11673721038,1.4093186315,1.88895371303
both,0.2,174,20260912,55,2,53,10,43,True,,ok,165.058,0.158265326484,9.43430017564,-1.00902241934,-0.487458614479,0.56547321883,0.746576092601,319.237458429,4.45110413311,-0.089958249623,-8.80357984866,-0.0450611650735,0.0337402337342,-0.271336438898,-0.239273106133,-8.84622408777,-2.73176136199
both,0.2,175,20260912,55,2,53,8,45,True,,ok,165.058,0.224641888783,14.0138902661,-0.770920583429,-0.476346858819,0.788288638967,0.921034911517,328.856281348,6.30958447797,-0.0235816873246,-4.22398975821,0.193040670841,0.0448519893936,-0.0485210187604,-0.0648142872178,0.772598831942,-0.873281017132
both,0.2,176,20260912,55,2,53,8,45,True,,ok,165.058,0.241451686099,15.0625399915,-0.946966990253,-0.400070001858,0.856004266373,0.944880579986,334.950063113,6.61778789963,-0.00677189000882,-3.17534003284,0.0169942640157,0.121128846355,0.0191946086453,-0.0409686187479,6.86638059611,-0.56507759547
both,0.2,177,20260912,55,2,53,13,40,True,,ok,165.058,0.260195126363,14.4282814587,-1.36557245041,-0.645926516202,0.776031488095,1.00967615345,320.22783895,7.53344399348,0.0119715502555,-3.80959856559,-0.40161119614,-0.124727667989,-0.0607781696331,0.0238269547167,-7.85584356626,0.350578498376
both,0.2,178,20260912,55,2,53,9,44,True,,ok,165.058,0.305078057056,18.6088315687,-0.999300303072,-0.684280374643,0.893086105663,1.12509662841,322.540753053,9.48956958312,0.0568544809483,0.370951544403,-0.0353390488029,-0.16308152643,0.0562764479352,0.139247429671,-5.54292946318,2.30670408802
both,0.2,179,20260912,55,2,53,10,43,True,,ok,165.058,0.221119721174,13.1810919716,-1.22896755485,-0.479507329126,0.760975284414,0.899450199942,327.784065268,6.04299892739,-0.0271038549335,-5.05678805268,-0.265006300586,0.0416915190866,-0.0758343733136,-0.0863989987926,-0.299617248453,-1.13986656771
both,0.2,180,20260912,55,2,53,9,44,True,,ok,165.058,0.277586434158,16.9319263695,-0.951769424324,-0.254991373085,0.986398230111,1.0188238654,345.505910341,7.67254007582,0.0293628580509,-1.30595365483,0.012191829945,0.266207475128,0.149588572383,0.0329746666681,17.4222278246,0.489674580719
both,0.2,181,20260912,55,2,53,14,39,True,,ok,165.058,0.111046836878,6.00380054758,-1.12138786236,-0.355754777134,0.48113714761,0.598376483715,323.520626971,3.30935387839,-0.137176739229,-12.2340794767,-0.157426608089,0.16544407108,-0.355672510118,-0.387472715019,-4.56305554509,-3.87351161671
both,0.2,182,20260912,55,2,53,8,45,True,,ok,165.058,0.213967224574,13.3479700601,-0.975668260909,-0.398892853534,0.773603152025,0.870389191927,332.723018483,5.70177986921,-0.0342563515336,-4.8899099642,-0.0117070066396,0.122305994679,-0.0632065057027,-0.115460006807,4.63933596698,-1.48108562589
both,0.2,183,20260912,55,2,53,9,44,True,,ok,165.058,0.249226407434,15.2020511838,-1.26295060564,-0.671742563043,0.681733944107,0.957078492889,315.422950502,6.78121972204,0.00100283132675,-3.0358288405,-0.29898935137,-0.15054371483,-0.155075713621,-0.0287707058453,-12.6607320144,-0.401645773062
both,0.2,184,20260912,55,2,53,11,42,True,,ok,165.058,0.118173324806,6.88056658017,-0.741960104365,-0.344336573029,0.525151841183,0.627974626735,326.747563008,3.51116978302,-0.130050251301,-11.3573134441,0.222001149904,0.176862275185,-0.311657816544,-0.357874571999,-1.33611950892,-3.67169571208
both,0.2,185,20260912,55,2,53,12,41,True,,ok,165.058,0.297369891977,16.901930381,-0.906796564148,-0.648571317566,0.85665832326,1.0744804497,322.870836144,8.57594249867,0.0491463158695,-1.33594964331,0.0571646901211,-0.127372469353,0.0198486655326,0.0886312509623,-5.21284637236,1.39307700357
both,0.2,186,20260912,55,2,53,10,43,True,,ok,165.058,0.271526036285,16.185845559,-1.21443051472,-0.530856725582,0.865521658649,1.01535048367,328.477657202,7.61942545567,0.0233024601777,-2.05203446533,-0.250469260447,-0.00965787736895,0.028712000921,0.0295012849341,0.393974686016,0.436559960564
both,0.2,187,20260912,55,2,53,6,47,True,,ok,165.058,0.304428347959,19.8352832006,-1.04872517861,-0.566074047435,0.961744287402,1.11597128168,329.519315489,9.31794921668,0.056204771852,1.59740317634,-0.0847639243381,-0.0448751992218,0.124934629674,0.130122082943,1.43563297224,2.13508372157
both,0.2,188,20260912,55,2,53,17,36,True,,ok,165.058,0.129675719109,6.47167385429,-1.65679674241,-0.543134968485,0.392551621093,0.670143543738,305.857578363,3.82014006232,-0.118547856999,-11.76620617,-0.692835488145,-0.0219361202714,-0.444258036635,-0.315705654997,-22.2261041536,-3.36272543278
both,0.2,189,20260912,55,2,53,7,46,True,,ok,165.058,0.233146106669,14.8676201176,-1.24861481141,-0.485748568743,0.822584836279,0.955299683299,329.437517982,6.75713758763,-0.0150774694384,-3.37025990665,-0.284653557141,0.0354502794698,-0.0142248214492,-0.0305495154351,1.35383546597,-0.425727907475
both,0.2,190,20260912,55,2,53,10,43,True,,ok,165.058,0.286839249092,17.0986762433,-0.984414941593,-0.677338385945,0.816583312836,1.06094090122,320.325019713,8.34682980279,0.0386156729847,-1.13920378104,-0.0204536873235,-0.156139537732,-0.0202263448916,0.0750917024835,-7.75866280395,1.16396430769
both,0.2,191,20260912,55,2,53,12,41,True,,ok,165.058,0.173680548699,9.87166697722,-1.22622612268,-0.496421794783,0.604219337601,0.781994633145,320.593747449,4.77784336724,-0.0745430274081,-8.36621304708,-0.262264868409,0.0247770534298,-0.232590320126,-0.203854565589,-7.48993506776,-2.40502212786
both,0.2,192,20260912,55,2,53,7,46,True,,ok,165.058,0.221065981524,14.0972760866,-1.00392083487,-0.435101431727,0.800694408817,0.911276463101,331.480117135,6.18763487849,-0.0271575945837,-4.1406039377,-0.0399595805971,0.0860974164858,-0.0361152489109,-0.0745727356334,3.39643461811,-0.995230616607
both,0.2,193,20260912,55,2,53,13,40,True,,ok,165.058,0.274398963291,15.2159094203,-0.986573866901,-0.408312597918,0.925213867618,1.01130602611,336.187317467,7.55804117079,0.0261753871838,-3.02197060399,-0.022612612632,0.112886250295,0.0884042098904,0.025456827378,8.10363495025,0.375175675684
both,0.2,194,20260912,55,2,53,11,42,True,,ok,165.058,0.298033497366,17.3528105866,-1.24561839735,-0.611558065888,0.882774611267,1.07391539809,325.28701889,8.56625627271,0.0498099212589,-0.885069437704,-0.28165714308,-0.0903592176749,0.0459649535392,0.0880661993535,-2.79666362673,1.3833907776
both,0.2,195,20260912,55,2,53,8,45,True,,ok,165.058,0.199983890414,12.4756442818,-0.896832548123,-0.387394682455,0.743296880412,0.838191441393,332.472180549,5.3461831842,-0.0482396856931,-5.76223574247,0.0671287061465,0.133804165758,-0.0935127773156,-0.147657757341,4.38849803298,-1.8366823109
both,0.2,196,20260912,55,2,53,9,44,True,,ok,165.058,0.270511395133,16.5003705544,-0.954104190822,-0.427598100713,0.92177040166,1.01612046978,335.113986916,7.63116819868,0.0222878190251,-1.7375094699,0.00985706344694,0.0936007475001,0.0849607439321,0.0302712710474,7.03030439954,0.448302703576
both,0.2,197,20260912,55,2,53,10,43,True,,ok,165.058,0.173814837136,10.3612167298,-0.902737219114,-0.42800100365,0.646815313449,0.775599709152,326.507189706,4.7171245965,-0.0744087389717,-7.87666329449,0.0612240351549,0.093197844563,-0.189994344279,-0.210249489582,-1.57649281062,-2.46574089861
both,0.2,198,20260912,55,2,53,11,42,True,,ok,165.058,0.350988883347,20.4361042116,-1.02710056085,-0.400558736956,1.1099525869,1.18001781636,340.156544154,10.5913288435,0.10276530724,2.19822418729,-0.0631393065781,0.120640111257,0.273142929172,0.194168617622,12.0728616377,3.40846334838
both,0.2,199,20260912,55,2,53,7,46,True,,ok,165.058,0.200089794419,12.7596342711,-1.04345091543,-0.366282027508,0.759278937455,0.843010693015,334.246979345,5.39796152014,-0.0481337816887,-5.47824575317,-0.0794896611608,0.154916820705,-0.077530720273,-0.142838505719,6.16329682803,-1.78490397496
both,0.2,200,20260912,55,2,53,12,41,True,,ok,165.058,0.275534613576,15.6608553248,-1.01951986491,-0.870171392154,0.609490016911,1.06239179799,305.00836939,8.3710857555,0.0273110374685,-2.57702469946,-0.0555586106407,-0.34897254394,-0.227319640816,0.076542599256,-23.0753131261,1.18822026039
both,0.2,201,20260912,55,2,53,11,42,True,,ok,165.058,0.178826149065,10.4120386469,-1.02725638053,-0.527171031186,0.590108782351,0.791288614306,318.224134589,4.86748427969,-0.0693974270426,-7.82584137739,-0.0632951262607,-0.00597218297325,-0.246700875377,-0.194560584429,-9.85954792782,-2.31538121541
both,0.2,202,20260912,55,2,53,10,43,True,,ok,165.058,0.187074858996,11.1516553517,-1.03583750307,-0.279613528658,0.757952703378,0.807883671061,339.750664465,5.03174751428,-0.0611487171115,-7.08622467257,-0.0718762487974,0.241585319555,-0.0788569543497,-0.177965527673,11.6669819481,-2.15111798082
both,0.2,203,20260912,55,2,53,9,44,True,,ok,165.058,0.161690943397,9.86265469534,-0.917317926658,-0.364935740249,0.66462941279,0.758228429206,331.229624221,4.55605381956,-0.0865326327101,-8.37522532896,0.0466433276112,0.156263107964,-0.172180244938,-0.227620769528,3.14594170479,-2.62681167554
both,0.2,204,20260912,55,2,53,16,37,True,,ok,165.058,0.381381151803,19.5621419867,-1.64956442169,-0.677556483616,1.01170433357,1.21763231193,326.1890724,11.4188400111,0.133157575696,1.32426196244,-0.68560316742,-0.156357635403,0.174894675843,0.231783113196,-1.89461011624,4.23597451602
both,0.2,205,20260912,55,2,53,11,42,True,,ok,165.058,0.223092228625,12.9894029392,-1.0634060222,-0.399649531794,0.813894849532,0.906721883688,333.847421105,6.13152666691,-0.025131347482,-5.24847708507,-0.0994447679288,0.121549316419,-0.0229148081955,-0.0791273150466,5.76373858856,-1.0513388282
both,0.2,206,20260912,55,2,53,12,41,True,,ok,165.058,0.314931457834,17.9000958695,-1.43786498471,-0.44556983865,1.02388958542,1.11663886922,336.482590688,9.33039861946,0.0667078817263,-0.337784154801,-0.473903730443,0.0756290095628,0.187079927692,0.130789670482,8.39890817154,2.14753312436
both,0.2,207,20260912,55,2,53,10,43,True,,ok,165.058,0.246061117959,14.6678650337,-0.572840780399,-0.539366537623,0.795274362639,0.960925373678,325.854313851,6.83359402915,-0.00216245814828,-3.57001499064,0.39112047387,-0.0181676894096,-0.0415352950885,-0.0249238250563,-2.22936866518,-0.34927146595
both,0.2,208,20260912,55,2,53,14,39,True,,ok,165.058,0.292741730063,15.8272221764,-0.803638606232,-0.537678767851,0.911958111482,1.05866238929,329.476945661,8.30887963582,0.044518153956,-2.41065784789,0.160322648037,-0.0164799196374,0.0751484537539,0.0728131905544,1.39326314442,1.12601414072
both,0.2,209,20260912,55,2,53,6,47,True,,ok,165.058,0.203686133764,13.2713401177,-0.963036542395,-0.378606685499,0.775266290646,0.862775082925,333.971108098,5.61560969666,-0.0445374423439,-4.96653990659,0.000924711874382,0.142592162714,-0.0615433670815,-0.123074115809,5.88742558195,-1.56725579844
both,0.2,210,20260912,55,2,53,7,46,True,,ok,165.058,0.264347931312,16.8573461414,-0.98683560674,-0.571551452235,0.844274697136,1.01954442119,325.903047617,7.6836050331,0.0161243552043,-1.38053388295,-0.0228743524706,-0.0503526040215,0.00746503940789,0.0336952224534,-2.18063489899,0.500739538001
both,0.2,211,20260912,55,2,53,9,44,True,,ok,165.058,0.275923198082,16.8304740386,-1.24288697834,-0.433387771952,0.914975091683,1.01242499933,334.654922753,7.57497460315,0.0276996219749,-1.40740598574,-0.278925724067,0.0878110762611,0.0781654339554,0.0265758006005,6.57124023624,0.392109108043
both,0.2,212,20260912,55,2,53,14,39,True,,ok,165.058,0.139164422486,7.52399131228,-1.11108814909,-0.235221102346,0.660745452739,0.701365468428,340.404599802,4.06628959754,-0.109059153621,-10.713888712,-0.147126894821,0.285977745867,-0.176064204989,-0.284483730306,12.3209172858,-3.11657589756
both,0.2,213,20260912,55,2,53,9,44,True,,ok,165.058,0.221701068667,13.5230894193,-1.0153252367,-0.384517775599,0.798568350153,0.886321233875,334.288770466,5.88638741713,-0.0265225074402,-4.71479060501,-0.0513639824324,0.136681072614,-0.038241307575,-0.0995279648596,6.20508794945,-1.29647807797
both,0.2,214,20260912,55,2,53,7,46,True,,ok,165.058,0.233418584638,14.8849959126,-0.792884149791,-0.501889301123,0.797896949228,0.942619972295,327.829483558,6.58793499174,-0.0148049914693,-3.35288411174,0.171077104478,0.0193095470902,-0.0389127085,-0.0432292264398,-0.254198958485,-0.594930503363
both,0.2,215,20260912,55,2,53,7,46,True,,ok,165.058,0.184578494698,11.7704858137,-0.729591426397,-0.436904215293,0.680667683617,0.808822470547,327.304570479,5.0412039932,-0.0636450814089,-6.46739421061,0.234369827872,0.08429463292,-0.156141974111,-0.177026728188,-0.779112037737,-2.1416615019
both,0.2,216,20260912,55,2,53,11,42,True,,ok,165.058,0.271379913647,15.8009226484,-0.783673805708,-0.685249353255,0.774107874458,1.03383251904,318.484369895,7.90634054417,0.0231563375401,-2.43695737585,0.180287448561,-0.164050505042,-0.0627017832702,0.0479833203101,-9.59931262127,0.723475049065
both,0.2,217,20260912,55,2,53,15,38,True,,ok,165.058,0.243416037623,12.8229586538,-1.2076010176,-0.235521994016,0.889163339471,0.919827186989,345.16417287,6.2943623896,-0.00480753848484,-5.41492137053,-0.24363976333,0.285676854197,0.0523536817435,-0.0660220117449,17.0804903539,-0.888503105501
both,0.2,218,20260912,55,2,53,11,42,True,,ok,165.058,0.283300844735,16.4950112694,-2.19443320343,-0.647001095955,0.841662590174,1.06160554533,322.449874031,8.35793252301,0.0350772686272,-1.74286875494,-1.23047194916,-0.125802247742,0.0048529324466,0.0757563465915,-5.63380848574,1.17506702791
both,0.2,219,20260912,55,2,53,12,41,True,,ok,165.058,0.271066046299,15.4068705905,-0.946786979166,-0.539546550511,0.867124449922,1.02128120115,328.109091575,7.71034090305,0.0228424701919,-2.83100943379,0.0171742751033,-0.0183477022982,0.0303147921942,0.035432002415,0.0254090583917,0.527475407953
both,0.2,220,20260912,55,2,53,14,39,True,,ok,165.058,0.247290930186,13.3699028609,-1.15444886114,-0.477634701309,0.840029595183,0.966325322383,330.377755571,6.9077961098,-0.000932645921196,-4.86797716344,-0.190487606875,0.0435641469042,0.00321993745534,-0.0195238763517,2.29407305431,-0.275069385299
both,0.2,221,20260912,55,2,53,11,42,True,,ok,165.058,0.231661458082,13.4883408672,-0.54900774516,-0.255524741366,0.880661411258,0.916982777771,343.819863671,6.25865656307,-0.0165621180253,-4.74953915712,0.414953509109,0.265674106847,0.0438517535299,-0.0688664209635,15.7361811544,-0.924208932036
both,0.2,222,20260912,55,2,53,7,46,True,,ok,165.058,0.305350739575,19.4720763881,-1.32261866405,-0.484457530782,0.965107703531,1.07987590886,333.344607244,8.66898590286,0.0571271634679,1.2341963638,-0.358657409779,0.036741317431,0.128298045804,0.0940267101306,5.2609247276,1.48612040776
both,0.2,223,20260912,55,2,53,10,43,True,,ok,165.058,0.349973101758,20.862126713,-1.37557074318,-0.74775298467,0.969936600602,1.22470875528,322.370301124,11.5815985953,0.101749525651,2.62424668867,-0.41160948891,-0.226554136457,0.133126942875,0.23885955655,-5.71338139262,4.39873310018
both,0.2,224,20260912,55,2,53,9,44,True,,ok,165.058,0.299752932767,18.2840152186,-1.14610597486,-0.526234446195,0.959559650948,1.09438449189,331.259088528,8.92422048986,0.0515293566591,0.046135194329,-0.182144720594,-0.00503559798175,0.12274999322,0.108535293155,3.17540601192,1.74135499476
both,0.2,225,20260912,55,2,53,14,39,True,,ok,165.058,0.148621120436,8.03527222696,-0.929317260408,-0.402822980709,0.598820341496,0.721700876524,326.071506472,4.23507803036,-0.0996024556712,-10.2026077973,0.0346439938616,0.118375867504,-0.237989316232,-0.26414832221,-2.01217604497,-2.94778746474
both,0.2,226,20260912,55,2,53,12,41,True,,ok,165.058,0.287345405065,16.3321579041,-1.03238760178,-0.693677909236,0.765259101706,1.03286520636,317.808903987,7.89105952344,0.0391218289574,-1.90572212016,-0.0684263475155,-0.172479061022,-0.0715505560215,0.047016007624,-10.274778529,0.708194028338
both,0.2,227,20260912,55,2,53,5,48,True,,ok,165.058,0.23972114415,15.9515553781,-0.79021454104,-0.485201526444,0.826989212697,0.958817855059,329.599492983,6.80485079531,-0.00850243195707,-2.28632464621,0.173746713229,0.0359973217689,-0.00982044503119,-0.0270313436752,1.51581046655,-0.378014699795
both,0.2,228,20260912,55,2,53,9,44,True,,ok,165.058,0.220847456113,13.4710216554,-0.902247163673,-0.43238589592,0.781909560638,0.8934988103,331.057972483,5.97149682599,-0.0273761199943,-4.7668583689,0.0617140905961,0.0888129522936,-0.0549000970893,-0.0923503884341,2.97428996612,-1.21136866911
both,0.2,229,20260912,55,2,53,10,43,True,,ok,165.058,0.222961216832,13.2908647386,-1.11064146238,-0.429981752199,0.792071093675,0.901255193971,331.504344545,6.064853505,-0.0252623592754,-4.94701528567,-0.146680208107,0.091217096014,-0.0447385640529,-0.0845940047635,3.42066202853,-1.1180119901
both,0.2,230,20260912,55,2,53,11,42,True,,ok,165.058,0.289522443226,16.8572598794,-1.06434012251,-0.344217544098,0.997153542254,1.05489378825,340.955318718,8.24648935048,0.0412988671181,-1.38062014493,-0.100378868242,0.176981304115,0.160343884527,0.0690445895189,12.8716362013,1.06362385538
both,0.2,231,20260912,55,2,53,7,46,True,,ok,165.058,0.295364326778,18.8352474317,-0.955868279695,-0.590618740733,0.926848228437,1.09903509292,327.49334767,9.00761369512,0.0471407506708,0.597367407376,0.00809297457375,-0.0694198925199,0.0900385707091,0.113185894182,-0.590334846388,1.82474820001
both,0.2,232,20260912,55,2,53,10,43,True,,ok,165.058,0.324611749548,19.3503198319,-0.941743481171,-0.671974775566,0.9407565274,1.15610247939,324.462087199,10.0966628542,0.0763881734407,1.11243980763,0.0222177730984,-0.150775927353,0.103946869672,0.170253280652,-3.62159531774,2.91379735907
both,0.2,233,20260912,55,2,53,7,46,True,,ok,165.058,0.319032810873,20.3445757893,-1.06473247989,-0.429090584451,1.04706858979,1.13157914499,337.716093699,9.61340318637,0.0708092347651,2.10669576504,-0.100771225622,0.0921082637624,0.210258932061,0.14572994626,9.63241118268,2.43053769127
both,0.2,234,20260912,55,2,53,13,40,True,,ok,165.058,0.286980596115,15.9135832858,-1.15641652451,-0.430347078969,0.971843629327,1.06286341937,336.115511795,8.37898544665,0.0387570200077,-2.32429673849,-0.192455270244,0.090851769244,0.135033971599,0.0770142206384,8.03182927807,1.19611995155
both,0.2,235,20260912,55,2,53,10,43,True,,ok,165.058,0.152615734276,9.09752426932,-1.40723112033,-0.362928083147,0.628017017225,0.725342793072,329.976584514,4.26603824953,-0.0956078418317,-9.14035575498,-0.443269866063,0.158270765066,-0.208792640502,-0.260506405662,1.89290199798,-2.91682724557
both,0.2,236,20260912,55,2,53,13,40,True,,ok,165.058,0.301553167296,16.721658216,-1.08968269589,-0.618219294739,0.869552036489,1.06691885378,324.588582511,8.44722265584,0.0533295911888,-1.51622180827,-0.125721441623,-0.0970204465264,0.0327423787614,0.0810696550454,-3.4951000059,1.26435716074
both,0.2,237,20260912,55,2,53,8,45,True,,ok,165.058,0.249276698181,15.5506896471,-1.12739078284,-0.57194682823,0.78170430689,0.968599400027,323.808317122,6.93928539401,0.00105312207354,-2.68719037719,-0.163429528568,-0.0507479800172,-0.0551053508377,-0.0172497987071,-4.27536539456,-0.24358010109
both,0.2,238,20260912,55,2,53,14,39,True,,ok,165.058,0.245528443946,13.2746131961,-0.787441951161,-0.359505782922,0.876860066316,0.94769614532,337.706753701,6.65515864906,-0.00269513216149,-4.96326682817,0.176519303108,0.161693065291,0.0400504085886,-0.038153053414,9.62307118425,-0.52770684604
both,0.2,239,20260912,55,2,53,13,40,True,,ok,165.058,0.278113831981,15.421905481,-0.667186676821,-0.61144421706,0.827779374904,1.02911744912,323.548348218,7.83213309047,0.0298902558735,-2.81597454332,0.296774577448,-0.0902453688466,-0.00903028282386,0.0432682503899,-4.53533429853,0.649267595364
both,0.2,240,20260912,55,2,53,13,40,True,,ok,165.058,0.11486276304,6.36934402821,-1.08817681632,-0.357846921733,0.515871935296,0.627836183267,325.251962577,3.51019772056,-0.133360813067,-11.8685359961,-0.124215562051,0.16335192648,-0.320937722432,-0.358013015467,-2.83171993985,-3.67266777454
both,0.2,241,20260912,55,2,53,10,43,True,,ok,165.058,0.252135401798,15.0299570873,-1.07893397895,-0.545777422653,0.805755034481,0.973197909302,325.888287495,7.00340051253,0.00391182569017,-3.20792293702,-0.114972724676,-0.0245785744395,-0.0310546232465,-0.0126512894327,-2.195395021,-0.17946498257
both,0.2,242,20260912,55,2,53,15,38,True,,ok,165.058,0.270050291485,14.2260294595,-1.75326553977,-0.56627365228,0.831283500887,1.00583204767,325.73715212,7.47574735838,0.0218267153771,-4.01185056476,-0.789304285503,-0.0450748040672,-0.0055261568408,0.0199828489326,-2.3465303961,0.292881863283
both,0.2,243,20260912,55,2,53,13,40,True,,ok,165.058,0.152803971289,8.4732513502,-0.811289875604,-0.112074252196,0.693391482142,0.702390479372,350.818573659,4.07463413054,-0.0954196048181,-9.7646286741,0.152671378665,0.409124596018,-0.143418175585,-0.283458719362,22.7348911428,-3.10823136457
both,0.2,244,20260912,55,2,53,12,41,True,,ok,165.058,0.196288854979,11.1566794451,-0.948945105547,-0.424582687594,0.695377661469,0.814751833797,328.592656022,5.10134212867,-0.0519347211281,-7.08120057915,0.0150161487218,0.0966161606188,-0.141431996259,-0.171097364938,0.508973505747,-2.08152336643
both,0.2,245,20260912,55,2,53,7,46,True,,ok,165.058,0.203542478834,12.9798103702,-0.899179072563,-0.465801462685,0.726126598336,0.862688147276,327.320317342,5.61463338819,-0.0446810972734,-5.25806965413,0.0647821817065,0.0553973855277,-0.110683059392,-0.123161051458,-0.763365174975,-1.56823210691
both,0.2,246,20260912,55,2,53,7,46,True,,ok,165.058,0.254004011285,16.1977191131,-1.06030198224,-0.618086872043,0.791437346162,1.0041934347,322.011319005,7.45128774698,0.00578043517756,-2.04016091118,-0.0963407279746,-0.0968880238296,-0.0453723115656,0.0183442359643,-6.07236351149,0.268422251873
both,0.2,247,20260912,55,2,53,9,44,True,,ok,165.058,0.344746583633,21.0284907758,-1.19407852943,-0.746715831363,0.924799498468,1.18862889296,321.081366604,10.775314095,0.0965230075251,2.79061075153,-0.230117275161,-0.225516983149,0.0879898407402,0.202779694223,-7.00231591254,3.59244859993
both,0.2,248,20260912,55,2,53,10,43,True,,ok,165.058,0.277000782436,16.5121987768,-1.19382044714,-0.685798990216,0.776101806491,1.03569023797,318.534716328,7.93577070014,0.0287772063281,-1.72568124751,-0.229859192871,-0.164600142003,-0.0607078512371,0.0498410392323,-9.54896618897,0.752905205036
both,0.2,249,20260912,55,2,53,9,44,True,,ok,165.058,0.216266900969,13.1916217536,-0.825813446688,-0.349465205136,0.821988301506,0.89319129945,336.967413137,5.96782535499,-0.0319566751388,-5.04625827068,0.138147807581,0.171733643077,-0.0148213562221,-0.0926578992844,8.88373062027,-1.21504014011
both,0.2,250,20260912,55,2,53,8,45,True,,ok,165.058,0.371104855161,23.1507255642,-1.23959931582,-0.634781892021,1.06661685947,1.24121697352,329.241607836,11.9703642223,0.122881279054,4.91284553994,-0.275638061547,-0.113583043808,0.229807201742,0.255367774782,1.15792531907,4.78749872716
both,0.2,251,20260912,55,2,53,9,44,True,,ok,165.058,0.162134421583,9.88970551288,-1.20333950466,-0.425505558114,0.632087207011,0.761964052468,326.052530048,4.59022069647,-0.0860891545246,-8.34817451142,-0.239378250394,0.0956932900992,-0.204722450716,-0.223885146267,-2.03115246883,-2.59264479863
both,0.2,252,20260912,55,2,53,15,38,True,,ok,165.058,0.224871413084,11.8460429335,-0.886815547684,-0.497423897092,0.783296973124,0.927892602354,327.582872229,6.39671901308,-0.0233521630235,-6.39183709076,0.0771457065855,0.0237749511207,-0.0535126846042,-0.0579565963804,-0.500810287796,-0.786146482018
both,0.2,253,20260912,55,2,53,7,46,True,,ok,165.058,0.343378444874,21.8970856855,-1.01732741247,-0.616459249059,1.01637498046,1.18871363526,328.762041776,10.7771404997,0.0951548687669,3.65920566123,-0.0533661581968,-0.0952604008464,0.179565322734,0.202864436529,0.67835925928,3.59427500461
both,0.2,254,20260912,55,2,53,10,43,True,,ok,165.058,0.467485915961,27.8671428356,-1.29072588702,-0.885238716818,1.16563795214,1.46368009524,322.785303065,18.6782583148,0.219262339854,9.6292628113,-0.326764632754,-0.364039868605,0.328828294409,0.47783089651,-5.29837945101,11.4953928197
both,0.2,255,20260912,55,2,53,8,45,True,,ok,165.058,0.205982880404,12.8498807516,-0.612473800066,-0.455271584128,0.750484776311,0.877781074522,328.757464079,5.78669981557,-0.0422406957031,-5.38799927267,0.351487454203,0.0659272640847,-0.0863248814169,-0.108068124212,0.673781562349,-1.39616567954
both,0.2,256,20260912,55,2,53,15,38,True,,ok,165.058,0.2263224519,11.9224824768,-1.00043610871,-0.421106383223,0.80205099591,0.90587879213,332.298869,6.12119650189,-0.0219011242072,-6.31539754746,-0.0364748544385,0.10009246499,-0.0347586618179,-0.0799704066042,4.21518648327,-1.06166899321
both,0.2,257,20260912,55,2,53,13,40,True,,ok,165.058,0.341009401031,18.9095763895,-1.0440844223,-0.288143947251,1.11759875052,1.15414639518,345.542618738,10.057240173,0.0927858249232,0.671696365207,-0.0801231680298,0.233054900962,0.280789092793,0.168297196444,17.4589362218,2.87437467792
both,0.2,258,20260912,55,2,53,14,39,True,,ok,165.058,0.189519438642,10.2464594354,-0.819923688,-0.272658282248,0.758843245633,0.806340877248,340.23624228,5.01624554505,-0.0587041374656,-7.99142058894,0.144037566269,0.248540565965,-0.0779664120952,-0.179508321487,12.1525597631,-2.16661995005
both,0.2,259,20260912,55,2,53,13,40,True,,ok,165.058,0.441226781428,24.4668079628,-1.09015314049,-0.759005555945,1.18758187099,1.40941127222,327.416601047,16.7571083011,0.193003205321,6.22892793845,-0.126191886216,-0.237806707732,0.350772213261,0.423562073484,-0.667081469475,9.57424280604
both,0.2,260,20260912,55,2,53,11,42,True,,ok,165.058,0.391472972822,22.7932645396,-1.12330430909,-0.724761680243,1.11210448124,1.32742452529,326.907597288,14.2228389679,0.143249396714,4.55538451534,-0.159343054818,-0.20356283203,0.275294823508,0.341575326553,-1.17608522839,7.03997347281
both,0.2,261,20260912,55,2,53,14,39,True,,ok,165.058,0.211679290561,11.4445424679,-1.40039730045,-0.519465816019,0.691214259996,0.864651309623,323.074168601,5.63672159627,-0.0365442855469,-6.79333755638,-0.436436046184,0.00173303219449,-0.145595397732,-0.121197889111,-5.00951391537,-1.54614389883
both,0.2,262,20260912,55,2,53,5,48,True,,ok,165.058,0.172863781854,11.5027241292,-1.09816159769,-0.394447428671,0.673021342435,0.780093905474,329.626090256,4.7597150878,-0.0753597942537,-6.73515589507,-0.134200343424,0.126751419542,-0.163788315293,-0.205755293261,1.54240774001,-2.4231504073
both,0.2,263,20260912,55,2,53,10,43,True,,ok,165.058,0.233169492843,13.8993867839,-0.815171511685,-0.546448198902,0.753208450811,0.930552848825,324.039340655,6.43084341025,-0.0150540832645,-4.33849324043,0.148789742584,-0.0252493506888,-0.0836012069172,-0.0552963499098,-4.0443418615,-0.752022084853
both,0.2,264,20260912,55,2,53,10,43,True,,ok,165.058,0.299411798702,17.8481341923,-1.52723307006,-0.644905076762,0.894326318304,1.10259789663,324.204358218,9.07202763578,0.0511882225943,-0.389745832003,-0.563271815793,-0.123706228549,0.0575166605761,0.116748697892,-3.87932429838,1.88916214068
both,0.2,265,20260912,55,2,53,9,44,True,,ok,165.058,0.322952122519,19.6990950798,-1.42703388162,-0.587912695696,0.985666341145,1.14768439644,329.185521779,9.92809674856,0.0747285464115,1.46121505553,-0.463072627349,-0.0667138474826,0.148856683417,0.161835197703,1.10183926294,2.74523125346
both,0.2,266,20260912,55,2,53,15,38,True,,ok,165.058,0.116220593573,6.12240623362,-1.27645964444,-0.378130771132,0.496421357514,0.624032887172,322.702991671,3.48359837145,-0.132002982534,-12.1154737907,-0.312498390167,0.143068077081,-0.340388300214,-0.361816311562,-5.38069084583,-3.69926712366
both,0.2,267,20260912,55,2,53,11,42,True,,ok,165.058,0.154675736094,9.00589623146,-0.996313951862,-0.450945074653,0.580824080091,0.735328547227,322.174650315,4.3520939385,-0.0935478400135,-9.23198379284,-0.0323526975932,0.0702537735606,-0.255985577636,-0.250520651507,-5.90903220181,-2.8307715566
both,0.2,268,20260912,55,2,53,13,40,True,,ok,165.058,0.578102912239,32.0568322954,-1.31529821414,-0.93378741027,1.40099645833,1.68367158432,326.315885074,29.0013728533,0.329879336132,13.8189522711,-0.351336959874,-0.412588562057,0.564186800603,0.697822385582,-1.76779744297,21.8185073582
both,0.2,269,20260912,55,2,53,14,39,True,,ok,165.058,0.323823686321,17.5076830634,-1.11834365616,-0.678852326054,0.924660172735,1.14709934863,323.715220234,9.91648671986,0.0756001102134,-0.730196960902,-0.154382401887,-0.15765347784,0.0878505150067,0.161250149897,-4.36846228253,2.73362122475
both,0.2,270,20260912,55,2,53,8,45,True,,ok,165.058,0.298469245877,18.6194804637,-1.02579120027,-0.755328647286,0.796191814732,1.09747107992,316.508678718,8.97948166712,0.0502456697699,0.381600439433,-0.0618299459999,-0.234129799073,-0.0406178429958,0.111621881184,-11.5750037982,1.79661617201
both,0.2,271,20260912,55,2,53,7,46,True,,ok,165.058,0.273715674762,17.4547228377,-1.16992070231,-0.619946558955,0.85162057668,1.0533714172,323.946842694,8.22141910279,0.0254920986543,-0.783157186576,-0.205959448037,-0.0987477107415,0.0148109189518,0.0675222184703,-4.13683982282,1.03855360769
both,0.2,272,20260912,55,2,53,8,45,True,,ok,165.058,0.192346218258,11.9991814989,-0.663903723136,-0.400419392001,0.735284370612,0.837244764186,331.428279026,5.33607054109,-0.0558773578493,-6.23869852537,0.300057531133,0.120779456212,-0.101525287116,-0.148604434549,3.34459650927,-1.84679495401
both,0.2,273,20260912,55,2,53,5,48,True,,ok,165.058,0.236473895525,15.7354765401,-0.936093311881,-0.304472477557,0.887707872629,0.938471500216,341.068685639,6.53350139154,-0.0117496805827,-2.50240348424,0.0278679423879,0.216726370656,0.0508982149015,-0.0473776985185,12.9850031228,-0.649364103567
both,0.2,274,20260912,55,2,53,10,43,True,,ok,165.058,0.346407764034,20.6495945869,-0.836294654944,-0.564526423554,1.07159887649,1.21120363068,332.219398079,11.2729636481,0.0981841879269,2.41171456265,0.127666599325,-0.0433275753407,0.23478921876,0.225354431949,4.1357155626,4.09009815297
both,0.2,275,20260912,55,2,53,12,41,True,,ok,165.058,0.307107070301,17.4553727925,-1.52240980879,-0.442548908883,1.01011924736,1.10281024236,336.341028557,9.07588126668,0.0588834941931,-0.782507231777,-0.558448554521,0.0786499393298,0.173309589634,0.116961043622,8.25734604045,1.89301577157
both,0.2,276,20260912,55,2,53,10,43,True,,ok,165.058,0.238241210826,14.2017152277,-0.806059321293,-0.588988028796,0.75573024961,0.958141486547,322.068475703,6.79565184497,-0.00998236528116,-4.03616479664,0.157901932977,-0.0677891805833,-0.0810794081173,-0.0277077121877,-6.01520681339,-0.387213650133
both,0.2,277,20260912,55,2,53,12,41,True,,ok,165.058,0.344528877115,19.5823560231,-1.19189554416,-0.781547473001,0.899911488174,1.19191322633,319.026616205,10.8463265155,0.0963053010081,1.34447599881,-0.227934289894,-0.260348624788,0.0631018304462,0.206064027596,-9.05706631172,3.66346102043
both,0.2,278,20260912,55,2,53,14,39,True,,ok,165.058,0.240450280327,13.0000598421,-1.20788347924,-0.558326723118,0.742781675395,0.929221904095,323.068912654,6.41374797913,-0.00777329578021,-5.23782018216,-0.243922224972,-0.0371278749046,-0.0940279823331,-0.0566272946396,-5.01476986298,-0.769117515976
both,0.2,279,20260912,55,2,53,10,43,True,,ok,165.058,0.281429618239,16.7762045911,-1.00006847799,-0.720067796802,0.808828865906,1.08291355441,318.322613397,8.72181282257,0.033206042132,-1.46167543315,-0.0361072237226,-0.198868948589,-0.0279807918213,0.0970643556712,-9.76106911957,1.53894732747
both,0.2,280,20260912,55,2,53,10,43,True,,ok,165.058,0.281874336532,16.802714541,-1.16899330225,-0.524828109653,0.921379772775,1.06037032699,330.333682457,8.3373102635,0.0336507604246,-1.43516548331,-0.205032047977,-0.0036292614402,0.0845701150476,0.0745211282562,2.24999994066,1.1544447684
both,0.2,281,20260912,55,2,53,6,47,True,,ok,165.058,0.307014633185,20.003794774,-0.978690815105,-0.728721379618,0.846195681664,1.1167282484,319.265837551,9.33206665541,0.0587910570775,1.76591474968,-0.0147295608353,-0.207522531405,0.00938602393652,0.130879049668,-8.81784496544,2.14920116031
both,0.2,282,20260912,55,2,53,8,45,True,,ok,165.058,0.272391926893,16.992692652,-1.19090316517,-0.683512995923,0.764847769046,1.02575929214,318.214150739,7.77970628011,0.0241683507853,-1.24518737233,-0.226941910901,-0.16231414771,-0.0719618886819,0.0399100934047,-9.86953177757,0.596840785006
both,0.2,283,20260912,55,2,53,8,45,True,,ok,165.058,0.199009306908,12.4148465989,-0.697869099226,-0.411144597739,0.77008618576,0.872967704871,331.902497189,5.73126004528,-0.0492142691996,-5.82303342535,0.266092155043,0.110054250474,-0.0667234719682,-0.112881493863,3.81881467245,-1.45160544982
both,0.2,284,20260912,55,2,53,10,43,True,,ok,165.058,0.141449359382,8.43188931972,-0.942475320212,-0.189253884971,0.671268706098,0.697437243602,344.255018408,4.03446816347,-0.106774216725,-9.80599070458,0.0214859340574,0.331944963242,-0.16554095163,-0.288411955132,16.1713358916,-3.14839733163
both,0.2,285,20260912,55,2,53,11,42,True,,ok,165.058,0.254821934586,14.8368448623,-1.29339428557,-0.412872171527,0.87051856481,0.963465620404,334.625808864,6.86840040078,0.00659835847896,-3.40103516202,-0.329433031299,0.108326676686,0.0337089070825,-0.0223835783301,6.54212634784,-0.314465094325
both,0.2,286,20260912,55,2,53,6,47,True,,ok,165.058,0.137695774204,8.97168314049,-0.703380346037,-0.374170293889,0.566558233266,0.678963651833,326.558154556,3.8881260396,-0.110527801903,-9.26619688381,0.260580908232,0.147028554324,-0.270251424462,-0.306885546901,-1.5255279609,-3.2947394555
both,0.2,287,20260912,55,2,53,9,44,True,,ok,165.058,0.207788476968,12.6744637328,-0.976925881047,-0.492960301586,0.721794729164,0.874069499519,325.668304152,5.74390331374,-0.0404350991392,-5.56341629152,-0.0129646267773,0.0282385466267,-0.115014928564,-0.111779699216,-2.41537836489,-1.43896218137
both,0.2,288,20260912,55,2,53,11,42,True,,ok,165.058,0.20939231548,12.1917342209,-1.19021093578,-0.392676959209,0.784085575949,0.876918117446,333.397887992,5.77672108215,-0.0388312606277,-6.04614580343,-0.226249681513,0.128521889004,-0.0527240817789,-0.108931081289,5.31420547553,-1.40614441295
both,0.2,289,20260912,55,2,53,10,43,True,,ok,165.058,0.210761803106,12.563649665,-0.955487299973,-0.312289151426,0.814343404056,0.872169532733,339.018889267,5.72211827976,-0.0374617730009,-5.6742303593,0.00847395429618,0.208909696787,-0.0224662536715,-0.113679666001,10.9352067503,-1.46074721534
both,0.2,290,20260912,55,2,53,15,38,True,,ok,165.058,0.227654135024,11.9926344594,-0.953529596528,-0.553444152056,0.731974088634,0.91765270984,322.90714632,6.26704793294,-0.0205694410833,-6.24524556486,0.0104316577414,-0.0322453038434,-0.104835569094,-0.0681964888943,-5.17653619611,-0.91581756216
both,0.2,291,20260912,55,2,53,7,46,True,,ok,165.058,0.245868691535,15.67893351,-1.27821965318,-0.554205684419,0.797995890709,0.971566457959,325.220140453,6.98058633865,-0.00235488457213,-2.55894651434,-0.314258398909,-0.0330068362058,-0.0388137670189,-0.0142827407756,-2.86354206378,-0.202279156457
both,0.2,292,20260912,55,2,53,8,45,True,,ok,165.058,0.362486041464,22.6130559869,-1.05438931947,-0.596344570256,1.08171973813,1.23521028101,331.132357372,11.8274199696,0.114262465356,4.37517596265,-0.0904280651971,-0.0751457220424,0.244910080398,0.24936108228,3.0486748556,4.64455447445
both,0.2,293,20260912,55,2,53,12,41,True,,ok,165.058,0.30265900425,17.2025533083,-1.23591465981,-0.716623321796,0.797363076143,1.07207129452,318.052649041,8.53472033652,0.0544354281425,-1.03532671601,-0.27195340554,-0.195424473583,-0.0394465815843,0.0862220957882,-10.0310334757,1.35185484142
both,0.2,294,20260912,55,2,53,12,41,True,,ok,165.058,0.266420500386,15.1428267322,-0.935897875423,-0.420604772587,0.929300861475,1.02005316815,335.648328637,7.69142703335,0.0181969242786,-3.09505329205,0.0280633788463,0.100594075626,0.0924912037471,0.0342039694195,7.56464612067,0.508561538245
both,0.2,295,20260912,55,2,53,8,45,True,,ok,165.058,0.149577903663,9.33115519781,-1.34488739017,-0.242695457499,0.672003548874,0.714485727492,340.142710754,4.17440342127,-0.0986456724447,-8.90672482649,-0.380926135899,0.278503390714,-0.164806108854,-0.271363471242,12.0590282379,-3.00846207383
both,0.2,296,20260912,55,2,53,11,42,True,,ok,165.058,0.341852170505,19.9041249249,-1.1646645486,-0.328562222702,1.10824030225,1.15591941835,343.486384275,10.0929669197,0.0936285943975,1.66624490062,-0.20070329433,0.192636625511,0.271430644522,0.170070219615,15.4027017585,2.91010142456
both,0.2,297,20260912,55,2,53,11,42,True,,ok,165.058,0.353138010147,20.5612357509,-1.09665663951,-0.455287300583,1.1051932474,1.19529855692,337.610657652,10.9200124873,0.104914434039,2.32335572656,-0.132695385242,0.06591154763,0.268383589675,0.209449358186,9.52697513551,3.7371469922
both,0.2,298,20260912,55,2,53,13,40,True,,ok,165.058,0.308328991291,17.0973896799,-0.856101791408,-0.634192437101,0.899313810946,1.10043872062,324.808665316,9.03293589364,0.0601054151835,-1.14049034444,0.107859462861,-0.112993588888,0.0625041532183,0.114589521883,-3.27501720089,1.85007039853
both,0.2,299,20260912,55,2,53,8,45,True,,ok,165.058,0.142070816285,8.86283871732,-0.675626196782,-0.342032385182,0.598746266021,0.689552930229,330.262934589,3.97134909924,-0.106152759822,-9.37504130698,0.288335057487,0.179166463031,-0.238063391707,-0.296296268505,2.17925207299,-3.21151639586
both,0.2,300,20260912,55,2,53,9,44,True,,ok,165.058,0.285067997422,17.3882789239,-1.33877534857,-0.63449533677,0.864275695452,1.07217387122,323.716291645,8.53647144303,0.0368444213146,-0.849601100377,-0.374814094302,-0.113296488557,0.0274660377242,0.0863246724879,-4.36739087148,1.35360594792
both,0.2,301,20260912,55,2,53,12,41,True,,ok,165.058,0.348187704511,19.7903167064,-1.32239020703,-0.723213983849,0.919996334775,1.17022720975,321.828924476,10.385955071,0.0999641284034,1.55243668206,-0.358428952757,-0.202015135636,0.0831866770474,0.184378011014,-6.25475804001,3.20308957592
both,0.2,302,20260912,55,2,53,11,42,True,,ok,165.058,0.324520440271,18.8949959695,-0.736501930302,-0.637148034123,0.939554197382,1.13521791177,325.857286556,9.68362024422,0.0762968641633,0.65711594515,0.227459323967,-0.11594918591,0.102744539655,0.149368713037,-2.22639596025,2.50075474912
both,0.2,303,20260912,55,2,53,12,41,True,,ok,165.058,0.205536218917,11.6822817529,-1.14146644215,-0.533608362548,0.684074800315,0.867580668876,322.044205971,5.66984248966,-0.0426873571903,-6.55559827138,-0.177505187882,-0.0124095143351,-0.152734857413,-0.118268529859,-6.03947654598,-1.51302300545
both,0.2,304,20260912,55,2,53,8,45,True,,ok,165.058,0.193447920309,12.0679092493,-1.62385573047,-0.425923654287,0.725090270141,0.840932137056,329.569693118,5.37556816806,-0.0547756557984,-6.16997077503,-0.659894476196,0.0952751939258,-0.111719387587,-0.144917061678,1.48601060149,-1.80729732704
both,0.2,305,20260912,55,2,53,12,41,True,,ok,165.058,0.247139759534,14.0469466571,-0.979164877989,-0.386386793737,0.881261929418,0.96224598862,336.32508816,6.85166697882,-0.00108381657323,-4.19093336722,-0.0152036237198,0.134812054476,0.0444522716897,-0.0236032101144,8.24140564353,-0.331198516286
both,0.2,306,20260912,55,2,53,9,44,True,,ok,165.058,0.197217124405,12.0296434491,-0.67704035358,-0.489708079753,0.704015946079,0.857585246905,325.177822216,5.5576229719,-0.0510064517021,-6.20823657521,0.286920900689,0.0314907684597,-0.132793711649,-0.12826395183,-2.90586030048,-1.6252425232
both,0.2,307,20260912,55,2,53,13,40,True,,ok,165.058,0.188863050708,10.4727912888,-1.35739707057,-0.491838662206,0.669543598617,0.830779092232,323.699444544,5.26751220885,-0.0593605253997,-7.7650887355,-0.393435816297,0.0293601860071,-0.167266059111,-0.155070106503,-4.38423797216,-1.91535328625
both,0.2,308,20260912,55,2,53,13,40,True,,ok,165.058,0.286252319974,15.8731990815,-1.40635784366,-0.683653510853,0.768114764626,1.02829101646,318.329611677,7.81919832194,0.0380287438666,-2.3646809428,-0.442396589386,-0.16245466264,-0.0686948931014,0.042441817729,-9.75407083975,0.636332826842
both,0.2,309,20260912,55,2,53,8,45,True,,ok,165.058,0.278017628469,17.3436421788,-0.91836155258,-0.497395825982,0.897832865922,1.0264046292,331.013722072,7.78975382827,0.029794052362,-0.894237845541,0.045599701689,0.0238030222313,0.0610232081941,0.040555430461,2.93003955551,0.606888333164
both,0.2,310,20260912,55,2,53,10,43,True,,ok,165.058,0.157951992233,9.41562211489,-0.990496292372,-0.178836209116,0.71308728819,0.735170640239,345.921084129,4.35071970342,-0.0902715838745,-8.82225790941,-0.0265350381028,0.342362639097,-0.123722369537,-0.250678558495,17.8374016123,-2.83214579168
both,0.2,311,20260912,55,2,53,8,45,True,,ok,165.058,0.156614766447,9.77013754168,-0.755308218479,-0.416362475898,0.613966047214,0.741830181691,325.856752347,4.40905492328,-0.0916088096609,-8.46774248262,0.208653035791,0.104836372315,-0.222843610514,-0.244019017044,-2.22693016963,-2.77381057182
both,0.2,312,20260912,55,2,53,12,41,True,,ok,165.058,0.212137693852,12.0574968395,-1.09244515315,-0.397633751367,0.761396624228,0.858974632695,332.424518748,5.57308781335,-0.0360858822551,-6.18038318479,-0.128483898884,0.123565096846,-0.0754130334995,-0.12687456604,4.34083623123,-1.60977768175
both,0.2,313,20260912,55,2,53,15,38,True,,ok,165.058,0.283208532267,14.9191948695,-1.44194666839,-0.693538208174,0.814744567278,1.06995511873,319.59444449,8.4986747321,0.03498495616,-3.31868515477,-0.477985414124,-0.172339359961,-0.0220650904495,0.0841059200006,-8.48923802669,1.315809237
both,0.2,314,20260912,55,2,53,7,46,True,,ok,165.058,0.242193640602,15.4445772002,-1.02781206542,-0.458587400076,0.845628594816,0.96197199745,331.528865354,6.84791341485,-0.00602993550499,-2.79330282405,-0.0638508111482,0.0626114481373,0.00881893708809,-0.023877201284,3.44518283712,-0.334952080248
both,0.2,315,20260912,55,2,53,11,42,True,,ok,165.058,0.303226678556,17.6551802542,-1.47610230108,-0.704888922887,0.849324574829,1.1037303235,320.30934302,9.09259773694,0.0550031024482,-0.582699770143,-0.512141046816,-0.183690074674,0.0125149171013,0.117881124767,-7.77433949636,1.90973224183
both,0.2,316,20260912,55,2,53,11,42,True,,ok,165.058,0.252403354772,14.6960245928,-1.14718225858,-0.57616375576,0.774665197063,0.965438160108,323.359663592,6.89555030481,0.00417977866435,-3.54185543149,-0.183221004314,-0.054964907547,-0.0621444606649,-0.0204110386267,-4.72401892498,-0.287315190294
both,0.2,317,20260912,55,2,53,10,43,True,,ok,165.058,0.24985618507,14.8940914795,-0.887048264926,-0.47795936434,0.868718127511,0.991522233249,331.18088253,7.2648268733,0.00163260896305,-3.34378854477,0.0769129893435,0.0432394838728,0.0319084697831,0.00567303451442,3.09720001357,0.0819613781984
both,0.2,318,20260912,55,2,53,13,40,True,,ok,165.058,0.233986273455,12.9749540588,-0.887293722021,-0.608287002327,0.70247781378,0.929240634095,319.110177045,6.41398824264,-0.0142373026521,-5.26292596548,0.0766675322482,-0.0870881541144,-0.134331843947,-0.0566085646389,-8.97350547158,-0.768877252467
both,0.2,319,20260912,55,2,53,12,41,True,,ok,165.058,0.17873415446,10.1589041691,-0.827272149941,-0.309414347407,0.725918071193,0.789109805075,336.914422486,4.84631978721,-0.0694894216479,-8.07897585516,0.136689104328,0.211784500806,-0.110891586535,-0.196739393659,8.83073996984,-2.33654570789
both,0.2,320,20260912,55,2,53,9,44,True,,ok,165.058,0.239145133513,14.5871242035,-0.804017285837,-0.586894728125,0.765258295499,0.96439912937,322.514546189,6.88123580573,-0.00907844259436,-3.65075582085,0.159943968432,-0.0656958799115,-0.0715513622292,-0.0214500693643,-5.56913632795,-0.301629689377
both,0.2,321,20260912,55,2,53,8,45,True,,ok,165.058,0.247088963549,15.4142116588,-0.873407403334,-0.417331158958,0.868862535873,0.963891800194,334.34414258,6.87425724337,-0.00113461255872,-2.82366836549,0.0905538509353,0.103867689255,0.0320528781456,-0.0219573985403,6.2604600632,-0.308608251733
both,0.2,322,20260912,55,2,53,9,44,True,,ok,165.058,0.309491460622,18.8780357337,-1.2449677144,-0.428281501993,1.01033943132,1.09736539558,337.027978648,8.97758388659,0.0612678845145,0.640155709399,-0.281006460132,0.0929173462198,0.17352977359,0.111516196849,8.94429613134,1.79471839149
both,0.2,323,20260912,55,2,53,7,46,True,,ok,165.058,0.253484633206,16.1645986116,-1.34084738201,-0.365402331922,0.899128008983,0.970541107173,337.883355135,6.96628590724,0.00526105709812,-2.07328141271,-0.376886127743,0.155796516291,0.0623183512555,-0.0153080915617,9.79967261814,-0.216579587866
both,0.2,324,20260912,55,2,53,11,42,True,,ok,165.058,0.124932146841,7.27409468893,-0.671085607549,-0.463385754648,0.46118804807,0.653774252547,314.86380852,3.69709917387,-0.123291429266,-10.9637853354,0.29287564672,0.057813093565,-0.375621609658,-0.332074946188,-13.2198739963,-3.48576632123
both,0.2,325,20260912,55,2,53,12,41,True,,ok,165.058,0.172164951995,9.78552338745,-1.14120850702,-0.382841085072,0.694197634311,0.792765824126,331.123828332,4.88188613493,-0.0760586241126,-8.45235663685,-0.177247252749,0.138357763141,-0.142612023417,-0.193083374608,3.0401458156,-2.30097936017
both,0.2,326,20260912,55,2,53,9,44,True,,ok,165.058,0.332716553194,20.294695588,-1.12454873214,-0.579823164114,0.988903950862,1.14635331625,329.615663209,9.90170171226,0.0844929770871,2.05681556367,-0.160587477867,-0.0586243159009,0.152094293134,0.160504117514,1.53198069243,2.71883621716
both,0.2,327,20260912,55,2,53,17,36,True,,ok,165.058,0.302587005898,15.1010877609,-1.24099196457,-0.439776877918,1.00732759285,1.09914174776,336.41498605,9.00953531139,0.0543634297902,-3.13679226343,-0.277030710296,0.0814219702955,0.170517935127,0.113292549029,8.33130353345,1.82666981628
both,0.2,328,20260912,55,2,53,17,36,True,,ok,165.058,0.266957428896,13.3229368201,-1.54853694614,-0.503434353154,0.870986445283,1.00601368569,329.971881234,7.47846361172,0.0187338527884,-4.91494320415,-0.584575691876,0.0177644950595,0.0341767875551,0.0201644869587,1.88819871796,0.295598116616
both,0.2,329,20260912,55,2,53,14,39,True,,ok,165.058,0.281695687401,15.2300125768,-0.640266094285,-0.623573892121,0.859945555279,1.06223855935,324.052937573,8.36852060107,0.0334721112931,-3.00786744749,0.323695159985,-0.102375043908,0.0231358975508,0.0763893606198,-4.0307449432,1.18565510597
both,0.2,330,20260912,55,2,53,8,45,True,,ok,165.058,0.208506332167,13.0073018643,-0.932683911652,-0.368999561941,0.787887814124,0.870016025345,334.904416685,5.69752602939,-0.0397172439407,-5.23057815997,0.0312773426171,0.152199286272,-0.0489218436035,-0.115833173389,6.820734169,-1.48533946571
both,0.2,331,20260912,55,2,53,9,44,True,,ok,165.058,0.169102845474,10.3147581297,-0.920599643985,-0.457788746209,0.641551422436,0.788136259657,324.489668539,4.836892743,-0.0791207306336,-7.9231218946,0.0433616102839,0.0634101020037,-0.195258235292,-0.197712939078,-3.59401397797,-2.3459727521
both,0.2,332,20260912,55,2,53,13,40,True,,ok,165.058,0.248777472436,13.7951522885,-1.11662422776,-0.34664699119,0.873607290631,0.939869051914,338.356843665,6.55178874908,0.000553896329046,-4.44272773581,-0.152662973495,0.174551857023,0.0367976329032,-0.0459801468207,10.2731611487,-0.631076746021
both,0.2,333,20260912,55,2,53,10,43,True,,ok,165.058,0.21502917924,12.8180307622,-1.34448676573,-0.685066889787,0.586474714311,0.901814412176,310.566298704,6.07164045267,-0.0331943968677,-5.41984926208,-0.380525511456,-0.163868041574,-0.250334943417,-0.0840347865581,-17.5173838124,-1.11122504244
both,0.2,334,20260912,55,2,53,8,45,True,,ok,165.058,0.213922209384,13.3451618665,-1.09865034228,-0.451637374198,0.756522137499,0.881080054421,329.163152614,5.8250064622,-0.0343013667231,-4.89271815785,-0.134689088008,0.0695614740149,-0.0802875202289,-0.104769144313,1.07947009792,-1.3578590329
both,0.2,335,20260912,55,2,53,11,42,True,,ok,165.058,0.16162095424,9.41027713506,-0.644319229631,-0.569379326766,0.491715865014,0.752314634747,310.813883466,4.50248411263,-0.0866026218677,-8.82760288924,0.319642024638,-0.0481804785534,-0.345093792714,-0.233534563987,-17.2697990506,-2.68038138247
both,0.2,336,20260912,55,2,53,7,46,True,,ok,165.058,0.189361913218,12.0755222153,-0.70356151772,-0.445691150809,0.707500177465,0.836180066147,327.791041162,5.32472002258,-0.0588616628891,-6.16235780905,0.26039973655,0.0755076974042,-0.129309480263,-0.149669132587,-0.292641354222,-1.85814547252
both,0.2,337,20260912,55,2,53,8,45,True,,ok,165.058,0.266751313308,16.6408128657,-1.37784090036,-0.360842425441,0.930074409208,0.997619999129,338.795162845,7.35396775557,0.0185277372001,-1.59706715862,-0.413879646087,0.160356422772,0.0932647514805,0.0117708003946,10.7114803284,0.171102260465
both,0.2,338,20260912,55,2,53,11,42,True,,ok,165.058,0.285695236505,16.6344232054,-0.705161138173,-0.378552044228,0.969713634217,1.0409832768,338.675565078,8.02022561956,0.0374716603975,-1.60345681895,0.258800116096,0.142646803985,0.132903976489,0.0551340780643,10.5918825617,0.837360124457
both,0.2,339,20260912,55,2,53,7,46,True,,ok,165.058,0.30547227092,19.4798263861,-0.920268587758,-0.522935130878,0.976182686374,1.10742665142,331.822316519,9.16006525754,0.0572486948128,1.24194636184,0.0436926665113,-0.00173628266499,0.139373028646,0.121577452689,3.73863400231,1.97719976244
both,0.2,340,20260912,55,2,53,8,45,True,,ok,165.058,0.194095516587,12.1083084074,-0.916612912933,-0.496418411416,0.680549370523,0.842364935709,323.891576374,5.39099447395,-0.0541280595201,-6.12957161693,0.0473483413363,0.0247804367972,-0.156260287205,-0.143484263026,-4.19210614207,-1.79187102115
both,0.2,341,20260912,55,2,53,4,49,True,,ok,165.058,0.249723041317,16.963292557,-0.88300893163,-0.540661976457,0.838630305634,0.997805673623,327.1902682,7.35669915117,0.00149946520973,-1.27458746734,0.0809523226391,-0.0194631282441,0.0018206479064,0.0119564748889,-0.893414316207,0.173833656071
both,0.2,342,20260912,55,2,53,10,43,True,,ok,165.058,0.227777310883,13.5779552717,-0.576479849025,-0.54425127989,0.764549820731,0.938480625289,324.554514716,6.53362062998,-0.0204462652248,-4.65992475259,0.387481405245,-0.0230524316772,-0.0722598369966,-0.0473685734456,-3.52916780073,-0.649244865126
both,0.2,343,20260912,55,2,53,7,46,True,,ok,165.058,0.227993889352,14.5390655862,-0.787876951134,-0.251066318458,0.873695750448,0.90905366212,343.967398883,6.16018817052,-0.0202296867558,-3.69881443812,0.176084303136,0.270132529756,0.0368860927202,-0.0767955366139,15.8837163661,-1.02267732458
both,0.2,344,20260912,55,2,53,13,40,True,,ok,165.058,0.193867496468,10.7502966863,-0.718717852184,-0.32047039603,0.735851896554,0.802607804842,336.466423356,4.97893299319,-0.0543560796399,-7.487583338,0.245243402085,0.200728452183,-0.100957761174,-0.183241393892,8.38274083915,-2.20393250191
both,0.2,345,20260912,55,2,53,7,46,True,,ok,165.058,0.245628628853,15.663624823,-1.3825419544,-0.427134381546,0.852470445738,0.953493387893,333.386622213,6.73277085448,-0.00259494725448,-2.57425520131,-0.418580700133,0.0940644666669,0.0156607880102,-0.0323558108414,5.30293969645,-0.450094640625
both,0.2,346,20260912,55,2,53,13,40,True,,ok,165.058,0.229275461849,12.7137311962,-1.27762005216,-0.518385860356,0.808261526497,0.960213827974,327.325549147,6.82387611658,-0.0189481142582,-5.52414882811,-0.313658797892,0.00281298785668,-0.0285481312311,-0.0256353707605,-0.758133369224,-0.358989378523
both,0.2,347,20260912,55,2,53,12,41,True,,ok,165.058,0.301249523063,17.1224411196,-1.35132769461,-0.606581728407,0.907930786439,1.09191561313,326.253413037,8.88026346693,0.0530259469556,-1.11543890469,-0.387366440336,-0.0853828801942,0.0711211287107,0.106066414397,-1.83026947901,1.69739797183
both,0.2,348,20260912,55,2,53,3,50,True,,ok,165.058,0.27812228943,19.2779680769,-0.982019869658,-0.530447430179,0.901020057137,1.0455676064,329.513878923,8.09409847497,0.0298987133223,1.04008805261,-0.0180586153885,-0.00924858196633,0.0642103994096,0.0597184076631,1.43019640632,0.911232979863
both,0.2,349,20260912,55,2,53,11,42,True,,ok,165.058,0.172711891779,10.0560399102,-0.684892547226,-0.219114405715,0.72473196631,0.757131128526,343.177909737,4.54606606123,-0.0755116843286,-8.18184011411,0.279068707043,0.302084442498,-0.112077691418,-0.228718070208,15.0942272201,-2.63679943387
both,0.2,350,20260912,55,2,53,14,39,True,,ok,165.058,0.247345283554,13.3728415018,-0.447319677946,-0.623831320288,0.738799933961,0.96694925337,319.822766171,6.91642146641,-0.000878292553541,-4.86503852253,0.516641576324,-0.102632472075,-0.0980097237667,-0.0188999453641,-8.2609163457,-0.266444028694
both,0.2,351,20260912,55,2,53,13,40,True,,ok,165.058,0.23780230125,13.1865595714,-1.2796905594,-0.452505266398,0.790641533011,0.910974780024,330.216341182,6.18390259512,-0.0104212748574,-5.05132045293,-0.315729305135,0.0686935818151,-0.0461681247168,-0.0748744187103,2.13265866513,-0.998962899985
both,0.2,352,20260912,55,2,53,13,40,True,,ok,165.058,0.361337322526,20.0367957072,-0.949626011246,-0.641975792672,1.04347918622,1.22514559561,328.399079311,11.5917216354,0.113113746419,1.79891568292,0.0143352430234,-0.120776944458,0.206669528491,0.239296396878,0.315396794377,4.40885614035
both,0.2,353,20260912,55,2,53,6,47,True,,ok,165.058,0.267275407607,17.4145523503,-0.788158047656,-0.658931806196,0.794910031491,1.03250815173,320.343345095,7.88542645629,0.0190518315,-0.823327673985,0.175803206614,-0.137732957983,-0.0418996262367,0.0466589529922,-7.74033742128,0.702560961184
both,0.2,354,20260912,55,2,53,11,42,True,,ok,165.058,0.317610794253,18.4926862304,-1.33446978128,-0.483663336231,1.0121866687,1.12180750359,334.459660475,9.42734969878,0.0693872181455,0.25480620605,-0.370508527011,0.0375355119817,0.175377010969,0.135958304852,6.37597795894,2.24448420367
both,0.2,355,20260912,55,2,53,11,42,True,,ok,165.058,0.276728674414,16.1123508378,-0.932747910312,-0.628176494253,0.83813153626,1.04741118001,323.148576756,8.12399769521,0.0285050983063,-2.12552918651,0.0312133439576,-0.10697764604,0.00132187853241,0.0615619812738,-4.93510576049,0.941132200105
both,0.2,356,20260912,55,2,53,11,42,True,,ok,165.058,0.256589970367,14.9397876197,-0.917959396472,-0.577944746191,0.819993800124,1.00319986139,324.823206427,7.43649564763,0.00836639425934,-3.29809240465,0.0460018577969,-0.056745897978,-0.0168158576037,0.0173506626551,-3.2604760896,0.253630152527
both,0.2,357,20260912,55,2,53,12,41,True,,ok,165.058,0.425458531254,24.1822412735,-1.36382032576,-0.951325754797,0.963046730471,1.35369113789,315.350795914,14.9899844654,0.177234955147,5.94436124918,-0.399859071494,-0.430126906584,0.126237072743,0.367841939159,-12.732886602,7.80711897035
both,0.2,358,20260912,55,2,53,18,35,True,,ok,165.058,0.108370352805,5.2581623152,-2.10590664325,-0.108894851288,0.587849377737,0.597850298606,349.505332652,3.30587304481,-0.139853223303,-12.9797177091,-1.14194538898,0.412303996925,-0.248960279991,-0.387998900129,21.4216501356,-3.8769924503
both,0.2,359,20260912,55,2,53,13,40,True,,ok,165.058,0.141184837029,7.82894973794,-0.838905573295,-0.476409026609,0.516012611177,0.702306610768,317.285233208,4.0739507201,-0.107038739079,-10.4089302864,0.125055680974,0.0447898216042,-0.320797046551,-0.283542587967,-10.7984493081,-3.108914775
both,0.2,360,20260912,55,2,53,9,44,True,,ok,165.058,0.230109086945,14.0359529057,-0.991379419566,-0.391398736662,0.833229542166,0.920578318776,334.838819582,6.30382528703,-0.0181144891622,-4.20192711862,-0.027418165297,0.129800111551,-0.00358011556138,-0.0652708799587,6.75513706568,-0.879040208068
both,0.2,361,20260912,55,2,53,12,41,True,,ok,165.058,0.138351598559,7.86363767831,-1.23042586316,-0.430418382333,0.543435629989,0.693240411252,321.619651104,4.00074591507,-0.109871977548,-10.374242346,-0.266464608894,0.0907804658799,-0.293374027738,-0.292608787483,-6.46403141225,-3.18211958003
both,0.2,362,20260912,55,2,53,13,40,True,,ok,165.058,0.183577281343,10.1796859982,-0.748755082743,-0.472555681148,0.640074268841,0.795615448202,323.562194108,4.90978865162,-0.0646462947643,-8.05819402607,0.215206171526,0.0486431670652,-0.196735388886,-0.190233750532,-4.52148840827,-2.27307684348
both,0.2,363,20260912,55,2,53,14,39,True,,ok,165.058,0.228794475736,12.3698831711,-1.63573385293,-0.578514411203,0.735164300954,0.935492102248,321.80013706,6.49468535327,-0.0194291003717,-5.86799685316,-0.671772598666,-0.05731556299,-0.101645356773,-0.0503570964868,-6.28354545671,-0.688180141832
both,0.2,364,20260912,55,2,53,10,43,True,,ok,165.058,0.267159924308,15.9255787532,-1.30185377006,-0.615920289355,0.829503377941,1.03316680979,323.405488869,7.89582090063,0.0189363482003,-2.31230127114,-0.337892515795,-0.0947214411423,-0.0073062797869,0.0473176110573,-4.67819364753,0.71295540553
both,0.2,365,20260912,55,2,53,9,44,True,,ok,165.058,0.201828040644,12.3108952851,-1.25176543912,-0.390178731333,0.766779904557,0.860343457241,333.03056754,5.58836587558,-0.0463955354633,-5.92698473922,-0.287804184856,0.131020116881,-0.0700297531708,-0.125505741494,4.94688502367,-1.59449961952
both,0.2,366,20260912,55,2,53,8,45,True,,ok,165.058,0.282501996565,17.6233916179,-1.26394378118,-0.542036261191,0.895897966588,1.04710862616,328.825219501,8.11908328873,0.0342784204571,-0.614488406387,-0.299982526914,-0.0208374129776,0.0590883088606,0.0612594274276,0.741536984449,0.936217793629
both,0.2,367,20260912,55,2,53,12,41,True,,ok,165.058,0.358684579897,20.3869388318,-0.95327308732,-0.683743982219,1.00180175018,1.21289429872,325.685906018,11.3111458438,0.11046100379,2.1490588075,0.0106881669493,-0.162545134006,0.164992092448,0.227045099989,-2.39777649848,4.12828034871
both,0.2,368,20260912,55,2,53,10,43,True,,ok,165.058,0.290443250648,17.3135131457,-0.872071407356,-0.794694732071,0.747366324374,1.09091527627,313.242049482,8.86251471773,0.0422196745404,-0.924366878566,0.0918898469128,-0.273495883858,-0.089443333354,0.105066077531,-14.841633035,1.67964922263
both,0.2,369,20260912,55,2,53,9,44,True,,ok,165.058,0.204509145379,12.4744345016,-0.881711800406,-0.352185481603,0.775334227765,0.851573706849,335.570694578,5.49120331024,-0.0437144307285,-5.7634455227,0.0822494538628,0.16901336661,-0.0614754299628,-0.134275491886,7.48701206129,-1.69166218486
both,0.2,370,20260912,55,2,53,12,41,True,,ok,165.058,0.248995081302,14.1523995634,-1.3238364126,-0.616033463662,0.749592865563,0.970250839966,320.58581112,6.9622429122,0.000771505194433,-4.08548046093,-0.359875158327,-0.0948346154488,-0.0872167921643,-0.0155983587682,-7.49787139698,-0.220622582904
both,0.2,371,20260912,55,2,53,7,46,True,,ok,165.058,0.290416230838,18.5197096267,-1.19820997284,-0.539503242244,0.929797419905,1.074982321,329.876089573,8.58455485905,0.0421926547305,0.28182960236,-0.234248718575,-0.0183043940306,0.0929877621775,0.0891331222617,1.79240705643,1.40168936395
both,0.2,372,20260912,55,2,53,14,39,True,,ok,165.058,0.126068143665,6.81593471048,-0.914554985995,-0.452523911309,0.458877489748,0.644473770532,315.399414936,3.62896520834,-0.122155432443,-11.4219453138,0.0494062682745,0.0686749369039,-0.37793216798,-0.341375428202,-12.6842675803,-3.55390028676
both,0.2,373,20260912,55,2,53,10,43,True,,ok,165.058,0.265941530669,15.8529495072,-1.06140225363,-0.517559844952,0.875114286243,1.01670704094,329.399092988,7.64012589828,0.0177179545616,-2.38493051707,-0.0974409993636,0.00363900326159,0.038304628515,0.0308578422034,1.31541047135,0.457260403181
both,0.2,374,20260912,55,2,53,14,39,True,,ok,165.058,0.21920573834,11.8514634805,-0.889672298883,-0.218225133744,0.844682758469,0.872416856469,345.514285852,5.72494941125,-0.029017837767,-6.38641654383,0.0742889553867,0.302973714469,0.00787310074083,-0.113432342265,17.4306033353,-1.45791608385
both,0.2,375,20260912,55,2,53,12,41,True,,ok,165.058,0.167745726848,9.53434316448,-1.40564454587,-0.418244149458,0.647871043256,0.771145289323,327.155048683,4.67528712818,-0.0804778492596,-8.70353685982,-0.441683291601,0.102954698755,-0.188938614472,-0.214703909411,-0.928633833472,-2.50757836692
both,0.2,376,20260912,55,2,53,10,43,True,,ok,165.058,0.228094018424,13.5968344165,-1.03596855371,-0.429678584837,0.821287831913,0.926896644247,332.382487692,6.38398996657,-0.0201295576837,-4.64104560782,-0.0720072994404,0.0915202633759,-0.0155218258147,-0.0589525544874,4.29880517506,-0.798875528531
both,0.2,377,20260912,55,2,53,12,41,True,,ok,165.058,0.12571338029,7.14530575873,-1.13577874266,-0.357013565323,0.537698222056,0.645428589254,326.417174688,3.6359018373,-0.122510195818,-11.0925742656,-0.171817488392,0.16418528289,-0.299111435672,-0.34042060948,-1.66650782845,-3.5469636578
both,0.2,378,20260912,55,2,53,12,41,True,,ok,165.058,0.25543329887,14.5183354165,-0.820891007521,-0.367970477074,0.892845169055,0.965699108368,337.601851096,6.89915000778,0.00720972276293,-3.71954460779,0.143070246749,0.153228371139,0.0560355113271,-0.0201500903662,9.51816857906,-0.283715487325
both,0.2,379,20260912,55,2,53,10,43,True,,ok,165.058,0.227410453086,13.5560866372,-0.911396492707,-0.32967734731,0.849505849557,0.911233966532,338.789697582,6.18710899434,-0.0208131230211,-4.68179338705,0.0525647615621,0.191521500903,0.0126961918295,-0.0746152322025,10.7060150658,-0.995756500765
both,0.2,380,20260912,55,2,53,10,43,True,,ok,165.058,0.235642221991,14.0467877943,-0.635503832736,-0.34502457026,0.886577264649,0.951347045129,338.735769211,6.70393113068,-0.0125813541162,-4.19109223001,0.328457421533,0.176174277953,0.0497676069211,-0.0345021536055,10.6520866942,-0.478934364419
both,0.2,381,20260912,55,2,53,14,39,True,,ok,165.058,0.21841556702,11.8087424887,-1.0297575578,-0.197796875299,0.858004977742,0.880509026478,347.018335124,5.81835777659,-0.0298080090878,-6.42913753564,-0.0657963035314,0.323401972914,0.0211953200146,-0.105340172257,18.9346526075,-1.36450771851
both,0.2,382,20260912,55,2,53,13,40,True,,ok,165.058,0.181464976849,10.0625549658,-0.912804340805,-0.281413300627,0.745922892079,0.797241749219,339.330082698,4.92578423971,-0.0667585992587,-8.17532505845,0.0511569134644,0.239785547586,-0.090886765649,-0.188607449516,11.2464001812,-2.25708125539
both,0.2,383,20260912,55,2,53,12,41,True,,ok,165.058,0.144860330166,8.2335814132,-0.899747822959,-0.293850949438,0.635549122701,0.700193593123,335.186181548,4.0567703885,-0.103363245942,-10.0042986111,0.0642134313099,0.227347898775,-0.201260535027,-0.285655605611,7.10249903123,-3.1260951066
both,0.2,384,20260912,55,2,53,8,45,True,,ok,165.058,0.245093216026,15.2897104497,-1.01657747663,-0.42082406599,0.869362406698,0.965859145371,334.170205998,6.90135859979,-0.00313036008109,-2.94816957463,-0.052616222363,0.100374782223,0.0325527489704,-0.0199900533633,6.08652348148,-0.281506895309
both,0.2,385,20260912,55,2,53,9,44,True,,ok,165.058,0.254171541852,15.5036893099,-1.41780257941,-0.446370919619,0.863494455851,0.97204406956,332.6639534,6.98725754242,0.0059479657442,-2.73419071435,-0.453841325142,0.0748279285944,0.0266847981236,-0.0138051291741,4.58027088318,-0.195607952679
both,0.2,386,20260912,55,2,53,11,42,True,,ok,165.058,0.228590974233,13.3095639005,-1.10337670395,-0.671460902377,0.67199063645,0.94996376715,315.022592199,6.68540996181,-0.0196326018743,-4.92831612384,-0.139415449684,-0.150262054164,-0.164819021278,-0.0358854315846,-13.061090317,-0.497455533293
both,0.2,387,20260912,55,2,53,16,37,True,,ok,165.058,0.37563448074,19.2673786122,-1.61833396646,-0.809407696066,0.94523818576,1.24443402648,319.426547651,12.0476311189,0.127410904633,1.02949858791,-0.654372712191,-0.288208847853,0.108428528033,0.258584827749,-8.65713486588,4.8647656238
both,0.2,388,20260912,55,2,53,6,47,True,,ok,165.058,0.22032090684,14.3551926471,-0.794775697086,-0.416155813539,0.816754237825,0.916664140319,333.000069984,6.25466934892,-0.0279026692669,-3.88268737718,0.169185557183,0.105043034675,-0.0200554199027,-0.0691850584152,4.91638746703,-0.928196146182
both,0.2,389,20260912,55,2,53,5,48,True,,ok,165.058,0.244113478641,16.2438306679,-0.908688914729,-0.553989148651,0.772530982253,0.950635627023,324.355341071,6.69439931742,-0.00411009746604,-1.99404935643,0.0552723395399,-0.0327903004382,-0.0642786754745,-0.0352135717117,-3.7283414459,-0.488466177684
both,0.2,390,20260912,55,2,53,7,46,True,,ok,165.058,0.251442935304,16.0344004743,-1.17978580541,-0.570542117251,0.802014325506,0.984248589471,324.572468897,7.15990833804,0.00321935919652,-2.20347954996,-0.215824551136,-0.0493432690379,-0.0347953322213,-0.00160060926373,-3.51121361944,-0.0229571570599
both,0.2,391,20260912,55,2,53,8,45,True,,ok,165.058,0.329732815796,20.5698034447,-1.19325176525,-0.553389636404,1.01560771556,1.15658943519,331.414686439,10.1065009012,0.0815092396889,2.33192342036,-0.229290510982,-0.0321907881912,0.178798057833,0.170740236453,3.33100392208,2.92363540609
both,0.2,392,20260912,55,2,53,10,43,True,,ok,165.058,0.241425116933,14.3915099642,-0.759556587203,-0.529337385941,0.782700022204,0.944890148595,325.929643285,6.61791454689,-0.0067984591741,-3.84637006009,0.204404667066,-0.00813853772745,-0.0541096355239,-0.0409590501391,-2.15403923116,-0.564950948212
both,0.2,393,20260912,55,2,53,11,42,True,,ok,165.058,0.254987322434,14.8464744644,-1.0400861554,-0.489645351473,0.868210791288,0.996766044931,330.578280183,7.34141857178,0.00676374632642,-3.39140555992,-0.0761249011296,0.0315534967396,0.0314011335601,0.0109168461971,2.49459766613,0.158553076676
both,0.2,394,20260912,55,2,53,9,44,True,,ok,165.058,0.194763540642,11.8799823184,-0.879820775649,-0.470456205039,0.702362623919,0.845365185194,326.185051808,5.42344037919,-0.053460035465,-6.35789770595,0.0841404786198,0.0507426431741,-0.134447033809,-0.14048401354,-1.89863070811,-1.75942511591
both,0.2,395,20260912,55,2,53,9,44,True,,ok,165.058,0.228138207736,13.9157352814,-0.481922890318,-0.530018977929,0.766271530336,0.931714642564,325.328948598,6.44580341118,-0.0200853683713,-4.32214474292,0.482038363951,-0.00882012971554,-0.0705381273914,-0.0541345561701,-2.75473391808,-0.73706208392
both,0.2,396,20260912,55,2,53,15,38,True,,ok,165.058,0.238275137552,12.5521402242,-0.846248740927,-0.278667448796,0.896342588833,0.938661591616,342.729849002,6.53598578862,-0.00994843855569,-5.68573980015,0.117712513342,0.242531399417,0.0595329311054,-0.0471876071186,14.6461664855,-0.646879706483
both,0.2,397,20260912,55,2,53,9,44,True,,ok,165.058,0.243317330881,14.8416155256,-0.857693477912,-0.507761369039,0.813730491994,0.959155316666,328.03616405,6.8094450973,-0.00490624522661,-3.39626449874,0.106267776357,0.0134374791742,-0.0230791657342,-0.0266938820685,-0.0475184663994,-0.373420397804
both,0.2,398,20260912,55,2,53,12,41,True,,ok,165.058,0.176735980809,10.0453318377,-1.55096003479,-0.27271819704,0.741430762466,0.789996702858,339.805119063,4.85492379639,-0.0714875952982,-8.19254818658,-0.586998780523,0.248480651173,-0.0953788952623,-0.195852495876,11.7214365463,-2.32794169871
both,0.2,399,20260912,55,2,53,8,45,True,,ok,165.058,0.193427619827,12.0666428393,-1.69581449887,-0.473260620666,0.719759690014,0.861411415319,326.674045148,5.60031491308,-0.0547959562801,-6.17123718499,-0.731853244603,0.0479382275469,-0.117049967714,-0.124437783415,-1.40963736809,-1.58255058202
both,0.2,400,20260912,55,2,53,13,40,True,,ok,165.058,0.381414306417,21.1501000895,-0.828405340041,-0.59527334128,1.14572446282,1.29113705529,332.545387088,13.2271840621,0.13319073031,2.91222006518,0.135555914228,-0.0740744930667,0.308914805093,0.305287856556,4.46170457171,6.04431856699
both,0.2,401,20260912,55,2,53,8,45,True,,ok,165.058,0.22592914316,14.0941933729,-0.656043114567,-0.490156172199,0.788257442897,0.928225656523,328.12572361,6.40098134038,-0.0222944329473,-4.1436866514,0.307918139702,0.0310426760138,-0.0485522148311,-0.0576235422115,0.0420410933624,-0.781884154722
both,0.2,402,20260912,55,2,53,5,48,True,,ok,165.058,0.206341247543,13.7303859809,-0.78537620019,-0.314022131749,0.807527578129,0.866435622921,338.750503457,5.6568728857,-0.0418823285647,-4.50749404343,0.17858505408,0.207176716464,-0.0292820795991,-0.119413575813,10.6668209407,-1.5259926094
both,0.2,403,20260912,55,2,53,13,40,True,,ok,165.058,0.172293802326,9.55399706483,-0.731177807294,-0.578345757989,0.511521352281,0.772099675964,311.491343596,4.68421971376,-0.0759297737812,-8.68388295947,0.232783446975,-0.0571469097762,-0.325288305446,-0.21374952277,-16.5923389208,-2.49864578134
both,0.2,404,20260912,55,2,53,6,47,True,,ok,165.058,0.192166875774,12.5207932452,-0.694030803415,-0.353863304372,0.736995323346,0.81754592826,334.352325461,5.12992919283,-0.0560567003331,-5.71708677914,0.269930450854,0.167335543841,-0.0998143343816,-0.168303270474,6.26864294483,-2.05293630227
both,0.2,405,20260912,55,2,53,18,35,True,,ok,165.058,0.185214133674,8.98664581893,-1.37106095631,-0.513009811299,0.627165754194,0.810256718406,320.717478353,5.0556854253,-0.0630094424333,-9.25123420537,-0.407099702043,0.00818903691389,-0.209643903534,-0.175592480328,-7.36620416333,-2.1271800698
both,0.2,406,20260912,55,2,53,15,38,True,,ok,165.058,0.327946206246,17.2759391058,-0.651148754424,-0.388794546496,1.07318305383,1.14143903315,340.085476726,9.8048588743,0.0797226301383,-0.961940918476,0.312812499845,0.132404301718,0.236373396099,0.155589834419,12.0017942098,2.6219933792
both,0.2,407,20260912,55,2,53,12,41,True,,ok,165.058,0.279685913235,15.8968071805,-1.17254188415,-0.446394456588,0.924215470632,1.0263733468,334.219538604,7.78926647925,0.0314623371279,-2.34107284379,-0.208580629877,0.0748043916247,0.0874058129046,0.0405241480694,6.13585608786,0.60640098415
both,0.2,408,20260912,55,2,53,11,42,True,,ok,165.058,0.256572670494,14.9387803456,-1.54617572395,-0.440916929461,0.870989269649,0.976232578093,333.150306662,7.04603576746,0.00834909438652,-3.29909967873,-0.582214469683,0.0802819187522,0.0341796119214,-0.00961662064181,5.06662414513,-0.136829727641
both,0.2,409,20260912,55,2,53,14,39,True,,ok,165.058,0.311934075768,16.8648655608,-1.31305789092,-0.562229102511,0.970831933936,1.1218806566,329.92396935,9.42872907782,0.0637104996604,-1.37301446346,-0.349096636648,-0.0410302542984,0.134022276208,0.136031457869,1.84028683395,2.24586358272
both,0.2,410,20260912,55,2,53,10,43,True,,ok,165.058,0.250933919906,14.9583359617,-1.27410280645,-0.582338445099,0.768628932698,0.964317634818,322.851238979,6.88011433066,0.00271034379862,-3.27954406258,-0.310141552176,-0.0611395968855,-0.0681807250293,-0.0215315639163,-5.23244353753,-0.302751164439
both,0.2,411,20260912,55,2,53,10,43,True,,ok,165.058,0.225277258265,13.4289254913,-0.622886810589,-0.522969778206,0.772399879213,0.932790953175,325.899199162,6.45969372933,-0.0229463178427,-4.808954533,0.341074443681,-0.00177092999286,-0.0644097785145,-0.0530582455591,-2.18448335413,-0.723171765771
both,0.2,412,20260912,55,2,53,10,43,True,,ok,165.058,0.192994186363,11.5045103482,-1.19157478523,-0.563798758594,0.631688878925,0.846699403537,318.250258579,5.4379318126,-0.0552293897447,-6.7333696761,-0.227613530964,-0.0425999103805,-0.205120778802,-0.139149795198,-9.83342393798,-1.7449336825
both,0.2,413,20260912,55,2,53,8,45,True,,ok,165.058,0.161781038959,10.092426392,-1.20764372841,-0.433065685613,0.605358063285,0.744314632961,324.420537339,4.43101760752,-0.0864425371482,-8.14545363226,-0.243682474141,0.0881331625999,-0.231451594443,-0.241534565773,-3.663145177,-2.75184788758
both,0.2,414,20260912,55,2,53,13,40,True,,ok,165.058,0.401440708318,22.2605996106,-1.5456013546,-0.836838748933,0.96562924027,1.27778672766,319.086969671,12.8786828895,0.153217132211,4.02271958633,-0.58164010033,-0.31563990072,0.128819582542,0.291937528924,-8.99671284535,5.69581739441
both,0.2,415,20260912,55,2,53,8,45,True,,ok,165.058,0.364981037213,22.7687019212,-0.837877367443,-0.664356249555,1.06020547525,1.25116141088,327.927519536,12.2108246136,0.116757461106,4.53082189691,0.126083886826,-0.143157401342,0.223395817524,0.265312212146,-0.156162980896,5.02795911846
both,0.2,416,20260912,55,2,53,12,41,True,,ok,165.058,0.308943840475,17.5597712621,-1.21403296397,-0.700664575785,0.876789408813,1.12235935206,321.370764641,9.43776038001,0.060720264368,-0.678108762196,-0.250071709697,-0.179465727572,0.0399797510856,0.13651015333,-6.71291787535,2.25489488491
both,0.2,417,20260912,55,2,53,11,42,True,,ok,165.058,0.411507045155,23.9597356429,-0.907295596598,-0.50301390278,1.24036940323,1.33848393448,337.925695962,14.5409363603,0.163283469048,5.72185561862,0.0566656576709,0.0181849454334,0.4035597455,0.352634735742,9.84201344519,7.35807086522
both,0.2,418,20260912,55,2,53,11,42,True,,ok,165.058,0.226539713493,13.1901305502,-0.599976895099,-0.465724420841,0.800540340151,0.926155533578,329.810756781,6.37453448971,-0.0216838626143,-5.04774947412,0.36398435917,0.0554744273716,-0.0362693175767,-0.0596936651562,1.7270742644,-0.808331005393
both,0.2,419,20260912,55,2,53,14,39,True,,ok,165.058,0.169649687068,9.17219177739,-1.15509254421,-0.459149687518,0.629413265802,0.779088887557,323.88968211,4.75015749869,-0.0785738890392,-9.06568824691,-0.191131289937,0.0620491606949,-0.207396391926,-0.206760311177,-4.19400040688,-2.43270799642
both,0.2,420,20260912,55,2,53,8,45,True,,ok,165.058,0.153344435564,9.56612368492,-0.401932363353,-0.241770975698,0.685089729286,0.726499237345,340.561854108,4.27591653983,-0.0948791405433,-8.67175633938,0.562028890916,0.279427872515,-0.151719928442,-0.259349961389,12.4781715912,-2.90694895528
both,0.2,421,20260912,55,2,53,7,46,True,,ok,165.058,0.164810633077,10.5098983592,-1.14179702978,-0.345997434142,0.665953495231,0.750472039615,332.545779593,4.48592213776,-0.0834129430303,-7.72798166508,-0.177835775515,0.175201414071,-0.170856162497,-0.23537715912,4.46209707628,-2.69694335734
both,0.2,422,20260912,55,2,53,13,40,True,,ok,165.058,0.239121438212,13.2597080566,-0.925134960126,-0.622798164066,0.696055742948,0.934008110487,318.179306822,6.47543781149,-0.00910213789582,-4.97817196768,0.0388262941435,-0.101599315853,-0.14075391478,-0.0518410882475,-9.90437569441,-0.707427683614
both,0.2,423,20260912,55,2,53,2,51,True,,ok,165.058,0.24241175523,17.1387565165,-0.919838020698,-0.493547311697,0.840781024029,0.974936756539,329.586617403,7.02779859975,-0.00581182087783,-1.09912350776,0.0441232335708,0.0276515365159,0.00397136630098,-0.0109124421955,1.50293488642,-0.15506689535
both,0.2,424,20260912,55,2,53,14,39,True,,ok,165.058,0.178246014306,9.63695633646,-1.09092051226,-0.461487748173,0.644190576188,0.792434502128,324.382798443,4.87865225397,-0.0699775618014,-8.60092368784,-0.12695925799,0.05971110004,-0.19261908154,-0.193414696606,-3.70088407325,-2.30421324113
both,0.2,425,20260912,55,2,53,11,42,True,,ok,165.058,0.219341921428,12.771043691,-1.16709425282,-0.429178124718,0.808656572333,0.915488566129,332.043776444,6.23998096726,-0.028881654679,-5.4668363333,-0.203132998554,0.0920207234951,-0.0281530853949,-0.070360632605,3.96009392781,-0.942884527838
both,0.2,426,20260912,55,2,53,11,42,True,,ok,165.058,0.180238077583,10.4942472857,-0.658163251259,-0.240780332038,0.749895814448,0.787603263593,342.198952324,4.83173940062,-0.0679854985246,-7.74363273859,0.30579800301,0.280418516175,-0.0869138432798,-0.198245935141,14.1152698074,-2.35112609448
both,0.2,427,20260912,55,2,53,10,43,True,,ok,165.058,0.175312272589,10.4504798418,-1.36458085704,-0.407439230469,0.665331514589,0.780174820685,328.517310391,4.76048541683,-0.0729113035186,-7.78740018253,-0.400619602772,0.113759617744,-0.171478143139,-0.20567437805,0.433627874482,-2.42238007827
both,0.2,428,20260912,55,2,53,14,39,True,,ok,165.058,0.264519509796,14.3013742886,-0.86622692026,-0.655710015788,0.762979934958,1.00602882958,319.324017987,7.47869012122,0.0162959336888,-3.93650573567,0.0977343340089,-0.134511167575,-0.0738297227697,0.0201796308495,-8.7596645295,0.295824626119
both,0.2,429,20260912,55,2,53,15,38,True,,ok,165.058,0.235185353176,12.3893728992,-0.942896916732,-0.324082879299,0.874490902384,0.932611414796,339.665492991,6.45737461984,-0.0130382229316,-5.84850712513,0.0210643375368,0.197115968914,0.0376812446565,-0.0532377839383,11.5818104744,-0.725490875261
both,0.2,430,20260912,55,2,53,15,38,True,,ok,165.058,0.156380786934,8.23801251834,-1.05085587197,-0.340123360257,0.653727657074,0.736915022113,332.512808205,4.36592484475,-0.0918427891734,-9.99986750596,-0.0868946176969,0.181075487956,-0.183082000654,-0.248934176621,4.42912568836,-2.81694065035
both,0.2,431,20260912,55,2,53,8,45,True,,ok,165.058,0.296550257733,18.4997677538,-0.87908709557,-0.65870435543,0.865142022672,1.08736477194,322.714974309,8.79980483924,0.0483266816252,0.261887729454,0.0848741586994,-0.137505507217,0.0283323649439,0.101515573205,-5.36870820796,1.61693934414
both,0.2,432,20260912,55,2,53,8,45,True,,ok,165.058,0.181754690335,11.3384476043,-0.730766335253,-0.333113272773,0.72473144259,0.797621537057,335.314745568,4.92952716694,-0.0664688857723,-6.89943241996,0.233194919016,0.18808557544,-0.112078215137,-0.188227661678,7.2310630516,-2.25333832816
both,0.2,433,20260912,55,2,53,12,41,True,,ok,165.058,0.344425691464,19.5764911499,-1.08678127279,-0.73886449367,0.924399131215,1.18339954952,321.364948032,10.6632057339,0.0962021153562,1.33861112564,-0.122820018524,-0.217665645457,0.0875894734875,0.197550350783,-6.7187344847,3.48034023879
both,0.2,434,20260912,55,2,53,13,40,True,,ok,165.058,0.222679705608,12.3479848088,-0.790709368999,-0.520412818843,0.719907459959,0.888310898797,324.137266663,5.90985796181,-0.0255438704994,-5.88989521549,0.173251885271,0.000786029369866,-0.116902197768,-0.0975382999373,-3.94641585313,-1.2730075333
both,0.2,435,20260912,55,2,53,10,43,True,,ok,165.058,0.127292742428,7.58800407469,-0.711066041304,-0.33807961195,0.557594673244,0.652081010034,328.770818268,3.68460017865,-0.12093083368,-10.6498759496,0.252895212965,0.183119236263,-0.279214984484,-0.333768188701,0.687135751543,-3.49826531645
both,0.2,436,20260912,55,2,53,9,44,True,,ok,165.058,0.33282753817,20.3014653332,-1.04407918818,-0.521141455588,1.00600119097,1.13297255614,332.614368768,9.64023139806,0.0846039620623,2.06358530886,-0.0801179339113,5.73926246418e-05,0.169191533244,0.147123357407,4.53068625155,2.45736590295
both,0.2,437,20260912,55,2,53,11,42,True,,ok,165.058,0.208282647887,12.127124532,-0.763064798581,-0.33125035252,0.797993823903,0.864014432189,337.456471495,5.62954636542,-0.0399409282205,-6.11075549234,0.200896455689,0.189948495693,-0.0388158338251,-0.121834766545,9.37278897847,-1.55331912969
both,0.2,438,20260912,55,2,53,11,42,True,,ok,165.058,0.137196800245,7.98819632285,-1.29810286394,-0.508542969925,0.446898441992,0.677003818095,311.308426106,3.87291570762,-0.111026775862,-10.2496837015,-0.334141609675,0.0126558782879,-0.389911215736,-0.308845380639,-16.7752564108,-3.30994978748
both,0.2,439,20260912,55,2,53,7,46,True,,ok,165.058,0.213817306938,13.6350314382,-1.19641447554,-0.172756408944,0.859197491497,0.876393237209,348.631286923,5.77066009054,-0.0344062691697,-4.60284858609,-0.232453221274,0.348442439269,0.0223878337688,-0.109455961526,20.5476044066,-1.41220540456
both,0.2,440,20260912,55,2,53,11,42,True,,ok,165.058,0.277700214359,16.1689181324,-0.903194838576,-0.537639261381,0.883179760414,1.03395476912,328.668865553,7.90827388194,0.0294766382516,-2.0689618919,0.0607664156936,-0.0164404131676,0.0463701026862,0.0481055703842,0.585183036798,0.72540838684
both,0.2,441,20260912,55,2,53,9,44,True,,ok,165.058,0.186023055989,11.3468393965,-1.11050827466,-0.354443072243,0.721797614426,0.804127905033,333.846374997,4.9940929802,-0.062200520118,-6.89104062782,-0.146547020394,0.16675577597,-0.115012043301,-0.181721293701,5.76269248095,-2.1887725149
both,0.2,442,20260912,55,2,53,10,43,True,,ok,165.058,0.225533079448,13.4441751603,-0.528114185734,-0.647715823032,0.667063127058,0.929789762735,315.843061005,6.4210363215,-0.0226904966591,-4.79370486404,0.435847068536,-0.126516974819,-0.16974653067,-0.0560594359995,-12.240621511,-0.761829173601
both,0.2,443,20260912,55,2,53,10,43,True,,ok,165.058,0.229725779609,13.6941047736,-1.10844860604,-0.381442319375,0.845257212575,0.927339203539,335.711597068,6.38964305619,-0.0184977964986,-4.54377525065,-0.144487351774,0.139756528838,0.00844755484702,-0.0585099951955,7.62791455148,-0.793222438914
both,0.2,444,20260912,55,2,53,11,42,True,,ok,165.058,0.282777284595,16.4645273137,-1.49845463959,-0.798626896575,0.699027333209,1.06134072404,311.195220652,8.35350697822,0.0345537084879,-1.77335271064,-0.534493385322,-0.277428048362,-0.137782324519,0.075491525306,-16.8884618641,1.17064148312
both,0.2,445,20260912,55,2,53,10,43,True,,ok,165.058,0.209731201783,12.5022148425,-0.863855736657,-0.440636996456,0.758659677002,0.877339995757,329.851559116,5.7815972857,-0.0384923743244,-5.73566518185,0.100105517612,0.0805618517574,-0.0781499807255,-0.108509202977,1.76787659944,-1.40126820941
both,0.2,446,20260912,55,2,53,11,42,True,,ok,165.058,0.376977332045,21.9492650867,-1.33666999366,-0.553503330181,1.11823576198,1.24772479173,333.665551853,12.1271844746,0.128753755938,3.71138506244,-0.37270873939,-0.0323044819681,0.28142610425,0.261875592991,5.5818693369,4.94431897952
both,0.2,447,20260912,55,2,53,9,44,True,,ok,165.058,0.147483253775,8.99602893501,-0.75543061141,-0.292658706321,0.643818185425,0.707213528059,335.555007009,4.11412862575,-0.100740322332,-9.24185108929,0.208530642859,0.228540141892,-0.192991472303,-0.278635670676,7.47132449226,-3.06873686935
both,0.2,448,20260912,55,2,53,9,44,True,,ok,165.058,0.153311556023,9.35153760682,-0.6229126651,-0.436194318674,0.579676182534,0.725458448321,323.039296895,4.2670251431,-0.0949120200842,-8.88634241748,0.341048589169,0.0850045295388,-0.257133475194,-0.260390750413,-5.04438562164,-2.915840352
both,0.2,449,20260912,55,2,53,6,47,True,,ok,165.058,0.321532534751,20.9497207726,-1.12234114564,-0.491881464731,1.01497336698,1.12788222391,334.144011818,9.5425853312,0.0733089586434,2.71184074826,-0.158379891368,0.0293173834819,0.178163709248,0.142033025178,6.06032930121,2.3597198361
both,0.2,450,20260912,55,2,53,9,44,True,,ok,165.058,0.246744920494,15.0506880443,-0.881261227652,-0.525804139397,0.837922017077,0.989233693174,327.891332761,7.23165116029,-0.00147865561336,-3.18719198,0.0827000266175,-0.00460529118434,0.00111235934924,0.00338449443927,-0.192349755341,0.0487856651883
both,0.2,451,20260912,55,2,53,13,40,True,,ok,165.058,0.186546062431,10.3443101775,-0.846028938182,-0.518291033209,0.631713351732,0.817121382575,320.632735625,5.12557526292,-0.0616775136762,-7.8935698468,0.117932316087,0.00290781500436,-0.205096305996,-0.16872781616,-7.45094689106,-2.05729023218
both,0.2,452,20260912,55,2,53,8,45,True,,ok,165.058,0.286165200714,17.8519141844,-0.971742138767,-0.554880916861,0.896882935648,1.05465246985,328.255870888,8.24251025144,0.0379416246067,-0.38596583986,-0.00778088449741,-0.0336820686478,0.0600732779204,0.0688032711122,0.172188371541,1.05964475634
both,0.2,453,20260912,55,2,53,9,44,True,,ok,165.058,0.186251061258,11.3607470229,-1.4818492818,-0.179231680803,0.768885374244,0.789499027314,346.878339023,4.85009384685,-0.0619725148495,-6.87713300142,-0.517888027531,0.34196716741,-0.0679242834838,-0.19635017142,18.7946565067,-2.33277164825
both,0.2,454,20260912,55,2,53,9,44,True,,ok,165.058,0.247633211663,15.104871098,-1.12013421204,-0.423157590718,0.881743331443,0.978025382659,334.36317749,7.07134544585,-0.000590364444344,-3.1330089263,-0.156172957773,0.0980412574955,0.044933673715,-0.0078238160751,6.27949497307,-0.111520049248
both,0.2,455,20260912,55,2,53,10,43,True,,ok,165.058,0.264041527468,15.7396890671,-0.898889854723,-0.623890496152,0.822655965269,1.03247381971,322.823841348,7.88488502966,0.015817951361,-2.49819095717,0.0650713995461,-0.102691647939,-0.0141536924584,0.0466246209734,-5.25984116892,0.702019534554
both,0.2,456,20260912,55,2,53,7,46,True,,ok,165.058,0.250460467544,15.9717489566,-0.836093648363,-0.461493470622,0.847882418453,0.965339742758,331.441012889,6.89419315481,0.00223689143684,-2.26613106766,0.127867605906,0.0597053775908,0.0110727607252,-0.020509455976,3.35733037217,-0.288672340289
both,0.2,457,20260912,55,2,53,14,39,True,,ok,165.058,0.182936635958,9.89055704797,-1.05161030766,-0.417884098445,0.683405674271,0.801043341748,328.555341271,4.96337862628,-0.0652869401492,-8.34732297633,-0.0876490533899,0.103314749768,-0.153403983456,-0.184805856986,0.471658754756,-2.21948686882
both,0.2,458,20260912,55,2,53,13,40,True,,ok,165.058,0.0978200313307,5.42429431353,-1.18238304428,-0.316542098073,0.476469737395,0.572033487224,326.401972089,3.13951074614,-0.150403544777,-12.8135857108,-0.218421790006,0.20465675014,-0.360339920333,-0.41381571151,-1.68171042699,-4.04335474896
both,0.2,459,20260912,55,2,53,10,43,True,,ok,165.058,0.203502456593,12.1309152461,-0.846061833846,-0.435413183577,0.738981094591,0.857716560756,329.493090117,5.55908274934,-0.0447211195148,-6.10696477822,0.117899420423,0.0857856646362,-0.0978285631366,-0.128132637978,1.4094076001,-1.62378274576
both,0.2,460,20260912,55,2,53,10,43,True,,ok,165.058,0.121183178273,7.22380893818,-0.690974136157,-0.388694270933,0.514440123769,0.644772732984,322.926488703,3.63113570584,-0.127040397835,-11.0140710861,0.272987118113,0.13250457728,-0.322369533959,-0.341076465751,-5.15719381317,-3.55172978926
both,0.2,461,20260912,55,2,53,11,42,True,,ok,165.058,0.216674447128,12.6157316986,-1.02663757368,-0.45585143489,0.755817298246,0.882643936715,328.904819585,5.84325423362,-0.0315491289791,-5.62214832569,-0.0626763194086,0.0653474133236,-0.0809923594816,-0.10320526202,0.821137068592,-1.33961126148
both,0.2,462,20260912,55,2,53,9,44,True,,ok,165.058,0.354586239836,21.6286798118,-1.48397541209,-0.641266331739,0.995955084334,1.18454592069,327.223700227,10.6876817652,0.106362663728,3.39079978754,-0.520014157819,-0.120067483525,0.159145426607,0.19869672196,-0.859982289237,3.50481627009
both,0.2,463,20260912,55,2,53,6,47,True,,ok,165.058,0.21542707968,14.0363312522,-0.963488263295,-0.518471161058,0.722391038638,0.889191294128,324.33241462,5.92027315131,-0.0327964964278,-4.20154877206,0.000472990974124,0.00272768715538,-0.11441861909,-0.0966579046062,-3.75126789648,-1.26259234379
both,0.2,464,20260912,55,2,53,11,42,True,,ok,165.058,0.162860600087,9.48245472506,-1.3429603912,-0.307759363165,0.670762691947,0.737996215792,335.353394448,4.37537588016,-0.0853629760205,-8.75542529924,-0.378999136927,0.213439485048,-0.166046965781,-0.247852982943,7.26971193122,-2.80748961494
both,0.2,465,20260912,55,2,53,10,43,True,,ok,165.058,0.273514593651,16.3043847711,-0.871975814941,-0.297326429934,0.964826846848,1.00960083713,342.872502758,7.53230929638,0.0252910175437,-1.93349525321,0.0919854393284,0.223872418279,0.12801718912,0.0237516383966,14.7888202411,0.349443801281
both,0.2,466,20260912,55,2,53,11,42,True,,ok,165.058,0.111741459877,6.50607534071,-1.19963344077,-0.375516694083,0.484974687499,0.613362238037,322.249322692,3.41004155035,-0.13648211623,-11.7318046836,-0.235672186496,0.14568215413,-0.351834970229,-0.372486960698,-5.8343598246,-3.77282394476
both,0.2,467,20260912,55,2,53,7,46,True,,ok,165.058,0.23677219668,15.0988542119,-1.31385014686,-0.523966629155,0.787108988899,0.945558876471,326.348890126,6.62677163643,-0.0114513794275,-3.13902581245,-0.349888892593,-0.00276778094201,-0.0497006688291,-0.0402903222633,-1.73479239085,-0.556093858674
both,0.2,468,20260912,55,2,53,15,38,True,,ok,165.058,0.172480556983,9.08613529484,-1.36494690612,-0.645091743055,0.455617478798,0.789766195747,305.232920063,4.8526861233,-0.0757430191243,-9.15174472946,-0.40098565185,-0.123892894842,-0.38119217893,-0.196083002988,-22.8507624531,-2.3301793718
both,0.2,469,20260912,55,2,53,3,50,True,,ok,165.058,0.198282325901,13.7438835153,-0.948995858817,-0.466732214131,0.714865982379,0.853740201977,326.859693063,5.51504826334,-0.0499412502068,-4.49399650901,0.0149653954519,0.0544666340819,-0.121943675348,-0.132108996758,-1.22398945343,-1.66781723176
both,0.2,470,20260912,55,2,53,12,41,True,,ok,165.058,0.363773574492,20.6761874568,-1.20955182296,-0.594675670005,1.07777000204,1.23094570546,331.111627275,11.7269710981,0.115549998385,2.43830743246,-0.245590568689,-0.0734768217916,0.240960344307,0.245096506722,3.02794475879,4.54410560297
both,0.2,471,20260912,55,2,53,15,38,True,,ok,165.058,0.334982178132,17.6465883756,-1.08006226815,-0.220735177784,1.11069600878,1.13241760964,348.759726004,9.62953770831,0.0867586020244,-0.591291648748,-0.11610101388,0.300463670429,0.273886351054,0.146568410911,20.6760434871,2.44667221321
both,0.2,472,20260912,55,2,53,20,33,True,,ok,165.058,0.259908084965,11.8902007157,-1.03096782963,-0.499502146971,0.805086372887,0.947452617621,328.18317054,6.65191800736,0.0116845088575,-6.34767930862,-0.0670065753568,0.021696701242,-0.031723284841,-0.0383965811134,0.0994880231969,-0.53094748774
both,0.2,473,20260912,55,2,53,12,41,True,,ok,165.058,0.177619871018,10.0955704502,-0.700892124804,-0.437317529855,0.658299609517,0.790319554236,326.403362499,4.85805964637,-0.0706037050893,-8.14230957408,0.263069129465,0.0838813183582,-0.178510048211,-0.195529644498,-1.68032001776,-2.32480584873
both,0.2,474,20260912,55,2,53,9,44,True,,ok,165.058,0.165398324937,10.0887936688,-1.18050833719,-0.355619241798,0.676633582326,0.764393910146,332.274869463,4.61258215363,-0.0828252511702,-8.14908635554,-0.21654708292,0.165579606415,-0.160176075401,-0.221455288588,4.19118694664,-2.57028334147
both,0.2,475,20260912,55,2,53,10,43,True,,ok,165.058,0.324185975694,19.3249391725,-1.36255786227,-0.751439285857,0.899278277717,1.17190546594,320.117781024,10.4208742284,0.0759623995864,1.08705914822,-0.398596607998,-0.230240437644,0.0624686199891,0.186056267207,-7.96590149247,3.23800873328
both,0.2,476,20260912,55,2,53,14,39,True,,ok,165.058,0.18122424968,9.79797606173,-1.12336438597,-0.516684391781,0.608148892901,0.79800240391,319.648711543,4.93328358446,-0.0669993264278,-8.43990396257,-0.159403131705,0.00451445643257,-0.228660764827,-0.187846794824,-8.43497097378,-2.24958191064
both,0.2,477,20260912,55,2,53,10,43,True,,ok,165.058,0.255930195641,15.2561672435,-0.903819085122,-0.418979049116,0.879085788746,0.973825070315,334.517171989,7.01219054367,0.00770661953355,-2.98171278083,0.0601421691473,0.102219799097,0.0422761310184,-0.0120241284193,6.4334894728,-0.170674951433
both,0.2,478,20260912,55,2,53,9,44,True,,ok,165.058,0.218008650172,13.297863146,-0.928609176793,-0.485053424024,0.738959247388,0.883933025437,326.719074065,5.85833861665,-0.0302149259358,-4.94001687833,0.0353520774759,0.0361454241887,-0.0978504103398,-0.101916173297,-1.36460845127,-1.32452687846
both,0.2,479,20260912,55,2,53,10,43,True,,ok,165.058,0.302673167822,18.04254655,-0.755084120343,-0.699997684992,0.854715335641,1.10477828725,320.683092526,9.11167514796,0.0544495917146,-0.195333474302,0.208877133926,-0.178798836779,0.0179056779131,0.118929088513,-7.40058999059,1.92880965286
both,0.2,480,20260912,55,2,53,11,42,True,,ok,165.058,0.443183846789,25.8040972452,-1.51071212561,-0.930130392951,1.04914825576,1.40208937321,318.44116273,16.5135085577,0.194960270682,7.56621722091,-0.546750871338,-0.408931544738,0.212338598037,0.416240174475,-9.64251978686,9.33064306255
both,0.2,481,20260912,55,2,53,7,46,True,,ok,165.058,0.288257058074,18.3820201714,-1.28327189369,-0.653601971825,0.83837044355,1.06304305566,322.059665072,8.3819963272,0.0400334819669,0.144140147128,-0.319310639424,-0.132403123612,0.00156078582258,0.0771938569283,-6.02401744422,1.19913083209
both,0.2,482,20260912,55,2,53,12,41,True,,ok,165.058,0.207488625727,11.7932527855,-1.19048840393,-0.378738648398,0.769114210269,0.857309531166,333.782757531,5.55455916847,-0.0407349503803,-6.44462723878,-0.226527149659,0.142460199815,-0.0676954474587,-0.128539667568,5.69907501404,-1.62830632663
both,0.2,483,20260912,55,2,53,10,43,True,,ok,165.058,0.325924606665,19.4285801079,-1.08925677711,-0.4807078926,1.04105330789,1.1466787117,335.214799108,9.90814774699,0.0777010305571,1.19070008358,-0.125295522837,0.0404909556127,0.204243650159,0.160829512968,7.13111659199,2.72528225189
both,0.2,484,20260912,55,2,53,9,44,True,,ok,165.058,0.226332233647,13.8055763668,-0.916820015778,-0.504751119851,0.780913160024,0.929838188337,327.122984492,6.42165823672,-0.0218913424602,-4.43230365753,0.0471412384909,0.0164477283619,-0.0558964977034,-0.056011010397,-0.960698024724,-0.761207258379
both,0.2,485,20260912,55,2,53,15,38,True,,ok,165.058,0.273962109289,14.4321008362,-1.36202622541,-0.909126263098,0.462618675488,1.02006205751,296.969757057,7.69156377817,0.0257385331821,-3.8057791881,-0.398064971141,-0.387927414885,-0.37419098224,0.0342128587719,-31.1139254594,0.508698283071
both,0.2,486,20260912,55,2,53,11,42,True,,ok,165.058,0.268230977924,15.6175778713,-0.949929561357,-0.363107046207,0.941621250576,1.00920627552,338.912413008,7.52636772077,0.0200074018161,-2.62030215303,0.0140316929121,0.158091802006,0.104811592848,0.0233570767816,10.828730492,0.343502225667
both,0.2,487,20260912,55,2,53,9,44,True,,ok,165.058,0.143370027663,8.74513467973,-0.749928085988,-0.348017769894,0.594387137049,0.688776042594,329.650732546,3.96518330659,-0.104853548444,-9.49274534457,0.214033168281,0.173181078319,-0.242422520679,-0.29707315614,1.56705002965,-3.21768218851
both,0.2,488,20260912,55,2,53,9,44,True,,ok,165.058,0.266254086406,16.2406876989,-1.14382574974,-0.64033605464,0.782155342781,1.01083987016,320.693450283,7.55099800281,0.018030510299,-1.99719232544,-0.179864495474,-0.119137206427,-0.0546543149472,0.0249906714294,-7.39023223354,0.368132507705
both,0.2,489,20260912,55,2,53,11,42,True,,ok,165.058,0.248238354815,14.4535201227,-1.04851529793,-0.546197722759,0.808334455428,0.975569856124,325.952807445,7.03670282859,1.47787074653e-05,-3.78435990157,-0.0845540436588,-0.0249988745456,-0.0284752022999,-0.0102793426099,-2.13087507115,-0.146162666513
both,0.2,490,20260912,55,2,53,12,41,True,,ok,165.058,0.222898357851,12.6691122003,-1.14439952191,-0.57736186732,0.685323674729,0.896111190076,319.887002923,6.0027781085,-0.0253252182564,-5.56876782404,-0.180438267644,-0.0561630191069,-0.151485982999,-0.0897380086587,-8.19667959335,-1.1800873866
both,0.2,491,20260912,55,2,53,11,42,True,,ok,165.058,0.295865094662,17.22655672,-1.11178202911,-0.652309728992,0.851426446982,1.07258331945,322.542920593,8.54346479222,0.0476415185543,-1.01132330427,-0.147820774845,-0.131110880779,0.0146167892541,0.0867341207137,-5.54076192377,1.36059929712
both,0.2,492,20260912,55,2,53,9,44,True,,ok,165.058,0.317670524509,19.3769337001,-0.786847537255,-0.443799540627,1.02728618826,1.11905091254,336.635095857,9.37551801329,0.0694469484018,1.13905367583,0.177113717015,0.0773993075865,0.190476530536,0.133201713806,8.55141334085,2.19265251819
both,0.2,493,20260912,55,2,53,9,44,True,,ok,165.058,0.198863588064,12.1300727137,-1.14864641127,-0.520772413542,0.651366678882,0.833955908345,321.357409137,5.30108659087,-0.0493599880433,-6.10780731063,-0.184685157003,0.000426434671427,-0.185442978846,-0.151893290389,-6.72627337923,-1.88177890423
both,0.2,494,20260912,55,2,53,14,39,True,,ok,165.058,0.269715491965,14.5822975591,-1.56649787561,-0.348444176395,0.937627153624,1.00027897273,339.613756643,7.3931799395,0.0214919158581,-3.65558246518,-0.60253662134,0.172754671818,0.100817495896,0.0144297739913,11.5300741261,0.2103144444
both,0.2,495,20260912,55,2,53,9,44,True,,ok,165.058,0.205231513855,12.5184967768,-1.52883243587,-0.436144626605,0.7431115271,0.861647768538,329.59061222,5.60296284378,-0.0429920622521,-5.71938324751,-0.564871181598,0.0850542216079,-0.0936981306275,-0.124201430197,1.50692970359,-1.57990265132
both,0.2,496,20260912,55,2,53,17,36,True,,ok,165.058,0.371735965661,18.5520770287,-0.981613461808,-0.638218644968,1.05323174364,1.2315113254,328.785720211,11.7402446219,0.123512389553,0.314197004449,-0.0176522075387,-0.117019796755,0.216422085911,0.245662126668,0.702037694764,4.55737912683
both,0.2,497,20260912,55,2,53,12,41,True,,ok,165.058,0.390882802342,22.2170236145,-1.12610625799,-0.706736474008,1.06260472572,1.27616818908,326.372193416,12.8370610023,0.142659226234,3.97914359024,-0.162145003716,-0.185537625795,0.225795067993,0.290318990344,-1.71148910056,5.65419550717
both,0.2,498,20260912,55,2,53,7,46,True,,ok,165.058,0.310559999891,19.8042685253,-1.3335518646,-0.610711466399,0.929287203578,1.11199964115,326.687775176,9.24422731177,0.0623364237832,1.56638850104,-0.369590610327,-0.0895126181856,0.0924775458498,0.126150442418,-1.39590734024,2.06136181667
both,0.2,499,20260912,55,2,53,7,46,True,,ok,165.058,0.289219101364,18.44336923,-1.1446966999,-0.687133610009,0.846997017472,1.09066793554,320.949010885,8.85813168023,0.0409955252564,0.205489205746,-0.180735445627,-0.165934761796,0.0101873597439,0.104818736803,-7.13467163179,1.67526618513
both,0.2,500,20260912,55,2,53,12,41,True,,ok,165.058,0.396195800111,22.5190041473,-1.30215757243,-0.738829882097,1.09910492614,1.32434936227,326.090591005,14.1356323206,0.147972224004,4.28112412304,-0.338196318165,-0.217631033884,0.262295268409,0.338500163533,-1.99309151157,6.95276682549
MIS6_only,0.1,1,20260912,55,2,20,2,51,True,,ok,165.058,0.246074177704,17.3976934934,-0.848388747035,-0.525451486896,0.827809742727,0.980493873124,327.594698568,7.10634286318,-0.00214939840336,-0.840186530915,0.115572507235,-0.004252638683,-0.00899991500102,-0.00535532560985,-0.488983948129,-0.0765226319231
MIS6_only,0.1,2,20260912,55,2,20,3,50,True,,ok,165.058,0.222684993315,15.4353475269,-0.966025199062,-0.465651215919,0.784705846822,0.912466065629,329.314740913,6.20237405749,-0.0255385827925,-2.80253249737,-0.00206394479227,0.0555476322936,-0.0521038109056,-0.0733831331055,1.23105839674,-0.980491437609
MIS6_only,0.1,3,20260912,55,2,20,1,52,True,,ok,165.058,0.262374188065,18.9138485857,-0.917974896761,-0.503367275194,0.884159176992,1.01740653821,330.346384281,7.65082187282,0.0141506119574,0.675968561417,0.0459863575078,0.017831573019,0.0473495192643,0.0315573394773,2.26270176452,0.467956377717
MIS6_only,0.1,4,20260912,55,2,20,5,48,True,,ok,165.058,0.257741876171,17.1506932589,-0.978424044377,-0.43888136582,0.88599654747,0.988739973599,333.648330778,7.22451386922,0.00951830006328,-1.08718676543,-0.0144627901081,0.0823174823926,0.0491868897419,0.00289077486472,5.56464826166,0.0416483741203
MIS6_only,0.1,5,20260912,55,2,20,1,52,True,,ok,165.058,0.22450029013,16.1836212864,-0.953232860874,-0.509453885741,0.764215906474,0.918460240514,326.311146292,6.27717777778,-0.023723285977,-2.05425873787,0.0107283933951,0.0117449624724,-0.0725937512536,-0.0673889582207,-1.77253622405,-0.905687717324
MIS6_only,0.1,6,20260912,55,2,20,2,51,True,,ok,165.058,0.1969115231,13.9218440398,-0.994286779208,-0.459388456143,0.704544576804,0.841083119758,326.894200626,5.37719164877,-0.0513120530072,-4.31603598452,-0.0303255249391,0.0618103920705,-0.132265080923,-0.144766078977,-1.1894818905,-1.80567384633
MIS6_only,0.1,7,20260912,55,2,20,5,48,True,,ok,165.058,0.295336180429,19.652298315,-0.937732282005,-0.529170712263,0.949547202821,1.08704256269,330.869626017,8.79413590902,0.0471126043213,1.41441829073,0.0262289722637,-0.00797186404992,0.112737545094,0.101193363957,2.78594350076,1.61127041391
MIS6_only,0.1,8,20260912,55,2,20,1,52,True,,ok,165.058,0.224493637949,16.1831417486,-0.928865241308,-0.445376478428,0.807383477204,0.922078243317,331.117578932,6.32276420428,-0.0237299381588,-2.05473827574,0.0350960129611,0.0758223697855,-0.0294261805239,-0.0637709554174,3.03389641523,-0.86010129082
MIS6_only,0.1,9,20260912,55,2,20,3,50,True,,ok,165.058,0.279638528261,19.383065744,-0.992045241181,-0.545855269495,0.907063181421,1.05864138892,328.961182994,8.308530664,0.0314149521539,1.14518571973,-0.0280839869117,-0.0246564212814,0.0702535236934,0.0727921901811,0.877500477274,1.1256651689
MIS6_only,0.1,10,20260912,55,2,20,4,49,True,,ok,165.058,0.202002073798,13.7216824562,-0.859767463634,-0.390873202649,0.763146730054,0.857423344761,332.879102803,5.55582368108,-0.0462215023096,-4.51619756812,0.104193790635,0.130325645564,-0.0736629276734,-0.128425853973,4.79542028657,-1.62704181402
MIS6_only,0.1,11,20260912,55,2,20,2,51,True,,ok,165.058,0.283469384267,20.0415724569,-0.966283820504,-0.563726200692,0.904320584896,1.06563734432,328.061829956,8.42559998587,0.0352458081597,1.80369243264,-0.00232256623468,-0.0425273524792,0.0675109271678,0.0797881455873,-0.0218525604085,1.24273449077
MIS6_only,0.1,12,20260912,55,2,20,3,50,True,,ok,165.058,0.263992469384,18.2985635843,-0.954145194884,-0.548442589335,0.862023476652,1.02170139869,327.534381238,7.71682335923,0.0157688932767,0.0606835599661,0.00981605938482,-0.0272437411215,0.0252138189242,0.0358521999606,-0.549301278925,0.533957864129
MIS6_only,0.1,13,20260912,55,2,20,1,52,True,,ok,165.058,0.234513911045,16.9054762492,-0.967205937025,-0.480331085038,0.818102066947,0.948688011517,329.581588162,6.66837380619,-0.0137096650627,-1.33240377505,-0.00324468275622,0.0408677631753,-0.0187075907811,-0.0371611872173,1.49790564599,-0.514491688911
MIS6_only,0.1,14,20260912,55,2,20,2,51,True,,ok,165.058,0.261245906722,18.470350095,-1.03526444667,-0.562555481451,0.849494857772,1.01887692245,326.486536999,7.67335428359,0.0130223306141,0.232470070741,-0.0713031923977,-0.0413566332377,0.0126852000441,0.0330277237108,-1.5971455174,0.49048878849
MIS6_only,0.1,15,20260912,55,2,20,6,47,True,,ok,165.058,0.175309595899,11.4224430995,-0.862696137364,-0.335776173059,0.704915310805,0.780801660988,334.529882899,4.7664572877,-0.0729139802081,-6.81543692477,0.101265116906,0.185422675154,-0.131894346923,-0.205047537746,6.44620038247,-2.4164082074
MIS6_only,0.1,16,20260912,55,2,20,1,52,True,,ok,165.058,0.224525412372,16.1854322812,-0.964245484483,-0.452836463437,0.801958650716,0.920976948722,330.548185566,6.30885307807,-0.0236981637352,-2.05244774311,-0.000284230214251,0.0683623847756,-0.0348510070113,-0.0648722500122,2.46450304975,-0.874012417033
MIS6_only,0.1,17,20260912,55,2,20,2,51,True,,ok,165.058,0.263819655894,18.6523167673,-0.905989265237,-0.609647360304,0.824071596262,1.02506775371,323.506000301,7.76895378583,0.015596079787,0.41443674297,0.0579719890325,-0.0884485120907,-0.0127380614658,0.0392185549732,-4.57768221522,0.586088290726
MIS6_only,0.1,18,20260912,55,2,20,2,51,True,,ok,165.058,0.238664359126,16.8738118181,-0.969408780036,-0.49863509148,0.814310670203,0.954850156864,328.519192602,6.75106529374,-0.00955921698114,-1.36406820619,-0.00544752576668,0.0225637567327,-0.0224989875247,-0.0309990418708,0.435510085422,-0.431800201361
MIS6_only,0.1,19,20260912,55,2,20,2,51,True,,ok,165.058,0.201536099261,14.2488062563,-1.01953480006,-0.422096593121,0.746375991164,0.857462917047,330.510620971,5.55626341177,-0.0466874768466,-3.98907376797,-0.0555735457951,0.099102255092,-0.0904336665636,-0.128386281687,2.42693845462,-1.62660208333
MIS6_only,0.1,20,20260912,55,2,20,2,51,True,,ok,165.058,0.205691095503,14.5425686972,-0.887446909502,-0.503090355019,0.711183625822,0.871138367282,324.724462306,5.71032953872,-0.0425324806048,-3.69531132708,0.0765143447677,0.0181084931942,-0.125626031906,-0.114710831453,-3.35922021065,-1.47253595638
MIS6_only,0.1,21,20260912,55,2,20,4,49,True,,ok,165.058,0.2404258183,16.3317468527,-0.908610483266,-0.571680330538,0.770865511324,0.959714560102,323.439058304,6.81706563319,-0.00779775780718,-1.90613317161,0.0553507710032,-0.0504814823246,-0.0659441464041,-0.0261346386322,-4.6446242128,-0.365799861913
MIS6_only,0.1,22,20260912,55,2,20,0,53,True,,ok,165.058,0.248223576107,18.2378800243,-0.963961254269,-0.521198848213,0.836809657728,0.985849198734,328.083682516,7.1828654951,0,0,0,0,0,0,0,0
MIS6_only,0.1,23,20260912,55,2,20,0,53,True,,ok,165.058,0.248223576107,18.2378800243,-0.963961254269,-0.521198848213,0.836809657728,0.985849198734,328.083682516,7.1828654951,0,0,0,0,0,0,0,0
MIS6_only,0.1,24,20260912,55,2,20,3,50,True,,ok,165.058,0.307785261219,21.3340486032,-1.04863642403,-0.633396037137,0.924294686137,1.1204959646,325.578133904,9.40265342971,0.0595616851119,3.09616857891,-0.0846751697631,-0.112197188924,0.0874850284097,0.134646765865,-2.50554861289,2.21978793461
MIS6_only,0.1,25,20260912,55,2,20,3,50,True,,ok,165.058,0.2455359045,17.019251993,-1.02621416916,-0.535517963572,0.812926975282,0.973462765826,326.624991884,7.00711128791,-0.00268767160758,-1.21862803127,-0.062252914895,-0.0143191153591,-0.0238826824455,-0.0123864329081,-1.45869063212,-0.175754207194
MIS6_only,0.1,26,20260912,55,2,20,0,53,True,,ok,165.058,0.248223576107,18.2378800243,-0.963961254269,-0.521198848213,0.836809657728,0.985849198734,328.083682516,7.1828654951,0,0,0,0,0,0,0,0
MIS6_only,0.1,27,20260912,55,2,20,5,48,True,,ok,165.058,0.275724652275,18.3473054722,-0.893948923585,-0.653577888304,0.832528890331,1.05842732831,321.866267737,8.30497436712,0.027501076168,0.109425447917,0.0700123306843,-0.132379040091,-0.00428076739717,0.0725781295763,-6.21741477912,1.12210887202
MIS6_only,0.1,28,20260912,55,2,20,1,52,True,,ok,165.058,0.277634774625,20.0139431707,-0.967126162441,-0.584821797493,0.878990258132,1.05576531896,326.362840828,8.26087602262,0.0294111985177,1.7760631464,-0.0031649081717,-0.0636229492799,0.0421806004047,0.0699161202238,-1.72084168858,1.07801052752
MIS6_only,0.1,29,20260912,55,2,20,2,51,True,,ok,165.058,0.20581842192,14.5515708038,-0.953412259234,-0.483671569072,0.72463544722,0.871225985664,326.278125671,5.71133028608,-0.0424051541874,-3.68630922046,0.0105489950349,0.0375272791411,-0.112174210508,-0.11462321307,-1.80555684505,-1.47153520903
MIS6_only,0.1,30,20260912,55,2,20,2,51,True,,ok,165.058,0.248356617636,17.5590643074,-0.944292664493,-0.503621473772,0.847323966936,0.985693914858,329.27414392,7.18063507507,0.000133041528754,-0.678815716933,0.0196685897759,0.0175773744414,0.0105143092077,-0.00015528387672,1.19046140354,-0.00223042003387
MIS6_only,0.1,31,20260912,55,2,20,3,50,True,,ok,165.058,0.275858723216,19.121069623,-1.06463939403,-0.616339301507,0.837290173932,1.03967733934,323.642771457,7.99930512624,0.0276351471083,0.883189598684,-0.100678139757,-0.0951404532939,0.000480516203995,0.0538281406094,-4.44091105906,0.816439631139
MIS6_only,0.1,32,20260912,55,2,20,4,49,True,,ok,165.058,0.180019366928,12.22843183,-0.820594945233,-0.493862070305,0.641906837336,0.809903779658,322.426497065,5.05211798997,-0.0682042091796,-6.00944819434,0.143366309036,0.0273367779078,-0.194902820392,-0.175945419076,-5.657185451,-2.13074750513
MIS6_only,0.1,33,20260912,55,2,20,1,52,True,,ok,165.058,0.245347499245,17.6864404454,-0.975749164981,-0.486073190401,0.846893907321,0.976471421335,330.14641072,7.04940236755,-0.00287607686208,-0.551439578929,-0.0117879107118,0.0351256578117,0.010084249593,-0.00937777739931,2.06272820343,-0.133463127557
MIS6_only,0.1,34,20260912,55,2,20,4,49,True,,ok,165.058,0.15160254916,10.2981221926,-0.713365106709,-0.334298264155,0.641964830135,0.723791525611,332.49209884,4.25282322752,-0.0966210269475,-7.93975783174,0.25059614756,0.186900584058,-0.194844827593,-0.262057673123,4.40841632371,-2.93004226758
MIS6_only,0.1,35,20260912,55,2,20,3,50,True,,ok,165.058,0.245015310963,16.9831671988,-0.991735020637,-0.498203695657,0.835301521125,0.972592182552,329.186638467,6.99492135556,-0.00320826514405,-1.25471282547,-0.0277737663676,0.0229951525557,-0.00150813660241,-0.0132570161825,1.10295595047,-0.187944139541
MIS6_only,0.1,36,20260912,55,2,20,1,52,True,,ok,165.058,0.253296134551,18.2594361571,-0.957886796495,-0.498012261068,0.861351933816,0.994958977075,329.964567139,7.31493357775,0.00507255844376,0.0215561328312,0.00607445777446,0.0231865871449,0.0245422760881,0.00910977834088,1.88088462284,0.132068082646
MIS6_only,0.1,37,20260912,55,2,20,3,50,True,,ok,165.058,0.230492535257,15.9765250954,-1.08440553125,-0.514898235518,0.778300340751,0.933205022143,326.512672622,6.46504546244,-0.01773104085,-2.26135492892,-0.120444276977,0.00630061269514,-0.0585093169771,-0.0526441765918,-1.57100989427,-0.717820032666
MIS6_only,0.1,38,20260912,55,2,20,0,53,True,,ok,165.058,0.248223576107,18.2378800243,-0.963961254269,-0.521198848213,0.836809657728,0.985849198734,328.083682516,7.1828654951,0,0,0,0,0,0,0,0
MIS6_only,0.1,39,20260912,55,2,20,0,53,True,,ok,165.058,0.248223576107,18.2378800243,-0.963961254269,-0.521198848213,0.836809657728,0.985849198734,328.083682516,7.1828654951,0,0,0,0,0,0,0,0
MIS6_only,0.1,40,20260912,55,2,20,0,53,True,,ok,165.058,0.248223576107,18.2378800243,-0.963961254269,-0.521198848213,0.836809657728,0.985849198734,328.083682516,7.1828654951,0,0,0,0,0,0,0,0
MIS6_only,0.1,41,20260912,55,2,20,4,49,True,,ok,165.058,0.289792667314,19.6851590889,-0.885205664578,-0.534342837185,0.922746187402,1.06629395291,329.925773629,8.43667189685,0.0415690912062,1.44727906464,0.0787555896909,-0.0131439889714,0.0859365296747,0.0804447541774,1.84209111275,1.25380640175
MIS6_only,0.1,42,20260912,55,2,20,1,52,True,,ok,165.058,0.225972174213,16.2897254458,-1.02726355099,-0.491484379881,0.780948915695,0.922734037842,327.816046603,6.33106251338,-0.0222514018943,-1.94815457845,-0.0633022967243,0.0297144683319,-0.0558607420326,-0.0631151608921,-0.26763591325,-0.851802981724
MIS6_only,0.1,43,20260912,55,2,20,2,51,True,,ok,165.058,0.279042657298,19.7285983785,-0.915741659799,-0.520289797081,0.917018549344,1.05433604358,330.430677357,8.23729560814,0.0308190811902,1.4907183542,0.0482195944702,0.000909051132063,0.080208891616,0.0684868448434,2.346994841,1.05443011304
MIS6_only,0.1,44,20260912,55,2,20,3,50,True,,ok,165.058,0.244684568466,16.9602418759,-0.933859021181,-0.512168439549,0.821715856015,0.968263114291,328.065067004,6.93461979776,-0.00353900764097,-1.2776381484,0.0301022330878,0.00903040866383,-0.0150938017131,-0.0175860844435,-0.0186155119972,-0.248245697338
MIS6_only,0.1,45,20260912,55,2,20,1,52,True,,ok,165.058,0.262097817848,18.8939258011,-0.94195162902,-0.545263375032,0.865660448218,1.02307387796,327.793938975,7.73803481827,0.0138742417405,0.656045776805,0.0220096252489,-0.0240645268192,0.0288507904898,0.0372246792236,-0.289743541226,0.555169323171
MIS6_only,0.1,46,20260912,55,2,20,1,52,True,,ok,165.058,0.246002416663,17.7336516782,-0.895325680937,-0.468372084861,0.859065880192,0.978451121103,331.400300143,7.0773690972,-0.00222115944451,-0.504228346134,0.0686355733324,0.0528267633519,0.0222562224641,-0.00739807763172,3.31661762701,-0.105496397907
MIS6_only,0.1,47,20260912,55,2,20,4,49,True,,ok,165.058,0.176561699632,11.9935579409,-0.995894841547,-0.363627291306,0.69753568167,0.786626235378,332.466843489,4.82230712777,-0.0716618764757,-6.24432208343,-0.0319335872779,0.157571556907,-0.139273976058,-0.199222963356,4.38316097255,-2.36055836733
MIS6_only,0.1,48,20260912,55,2,20,2,51,True,,ok,165.058,0.301302837059,21.3024156242,-1.03338240882,-0.664969947035,0.892214752869,1.11275882189,323.302742613,9.25827405172,0.0530792609519,3.06453559994,-0.0694211545534,-0.143771098822,0.0554050951411,0.126909623157,-4.78093990317,2.07540855662
MIS6_only,0.1,49,20260912,55,2,20,2,51,True,,ok,165.058,0.256625648915,18.1436931905,-0.948732849527,-0.496416065903,0.864231359807,0.996656788348,330.126862034,7.33981455042,0.00840207280721,-0.0941868338375,0.0152284047424,0.0247827823102,0.0274217020795,0.0108075896141,2.04317951782,0.156949055317
MIS6_only,0.1,50,20260912,55,2,20,1,52,True,,ok,165.058,0.22450029013,16.1836212864,-0.953232860874,-0.509453885741,0.764215906474,0.918460240514,326.311146292,6.27717777778,-0.023723285977,-2.05425873787,0.0107283933951,0.0117449624724,-0.0725937512536,-0.0673889582207,-1.77253622405,-0.905687717324
MIS6_only,0.1,51,20260912,55,2,20,3,50,True,,ok,165.058,0.248741154257,17.2414229762,-1.0685634603,-0.525594070872,0.817026427998,0.971484076753,327.246775188,6.97943629515,0.000517578149175,-0.996457048082,-0.104602206026,-0.00439522265911,-0.0197832297294,-0.0143651219817,-0.836907328334,-0.203429199957
MIS6_only,0.1,52,20260912,55,2,20,6,47,True,,ok,165.058,0.205206341484,13.3703905211,-0.953189416533,-0.46684727057,0.727967098942,0.864801983798,327.32783736,5.63842046899,-0.0430172346231,-4.86748950321,0.0107718377358,0.0543515776426,-0.108842558786,-0.121047214936,-0.755845156912,-1.54444502611
MIS6_only,0.1,53,20260912,55,2,20,2,51,True,,ok,165.058,0.304652181331,21.5392176552,-1.04803358989,-0.653740140018,0.906172854028,1.11737433837,324.192195167,9.34413315905,0.0564286052239,3.30133763091,-0.0840723356185,-0.132541291805,0.0693631962998,0.131525139635,-3.89148734905,2.16126766395
MIS6_only,0.1,54,20260912,55,2,20,1,52,True,,ok,165.058,0.22450029013,16.1836212864,-0.953232860874,-0.509453885741,0.764215906474,0.918460240514,326.311146292,6.27717777778,-0.023723285977,-2.05425873787,0.0107283933951,0.0117449624724,-0.0725937512536,-0.0673889582207,-1.77253622405,-0.905687717324
MIS6_only,0.1,55,20260912,55,2,20,2,51,True,,ok,165.058,0.301302837059,21.3024156242,-1.03338240882,-0.664969947035,0.892214752869,1.11275882189,323.302742613,9.25827405172,0.0530792609519,3.06453559994,-0.0694211545534,-0.143771098822,0.0554050951411,0.126909623157,-4.78093990317,2.07540855662
MIS6_only,0.1,56,20260912,55,2,20,1,52,True,,ok,165.058,0.227887638922,16.4278061379,-1.02205283437,-0.508506251068,0.776287552993,0.928009144517,326.773243554,6.3982101618,-0.0203359371853,-1.81007388636,-0.0580915801034,0.0126925971453,-0.0605221047345,-0.0578400542173,-1.31043896239,-0.784655333302
MIS6_only,0.1,57,20260912,55,2,20,0,53,True,,ok,165.058,0.248223576107,18.2378800243,-0.963961254269,-0.521198848213,0.836809657728,0.985849198734,328.083682516,7.1828654951,0,0,0,0,0,0,0,0
MIS6_only,0.1,58,20260912,55,2,20,3,50,True,,ok,165.058,0.206319485353,14.3009769567,-0.885201003231,-0.450005076948,0.746357767178,0.871524231393,328.912762286,5.71473806206,-0.0419040907549,-3.93690306763,0.0787602510385,0.0711937712654,-0.09045189055,-0.114324967341,0.829079769416,-1.46812743304
MIS6_only,0.1,59,20260912,55,2,20,1,52,True,,ok,165.058,0.262097817848,18.8939258011,-0.94195162902,-0.545263375032,0.865660448218,1.02307387796,327.793938975,7.73803481827,0.0138742417405,0.656045776805,0.0220096252489,-0.0240645268192,0.0288507904898,0.0372246792236,-0.289743541226,0.555169323171
MIS6_only,0.1,60,20260912,55,2,20,2,51,True,,ok,165.058,0.264447539623,18.6967087826,-1.0390008735,-0.563489900698,0.857717501705,1.026255417,326.696509109,7.78742952254,0.0162239635154,0.45882875825,-0.0750396192261,-0.0422910524846,0.0209078439768,0.0404062182641,-1.38717340792,0.604564027433
MIS6_only,0.1,61,20260912,55,2,20,3,50,True,,ok,165.058,0.228879243763,15.8647002503,-1.09246865723,-0.553618202278,0.748375122322,0.930891206106,323.507434287,6.43519672844,-0.0193443323447,-2.37317977402,-0.128507402964,-0.032419354065,-0.0884345354054,-0.0549579926288,-4.5762482292,-0.747668766661
MIS6_only,0.1,62,20260912,55,2,20,3,50,True,,ok,165.058,0.209463770976,14.5189222281,-0.990217494585,-0.486679050278,0.737778066461,0.883839902545,326.588956949,5.85724762738,-0.0387598051319,-3.71895779618,-0.0262562403154,0.0345197979348,-0.0990315912664,-0.102009296189,-1.4947255672,-1.32561786772
MIS6_only,0.1,63,20260912,55,2,20,4,49,True,,ok,165.058,0.160369678228,10.8936594504,-0.876316789984,-0.390714541588,0.636498618098,0.746852290516,328.456325644,4.4535635837,-0.0878538978799,-7.34422057385,0.0876444642849,0.130484306625,-0.20031103963,-0.238996908219,0.372643127186,-2.7293019114
MIS6_only,0.1,64,20260912,55,2,20,1,52,True,,ok,165.058,0.224525412372,16.1854322812,-0.964245484483,-0.452836463437,0.801958650716,0.920976948722,330.548185566,6.30885307807,-0.0236981637352,-2.05244774311,-0.000284230214251,0.0683623847756,-0.0348510070113,-0.0648722500122,2.46450304975,-0.874012417033
MIS6_only,0.1,65,20260912,55,2,20,3,50,True,,ok,165.058,0.267021257332,18.5085031669,-0.926449970558,-0.481696570998,0.900460042705,1.02120510918,331.855670168,7.70916760232,0.0187976812244,0.270623142613,0.0375112837109,0.039502277215,0.0636503849772,0.0353559104478,3.7719876517,0.526302107218
MIS6_only,0.1,66,20260912,55,2,20,1,52,True,,ok,165.058,0.267666533182,19.2953594918,-1.02107889005,-0.596994039851,0.846983680822,1.03623512737,324.822013556,7.94442364891,0.0194429570747,1.05747946746,-0.0571176357787,-0.0757951916383,0.010174023094,0.0503859286362,-3.26166896008,0.761558153811
MIS6_only,0.1,67,20260912,55,2,20,4,49,True,,ok,165.058,0.216485170084,14.7054963571,-0.898978557236,-0.438205050629,0.786546393842,0.900377085482,330.876705556,6.05421165375,-0.0317384060231,-3.53238366715,0.064982697033,0.0829937975845,-0.0502632638862,-0.085472113252,2.79302303995,-1.12865384135
MIS6_only,0.1,68,20260912,55,2,20,2,51,True,,ok,165.058,0.225738402348,15.9599335874,-0.937987751992,-0.444755578159,0.810028652419,0.924096283968,331.230504674,6.34833496278,-0.0224851737596,-2.27794643689,0.0259735022775,0.0764432700542,-0.0267810053089,-0.0617529147666,3.14682215735,-0.834530532323
MIS6_only,0.1,69,20260912,55,2,20,4,49,True,,ok,165.058,0.222354020375,15.1041581063,-1.11685711136,-0.482565964687,0.77543977149,0.913332770397,328.105474056,6.21313463539,-0.0258695557322,-3.13372191799,-0.152895857091,0.0386328835266,-0.0613698862382,-0.072516428337,0.0217915397576,-0.969730859716
MIS6_only,0.1,70,20260912,55,2,20,1,52,True,,ok,165.058,0.277634774625,20.0139431707,-0.967126162441,-0.584821797493,0.878990258132,1.05576531896,326.362840828,8.26087602262,0.0294111985177,1.7760631464,-0.0031649081717,-0.0636229492799,0.0421806004047,0.0699161202238,-1.72084168858,1.07801052752
MIS6_only,0.1,71,20260912,55,2,20,2,51,True,,ok,165.058,0.292231274902,20.6610469955,-0.922604275656,-0.567310077909,0.92798572923,1.08765722457,328.56109896,8.80495339688,0.0440076987942,2.42316697119,0.041356978613,-0.0461112296955,0.0911760715021,0.101808025832,0.477416443116,1.62208790178
MIS6_only,0.1,72,20260912,55,2,20,1,52,True,,ok,165.058,0.267666533182,19.2953594918,-1.02107889005,-0.596994039851,0.846983680822,1.03623512737,324.822013556,7.94442364891,0.0194429570747,1.05747946746,-0.0571176357787,-0.0757951916383,0.010174023094,0.0503859286362,-3.26166896008,0.761558153811
MIS6_only,0.1,73,20260912,55,2,20,4,49,True,,ok,165.058,0.189236473898,12.8545353775,-0.850281955639,-0.338691590463,0.74990789674,0.822844971452,335.693958914,5.18458574139,-0.0589871022091,-5.38334464681,0.11367929863,0.18250725775,-0.0869017609873,-0.163004227282,7.61027639733,-1.99827975371
MIS6_only,0.1,74,20260912,55,2,20,2,51,True,,ok,165.058,0.246710656467,17.4426931863,-0.946449600923,-0.586115664992,0.788680187663,0.982623025968,323.381740412,7.13666836521,-0.00151291964051,-0.795186837999,0.0175116533467,-0.0649168167791,-0.0481294700646,-0.00322617276679,-4.70194210465,-0.0461971298972
MIS6_only,0.1,75,20260912,55,2,20,3,50,True,,ok,165.058,0.166717267582,11.5559603975,-0.900352303934,-0.351770839428,0.672850714429,0.75925674668,332.399131516,4.56543360115,-0.0815063085249,-6.68191962676,0.0636089503357,0.169428008786,-0.163958943299,-0.226592452055,4.31544899909,-2.61743189395
MIS6_only,0.1,76,20260912,55,2,20,2,51,True,,ok,165.058,0.198347230089,14.0233499774,-0.971118093177,-0.471298399887,0.702726517277,0.846136360062,326.151382931,5.43181167511,-0.0498763460184,-4.21453004688,-0.00715683890806,0.0499004483263,-0.134083140451,-0.139712838672,-1.93229958533,-1.75105381999
MIS6_only,0.1,77,20260912,55,2,20,2,51,True,,ok,165.058,0.292177229845,20.6572259553,-0.918160247561,-0.573610327369,0.928071457196,1.09102953091,328.281157599,8.86454011613,0.0439536537377,2.41934593098,0.0458010067086,-0.0524114791555,0.091261799468,0.105180332179,0.197475082411,1.68167462102
MIS6_only,0.1,78,20260912,55,2,20,1,52,True,,ok,165.058,0.223911559926,16.1411813116,-0.987334573785,-0.473174558522,0.784075262006,0.915788283023,328.889814849,6.24372254399,-0.0243120161816,-2.09669871274,-0.0233733195158,0.0480242896909,-0.0527343957222,-0.0700609157115,0.806132332819,-0.939142951115
MIS6_only,0.1,79,20260912,55,2,20,2,51,True,,ok,165.058,0.238768437721,16.8811702801,-0.90351495505,-0.498603976964,0.812570193859,0.953350012216,328.466163014,6.7308405001,-0.00945513838614,-1.35670974415,0.0604462992195,0.022594871249,-0.0242394638691,-0.0324991865185,0.382480497703,-0.452024995007
MIS6_only,0.1,80,20260912,55,2,20,1,52,True,,ok,165.058,0.224493637949,16.1831417486,-0.928865241308,-0.445376478428,0.807383477204,0.922078243317,331.117578932,6.32276420428,-0.0237299381588,-2.05473827574,0.0350960129611,0.0758223697855,-0.0294261805239,-0.0637709554174,3.03389641523,-0.86010129082
MIS6_only,0.1,81,20260912,55,2,20,1,52,True,,ok,165.058,0.245347499245,17.6864404454,-0.975749164981,-0.486073190401,0.846893907321,0.976471421335,330.14641072,7.04940236755,-0.00287607686208,-0.551439578929,-0.0117879107118,0.0351256578117,0.010084249593,-0.00937777739931,2.06272820343,-0.133463127557
MIS6_only,0.1,82,20260912,55,2,20,0,53,True,,ok,165.058,0.248223576107,18.2378800243,-0.963961254269,-0.521198848213,0.836809657728,0.985849198734,328.083682516,7.1828654951,0,0,0,0,0,0,0,0
MIS6_only,0.1,83,20260912,55,2,20,1,52,True,,ok,165.058,0.22450029013,16.1836212864,-0.953232860874,-0.509453885741,0.764215906474,0.918460240514,326.311146292,6.27717777778,-0.023723285977,-2.05425873787,0.0107283933951,0.0117449624724,-0.0725937512536,-0.0673889582207,-1.77253622405,-0.905687717324
MIS6_only,0.1,84,20260912,55,2,20,5,48,True,,ok,165.058,0.232342736426,15.460580417,-0.823550924244,-0.407205428941,0.837372641242,0.931133288879,334.066836951,6.43831318337,-0.0158808396817,-2.7772996073,0.140410330025,0.113993419273,0.000562983514328,-0.0547159098549,5.98315443442,-0.744552311733
MIS6_only,0.1,85,20260912,55,2,20,2,51,True,,ok,165.058,0.22164314789,15.6703949511,-0.974223585202,-0.475963669772,0.775253773789,0.909703154176,328.45233718,6.16819535655,-0.0265804282174,-2.56748507316,-0.0102623309324,0.0452351784414,-0.0615558839385,-0.0761460445587,0.368654663935,-1.01467013856
MIS6_only,0.1,86,20260912,55,2,20,0,53,True,,ok,165.058,0.248223576107,18.2378800243,-0.963961254269,-0.521198848213,0.836809657728,0.985849198734,328.083682516,7.1828654951,0,0,0,0,0,0,0,0
MIS6_only,0.1,87,20260912,55,2,20,1,52,True,,ok,165.058,0.232889041168,16.788343756,-0.891830048975,-0.542781361472,0.780677115947,0.950825097336,325.19027036,6.696936578,-0.0153345349393,-1.44953626833,0.0721312052945,-0.0215825132592,-0.0561325417812,-0.0350241013981,-2.89341215655,-0.485928917103
MIS6_only,0.1,88,20260912,55,2,20,1,52,True,,ok,165.058,0.223911559926,16.1411813116,-0.987334573785,-0.473174558522,0.784075262006,0.915788283023,328.889814849,6.24372254399,-0.0243120161816,-2.09669871274,-0.0233733195158,0.0480242896909,-0.0527343957222,-0.0700609157115,0.806132332819,-0.939142951115
MIS6_only,0.1,89,20260912,55,2,20,1,52,True,,ok,165.058,0.277634774625,20.0139431707,-0.967126162441,-0.584821797493,0.878990258132,1.05576531896,326.362840828,8.26087602262,0.0294111985177,1.7760631464,-0.0031649081717,-0.0636229492799,0.0421806004047,0.0699161202238,-1.72084168858,1.07801052752
MIS6_only,0.1,90,20260912,55,2,20,3,50,True,,ok,165.058,0.253575440579,17.5765101697,-0.832683480449,-0.522137331838,0.845646733506,0.993854008992,328.307099189,7.29878589073,0.00535186447194,-0.661369854618,0.131277773821,-0.000938483625071,0.00883707577866,0.00800481025752,0.223416672451,0.115920395626
MIS6_only,0.1,91,20260912,55,2,20,2,51,True,,ok,165.058,0.239652303404,16.9436604788,-1.04827442749,-0.548069098729,0.785036445168,0.957424648326,325.079381661,6.78591605967,-0.00857127270345,-1.29421954555,-0.0843131732239,-0.026870250516,-0.0517732125602,-0.0284245504079,-3.00430085587,-0.39694943543
MIS6_only,0.1,92,20260912,55,2,20,2,51,True,,ok,165.058,0.229925562778,16.255970069,-0.911121980212,-0.510895585931,0.790927763988,0.941584317823,327.139776113,6.57430346551,-0.0182980133297,-1.98190995534,0.0528392740572,0.0103032622824,-0.0458818937394,-0.0442648809109,-0.943906403592,-0.608562029596
MIS6_only,0.1,93,20260912,55,2,20,2,51,True,,ok,165.058,0.214333837967,15.1536193395,-0.952809878157,-0.534005323986,0.721718599335,0.897796982993,323.501967209,6.02305114707,-0.0338897381401,-3.08426068477,0.0111513761125,-0.0128064757727,-0.115091058393,-0.0880522157416,-4.58171530705,-1.15981434803
MIS6_only,0.1,94,20260912,55,2,20,6,47,True,,ok,165.058,0.255270693917,16.6323752062,-1.00383768885,-0.678193303876,0.728290208795,0.995164702775,317.03993027,7.31794393667,0.0070471178098,-1.60550481808,-0.0398764345774,-0.156994455662,-0.108519448932,0.00931550404049,-11.043752246,0.135078441568
MIS6_only,0.1,95,20260912,55,2,20,2,51,True,,ok,165.058,0.275050481592,19.4463475144,-0.982878407043,-0.55134529316,0.889771224306,1.04674469853,328.215642079,8.11317592128,0.0268269054847,1.20846749007,-0.0189171527734,-0.0301464449464,0.0529615665787,0.060895499792,0.131959562285,0.930310426175
MIS6_only,0.1,96,20260912,55,2,20,2,51,True,,ok,165.058,0.229558660571,16.2300297115,-0.988330555242,-0.451229507878,0.809874647018,0.92709493185,330.875210484,6.38652220079,-0.018664915536,-2.00785031278,-0.0243693009726,0.0699693403351,-0.0269350107096,-0.0587542668839,2.79152796793,-0.796343294312
MIS6_only,0.1,97,20260912,55,2,20,1,52,True,,ok,165.058,0.245347499245,17.6864404454,-0.975749164981,-0.486073190401,0.846893907321,0.976471421335,330.14641072,7.04940236755,-0.00287607686208,-0.551439578929,-0.0117879107118,0.0351256578117,0.010084249593,-0.00937777739931,2.06272820343,-0.133463127557
MIS6_only,0.1,98,20260912,55,2,20,1,52,True,,ok,165.058,0.267666533182,19.2953594918,-1.02107889005,-0.596994039851,0.846983680822,1.03623512737,324.822013556,7.94442364891,0.0194429570747,1.05747946746,-0.0571176357787,-0.0757951916383,0.010174023094,0.0503859286362,-3.26166896008,0.761558153811
MIS6_only,0.1,99,20260912,55,2,20,2,51,True,,ok,165.058,0.239719965269,16.9484442411,-0.916089958068,-0.443223581912,0.849818545104,0.958456416936,332.455668682,6.79993350782,-0.00850361083865,-1.2894357832,0.0478712962011,0.0779752663007,0.0130088873762,-0.0273927817983,4.37198616568,-0.382931987285
MIS6_only,0.1,100,20260912,55,2,20,0,53,True,,ok,165.058,0.248223576107,18.2378800243,-0.963961254269,-0.521198848213,0.836809657728,0.985849198734,328.083682516,7.1828654951,0,0,0,0,0,0,0,0
MIS6_only,0.1,101,20260912,55,2,20,2,51,True,,ok,165.058,0.256587796792,18.1410170071,-0.896805925832,-0.575166452207,0.820953564965,1.00238775111,324.984615293,7.42442694227,0.00836422068453,-0.096863017233,0.0671553284368,-0.0539676039942,-0.015856092763,0.0165385523745,-3.09906722333,0.241561447166
MIS6_only,0.1,102,20260912,55,2,20,0,53,True,,ok,165.058,0.248223576107,18.2378800243,-0.963961254269,-0.521198848213,0.836809657728,0.985849198734,328.083682516,7.1828654951,0,0,0,0,0,0,0,0
MIS6_only,0.1,103,20260912,55,2,20,3,50,True,,ok,165.058,0.264967387432,18.3661397539,-0.886402943808,-0.606136393246,0.835838483093,1.0324859791,324.050992035,7.88507678279,0.0167438113242,0.128259729554,0.077558310461,-0.0849375450325,-0.000971174635148,0.0466367803643,-4.0326904816,0.702211287685
MIS6_only,0.1,104,20260912,55,2,20,4,49,True,,ok,165.058,0.269276479857,18.2915268148,-0.894106775931,-0.568098947534,0.863096836112,1.03328242156,326.646688716,7.89764681128,0.0210529037499,0.0536467905141,0.0698544783384,-0.0469000993212,0.0262871783838,0.0474332228211,-1.43699380023,0.714781316182
MIS6_only,0.1,105,20260912,55,2,20,1,52,True,,ok,165.058,0.264476150015,19.0653733617,-1.01657211966,-0.595807802105,0.83882191567,1.02888733264,324.614158023,7.82852931388,0.0162525739076,0.827493337359,-0.0526108653915,-0.0746089538923,0.00201225794181,0.0430381339009,-3.46952449378,0.645663818779
MIS6_only,0.1,106,20260912,55,2,20,2,51,True,,ok,165.058,0.243778045132,17.2353545959,-0.942941180669,-0.585135118517,0.781155566975,0.976005700157,323.164458805,7.04283931262,-0.00444553097505,-1.00252542838,0.0210200735999,-0.063936270304,-0.0556540907528,-0.00984349857782,-4.91922371158,-0.140026182485
MIS6_only,0.1,107,20260912,55,2,20,1,52,True,,ok,165.058,0.246002416663,17.7336516782,-0.895325680937,-0.468372084861,0.859065880192,0.978451121103,331.400300143,7.0773690972,-0.00222115944451,-0.504228346134,0.0686355733324,0.0528267633519,0.0222562224641,-0.00739807763172,3.31661762701,-0.105496397907
MIS6_only,0.1,108,20260912,55,2,20,0,53,True,,ok,165.058,0.248223576107,18.2378800243,-0.963961254269,-0.521198848213,0.836809657728,0.985849198734,328.083682516,7.1828654951,0,0,0,0,0,0,0,0
MIS6_only,0.1,109,20260912,55,2,20,1,52,True,,ok,165.058,0.232889041168,16.788343756,-0.891830048975,-0.542781361472,0.780677115947,0.950825097336,325.19027036,6.696936578,-0.0153345349393,-1.44953626833,0.0721312052945,-0.0215825132592,-0.0561325417812,-0.0350241013981,-2.89341215655,-0.485928917103
MIS6_only,0.1,110,20260912,55,2,20,1,52,True,,ok,165.058,0.28150332596,20.2928166176,-0.982829779891,-0.573829979407,0.89316405715,1.06161333745,327.280523231,8.35806277612,0.0332797498524,2.05493659326,-0.0188685256213,-0.0526311311936,0.0563543994226,0.0757641387154,-0.803159285898,1.17519728102
MIS6_only,0.1,111,20260912,55,2,20,2,51,True,,ok,165.058,0.22956988376,16.2308232023,-0.823622174238,-0.489180964212,0.803058853351,0.940319912419,328.652438002,6.55769929909,-0.0186536923473,-2.00705682198,0.140339080031,0.0320178840014,-0.0337508043772,-0.0455292863152,0.568755485893,-0.625166196014
MIS6_only,0.1,112,20260912,55,2,20,0,53,True,,ok,165.058,0.248223576107,18.2378800243,-0.963961254269,-0.521198848213,0.836809657728,0.985849198734,328.083682516,7.1828654951,0,0,0,0,0,0,0,0
MIS6_only,0.1,113,20260912,55,2,20,3,50,True,,ok,165.058,0.209015557973,14.4878544702,-1.00055640868,-0.395623949188,0.780583047055,0.875116108023,333.122679798,5.75593914225,-0.0392080181346,-3.7500255541,-0.036595154414,0.125574899025,-0.0562266106724,-0.110733090711,5.0389972811,-1.42692635285
MIS6_only,0.1,114,20260912,55,2,20,1,52,True,,ok,165.058,0.28150332596,20.2928166176,-0.982829779891,-0.573829979407,0.89316405715,1.06161333745,327.280523231,8.35806277612,0.0332797498524,2.05493659326,-0.0188685256213,-0.0526311311936,0.0563543994226,0.0757641387154,-0.803159285898,1.17519728102
MIS6_only,0.1,115,20260912,55,2,20,3,50,True,,ok,165.058,0.282603687964,19.5885949528,-1.12514797859,-0.625578311575,0.849419378427,1.05492251107,323.629187641,8.24696308888,0.0343801118569,1.35071492853,-0.161186724319,-0.104379463362,0.0126097206995,0.0690733123348,-4.45449487567,1.06409759378
MIS6_only,0.1,116,20260912,55,2,20,3,50,True,,ok,165.058,0.235366228461,16.3143437657,-1.01453321471,-0.611974681898,0.730298680676,0.952811195505,320.037712,6.72359102826,-0.0128573476465,-1.92353625863,-0.050571960442,-0.0907758336844,-0.106510977052,-0.0330380032292,-8.04597051691,-0.459274466845
MIS6_only,0.1,117,20260912,55,2,20,5,48,True,,ok,165.058,0.174369692474,11.6029306285,-0.857942422844,-0.481573299811,0.626043067599,0.789837176625,322.431309687,4.85337506805,-0.0738538836336,-6.63494939582,0.106018831426,0.0396255484023,-0.210766590129,-0.196012022109,-5.65237282942,-2.32949042705
MIS6_only,0.1,118,20260912,55,2,20,1,52,True,,ok,165.058,0.234513911045,16.9054762492,-0.967205937025,-0.480331085038,0.818102066947,0.948688011517,329.581588162,6.66837380619,-0.0137096650627,-1.33240377505,-0.00324468275622,0.0408677631753,-0.0187075907811,-0.0371611872173,1.49790564599,-0.514491688911
MIS6_only,0.1,119,20260912,55,2,20,3,50,True,,ok,165.058,0.239550898373,16.6044029808,-0.889904722822,-0.429768701358,0.85751837684,0.959186584187,333.381013103,6.80987093956,-0.00867267773409,-1.63347704349,0.0740565314468,0.091430146855,0.0207087191122,-0.0266626145469,5.29733058607,-0.372994555545
MIS6_only,0.1,120,20260912,55,2,20,4,49,True,,ok,165.058,0.237809993222,16.1540579785,-1.00090176755,-0.494427368607,0.794184811078,0.935514797839,328.095275638,6.49498016141,-0.0104135828852,-2.08382204582,-0.0369405132829,0.0267714796059,-0.0426248466495,-0.0503344008956,0.0115931210707,-0.687885333693
MIS6_only,0.1,121,20260912,55,2,20,4,49,True,,ok,165.058,0.260247018033,17.6781697063,-0.740213635061,-0.459581857971,0.899011963492,1.00967222141,332.923531059,7.53338475003,0.0120234419254,-0.559710318039,0.223747619209,0.0616169902421,0.0622023057646,0.0238230226714,4.83984854287,0.350519254924
MIS6_only,0.1,122,20260912,55,2,20,3,50,True,,ok,165.058,0.217970950015,15.1085949447,-0.981082632282,-0.444182977682,0.785570953715,0.902452348317,330.515012673,6.07939203439,-0.0302526260929,-3.12928507965,-0.0171213780131,0.077015870531,-0.0512387040129,-0.0833968504173,2.43133015639,-1.10347346071
MIS6_only,0.1,123,20260912,55,2,20,3,50,True,,ok,165.058,0.278562903517,19.3085091181,-0.916885250908,-0.517971032687,0.908587339202,1.04586086248,330.313230768,8.09884715458,0.0303393274093,1.07062909382,0.0470760033609,0.00322781552585,0.0717776814744,0.0600116637429,2.22954825172,0.915981659482
MIS6_only,0.1,124,20260912,55,2,20,4,49,True,,ok,165.058,0.241546515184,16.4078740254,-0.897366770355,-0.541447234159,0.801867689468,0.967552013481,325.971494041,6.92476438012,-0.00667706092367,-1.83000599888,0.0665944839141,-0.0202483859461,-0.0349419682597,-0.0182971852531,-2.11218847514,-0.258101114987
MIS6_only,0.1,125,20260912,55,2,20,3,50,True,,ok,165.058,0.279808009996,19.3948133227,-0.907533967966,-0.533424942927,0.919354162771,1.06289898219,329.876962899,8.37958142851,0.0315844338886,1.15693329839,0.0564272863036,-0.0122260947142,0.0825445050436,0.0770497834564,1.79328038205,1.19671593341
MIS6_only,0.1,126,20260912,55,2,20,1,52,True,,ok,165.058,0.277634774625,20.0139431707,-0.967126162441,-0.584821797493,0.878990258132,1.05576531896,326.362840828,8.26087602262,0.0294111985177,1.7760631464,-0.0031649081717,-0.0636229492799,0.0421806004047,0.0699161202238,-1.72084168858,1.07801052752
MIS6_only,0.1,127,20260912,55,2,20,1,52,True,,ok,165.058,0.224525412372,16.1854322812,-0.964245484483,-0.452836463437,0.801958650716,0.920976948722,330.548185566,6.30885307807,-0.0236981637352,-2.05244774311,-0.000284230214251,0.0683623847756,-0.0348510070113,-0.0648722500122,2.46450304975,-0.874012417033
MIS6_only,0.1,128,20260912,55,2,20,1,52,True,,ok,165.058,0.227887638922,16.4278061379,-1.02205283437,-0.508506251068,0.776287552993,0.928009144517,326.773243554,6.3982101618,-0.0203359371853,-1.81007388636,-0.0580915801034,0.0126925971453,-0.0605221047345,-0.0578400542173,-1.31043896239,-0.784655333302
MIS6_only,0.1,129,20260912,55,2,20,3,50,True,,ok,165.058,0.223857637076,15.5166289986,-0.854525781507,-0.461227605815,0.794582827617,0.918745217299,329.866330249,6.28075649742,-0.0243659390311,-2.72125102568,0.109435472762,0.059971242398,-0.0422268301108,-0.0671039814353,1.7826477329,-0.902108997681
MIS6_only,0.1,130,20260912,55,2,20,3,50,True,,ok,165.058,0.234464258034,16.2518239398,-1.01465729737,-0.468633737011,0.810550787711,0.936274617259,329.964914945,6.50485768876,-0.0137593180738,-1.98605608449,-0.0506960430965,0.0525651112023,-0.0262588700171,-0.0495745814755,1.88123242882,-0.678007806337
MIS6_only,0.1,131,20260912,55,2,20,1,52,True,,ok,165.058,0.253296134551,18.2594361571,-0.957886796495,-0.498012261068,0.861351933816,0.994958977075,329.964567139,7.31493357775,0.00507255844376,0.0215561328312,0.00607445777446,0.0231865871449,0.0245422760881,0.00910977834088,1.88088462284,0.132068082646
MIS6_only,0.1,132,20260912,55,2,20,2,51,True,,ok,165.058,0.230762627644,16.3151514024,-0.930628999583,-0.423434492966,0.833210493082,0.934631743317,333.060490943,6.48351944163,-0.0174609484639,-1.92272862187,0.0333322546861,0.0977643552468,-0.00359916464534,-0.0512174554171,4.97680842619,-0.69934605347
MIS6_only,0.1,133,20260912,55,2,20,0,53,True,,ok,165.058,0.248223576107,18.2378800243,-0.963961254269,-0.521198848213,0.836809657728,0.985849198734,328.083682516,7.1828654951,0,0,0,0,0,0,0,0
MIS6_only,0.1,134,20260912,55,2,20,3,50,True,,ok,165.058,0.283843745022,19.6745491582,-0.856326492714,-0.464630716266,0.956964080628,1.06379601151,334.102232307,8.39462838252,0.035620168915,1.43666913388,0.107634761556,0.0565681319474,0.1201544229,0.0779468127778,6.01854979015,1.21176288742
MIS6_only,0.1,135,20260912,55,2,20,2,51,True,,ok,165.058,0.199816483885,14.1272277083,-0.968705255069,-0.461742051264,0.713023684177,0.849475424072,327.073590496,5.46820740125,-0.048407092222,-4.11065231597,-0.00474400080019,0.0594567969488,-0.123785973551,-0.136373774662,-1.01009202097,-1.71465809385
MIS6_only,0.1,136,20260912,55,2,20,2,51,True,,ok,165.058,0.224844774438,15.8967531895,-0.960588734537,-0.440917191721,0.805790671325,0.918535016181,331.313148594,6.27811660829,-0.0233788016695,-2.34112683485,0.00337251973191,0.0802816564924,-0.0310189864025,-0.0673141825538,3.22946607752,-0.904748886816
MIS6_only,0.1,137,20260912,55,2,20,3,50,True,,ok,165.058,0.19793761484,13.7199899653,-0.920266503026,-0.443973467628,0.730605963608,0.854925443543,328.713853491,5.52813709954,-0.0502859612676,-4.517890059,0.0436947512436,0.0772253805847,-0.106203694119,-0.130923755191,0.630170974217,-1.65472839557
MIS6_only,0.1,138,20260912,55,2,20,1,52,True,,ok,165.058,0.224525412372,16.1854322812,-0.964245484483,-0.452836463437,0.801958650716,0.920976948722,330.548185566,6.30885307807,-0.0236981637352,-2.05244774311,-0.000284230214251,0.0683623847756,-0.0348510070113,-0.0648722500122,2.46450304975,-0.874012417033
MIS6_only,0.1,139,20260912,55,2,20,2,51,True,,ok,165.058,0.207219449057,14.6506248409,-0.849477996358,-0.421703911729,0.767114764437,0.875385201489,331.201204408,5.75903774722,-0.0410041270499,-3.58725518342,0.114483257911,0.0994949364839,-0.0696948932903,-0.110463997245,3.11752189183,-1.42382774788
MIS6_only,0.1,140,20260912,55,2,20,0,53,True,,ok,165.058,0.248223576107,18.2378800243,-0.963961254269,-0.521198848213,0.836809657728,0.985849198734,328.083682516,7.1828654951,0,0,0,0,0,0,0,0
MIS6_only,0.1,141,20260912,55,2,20,2,51,True,,ok,165.058,0.255260746211,18.0471931874,-1.02964816806,-0.555407299132,0.822267563146,0.992270735904,325.962621642,7.2757105021,0.00703717010335,-0.190686836851,-0.0656869137903,-0.0342084509189,-0.0145420945814,0.00642153716983,-2.12106087435,0.0928450070025
MIS6_only,0.1,142,20260912,55,2,20,2,51,True,,ok,165.058,0.227306171538,16.0707764564,-0.937311487649,-0.435892019552,0.820597460623,0.929183536816,332.023269137,6.4132558419,-0.0209174045697,-2.16710356792,0.0266497666203,0.085306828661,-0.0162121971047,-0.0566656619182,3.93958662058,-0.769609653204
MIS6_only,0.1,143,20260912,55,2,20,3,50,True,,ok,165.058,0.209463770976,14.5189222281,-0.990217494585,-0.486679050278,0.737778066461,0.883839902545,326.588956949,5.85724762738,-0.0387598051319,-3.71895779618,-0.0262562403154,0.0345197979348,-0.0990315912664,-0.102009296189,-1.4947255672,-1.32561786772
MIS6_only,0.1,144,20260912,55,2,20,4,49,True,,ok,165.058,0.258151690187,17.5358373886,-0.956603823822,-0.505880530401,0.870296421191,1.00664341838,329.831684016,7.48788841161,0.00992811407974,-0.70204263572,0.00735743044769,0.0153183178119,0.0334867634632,0.0207942196501,1.74800149938,0.30502291651
MIS6_only,0.1,145,20260912,55,2,20,5,48,True,,ok,165.058,0.275333028601,18.321245999,-0.95418140114,-0.502658387696,0.902611027873,1.03313702981,330.886842062,7.89535063979,0.0271094524934,0.0833659747103,0.0097798531297,0.0185404605176,0.065801370145,0.0472878310725,2.80315954588,0.712485144683
MIS6_only,0.1,146,20260912,55,2,20,2,51,True,,ok,165.058,0.260123516248,18.3909959522,-0.923406909894,-0.473427146577,0.89446433341,1.01202752278,332.108372707,7.56895524636,0.0118999401403,0.153115927911,0.0405543443751,0.0477717016366,0.0576546756827,0.0261783240431,4.02469019044,0.386089751257
MIS6_only,0.1,147,20260912,55,2,20,3,50,True,,ok,165.058,0.241014712904,16.7058668723,-0.991480869045,-0.480651620248,0.828540608126,0.957865084112,329.881192559,6.7918962137,-0.00720886320308,-1.53201315199,-0.0275196147757,0.0405472279647,-0.00826904960216,-0.0279841146225,1.79751004213,-0.390969281404
MIS6_only,0.1,148,20260912,55,2,20,3,50,True,,ok,165.058,0.258410578688,17.9116564044,-0.850583955036,-0.433353918488,0.907240336479,1.00542560481,334.467982798,7.46967289938,0.0101870025801,-0.32622361989,0.113377299234,0.0878449297254,0.0704306787512,0.0195764060734,6.38430028182,0.286807404277
MIS6_only,0.1,149,20260912,55,2,20,2,51,True,,ok,165.058,0.256587796792,18.1410170071,-0.896805925832,-0.575166452207,0.820953564965,1.00238775111,324.984615293,7.42442694227,0.00836422068453,-0.096863017233,0.0671553284368,-0.0539676039942,-0.015856092763,0.0165385523745,-3.09906722333,0.241561447166
MIS6_only,0.1,150,20260912,55,2,20,3,50,True,,ok,165.058,0.288043398339,19.9656469438,-0.919412639517,-0.59153127111,0.894070132369,1.07204041262,326.510733641,8.53419321604,0.0398198222319,1.72776691948,0.0445486147524,-0.0703324228973,0.0572604746416,0.0861912138885,-1.57294887589,1.35132772094
MIS6_only,0.1,151,20260912,55,2,20,0,53,True,,ok,165.058,0.248223576107,18.2378800243,-0.963961254269,-0.521198848213,0.836809657728,0.985849198734,328.083682516,7.1828654951,0,0,0,0,0,0,0,0
MIS6_only,0.1,152,20260912,55,2,20,3,50,True,,ok,165.058,0.218012699269,15.1114887824,-0.893685977128,-0.423542610346,0.789847079041,0.896240342234,331.798291608,6.00432885227,-0.0302108768388,-3.12639124187,0.0702752771412,0.0976562378672,-0.0469625786868,-0.0896088565001,3.71460909106,-1.17853664283
MIS6_only,0.1,153,20260912,55,2,20,5,48,True,,ok,165.058,0.227014471838,15.1060263457,-1.01188716092,-0.433695116678,0.810723877976,0.919437143339,331.855535234,6.2894541521,-0.0212091042696,-3.13185367864,-0.0479259066488,0.0875037315352,-0.0260857797518,-0.0664120553957,3.7718527172,-0.893411342997
MIS6_only,0.1,154,20260912,55,2,20,3,50,True,,ok,165.058,0.183564824314,12.7237440423,-0.927640632687,-0.413231724132,0.698842593324,0.811875254009,329.403804632,5.07207755596,-0.0646587517931,-5.51413598196,0.0363206215826,0.107967124081,-0.137967064404,-0.173973944725,1.32012211546,-2.11078793915
MIS6_only,0.1,155,20260912,55,2,20,1,52,True,,ok,165.058,0.224493637949,16.1831417486,-0.928865241308,-0.445376478428,0.807383477204,0.922078243317,331.117578932,6.32276420428,-0.0237299381588,-2.05473827574,0.0350960129611,0.0758223697855,-0.0294261805239,-0.0637709554174,3.03389641523,-0.86010129082
MIS6_only,0.1,156,20260912,55,2,20,1,52,True,,ok,165.058,0.224525412372,16.1854322812,-0.964245484483,-0.452836463437,0.801958650716,0.920976948722,330.548185566,6.30885307807,-0.0236981637352,-2.05244774311,-0.000284230214251,0.0683623847756,-0.0348510070113,-0.0648722500122,2.46450304975,-0.874012417033
MIS6_only,0.1,157,20260912,55,2,20,4,49,True,,ok,165.058,0.191955297165,13.0392207563,-0.970891431446,-0.43531895776,0.706654806715,0.829978078529,328.365778868,5.25908026584,-0.0562682789423,-5.198659268,-0.00693017717628,0.0858798904529,-0.130154851013,-0.155871120206,0.282096351453,-1.92378522926
MIS6_only,0.1,158,20260912,55,2,20,1,52,True,,ok,165.058,0.28150332596,20.2928166176,-0.982829779891,-0.573829979407,0.89316405715,1.06161333745,327.280523231,8.35806277612,0.0332797498524,2.05493659326,-0.0188685256213,-0.0526311311936,0.0563543994226,0.0757641387154,-0.803159285898,1.17519728102
MIS6_only,0.1,159,20260912,55,2,20,3,50,True,,ok,165.058,0.238709449188,16.5460781678,-0.879504688189,-0.484892338284,0.822042974346,0.954397837067,329.465238667,6.74496077439,-0.00951412691916,-1.69180185651,0.0844565660798,0.0363065099292,-0.0147666833816,-0.0314513616673,1.38155615061,-0.437904720709
MIS6_only,0.1,160,20260912,55,2,20,2,51,True,,ok,165.058,0.219719250125,15.5343734313,-0.900987142281,-0.505627862478,0.762919209909,0.915262397437,326.465408464,6.23715902887,-0.0285043259828,-2.70350659296,0.0629741119887,0.0155709857354,-0.0738904478188,-0.0705868012974,-1.61827405269,-0.945706466229
MIS6_only,0.1,161,20260912,55,2,20,3,50,True,,ok,165.058,0.278635942986,19.3135718283,-1.04683239451,-0.643948971426,0.824594615167,1.04624402372,322.012728255,8.10505586185,0.0304123668785,1.07569180404,-0.0828711402454,-0.122750123213,-0.0122150425604,0.0603948249828,-6.0709542616,0.922190366749
MIS6_only,0.1,162,20260912,55,2,20,5,48,True,,ok,165.058,0.165342169108,11.0022200011,-0.827782008067,-0.42268471622,0.62940055809,0.758160558094,326.115989217,4.55543541265,-0.0828814069995,-7.2356600232,0.136179246203,0.0985141319935,-0.207409099638,-0.22768864064,-1.96769329955,-2.62743008245
MIS6_only,0.1,163,20260912,55,2,20,3,50,True,,ok,165.058,0.177169474533,12.2804521754,-0.950771438126,-0.40317468487,0.680375348494,0.790860570112,329.349999355,4.86331906607,-0.0710541015741,-5.9574278489,0.013189816143,0.118024163343,-0.156434309234,-0.194988628622,1.266316839,-2.31954642903
MIS6_only,0.1,164,20260912,55,2,20,2,51,True,,ok,165.058,0.256587796792,18.1410170071,-0.896805925832,-0.575166452207,0.820953564965,1.00238775111,324.984615293,7.42442694227,0.00836422068453,-0.096863017233,0.0671553284368,-0.0539676039942,-0.015856092763,0.0165385523745,-3.09906722333,0.241561447166
MIS6_only,0.1,165,20260912,55,2,20,0,53,True,,ok,165.058,0.248223576107,18.2378800243,-0.963961254269,-0.521198848213,0.836809657728,0.985849198734,328.083682516,7.1828654951,0,0,0,0,0,0,0,0
MIS6_only,0.1,166,20260912,55,2,20,1,52,True,,ok,165.058,0.223911559926,16.1411813116,-0.987334573785,-0.473174558522,0.784075262006,0.915788283023,328.889814849,6.24372254399,-0.0243120161816,-2.09669871274,-0.0233733195158,0.0480242896909,-0.0527343957222,-0.0700609157115,0.806132332819,-0.939142951115
MIS6_only,0.1,167,20260912,55,2,20,3,50,True,,ok,165.058,0.23013931292,15.9520415887,-1.05483939533,-0.492438101558,0.795652841009,0.935712951322,328.246189397,6.49755467741,-0.018084263187,-2.28583843562,-0.0908781410583,0.0287607466553,-0.041156816719,-0.0501362474126,0.162506880104,-0.685310817696
MIS6_only,0.1,168,20260912,55,2,20,1,52,True,,ok,165.058,0.224493637949,16.1831417486,-0.928865241308,-0.445376478428,0.807383477204,0.922078243317,331.117578932,6.32276420428,-0.0237299381588,-2.05473827574,0.0350960129611,0.0758223697855,-0.0294261805239,-0.0637709554174,3.03389641523,-0.86010129082
MIS6_only,0.1,169,20260912,55,2,20,4,49,True,,ok,165.058,0.242805061643,16.4933651026,-0.992597889526,-0.481584211236,0.83268580182,0.96191943377,329.957038853,6.84719354963,-0.00541851446405,-1.74451492173,-0.0286366352564,0.0396146369775,-0.0041238559076,-0.0239297649644,1.87335633624,-0.335671945472
MIS6_only,0.1,170,20260912,55,2,20,5,48,True,,ok,165.058,0.294559000497,19.6005831075,-0.956218554878,-0.62166226144,0.899916955285,1.09376162563,325.363299542,8.91311021989,0.0463354243898,1.36270308321,0.00774269939095,-0.100463413227,0.0631072975568,0.107912426899,-2.72038297446,1.73024472479
MIS6_only,0.1,171,20260912,55,2,20,0,53,True,,ok,165.058,0.248223576107,18.2378800243,-0.963961254269,-0.521198848213,0.836809657728,0.985849198734,328.083682516,7.1828654951,0,0,0,0,0,0,0,0
MIS6_only,0.1,172,20260912,55,2,20,6,47,True,,ok,165.058,0.215632531191,14.049717617,-0.932443295035,-0.479792095154,0.743772302059,0.885097560657,327.174776503,5.87199900177,-0.0325910449165,-4.18816240729,0.031517959234,0.0414067530592,-0.0930373556692,-0.100751638077,-0.908906013252,-1.31086649333
MIS6_only,0.1,173,20260912,55,2,20,2,51,True,,ok,165.058,0.279255778908,19.7436662921,-0.998655552154,-0.539781579819,0.904300469421,1.05314932128,329.166806502,8.21776802634,0.0310322028005,1.50578626782,-0.0346942978848,-0.0185827316059,0.0674908116932,0.067300122543,1.08312398563,1.03490253124
MIS6_only,0.1,174,20260912,55,2,20,3,50,True,,ok,165.058,0.238948659906,16.5626589912,-0.953567093524,-0.535143556231,0.793033886247,0.956703386903,325.988310108,6.77613427763,-0.00927491620187,-1.67522103309,0.0103941607456,-0.0139447080178,-0.043775771481,-0.0291458118316,-2.09537240875,-0.406731217468
MIS6_only,0.1,175,20260912,55,2,20,1,52,True,,ok,165.058,0.246002416663,17.7336516782,-0.895325680937,-0.468372084861,0.859065880192,0.978451121103,331.400300143,7.0773690972,-0.00222115944451,-0.504228346134,0.0686355733324,0.0528267633519,0.0222562224641,-0.00739807763172,3.31661762701,-0.105496397907
MIS6_only,0.1,176,20260912,55,2,20,0,53,True,,ok,165.058,0.248223576107,18.2378800243,-0.963961254269,-0.521198848213,0.836809657728,0.985849198734,328.083682516,7.1828654951,0,0,0,0,0,0,0,0
MIS6_only,0.1,177,20260912,55,2,20,1,52,True,,ok,165.058,0.224493637949,16.1831417486,-0.928865241308,-0.445376478428,0.807383477204,0.922078243317,331.117578932,6.32276420428,-0.0237299381588,-2.05473827574,0.0350960129611,0.0758223697855,-0.0294261805239,-0.0637709554174,3.03389641523,-0.86010129082
MIS6_only,0.1,178,20260912,55,2,20,4,49,True,,ok,165.058,0.241283543166,16.3900107508,-0.909574161585,-0.521963086917,0.81388893868,0.96688193106,327.3271436,6.91549027016,-0.00694003294157,-1.84786927353,0.0543870926843,-0.000764238704271,-0.0229207190477,-0.0189672676744,-0.75653891651,-0.267375224947
MIS6_only,0.1,179,20260912,55,2,20,3,50,True,,ok,165.058,0.244684568466,16.9602418759,-0.933859021181,-0.512168439549,0.821715856015,0.968263114291,328.065067004,6.93461979776,-0.00353900764097,-1.2776381484,0.0301022330878,0.00903040866383,-0.0150938017131,-0.0175860844435,-0.0186155119972,-0.248245697338
MIS6_only,0.1,180,20260912,55,2,20,2,51,True,,ok,165.058,0.225291243468,15.9283190019,-1.04580090743,-0.47481949532,0.788031837291,0.9200259397,328.929419508,6.29686493013,-0.0229323326393,-2.3095610224,-0.0818396531562,0.0463793528931,-0.0487778204365,-0.0658232590345,0.845736991822,-0.886000564977
MIS6_only,0.1,181,20260912,55,2,20,4,49,True,,ok,165.058,0.240776617717,16.3555761041,-1.01630130156,-0.535115180487,0.785936829608,0.950812787315,325.750506048,6.69677170117,-0.00744695839087,-1.88230392023,-0.0523400472953,-0.0139163322744,-0.0508728281197,-0.0350364114189,-2.33317646879,-0.48609379393
MIS6_only,0.1,182,20260912,55,2,20,1,52,True,,ok,165.058,0.262374188065,18.9138485857,-0.917974896761,-0.503367275194,0.884159176992,1.01740653821,330.346384281,7.65082187282,0.0141506119574,0.675968561417,0.0459863575078,0.017831573019,0.0473495192643,0.0315573394773,2.26270176452,0.467956377717
MIS6_only,0.1,183,20260912,55,2,20,1,52,True,,ok,165.058,0.264476150015,19.0653733617,-1.01657211966,-0.595807802105,0.83882191567,1.02888733264,324.614158023,7.82852931388,0.0162525739076,0.827493337359,-0.0526108653915,-0.0746089538923,0.00201225794181,0.0430381339009,-3.46952449378,0.645663818779
MIS6_only,0.1,184,20260912,55,2,20,1,52,True,,ok,165.058,0.22450029013,16.1836212864,-0.953232860874,-0.509453885741,0.764215906474,0.918460240514,326.311146292,6.27717777778,-0.023723285977,-2.05425873787,0.0107283933951,0.0117449624724,-0.0725937512536,-0.0673889582207,-1.77253622405,-0.905687717324
MIS6_only,0.1,185,20260912,55,2,20,2,51,True,,ok,165.058,0.239652303404,16.9436604788,-1.04827442749,-0.548069098729,0.785036445168,0.957424648326,325.079381661,6.78591605967,-0.00857127270345,-1.29421954555,-0.0843131732239,-0.026870250516,-0.0517732125602,-0.0284245504079,-3.00430085587,-0.39694943543
MIS6_only,0.1,186,20260912,55,2,20,1,52,True,,ok,165.058,0.277634774625,20.0139431707,-0.967126162441,-0.584821797493,0.878990258132,1.05576531896,326.362840828,8.26087602262,0.0294111985177,1.7760631464,-0.0031649081717,-0.0636229492799,0.0421806004047,0.0699161202238,-1.72084168858,1.07801052752
MIS6_only,0.1,187,20260912,55,2,20,1,52,True,,ok,165.058,0.253296134551,18.2594361571,-0.957886796495,-0.498012261068,0.861351933816,0.994958977075,329.964567139,7.31493357775,0.00507255844376,0.0215561328312,0.00607445777446,0.0231865871449,0.0245422760881,0.00910977834088,1.88088462284,0.132068082646
MIS6_only,0.1,188,20260912,55,2,20,1,52,True,,ok,165.058,0.234513911045,16.9054762492,-0.967205937025,-0.480331085038,0.818102066947,0.948688011517,329.581588162,6.66837380619,-0.0137096650627,-1.33240377505,-0.00324468275622,0.0408677631753,-0.0187075907811,-0.0371611872173,1.49790564599,-0.514491688911
MIS6_only,0.1,189,20260912,55,2,20,1,52,True,,ok,165.058,0.246002416663,17.7336516782,-0.895325680937,-0.468372084861,0.859065880192,0.978451121103,331.400300143,7.0773690972,-0.00222115944451,-0.504228346134,0.0686355733324,0.0528267633519,0.0222562224641,-0.00739807763172,3.31661762701,-0.105496397907
MIS6_only,0.1,190,20260912,55,2,20,2,51,True,,ok,165.058,0.252453840087,17.8487420827,-0.931607860307,-0.507461212218,0.849499361679,0.989528194343,329.147381808,7.23591187439,0.00423026397911,-0.389137941595,0.0323533939627,0.0137376359954,0.0126897039514,0.00367899560818,1.06369929103,0.0530463792902
MIS6_only,0.1,191,20260912,55,2,20,2,51,True,,ok,165.058,0.21209397152,14.995258514,-0.892284828572,-0.53588307158,0.71275590832,0.891735191215,323.062450607,5.95047103773,-0.0361296045874,-3.24262151027,0.0716764256974,-0.0146842233664,-0.124053749408,-0.0941140075198,-5.02123190914,-1.23239445737
MIS6_only,0.1,192,20260912,55,2,20,3,50,True,,ok,165.058,0.248362226998,17.2151577401,-0.962819858825,-0.504653152413,0.845246793628,0.98443737555,329.160758764,7.16261223052,0.000138650890928,-1.02272228415,0.00114139544389,0.0165456957998,0.00843713590065,-0.00141182318432,1.07707624757,-0.0202532645866
MIS6_only,0.1,193,20260912,55,2,20,2,51,True,,ok,165.058,0.235287029897,16.6350312223,-0.935197168544,-0.460550607351,0.826979803737,0.946574063515,330.886272451,6.64024013026,-0.0129365462106,-1.60284880198,0.0287640857252,0.0606482408619,-0.00982985399107,-0.039275135219,2.80258993474,-0.542625364839
MIS6_only,0.1,194,20260912,55,2,20,2,51,True,,ok,165.058,0.209863890991,14.8375895629,-0.920155713484,-0.499055438652,0.729586932852,0.883941979678,325.626910326,5.85844353153,-0.0383596851161,-3.40029046142,0.0438055407857,0.0221434095613,-0.107222724876,-0.101907219057,-2.45677219017,-1.32442196357
MIS6_only,0.1,195,20260912,55,2,20,2,51,True,,ok,165.058,0.249614119921,17.647970992,-1.00615446883,-0.559746559952,0.813132159794,0.987167726716,325.457127033,7.20183211041,0.00139054381347,-0.589909032287,-0.0421932145584,-0.0385477117391,-0.023677497934,0.00131852798143,-2.62655548308,0.0189666153061
MIS6_only,0.1,196,20260912,55,2,20,2,51,True,,ok,165.058,0.212496128712,15.0236914347,-0.882038679214,-0.469500607686,0.759176138502,0.892624909964,328.265929413,5.9610689554,-0.0357274473955,-3.21418858965,0.0819225750548,0.0516982405271,-0.0776335192258,-0.0932242887703,0.182246896394,-1.2217965397
MIS6_only,0.1,197,20260912,55,2,20,2,51,True,,ok,165.058,0.292177229845,20.6572259553,-0.918160247561,-0.573610327369,0.928071457196,1.09102953091,328.281157599,8.86454011613,0.0439536537377,2.41934593098,0.0458010067086,-0.0524114791555,0.091261799468,0.105180332179,0.197475082411,1.68167462102
MIS6_only,0.1,198,20260912,55,2,20,1,52,True,,ok,165.058,0.224525412372,16.1854322812,-0.964245484483,-0.452836463437,0.801958650716,0.920976948722,330.548185566,6.30885307807,-0.0236981637352,-2.05244774311,-0.000284230214251,0.0683623847756,-0.0348510070113,-0.0648722500122,2.46450304975,-0.874012417033
MIS6_only,0.1,199,20260912,55,2,20,0,53,True,,ok,165.058,0.248223576107,18.2378800243,-0.963961254269,-0.521198848213,0.836809657728,0.985849198734,328.083682516,7.1828654951,0,0,0,0,0,0,0,0
MIS6_only,0.1,200,20260912,55,2,20,1,52,True,,ok,165.058,0.227887638922,16.4278061379,-1.02205283437,-0.508506251068,0.776287552993,0.928009144517,326.773243554,6.3982101618,-0.0203359371853,-1.81007388636,-0.0580915801034,0.0126925971453,-0.0605221047345,-0.0578400542173,-1.31043896239,-0.784655333302
MIS6_only,0.1,201,20260912,55,2,20,5,48,True,,ok,165.058,0.193479069389,12.8745092587,-1.01350054986,-0.51373341414,0.669242167423,0.843686612114,322.488909968,5.40526362523,-0.0547445067183,-5.36337076564,-0.0495392955941,0.00746543407329,-0.167567490305,-0.14216258662,-5.59477254864,-1.77760186987
MIS6_only,0.1,202,20260912,55,2,20,3,50,True,,ok,165.058,0.209015557973,14.4878544702,-1.00055640868,-0.395623949188,0.780583047055,0.875116108023,333.122679798,5.75593914225,-0.0392080181346,-3.7500255541,-0.036595154414,0.125574899025,-0.0562266106724,-0.110733090711,5.0389972811,-1.42692635285
MIS6_only,0.1,203,20260912,55,2,20,3,50,True,,ok,165.058,0.199935881628,13.8584992643,-0.916745061691,-0.502676420621,0.697350726178,0.859640401069,324.214530024,5.58051352728,-0.048287694479,-4.37938075995,0.0472161925782,0.0185224275924,-0.139458931549,-0.126208797666,-3.86915249288,-1.60235196782
MIS6_only,0.1,204,20260912,55,2,20,1,52,True,,ok,165.058,0.223911559926,16.1411813116,-0.987334573785,-0.473174558522,0.784075262006,0.915788283023,328.889814849,6.24372254399,-0.0243120161816,-2.09669871274,-0.0233733195158,0.0480242896909,-0.0527343957222,-0.0700609157115,0.806132332819,-0.939142951115
MIS6_only,0.1,205,20260912,55,2,20,3,50,True,,ok,165.058,0.238642065079,16.5414074573,-0.873656348942,-0.534313356486,0.794733114685,0.957648936979,326.08635033,6.78896075044,-0.00958151102836,-1.69647256705,0.090304905327,-0.013114508273,-0.0420765430428,-0.0282002617557,-1.99733218637,-0.393904744657
MIS6_only,0.1,206,20260912,55,2,20,1,52,True,,ok,165.058,0.230471006509,16.6140341497,-0.942924477171,-0.483000695369,0.803243123057,0.937277539721,328.980951248,6.51791851917,-0.0177525695984,-1.62384587459,0.021036777098,0.0381981528439,-0.0335665346706,-0.0485716590131,0.89726873197,-0.664946975935
MIS6_only,0.1,207,20260912,55,2,20,4,49,True,,ok,165.058,0.25418243239,17.2662119632,-0.869987191759,-0.527329061921,0.839475198804,0.991359949238,327.864393575,7.26246932543,0.00595885628254,-0.971668061122,0.0939740625101,-0.00613021370752,0.00266554107631,0.0055107505037,-0.219288941028,0.0796038303271
MIS6_only,0.1,208,20260912,55,2,20,3,50,True,,ok,165.058,0.315856064597,21.8934740638,-1.01425316805,-0.691784037839,0.918162753645,1.14960340865,323.00402908,9.96627424268,0.0676324884894,3.6555940395,-0.050291913781,-0.170585189626,0.0813530959173,0.16375420992,-5.07965343598,2.78340874758
MIS6_only,0.1,209,20260912,55,2,20,2,51,True,,ok,165.058,0.267392933336,18.9049511,-0.934380336596,-0.521585871948,0.891801744656,1.03313221496,329.678021536,7.89527461034,0.0191693572287,0.667071075748,0.029580917673,-0.000387023734853,0.0549920869283,0.0472830162252,1.5943390196,0.712409115234
MIS6_only,0.1,210,20260912,55,2,20,1,52,True,,ok,165.058,0.262097817848,18.8939258011,-0.94195162902,-0.545263375032,0.865660448218,1.02307387796,327.793938975,7.73803481827,0.0138742417405,0.656045776805,0.0220096252489,-0.0240645268192,0.0288507904898,0.0372246792236,-0.289743541226,0.555169323171
MIS6_only,0.1,211,20260912,55,2,20,2,51,True,,ok,165.058,0.24531784331,17.344219886,-1.08762050411,-0.585844722264,0.778505543199,0.974312536816,323.037632133,7.01903029326,-0.00290573279706,-0.893660138275,-0.123659249841,-0.0646458740511,-0.0583041145283,-0.0115366619182,-5.04605038373,-0.163835201847
MIS6_only,0.1,212,20260912,55,2,20,3,50,True,,ok,165.058,0.200916917851,13.9264995135,-1.05948558365,-0.390656228526,0.76059911749,0.855057487197,332.814221394,5.52959720317,-0.0473066582564,-4.31138051078,-0.0955243293819,0.130542619687,-0.076210540238,-0.130791711537,4.73053887774,-1.65326829193
MIS6_only,0.1,213,20260912,55,2,20,0,53,True,,ok,165.058,0.248223576107,18.2378800243,-0.963961254269,-0.521198848213,0.836809657728,0.985849198734,328.083682516,7.1828654951,0,0,0,0,0,0,0,0
MIS6_only,0.1,214,20260912,55,2,20,1,52,True,,ok,165.058,0.232889041168,16.788343756,-0.891830048975,-0.542781361472,0.780677115947,0.950825097336,325.19027036,6.696936578,-0.0153345349393,-1.44953626833,0.0721312052945,-0.0215825132592,-0.0561325417812,-0.0350241013981,-2.89341215655,-0.485928917103
MIS6_only,0.1,215,20260912,55,2,20,3,50,True,,ok,165.058,0.226858962651,15.7246650346,-0.959896104436,-0.582588280215,0.721216630261,0.927125952613,321.069227809,6.38691844266,-0.0213646134568,-2.5132149897,0.00406514983322,-0.0613894320019,-0.115593027467,-0.0587232461213,-7.01445470756,-0.795947052441
MIS6_only,0.1,216,20260912,55,2,20,1,52,True,,ok,165.058,0.226756846754,16.346290376,-0.885491382893,-0.509173574671,0.778758730973,0.93044230891,326.822252488,6.42942183764,-0.0214667293535,-1.89158964829,0.0784698713766,0.0120252735418,-0.0580509267547,-0.055406889824,-1.26143002853,-0.753443657465
MIS6_only,0.1,217,20260912,55,2,20,3,50,True,,ok,165.058,0.237173108277,16.4395871307,-0.995187669796,-0.465444269647,0.828167077311,0.949999513731,330.663257653,6.68588794,-0.0110504678305,-1.79829289362,-0.0312264155268,0.0557545785665,-0.00864258041643,-0.0358496850032,2.57957513615,-0.496977555105
MIS6_only,0.1,218,20260912,55,2,20,1,52,True,,ok,165.058,0.225972174213,16.2897254458,-1.02726355099,-0.491484379881,0.780948915695,0.922734037842,327.816046603,6.33106251338,-0.0222514018943,-1.94815457845,-0.0633022967243,0.0297144683319,-0.0558607420326,-0.0631151608921,-0.26763591325,-0.851802981724
MIS6_only,0.1,219,20260912,55,2,20,2,51,True,,ok,165.058,0.223256517478,15.7844618144,-0.922548039128,-0.423454691119,0.808899588549,0.913034730876,332.368178472,6.20943221962,-0.024967058629,-2.45341820986,0.0414132151415,0.0977441570937,-0.0279100691783,-0.0728144678579,4.2844959558,-0.97343327548
MIS6_only,0.1,220,20260912,55,2,20,3,50,True,,ok,165.058,0.274229271626,19.0081246455,-1.01135321746,-0.572669544119,0.86788116327,1.03979234481,326.581260527,8.00114526545,0.0260056955185,0.770244621151,-0.0473919631924,-0.0514706959064,0.0310715055421,0.0539431460734,-1.5024219895,0.818279770352
MIS6_only,0.1,221,20260912,55,2,20,1,52,True,,ok,165.058,0.246002416663,17.7336516782,-0.895325680937,-0.468372084861,0.859065880192,0.978451121103,331.400300143,7.0773690972,-0.00222115944451,-0.504228346134,0.0686355733324,0.0528267633519,0.0222562224641,-0.00739807763172,3.31661762701,-0.105496397907
MIS6_only,0.1,222,20260912,55,2,20,1,52,True,,ok,165.058,0.253296134551,18.2594361571,-0.957886796495,-0.498012261068,0.861351933816,0.994958977075,329.964567139,7.31493357775,0.00507255844376,0.0215561328312,0.00607445777446,0.0231865871449,0.0245422760881,0.00910977834088,1.88088462284,0.132068082646
MIS6_only,0.1,223,20260912,55,2,20,2,51,True,,ok,165.058,0.241112761147,17.0469163198,-1.0103995345,-0.517153122895,0.811790062049,0.962522964589,327.50071208,6.85546352447,-0.00711081496074,-1.19096370454,-0.0464382802317,0.00404572531845,-0.0250195956791,-0.0233262341456,-0.582970436293,-0.327401970633
MIS6_only,0.1,224,20260912,55,2,20,1,52,True,,ok,165.058,0.223911559926,16.1411813116,-0.987334573785,-0.473174558522,0.784075262006,0.915788283023,328.889814849,6.24372254399,-0.0243120161816,-2.09669871274,-0.0233733195158,0.0480242896909,-0.0527343957222,-0.0700609157115,0.806132332819,-0.939142951115
MIS6_only,0.1,225,20260912,55,2,20,1,52,True,,ok,165.058,0.230471006509,16.6140341497,-0.942924477171,-0.483000695369,0.803243123057,0.937277539721,328.980951248,6.51791851917,-0.0177525695984,-1.62384587459,0.021036777098,0.0381981528439,-0.0335665346706,-0.0485716590131,0.89726873197,-0.664946975935
MIS6_only,0.1,226,20260912,55,2,20,2,51,True,,ok,165.058,0.239037634095,16.9002027363,-0.943217045058,-0.456623125096,0.833251037588,0.950164180557,331.277176405,6.68809019051,-0.00918594201193,-1.33767728796,0.0207442092117,0.0645757231172,-0.00355862013983,-0.0356850181772,3.19349388901,-0.494775304595
MIS6_only,0.1,227,20260912,55,2,20,1,52,True,,ok,165.058,0.245347499245,17.6864404454,-0.975749164981,-0.486073190401,0.846893907321,0.976471421335,330.14641072,7.04940236755,-0.00287607686208,-0.551439578929,-0.0117879107118,0.0351256578117,0.010084249593,-0.00937777739931,2.06272820343,-0.133463127557
MIS6_only,0.1,228,20260912,55,2,20,3,50,True,,ok,165.058,0.231361558082,16.0367611674,-0.961661443375,-0.417465051631,0.831974384015,0.930837496554,333.353585798,6.43450550251,-0.0168620180259,-2.20111885688,0.00229981089388,0.103733796582,-0.00483527371246,-0.0550117021802,5.26990328154,-0.748359992595
MIS6_only,0.1,229,20260912,55,2,20,4,49,True,,ok,165.058,0.23182733434,15.7476653911,-0.869363177334,-0.482585431849,0.797452027867,0.932104305205,328.819384844,6.45082874667,-0.0163962417676,-2.49021463321,0.0945980769351,0.0386134163644,-0.0393576298607,-0.0537448935292,0.735702327317,-0.732036748428
MIS6_only,0.1,230,20260912,55,2,20,4,49,True,,ok,165.058,0.251353108221,17.0740204322,-1.00145511432,-0.465650685632,0.856219735455,0.974650089218,331.460669602,7.0237704742,0.00312953211343,-1.16385959205,-0.0374938600529,0.0555481625815,0.0194100777272,-0.0111991095168,3.37698708519,-0.159095020905
MIS6_only,0.1,231,20260912,55,2,20,3,50,True,,ok,165.058,0.26067005376,18.068271282,-0.906261232523,-0.570467596155,0.837896459362,1.01365859878,325.751672483,7.5936866457,0.0124464776525,-0.169608742289,0.0577000217464,-0.0492687479417,0.00108680163381,0.0278094000421,-2.33201003337,0.410821150597
MIS6_only,0.1,232,20260912,55,2,20,3,50,True,,ok,165.058,0.225793357256,15.6508028971,-0.826260709954,-0.455938299184,0.805187191731,0.925314079862,330.479234872,6.36381576008,-0.0224302188515,-2.58707712719,0.137700544316,0.0652605490288,-0.0316224659969,-0.0605351188725,2.39555235523,-0.819049735021
MIS6_only,0.1,233,20260912,55,2,20,0,53,True,,ok,165.058,0.248223576107,18.2378800243,-0.963961254269,-0.521198848213,0.836809657728,0.985849198734,328.083682516,7.1828654951,0,0,0,0,0,0,0,0
MIS6_only,0.1,234,20260912,55,2,20,2,51,True,,ok,165.058,0.267199052294,18.8912435141,-0.901816315413,-0.477075336454,0.907291344316,1.02507485586,332.263540334,7.76906413926,0.0189754761863,0.65336348976,0.0621449388566,0.0441235117594,0.0704816865887,0.0392256571294,4.17985781728,0.586198644156
MIS6_only,0.1,235,20260912,55,2,20,4,49,True,,ok,165.058,0.201325077212,13.6756951453,-1.0704772891,-0.522763547816,0.678260939121,0.85634083662,322.377083249,5.54380824385,-0.046898498895,-4.56218487902,-0.106516034831,-0.00156469960287,-0.158548718607,-0.129508362115,-5.70659926698,-1.63905725125
MIS6_only,0.1,236,20260912,55,2,20,1,52,True,,ok,165.058,0.224525412372,16.1854322812,-0.964245484483,-0.452836463437,0.801958650716,0.920976948722,330.548185566,6.30885307807,-0.0236981637352,-2.05244774311,-0.000284230214251,0.0683623847756,-0.0348510070113,-0.0648722500122,2.46450304975,-0.874012417033
MIS6_only,0.1,237,20260912,55,2,20,3,50,True,,ok,165.058,0.208196913616,14.4311103674,-1.02707966213,-0.49938524758,0.712544497495,0.870117972698,324.975391649,5.69868784322,-0.0400266624917,-3.8067696569,-0.0631184078588,0.0218136006326,-0.124265160233,-0.115731226037,-3.10829086748,-1.48417765188
MIS6_only,0.1,238,20260912,55,2,20,4,49,True,,ok,165.058,0.31184456081,21.1831094537,-0.995055052968,-0.675993559093,0.901536610195,1.12682543078,323.136565976,9.52243755349,0.0636209847031,2.94522942938,-0.0310937986985,-0.15479471088,0.0647269524668,0.140976232048,-4.94711654075,2.33957205839
MIS6_only,0.1,239,20260912,55,2,20,1,52,True,,ok,165.058,0.223911559926,16.1411813116,-0.987334573785,-0.473174558522,0.784075262006,0.915788283023,328.889814849,6.24372254399,-0.0243120161816,-2.09669871274,-0.0233733195158,0.0480242896909,-0.0527343957222,-0.0700609157115,0.806132332819,-0.939142951115
MIS6_only,0.1,240,20260912,55,2,20,1,52,True,,ok,165.058,0.223911559926,16.1411813116,-0.987334573785,-0.473174558522,0.784075262006,0.915788283023,328.889814849,6.24372254399,-0.0243120161816,-2.09669871274,-0.0233733195158,0.0480242896909,-0.0527343957222,-0.0700609157115,0.806132332819,-0.939142951115
MIS6_only,0.1,241,20260912,55,2,20,3,50,True,,ok,165.058,0.251502840218,17.43284846,-0.840567247998,-0.509584833793,0.852678986471,0.993346946843,329.136278805,7.29138776655,0.00327926411055,-0.80503156431,0.123394006271,0.0116140144197,0.0158693287436,0.00749774810855,1.05259628886,0.108522271452
MIS6_only,0.1,242,20260912,55,2,20,4,49,True,,ok,165.058,0.292582318244,19.8746556793,-0.990424063337,-0.61420955707,0.897427259893,1.0874875019,325.611811944,8.8019651038,0.0443587421368,1.63677565502,-0.0264628090678,-0.0930107088565,0.0606176021649,0.101638303168,-2.47187057232,1.6190996087
MIS6_only,0.1,243,20260912,55,2,20,2,51,True,,ok,165.058,0.204155170365,14.433977235,-0.917871926672,-0.466831728292,0.72889068507,0.865571194831,327.361706534,5.64710141522,-0.0440684057421,-3.80390278928,0.0460893275977,0.0543671199212,-0.107918972658,-0.120278003903,-0.721975982211,-1.53576407988
MIS6_only,0.1,244,20260912,55,2,20,2,51,True,,ok,165.058,0.21198155517,14.9873105643,-0.972284695922,-0.472831948614,0.748516010619,0.8853509303,327.719705116,5.8749753284,-0.0362420209373,-3.25056946002,-0.00832344165247,0.0483668995989,-0.0882936471089,-0.100498268434,-0.36397740036,-1.3078901667
MIS6_only,0.1,245,20260912,55,2,20,1,52,True,,ok,165.058,0.262374188065,18.9138485857,-0.917974896761,-0.503367275194,0.884159176992,1.01740653821,330.346384281,7.65082187282,0.0141506119574,0.675968561417,0.0459863575078,0.017831573019,0.0473495192643,0.0315573394773,2.26270176452,0.467956377717
MIS6_only,0.1,246,20260912,55,2,20,0,53,True,,ok,165.058,0.248223576107,18.2378800243,-0.963961254269,-0.521198848213,0.836809657728,0.985849198734,328.083682516,7.1828654951,0,0,0,0,0,0,0,0
MIS6_only,0.1,247,20260912,55,2,20,2,51,True,,ok,165.058,0.305537704744,21.601825057,-0.934410925766,-0.627091987316,0.927711951662,1.11977400658,325.943057005,9.38908658467,0.0573141286365,3.3639450327,0.0295503285035,-0.105893139103,0.0909022939345,0.133924807846,-2.14062551174,2.20622108957
MIS6_only,0.1,248,20260912,55,2,20,3,50,True,,ok,165.058,0.2099992303,14.5560374403,-0.929367879475,-0.448491335638,0.755249268922,0.878376876034,329.296795407,5.79359937451,-0.0382243458069,-3.68184258405,0.0345933747939,0.0727075125748,-0.0815603888053,-0.107472322701,1.21311289044,-1.38926612059
MIS6_only,0.1,249,20260912,55,2,20,2,51,True,,ok,165.058,0.242450765936,17.1415146129,-0.970324138569,-0.497774237957,0.824791021054,0.963358407024,328.888364077,6.86692778982,-0.0057728101719,-1.09636541135,-0.00636288429976,0.0234246102562,-0.0120186366741,-0.02249079171,0.804681560646,-0.315937705279
MIS6_only,0.1,250,20260912,55,2,20,1,52,True,,ok,165.058,0.245347499245,17.6864404454,-0.975749164981,-0.486073190401,0.846893907321,0.976471421335,330.14641072,7.04940236755,-0.00287607686208,-0.551439578929,-0.0117879107118,0.0351256578117,0.010084249593,-0.00937777739931,2.06272820343,-0.133463127557
MIS6_only,0.1,251,20260912,55,2,20,0,53,True,,ok,165.058,0.248223576107,18.2378800243,-0.963961254269,-0.521198848213,0.836809657728,0.985849198734,328.083682516,7.1828654951,0,0,0,0,0,0,0,0
MIS6_only,0.1,252,20260912,55,2,20,1,52,True,,ok,165.058,0.227887638922,16.4278061379,-1.02205283437,-0.508506251068,0.776287552993,0.928009144517,326.773243554,6.3982101618,-0.0203359371853,-1.81007388636,-0.0580915801034,0.0126925971453,-0.0605221047345,-0.0578400542173,-1.31043896239,-0.784655333302
MIS6_only,0.1,253,20260912,55,2,20,4,49,True,,ok,165.058,0.276524431643,18.7838687546,-0.911911397759,-0.59057533806,0.86544405951,1.04774646268,325.69053909,8.12944719348,0.0283008555355,0.545988730322,0.0520498565103,-0.0693764898467,0.0286344017817,0.0618972639487,-2.39314342612,0.946581698378
MIS6_only,0.1,254,20260912,55,2,20,3,50,True,,ok,165.058,0.257219764496,17.8291154545,-1.01656050317,-0.533785471796,0.850983595043,1.00453970003,327.901716759,7.45644977942,0.0089961883884,-0.408764569844,-0.052599248905,-0.0125866235833,0.0141739373151,0.018690501294,-0.181965757228,0.273584284316
MIS6_only,0.1,255,20260912,55,2,20,1,52,True,,ok,165.058,0.262097817848,18.8939258011,-0.94195162902,-0.545263375032,0.865660448218,1.02307387796,327.793938975,7.73803481827,0.0138742417405,0.656045776805,0.0220096252489,-0.0240645268192,0.0288507904898,0.0372246792236,-0.289743541226,0.555169323171
MIS6_only,0.1,256,20260912,55,2,20,7,46,True,,ok,165.058,0.236375332288,15.0735463519,-0.918790479923,-0.497403980162,0.793015099195,0.936100244115,327.902771562,6.50258953932,-0.0118482438197,-3.16433367242,0.0451707743465,0.0237948680515,-0.0437945585326,-0.0497489546194,-0.180910954225,-0.680275955781
MIS6_only,0.1,257,20260912,55,2,20,0,53,True,,ok,165.058,0.248223576107,18.2378800243,-0.963961254269,-0.521198848213,0.836809657728,0.985849198734,328.083682516,7.1828654951,0,0,0,0,0,0,0,0
MIS6_only,0.1,258,20260912,55,2,20,2,51,True,,ok,165.058,0.240690457971,17.0170590577,-0.975397448922,-0.480810906842,0.829231616127,0.958542748824,329.893683101,6.80110771138,-0.00753311813627,-1.2208209666,-0.0114361946533,0.0403879413713,-0.00757804160078,-0.0273064499106,1.81000058426,-0.381757783725
MIS6_only,0.1,259,20260912,55,2,20,1,52,True,,ok,165.058,0.262374188065,18.9138485857,-0.917974896761,-0.503367275194,0.884159176992,1.01740653821,330.346384281,7.65082187282,0.0141506119574,0.675968561417,0.0459863575078,0.017831573019,0.0473495192643,0.0315573394773,2.26270176452,0.467956377717
MIS6_only,0.1,260,20260912,55,2,20,2,51,True,,ok,165.058,0.264166292401,18.6768243192,-0.953167403254,-0.543732879862,0.870449631221,1.02631769211,328.008730968,7.78839950901,0.0159427162932,0.438944294901,0.0107938510151,-0.0225340316484,0.0336399734937,0.0404684933748,-0.0749515480338,0.605534013908
MIS6_only,0.1,261,20260912,55,2,20,4,49,True,,ok,165.058,0.240670972521,16.3483997924,-0.954450918395,-0.506916741851,0.796615124356,0.9442246764,327.52983954,6.60911232957,-0.00755260358685,-1.88948023187,0.00951033587415,0.0142821063618,-0.0401945333717,-0.0416245223347,-0.553842976835,-0.573753165529
MIS6_only,0.1,262,20260912,55,2,20,2,51,True,,ok,165.058,0.193190420341,13.6587583074,-0.958719998178,-0.424867797699,0.712643862733,0.829683024181,329.197224263,5.25597775234,-0.0550331557666,-4.57912171692,0.00524125609113,0.0963310505137,-0.124165794994,-0.156166174554,1.11354174663,-1.92688774276
MIS6_only,0.1,263,20260912,55,2,20,2,51,True,,ok,165.058,0.232234489541,16.4192135287,-0.889701581726,-0.489837251822,0.804191305507,0.941628477228,328.654181045,6.57488412579,-0.0159890865667,-1.8186664956,0.0742596725433,0.0313615963911,-0.0326183522205,-0.0442207215067,0.570498528368,-0.607981369308
MIS6_only,0.1,264,20260912,55,2,20,4,49,True,,ok,165.058,0.254146184376,17.2637496928,-1.03502918222,-0.508091623009,0.850171346933,0.9904284005,329.136009423,7.24895123384,0.00592260826907,-0.974130331538,-0.0710679279545,0.013107225204,0.0133616892052,0.00457920176607,1.05232690693,0.0660857387342
MIS6_only,0.1,265,20260912,55,2,20,2,51,True,,ok,165.058,0.260123516248,18.3909959522,-0.923406909894,-0.473427146577,0.89446433341,1.01202752278,332.108372707,7.56895524636,0.0118999401403,0.153115927911,0.0405543443751,0.0477717016366,0.0576546756827,0.0261783240431,4.02469019044,0.386089751257
MIS6_only,0.1,266,20260912,55,2,20,5,48,True,,ok,165.058,0.185592508821,12.3497207253,-0.944007778164,-0.519734753655,0.628649022488,0.81567383655,320.417803751,5.11075771017,-0.0626310672865,-5.88815929896,0.0199534761053,0.00146409455825,-0.20816063524,-0.170175362185,-7.66587876592,-2.07210778493
MIS6_only,0.1,267,20260912,55,2,20,0,53,True,,ok,165.058,0.248223576107,18.2378800243,-0.963961254269,-0.521198848213,0.836809657728,0.985849198734,328.083682516,7.1828654951,0,0,0,0,0,0,0,0
MIS6_only,0.1,268,20260912,55,2,20,4,49,True,,ok,165.058,0.292049933052,19.8384915924,-0.985906976896,-0.595783793109,0.90846951784,1.08640470957,326.74271928,8.7829243278,0.0438263569443,1.60061156809,-0.021945722627,-0.0745849448959,0.0716598601123,0.100555510836,-1.34096323635,1.6000588327
MIS6_only,0.1,269,20260912,55,2,20,3,50,True,,ok,165.058,0.259581500269,17.9928185037,-0.973502231235,-0.495185824598,0.87065508635,1.00162332255,330.370908587,7.41308472677,0.0113579241612,-0.245061520628,-0.00954097696588,0.0260130236147,0.0338454286224,0.0157741238129,2.28722607041,0.230219231672
MIS6_only,0.1,270,20260912,55,2,20,1,52,True,,ok,165.058,0.267666533182,19.2953594918,-1.02107889005,-0.596994039851,0.846983680822,1.03623512737,324.822013556,7.94442364891,0.0194429570747,1.05747946746,-0.0571176357787,-0.0757951916383,0.010174023094,0.0503859286362,-3.26166896008,0.761558153811
MIS6_only,0.1,271,20260912,55,2,20,0,53,True,,ok,165.058,0.248223576107,18.2378800243,-0.963961254269,-0.521198848213,0.836809657728,0.985849198734,328.083682516,7.1828654951,0,0,0,0,0,0,0,0
MIS6_only,0.1,272,20260912,55,2,20,1,52,True,,ok,165.058,0.261701054577,18.8653242055,-0.910370395723,-0.50918645472,0.882733046578,1.01906254822,330.022383803,7.67620355719,0.0134774784695,0.627444181174,0.053590858546,0.0120123934927,0.0459233888506,0.0332133494894,1.93870128658,0.493338062083
MIS6_only,0.1,273,20260912,55,2,20,1,52,True,,ok,165.058,0.225972174213,16.2897254458,-1.02726355099,-0.491484379881,0.780948915695,0.922734037842,327.816046603,6.33106251338,-0.0222514018943,-1.94815457845,-0.0633022967243,0.0297144683319,-0.0558607420326,-0.0631151608921,-0.26763591325,-0.851802981724
MIS6_only,0.1,274,20260912,55,2,20,2,51,True,,ok,165.058,0.277154649247,19.5951142979,-0.899620809801,-0.527885701325,0.914959326548,1.05632091852,330.017207141,8.2700606028,0.0289310731393,1.35723427356,0.0643404444686,-0.00668685311206,0.0781496688203,0.0704717197847,1.93352462462,1.0871951077
MIS6_only,0.1,275,20260912,55,2,20,4,49,True,,ok,165.058,0.274892202839,18.6729940249,-0.94360355347,-0.522459569858,0.90033095831,1.04094180271,329.873524871,8.01956038404,0.0266686267316,0.435114000566,0.0203577007996,-0.00126072164533,0.0635213005818,0.0550926039747,1.78984235469,0.836694888936
MIS6_only,0.1,276,20260912,55,2,20,1,52,True,,ok,165.058,0.227887638922,16.4278061379,-1.02205283437,-0.508506251068,0.776287552993,0.928009144517,326.773243554,6.3982101618,-0.0203359371853,-1.81007388636,-0.0580915801034,0.0126925971453,-0.0605221047345,-0.0578400542173,-1.31043896239,-0.784655333302
MIS6_only,0.1,277,20260912,55,2,20,1,52,True,,ok,165.058,0.225972174213,16.2897254458,-1.02726355099,-0.491484379881,0.780948915695,0.922734037842,327.816046603,6.33106251338,-0.0222514018943,-1.94815457845,-0.0633022967243,0.0297144683319,-0.0558607420326,-0.0631151608921,-0.26763591325,-0.851802981724
MIS6_only,0.1,278,20260912,55,2,20,2,51,True,,ok,165.058,0.23257204728,16.4430792026,-1.01927278624,-0.485476422555,0.800952085568,0.936595750702,328.778933491,6.5090368854,-0.0156515288277,-1.7948008217,-0.0553115319669,0.035722425658,-0.0358575721593,-0.0492534480322,0.695250974482,-0.673828609705
MIS6_only,0.1,279,20260912,55,2,20,0,53,True,,ok,165.058,0.248223576107,18.2378800243,-0.963961254269,-0.521198848213,0.836809657728,0.985849198734,328.083682516,7.1828654951,0,0,0,0,0,0,0,0
MIS6_only,0.1,280,20260912,55,2,20,2,51,True,,ok,165.058,0.269741131502,19.0709710877,-1.01718752933,-0.575052778538,0.864441590042,1.03824128251,326.366943765,7.97636317431,0.0215175553947,0.833091063438,-0.0532262750611,-0.0538539303249,0.0276319323146,0.0523920837715,-1.7167387511,0.793497679207
MIS6_only,0.1,281,20260912,55,2,20,1,52,True,,ok,165.058,0.232889041168,16.788343756,-0.891830048975,-0.542781361472,0.780677115947,0.950825097336,325.19027036,6.696936578,-0.0153345349393,-1.44953626833,0.0721312052945,-0.0215825132592,-0.0561325417812,-0.0350241013981,-2.89341215655,-0.485928917103
MIS6_only,0.1,282,20260912,55,2,20,0,53,True,,ok,165.058,0.248223576107,18.2378800243,-0.963961254269,-0.521198848213,0.836809657728,0.985849198734,328.083682516,7.1828654951,0,0,0,0,0,0,0,0
MIS6_only,0.1,283,20260912,55,2,20,2,51,True,,ok,165.058,0.260123516248,18.3909959522,-0.923406909894,-0.473427146577,0.89446433341,1.01202752278,332.108372707,7.56895524636,0.0118999401403,0.153115927911,0.0405543443751,0.0477717016366,0.0576546756827,0.0261783240431,4.02469019044,0.386089751257
MIS6_only,0.1,284,20260912,55,2,20,3,50,True,,ok,165.058,0.207695500428,14.3963550537,-0.777588320918,-0.349996537894,0.801079473373,0.874200148248,336.399187908,5.74540437718,-0.0405280756796,-3.84152497065,0.186372933351,0.171202310319,-0.0357301843551,-0.111649050486,8.3155053913,-1.43746111792
MIS6_only,0.1,285,20260912,55,2,20,1,52,True,,ok,165.058,0.253296134551,18.2594361571,-0.957886796495,-0.498012261068,0.861351933816,0.994958977075,329.964567139,7.31493357775,0.00507255844376,0.0215561328312,0.00607445777446,0.0231865871449,0.0245422760881,0.00910977834088,1.88088462284,0.132068082646
MIS6_only,0.1,286,20260912,55,2,20,3,50,True,,ok,165.058,0.206693958907,14.3269334855,-0.784807221362,-0.419164952545,0.768099695435,0.87502937069,331.377958435,5.75494071923,-0.0415296172004,-3.91094653878,0.179154032908,0.102033895668,-0.0687099622929,-0.110819828045,3.29427591835,-1.42792477587
MIS6_only,0.1,287,20260912,55,2,20,0,53,True,,ok,165.058,0.248223576107,18.2378800243,-0.963961254269,-0.521198848213,0.836809657728,0.985849198734,328.083682516,7.1828654951,0,0,0,0,0,0,0,0
MIS6_only,0.1,288,20260912,55,2,20,3,50,True,,ok,165.058,0.186287519831,12.9124669144,-0.932673597853,-0.431745424621,0.696278578626,0.819272830463,328.197954451,5.14767759699,-0.0619360562764,-5.32541310986,0.0312876564159,0.0894534235917,-0.140531079102,-0.166576368271,0.11427193404,-2.03518789811
MIS6_only,0.1,289,20260912,55,2,20,3,50,True,,ok,165.058,0.230816001479,15.9989460654,-0.993084765814,-0.460321735293,0.810672965886,0.932248227459,330.410933892,6.45268584957,-0.017407574628,-2.23893395894,-0.0291235115446,0.0608771129203,-0.0261366918423,-0.0536009712753,2.32725137557,-0.730179645537
MIS6_only,0.1,290,20260912,55,2,20,2,51,True,,ok,165.058,0.212056851932,14.9926341216,-1.01100910122,-0.437568657219,0.769085042082,0.884849214123,330.36241614,5.86908314478,-0.036166724175,-3.24524590269,-0.0470478469468,0.0836301909946,-0.0677246156458,-0.100999984611,2.27873362323,-1.31378235033
MIS6_only,0.1,291,20260912,55,2,20,1,52,True,,ok,165.058,0.223911559926,16.1411813116,-0.987334573785,-0.473174558522,0.784075262006,0.915788283023,328.889814849,6.24372254399,-0.0243120161816,-2.09669871274,-0.0233733195158,0.0480242896909,-0.0527343957222,-0.0700609157115,0.806132332819,-0.939142951115
MIS6_only,0.1,292,20260912,55,2,20,2,51,True,,ok,165.058,0.249602598458,17.6471564129,-0.922581097442,-0.462899726964,0.866391265967,0.982298316687,331.885085143,7.13203518491,0.00137902235057,-0.590723611379,0.0413801568277,0.0582991212491,0.029581608239,-0.00355088204694,3.80140262666,-0.0508303101927
MIS6_only,0.1,293,20260912,55,2,20,2,51,True,,ok,165.058,0.298049344852,21.0723904313,-1.0295561344,-0.663874849671,0.884003209234,1.10552769751,323.093929735,9.12534215332,0.0498257687442,2.83451040697,-0.0655948801306,-0.142676001458,0.0471935515057,0.119678498775,-4.98975278154,1.94247665822
MIS6_only,0.1,294,20260912,55,2,20,1,52,True,,ok,165.058,0.264476150015,19.0653733617,-1.01657211966,-0.595807802105,0.83882191567,1.02888733264,324.614158023,7.82852931388,0.0162525739076,0.827493337359,-0.0526108653915,-0.0746089538923,0.00201225794181,0.0430381339009,-3.46952449378,0.645663818779
MIS6_only,0.1,295,20260912,55,2,20,3,50,True,,ok,165.058,0.211127656915,14.6342540129,-0.927018814367,-0.423522650136,0.773384484906,0.881756767296,331.293900696,5.83289551336,-0.0370959191927,-3.60362601143,0.0369424399023,0.0976761980766,-0.0634251728216,-0.104092431438,3.21021817937,-1.34996998174
MIS6_only,0.1,296,20260912,55,2,20,2,51,True,,ok,165.058,0.256870904518,18.1610330099,-0.983980398971,-0.504081588491,0.858626832841,0.995659723967,329.583709301,7.32519259898,0.00864732841074,-0.0768470143669,-0.0200191447018,0.0171172597219,0.0218171751128,0.00981052523251,1.50002678479,0.142327103879
MIS6_only,0.1,297,20260912,55,2,20,2,51,True,,ok,165.058,0.267199052294,18.8912435141,-0.901816315413,-0.477075336454,0.907291344316,1.02507485586,332.263540334,7.76906413926,0.0189754761863,0.65336348976,0.0621449388566,0.0441235117594,0.0704816865887,0.0392256571294,4.17985781728,0.586198644156
MIS6_only,0.1,298,20260912,55,2,20,3,50,True,,ok,165.058,0.304103488284,21.0788475503,-0.933627459744,-0.540149438476,0.97010309113,1.1103429305,330.891118298,9.21364798107,0.0558799121767,2.84096752596,0.0303337945255,-0.0189505902633,0.133293433402,0.124493731763,2.80743578106,2.03078248597
MIS6_only,0.1,299,20260912,55,2,20,2,51,True,,ok,165.058,0.226305348376,16.0000172456,-0.954966333383,-0.457478605846,0.801181650994,0.922593470981,330.273423646,6.32928288837,-0.021918227731,-2.23786277868,0.00899492088649,0.063720242367,-0.035628006734,-0.0632557277537,2.18974112937,-0.853582606733
MIS6_only,0.1,300,20260912,55,2,20,2,51,True,,ok,165.058,0.253481163105,17.9213748602,-1.0307086049,-0.557130993904,0.828234727127,0.998182201598,326.072350291,7.36224124374,0.00525758699807,-0.316505164075,-0.0667473506305,-0.0359321456913,-0.00857493060087,0.0123330028641,-2.01133222523,0.179375748633
MIS6_only,0.1,301,20260912,55,2,20,3,50,True,,ok,165.058,0.286429757581,19.8537978896,-1.0364860528,-0.617178306826,0.871968571128,1.0682875322,324.709185832,8.47037739548,0.0382061814733,1.61591786525,-0.0725247985338,-0.0959794586134,0.0351589134006,0.0824383334651,-3.37449668496,1.28751190038
MIS6_only,0.1,302,20260912,55,2,20,0,53,True,,ok,165.058,0.248223576107,18.2378800243,-0.963961254269,-0.521198848213,0.836809657728,0.985849198734,328.083682516,7.1828654951,0,0,0,0,0,0,0,0
MIS6_only,0.1,303,20260912,55,2,20,3,50,True,,ok,165.058,0.276162157328,19.1421020729,-1.10478278773,-0.636250101942,0.826824999712,1.04328987936,322.421358228,8.05731003868,0.0279385812203,0.904222048608,-0.140821533457,-0.115051253729,-0.00998465801597,0.0574406806232,-5.66232428885,0.874444543579
MIS6_only,0.1,304,20260912,55,2,20,1,52,True,,ok,165.058,0.22450029013,16.1836212864,-0.953232860874,-0.509453885741,0.764215906474,0.918460240514,326.311146292,6.27717777778,-0.023723285977,-2.05425873787,0.0107283933951,0.0117449624724,-0.0725937512536,-0.0673889582207,-1.77253622405,-0.905687717324
MIS6_only,0.1,305,20260912,55,2,20,3,50,True,,ok,165.058,0.211547585312,14.6633612313,-0.984916425667,-0.50371101278,0.733386456744,0.889708086583,325.517595321,5.92639541971,-0.0366759907957,-3.57451879299,-0.0209551713974,0.0174878354327,-0.103423200984,-0.096141112151,-2.56608719528,-1.2564700754
MIS6_only,0.1,306,20260912,55,2,20,0,53,True,,ok,165.058,0.248223576107,18.2378800243,-0.963961254269,-0.521198848213,0.836809657728,0.985849198734,328.083682516,7.1828654951,0,0,0,0,0,0,0,0
MIS6_only,0.1,307,20260912,55,2,20,1,52,True,,ok,165.058,0.227887638922,16.4278061379,-1.02205283437,-0.508506251068,0.776287552993,0.928009144517,326.773243554,6.3982101618,-0.0203359371853,-1.81007388636,-0.0580915801034,0.0126925971453,-0.0605221047345,-0.0578400542173,-1.31043896239,-0.784655333302
MIS6_only,0.1,308,20260912,55,2,20,1,52,True,,ok,165.058,0.277634774625,20.0139431707,-0.967126162441,-0.584821797493,0.878990258132,1.05576531896,326.362840828,8.26087602262,0.0294111985177,1.7760631464,-0.0031649081717,-0.0636229492799,0.0421806004047,0.0699161202238,-1.72084168858,1.07801052752
MIS6_only,0.1,309,20260912,55,2,20,2,51,True,,ok,165.058,0.191639574573,13.5491119415,-0.815793707666,-0.357268354798,0.752535068082,0.833036437398,334.603825231,5.29134715852,-0.0565840015349,-4.68876808284,0.148167546603,0.163930493415,-0.0842745896461,-0.152812761336,6.52014271436,-1.89151833658
MIS6_only,0.1,310,20260912,55,2,20,2,51,True,,ok,165.058,0.209779214621,14.8316028578,-1.02413234922,-0.457930535931,0.750887419458,0.879506846158,328.622970506,5.80670736898,-0.038444361486,-3.4062771665,-0.0601710949544,0.063268312282,-0.0859222382698,-0.106342352577,0.539287989506,-1.37615812612
MIS6_only,0.1,311,20260912,55,2,20,1,52,True,,ok,165.058,0.232889041168,16.788343756,-0.891830048975,-0.542781361472,0.780677115947,0.950825097336,325.19027036,6.696936578,-0.0153345349393,-1.44953626833,0.0721312052945,-0.0215825132592,-0.0561325417812,-0.0350241013981,-2.89341215655,-0.485928917103
MIS6_only,0.1,312,20260912,55,2,20,2,51,True,,ok,165.058,0.240452651964,17.0002459322,-0.842723303201,-0.491905230817,0.826123647166,0.9614837682,329.228833266,6.84122997516,-0.00777092414331,-1.23763409206,0.121237951068,0.0292936173961,-0.0106860105623,-0.0243654305348,1.14515074932,-0.341635519938
MIS6_only,0.1,313,20260912,55,2,20,4,49,True,,ok,165.058,0.30134165577,20.4696636701,-0.93663583356,-0.714897925786,0.859005877096,1.11757332698,320.231463006,9.3478526513,0.0531180796629,2.23178364578,0.0273254207093,-0.193699077572,0.0221962193686,0.131724128246,-7.85221951069,2.1649871562
MIS6_only,0.1,314,20260912,55,2,20,3,50,True,,ok,165.058,0.238978476175,16.5647256975,-0.88531028843,-0.402834244165,0.864459690392,0.953711688396,335.014697105,6.73571103081,-0.00924509993251,-1.67315432679,0.0786509658396,0.118364604049,0.0276500326639,-0.0321375103381,6.93101458879,-0.447154464297
MIS6_only,0.1,315,20260912,55,2,20,2,51,True,,ok,165.058,0.245071766661,17.3268220178,-1.02138797448,-0.587439410908,0.77462393008,0.972176575804,322.824981413,6.9891094983,-0.00315180944608,-0.911058006493,-0.0574267202065,-0.0662405626948,-0.0621857276473,-0.0136726229308,-5.25870110342,-0.193755996798
MIS6_only,0.1,316,20260912,55,2,20,3,50,True,,ok,165.058,0.276933552613,19.1955711196,-0.853220038462,-0.597498331501,0.871925266317,1.05700422241,325.5785923,8.28137025811,0.028709976506,0.957691095343,0.110741215807,-0.0762994832877,0.035115608589,0.0711550236734,-2.50509021612,1.09850476301
MIS6_only,0.1,317,20260912,55,2,20,0,53,True,,ok,165.058,0.248223576107,18.2378800243,-0.963961254269,-0.521198848213,0.836809657728,0.985849198734,328.083682516,7.1828654951,0,0,0,0,0,0,0,0
MIS6_only,0.1,318,20260912,55,2,20,3,50,True,,ok,165.058,0.214444853635,14.8641845683,-0.961892067464,-0.498363672223,0.735803238699,0.888691597727,325.889993856,5.9143594285,-0.0337787224724,-3.37369545603,0.00206918680493,0.0228351759904,-0.101006419029,-0.0971576010071,-2.19368866071,-1.2685060666
MIS6_only,0.1,319,20260912,55,2,20,4,49,True,,ok,165.058,0.268096737107,18.2113887494,-0.856007141224,-0.505331525323,0.88314853088,1.0175024708,330.222106455,7.65228993991,0.0198731609996,-0.0264912748799,0.107954113045,0.01586732289,0.046338873152,0.0316532720639,2.13842393805,0.469424444811
MIS6_only,0.1,320,20260912,55,2,20,1,52,True,,ok,165.058,0.261701054577,18.8653242055,-0.910370395723,-0.50918645472,0.882733046578,1.01906254822,330.022383803,7.67620355719,0.0134774784695,0.627444181174,0.053590858546,0.0120123934927,0.0459233888506,0.0332133494894,1.93870128658,0.493338062083
MIS6_only,0.1,321,20260912,55,2,20,1,52,True,,ok,165.058,0.224525412372,16.1854322812,-0.964245484483,-0.452836463437,0.801958650716,0.920976948722,330.548185566,6.30885307807,-0.0236981637352,-2.05244774311,-0.000284230214251,0.0683623847756,-0.0348510070113,-0.0648722500122,2.46450304975,-0.874012417033
MIS6_only,0.1,322,20260912,55,2,20,3,50,True,,ok,165.058,0.238709449188,16.5460781678,-0.879504688189,-0.484892338284,0.822042974346,0.954397837067,329.465238667,6.74496077439,-0.00951412691916,-1.69180185651,0.0844565660798,0.0363065099292,-0.0147666833816,-0.0314513616673,1.38155615061,-0.437904720709
MIS6_only,0.1,323,20260912,55,2,20,1,52,True,,ok,165.058,0.224525412372,16.1854322812,-0.964245484483,-0.452836463437,0.801958650716,0.920976948722,330.548185566,6.30885307807,-0.0236981637352,-2.05244774311,-0.000284230214251,0.0683623847756,-0.0348510070113,-0.0648722500122,2.46450304975,-0.874012417033
MIS6_only,0.1,324,20260912,55,2,20,2,51,True,,ok,165.058,0.242550893657,17.1485937442,-1.0913508176,-0.567903779384,0.782497845187,0.966859648739,324.02944522,6.91518209068,-0.00567268245071,-1.0892862801,-0.127389563332,-0.0467049311706,-0.0543118125412,-0.0189895499953,-4.05423729636,-0.267683404426
MIS6_only,0.1,325,20260912,55,2,20,1,52,True,,ok,165.058,0.224493637949,16.1831417486,-0.928865241308,-0.445376478428,0.807383477204,0.922078243317,331.117578932,6.32276420428,-0.0237299381588,-2.05473827574,0.0350960129611,0.0758223697855,-0.0294261805239,-0.0637709554174,3.03389641523,-0.86010129082
MIS6_only,0.1,326,20260912,55,2,20,0,53,True,,ok,165.058,0.248223576107,18.2378800243,-0.963961254269,-0.521198848213,0.836809657728,0.985849198734,328.083682516,7.1828654951,0,0,0,0,0,0,0,0
MIS6_only,0.1,327,20260912,55,2,20,5,48,True,,ok,165.058,0.255467358145,16.9993419862,-0.95739398513,-0.454506145487,0.873779873231,0.984919846053,332.518311124,7.16952706443,0.00724378203767,-1.23853803806,0.00656726913946,0.0666927027259,0.0369702155032,-0.000929352681283,4.4346286077,-0.0133384306679
MIS6_only,0.1,328,20260912,55,2,20,2,51,True,,ok,165.058,0.275050481592,19.4463475144,-0.982878407043,-0.55134529316,0.889771224306,1.04674469853,328.215642079,8.11317592128,0.0268269054847,1.20846749007,-0.0189171527734,-0.0301464449464,0.0529615665787,0.060895499792,0.131959562285,0.930310426175
MIS6_only,0.1,329,20260912,55,2,20,2,51,True,,ok,165.058,0.264166292401,18.6768243192,-0.953167403254,-0.543732879862,0.870449631221,1.02631769211,328.008730968,7.78839950901,0.0159427162932,0.438944294901,0.0107938510151,-0.0225340316484,0.0336399734937,0.0404684933748,-0.0749515480338,0.605534013908
MIS6_only,0.1,330,20260912,55,2,20,1,52,True,,ok,165.058,0.245347499245,17.6864404454,-0.975749164981,-0.486073190401,0.846893907321,0.976471421335,330.14641072,7.04940236755,-0.00287607686208,-0.551439578929,-0.0117879107118,0.0351256578117,0.010084249593,-0.00937777739931,2.06272820343,-0.133463127557
MIS6_only,0.1,331,20260912,55,2,20,1,52,True,,ok,165.058,0.262374188065,18.9138485857,-0.917974896761,-0.503367275194,0.884159176992,1.01740653821,330.346384281,7.65082187282,0.0141506119574,0.675968561417,0.0459863575078,0.017831573019,0.0473495192643,0.0315573394773,2.26270176452,0.467956377717
MIS6_only,0.1,332,20260912,55,2,20,2,51,True,,ok,165.058,0.19632147712,13.8801271916,-0.940126584957,-0.397040302636,0.742381593035,0.841885640449,331.86125087,5.38582919384,-0.0519020989877,-4.35775283271,0.0238346693123,0.124158545577,-0.0944280646933,-0.143963558286,3.77756835372,-1.79703630126
MIS6_only,0.1,333,20260912,55,2,20,2,51,True,,ok,165.058,0.209303175383,14.7979464017,-0.893476862422,-0.476771909347,0.745694264735,0.885082702351,327.406515348,5.87182450845,-0.0389204007245,-3.43993362261,0.0704843918469,0.044426938866,-0.0911153929928,-0.100766496383,-0.677167168866,-1.31104098665
MIS6_only,0.1,334,20260912,55,2,20,2,51,True,,ok,165.058,0.249602598458,17.6471564129,-0.922581097442,-0.462899726964,0.866391265967,0.982298316687,331.885085143,7.13203518491,0.00137902235057,-0.590723611379,0.0413801568277,0.0582991212491,0.029581608239,-0.00355088204694,3.80140262666,-0.0508303101927
MIS6_only,0.1,335,20260912,55,2,20,3,50,True,,ok,165.058,0.207099841479,14.3550671216,-0.840428208533,-0.45479287615,0.732845238467,0.862495625346,328.17687586,5.61247192423,-0.0411237346284,-3.88281290274,0.123533045736,0.0664059720628,-0.103964419261,-0.123353573389,0.0931933436531,-1.57039357087
MIS6_only,0.1,336,20260912,55,2,20,2,51,True,,ok,165.058,0.239719965269,16.9484442411,-0.916089958068,-0.443223581912,0.849818545104,0.958456416936,332.455668682,6.79993350782,-0.00850361083865,-1.2894357832,0.0478712962011,0.0779752663007,0.0130088873762,-0.0273927817983,4.37198616568,-0.382931987285
MIS6_only,0.1,337,20260912,55,2,20,2,51,True,,ok,165.058,0.240767506668,17.0225064786,-0.980726185065,-0.474278661948,0.829975951391,0.955929039765,330.254770569,6.7656482392,-0.00745606943905,-1.2153735457,-0.0167649307961,0.0469201862652,-0.00683370633725,-0.0299201589695,2.17108805246,-0.417217255906
MIS6_only,0.1,338,20260912,55,2,20,4,49,True,,ok,165.058,0.236895679754,16.0919501058,-0.863219672811,-0.400189193075,0.864410247845,0.952552605809,335.157651095,6.72011462457,-0.0113278963538,-2.14592991851,0.100741581459,0.121009655138,0.027600590117,-0.0332965929255,7.07396857814,-0.462750870529
MIS6_only,0.1,339,20260912,55,2,20,1,52,True,,ok,165.058,0.253296134551,18.2594361571,-0.957886796495,-0.498012261068,0.861351933816,0.994958977075,329.964567139,7.31493357775,0.00507255844376,0.0215561328312,0.00607445777446,0.0231865871449,0.0245422760881,0.00910977834088,1.88088462284,0.132068082646
MIS6_only,0.1,340,20260912,55,2,20,2,51,True,,ok,165.058,0.211504603721,14.953589614,-1.01761855427,-0.474583334096,0.746005304008,0.884168114449,327.536861489,5.86109372637,-0.0367189723859,-3.28429041031,-0.0536572999996,0.046615514117,-0.0908043537202,-0.101681084285,-0.546821027328,-1.32177176873
MIS6_only,0.1,341,20260912,55,2,20,0,53,True,,ok,165.058,0.248223576107,18.2378800243,-0.963961254269,-0.521198848213,0.836809657728,0.985849198734,328.083682516,7.1828654951,0,0,0,0,0,0,0,0
MIS6_only,0.1,342,20260912,55,2,20,1,52,True,,ok,165.058,0.230471006509,16.6140341497,-0.942924477171,-0.483000695369,0.803243123057,0.937277539721,328.980951248,6.51791851917,-0.0177525695984,-1.62384587459,0.021036777098,0.0381981528439,-0.0335665346706,-0.0485716590131,0.89726873197,-0.664946975935
MIS6_only,0.1,343,20260912,55,2,20,2,51,True,,ok,165.058,0.239679128644,16.9455570504,-0.882435243104,-0.436108143689,0.854906878237,0.959716668318,332.972800326,6.81709437695,-0.00854444746353,-1.29232297393,0.0815260111649,0.0850907045238,0.0180972205087,-0.0261325304159,4.88911780911,-0.365771118154
MIS6_only,0.1,344,20260912,55,2,20,3,50,True,,ok,165.058,0.268879718831,18.6373219017,-0.845053432661,-0.432201724132,0.933136269149,1.02836842967,335.147792595,7.82040903411,0.0206561427235,0.399441877439,0.118907821609,0.0889971240811,0.0963266114212,0.0425192309366,7.06411007813,0.637543539012
MIS6_only,0.1,345,20260912,55,2,20,1,52,True,,ok,165.058,0.234513911045,16.9054762492,-0.967205937025,-0.480331085038,0.818102066947,0.948688011517,329.581588162,6.66837380619,-0.0137096650627,-1.33240377505,-0.00324468275622,0.0408677631753,-0.0187075907811,-0.0371611872173,1.49790564599,-0.514491688911
MIS6_only,0.1,346,20260912,55,2,20,1,52,True,,ok,165.058,0.224525412372,16.1854322812,-0.964245484483,-0.452836463437,0.801958650716,0.920976948722,330.548185566,6.30885307807,-0.0236981637352,-2.05244774311,-0.000284230214251,0.0683623847756,-0.0348510070113,-0.0648722500122,2.46450304975,-0.874012417033
MIS6_only,0.1,347,20260912,55,2,20,0,53,True,,ok,165.058,0.248223576107,18.2378800243,-0.963961254269,-0.521198848213,0.836809657728,0.985849198734,328.083682516,7.1828654951,0,0,0,0,0,0,0,0
MIS6_only,0.1,348,20260912,55,2,20,0,53,True,,ok,165.058,0.248223576107,18.2378800243,-0.963961254269,-0.521198848213,0.836809657728,0.985849198734,328.083682516,7.1828654951,0,0,0,0,0,0,0,0
MIS6_only,0.1,349,20260912,55,2,20,3,50,True,,ok,165.058,0.194060793609,13.4512691948,-0.794657380269,-0.45094329646,0.715753072294,0.845962361527,327.78799146,5.42992174942,-0.0541627824981,-4.78661082955,0.169303874,0.0702555517528,-0.121056585434,-0.139886837207,-0.295691055986,-1.75294374568
MIS6_only,0.1,350,20260912,55,2,20,2,51,True,,ok,165.058,0.264166292401,18.6768243192,-0.953167403254,-0.543732879862,0.870449631221,1.02631769211,328.008730968,7.78839950901,0.0159427162932,0.438944294901,0.0107938510151,-0.0225340316484,0.0336399734937,0.0404684933748,-0.0749515480338,0.605534013908
MIS6_only,0.1,351,20260912,55,2,20,1,52,True,,ok,165.058,0.230471006509,16.6140341497,-0.942924477171,-0.483000695369,0.803243123057,0.937277539721,328.980951248,6.51791851917,-0.0177525695984,-1.62384587459,0.021036777098,0.0381981528439,-0.0335665346706,-0.0485716590131,0.89726873197,-0.664946975935
MIS6_only,0.1,352,20260912,55,2,20,2,51,True,,ok,165.058,0.239717194287,16.9482483299,-0.857243091226,-0.531713098387,0.805369653908,0.965059116548,326.566808423,6.89032485787,-0.00850638182067,-1.28963169444,0.106718163043,-0.0105142501739,-0.0314400038194,-0.0207900821861,-1.51687409318,-0.292540637236
MIS6_only,0.1,353,20260912,55,2,20,0,53,True,,ok,165.058,0.248223576107,18.2378800243,-0.963961254269,-0.521198848213,0.836809657728,0.985849198734,328.083682516,7.1828654951,0,0,0,0,0,0,0,0
MIS6_only,0.1,354,20260912,55,2,20,2,51,True,,ok,165.058,0.277154649247,19.5951142979,-0.899620809801,-0.527885701325,0.914959326548,1.05632091852,330.017207141,8.2700606028,0.0289310731393,1.35723427356,0.0643404444686,-0.00668685311206,0.0781496688203,0.0704717197847,1.93352462462,1.0871951077
MIS6_only,0.1,355,20260912,55,2,20,4,49,True,,ok,165.058,0.276709836302,18.7964630009,-0.999851522346,-0.560827771492,0.881277007124,1.04459415687,327.528107546,8.0783554123,0.0284862601948,0.558582976576,-0.0358902680771,-0.0396289232793,0.0444673493958,0.0587449581332,-0.555574970544,0.895489917201
MIS6_only,0.1,356,20260912,55,2,20,1,52,True,,ok,165.058,0.262097817848,18.8939258011,-0.94195162902,-0.545263375032,0.865660448218,1.02307387796,327.793938975,7.73803481827,0.0138742417405,0.656045776805,0.0220096252489,-0.0240645268192,0.0288507904898,0.0372246792236,-0.289743541226,0.555169323171
MIS6_only,0.1,357,20260912,55,2,20,2,51,True,,ok,165.058,0.298049344852,21.0723904313,-1.0295561344,-0.663874849671,0.884003209234,1.10552769751,323.093929735,9.12534215332,0.0498257687442,2.83451040697,-0.0655948801306,-0.142676001458,0.0471935515057,0.119678498775,-4.98975278154,1.94247665822
MIS6_only,0.1,358,20260912,55,2,20,7,46,True,,ok,165.058,0.170954093599,10.9016640145,-0.896513885417,-0.338588098776,0.687621378706,0.766462693865,333.784141618,4.63170656032,-0.0772694825079,-7.3362160098,0.0674473688524,0.182610749437,-0.149188279022,-0.21938650487,5.7004591013,-2.55115893478
MIS6_only,0.1,359,20260912,55,2,20,1,52,True,,ok,165.058,0.230471006509,16.6140341497,-0.942924477171,-0.483000695369,0.803243123057,0.937277539721,328.980951248,6.51791851917,-0.0177525695984,-1.62384587459,0.021036777098,0.0381981528439,-0.0335665346706,-0.0485716590131,0.89726873197,-0.664946975935
MIS6_only,0.1,360,20260912,55,2,20,1,52,True,,ok,165.058,0.232889041168,16.788343756,-0.891830048975,-0.542781361472,0.780677115947,0.950825097336,325.19027036,6.696936578,-0.0153345349393,-1.44953626833,0.0721312052945,-0.0215825132592,-0.0561325417812,-0.0350241013981,-2.89341215655,-0.485928917103
MIS6_only,0.1,361,20260912,55,2,20,3,50,True,,ok,165.058,0.254502212557,17.640749108,-1.00378252386,-0.539540030225,0.837777789851,0.996481344222,327.217926555,7.33723954751,0.00627863644946,-0.597130916293,-0.0398212695937,-0.018341182012,0.000968132123058,0.0106321454878,-0.865755961301,0.154374052411
MIS6_only,0.1,362,20260912,55,2,20,4,49,True,,ok,165.058,0.239395079742,16.2617304072,-0.92890934587,-0.450083192078,0.836827056157,0.950186508907,331.72663927,6.68838886521,-0.00882849636507,-1.97614961709,0.0350519083996,0.071115656135,1.73984297043e-05,-0.0356626898276,3.64295675308,-0.494476629894
MIS6_only,0.1,363,20260912,55,2,20,3,50,True,,ok,165.058,0.262670993314,18.2069658431,-0.974180709886,-0.510555120952,0.88241563626,1.01947235698,329.946839833,7.68249768709,0.0144474172068,-0.030914181235,-0.0102194556169,0.0106437272611,0.0456059785321,0.0336231582456,1.86315731673,0.499632191985
MIS6_only,0.1,364,20260912,55,2,20,1,52,True,,ok,165.058,0.261701054577,18.8653242055,-0.910370395723,-0.50918645472,0.882733046578,1.01906254822,330.022383803,7.67620355719,0.0134774784695,0.627444181174,0.053590858546,0.0120123934927,0.0459233888506,0.0332133494894,1.93870128658,0.493338062083
MIS6_only,0.1,365,20260912,55,2,20,1,52,True,,ok,165.058,0.230471006509,16.6140341497,-0.942924477171,-0.483000695369,0.803243123057,0.937277539721,328.980951248,6.51791851917,-0.0177525695984,-1.62384587459,0.021036777098,0.0381981528439,-0.0335665346706,-0.0485716590131,0.89726873197,-0.664946975935
MIS6_only,0.1,366,20260912,55,2,20,1,52,True,,ok,165.058,0.267666533182,19.2953594918,-1.02107889005,-0.596994039851,0.846983680822,1.03623512737,324.822013556,7.94442364891,0.0194429570747,1.05747946746,-0.0571176357787,-0.0757951916383,0.010174023094,0.0503859286362,-3.26166896008,0.761558153811
MIS6_only,0.1,367,20260912,55,2,20,3,50,True,,ok,165.058,0.288043398339,19.9656469438,-0.919412639517,-0.59153127111,0.894070132369,1.07204041262,326.510733641,8.53419321604,0.0398198222319,1.72776691948,0.0445486147524,-0.0703324228973,0.0572604746416,0.0861912138885,-1.57294887589,1.35132772094
MIS6_only,0.1,368,20260912,55,2,20,3,50,True,,ok,165.058,0.235366228461,16.3143437657,-1.01453321471,-0.611974681898,0.730298680676,0.952811195505,320.037712,6.72359102826,-0.0128573476465,-1.92353625863,-0.050571960442,-0.0907758336844,-0.106510977052,-0.0330380032292,-8.04597051691,-0.459274466845
MIS6_only,0.1,369,20260912,55,2,20,3,50,True,,ok,165.058,0.218679801452,15.1577287822,-0.876991186697,-0.450781130804,0.778032843336,0.899187818644,329.912609391,6.03982861949,-0.0295437746558,-3.08015124214,0.0869700675723,0.0704177174095,-0.0587768143923,-0.0866613800906,1.82892687495,-1.14303687561
MIS6_only,0.1,370,20260912,55,2,20,2,51,True,,ok,165.058,0.207974506127,14.7040081402,-0.948555827424,-0.500638052611,0.720337734704,0.877225690322,325.200521052,5.78027570078,-0.04024906998,-3.53387188414,0.0154054268449,0.0205607956024,-0.116471923024,-0.108623508413,-2.88316146496,-1.40258979432
MIS6_only,0.1,371,20260912,55,2,20,0,53,True,,ok,165.058,0.248223576107,18.2378800243,-0.963961254269,-0.521198848213,0.836809657728,0.985849198734,328.083682516,7.1828654951,0,0,0,0,0,0,0,0
MIS6_only,0.1,372,20260912,55,2,20,2,51,True,,ok,165.058,0.245692639958,17.3707183884,-1.09577207074,-0.568860532133,0.790678483076,0.974050701256,324.266542685,7.01535559206,-0.00253093614984,-0.867161635866,-0.131810816472,-0.0476616839199,-0.0461311746516,-0.0117984974779,-3.81713983176,-0.167509903046
MIS6_only,0.1,373,20260912,55,2,20,1,52,True,,ok,165.058,0.262374188065,18.9138485857,-0.917974896761,-0.503367275194,0.884159176992,1.01740653821,330.346384281,7.65082187282,0.0141506119574,0.675968561417,0.0459863575078,0.017831573019,0.0473495192643,0.0315573394773,2.26270176452,0.467956377717
MIS6_only,0.1,374,20260912,55,2,20,3,50,True,,ok,165.058,0.17342904664,12.0211854706,-0.758072459938,-0.35459826861,0.699989723675,0.784681811534,333.134302854,4.80359032682,-0.074794529467,-6.2166945537,0.205888794332,0.166600579603,-0.136819934053,-0.201167387201,5.05062033755,-2.37927516828
MIS6_only,0.1,375,20260912,55,2,20,2,51,True,,ok,165.058,0.242550893657,17.1485937442,-1.0913508176,-0.567903779384,0.782497845187,0.966859648739,324.02944522,6.91518209068,-0.00567268245071,-1.0892862801,-0.127389563332,-0.0467049311706,-0.0543118125412,-0.0189895499953,-4.05423729636,-0.267683404426
MIS6_only,0.1,376,20260912,55,2,20,4,49,True,,ok,165.058,0.246490379804,16.743702956,-0.913723909686,-0.598792923487,0.77174038205,0.976798946818,322.192133781,7.05402159813,-0.00173319630347,-1.49417706827,0.0502373445834,-0.0775940752744,-0.0650692756777,-0.00905025191597,-5.89154873584,-0.128843896971
MIS6_only,0.1,377,20260912,55,2,20,2,51,True,,ok,165.058,0.241748759106,17.0918820194,-0.986851986092,-0.518669521962,0.816543528566,0.967347614384,327.576233483,6.92193412748,-0.00647481700125,-1.14599800491,-0.0228907318227,0.00252932625143,-0.0202661291619,-0.0185015843501,-0.507449033725,-0.260931367619
MIS6_only,0.1,378,20260912,55,2,20,2,51,True,,ok,165.058,0.202693081583,14.3306060779,-0.992745864047,-0.41733751346,0.753924561427,0.861726664589,331.033129496,5.60384701683,-0.0455304945245,-3.90727394644,-0.0287846097777,0.103861334753,-0.082885096301,-0.124122534146,2.94944697967,-1.57901847828
MIS6_only,0.1,379,20260912,55,2,20,2,51,True,,ok,165.058,0.246602430648,17.4350415113,-1.00289592717,-0.558972745618,0.805315442642,0.980297655053,325.235326818,7.10355462453,-0.00162114545977,-0.80283851299,-0.0389346728992,-0.0377738974045,-0.0314942150854,-0.00555154368176,-2.8483556984,-0.0793108705743
MIS6_only,0.1,380,20260912,55,2,20,4,49,True,,ok,165.058,0.258617900001,17.5675062863,-0.797485659151,-0.495326312813,0.878362435433,1.00839908972,330.580470999,7.51422716882,0.0103943238934,-0.670373737966,0.166475595118,0.0258725354004,0.0415527777051,0.0225498909837,2.49678848287,0.331361673716
MIS6_only,0.1,381,20260912,55,2,20,3,50,True,,ok,165.058,0.207854159783,14.4073524821,-0.930042473866,-0.368106659293,0.79595644352,0.876954487186,335.180834172,5.77714129313,-0.0403694163245,-3.83052754218,0.0339187804034,0.15309218892,-0.0408532142082,-0.108894711548,7.09715165567,-1.40572420197
MIS6_only,0.1,382,20260912,55,2,20,2,51,True,,ok,165.058,0.239037634095,16.9002027363,-0.943217045058,-0.456623125096,0.833251037588,0.950164180557,331.277176405,6.68809019051,-0.00918594201193,-1.33767728796,0.0207442092117,0.0645757231172,-0.00355862013983,-0.0356850181772,3.19349388901,-0.494775304595
MIS6_only,0.1,383,20260912,55,2,20,4,49,True,,ok,165.058,0.220523695329,14.9798270111,-0.948014155158,-0.499149407545,0.753815861324,0.904095395319,326.488924826,6.09940234797,-0.0276998807782,-3.25805301322,0.0159470991109,0.0220494406679,-0.0829937964037,-0.0817538034157,-1.59475769096,-1.08346314713
MIS6_only,0.1,384,20260912,55,2,20,3,50,True,,ok,165.058,0.219393336884,15.2071872895,-0.954281825823,-0.519638802764,0.746498784639,0.909552044033,325.158171918,6.16633148445,-0.0288302392231,-3.0306927348,0.00967942844642,0.00156004544927,-0.0903108730891,-0.0762971547012,-2.92551059861,-1.01653401065
MIS6_only,0.1,385,20260912,55,2,20,2,51,True,,ok,165.058,0.269741131502,19.0709710877,-1.01718752933,-0.575052778538,0.864441590042,1.03824128251,326.366943765,7.97636317431,0.0215175553947,0.833091063438,-0.0532262750611,-0.0538539303249,0.0276319323146,0.0523920837715,-1.7167387511,0.793497679207
MIS6_only,0.1,386,20260912,55,2,20,2,51,True,,ok,165.058,0.243778045132,17.2353545959,-0.942941180669,-0.585135118517,0.781155566975,0.976005700157,323.164458805,7.04283931262,-0.00444553097505,-1.00252542838,0.0210200735999,-0.063936270304,-0.0556540907528,-0.00984349857782,-4.91922371158,-0.140026182485
MIS6_only,0.1,387,20260912,55,2,20,5,48,True,,ok,165.058,0.281930325046,18.7602441523,-1.01070670706,-0.630205882252,0.841595704741,1.05140039198,323.173301259,8.18907364957,0.0337067489388,0.522364128032,-0.0467454527893,-0.109007034039,0.00478604701277,0.0655511932492,-4.91038125777,1.00620815447
MIS6_only,0.1,388,20260912,55,2,20,3,50,True,,ok,165.058,0.223378985668,15.4834514112,-0.84049362733,-0.424643791496,0.813593136873,0.917745140016,332.438309346,6.26820656872,-0.0248445904397,-2.75442861311,0.123467626939,0.0965550567173,-0.0232165208548,-0.0681040587185,4.35462682999,-0.914658926386
MIS6_only,0.1,389,20260912,55,2,20,3,50,True,,ok,165.058,0.231829886845,16.0692232436,-0.990124014757,-0.51403095933,0.767855759563,0.924029379752,326.200189024,6.34748555886,-0.0163936892626,-2.1686567807,-0.0261627604876,0.00716788888284,-0.0689538981644,-0.0618198189825,-1.88349349279,-0.835379936238
MIS6_only,0.1,390,20260912,55,2,20,4,49,True,,ok,165.058,0.240819252107,16.358472191,-0.981870319623,-0.540253001908,0.788592139266,0.955903168832,325.585524366,6.76529818098,-0.00740432400019,-1.87940783328,-0.0179090653535,-0.0190541536947,-0.048217518462,-0.0299460299028,-2.49815815019,-0.417567314118
MIS6_only,0.1,391,20260912,55,2,20,0,53,True,,ok,165.058,0.248223576107,18.2378800243,-0.963961254269,-0.521198848213,0.836809657728,0.985849198734,328.083682516,7.1828654951,0,0,0,0,0,0,0,0
MIS6_only,0.1,392,20260912,55,2,20,3,50,True,,ok,165.058,0.236848379744,16.417078664,-0.859442157573,-0.536603190009,0.784673597678,0.950608036165,325.633521056,6.69402991917,-0.0113751963635,-1.82080136033,0.104519096696,-0.0154043417956,-0.0521360600497,-0.0352411625698,-2.45016146085,-0.488835575935
MIS6_only,0.1,393,20260912,55,2,20,0,53,True,,ok,165.058,0.248223576107,18.2378800243,-0.963961254269,-0.521198848213,0.836809657728,0.985849198734,328.083682516,7.1828654951,0,0,0,0,0,0,0,0
MIS6_only,0.1,394,20260912,55,2,20,2,51,True,,ok,165.058,0.249614119921,17.647970992,-1.00615446883,-0.559746559952,0.813132159794,0.987167726716,325.457127033,7.20183211041,0.00139054381347,-0.589909032287,-0.0421932145584,-0.0385477117391,-0.023677497934,0.00131852798143,-2.62655548308,0.0189666153061
MIS6_only,0.1,395,20260912,55,2,20,3,50,True,,ok,165.058,0.28041654096,19.4369934749,-0.914744563709,-0.527472231806,0.920575219648,1.06098336007,330.188105024,8.34753862659,0.0321929648527,1.19911345059,0.0492166905606,-0.0062733835929,0.0837655619198,0.0751341613404,2.10442250726,1.16467313149
MIS6_only,0.1,396,20260912,55,2,20,2,51,True,,ok,165.058,0.191639574573,13.5491119415,-0.815793707666,-0.357268354798,0.752535068082,0.833036437398,334.603825231,5.29134715852,-0.0565840015349,-4.68876808284,0.148167546603,0.163930493415,-0.0842745896461,-0.152812761336,6.52014271436,-1.89151833658
MIS6_only,0.1,397,20260912,55,2,20,0,53,True,,ok,165.058,0.248223576107,18.2378800243,-0.963961254269,-0.521198848213,0.836809657728,0.985849198734,328.083682516,7.1828654951,0,0,0,0,0,0,0,0
MIS6_only,0.1,398,20260912,55,2,20,1,52,True,,ok,165.058,0.224525412372,16.1854322812,-0.964245484483,-0.452836463437,0.801958650716,0.920976948722,330.548185566,6.30885307807,-0.0236981637352,-2.05244774311,-0.000284230214251,0.0683623847756,-0.0348510070113,-0.0648722500122,2.46450304975,-0.874012417033
MIS6_only,0.1,399,20260912,55,2,20,2,51,True,,ok,165.058,0.241748759106,17.0918820194,-0.986851986092,-0.518669521962,0.816543528566,0.967347614384,327.576233483,6.92193412748,-0.00647481700125,-1.14599800491,-0.0228907318227,0.00252932625143,-0.0202661291619,-0.0185015843501,-0.507449033725,-0.260931367619
MIS6_only,0.1,400,20260912,55,2,20,2,51,True,,ok,165.058,0.275050481592,19.4463475144,-0.982878407043,-0.55134529316,0.889771224306,1.04674469853,328.215642079,8.11317592128,0.0268269054847,1.20846749007,-0.0189171527734,-0.0301464449464,0.0529615665787,0.060895499792,0.131959562285,0.930310426175
MIS6_only,0.1,401,20260912,55,2,20,1,52,True,,ok,165.058,0.224493637949,16.1831417486,-0.928865241308,-0.445376478428,0.807383477204,0.922078243317,331.117578932,6.32276420428,-0.0237299381588,-2.05473827574,0.0350960129611,0.0758223697855,-0.0294261805239,-0.0637709554174,3.03389641523,-0.86010129082
MIS6_only,0.1,402,20260912,55,2,20,0,53,True,,ok,165.058,0.248223576107,18.2378800243,-0.963961254269,-0.521198848213,0.836809657728,0.985849198734,328.083682516,7.1828654951,0,0,0,0,0,0,0,0
MIS6_only,0.1,403,20260912,55,2,20,2,51,True,,ok,165.058,0.239026820357,16.8994381941,-1.02068788906,-0.525980487404,0.802748674575,0.959719181669,326.76620652,6.81712864452,-0.00919675575046,-1.33844183022,-0.0567266347906,-0.00478163919133,-0.0340609831525,-0.0261300170657,-1.31747599651,-0.365736850578
MIS6_only,0.1,404,20260912,55,2,20,2,51,True,,ok,165.058,0.19632147712,13.8801271916,-0.940126584957,-0.397040302636,0.742381593035,0.841885640449,331.86125087,5.38582919384,-0.0519020989877,-4.35775283271,0.0238346693123,0.124158545577,-0.0944280646933,-0.143963558286,3.77756835372,-1.79703630126
MIS6_only,0.1,405,20260912,55,2,20,3,50,True,,ok,165.058,0.258463731668,17.9153406883,-0.977334708754,-0.61312371596,0.810877963906,1.01658436119,322.906224668,7.63825155084,0.0102401555608,-0.322539336016,-0.0133734544849,-0.0919248677471,-0.0259316938213,0.0307351624585,-5.17745784896,0.455386055742
MIS6_only,0.1,406,20260912,55,2,20,3,50,True,,ok,165.058,0.242218282787,16.7892919794,-0.833782277096,-0.381033051227,0.88141473937,0.960248993181,336.621310843,6.8243560595,-0.00600529332014,-1.44858804489,0.130178977173,0.140165796986,0.044605081642,-0.0256002055529,8.53762832698,-0.358509435605
MIS6_only,0.1,407,20260912,55,2,20,1,52,True,,ok,165.058,0.253296134551,18.2594361571,-0.957886796495,-0.498012261068,0.861351933816,0.994958977075,329.964567139,7.31493357775,0.00507255844376,0.0215561328312,0.00607445777446,0.0231865871449,0.0245422760881,0.00910977834088,1.88088462284,0.132068082646
MIS6_only,0.1,408,20260912,55,2,20,2,51,True,,ok,165.058,0.208887650332,14.7685683599,-0.923784707592,-0.412666573961,0.776976369185,0.87976472965,332.026399068,5.8097030494,-0.0393359257753,-3.46931166438,0.0401765466768,0.108532274252,-0.059833288543,-0.106084469084,3.94271655117,-1.3731624457
MIS6_only,0.1,409,20260912,55,2,20,3,50,True,,ok,165.058,0.274623378368,19.0354420432,-0.885013808737,-0.587353513244,0.864246586039,1.04494320946,325.799449456,8.08399692308,0.026399802261,0.797562018892,0.0789474455322,-0.0661546650307,0.0274369283112,0.0590940107272,-2.28423306058,0.90113142798
MIS6_only,0.1,410,20260912,55,2,20,3,50,True,,ok,165.058,0.244951911596,16.9787726896,-0.996498006457,-0.526857865055,0.804270462175,0.96147292541,326.772174686,6.84108162074,-0.00327166451105,-1.25910733472,-0.032536752188,-0.00565901684152,-0.0325391955531,-0.0243762733243,-1.31150783082,-0.341783874363
MIS6_only,0.1,411,20260912,55,2,20,1,52,True,,ok,165.058,0.226756846754,16.346290376,-0.885491382893,-0.509173574671,0.778758730973,0.93044230891,326.822252488,6.42942183764,-0.0214667293535,-1.89158964829,0.0784698713766,0.0120252735418,-0.0580509267547,-0.055406889824,-1.26143002853,-0.753443657465
MIS6_only,0.1,412,20260912,55,2,20,1,52,True,,ok,165.058,0.253296134551,18.2594361571,-0.957886796495,-0.498012261068,0.861351933816,0.994958977075,329.964567139,7.31493357775,0.00507255844376,0.0215561328312,0.00607445777446,0.0231865871449,0.0245422760881,0.00910977834088,1.88088462284,0.132068082646
MIS6_only,0.1,413,20260912,55,2,20,2,51,True,,ok,165.058,0.22164314789,15.6703949511,-0.974223585202,-0.475963669772,0.775253773789,0.909703154176,328.45233718,6.16819535655,-0.0265804282174,-2.56748507316,-0.0102623309324,0.0452351784414,-0.0615558839385,-0.0761460445587,0.368654663935,-1.01467013856
MIS6_only,0.1,414,20260912,55,2,20,4,49,True,,ok,165.058,0.242173948668,16.450494593,-0.933305308331,-0.519260305029,0.794897930475,0.949470370392,326.845764469,6.67881609653,-0.00604962743941,-1.78738543132,0.030655945938,0.00193854318457,-0.0419117272527,-0.0363788283426,-1.23791804743,-0.504049398568
MIS6_only,0.1,415,20260912,55,2,20,1,52,True,,ok,165.058,0.261701054577,18.8653242055,-0.910370395723,-0.50918645472,0.882733046578,1.01906254822,330.022383803,7.67620355719,0.0134774784695,0.627444181174,0.053590858546,0.0120123934927,0.0459233888506,0.0332133494894,1.93870128658,0.493338062083
MIS6_only,0.1,416,20260912,55,2,20,2,51,True,,ok,165.058,0.292177229845,20.6572259553,-0.918160247561,-0.573610327369,0.928071457196,1.09102953091,328.281157599,8.86454011613,0.0439536537377,2.41934593098,0.0458010067086,-0.0524114791555,0.091261799468,0.105180332179,0.197475082411,1.68167462102
MIS6_only,0.1,417,20260912,55,2,20,4,49,True,,ok,165.058,0.255388864004,17.348162961,-0.925482781023,-0.462217074077,0.880168525073,0.994153537486,332.293965086,7.30315958935,0.00716528789625,-0.889717063307,0.0384784732458,0.0589817741364,0.043358867345,0.00830433875214,4.21028256902,0.120294094244
MIS6_only,0.1,418,20260912,55,2,20,4,49,True,,ok,165.058,0.227613905644,15.4614538214,-0.826885294266,-0.355359067852,0.85225141623,0.923370209381,337.365568728,6.33912292365,-0.0206096704634,-2.77642620287,0.137075960003,0.165839780361,0.0154417585026,-0.0624789893538,9.28188621133,-0.843742571452
MIS6_only,0.1,419,20260912,55,2,20,2,51,True,,ok,165.058,0.229629960373,16.2350706796,-0.878896547148,-0.431938770816,0.82742483659,0.933382537838,332.434189136,6.46734116402,-0.0185936157348,-2.00280934465,0.0850647071215,0.0892600773968,-0.00938482113728,-0.0524666608963,4.35050661906,-0.715524331083
MIS6_only,0.1,420,20260912,55,2,20,1,52,True,,ok,165.058,0.246002416663,17.7336516782,-0.895325680937,-0.468372084861,0.859065880192,0.978451121103,331.400300143,7.0773690972,-0.00222115944451,-0.504228346134,0.0686355733324,0.0528267633519,0.0222562224641,-0.00739807763172,3.31661762701,-0.105496397907
MIS6_only,0.1,421,20260912,55,2,20,1,52,True,,ok,165.058,0.226756846754,16.346290376,-0.885491382893,-0.509173574671,0.778758730973,0.93044230891,326.822252488,6.42942183764,-0.0214667293535,-1.89158964829,0.0784698713766,0.0120252735418,-0.0580509267547,-0.055406889824,-1.26143002853,-0.753443657465
MIS6_only,0.1,422,20260912,55,2,20,4,49,True,,ok,165.058,0.224485437971,15.2489419438,-0.914455762526,-0.533238484048,0.736097091895,0.908945658203,324.079930162,6.15885766531,-0.0237381381366,-2.98893808049,0.0495054917428,-0.0120396358354,-0.100712565833,-0.0769035405314,-4.00375235496,-1.02400782979
MIS6_only,0.1,423,20260912,55,2,20,0,53,True,,ok,165.058,0.248223576107,18.2378800243,-0.963961254269,-0.521198848213,0.836809657728,0.985849198734,328.083682516,7.1828654951,0,0,0,0,0,0,0,0
MIS6_only,0.1,424,20260912,55,2,20,3,50,True,,ok,165.058,0.209130965457,14.4958539075,-0.827710429361,-0.484061090913,0.737778005583,0.882401000259,326.730851416,5.84041584428,-0.0390926106501,-3.74202611685,0.136250824908,0.0371377572997,-0.0990316521449,-0.103448198475,-1.35283110084,-1.34244965082
MIS6_only,0.1,425,20260912,55,2,20,1,52,True,,ok,165.058,0.234513911045,16.9054762492,-0.967205937025,-0.480331085038,0.818102066947,0.948688011517,329.581588162,6.66837380619,-0.0137096650627,-1.33240377505,-0.00324468275622,0.0408677631753,-0.0187075907811,-0.0371611872173,1.49790564599,-0.514491688911
MIS6_only,0.1,426,20260912,55,2,20,0,53,True,,ok,165.058,0.248223576107,18.2378800243,-0.963961254269,-0.521198848213,0.836809657728,0.985849198734,328.083682516,7.1828654951,0,0,0,0,0,0,0,0
MIS6_only,0.1,427,20260912,55,2,20,1,52,True,,ok,165.058,0.230471006509,16.6140341497,-0.942924477171,-0.483000695369,0.803243123057,0.937277539721,328.980951248,6.51791851917,-0.0177525695984,-1.62384587459,0.021036777098,0.0381981528439,-0.0335665346706,-0.0485716590131,0.89726873197,-0.664946975935
MIS6_only,0.1,428,20260912,55,2,20,1,52,True,,ok,165.058,0.232889041168,16.788343756,-0.891830048975,-0.542781361472,0.780677115947,0.950825097336,325.19027036,6.696936578,-0.0153345349393,-1.44953626833,0.0721312052945,-0.0215825132592,-0.0561325417812,-0.0350241013981,-2.89341215655,-0.485928917103
MIS6_only,0.1,429,20260912,55,2,20,1,52,True,,ok,165.058,0.262097817848,18.8939258011,-0.94195162902,-0.545263375032,0.865660448218,1.02307387796,327.793938975,7.73803481827,0.0138742417405,0.656045776805,0.0220096252489,-0.0240645268192,0.0288507904898,0.0372246792236,-0.289743541226,0.555169323171
MIS6_only,0.1,430,20260912,55,2,20,4,49,True,,ok,165.058,0.234461078164,15.9265714575,-0.880322881929,-0.461893969653,0.821919493562,0.942813710708,330.665326397,6.59048815851,-0.013762497943,-2.31130856679,0.0836383723407,0.0593048785601,-0.0148901641654,-0.043035488026,2.58164388063,-0.592377336597
MIS6_only,0.1,431,20260912,55,2,20,1,52,True,,ok,165.058,0.230471006509,16.6140341497,-0.942924477171,-0.483000695369,0.803243123057,0.937277539721,328.980951248,6.51791851917,-0.0177525695984,-1.62384587459,0.021036777098,0.0381981528439,-0.0335665346706,-0.0485716590131,0.89726873197,-0.664946975935
MIS6_only,0.1,432,20260912,55,2,20,2,51,True,,ok,165.058,0.240173664058,16.9805212048,-0.922715843585,-0.436805400141,0.851114740978,0.956658382027,332.832395893,6.77552438692,-0.0080499120496,-1.25735881949,0.0412454106839,0.084393448072,0.01430508325,-0.0291908167076,4.74871337623,-0.407341108185
MIS6_only,0.1,433,20260912,55,2,20,3,50,True,,ok,165.058,0.280308626656,19.4295134253,-0.931018581163,-0.55703995001,0.892784391114,1.05231054111,328.038493287,8.20399378139,0.0320850505488,1.19163340104,0.0329426731063,-0.0358411017967,0.0559747333859,0.0664613423719,-0.0451892298778,1.02112828629
MIS6_only,0.1,434,20260912,55,2,20,4,49,True,,ok,165.058,0.252503358013,17.1521550875,-0.923796578089,-0.546142689061,0.815571003824,0.981543630764,326.191972581,7.12127841182,0.00427978190514,-1.08572493684,0.0401646761805,-0.0249438408481,-0.0212386539034,-0.00430556797,-1.8917099353,-0.0615870832791
MIS6_only,0.1,435,20260912,55,2,20,1,52,True,,ok,165.058,0.230471006509,16.6140341497,-0.942924477171,-0.483000695369,0.803243123057,0.937277539721,328.980951248,6.51791851917,-0.0177525695984,-1.62384587459,0.021036777098,0.0381981528439,-0.0335665346706,-0.0485716590131,0.89726873197,-0.664946975935
MIS6_only,0.1,436,20260912,55,2,20,0,53,True,,ok,165.058,0.248223576107,18.2378800243,-0.963961254269,-0.521198848213,0.836809657728,0.985849198734,328.083682516,7.1828654951,0,0,0,0,0,0,0,0
MIS6_only,0.1,437,20260912,55,2,20,4,49,True,,ok,165.058,0.239482876804,16.2676943232,-0.917186958124,-0.423641053245,0.851681721772,0.951227363565,333.553462455,6.7023266488,-0.00874069930332,-1.97018570108,0.0467742961456,0.0975577949678,0.0148720640441,-0.0346218351692,5.46977993816,-0.480538846305
MIS6_only,0.1,438,20260912,55,2,20,2,51,True,,ok,165.058,0.249614119921,17.647970992,-1.00615446883,-0.559746559952,0.813132159794,0.987167726716,325.457127033,7.20183211041,0.00139054381347,-0.589909032287,-0.0421932145584,-0.0385477117391,-0.023677497934,0.00131852798143,-2.62655548308,0.0189666153061
MIS6_only,0.1,439,20260912,55,2,20,0,53,True,,ok,165.058,0.248223576107,18.2378800243,-0.963961254269,-0.521198848213,0.836809657728,0.985849198734,328.083682516,7.1828654951,0,0,0,0,0,0,0,0
MIS6_only,0.1,440,20260912,55,2,20,2,51,True,,ok,165.058,0.277669114093,19.6314874833,-0.870892939023,-0.491654792326,0.931883660497,1.05362782401,332.184208944,8.22563623953,0.0294455379856,1.39360745904,0.0930683152458,0.0295440558872,0.0950740027689,0.0677786252707,4.10052642771,1.04277074443
MIS6_only,0.1,441,20260912,55,2,20,1,52,True,,ok,165.058,0.224493637949,16.1831417486,-0.928865241308,-0.445376478428,0.807383477204,0.922078243317,331.117578932,6.32276420428,-0.0237299381588,-2.05473827574,0.0350960129611,0.0758223697855,-0.0294261805239,-0.0637709554174,3.03389641523,-0.86010129082
MIS6_only,0.1,442,20260912,55,2,20,5,48,True,,ok,165.058,0.226137248255,15.0476540206,-0.816756655929,-0.594134670529,0.715716154337,0.930185798808,320.30304868,6.42612426027,-0.0220863278522,-3.19022600372,0.147204598341,-0.0729358223162,-0.12109350339,-0.0556633999262,-7.78063383656,-0.756741234836
MIS6_only,0.1,443,20260912,55,2,20,2,51,True,,ok,165.058,0.277154649247,19.5951142979,-0.899620809801,-0.527885701325,0.914959326548,1.05632091852,330.017207141,8.2700606028,0.0289310731393,1.35723427356,0.0643404444686,-0.00668685311206,0.0781496688203,0.0704717197847,1.93352462462,1.0871951077
MIS6_only,0.1,444,20260912,55,2,20,1,52,True,,ok,165.058,0.246002416663,17.7336516782,-0.895325680937,-0.468372084861,0.859065880192,0.978451121103,331.400300143,7.0773690972,-0.00222115944451,-0.504228346134,0.0686355733324,0.0528267633519,0.0222562224641,-0.00739807763172,3.31661762701,-0.105496397907
MIS6_only,0.1,445,20260912,55,2,20,2,51,True,,ok,165.058,0.242189606391,17.1230503688,-1.02510271928,-0.527028068867,0.810993555069,0.967196532116,326.981980519,6.91984288043,-0.006033969716,-1.11482965553,-0.0611414650087,-0.0058292206536,-0.0258161026587,-0.0186526666185,-1.10170199762,-0.263022614672
MIS6_only,0.1,446,20260912,55,2,20,1,52,True,,ok,165.058,0.261701054577,18.8653242055,-0.910370395723,-0.50918645472,0.882733046578,1.01906254822,330.022383803,7.67620355719,0.0134774784695,0.627444181174,0.053590858546,0.0120123934927,0.0459233888506,0.0332133494894,1.93870128658,0.493338062083
MIS6_only,0.1,447,20260912,55,2,20,1,52,True,,ok,165.058,0.227887638922,16.4278061379,-1.02205283437,-0.508506251068,0.776287552993,0.928009144517,326.773243554,6.3982101618,-0.0203359371853,-1.81007388636,-0.0580915801034,0.0126925971453,-0.0605221047345,-0.0578400542173,-1.31043896239,-0.784655333302
MIS6_only,0.1,448,20260912,55,2,20,2,51,True,,ok,165.058,0.199816483885,14.1272277083,-0.968705255069,-0.461742051264,0.713023684177,0.849475424072,327.073590496,5.46820740125,-0.048407092222,-4.11065231597,-0.00474400080019,0.0594567969488,-0.123785973551,-0.136373774662,-1.01009202097,-1.71465809385
MIS6_only,0.1,449,20260912,55,2,20,1,52,True,,ok,165.058,0.253296134551,18.2594361571,-0.957886796495,-0.498012261068,0.861351933816,0.994958977075,329.964567139,7.31493357775,0.00507255844376,0.0215561328312,0.00607445777446,0.0231865871449,0.0245422760881,0.00910977834088,1.88088462284,0.132068082646
MIS6_only,0.1,450,20260912,55,2,20,1,52,True,,ok,165.058,0.267666533182,19.2953594918,-1.02107889005,-0.596994039851,0.846983680822,1.03623512737,324.822013556,7.94442364891,0.0194429570747,1.05747946746,-0.0571176357787,-0.0757951916383,0.010174023094,0.0503859286362,-3.26166896008,0.761558153811
MIS6_only,0.1,451,20260912,55,2,20,2,51,True,,ok,165.058,0.232234489541,16.4192135287,-0.889701581726,-0.489837251822,0.804191305507,0.941628477228,328.654181045,6.57488412579,-0.0159890865667,-1.8186664956,0.0742596725433,0.0313615963911,-0.0326183522205,-0.0442207215067,0.570498528368,-0.607981369308
MIS6_only,0.1,452,20260912,55,2,20,0,53,True,,ok,165.058,0.248223576107,18.2378800243,-0.963961254269,-0.521198848213,0.836809657728,0.985849198734,328.083682516,7.1828654951,0,0,0,0,0,0,0,0
MIS6_only,0.1,453,20260912,55,2,20,2,51,True,,ok,165.058,0.204923505119,14.48829928,-1.03268076723,-0.442615239475,0.74521435694,0.866748341795,329.292080254,5.66041201418,-0.0433000709883,-3.74958074432,-0.0687195129628,0.0785836087385,-0.091595300788,-0.119100856939,1.20839773772,-1.52245348093
MIS6_only,0.1,454,20260912,55,2,20,2,51,True,,ok,165.058,0.252453840087,17.8487420827,-0.931607860307,-0.507461212218,0.849499361679,0.989528194343,329.147381808,7.23591187439,0.00423026397911,-0.389137941595,0.0323533939627,0.0137376359954,0.0126897039514,0.00367899560818,1.06369929103,0.0530463792902
MIS6_only,0.1,455,20260912,55,2,20,0,53,True,,ok,165.058,0.248223576107,18.2378800243,-0.963961254269,-0.521198848213,0.836809657728,0.985849198734,328.083682516,7.1828654951,0,0,0,0,0,0,0,0
MIS6_only,0.1,456,20260912,55,2,20,3,50,True,,ok,165.058,0.211602550295,14.6671711137,-0.949974329674,-0.442976950247,0.754750360245,0.875143808034,329.590538979,5.75625803025,-0.0366210258121,-3.57070891065,0.0139869245956,0.0782218979658,-0.0820592974824,-0.1107053907,1.50685646263,-1.42660746486
MIS6_only,0.1,457,20260912,55,2,20,3,50,True,,ok,165.058,0.243304077677,16.864553546,-0.772745422338,-0.476581963933,0.848628040241,0.973293336579,330.681820661,7.00473727098,-0.00491949843088,-1.37332647828,0.191215831931,0.0446168842802,0.0118183825133,-0.0125558621551,2.59813814404,-0.178128224122
MIS6_only,0.1,458,20260912,55,2,20,3,50,True,,ok,165.058,0.198282325901,13.7438835153,-0.948995858817,-0.466732214131,0.714865982379,0.853740201977,326.859693063,5.51504826334,-0.0499412502068,-4.49399650901,0.0149653954519,0.0544666340819,-0.121943675348,-0.132108996758,-1.22398945343,-1.66781723176
MIS6_only,0.1,459,20260912,55,2,20,4,49,True,,ok,165.058,0.240446734512,16.333167658,-0.836227416112,-0.484979998771,0.827473482314,0.95912353904,329.62554637,6.80901233505,-0.00777684159523,-1.90471236631,0.127733838157,0.036218849442,-0.00933617541413,-0.0267256596945,1.54186385328,-0.373853160051
MIS6_only,0.1,460,20260912,55,2,20,2,51,True,,ok,165.058,0.246150522061,17.4030911167,-0.864400283066,-0.566230023331,0.807643918171,0.986359537836,324.966136901,7.19020063212,-0.00207305404608,-0.834788907563,0.0995609712032,-0.0450311751181,-0.0291657395567,0.000510339101834,-3.11754561588,0.00733513702116
MIS6_only,0.1,461,20260912,55,2,20,1,52,True,,ok,165.058,0.232889041168,16.788343756,-0.891830048975,-0.542781361472,0.780677115947,0.950825097336,325.19027036,6.696936578,-0.0153345349393,-1.44953626833,0.0721312052945,-0.0215825132592,-0.0561325417812,-0.0350241013981,-2.89341215655,-0.485928917103
MIS6_only,0.1,462,20260912,55,2,20,3,50,True,,ok,165.058,0.263246949019,18.2468880504,-1.01307508844,-0.504574078545,0.866633903568,1.00282068365,329.791057181,7.43085827822,0.0150233729118,0.00900802606424,-0.0491138341728,0.0166247696682,0.0298242458402,0.016971484914,1.70737466495,0.247992783119
MIS6_only,0.1,463,20260912,55,2,20,1,52,True,,ok,165.058,0.224525412372,16.1854322812,-0.964245484483,-0.452836463437,0.801958650716,0.920976948722,330.548185566,6.30885307807,-0.0236981637352,-2.05244774311,-0.000284230214251,0.0683623847756,-0.0348510070113,-0.0648722500122,2.46450304975,-0.874012417033
MIS6_only,0.1,464,20260912,55,2,20,2,51,True,,ok,165.058,0.229558660571,16.2300297115,-0.988330555242,-0.451229507878,0.809874647018,0.92709493185,330.875210484,6.38652220079,-0.018664915536,-2.00785031278,-0.0243693009726,0.0699693403351,-0.0269350107096,-0.0587542668839,2.79152796793,-0.796343294312
MIS6_only,0.1,465,20260912,55,2,20,1,52,True,,ok,165.058,0.224493637949,16.1831417486,-0.928865241308,-0.445376478428,0.807383477204,0.922078243317,331.117578932,6.32276420428,-0.0237299381588,-2.05473827574,0.0350960129611,0.0758223697855,-0.0294261805239,-0.0637709554174,3.03389641523,-0.86010129082
MIS6_only,0.1,466,20260912,55,2,20,2,51,True,,ok,165.058,0.204923505119,14.48829928,-1.03268076723,-0.442615239475,0.74521435694,0.866748341795,329.292080254,5.66041201418,-0.0433000709883,-3.74958074432,-0.0687195129628,0.0785836087385,-0.091595300788,-0.119100856939,1.20839773772,-1.52245348093
MIS6_only,0.1,467,20260912,55,2,20,2,51,True,,ok,165.058,0.19632147712,13.8801271916,-0.940126584957,-0.397040302636,0.742381593035,0.841885640449,331.86125087,5.38582919384,-0.0519020989877,-4.35775283271,0.0238346693123,0.124158545577,-0.0944280646933,-0.143963558286,3.77756835372,-1.79703630126
MIS6_only,0.1,468,20260912,55,2,20,4,49,True,,ok,165.058,0.238936655268,16.2305903553,-1.0096372467,-0.526236038547,0.788043478496,0.947595320939,326.265976147,6.65381677985,-0.00928692083959,-2.00728966903,-0.0456759924301,-0.00503719033375,-0.0487661792317,-0.0382538777952,-1.81770636983,-0.529048715247
MIS6_only,0.1,469,20260912,55,2,20,2,51,True,,ok,165.058,0.219719250125,15.5343734313,-0.900987142281,-0.505627862478,0.762919209909,0.915262397437,326.465408464,6.23715902887,-0.0285043259828,-2.70350659296,0.0629741119887,0.0155709857354,-0.0738904478188,-0.0705868012974,-1.61827405269,-0.945706466229
MIS6_only,0.1,470,20260912,55,2,20,2,51,True,,ok,165.058,0.213731275872,15.1110175893,-1.05069066845,-0.454716377363,0.765755603215,0.890588921836,329.297567509,5.93684497735,-0.0344923002358,-3.12686243497,-0.0867294141784,0.0664824708505,-0.0710540545129,-0.0952602768985,1.21388499233,-1.24602051775
MIS6_only,0.1,471,20260912,55,2,20,2,51,True,,ok,165.058,0.241748759106,17.0918820194,-0.986851986092,-0.518669521962,0.816543528566,0.967347614384,327.576233483,6.92193412748,-0.00647481700125,-1.14599800491,-0.0228907318227,0.00252932625143,-0.0202661291619,-0.0185015843501,-0.507449033725,-0.260931367619
MIS6_only,0.1,472,20260912,55,2,20,4,49,True,,ok,165.058,0.219205661963,14.8902950821,-0.973139171202,-0.429102476293,0.794924750178,0.903346164882,331.639709517,6.09026947653,-0.0290179141448,-3.34758494219,-0.0091779169332,0.0920963719205,-0.0418849075496,-0.0825030338527,3.55602700091,-1.09259601857
MIS6_only,0.1,473,20260912,55,2,20,2,51,True,,ok,165.058,0.261245906722,18.470350095,-1.03526444667,-0.562555481451,0.849494857772,1.01887692245,326.486536999,7.67335428359,0.0130223306141,0.232470070741,-0.0713031923977,-0.0413566332377,0.0126852000441,0.0330277237108,-1.5971455174,0.49048878849
MIS6_only,0.1,474,20260912,55,2,20,2,51,True,,ok,165.058,0.216223226113,15.2872009943,-0.877206588688,-0.50857344542,0.749251922805,0.905552534761,325.83232132,6.11720363381,-0.0320003499947,-2.95067903003,0.0867546655811,0.0126254027935,-0.087557734923,-0.080296663973,-2.25136119685,-1.0656618613
MIS6_only,0.1,475,20260912,55,2,20,3,50,True,,ok,165.058,0.30717551465,21.2917841917,-0.890643388386,-0.596313073298,0.959256133994,1.12949617617,328.133215831,9.57343765294,0.0589519385426,3.05390416737,0.0733178658831,-0.0751142250853,0.122446476266,0.143646977439,0.0495333144152,2.39057215784
MIS6_only,0.1,476,20260912,55,2,20,2,51,True,,ok,165.058,0.253481163105,17.9213748602,-1.0307086049,-0.557130993904,0.828234727127,0.998182201598,326.072350291,7.36224124374,0.00525758699807,-0.316505164075,-0.0667473506305,-0.0359321456913,-0.00857493060087,0.0123330028641,-2.01133222523,0.179375748633
MIS6_only,0.1,477,20260912,55,2,20,2,51,True,,ok,165.058,0.277669114093,19.6314874833,-0.870892939023,-0.491654792326,0.931883660497,1.05362782401,332.184208944,8.22563623953,0.0294455379856,1.39360745904,0.0930683152458,0.0295440558872,0.0950740027689,0.0677786252707,4.10052642771,1.04277074443
MIS6_only,0.1,478,20260912,55,2,20,1,52,True,,ok,165.058,0.223911559926,16.1411813116,-0.987334573785,-0.473174558522,0.784075262006,0.915788283023,328.889814849,6.24372254399,-0.0243120161816,-2.09669871274,-0.0233733195158,0.0480242896909,-0.0527343957222,-0.0700609157115,0.806132332819,-0.939142951115
MIS6_only,0.1,479,20260912,55,2,20,4,49,True,,ok,165.058,0.23441625433,15.9235266451,-0.88421810482,-0.498029253664,0.803043729943,0.944940405373,328.193762185,6.61857977044,-0.0138073217775,-2.31435337921,0.0797431494497,0.0231695945489,-0.0337659277845,-0.0409087933613,0.110079668339,-0.564285724658
MIS6_only,0.1,480,20260912,55,2,20,3,50,True,,ok,165.058,0.246685369424,17.0989268302,-1.0219897931,-0.566471185006,0.792027242435,0.973753950545,324.427013442,7.01119320384,-0.00153820668331,-1.13895319413,-0.0580285388262,-0.0452723367929,-0.0447824152926,-0.0120952481896,-3.65666907442,-0.171672291262
MIS6_only,0.1,481,20260912,55,2,20,1,52,True,,ok,165.058,0.277634774625,20.0139431707,-0.967126162441,-0.584821797493,0.878990258132,1.05576531896,326.362840828,8.26087602262,0.0294111985177,1.7760631464,-0.0031649081717,-0.0636229492799,0.0421806004047,0.0699161202238,-1.72084168858,1.07801052752
MIS6_only,0.1,482,20260912,55,2,20,5,48,True,,ok,165.058,0.179744012351,11.9605493168,-0.927730603266,-0.346286349856,0.722401310568,0.801110410372,334.389058619,4.96404444489,-0.0684795637567,-6.27733070749,0.0362306510029,0.174912498357,-0.11440834716,-0.184738788362,6.30537610298,-2.21882105022
MIS6_only,0.1,483,20260912,55,2,20,0,53,True,,ok,165.058,0.248223576107,18.2378800243,-0.963961254269,-0.521198848213,0.836809657728,0.985849198734,328.083682516,7.1828654951,0,0,0,0,0,0,0,0
MIS6_only,0.1,484,20260912,55,2,20,2,51,True,,ok,165.058,0.249602598458,17.6471564129,-0.922581097442,-0.462899726964,0.866391265967,0.982298316687,331.885085143,7.13203518491,0.00137902235057,-0.590723611379,0.0413801568277,0.0582991212491,0.029581608239,-0.00355088204694,3.80140262666,-0.0508303101927
MIS6_only,0.1,485,20260912,55,2,20,6,47,True,,ok,165.058,0.263788157294,17.1873376444,-0.991486623639,-0.649287014676,0.776722107051,1.01235905637,320.106663548,7.57397563641,0.0155645811864,-1.05054237993,-0.0275253693701,-0.128088166463,-0.0600875506769,0.0265098576326,-7.97701896888,0.391110141305
MIS6_only,0.1,486,20260912,55,2,20,3,50,True,,ok,165.058,0.217644369336,15.085958097,-0.868376925348,-0.469071917108,0.773053573956,0.904234644119,328.75154425,6.10110125345,-0.0305792067713,-3.15192192729,0.0955843289214,0.0521269311052,-0.0637560837722,-0.0816145546155,0.667861733726,-1.08176424165
MIS6_only,0.1,487,20260912,55,2,20,2,51,True,,ok,165.058,0.193203261609,13.659666198,-0.882642951626,-0.471357550694,0.683328210333,0.830129739037,325.402216068,5.26067569736,-0.0550203144987,-4.57821382627,0.0813183026434,0.0498412975191,-0.153481447395,-0.155719459698,-2.68146644838,-1.92218979774
MIS6_only,0.1,488,20260912,55,2,20,1,52,True,,ok,165.058,0.28150332596,20.2928166176,-0.982829779891,-0.573829979407,0.89316405715,1.06161333745,327.280523231,8.35806277612,0.0332797498524,2.05493659326,-0.0188685256213,-0.0526311311936,0.0563543994226,0.0757641387154,-0.803159285898,1.17519728102
MIS6_only,0.1,489,20260912,55,2,20,1,52,True,,ok,165.058,0.277634774625,20.0139431707,-0.967126162441,-0.584821797493,0.878990258132,1.05576531896,326.362840828,8.26087602262,0.0294111985177,1.7760631464,-0.0031649081717,-0.0636229492799,0.0421806004047,0.0699161202238,-1.72084168858,1.07801052752
MIS6_only,0.1,490,20260912,55,2,20,2,51,True,,ok,165.058,0.208887650332,14.7685683599,-0.923784707592,-0.412666573961,0.776976369185,0.87976472965,332.026399068,5.8097030494,-0.0393359257753,-3.46931166438,0.0401765466768,0.108532274252,-0.059833288543,-0.106084469084,3.94271655117,-1.3731624457
MIS6_only,0.1,491,20260912,55,2,20,3,50,True,,ok,165.058,0.220746666339,15.3009929391,-0.984333996758,-0.543356629939,0.730257336295,0.910226457818,323.348471249,6.1746544142,-0.0274769097679,-2.93688708518,-0.0203727424886,-0.0221577817257,-0.106552321432,-0.0756227409165,-4.7352112678,-1.0082110809
MIS6_only,0.1,492,20260912,55,2,20,1,52,True,,ok,165.058,0.246002416663,17.7336516782,-0.895325680937,-0.468372084861,0.859065880192,0.978451121103,331.400300143,7.0773690972,-0.00222115944451,-0.504228346134,0.0686355733324,0.0528267633519,0.0222562224641,-0.00739807763172,3.31661762701,-0.105496397907
MIS6_only,0.1,493,20260912,55,2,20,1,52,True,,ok,165.058,0.262097817848,18.8939258011,-0.94195162902,-0.545263375032,0.865660448218,1.02307387796,327.793938975,7.73803481827,0.0138742417405,0.656045776805,0.0220096252489,-0.0240645268192,0.0288507904898,0.0372246792236,-0.289743541226,0.555169323171
MIS6_only,0.1,494,20260912,55,2,20,6,47,True,,ok,165.058,0.234898768285,15.3050253816,-1.03837730697,-0.394887209871,0.840433788179,0.928582177748,334.832990613,6.40554713942,-0.0133248078228,-2.93285464267,-0.0744160527007,0.126311638343,0.00362413045097,-0.057267020986,6.74930809633,-0.777318355687
MIS6_only,0.1,495,20260912,55,2,20,1,52,True,,ok,165.058,0.225972174213,16.2897254458,-1.02726355099,-0.491484379881,0.780948915695,0.922734037842,327.816046603,6.33106251338,-0.0222514018943,-1.94815457845,-0.0633022967243,0.0297144683319,-0.0558607420326,-0.0631151608921,-0.26763591325,-0.851802981724
MIS6_only,0.1,496,20260912,55,2,20,4,49,True,,ok,165.058,0.312718115016,21.2424486138,-0.945847868429,-0.705239233977,0.88514116568,1.13174080969,321.453796166,9.61651198476,0.0644945389081,3.00456858954,0.01811338584,-0.184040385764,0.048331507952,0.145891610957,-6.62988635082,2.43364648966
MIS6_only,0.1,497,20260912,55,2,20,4,49,True,,ok,165.058,0.23350825859,15.8618479257,-0.999827264961,-0.570106133783,0.749389364264,0.941597272218,322.737541219,6.57447379995,-0.0147153175176,-2.37603209856,-0.035866010692,-0.0489072855697,-0.0874202934641,-0.0442519265164,-5.34614129699,-0.608391695149
MIS6_only,0.1,498,20260912,55,2,20,1,52,True,,ok,165.058,0.277634774625,20.0139431707,-0.967126162441,-0.584821797493,0.878990258132,1.05576531896,326.362840828,8.26087602262,0.0294111985177,1.7760631464,-0.0031649081717,-0.0636229492799,0.0421806004047,0.0699161202238,-1.72084168858,1.07801052752
MIS6_only,0.1,499,20260912,55,2,20,1,52,True,,ok,165.058,0.262097817848,18.8939258011,-0.94195162902,-0.545263375032,0.865660448218,1.02307387796,327.793938975,7.73803481827,0.0138742417405,0.656045776805,0.0220096252489,-0.0240645268192,0.0288507904898,0.0372246792236,-0.289743541226,0.555169323171
MIS6_only,0.1,500,20260912,55,2,20,2,51,True,,ok,165.058,0.275050481592,19.4463475144,-0.982878407043,-0.55134529316,0.889771224306,1.04674469853,328.215642079,8.11317592128,0.0268269054847,1.20846749007,-0.0189171527734,-0.0301464449464,0.0529615665787,0.060895499792,0.131959562285,0.930310426175
MIS6_only,0.2,1,20260912,55,2,20,2,51,True,,ok,165.058,0.246074177704,17.3976934934,-0.848388747035,-0.525451486896,0.827809742727,0.980493873124,327.594698568,7.10634286318,-0.00214939840336,-0.840186530915,0.115572507235,-0.004252638683,-0.00899991500102,-0.00535532560985,-0.488983948129,-0.0765226319231
MIS6_only,0.2,2,20260912,55,2,20,4,49,True,,ok,165.058,0.194483630843,13.2109664776,-0.963134589641,-0.423736293008,0.71873868184,0.834348691367,329.478293534,5.30525258061,-0.0537399452644,-5.02691354668,0.000826664628582,0.0974625552054,-0.118070975887,-0.151500507367,1.39461101723,-1.8776129145
MIS6_only,0.2,3,20260912,55,2,20,5,48,True,,ok,165.058,0.269643911616,17.9426800408,-1.07049249632,-0.5870091144,0.827103576862,1.01423864413,324.636046282,7.60250112282,0.0214203355086,-0.295199983487,-0.106531242054,-0.0658102661869,-0.00970608086539,0.0283894453959,-3.44763623489,0.41963562772
MIS6_only,0.2,4,20260912,55,2,20,8,45,True,,ok,165.058,0.242369711701,15.1198094087,-0.90616842209,-0.500250519567,0.804640392601,0.947468597755,328.130496353,6.65213060784,-0.00585386440629,-3.11807061561,0.0577928321788,0.0209483286464,-0.0321692651271,-0.0383806009796,0.0468138361315,-0.530734887263
MIS6_only,0.2,5,20260912,55,2,20,3,50,True,,ok,165.058,0.218050930134,15.1141387441,-1.03662504284,-0.521488131192,0.735742351693,0.901812995609,324.671299208,6.07162325091,-0.0301726459736,-3.12374128023,-0.0726637885738,-0.000289282978694,-0.101067306035,-0.0840362031257,-3.41238330843,-1.11124224419
MIS6_only,0.2,6,20260912,55,2,20,5,48,True,,ok,165.058,0.210923641099,14.0353082056,-1.0584552859,-0.450562042722,0.744454212535,0.870182870955,328.816640005,5.69942756104,-0.0372999350085,-4.20257181875,-0.0944940316273,0.0706368054907,-0.092355445193,-0.11566632778,0.732957488353,-1.48343793406
MIS6_only,0.2,7,20260912,55,2,20,10,43,True,,ok,165.058,0.192153122963,11.4543740059,-0.992330842756,-0.405619666712,0.720500492876,0.826830257223,330.621824038,5.22607497977,-0.0560704531447,-6.78350601841,-0.0283695884872,0.115579181501,-0.116309164851,-0.159018941512,2.53814152185,-1.95679051533
MIS6_only,0.2,8,20260912,55,2,20,2,51,True,,ok,165.058,0.208887650332,14.7685683599,-0.923784707592,-0.412666573961,0.776976369185,0.87976472965,332.026399068,5.8097030494,-0.0393359257753,-3.46931166438,0.0401765466768,0.108532274252,-0.059833288543,-0.106084469084,3.94271655117,-1.3731624457
MIS6_only,0.2,9,20260912,55,2,20,5,48,True,,ok,165.058,0.239728219942,15.9520262163,-0.964634779691,-0.438136729973,0.847125466943,0.953721841469,332.651811214,6.73584780852,-0.00849535616541,-2.28585380797,-0.000673525422219,0.0830621182401,0.0103158092156,-0.0321273572651,4.56812869712,-0.447017686578
MIS6_only,0.2,10,20260912,55,2,20,4,49,True,,ok,165.058,0.202002073798,13.7216824562,-0.859767463634,-0.390873202649,0.763146730054,0.857423344761,332.879102803,5.55582368108,-0.0462215023096,-4.51619756812,0.104193790635,0.130325645564,-0.0736629276734,-0.128425853973,4.79542028657,-1.62704181402
MIS6_only,0.2,11,20260912,55,2,20,3,50,True,,ok,165.058,0.307542180093,21.3171995035,-1.03798612994,-0.646237562464,0.918505157762,1.12306487434,324.870726793,9.45108688027,0.0593186039855,3.07931947917,-0.0740248756676,-0.125038714251,0.0816955000339,0.137215675605,-3.21295572396,2.26822138517
MIS6_only,0.2,12,20260912,55,2,20,3,50,True,,ok,165.058,0.263992469384,18.2985635843,-0.954145194884,-0.548442589335,0.862023476652,1.02170139869,327.534381238,7.71682335923,0.0157688932767,0.0606835599661,0.00981605938482,-0.0272437411215,0.0252138189242,0.0358521999606,-0.549301278925,0.533957864129
MIS6_only,0.2,13,20260912,55,2,20,3,50,True,,ok,165.058,0.235120880954,16.2973375724,-0.85978059582,-0.486371818215,0.808619312481,0.943622137336,328.973752121,6.60115262986,-0.0131026951531,-1.94054245187,0.104180658449,0.034827029998,-0.0281903452471,-0.0422270613983,0.890069604694,-0.581712865244
MIS6_only,0.2,14,20260912,55,2,20,4,49,True,,ok,165.058,0.28381064447,19.2788097067,-0.996464074893,-0.646680220282,0.850880387653,1.06873417714,322.764691142,8.47794727852,0.0355870683627,1.04092968238,-0.0325028206237,-0.125481372069,0.0140707299254,0.0828849784103,-5.31899137435,1.29508178342
MIS6_only,0.2,15,20260912,55,2,20,10,43,True,,ok,165.058,0.185010618336,11.0286046087,-0.866338822538,-0.382234993361,0.7097831339,0.806161080256,331.696486139,5.01444205761,-0.0632129577719,-7.20927541563,0.0976224317315,0.138963854852,-0.127026523827,-0.179688118479,3.6128036221,-2.16842343749
MIS6_only,0.2,16,20260912,55,2,20,2,51,True,,ok,165.058,0.19632147712,13.8801271916,-0.940126584957,-0.397040302636,0.742381593035,0.841885640449,331.86125087,5.38582919384,-0.0519020989877,-4.35775283271,0.0238346693123,0.124158545577,-0.0944280646933,-0.143963558286,3.77756835372,-1.79703630126
MIS6_only,0.2,17,20260912,55,2,20,3,50,True,,ok,165.058,0.243247473598,16.8606300503,-0.908396082405,-0.603792089102,0.755274793876,0.9669565146,321.359983292,6.91652191059,-0.00497610250908,-1.377249974,0.0555651718642,-0.0825932408891,-0.0815348638517,-0.0188926841346,-6.72369922417,-0.266343584517
MIS6_only,0.2,18,20260912,55,2,20,6,47,True,,ok,165.058,0.259941593996,16.9367116009,-0.905034992667,-0.654104673936,0.762553926796,1.00465985076,319.377617078,7.45824179057,0.0117180178885,-1.30116842338,0.0589262616026,-0.132905825723,-0.0742557309319,0.0188106520294,-8.7060654389,0.275376295468
MIS6_only,0.2,19,20260912,55,2,20,5,48,True,,ok,165.058,0.257467124345,17.1324106874,-1.02869383646,-0.49931710109,0.852513048184,0.98797574098,329.642483535,7.21347988558,0.00924354823774,-1.10546933694,-0.0647325821878,0.0218817471234,0.0157033904559,0.00212654224522,1.55880101839,0.0306143904808
MIS6_only,0.2,20,20260912,55,2,20,4,49,True,,ok,165.058,0.196779372075,13.3669125607,-0.863253885106,-0.449989286829,0.711550045028,0.841898939803,327.690449699,5.38597245184,-0.0514442040323,-4.87096746357,0.100707369163,0.0712095613844,-0.125259612699,-0.143950258932,-0.393232817312,-1.79689304326
MIS6_only,0.2,21,20260912,55,2,20,4,49,True,,ok,165.058,0.2404258183,16.3317468527,-0.908610483266,-0.571680330538,0.770865511324,0.959714560102,323.439058304,6.81706563319,-0.00779775780718,-1.90613317161,0.0553507710032,-0.0504814823246,-0.0659441464041,-0.0261346386322,-4.6446242128,-0.365799861913
MIS6_only,0.2,22,20260912,55,2,20,2,51,True,,ok,165.058,0.238603674206,16.8695213328,-0.982506983836,-0.517593087881,0.808338291731,0.959850716779,327.367856748,6.81892226398,-0.00961990190167,-1.36835869151,-0.0185457295664,0.00360576033222,-0.0284713659963,-0.0259984819552,-0.71582576805,-0.363943231125
MIS6_only,0.2,23,20260912,55,2,20,4,49,True,,ok,165.058,0.184112930798,12.506501171,-0.891082601681,-0.425758062468,0.691499128784,0.81205971016,328.379269783,5.07394905295,-0.0641106453091,-5.73137885333,0.0728786525878,0.095440785745,-0.145310528944,-0.173789488574,0.29558726635,-2.10891644215
MIS6_only,0.2,24,20260912,55,2,20,5,48,True,,ok,165.058,0.295336180429,19.652298315,-0.937732282005,-0.529170712263,0.949547202821,1.08704256269,330.869626017,8.79413590902,0.0471126043213,1.41441829073,0.0262289722637,-0.00797186404992,0.112737545094,0.101193363957,2.78594350076,1.61127041391
MIS6_only,0.2,25,20260912,55,2,20,6,47,True,,ok,165.058,0.246398649735,16.0543097596,-1.00852806549,-0.442818637533,0.857910356881,0.965452498153,332.699046352,6.89574804507,-0.00182492637225,-2.18357026468,-0.0445668112205,0.0783802106799,0.0211006991532,-0.0203967005811,4.61536383533,-0.287117450029
MIS6_only,0.2,26,20260912,55,2,20,0,53,True,,ok,165.058,0.248223576107,18.2378800243,-0.963961254269,-0.521198848213,0.836809657728,0.985849198734,328.083682516,7.1828654951,0,0,0,0,0,0,0,0
MIS6_only,0.2,27,20260912,55,2,20,6,47,True,,ok,165.058,0.272942633015,17.7838051537,-0.838548276377,-0.600550477569,0.859895718605,1.04884771201,325.069582735,8.14737202241,0.0247190569071,-0.454074870608,0.125412977892,-0.0793516293556,0.0230860608777,0.0629985132735,-3.01409978153,0.964506527304
MIS6_only,0.2,28,20260912,55,2,20,1,52,True,,ok,165.058,0.277634774625,20.0139431707,-0.967126162441,-0.584821797493,0.878990258132,1.05576531896,326.362840828,8.26087602262,0.0294111985177,1.7760631464,-0.0031649081717,-0.0636229492799,0.0421806004047,0.0699161202238,-1.72084168858,1.07801052752
MIS6_only,0.2,29,20260912,55,2,20,5,48,True,,ok,165.058,0.152577515892,10.1528327959,-0.800962836606,-0.365863359473,0.621398501971,0.721104774674,329.511524168,4.23003196323,-0.0956460602157,-8.08504722841,0.162998417663,0.15533548874,-0.215411155756,-0.264744424061,1.42784165182,-2.95283353188
MIS6_only,0.2,30,20260912,55,2,20,3,50,True,,ok,165.058,0.227268941557,15.7530826069,-0.930914500634,-0.434187112479,0.821931074771,0.929563951709,332.15463578,6.41813709463,-0.0209546345504,-2.48479741739,0.033046753635,0.0870117357345,-0.014878582957,-0.0562852470256,4.07095326366,-0.764728400474
MIS6_only,0.2,31,20260912,55,2,20,8,45,True,,ok,165.058,0.225832073503,14.0881378526,-0.933666536469,-0.500004844805,0.75163850391,0.902754277414,326.367361104,6.08306423371,-0.0223915026043,-4.14974217172,0.0302947178003,0.0211940034076,-0.085171153818,-0.0830949213207,-1.71632141274,-1.09980126139
MIS6_only,0.2,32,20260912,55,2,20,5,48,True,,ok,165.058,0.212556850799,14.1439854566,-0.857208414103,-0.55251798287,0.696538421522,0.889067991805,321.577351929,5.91881336445,-0.0356667253087,-4.09389456768,0.106752840166,-0.0313191346569,-0.140271236205,-0.0967812069297,-6.50633058788,-1.26405213066
MIS6_only,0.2,33,20260912,55,2,20,3,50,True,,ok,165.058,0.291140791306,20.180341864,-0.964239104594,-0.576110873393,0.923266323242,1.08826671459,328.036163382,8.81569300366,0.042917215199,1.94246183971,-0.000277850324502,-0.0549120251802,0.086456665514,0.102417515851,-0.0475191345491,1.63282750856
MIS6_only,0.2,34,20260912,55,2,20,5,48,True,,ok,165.058,0.133909359716,8.9106139332,-0.721456789361,-0.33444787009,0.584197847518,0.673158601558,330.209261403,3.84324554301,-0.114314216392,-9.3272660911,0.242504464908,0.186750978124,-0.25261181021,-0.312690597176,2.12557888673,-3.33961995209
MIS6_only,0.2,35,20260912,55,2,20,3,50,True,,ok,165.058,0.245015310963,16.9831671988,-0.991735020637,-0.498203695657,0.835301521125,0.972592182552,329.186638467,6.99492135556,-0.00320826514405,-1.25471282547,-0.0277737663676,0.0229951525557,-0.00150813660241,-0.0132570161825,1.10295595047,-0.187944139541
MIS6_only,0.2,36,20260912,55,2,20,3,50,True,,ok,165.058,0.25051321945,17.3642531755,-0.882921099575,-0.447246728115,0.875467061252,0.983093185383,332.939036528,7.14338226497,0.00228964334288,-0.873626848804,0.0810401546943,0.073952120098,0.0386574035245,-0.00275601335089,4.85535401196,-0.0394832301286
MIS6_only,0.2,37,20260912,55,2,20,5,48,True,,ok,165.058,0.209461802857,13.9380343762,-0.988950060048,-0.497767086449,0.73041711403,0.883901144258,325.72622218,5.85796508707,-0.0387617732505,-4.29984564812,-0.0249888057786,0.0234317617645,-0.106392543698,-0.101948054477,-2.35746033615,-1.32490040804
MIS6_only,0.2,38,20260912,55,2,20,3,50,True,,ok,165.058,0.224053349529,15.5301947521,-0.849976554798,-0.395715421698,0.829775408585,0.919302955321,334.503777211,6.28776643981,-0.0241702265787,-2.70768527222,0.113984699471,0.125483426516,-0.00703424914311,-0.0665462434138,6.42009469485,-0.895099055291
MIS6_only,0.2,39,20260912,55,2,20,0,53,True,,ok,165.058,0.248223576107,18.2378800243,-0.963961254269,-0.521198848213,0.836809657728,0.985849198734,328.083682516,7.1828654951,0,0,0,0,0,0,0,0
MIS6_only,0.2,40,20260912,55,2,20,2,51,True,,ok,165.058,0.242550893657,17.1485937442,-1.0913508176,-0.567903779384,0.782497845187,0.966859648739,324.02944522,6.91518209068,-0.00567268245071,-1.0892862801,-0.127389563332,-0.0467049311706,-0.0543118125412,-0.0189895499953,-4.05423729636,-0.267683404426
MIS6_only,0.2,41,20260912,55,2,20,4,49,True,,ok,165.058,0.289792667314,19.6851590889,-0.885205664578,-0.534342837185,0.922746187402,1.06629395291,329.925773629,8.43667189685,0.0415690912062,1.44727906464,0.0787555896909,-0.0131439889714,0.0859365296747,0.0804447541774,1.84209111275,1.25380640175
MIS6_only,0.2,42,20260912,55,2,20,6,47,True,,ok,165.058,0.153324275218,9.98997117338,-0.973942089866,-0.341426002165,0.641944842787,0.727093457635,331.99319015,4.28100123339,-0.0948993008897,-8.24790885092,-0.00998083559717,0.179772846049,-0.19486481494,-0.2587557411,3.90950763366,-2.90186426172
MIS6_only,0.2,43,20260912,55,2,20,4,49,True,,ok,165.058,0.318691151189,21.6481875458,-0.941080965302,-0.590744866023,0.984269933159,1.1479402415,329.028415264,9.93317815755,0.0704675750815,3.41030752146,0.0228802889674,-0.0695460178103,0.147460275431,0.162091042765,0.944732747065,2.75031266245
MIS6_only,0.2,44,20260912,55,2,20,6,47,True,,ok,165.058,0.247632409938,16.1346964358,-1.02245466526,-0.471544143211,0.840477165271,0.96371974367,330.705684746,6.87189212871,-0.000591166169685,-2.10318358852,-0.0584934109938,0.0496547050018,0.0036675075435,-0.0221294550644,2.62200222907,-0.31097336639
MIS6_only,0.2,45,20260912,55,2,20,4,49,True,,ok,165.058,0.243715356203,16.5551999771,-0.991561124678,-0.551614124902,0.780971764355,0.956135471317,324.765764926,6.76844210243,-0.00450821990412,-1.68268004718,-0.0275998704083,-0.0304152766886,-0.055837893373,-0.0297137274174,-3.31791759043,-0.41442339267
MIS6_only,0.2,46,20260912,55,2,20,2,51,True,,ok,165.058,0.261846609969,18.5128204228,-0.854296553748,-0.450577975441,0.907273773102,1.01299862355,333.589697219,7.58366996776,0.0136230338617,0.274940398506,0.109664700521,0.0706208727719,0.0704641153737,0.0271494248139,5.50601470219,0.400804472657
MIS6_only,0.2,47,20260912,55,2,20,6,47,True,,ok,165.058,0.198233388765,12.9160619645,-0.909039643966,-0.300729643439,0.780154694458,0.836109840708,338.919627118,5.32397221349,-0.0499901873421,-5.32181805984,0.0549216103027,0.220469204774,-0.0566549632694,-0.149739358026,10.8359446017,-1.85889328161
MIS6_only,0.2,48,20260912,55,2,20,4,49,True,,ok,165.058,0.326180089057,22.1568992903,-1.02312005139,-0.673924310082,0.955148184029,1.16896622243,324.794337315,10.3597949571,0.0779565129499,3.91901926601,-0.0591587971241,-0.152725461869,0.118338526301,0.183117023692,-3.28934520106,3.17692946203
MIS6_only,0.2,49,20260912,55,2,20,5,48,True,,ok,165.058,0.276625207615,18.4072303421,-1.06081867455,-0.553875544487,0.873995550481,1.03472041685,327.63641592,7.92039306247,0.0284016315073,0.169350317776,-0.0968574202856,-0.0326766962735,0.0371858927528,0.0488712181127,-0.447266596784,0.737527567363
MIS6_only,0.2,50,20260912,55,2,20,4,49,True,,ok,165.058,0.245307874272,16.6633772192,-0.969829480588,-0.516160351686,0.812571038056,0.962649053675,327.575522035,6.85719254073,-0.00291570183579,-1.57450280509,-0.00586822631846,0.0050384965267,-0.0242386196716,-0.0232001450597,-0.508160481018,-0.325672954373
MIS6_only,0.2,51,20260912,55,2,20,4,49,True,,ok,165.058,0.272966136993,18.542159408,-1.15676427337,-0.609601630758,0.830421237683,1.03015221216,323.718082854,7.84835867794,0.0247425608853,0.304279383692,-0.192803019101,-0.0884027825454,-0.00638842004489,0.0443030134257,-4.36559966272,0.665493182837
MIS6_only,0.2,52,20260912,55,2,20,7,46,True,,ok,165.058,0.224408838908,14.3104485663,-1.03493142213,-0.550434485555,0.730590610297,0.914735351204,323.005253879,6.2305879504,-0.0238147371998,-3.927431458,-0.0709701678566,-0.0292356373419,-0.106219047431,-0.0711138475306,-5.07842863757,-0.952277544702
MIS6_only,0.2,53,20260912,55,2,20,4,49,True,,ok,165.058,0.318154637815,21.611743038,-1.00888212626,-0.693823197827,0.917625654987,1.15040317825,322.906817941,9.98222844525,0.069931061708,3.37386301371,-0.0449208719919,-0.172624349614,0.0808159972591,0.164553979518,-5.17686457586,2.79936295015
MIS6_only,0.2,54,20260912,55,2,20,5,48,True,,ok,165.058,0.268868988737,17.8911150224,-1.02500976703,-0.611144232839,0.811623957289,1.01598755966,323.020640524,7.62913994923,0.0206454126298,-0.346765001912,-0.0610485127625,-0.0899453846263,-0.025185700439,0.0301383609228,-5.0630419922,0.44627445413
MIS6_only,0.2,55,20260912,55,2,20,4,49,True,,ok,165.058,0.295141673782,20.0485086667,-1.06636102939,-0.622000867074,0.88782293278,1.08402704699,324.985255271,8.74125781424,0.0469180976746,1.81062864238,-0.102399775123,-0.100802018861,0.0510132750526,0.0981778482585,-3.09842724501,1.55839231914
MIS6_only,0.2,56,20260912,55,2,20,1,52,True,,ok,165.058,0.227887638922,16.4278061379,-1.02205283437,-0.508506251068,0.776287552993,0.928009144517,326.773243554,6.3982101618,-0.0203359371853,-1.81007388636,-0.0580915801034,0.0126925971453,-0.0605221047345,-0.0578400542173,-1.31043896239,-0.784655333302
MIS6_only,0.2,57,20260912,55,2,20,1,52,True,,ok,165.058,0.262374188065,18.9138485857,-0.917974896761,-0.503367275194,0.884159176992,1.01740653821,330.346384281,7.65082187282,0.0141506119574,0.675968561417,0.0459863575078,0.017831573019,0.0473495192643,0.0315573394773,2.26270176452,0.467956377717
MIS6_only,0.2,58,20260912,55,2,20,5,48,True,,ok,165.058,0.201586793472,13.4140144832,-0.899305370947,-0.417525422633,0.749464484528,0.857918697847,330.877892852,5.56133059731,-0.0466367826353,-4.8238655411,0.0646558833227,0.10367342558,-0.0873451731993,-0.127930500888,2.7942103351,-1.6215348978
MIS6_only,0.2,59,20260912,55,2,20,4,49,True,,ok,165.058,0.24239758741,16.4656860202,-1.00776794956,-0.588810689986,0.765185715218,0.965508781636,322.42170467,6.89652432219,-0.00582598869735,-1.77219400409,-0.0438066952862,-0.0676118417728,-0.0716239425096,-0.0203404170986,-5.66197784642,-0.286341172911
MIS6_only,0.2,60,20260912,55,2,20,4,49,True,,ok,165.058,0.280920734181,19.0825026561,-1.00534509278,-0.615208064499,0.858484381467,1.05616115998,324.373815729,8.26741859928,0.0326971580732,0.844622631792,-0.0413838385106,-0.0940092162855,0.0216747237391,0.070311961244,-3.70986678752,1.08455310418
MIS6_only,0.2,61,20260912,55,2,20,6,47,True,,ok,165.058,0.224641439191,14.6367005399,-1.04478914306,-0.431378298651,0.803435526087,0.911918790861,331.767886915,6.19558896583,-0.0235821369167,-3.60117948438,-0.0808278887934,0.0898205495624,-0.0333741316412,-0.0739304078737,3.68420439814,-0.987276529271
MIS6_only,0.2,62,20260912,55,2,20,5,48,True,,ok,165.058,0.225008124311,14.972519709,-0.880467414675,-0.423703142085,0.813890113519,0.91757368614,332.498960589,6.26605752058,-0.0232154517965,-3.26536031526,0.0834938395946,0.0974957061278,-0.0229195442091,-0.0682755125944,4.41527807241,-0.916807974525
MIS6_only,0.2,63,20260912,55,2,20,8,45,True,,ok,165.058,0.230244881352,14.3634231313,-1.06043325874,-0.546640953683,0.744510322776,0.923640597291,323.71281084,6.34255189512,-0.0179786947554,-3.87445689303,-0.0964720044746,-0.0254421054699,-0.0922993349515,-0.0622086014435,-4.37087167698,-0.840313599981
MIS6_only,0.2,64,20260912,55,2,20,3,50,True,,ok,165.058,0.194388432732,13.4739794082,-0.894942560208,-0.447397888109,0.716942704231,0.845086807041,328.034361944,5.42042168498,-0.053835143375,-4.76390061611,0.0690186940613,0.0738009601039,-0.119866953497,-0.140762391694,-0.049320572364,-1.76244381013
MIS6_only,0.2,65,20260912,55,2,20,4,49,True,,ok,165.058,0.28378022485,19.2767433499,-0.913668310936,-0.507123843424,0.934720815563,1.06342728741,331.518378667,8.38844006101,0.035556648743,1.03886332557,0.0502929433331,0.0140750047895,0.0979111578353,0.0775780886791,3.43469615041,1.20557456591
MIS6_only,0.2,66,20260912,55,2,20,2,51,True,,ok,165.058,0.253481163105,17.9213748602,-1.0307086049,-0.557130993904,0.828234727127,0.998182201598,326.072350291,7.36224124374,0.00525758699807,-0.316505164075,-0.0667473506305,-0.0359321456913,-0.00857493060087,0.0123330028641,-2.01133222523,0.179375748633
MIS6_only,0.2,67,20260912,55,2,20,4,49,True,,ok,165.058,0.216485170084,14.7054963571,-0.898978557236,-0.438205050629,0.786546393842,0.900377085482,330.876705556,6.05421165375,-0.0317384060231,-3.53238366715,0.064982697033,0.0829937975845,-0.0502632638862,-0.085472113252,2.79302303995,-1.12865384135
MIS6_only,0.2,68,20260912,55,2,20,2,51,True,,ok,165.058,0.225738402348,15.9599335874,-0.937987751992,-0.444755578159,0.810028652419,0.924096283968,331.230504674,6.34833496278,-0.0224851737596,-2.27794643689,0.0259735022775,0.0764432700542,-0.0267810053089,-0.0617529147666,3.14682215735,-0.834530532323
MIS6_only,0.2,69,20260912,55,2,20,9,44,True,,ok,165.058,0.178989344885,10.9178044587,-0.855403090824,-0.361191864006,0.6986336273,0.786478548861,332.66114761,4.82088295862,-0.069234231222,-7.32007556563,0.108558163445,0.160006984207,-0.138176030428,-0.199370649873,4.57746509315,-2.36198253648
MIS6_only,0.2,70,20260912,55,2,20,7,46,True,,ok,165.058,0.229544534418,14.6379495097,-0.86517081003,-0.55673649391,0.738549470548,0.924884232809,322.990127348,6.35834717617,-0.0186790416897,-3.5999305146,0.0987904442392,-0.0355376456969,-0.0982601871796,-0.0609649659256,-5.0935551682,-0.82451831893
MIS6_only,0.2,71,20260912,55,2,20,2,51,True,,ok,165.058,0.292231274902,20.6610469955,-0.922604275656,-0.567310077909,0.92798572923,1.08765722457,328.56109896,8.80495339688,0.0440076987942,2.42316697119,0.041356978613,-0.0461112296955,0.0911760715021,0.101808025832,0.477416443116,1.62208790178
MIS6_only,0.2,72,20260912,55,2,20,1,52,True,,ok,165.058,0.267666533182,19.2953594918,-1.02107889005,-0.596994039851,0.846983680822,1.03623512737,324.822013556,7.94442364891,0.0194429570747,1.05747946746,-0.0571176357787,-0.0757951916383,0.010174023094,0.0503859286362,-3.26166896008,0.761558153811
MIS6_only,0.2,73,20260912,55,2,20,7,46,True,,ok,165.058,0.2570297732,16.3906705604,-0.93157226922,-0.463026201839,0.869305496055,0.984929088341,331.958484582,7.16965959133,0.00880619709208,-1.84720946389,0.0323889850496,0.0581726463743,0.0324958383273,-0.000920110393014,3.87480206592,-0.0132059037713
MIS6_only,0.2,74,20260912,55,2,20,4,49,True,,ok,165.058,0.209535161333,14.233393218,-0.891112412396,-0.567147912477,0.680986851917,0.886227875386,320.21137168,5.88528843127,-0.038688414774,-4.00448680627,0.0728488418736,-0.0459490642636,-0.155822805811,-0.0996213233485,-7.87231083613,-1.29757706384
MIS6_only,0.2,75,20260912,55,2,20,5,48,True,,ok,165.058,0.194253128223,12.9260167817,-0.855999355738,-0.368791596744,0.742841877915,0.829349924588,333.597420444,5.25247739034,-0.0539704478845,-5.3118632426,0.107961898531,0.152407251469,-0.0939677798124,-0.156499274146,5.51373792702,-1.93038810476
MIS6_only,0.2,76,20260912,55,2,20,4,49,True,,ok,165.058,0.211404219327,14.3603553813,-0.958325416691,-0.42189791517,0.765858539628,0.874378152486,331.150409071,5.74745015397,-0.0368193567804,-3.87752464297,0.00563583757847,0.0993009330434,-0.0709511181003,-0.111471046248,3.06672655421,-1.43541534113
MIS6_only,0.2,77,20260912,55,2,20,4,49,True,,ok,165.058,0.246258764195,16.7279696728,-0.97901703793,-0.510524890159,0.814326509995,0.961126073079,327.915208801,6.8363375762,-0.00196481191228,-1.50991035148,-0.015055783661,0.0106739580544,-0.0224831477328,-0.0247231256554,-0.1684737156,-0.346527918904
MIS6_only,0.2,78,20260912,55,2,20,3,50,True,,ok,165.058,0.215365939395,14.928029368,-0.894084080163,-0.381448219936,0.803408411543,0.889363716502,334.602219688,5.92231507847,-0.0328576367125,-3.30985065628,0.0698771741061,0.139750628277,-0.0334012461845,-0.096485482232,6.51853717125,-1.26055041663
MIS6_only,0.2,79,20260912,55,2,20,3,50,True,,ok,165.058,0.256533063835,17.7815169918,-0.968710854981,-0.576825824037,0.817034514598,1.00013670532,324.77793373,7.39107662163,0.00830948772794,-0.456363032512,-0.00474960071152,-0.0556269758239,-0.0197751431299,0.0142875065815,-3.30574878617,0.208211126528
MIS6_only,0.2,80,20260912,55,2,20,2,51,True,,ok,165.058,0.212979383012,15.0578580029,-0.948551623981,-0.409363101053,0.791612993533,0.89119542191,332.655371857,5.94405074061,-0.0352441930952,-3.18002202136,0.0154096302883,0.11183574716,-0.0451966641952,-0.0946537768242,4.5716893407,-1.2388147545
MIS6_only,0.2,81,20260912,55,2,20,3,50,True,,ok,165.058,0.202853766573,14.0607516366,-0.887477793042,-0.407305736518,0.762748643547,0.86468691226,331.897902191,5.63712297486,-0.0453698095342,-4.17712838768,0.0764834612273,0.113893111695,-0.074061014181,-0.121162286475,3.81421967409,-1.54574252024
MIS6_only,0.2,82,20260912,55,2,20,1,52,True,,ok,165.058,0.264476150015,19.0653733617,-1.01657211966,-0.595807802105,0.83882191567,1.02888733264,324.614158023,7.82852931388,0.0162525739076,0.827493337359,-0.0526108653915,-0.0746089538923,0.00201225794181,0.0430381339009,-3.46952449378,0.645663818779
MIS6_only,0.2,83,20260912,55,2,20,5,48,True,,ok,165.058,0.20621996482,13.7223155702,-0.936946118276,-0.46317746539,0.721123006811,0.857059948544,327.28735792,5.55178721747,-0.0420036112877,-4.51556445407,0.0270151359937,0.058021382823,-0.115686650917,-0.128789250191,-0.796324596272,-1.63107827763
MIS6_only,0.2,84,20260912,55,2,20,8,45,True,,ok,165.058,0.241405433456,15.0596546015,-0.814582655215,-0.47618658816,0.828334381323,0.955453564557,330.106592084,6.75921750133,-0.00681814265096,-3.1782254228,0.149378599054,0.0450122600535,-0.00847527640483,-0.0303956341773,2.02290956752,-0.42364799377
MIS6_only,0.2,85,20260912,55,2,20,3,50,True,,ok,165.058,0.23723867647,16.4441319715,-0.959016337141,-0.501039857414,0.808290380853,0.950985950736,328.20621689,6.69909137461,-0.0109848996375,-1.79374805281,0.00494491712855,0.0201589907989,-0.0285192768752,-0.0348632479988,0.122534373681,-0.483774120488
MIS6_only,0.2,86,20260912,55,2,20,3,50,True,,ok,165.058,0.237114464749,16.4355222711,-1.01467432683,-0.487082230267,0.821059951939,0.954666718661,329.322060965,6.74858894147,-0.0111091113581,-1.80235775321,-0.0507130725566,0.0341166179458,-0.0157497057891,-0.031182480073,1.23837844815,-0.434276553635
MIS6_only,0.2,87,20260912,55,2,20,2,51,True,,ok,165.058,0.244931449939,17.3169014835,-0.834356497667,-0.529619435036,0.825325526205,0.980642121354,327.311315043,7.10845018106,-0.00329212616796,-0.920978540789,0.129604756603,-0.00842058682316,-0.0114841315231,-0.00520707738059,-0.7723674737,-0.0744153140404
MIS6_only,0.2,88,20260912,55,2,20,4,49,True,,ok,165.058,0.253882795647,17.2458581116,-1.00832817266,-0.587780894649,0.802678052482,0.994876090802,323.785622603,7.31372106309,0.00565921953979,-0.992021912738,-0.0443669183956,-0.0665820464355,-0.0341316052461,0.00902689206775,-4.29805991306,0.130855567985
MIS6_only,0.2,89,20260912,55,2,20,3,50,True,,ok,165.058,0.2515936644,17.4391439125,-0.894464147437,-0.522171476397,0.831935852822,0.982232311611,327.885220139,7.131093746,0.00337008829242,-0.798736111752,0.0694971068321,-0.000972628184144,-0.0048738049062,-0.00361688712326,-0.198462377844,-0.0517717491051
MIS6_only,0.2,90,20260912,55,2,20,3,50,True,,ok,165.058,0.253575440579,17.5765101697,-0.832683480449,-0.522137331838,0.845646733506,0.993854008992,328.307099189,7.29878589073,0.00535186447194,-0.661369854618,0.131277773821,-0.000938483625071,0.00883707577866,0.00800481025752,0.223416672451,0.115920395626
MIS6_only,0.2,91,20260912,55,2,20,5,48,True,,ok,165.058,0.243258238802,16.1869211879,-0.954373621459,-0.488340311089,0.826461428789,0.959955599343,329.42196837,6.82035278611,-0.0049653373053,-2.05095883643,0.00958763281022,0.0328585371246,-0.0103482289386,-0.0258935993912,1.33828585356,-0.362512708991
MIS6_only,0.2,92,20260912,55,2,20,2,51,True,,ok,165.058,0.229925562778,16.255970069,-0.911121980212,-0.510895585931,0.790927763988,0.941584317823,327.139776113,6.57430346551,-0.0182980133297,-1.98190995534,0.0528392740572,0.0103032622824,-0.0458818937394,-0.0442648809109,-0.943906403592,-0.608562029596
MIS6_only,0.2,93,20260912,55,2,20,5,48,True,,ok,165.058,0.221936610877,14.7681346649,-0.94053398748,-0.529642630819,0.74654238528,0.91533974534,324.645789442,6.23812396585,-0.0262869652299,-3.4697453594,0.023427266789,-0.00844378260555,-0.0902672724481,-0.0705094533941,-3.43789307412,-0.944741529248
MIS6_only,0.2,94,20260912,55,2,20,6,47,True,,ok,165.058,0.255270693917,16.6323752062,-1.00383768885,-0.678193303876,0.728290208795,0.995164702775,317.03993027,7.31794393667,0.0070471178098,-1.60550481808,-0.0398764345774,-0.156994455662,-0.108519448932,0.00931550404049,-11.043752246,0.135078441568
MIS6_only,0.2,95,20260912,55,2,20,4,49,True,,ok,165.058,0.252568251275,17.1565631845,-0.865799972165,-0.46240110178,0.873054466965,0.987946800802,332.092693438,7.21306237888,0.0043446751677,-1.08131683981,0.0981612821038,0.0587977464333,0.0362448092369,0.00209760206731,4.00901092121,0.0301968837812
MIS6_only,0.2,96,20260912,55,2,20,5,48,True,,ok,165.058,0.246591668352,16.4087346881,-1.06358841214,-0.54986940212,0.783777345281,0.957425342449,324.947910433,6.7859254802,-0.00163190775507,-1.82914533617,-0.0996271578721,-0.0286705539073,-0.0530323124469,-0.0284238562852,-3.13577208334,-0.396940014906
MIS6_only,0.2,97,20260912,55,2,20,2,51,True,,ok,165.058,0.223829071356,15.8249419533,-1.05267450108,-0.458110415271,0.793245439034,0.916025916188,329.992960959,6.24669068036,-0.0243945047511,-2.41293807103,-0.088713246809,0.0630884329418,-0.0435642186935,-0.069823282546,1.9092784429,-0.936174814738
MIS6_only,0.2,98,20260912,55,2,20,3,50,True,,ok,165.058,0.262670993314,18.2069658431,-0.974180709886,-0.510555120952,0.88241563626,1.01947235698,329.946839833,7.68249768709,0.0144474172068,-0.030914181235,-0.0102194556169,0.0106437272611,0.0456059785321,0.0336231582456,1.86315731673,0.499632191985
MIS6_only,0.2,99,20260912,55,2,20,4,49,True,,ok,165.058,0.260769284721,17.7136464592,-0.829282617242,-0.378175833791,0.927718108695,1.00183723751,337.822181973,7.41625694482,0.0125457086139,-0.524233565144,0.134678637028,0.143023014423,0.0909084509675,0.015988038777,9.73849945681,0.233391449715
MIS6_only,0.2,100,20260912,55,2,20,3,50,True,,ok,165.058,0.2443620895,16.9378893373,-0.865890885608,-0.561793571866,0.804018376938,0.980845333294,325.056758211,7.11133981214,-0.00386148660713,-1.29999068701,0.0980703686616,-0.0405947236532,-0.0327912807895,-0.00500386544031,-3.0269243059,-0.0715256829653
MIS6_only,0.2,101,20260912,55,2,20,3,50,True,,ok,165.058,0.232518792643,16.1169745548,-0.869744811283,-0.502209875136,0.793149672325,0.938776417148,327.658653663,6.53748695708,-0.0157047834643,-2.12090546952,0.0942164429861,0.0189889730769,-0.0436599854027,-0.0470727815861,-0.425028853251,-0.64537853802
MIS6_only,0.2,102,20260912,55,2,20,1,52,True,,ok,165.058,0.232889041168,16.788343756,-0.891830048975,-0.542781361472,0.780677115947,0.950825097336,325.19027036,6.696936578,-0.0153345349393,-1.44953626833,0.0721312052945,-0.0215825132592,-0.0561325417812,-0.0350241013981,-2.89341215655,-0.485928917103
MIS6_only,0.2,103,20260912,55,2,20,6,47,True,,ok,165.058,0.261914795321,17.0652771809,-0.980203512278,-0.622320927325,0.783356221389,1.00046504495,321.535351079,7.39593178244,0.0136912192141,-1.17260284344,-0.0162422580086,-0.101122079112,-0.0534534363392,0.0146158462197,-6.54833143759,0.213066287343
MIS6_only,0.2,104,20260912,55,2,20,6,47,True,,ok,165.058,0.316416833663,20.6164029967,-0.818977680155,-0.599796960312,0.968938204097,1.13956028228,328.241457342,9.76808622993,0.0681932575556,2.37852297241,0.144983574114,-0.0785981120989,0.132128546369,0.153711083549,0.157774825816,2.58522073482
MIS6_only,0.2,105,20260912,55,2,20,2,51,True,,ok,165.058,0.25037919487,17.7020625655,-1.02709801825,-0.556280984118,0.820191440946,0.991041135923,325.853580601,7.25784005762,0.00215561876245,-0.535817458819,-0.0631367639847,-0.0350821359047,-0.0166182167822,0.00519193718859,-2.23010191578,0.0749745625131
MIS6_only,0.2,106,20260912,55,2,20,6,47,True,,ok,165.058,0.182806394334,11.9109032612,-0.82410003452,-0.473411470473,0.669504154539,0.819972093013,324.735579351,5.15488178976,-0.0654171817736,-6.32697676314,0.139861219749,0.0477873777406,-0.167305503189,-0.165877105722,-3.34810316561,-2.02798370534
MIS6_only,0.2,107,20260912,55,2,20,2,51,True,,ok,165.058,0.260837305815,18.4414615973,-0.948030255474,-0.542435812669,0.86209899715,1.01855352915,327.821748496,7.66839286568,0.0126137297077,0.203581572979,0.0159309987949,-0.0212369644562,0.0252893394225,0.0327043304205,-0.261934020078,0.485527370574
MIS6_only,0.2,108,20260912,55,2,20,4,49,True,,ok,165.058,0.224807923574,15.2708478825,-1.00134502909,-0.548768416447,0.744207160102,0.924657272743,323.595432594,6.35546164934,-0.0234156525338,-2.96703214183,-0.0373837748191,-0.0275695682342,-0.0926024976258,-0.061191925991,-4.48824992258,-0.827403845763
MIS6_only,0.2,109,20260912,55,2,20,4,49,True,,ok,165.058,0.226770049864,15.4041320285,-0.963816508341,-0.528807761639,0.764672490512,0.929710528345,325.334279764,6.42001886833,-0.0214535262436,-2.83374799584,0.000144745927961,-0.00760891342599,-0.0721371672156,-0.0561386703892,-2.74940275227,-0.762846626769
MIS6_only,0.2,110,20260912,55,2,20,4,49,True,,ok,165.058,0.224362375589,15.2405825102,-1.06010124294,-0.437032268792,0.798620978486,0.910380509042,331.31103782,6.17655713344,-0.0238612005182,-2.99729751409,-0.0961399886708,0.0841665794212,-0.0381886792416,-0.0754686896923,3.22735530333,-1.00630836166
MIS6_only,0.2,111,20260912,55,2,20,5,48,True,,ok,165.058,0.215158406614,14.3170985201,-0.828884307783,-0.379461526342,0.807305664046,0.892038948238,334.824855733,5.95408713078,-0.0330651694938,-3.92078150418,0.135076946486,0.141737321871,-0.0295039936819,-0.093810250496,6.7411732165,-1.22877836432
MIS6_only,0.2,112,20260912,55,2,20,1,52,True,,ok,165.058,0.277634774625,20.0139431707,-0.967126162441,-0.584821797493,0.878990258132,1.05576531896,326.362840828,8.26087602262,0.0294111985177,1.7760631464,-0.0031649081717,-0.0636229492799,0.0421806004047,0.0699161202238,-1.72084168858,1.07801052752
MIS6_only,0.2,113,20260912,55,2,20,5,48,True,,ok,165.058,0.228002196562,15.171751652,-0.981101672407,-0.482144820678,0.783598416014,0.920048969179,328.396188539,6.29715496384,-0.0202213795455,-3.0661283723,-0.0171404181378,0.0390540275352,-0.0532112417135,-0.0658002295557,0.312506022566,-0.885710531263
MIS6_only,0.2,114,20260912,55,2,20,3,50,True,,ok,165.058,0.280607656004,19.4502405603,-0.952944374938,-0.578533142895,0.8737571535,1.04792755509,326.490612451,8.1323920891,0.0323840798967,1.21236053598,0.0110168793314,-0.0573342946823,0.0369474957726,0.0620783563579,-1.59307006524,0.949526594
MIS6_only,0.2,115,20260912,55,2,20,4,49,True,,ok,165.058,0.299680615925,20.3568318517,-1.08042521115,-0.617112026416,0.903538938888,1.09417085834,325.667143107,8.92040827848,0.0514570398172,2.11895182737,-0.11646395688,-0.0959131782025,0.0667292811607,0.108321659603,-2.41653940948,1.73754278338
MIS6_only,0.2,116,20260912,55,2,20,4,49,True,,ok,165.058,0.252305119088,17.1386890298,-0.997451910627,-0.639737431645,0.762291693637,0.995164613336,319.995644575,7.31794262765,0.00408154298086,-1.09919099449,-0.0334906563575,-0.118538583432,-0.074517964091,0.00931541460148,-8.08803794108,0.135077132549
MIS6_only,0.2,117,20260912,55,2,20,5,48,True,,ok,165.058,0.174369692474,11.6029306285,-0.857942422844,-0.481573299811,0.626043067599,0.789837176625,322.431309687,4.85337506805,-0.0738538836336,-6.63494939582,0.106018831426,0.0396255484023,-0.210766590129,-0.196012022109,-5.65237282942,-2.32949042705
MIS6_only,0.2,118,20260912,55,2,20,8,45,True,,ok,165.058,0.222571056317,13.8847050145,-0.967098845158,-0.51600357972,0.740474181023,0.902530723602,325.129071823,6.08034505725,-0.02565251979,-4.35317500984,-0.00313759088926,0.00519526849331,-0.0963354767044,-0.0833184751322,-2.95461069311,-1.10252043786
MIS6_only,0.2,119,20260912,55,2,20,6,47,True,,ok,165.058,0.252599164884,16.4583095014,-0.931758881189,-0.493377897039,0.852210386804,0.984725491019,329.931772869,7.16674073866,0.00437558877681,-1.77957052288,0.0322023730798,0.0278209511739,0.0154007290762,-0.00112370771499,1.84809035224,-0.0161247564449
MIS6_only,0.2,120,20260912,55,2,20,5,48,True,,ok,165.058,0.223082621849,14.8443926752,-1.01904780245,-0.468901964206,0.767103953736,0.899064807383,328.564114849,6.03834286839,-0.0251409542587,-3.39348734913,-0.0550865481833,0.0522968840069,-0.0697057039915,-0.0867843913516,0.480432332525,-1.14452262671
MIS6_only,0.2,121,20260912,55,2,20,5,48,True,,ok,165.058,0.275525487847,18.3340526471,-0.786867403861,-0.535010091907,0.903444490976,1.04997511719,329.366439797,8.16576352817,0.0273019117401,0.0961726227924,0.177093850408,-0.0138112436938,0.0666348332484,0.0641259184553,1.28275728024,0.982898033063
MIS6_only,0.2,122,20260912,55,2,20,5,48,True,,ok,165.058,0.158361380643,10.5377034722,-0.845629670097,-0.354089860336,0.646448219442,0.737071861906,331.288422426,4.36729456106,-0.0898621954641,-7.70017655206,0.118331584172,0.167108987877,-0.190361438285,-0.248777336829,3.20473990926,-2.81557093404
MIS6_only,0.2,123,20260912,55,2,20,5,48,True,,ok,165.058,0.301803239686,20.0826302085,-0.934525078602,-0.548746955491,0.951756586264,1.09861905165,330.033872529,9.00012173458,0.0535796635781,1.8447501842,0.0294361756672,-0.0275481072779,0.114946928536,0.11276985292,1.95019001208,1.81725623947
MIS6_only,0.2,124,20260912,55,2,20,5,48,True,,ok,165.058,0.214766701363,14.2910336187,-0.892531617365,-0.491059408672,0.74568939559,0.892856101251,326.633866578,5.96382588714,-0.0334568747444,-3.94684640562,0.0714296369039,0.030139439541,-0.0911202621374,-0.0929930974832,-1.44981593851,-1.21903960796
MIS6_only,0.2,125,20260912,55,2,20,5,48,True,,ok,165.058,0.267787905268,17.8191774263,-0.901154070147,-0.441200574137,0.92293520176,1.02296985941,334.450303,7.73642518745,0.0195643291602,-0.41870259797,0.062807184122,0.0799982740765,0.086125544032,0.0371206606779,6.36662048399,0.553559692351
MIS6_only,0.2,126,20260912,55,2,20,3,50,True,,ok,165.058,0.235120880954,16.2973375724,-0.85978059582,-0.486371818215,0.808619312481,0.943622137336,328.973752121,6.60115262986,-0.0131026951531,-1.94054245187,0.104180658449,0.034827029998,-0.0281903452471,-0.0422270613983,0.890069604694,-0.581712865244
MIS6_only,0.2,127,20260912,55,2,20,3,50,True,,ok,165.058,0.202796867825,14.056807716,-0.949049940823,-0.37572323557,0.769210739636,0.856068403644,333.966668491,5.54078843427,-0.0454267082821,-4.18107230835,0.0149113134464,0.145475612644,-0.0675989180916,-0.12978079509,5.8829859741,-1.64207706083
MIS6_only,0.2,128,20260912,55,2,20,4,49,True,,ok,165.058,0.218889387411,14.8688110504,-1.03565482218,-0.484641620929,0.757997959513,0.899687949993,327.406346781,6.04587305728,-0.029334188696,-3.36906897391,-0.0716935679082,0.0365572272838,-0.0788116982144,-0.0861612487409,-0.67733573528,-1.13699243783
MIS6_only,0.2,129,20260912,55,2,20,5,48,True,,ok,165.058,0.212946199349,14.1698935382,-0.828557052984,-0.437350447977,0.770373716381,0.885861770953,330.415900088,5.88098074816,-0.0352773767588,-4.06798648612,0.135404201285,0.0838484002362,-0.0664359413467,-0.0999874277811,2.33221757107,-1.30188474694
MIS6_only,0.2,130,20260912,55,2,20,6,47,True,,ok,165.058,0.213991688558,13.9428071452,-1.11190561257,-0.513804491787,0.716217869603,0.881455099548,324.344882104,5.82937738186,-0.0342318875496,-4.29507287911,-0.147944358306,0.00739435642602,-0.120591788125,-0.104394099187,-3.73880041245,-1.35348811324
MIS6_only,0.2,131,20260912,55,2,20,5,48,True,,ok,165.058,0.230868019479,15.3624496112,-0.908828642384,-0.472886730745,0.798835680301,0.928310456817,329.37574153,6.40206704265,-0.0173555566282,-2.87543041309,0.0551326118851,0.0483121174684,-0.0379739774266,-0.0575387419169,1.29205901359,-0.780798452448
MIS6_only,0.2,132,20260912,55,2,20,5,48,True,,ok,165.058,0.310209513912,20.6420015953,-0.986493109759,-0.614185602874,0.933987090294,1.11783533654,326.671264657,9.35275238843,0.0619859378042,2.40412157096,-0.0225318554895,-0.0929867546605,0.0971774325661,0.131986137804,-1.41241785905,2.16988689333
MIS6_only,0.2,133,20260912,55,2,20,2,51,True,,ok,165.058,0.260837305815,18.4414615973,-0.948030255474,-0.542435812669,0.86209899715,1.01855352915,327.821748496,7.66839286568,0.0126137297077,0.203581572979,0.0159309987949,-0.0212369644562,0.0252893394225,0.0327043304205,-0.261934020078,0.485527370574
MIS6_only,0.2,134,20260912,55,2,20,7,46,True,,ok,165.058,0.202719366809,12.9273208945,-0.861823947193,-0.378957307132,0.76243025158,0.851415603071,333.57084758,5.48946722476,-0.0455042092983,-5.31055912982,0.102137307076,0.142241541081,-0.074379406148,-0.134433595663,5.48716506387,-1.69339827034
MIS6_only,0.2,135,20260912,55,2,20,5,48,True,,ok,165.058,0.166081800886,11.0514366746,-0.815622853945,-0.39657784081,0.642856544248,0.755340003114,328.329587498,4.52981004628,-0.0821417752211,-7.18644334974,0.148338400324,0.124621007404,-0.19395311348,-0.230509195621,0.245904981297,-2.65305544882
MIS6_only,0.2,136,20260912,55,2,20,7,46,True,,ok,165.058,0.218588401242,13.9392819302,-0.978445403009,-0.435331747561,0.786852226008,0.899249773983,331.046117198,6.04057706512,-0.0296351748649,-4.29859809406,-0.0144841487403,0.0858671006517,-0.0499574317203,-0.0865994247517,2.96243468156,-1.14228842999
MIS6_only,0.2,137,20260912,55,2,20,4,49,True,,ok,165.058,0.230708192022,15.6716438175,-0.95177435273,-0.498872282824,0.787737834311,0.932418602439,327.654028002,6.45488497667,-0.0175153840856,-2.56623620676,0.0121869015393,0.0223265653895,-0.0490718234169,-0.0534305962953,-0.429654514595,-0.727980518437
MIS6_only,0.2,138,20260912,55,2,20,4,49,True,,ok,165.058,0.181132647511,12.3040552251,-0.98637287179,-0.385870747748,0.698774740236,0.798237039707,331.092059222,4.93559917759,-0.0670909285963,-5.93382479919,-0.022411617521,0.135328100465,-0.138034917492,-0.187612159028,3.00837670567,-2.24726631752
MIS6_only,0.2,139,20260912,55,2,20,6,47,True,,ok,165.058,0.201366570221,13.1202070183,-1.01086919088,-0.445066488208,0.727808546545,0.853105772662,328.553551642,5.50805488451,-0.0468570058864,-5.11767300597,-0.0469079366156,0.0761323600052,-0.109001111183,-0.132743426072,0.469869125503,-1.6748106106
MIS6_only,0.2,140,20260912,55,2,20,3,50,True,,ok,165.058,0.237961332601,16.4942226775,-0.971455129534,-0.444824453567,0.845636867207,0.955494900913,332.254597002,6.75977632727,-0.0102622435063,-1.74365734682,-0.0074938752647,0.0763743946462,0.00882720947921,-0.0303542978213,4.17091448522,-0.423089167829
MIS6_only,0.2,141,20260912,55,2,20,2,51,True,,ok,165.058,0.255260746211,18.0471931874,-1.02964816806,-0.555407299132,0.822267563146,0.992270735904,325.962621642,7.2757105021,0.00703717010335,-0.190686836851,-0.0656869137903,-0.0342084509189,-0.0145420945814,0.00642153716983,-2.12106087435,0.0928450070025
MIS6_only,0.2,142,20260912,55,2,20,4,49,True,,ok,165.058,0.189832860562,12.8950469834,-1.02624947876,-0.362315941738,0.744009366833,0.827540198161,334.034952403,5.23350065947,-0.0583907155457,-5.34283304086,-0.0622882244899,0.158882906475,-0.092800290895,-0.158309000573,5.95126988624,-1.94936483563
MIS6_only,0.2,143,20260912,55,2,20,6,47,True,,ok,165.058,0.18429906297,12.0081593325,-0.941420820471,-0.408946361194,0.692515042557,0.804247605219,329.437153697,4.99528871104,-0.0639245131377,-6.22972069184,0.0225404337987,0.112252487019,-0.144294615171,-0.181601593515,1.35347118099,-2.18757678406
MIS6_only,0.2,144,20260912,55,2,20,5,48,True,,ok,165.058,0.237223463333,15.7853543781,-1.03481994151,-0.48017554511,0.81894862714,0.94933945879,329.615552151,6.67706765641,-0.0110001127744,-2.45252564619,-0.0708586872409,0.0410233031034,-0.0178610305877,-0.0365097399442,1.53186963492,-0.505797838691
MIS6_only,0.2,145,20260912,55,2,20,6,47,True,,ok,165.058,0.254560519973,16.5861032299,-0.8988760443,-0.503305897322,0.844855569093,0.983411286749,329.216469832,7.14792835024,0.00633694386569,-1.65177679438,0.0650852099694,0.0178929508915,0.00804591136492,-0.00243791198519,1.13278731508,-0.0349371448576
MIS6_only,0.2,146,20260912,55,2,20,3,50,True,,ok,165.058,0.261345164615,18.1150664006,-0.864232321367,-0.421278595796,0.91895056574,1.01091334819,335.371647679,7.55210774922,0.013121588508,-0.122813623687,0.0997289329021,0.0999202524169,0.0821409080125,0.0250641494565,7.28796516227,0.369242254117
MIS6_only,0.2,147,20260912,55,2,20,7,46,True,,ok,165.058,0.219247823238,13.981332968,-0.936415539556,-0.375223541893,0.810561721935,0.893198192708,335.159736446,5.96790763108,-0.0289757528692,-4.25654705632,0.0275457147128,0.14597530632,-0.0262479357929,-0.0926510060264,7.07605392963,-1.21495786402
MIS6_only,0.2,148,20260912,55,2,20,4,49,True,,ok,165.058,0.237016828177,16.1001795272,-0.787458648718,-0.427101572742,0.85048757575,0.95170629395,333.3349119,6.70874962022,-0.0112067479305,-2.13770049708,0.176502605552,0.0940972754712,0.0136779180219,-0.0341429047848,5.25122938319,-0.474115874884
MIS6_only,0.2,149,20260912,55,2,20,5,48,True,,ok,165.058,0.209371270782,13.9320101792,-0.906761935955,-0.544680150993,0.694639139695,0.882723060355,321.899310864,5.84417898588,-0.038852305325,-4.30586984512,0.057199318314,-0.0234813027799,-0.142170518033,-0.10312613838,-6.18437165207,-1.33868650922
MIS6_only,0.2,150,20260912,55,2,20,5,48,True,,ok,165.058,0.286238472188,19.0469174366,-0.97875232673,-0.602055346316,0.875121825367,1.06221883304,325.473293479,8.36819044742,0.0380148960804,0.809037412317,-0.0147910724605,-0.0808564981027,0.0383121676393,0.076369634304,-2.61038903737,1.18532495232
MIS6_only,0.2,151,20260912,55,2,20,1,52,True,,ok,165.058,0.277634774625,20.0139431707,-0.967126162441,-0.584821797493,0.878990258132,1.05576531896,326.362840828,8.26087602262,0.0294111985177,1.7760631464,-0.0031649081717,-0.0636229492799,0.0421806004047,0.0699161202238,-1.72084168858,1.07801052752
MIS6_only,0.2,152,20260912,55,2,20,5,48,True,,ok,165.058,0.219256462056,14.5897918554,-0.856132621069,-0.442735298121,0.769692346633,0.887941919648,330.092025016,5.90549834189,-0.0289671140515,-3.64808816891,0.107828633201,0.0784635500922,-0.0671173110949,-0.0979072790868,2.00834249908,-1.27736715322
MIS6_only,0.2,153,20260912,55,2,20,9,44,True,,ok,165.058,0.238022239347,14.518631082,-1.11422531628,-0.538540725308,0.772041543065,0.941315174122,325.102142358,6.57076555307,-0.0102013367608,-3.71924894229,-0.150264062013,-0.0173418770952,-0.0647681146631,-0.0445340246119,-2.98154015895,-0.612099942036
MIS6_only,0.2,154,20260912,55,2,20,4,49,True,,ok,165.058,0.19870791377,13.4979153581,-0.999845626548,-0.48903490293,0.700074363038,0.853966773398,325.063887821,5.5175479343,-0.049515662337,-4.73996466618,-0.0358843722793,0.0321639452829,-0.136735294689,-0.131882425336,-3.01979469551,-1.6653175608
MIS6_only,0.2,155,20260912,55,2,20,4,49,True,,ok,165.058,0.193067158139,13.1147477197,-0.885873893586,-0.382116551616,0.737812756138,0.830891522486,332.62015738,5.2686967975,-0.055156417968,-5.12313230464,0.0780873606832,0.139082296597,-0.0989969015902,-0.154957676249,4.53647486372,-1.9141686976
MIS6_only,0.2,156,20260912,55,2,20,3,50,True,,ok,165.058,0.238975296425,16.5645052941,-0.907448639637,-0.542259860431,0.788812230315,0.957220189365,325.493871599,6.78314174425,-0.00924827968199,-1.67337473022,0.0565126146327,-0.0210610122176,-0.047997427413,-0.0286290093691,-2.58981091707,-0.399723750853
MIS6_only,0.2,157,20260912,55,2,20,5,48,True,,ok,165.058,0.20931703801,13.928401415,-1.05440376237,-0.513523717149,0.709741389668,0.876036214024,324.112893443,5.76654104243,-0.0389065380977,-4.3094786093,-0.0904425081006,0.00767513106427,-0.12706826806,-0.10981298471,-3.97078907339,-1.41632445267
MIS6_only,0.2,158,20260912,55,2,20,4,49,True,,ok,165.058,0.262521958047,17.8327027954,-1.04401845084,-0.539447960974,0.852849094551,1.00913610612,327.685643633,7.52531155352,0.0142983819393,-0.405177228895,-0.0800571965711,-0.0182491127605,0.0160394368228,0.0232869073853,-0.398038883806,0.34244605842
MIS6_only,0.2,159,20260912,55,2,20,5,48,True,,ok,165.058,0.295972676203,19.6946520992,-0.983659175771,-0.622606311499,0.891410543211,1.08731383495,325.067599525,8.79890841371,0.0477491000956,1.45677207486,-0.0196979215016,-0.101407463286,0.0546008854832,0.101464636212,-3.01608299113,1.6160429186
MIS6_only,0.2,160,20260912,55,2,20,4,49,True,,ok,165.058,0.254968981801,17.3196410248,-0.914356174167,-0.553830363257,0.829609071445,0.99748648246,326.27372208,7.35200426318,0.00674540569377,-0.918238999459,0.0496050801027,-0.0326315150444,-0.00720058628263,0.0116372837254,-1.80996043666,0.169138768075
MIS6_only,0.2,161,20260912,55,2,20,5,48,True,,ok,165.058,0.266473641466,17.7317235145,-1.03103644875,-0.590076446885,0.814788872129,1.00601745478,324.087651332,7.47851998583,0.018250065359,-0.506156509804,-0.0670751944786,-0.068877598672,-0.0220207855987,0.0201682560416,-3.99603118484,0.295654490727
MIS6_only,0.2,162,20260912,55,2,20,7,46,True,,ok,165.058,0.177539425832,11.3216076257,-0.917818104868,-0.426888282305,0.659553342162,0.785648914419,327.087503215,4.81289045023,-0.0706841502759,-6.91627239859,0.046143149401,0.0943105659077,-0.177256315565,-0.200200284316,-0.99617930151,-2.36997504488
MIS6_only,0.2,163,20260912,55,2,20,6,47,True,,ok,165.058,0.189585702156,12.3526147228,-0.830845301586,-0.439462945063,0.685705648733,0.814444544943,327.344533562,5.09820792073,-0.0586378739519,-5.88526530148,0.133115952683,0.0817359031502,-0.151104008995,-0.171404653791,-0.739148954677,-2.08465757438
MIS6_only,0.2,164,20260912,55,2,20,4,49,True,,ok,165.058,0.252575145032,17.1570314665,-0.856242862309,-0.491488870342,0.857656422015,0.988501819874,330.184689092,7.22107359882,0.00435156892479,-1.08084855776,0.107718391961,0.0297099778712,0.0208467642876,0.00265262113963,2.10100657522,0.0382081037186
MIS6_only,0.2,165,20260912,55,2,20,2,51,True,,ok,165.058,0.242739365289,17.1619188794,-1.05226594822,-0.548957012497,0.793075808013,0.964532549386,325.309509259,6.88307223992,-0.00548421081826,-1.07596114487,-0.0883046939521,-0.0277581642843,-0.0437338497146,-0.0213166493479,-2.77417325732,-0.299793255184
MIS6_only,0.2,166,20260912,55,2,20,1,52,True,,ok,165.058,0.223911559926,16.1411813116,-0.987334573785,-0.473174558522,0.784075262006,0.915788283023,328.889814849,6.24372254399,-0.0243120161816,-2.09669871274,-0.0233733195158,0.0480242896909,-0.0527343957222,-0.0700609157115,0.806132332819,-0.939142951115
MIS6_only,0.2,167,20260912,55,2,20,5,48,True,,ok,165.058,0.213868876818,14.2312904617,-0.886214520154,-0.384004622638,0.800525835658,0.887863257356,334.373409253,5.90456933491,-0.0343546992899,-4.00658956265,0.0777467341156,0.137194225575,-0.0362838220698,-0.0979859413779,6.28972673639,-1.2782961602
MIS6_only,0.2,168,20260912,55,2,20,6,47,True,,ok,165.058,0.169325871841,11.0325685622,-0.895898756433,-0.319127591695,0.698284957844,0.767752761071,335.438827835,4.64367241593,-0.0788977042669,-7.20531146206,0.0680624978362,0.202071256518,-0.138524699884,-0.218096437663,7.3551453188,-2.53919307917
MIS6_only,0.2,169,20260912,55,2,20,6,47,True,,ok,165.058,0.251382787971,16.379055448,-1.02952741949,-0.486553331332,0.837549758306,0.968619503143,329.846638437,6.93956440213,0.00315921186325,-1.85882457632,-0.0655661652183,0.0346455168811,0.00074010057783,-0.0172296955918,1.7629559202,-0.243301092973
MIS6_only,0.2,170,20260912,55,2,20,7,46,True,,ok,165.058,0.2858984663,18.2316138575,-0.851010050809,-0.593596702857,0.887563686946,1.06776698958,326.225657071,8.46156359928,0.0376748901922,-0.0062661668351,0.11295120346,-0.072397854644,0.0507540292178,0.0819177908412,-1.85802544514,1.27869810418
MIS6_only,0.2,171,20260912,55,2,20,3,50,True,,ok,165.058,0.246685369424,17.0989268302,-1.0219897931,-0.566471185006,0.792027242435,0.973753950545,324.427013442,7.01119320384,-0.00153820668331,-1.13895319413,-0.0580285388262,-0.0452723367929,-0.0447824152926,-0.0120952481896,-3.65666907442,-0.171672291262
MIS6_only,0.2,172,20260912,55,2,20,8,45,True,,ok,165.058,0.246796562011,15.3959707017,-0.856951831457,-0.478134007414,0.827504645983,0.955707103756,329.980583377,6.76264582365,-0.00142701409689,-2.84190932265,0.107009422812,0.0430648407995,-0.00930501174433,-0.0301420949784,1.89690086047,-0.420219671448
MIS6_only,0.2,173,20260912,55,2,20,6,47,True,,ok,165.058,0.221688576003,14.4443042734,-0.934482391038,-0.453509538396,0.781600013111,0.903642341809,329.876310316,6.09387813984,-0.026535000104,-3.79357575091,0.029478863231,0.0676893098174,-0.0552096446168,-0.0822068569249,1.79262779972,-1.08898735526
MIS6_only,0.2,174,20260912,55,2,20,5,48,True,,ok,165.058,0.225374115001,14.9968735089,-0.932527629207,-0.531929298423,0.756353352629,0.924672467717,324.881990048,6.35565479442,-0.0228494611065,-3.24100651543,0.0314336250623,-0.0107304502102,-0.0804563050985,-0.061176731017,-3.20169246868,-0.827210700679
MIS6_only,0.2,175,20260912,55,2,20,3,50,True,,ok,165.058,0.204443157196,14.1709197995,-0.801474170475,-0.389490304397,0.7761090466,0.868359343495,333.350215052,5.67867929374,-0.043780418911,-4.06696022475,0.162487083794,0.131708543816,-0.0607006111275,-0.11748985524,5.26653253561,-1.50418620136
MIS6_only,0.2,176,20260912,55,2,20,2,51,True,,ok,165.058,0.239903570899,16.961425345,-0.938505032252,-0.535310610737,0.795839252083,0.95912333155,326.073779178,6.80900950945,-0.00832000520885,-1.27645467929,0.0254562220177,-0.0141117625244,-0.0409704056451,-0.0267258671843,-2.00990333818,-0.373855985652
MIS6_only,0.2,177,20260912,55,2,20,5,48,True,,ok,165.058,0.24521779075,16.317313947,-0.946282964584,-0.45089698719,0.854281118695,0.965973251604,332.174518935,6.90293375559,-0.00300578535721,-1.92056607726,0.0176782896848,0.0703018610228,0.0174714609667,-0.0198759471299,4.09083641889,-0.27993173951
MIS6_only,0.2,178,20260912,55,2,20,5,48,True,,ok,165.058,0.256428658723,17.0633089736,-0.884585990662,-0.545241490696,0.845379280408,1.00595944795,327.179331057,7.47765242574,0.00820508261557,-1.17457105067,0.0793752636071,-0.0240426424833,0.00856962267988,0.0201102492154,-0.904351459573,0.294786930635
MIS6_only,0.2,179,20260912,55,2,20,6,47,True,,ok,165.058,0.215502740243,14.0412609794,-1.02076273194,-0.475837707843,0.752558918653,0.890374331531,327.695120516,5.9342975453,-0.0327208358645,-4.19661904488,-0.0568014776744,0.0453611403702,-0.0842507390748,-0.0954748672033,-0.388562000928,-1.2485679498
MIS6_only,0.2,180,20260912,55,2,20,5,48,True,,ok,165.058,0.219098448696,14.57927731,-0.937607892258,-0.354571460204,0.821447023501,0.894704494685,336.652918764,5.98591368214,-0.0291251274111,-3.65860271433,0.0263533620115,0.166627388009,-0.0153626342266,-0.091144704049,8.56923624716,-1.19695181296
MIS6_only,0.2,181,20260912,55,2,20,7,46,True,,ok,165.058,0.198193772195,12.6387258049,-0.888698914001,-0.479603341259,0.694286298636,0.843832228243,325.363821742,5.40683804161,-0.0500298039125,-5.59915421937,0.0752623402685,0.0415955069537,-0.142523359092,-0.142016970492,-2.71986077399,-1.77602745349
MIS6_only,0.2,182,20260912,55,2,20,3,50,True,,ok,165.058,0.257565299083,17.853066087,-0.902583219719,-0.569458903847,0.830171393373,1.00671147085,325.551692477,7.48890761954,0.0093417229757,-0.384813937347,0.0613780345498,-0.0482600556342,-0.00663826435486,0.020862272118,-2.53199003924,0.30604212444
MIS6_only,0.2,183,20260912,55,2,20,4,49,True,,ok,165.058,0.243189443559,16.5194755602,-0.968611528139,-0.616359658858,0.727289298185,0.953335697602,319.719550232,6.73064780409,-0.00503413254851,-1.71840446411,-0.00465027387005,-0.0951608106449,-0.109520359542,-0.0325135011323,-8.36413228498,-0.452217691012
MIS6_only,0.2,184,20260912,55,2,20,4,49,True,,ok,165.058,0.181132647511,12.3040552251,-0.98637287179,-0.385870747748,0.698774740236,0.798237039707,331.092059222,4.93559917759,-0.0670909285963,-5.93382479919,-0.022411617521,0.135328100465,-0.138034917492,-0.187612159028,3.00837670567,-2.24726631752
MIS6_only,0.2,185,20260912,55,2,20,3,50,True,,ok,165.058,0.237596704045,16.4689485519,-0.984109137722,-0.498060793789,0.811078651761,0.951794690914,328.4470739,6.70993579127,-0.0106268720626,-1.7689314724,-0.0201478834532,0.0231380544242,-0.025731005967,-0.0340545078206,0.363391383847,-0.472929703832
MIS6_only,0.2,186,20260912,55,2,20,1,52,True,,ok,165.058,0.277634774625,20.0139431707,-0.967126162441,-0.584821797493,0.878990258132,1.05576531896,326.362840828,8.26087602262,0.0294111985177,1.7760631464,-0.0031649081717,-0.0636229492799,0.0421806004047,0.0699161202238,-1.72084168858,1.07801052752
MIS6_only,0.2,187,20260912,55,2,20,2,51,True,,ok,165.058,0.269741131502,19.0709710877,-1.01718752933,-0.575052778538,0.864441590042,1.03824128251,326.366943765,7.97636317431,0.0215175553947,0.833091063438,-0.0532262750611,-0.0538539303249,0.0276319323146,0.0523920837715,-1.7167387511,0.793497679207
MIS6_only,0.2,188,20260912,55,2,20,6,47,True,,ok,165.058,0.133693438047,8.71090758633,-0.924588454109,-0.358595485713,0.572596012414,0.675615952894,327.942624036,3.86218044374,-0.11453013806,-9.52697243797,0.0393728001602,0.1626033625,-0.264213645314,-0.31023324584,-0.141058480036,-3.32068505136
MIS6_only,0.2,189,20260912,55,2,20,2,51,True,,ok,165.058,0.260405523117,18.4109341234,-0.8785562632,-0.492962396664,0.889077454839,1.01659758274,330.993162153,7.63845353248,0.0121819470092,0.17305409905,0.0854049910696,0.0282364515491,0.0522677971109,0.0307483840029,2.90947963634,0.455588037376
MIS6_only,0.2,190,20260912,55,2,20,3,50,True,,ok,165.058,0.21701519519,15.0423470685,-0.817754126698,-0.41657666179,0.793715729945,0.896393203405,332.307550179,6.00616479038,-0.031208380917,-3.19553295581,0.146207127571,0.104622186423,-0.0430939277828,-0.0894559953294,4.22386766236,-1.17670070473
MIS6_only,0.2,191,20260912,55,2,20,4,49,True,,ok,165.058,0.219010113301,14.8770117698,-0.93082399856,-0.559535316883,0.704542016704,0.899699518807,321.543993308,6.04601294605,-0.0292134628065,-3.36086825454,0.0331372557095,-0.0383364686697,-0.132267641024,-0.0861496799278,-6.53968920818,-1.13685254906
MIS6_only,0.2,192,20260912,55,2,20,4,49,True,,ok,165.058,0.226862015062,15.4103790794,-1.02104754834,-0.465480459053,0.797940509241,0.923786292412,329.742750548,6.34440032215,-0.0213615610458,-2.82750094492,-0.0570862940753,0.05571838916,-0.0388691484864,-0.0620629063222,1.65906803192,-0.838465172952
MIS6_only,0.2,193,20260912,55,2,20,5,48,True,,ok,165.058,0.20115903767,13.3855507013,-0.906886536227,-0.41736582737,0.749256600744,0.857659424022,330.880448044,5.55844752997,-0.047064538437,-4.85232932298,0.0570747180419,0.103833020844,-0.087553056984,-0.128189774712,2.79676552794,-1.62441796513
MIS6_only,0.2,194,20260912,55,2,20,7,46,True,,ok,165.058,0.22147728731,14.1235048677,-0.979884881002,-0.483076453055,0.764366219034,0.904222636465,327.707274053,6.10095473539,-0.026746288797,-4.11437515663,-0.0159236267326,0.038122395158,-0.0724434386938,-0.0816265622688,-0.376408463949,-1.08191075971
MIS6_only,0.2,195,20260912,55,2,20,4,49,True,,ok,165.058,0.205636787766,13.9685828466,-1.08587390399,-0.464959682105,0.735640337953,0.870261002692,327.705166241,5.70031824298,-0.0425867883413,-4.26929717767,-0.121912649718,0.0562391661083,-0.101169319775,-0.115588196042,-0.378516275433,-1.48254725212
MIS6_only,0.2,196,20260912,55,2,20,2,51,True,,ok,165.058,0.212496128712,15.0236914347,-0.882038679214,-0.469500607686,0.759176138502,0.892624909964,328.265929413,5.9610689554,-0.0357274473955,-3.21418858965,0.0819225750548,0.0516982405271,-0.0776335192258,-0.0932242887703,0.182246896394,-1.2217965397
MIS6_only,0.2,197,20260912,55,2,20,5,48,True,,ok,165.058,0.2379040021,15.8306388767,-0.940451753037,-0.462873194915,0.822894406197,0.944143420419,330.642506081,6.60803835704,-0.0103195740076,-2.40724114756,0.0235095012321,0.058325653298,-0.0139152515308,-0.041705778315,2.55882356467,-0.574827138062
MIS6_only,0.2,198,20260912,55,2,20,5,48,True,,ok,165.058,0.247949418496,16.4990822738,-0.985527826081,-0.47828157112,0.838903730522,0.965666987297,330.311372911,6.89870680584,-0.000274157611309,-1.7387977505,-0.0215665718121,0.0429172770929,0.00209407279373,-0.0201822114369,2.22769039443,-0.28415868926
MIS6_only,0.2,199,20260912,55,2,20,3,50,True,,ok,165.058,0.217755843763,15.0936849155,-0.972635151314,-0.392274149495,0.809517655295,0.899554246611,334.146209458,6.04425656606,-0.0304677323445,-3.14419510883,-0.00867389704436,0.128924698718,-0.0272920024332,-0.0862949521234,6.0625269415,-1.13860892904
MIS6_only,0.2,200,20260912,55,2,20,3,50,True,,ok,165.058,0.235366228461,16.3143437657,-1.01453321471,-0.611974681898,0.730298680676,0.952811195505,320.037712,6.72359102826,-0.0128573476465,-1.92353625863,-0.050571960442,-0.0907758336844,-0.106510977052,-0.0330380032292,-8.04597051691,-0.459274466845
MIS6_only,0.2,201,20260912,55,2,20,8,45,True,,ok,165.058,0.168082681205,10.485543292,-0.886060684998,-0.489514156551,0.592136092912,0.768276813391,320.41973387,4.64854202201,-0.0801408949023,-7.75233673225,0.0779005692711,0.0316846916618,-0.244673564815,-0.217572385344,-7.66394864633,-2.53432347309
MIS6_only,0.2,202,20260912,55,2,20,3,50,True,,ok,165.058,0.209015557973,14.4878544702,-1.00055640868,-0.395623949188,0.780583047055,0.875116108023,333.122679798,5.75593914225,-0.0392080181346,-3.7500255541,-0.036595154414,0.125574899025,-0.0562266106724,-0.110733090711,5.0389972811,-1.42692635285
MIS6_only,0.2,203,20260912,55,2,20,6,47,True,,ok,165.058,0.154300127948,10.0535536728,-0.858559917371,-0.403531776331,0.618494216932,0.738493731109,326.877871534,4.37973167991,-0.0939234481595,-8.18432635147,0.105401336899,0.117667071883,-0.218315440795,-0.247355467625,-1.20581098199,-2.80313381519
MIS6_only,0.2,204,20260912,55,2,20,4,49,True,,ok,165.058,0.24684282722,16.7676441534,-1.02317754806,-0.522610060443,0.812108951452,0.965734033937,327.237823448,6.89963193809,-0.00138074888776,-1.47023587088,-0.0592162937881,-0.00141121222942,-0.0247007062756,-0.0201151647972,-0.845859068907,-0.283233557016
MIS6_only,0.2,205,20260912,55,2,20,5,48,True,,ok,165.058,0.204640898043,13.6172411045,-0.718651844353,-0.400238834954,0.768299073672,0.866299366046,332.483124707,5.65533152009,-0.0435826780648,-4.62063891978,0.245309409916,0.120960013259,-0.0685105840555,-0.119549832689,4.39944219087,-1.52753397501
MIS6_only,0.2,206,20260912,55,2,20,3,50,True,,ok,165.058,0.226567902429,15.7044902774,-0.877226430042,-0.393790609518,0.835203212513,0.923382613187,334.756554882,6.33928018411,-0.0216556736784,-2.53338974689,0.0867348242274,0.127408238695,-0.00160644521476,-0.0624665855471,6.67287236533,-0.84358531099
MIS6_only,0.2,207,20260912,55,2,20,8,45,True,,ok,165.058,0.23604796118,14.7254380892,-0.673549942382,-0.460849495036,0.816823573261,0.937860867565,330.56843458,6.52552712333,-0.0121756149269,-3.51244193508,0.290411311887,0.0603493531769,-0.0199860844669,-0.0479883311693,2.48475206303,-0.657338371775
MIS6_only,0.2,208,20260912,55,2,20,6,47,True,,ok,165.058,0.283441483042,18.4678664935,-1.02865402655,-0.625635508135,0.842523449286,1.04941200281,323.403402501,8.15657218715,0.0352179069345,0.229986469181,-0.0646927722774,-0.104436659922,0.00571379155857,0.0635628040734,-4.68028001515,0.973706692047
MIS6_only,0.2,209,20260912,55,2,20,4,49,True,,ok,165.058,0.237295894745,16.1191360793,-0.822947485351,-0.4167793219,0.860211680058,0.955860417463,334.149446957,6.7647197542,-0.0109276813626,-2.11874394502,0.141013768919,0.104419526313,0.0234020223302,-0.0299887812717,6.06576444035,-0.418145740906
MIS6_only,0.2,210,20260912,55,2,20,3,50,True,,ok,165.058,0.238166855841,16.5084684629,-0.798007289469,-0.480096713015,0.830180935818,0.959006381649,329.959045925,6.80741706972,-0.0100567202662,-1.72941156139,0.1659539648,0.0411021351986,-0.00662872190937,-0.0268428170853,1.87536340838,-0.375448425384
MIS6_only,0.2,211,20260912,55,2,20,6,47,True,,ok,165.058,0.278976144211,18.1769236135,-0.981032562334,-0.476859625812,0.926039919585,1.04160694861,332.754023335,8.03023583864,0.0307525681034,-0.0609564108001,-0.0170713080652,0.0443392224006,0.0892302618569,0.0557577498765,4.67034081874,0.847370343543
MIS6_only,0.2,212,20260912,55,2,20,4,49,True,,ok,165.058,0.184794100317,12.5527719426,-1.05390686026,-0.358192595505,0.729634328754,0.812814978437,333.852622777,5.08161923004,-0.0634294757906,-5.68510808166,-0.0899456059931,0.163006252708,-0.107175328974,-0.173034220298,5.7689402606,-2.10124626506
MIS6_only,0.2,213,20260912,55,2,20,5,48,True,,ok,165.058,0.20528919914,13.66038044,-0.762041939734,-0.456154981336,0.740599080831,0.869807085235,328.369962222,5.69514564335,-0.0429343769679,-4.57749958433,0.201919314535,0.0650438668775,-0.0962105768966,-0.116042113499,0.286279705157,-1.48771985175
MIS6_only,0.2,214,20260912,55,2,20,2,51,True,,ok,165.058,0.209252194843,14.7943420259,-0.859606532759,-0.469136958266,0.751447331927,0.885868262368,328.023006639,5.88105710043,-0.0389713812639,-3.44353799836,0.10435472151,0.0520618899469,-0.085362325801,-0.0999809363662,-0.0606758774725,-1.30180839468
MIS6_only,0.2,215,20260912,55,2,20,3,50,True,,ok,165.058,0.226858962651,15.7246650346,-0.959896104436,-0.582588280215,0.721216630261,0.927125952613,321.069227809,6.38691844266,-0.0213646134568,-2.5132149897,0.00406514983322,-0.0613894320019,-0.115593027467,-0.0587232461213,-7.01445470756,-0.795947052441
MIS6_only,0.2,216,20260912,55,2,20,3,50,True,,ok,165.058,0.280860094521,19.4677382649,-0.966517637904,-0.656810238729,0.833654235791,1.06131007465,321.766524671,8.35299493412,0.0326365184135,1.2298582406,-0.00255638363504,-0.135611390516,-0.00315542193654,0.0754608759151,-6.31715784555,1.17012943902
MIS6_only,0.2,217,20260912,55,2,20,6,47,True,,ok,165.058,0.222084525895,14.4701027192,-0.984255479723,-0.453290988959,0.781321459385,0.903291726723,329.879433336,6.08960642652,-0.0261390502123,-3.7677773051,-0.0202942254541,0.0679078592537,-0.0554881983431,-0.0825574720111,1.79575081987,-1.09325906858
MIS6_only,0.2,218,20260912,55,2,20,2,51,True,,ok,165.058,0.223829071356,15.8249419533,-1.05267450108,-0.458110415271,0.793245439034,0.916025916188,329.992960959,6.24669068036,-0.0243945047511,-2.41293807103,-0.088713246809,0.0630884329418,-0.0435642186935,-0.069823282546,1.9092784429,-0.936174814738
MIS6_only,0.2,219,20260912,55,2,20,3,50,True,,ok,165.058,0.203388492467,14.0978160112,-0.856461736159,-0.417321527031,0.754749399016,0.862440671721,331.06059739,5.61185510677,-0.0448350836401,-4.1400640131,0.10749951811,0.103877321182,-0.0820602587119,-0.123408527013,2.97691487371,-1.57101038833
MIS6_only,0.2,220,20260912,55,2,20,6,47,True,,ok,165.058,0.264333264769,17.222854577,-0.937254981901,-0.554509211928,0.847386050681,1.01269125848,326.800221639,7.5790094899,0.0161096886611,-1.01502544726,0.0267062723678,-0.0333103637144,0.0105763929536,0.0268420597457,-1.28346087724,0.396143994798
MIS6_only,0.2,221,20260912,55,2,20,4,49,True,,ok,165.058,0.268830212995,18.2612126103,-0.856035246915,-0.512654584829,0.884472910088,1.02230477453,329.902736084,7.72614126978,0.0206066368877,0.0233325860171,0.107926007354,0.00854426338373,0.0476632523606,0.0364555757956,1.81905356752,0.543275774676
MIS6_only,0.2,222,20260912,55,2,20,2,51,True,,ok,165.058,0.229558660571,16.2300297115,-0.988330555242,-0.451229507878,0.809874647018,0.92709493185,330.875210484,6.38652220079,-0.018664915536,-2.00785031278,-0.0243693009726,0.0699693403351,-0.0269350107096,-0.0587542668839,2.79152796793,-0.796343294312
MIS6_only,0.2,223,20260912,55,2,20,3,50,True,,ok,165.058,0.239187356008,16.5792041443,-1.03535181041,-0.483019701788,0.825565937414,0.956486878809,329.669075986,6.77320073699,-0.009036220099,-1.65867588002,-0.071390556136,0.038179146425,-0.0112437203134,-0.029362319925,1.58539346996,-0.409664758113
MIS6_only,0.2,224,20260912,55,2,20,5,48,True,,ok,165.058,0.2617676302,17.4185755042,-0.947457949562,-0.45994519123,0.88950980328,1.00138767172,332.657548415,7.40959175082,0.0135440540928,-0.819304520127,0.0165033047074,0.0612536569836,0.0527001455523,0.0155384729825,4.57386589836,0.226726255716
MIS6_only,0.2,225,20260912,55,2,20,5,48,True,,ok,165.058,0.232876464467,15.4960958173,-0.992225160648,-0.539936246613,0.76521965462,0.936532044419,324.793343061,6.50820760513,-0.0153471116405,-2.74178420696,-0.0282639063788,-0.0187373983998,-0.0715900031077,-0.0493171543156,-3.29033945595,-0.67465788997
MIS6_only,0.2,226,20260912,55,2,20,6,47,True,,ok,165.058,0.219895161898,14.3274528799,-0.978082233532,-0.523541839027,0.733208627806,0.900938926399,324.471565226,6.06101848504,-0.0283284142091,-3.91042714437,-0.0141209792623,-0.0023429908137,-0.103601029922,-0.0849102723355,-3.61211729067,-1.12184701006
MIS6_only,0.2,227,20260912,55,2,20,2,51,True,,ok,165.058,0.244821613741,17.3091359531,-0.910068962215,-0.433479755518,0.870304905,0.972283562605,333.523112994,6.99060514325,-0.00340196236616,-0.928744071202,0.0538922920541,0.0877190926947,0.033495247272,-0.0135656361298,5.43943047716,-0.192260351856
MIS6_only,0.2,228,20260912,55,2,20,6,47,True,,ok,165.058,0.219734306924,14.3169722398,-0.916119709127,-0.490520779694,0.750936090042,0.896947962057,326.846931781,6.01283243239,-0.0284892691833,-3.92090778453,0.0478415451422,0.0306780685194,-0.0858735676862,-0.0889012366773,-1.2367507355,-1.17003306271
MIS6_only,0.2,229,20260912,55,2,20,7,46,True,,ok,165.058,0.200573926478,12.7905071502,-0.917816154572,-0.45428611696,0.717419217166,0.849156174812,327.657081823,5.46471707332,-0.0476496496293,-5.44737287414,0.0461450996975,0.0669127312528,-0.119390440562,-0.136693023922,-0.426600693778,-1.71814842178
MIS6_only,0.2,230,20260912,55,2,20,4,49,True,,ok,165.058,0.251353108221,17.0740204322,-1.00145511432,-0.465650685632,0.856219735455,0.974650089218,331.460669602,7.0237704742,0.00312953211343,-1.16385959205,-0.0374938600529,0.0555481625815,0.0194100777272,-0.0111991095168,3.37698708519,-0.159095020905
MIS6_only,0.2,231,20260912,55,2,20,4,49,True,,ok,165.058,0.275522884068,18.7158352066,-0.857868427784,-0.558676566816,0.886803402518,1.04811248491,327.789515223,8.13540048901,0.0272993079609,0.477955182325,0.106092826485,-0.0374777186033,0.0499937447902,0.0622632861771,-0.294167293798,0.952534993906
MIS6_only,0.2,232,20260912,55,2,20,6,47,True,,ok,165.058,0.265777968181,17.3169854342,-0.821323120046,-0.503848180058,0.879832849734,1.01388797804,330.201806767,7.59717111344,0.0175543920737,-0.920894590129,0.142638134224,0.0173506681555,0.0430231920061,0.0280387793077,2.11812425056,0.414305618333
MIS6_only,0.2,233,20260912,55,2,20,1,52,True,,ok,165.058,0.246002416663,17.7336516782,-0.895325680937,-0.468372084861,0.859065880192,0.978451121103,331.400300143,7.0773690972,-0.00222115944451,-0.504228346134,0.0686355733324,0.0528267633519,0.0222562224641,-0.00739807763172,3.31661762701,-0.105496397907
MIS6_only,0.2,234,20260912,55,2,20,5,48,True,,ok,165.058,0.290595572209,19.3368481498,-0.921218492424,-0.502890539523,0.952939827874,1.07749394907,332.178251457,8.62778576613,0.042371996102,1.09896812548,0.0427427618453,0.0183083086903,0.116130170146,0.0916447503387,4.09456894063,1.44492027103
MIS6_only,0.2,235,20260912,55,2,20,6,47,True,,ok,165.058,0.183317628934,11.9442131784,-1.11824923245,-0.443042046936,0.675844428639,0.808116295514,326.753615504,5.03408907397,-0.0649059471738,-6.29366684593,-0.154287978177,0.0781568012776,-0.160965229089,-0.17773290322,-1.33006701221,-2.14877642113
MIS6_only,0.2,236,20260912,55,2,20,6,47,True,,ok,165.058,0.277465842133,18.0785186206,-1.12327731151,-0.581043339788,0.858660676886,1.03677843378,325.914352769,7.95306085322,0.0292422660259,-0.159361403719,-0.159316057244,-0.0598444915745,0.0218510191587,0.0509292350414,-2.16932974737,0.770195358119
MIS6_only,0.2,237,20260912,55,2,20,4,49,True,,ok,165.058,0.242897878666,16.4996700166,-1.05683660188,-0.554012039627,0.769706851853,0.948355406923,324.254785775,6.66393941773,-0.00532569744191,-1.73821000772,-0.0928753476094,-0.0328131914135,-0.0671028058746,-0.0374937918109,-3.82889674195,-0.518926077368
MIS6_only,0.2,238,20260912,55,2,20,6,47,True,,ok,165.058,0.286372495297,18.6588390443,-0.963409701693,-0.561987043935,0.899557651195,1.06067591911,328.005449677,8.34240745358,0.0381489191894,0.420959019958,0.000551552576299,-0.0407881957216,0.0627479934671,0.0748267203727,-0.0782328395805,1.15954195848
MIS6_only,0.2,239,20260912,55,2,20,2,51,True,,ok,165.058,0.193190420341,13.6587583074,-0.958719998178,-0.424867797699,0.712643862733,0.829683024181,329.197224263,5.25597775234,-0.0550331557666,-4.57912171692,0.00524125609113,0.0963310505137,-0.124165794994,-0.156166174554,1.11354174663,-1.92688774276
MIS6_only,0.2,240,20260912,55,2,20,2,51,True,,ok,165.058,0.198983764622,14.0683536133,-0.93062878575,-0.396104724053,0.753009877795,0.850836546273,332.254346772,5.48311347802,-0.0492398114854,-4.16952641096,0.0333324685188,0.12509412416,-0.0837997799333,-0.135012652462,4.17066425526,-1.69975201708
MIS6_only,0.2,241,20260912,55,2,20,5,48,True,,ok,165.058,0.213419658256,14.201398502,-0.903848687684,-0.435472176019,0.774035449784,0.88812549429,330.637903652,5.90766693945,-0.0348039178516,-4.03648152227,0.0601125665857,0.0857266721945,-0.0627742079443,-0.0977237044443,2.55422113525,-1.27519855565
MIS6_only,0.2,242,20260912,55,2,20,5,48,True,,ok,165.058,0.280959690666,18.6956560738,-1.02265414578,-0.580608831966,0.882803314982,1.05662117559,326.66757468,8.27502838257,0.0327361145582,0.457776049541,-0.0586928915095,-0.0594099837525,0.0459936572543,0.0707719768531,-1.41610783634,1.09216288747
MIS6_only,0.2,243,20260912,55,2,20,6,47,True,,ok,165.058,0.165103269536,10.7574413833,-0.740239352709,-0.262717092974,0.708452945052,0.75559635143,339.653602752,4.53213306008,-0.0831203065716,-7.48043864098,0.22372190156,0.258481755239,-0.128356712676,-0.230252847305,11.5699202352,-2.65073243502
MIS6_only,0.2,244,20260912,55,2,20,3,50,True,,ok,165.058,0.18200648124,12.6157279315,-0.916470384504,-0.438992477983,0.669958408457,0.800973573089,326.765045292,4.96268609806,-0.0662170948679,-5.62215209282,0.0474908697656,0.0822063702304,-0.166851249271,-0.184875625645,-1.31863722416,-2.22017939705
MIS6_only,0.2,245,20260912,55,2,20,4,49,True,,ok,165.058,0.233697086134,15.8746746832,-0.999452366149,-0.507593202247,0.787850428322,0.937208171312,327.207284272,6.51701430661,-0.0145264899733,-2.36320534112,-0.0354911118797,0.0136056459662,-0.048959229406,-0.0486410274223,-0.876398244089,-0.665851188487
MIS6_only,0.2,246,20260912,55,2,20,0,53,True,,ok,165.058,0.248223576107,18.2378800243,-0.963961254269,-0.521198848213,0.836809657728,0.985849198734,328.083682516,7.1828654951,0,0,0,0,0,0,0,0
MIS6_only,0.2,247,20260912,55,2,20,3,50,True,,ok,165.058,0.285853203605,19.8138342133,-0.986934357654,-0.615827982406,0.865866148515,1.06252919539,324.578508701,8.37338640243,0.0376296274979,1.575954189,-0.0229731033848,-0.0946291341925,0.0290564907872,0.0766799966565,-3.50517381561,1.19052090733
MIS6_only,0.2,248,20260912,55,2,20,5,48,True,,ok,165.058,0.214852147016,14.2967193543,-1.01201889893,-0.49217609576,0.745465367785,0.893283786825,326.566144362,5.9689293541,-0.0333714290918,-3.94116066995,-0.0480576446589,0.0290227524527,-0.0913442899433,-0.0925654119095,-1.51753815453,-1.213936141
MIS6_only,0.2,249,20260912,55,2,20,5,48,True,,ok,165.058,0.240361730222,15.9941813393,-1.05674755778,-0.507661051291,0.810597931949,0.956445895113,327.941920507,6.77264557814,-0.00786184588507,-2.24369868496,-0.0927863035069,0.013537796922,-0.0262117257785,-0.0294033036214,-0.141762009028,-0.410219916965
MIS6_only,0.2,250,20260912,55,2,20,2,51,True,,ok,165.058,0.261245906722,18.470350095,-1.03526444667,-0.562555481451,0.849494857772,1.01887692245,326.486536999,7.67335428359,0.0130223306141,0.232470070741,-0.0713031923977,-0.0413566332377,0.0126852000441,0.0330277237108,-1.5971455174,0.49048878849
MIS6_only,0.2,251,20260912,55,2,20,1,52,True,,ok,165.058,0.245347499245,17.6864404454,-0.975749164981,-0.486073190401,0.846893907321,0.976471421335,330.14641072,7.04940236755,-0.00287607686208,-0.551439578929,-0.0117879107118,0.0351256578117,0.010084249593,-0.00937777739931,2.06272820343,-0.133463127557
MIS6_only,0.2,252,20260912,55,2,20,4,49,True,,ok,165.058,0.22137814391,15.0378683563,-0.869538478976,-0.475293991768,0.777005156635,0.91084652497,328.545877808,6.18231656501,-0.026845432197,-3.20001166797,0.0944227752933,0.0459048564447,-0.0598045010924,-0.0750026737648,0.462195291487,-1.00054893009
MIS6_only,0.2,253,20260912,55,2,20,4,49,True,,ok,165.058,0.276524431643,18.7838687546,-0.911911397759,-0.59057533806,0.86544405951,1.04774646268,325.69053909,8.12944719348,0.0283008555355,0.545988730322,0.0520498565103,-0.0693764898467,0.0286344017817,0.0618972639487,-2.39314342612,0.946581698378
MIS6_only,0.2,254,20260912,55,2,20,4,49,True,,ok,165.058,0.291562378493,19.8053727798,-1.0373213543,-0.605133533337,0.896795069194,1.08186320267,325.989566984,8.70351011119,0.0433388023861,1.56749275549,-0.0733601000327,-0.0839346851239,0.0599854114663,0.0960140039395,-2.09411553246,1.52064461608
MIS6_only,0.2,255,20260912,55,2,20,2,51,True,,ok,165.058,0.274678866596,19.4200739579,-0.879326491103,-0.530370467784,0.910386797206,1.05361138643,329.775903357,8.22536582503,0.0264552904882,1.1821939336,0.0846347631659,-0.00917161957046,0.0735771394785,0.0677621877002,1.69222084037,1.04250032992
MIS6_only,0.2,256,20260912,55,2,20,8,45,True,,ok,165.058,0.232871672286,14.527290877,-0.929629367382,-0.460490051991,0.80462277713,0.927075456185,330.217255933,6.38627344209,-0.0153519038213,-3.71058914734,0.0343318868872,0.0607087962217,-0.0321868805975,-0.0587737425497,2.13357341624,-0.796592053011
MIS6_only,0.2,257,20260912,55,2,20,6,47,True,,ok,165.058,0.279120214123,18.1863106089,-0.913418478865,-0.399403307622,0.95716258591,1.03715149231,337.350274877,7.95899698196,0.0308966380158,-0.0515694153608,0.0505427754044,0.121795540591,0.120352928182,0.051302293578,9.26659236094,0.776131486853
MIS6_only,0.2,258,20260912,55,2,20,2,51,True,,ok,165.058,0.240690457971,17.0170590577,-0.975397448922,-0.480810906842,0.829231616127,0.958542748824,329.893683101,6.80110771138,-0.00753311813627,-1.2208209666,-0.0114361946533,0.0403879413713,-0.00757804160078,-0.0273064499106,1.81000058426,-0.381757783725
MIS6_only,0.2,259,20260912,55,2,20,2,51,True,,ok,165.058,0.282093082669,19.9442665405,-0.977596883486,-0.58066503851,0.896213503774,1.06788132828,327.060423742,8.46349878902,0.0338695065613,1.70638651624,-0.0136356292168,-0.0594661902967,0.0594038460461,0.0820321295481,-1.02325877427,1.28063329392
MIS6_only,0.2,260,20260912,55,2,20,3,50,True,,ok,165.058,0.270739410767,18.7662259239,-0.954513545356,-0.522128217588,0.896769588543,1.03769628049,329.790653787,7.96767364291,0.0225158346594,0.528345899647,0.0094477089135,-0.000929369374581,0.0599599308148,0.0518470817524,1.70697127089,0.784808147809
MIS6_only,0.2,261,20260912,55,2,20,5,48,True,,ok,165.058,0.260214454789,17.3152239051,-0.953743697916,-0.536231976688,0.835171924838,0.992500315798,327.297030337,7.27905198288,0.0119908786812,-0.922656119243,0.0102175563536,-0.0150331284749,-0.0016377328901,0.006651117064,-0.786652179087,0.0961864877748
MIS6_only,0.2,262,20260912,55,2,20,3,50,True,,ok,165.058,0.179402051677,12.4352026307,-0.976360471036,-0.397827242812,0.686936869488,0.793819108982,329.923487351,4.89218100803,-0.0688215244302,-5.80267739362,-0.0123992167663,0.123371605401,-0.14987278824,-0.192030089752,1.83980483485,-2.29068448707
MIS6_only,0.2,263,20260912,55,2,20,4,49,True,,ok,165.058,0.224357465949,15.2402490061,-0.905061017941,-0.472563455066,0.785305105917,0.916526228999,328.962247052,6.25294440741,-0.0238661101587,-2.99763101823,0.0589002363284,0.048635393147,-0.0515045518105,-0.069322969735,0.878564535965,-0.929921087692
MIS6_only,0.2,264,20260912,55,2,20,4,49,True,,ok,165.058,0.254146184376,17.2637496928,-1.03502918222,-0.508091623009,0.850171346933,0.9904284005,329.136009423,7.24895123384,0.00592260826907,-0.974130331538,-0.0710679279545,0.013107225204,0.0133616892052,0.00457920176607,1.05232690693,0.0660857387342
MIS6_only,0.2,265,20260912,55,2,20,5,48,True,,ok,165.058,0.278020103114,18.5000496588,-1.04141480411,-0.510794906963,0.909478972825,1.04310279407,330.679924101,8.05429579426,0.0297965270065,0.262169634487,-0.0774535498394,0.0104039412498,0.0726693150976,0.057253595333,2.59624158448,0.871430299161
MIS6_only,0.2,266,20260912,55,2,20,7,46,True,,ok,165.058,0.164225786462,10.4726029593,-0.837940188018,-0.454777707707,0.60851793977,0.759682069322,323.227289385,4.56931881795,-0.0839977896453,-7.76527706505,0.126021066251,0.0664211405064,-0.228291717957,-0.226167129412,-4.85639313119,-2.61354667715
MIS6_only,0.2,267,20260912,55,2,20,3,50,True,,ok,165.058,0.188671798956,13.0777325498,-0.95643939961,-0.484615539302,0.667672945186,0.825008716721,324.026814386,5.20707060356,-0.0595517771513,-5.16014747454,0.00752185465885,0.0365833089116,-0.169136712542,-0.160840482013,-4.05686813079,-1.97579489155
MIS6_only,0.2,268,20260912,55,2,20,5,48,True,,ok,165.058,0.324714300478,21.6071809789,-0.965874356881,-0.643934402649,0.961096841142,1.15687451911,326.17793457,10.1122649461,0.0764907243707,3.36930095463,-0.00191310261213,-0.122735554435,0.124287183414,0.171025320376,-1.90574794666,2.92939945103
MIS6_only,0.2,269,20260912,55,2,20,4,49,True,,ok,165.058,0.281855453625,19.1459966745,-1.05074993412,-0.576071808705,0.883823051209,1.05498905901,326.903875798,8.24806079877,0.0336318775173,0.90811665023,-0.0867886798546,-0.0548729604915,0.0470133934815,0.0691398602767,-1.17980671898,1.06519530367
MIS6_only,0.2,270,20260912,55,2,20,4,49,True,,ok,165.058,0.282697757733,19.2032130649,-1.05842610218,-0.592670763631,0.873427169777,1.05552529812,325.840842602,8.25691140949,0.0344741816253,0.965333040561,-0.0944648479065,-0.0714719154181,0.0366175120496,0.0696760993843,-2.24283991424,1.07404591439
MIS6_only,0.2,271,20260912,55,2,20,0,53,True,,ok,165.058,0.248223576107,18.2378800243,-0.963961254269,-0.521198848213,0.836809657728,0.985849198734,328.083682516,7.1828654951,0,0,0,0,0,0,0,0
MIS6_only,0.2,272,20260912,55,2,20,3,50,True,,ok,165.058,0.227830216272,15.7919872055,-0.961377662512,-0.427013797218,0.818698573927,0.923367823765,332.45452087,6.3390926783,-0.0203933598352,-2.44589281876,0.00258359175722,0.0941850509952,-0.0181110838012,-0.0624813749697,4.37083835368,-0.843772816804
MIS6_only,0.2,273,20260912,55,2,20,2,51,True,,ok,165.058,0.223829071356,15.8249419533,-1.05267450108,-0.458110415271,0.793245439034,0.916025916188,329.992960959,6.24669068036,-0.0243945047511,-2.41293807103,-0.088713246809,0.0630884329418,-0.0435642186935,-0.069823282546,1.9092784429,-0.936174814738
MIS6_only,0.2,274,20260912,55,2,20,3,50,True,,ok,165.058,0.295370899175,20.4735505983,-0.957379112524,-0.605995137249,0.920586617387,1.10213875101,326.644263842,9.06370069623,0.0471473230678,2.23567057398,0.00658214174505,-0.0847962890362,0.0837769596589,0.116289552277,-1.43941867432,1.88083520113
MIS6_only,0.2,275,20260912,55,2,20,7,46,True,,ok,165.058,0.258682972843,16.4960943422,-1.18839770751,-0.524864320779,0.840588900288,0.990995587535,328.019314348,7.2571789219,0.0104593967356,-1.74178568208,-0.224436453242,-0.00366547256576,0.00377924256014,0.00514638880069,-0.0643681681807,0.0743134267987
MIS6_only,0.2,276,20260912,55,2,20,3,50,True,,ok,165.058,0.219181098536,15.1924760482,-0.962410365579,-0.515002504957,0.747263629824,0.907540915094,325.425990997,6.14157872343,-0.0290424775719,-3.04540397611,0.0015508886903,0.00619634325592,-0.0895460279038,-0.0783082836402,-2.65769151956,-1.04128677168
MIS6_only,0.2,277,20260912,55,2,20,4,49,True,,ok,165.058,0.279116984383,18.9599767756,-1.04392247687,-0.581436032305,0.876946276665,1.05218944673,326.454684604,8.20200710703,0.030893408276,0.722096751332,-0.0799612226001,-0.0602371840918,0.0401366189375,0.0663402480003,-1.6289979123,1.01914161193
MIS6_only,0.2,278,20260912,55,2,20,7,46,True,,ok,165.058,0.267234425971,17.0414165797,-1.04211439069,-0.591915497343,0.814190707027,1.00661336341,323.98290106,7.48743832862,0.0190108498631,-1.19646344458,-0.0781531364166,-0.0707166491303,-0.0226189507008,0.02076416468,-4.10078145642,0.304572833513
MIS6_only,0.2,279,20260912,55,2,20,3,50,True,,ok,165.058,0.225839376116,15.6539926814,-0.969035317166,-0.572754965384,0.728607612523,0.92677791482,321.829280824,6.3824742116,-0.0223841999918,-2.58388734291,-0.00507406289643,-0.0515561171711,-0.108202045205,-0.0590712839144,-6.25440169228,-0.800391283501
MIS6_only,0.2,280,20260912,55,2,20,5,48,True,,ok,165.058,0.238651817499,15.8804001057,-0.959350987468,-0.520938920384,0.806985956816,0.960522614658,327.15627963,6.8280916623,-0.00957175860891,-2.35747991858,0.00461026680091,0.000259927829589,-0.0298237009116,-0.0253265840766,-0.927402886321,-0.354773832798
MIS6_only,0.2,281,20260912,55,2,20,2,51,True,,ok,165.058,0.209863890991,14.8375895629,-0.920155713484,-0.499055438652,0.729586932852,0.883941979678,325.626910326,5.85844353153,-0.0383596851161,-3.40029046142,0.0438055407857,0.0221434095613,-0.107222724876,-0.101907219057,-2.45677219017,-1.32442196357
MIS6_only,0.2,282,20260912,55,2,20,4,49,True,,ok,165.058,0.260017993541,17.6626124336,-1.11604579651,-0.606452678521,0.796850344076,1.0013767134,322.726608319,7.40942935929,0.0117944174338,-0.575267590744,-0.15208454224,-0.0852538303084,-0.0399593136519,0.0155275146656,-5.3570741979,0.226563864186
MIS6_only,0.2,283,20260912,55,2,20,2,51,True,,ok,165.058,0.260123516248,18.3909959522,-0.923406909894,-0.473427146577,0.89446433341,1.01202752278,332.108372707,7.56895524636,0.0118999401403,0.153115927911,0.0405543443751,0.0477717016366,0.0576546756827,0.0261783240431,4.02469019044,0.386089751257
MIS6_only,0.2,284,20260912,55,2,20,4,49,True,,ok,165.058,0.188393484111,12.79727241,-0.716179095848,-0.345993259353,0.74746596965,0.823660555874,335.161133342,5.19304957721,-0.0598300919968,-5.44060761428,0.247782158421,0.17520558886,-0.0893436880779,-0.162188642861,7.07745082596,-1.98981591789
MIS6_only,0.2,285,20260912,55,2,20,2,51,True,,ok,165.058,0.228947819031,16.1868425962,-0.949846951424,-0.486750035747,0.788352553222,0.926512463743,328.307704051,6.37908664161,-0.0192757570766,-2.05103742813,0.0141143028455,0.0344488124664,-0.0484571045059,-0.0593367349914,0.22402153446,-0.803778853494
MIS6_only,0.2,286,20260912,55,2,20,5,48,True,,ok,165.058,0.161422541592,10.74139964,-0.769232318842,-0.393977964601,0.635611862728,0.747810856187,328.207689494,4.46210983957,-0.0868010345153,-7.4964803843,0.194728935427,0.127220883612,-0.201197795,-0.238038342547,0.124006977213,-2.72075565553
MIS6_only,0.2,287,20260912,55,2,20,3,50,True,,ok,165.058,0.216598374449,15.0134552563,-0.873104226809,-0.447658372978,0.781873410726,0.900957296045,330.206884403,6.06124116666,-0.0316252016581,-3.22442476796,0.0908570274603,0.0735404752352,-0.0549362470019,-0.084891902689,2.12320188623,-1.12162432844
MIS6_only,0.2,288,20260912,55,2,20,4,49,True,,ok,165.058,0.192258443917,13.0598130373,-0.950160869763,-0.41354633958,0.722811658334,0.832752825515,330.224586433,5.28834663173,-0.05596513219,-5.17806698696,0.0138003845066,0.107652508633,-0.113997999394,-0.153096373219,2.14090391698,-1.89451886337
MIS6_only,0.2,289,20260912,55,2,20,6,47,True,,ok,165.058,0.215486539569,14.040205411,-1.03223201675,-0.397725564513,0.785513937372,0.880464519713,333.14575349,5.81783988708,-0.0327370365385,-4.19767461332,-0.0682707624794,0.1234732837,-0.0512957203557,-0.105384679022,5.06207097321,-1.36502560803
MIS6_only,0.2,290,20260912,55,2,20,5,48,True,,ok,165.058,0.238872200182,15.8950648387,-1.11334190639,-0.579518881842,0.745952205286,0.944609351521,322.156911464,6.61419900822,-0.00935137592566,-2.34281518557,-0.149380652119,-0.0583200336285,-0.090857452442,-0.0412398472129,-5.9267710523,-0.56866648688
MIS6_only,0.2,291,20260912,55,2,20,2,51,True,,ok,165.058,0.242739365289,17.1619188794,-1.05226594822,-0.548957012497,0.793075808013,0.964532549386,325.309509259,6.88307223992,-0.00548421081826,-1.07596114487,-0.0883046939521,-0.0277581642843,-0.0437338497146,-0.0213166493479,-2.77417325732,-0.299793255184
MIS6_only,0.2,292,20260912,55,2,20,2,51,True,,ok,165.058,0.249602598458,17.6471564129,-0.922581097442,-0.462899726964,0.866391265967,0.982298316687,331.885085143,7.13203518491,0.00137902235057,-0.590723611379,0.0413801568277,0.0582991212491,0.029581608239,-0.00355088204694,3.80140262666,-0.0508303101927
MIS6_only,0.2,293,20260912,55,2,20,5,48,True,,ok,165.058,0.273343960644,18.1888891818,-1.07825195781,-0.609793372519,0.835366040448,1.03425547071,323.871622427,7.91303137352,0.0251203845364,-0.0489908425364,-0.114290703539,-0.0885945243054,-0.00144361728025,0.048406271979,-4.21206008905,0.730165878419
MIS6_only,0.2,294,20260912,55,2,20,4,49,True,,ok,165.058,0.239328187414,16.2571865168,-1.01015647703,-0.521397994398,0.804552397197,0.958728547816,327.05435313,6.80363545892,-0.00889538869387,-1.98069350755,-0.0461952227646,-0.000199146184863,-0.0322572605309,-0.0271206509183,-1.02932938678,-0.379230036182
MIS6_only,0.2,295,20260912,55,2,20,4,49,True,,ok,165.058,0.197223091092,13.3970536941,-0.941095973119,-0.395288943187,0.746993101493,0.845134333869,332.113393644,5.42093694037,-0.0510004850153,-4.84082633018,0.02286528115,0.125909905026,-0.0898165562348,-0.140714864865,4.02971112748,-1.76192855474
MIS6_only,0.2,296,20260912,55,2,20,4,49,True,,ok,165.058,0.247583455072,16.817953836,-0.987588377424,-0.451829928218,0.854145758829,0.966289429394,332.121850375,6.90730024471,-0.00064012103547,-1.41992618833,-0.0236271231544,0.0693689199952,0.0173361011011,-0.0195597693403,4.0381678582,-0.275565250395
MIS6_only,0.2,297,20260912,55,2,20,3,50,True,,ok,165.058,0.244587349438,16.9535031663,-0.933222196991,-0.431781325688,0.857800100837,0.960341671598,333.281194575,6.82562111777,-0.00363622666954,-1.28437685795,0.0307390572783,0.0894175225253,0.020990443109,-0.025507527136,5.19751205814,-0.357244377334
MIS6_only,0.2,298,20260912,55,2,20,7,46,True,,ok,165.058,0.350912512028,22.3775296868,-0.961726219636,-0.62003712915,1.02337653257,1.19655571075,328.789421694,10.9475033041,0.10268893592,4.13964966254,0.00223503463305,-0.0988382809373,0.186566874838,0.210706512017,0.705739177287,3.76463780895
MIS6_only,0.2,299,20260912,55,2,20,4,49,True,,ok,165.058,0.176099372857,11.9621528119,-0.776593711338,-0.422590714777,0.663368816726,0.786537411201,327.501341196,4.82145052894,-0.07212420325,-6.27572721244,0.187367542932,0.0986081334364,-0.173440841002,-0.199311787533,-0.582341320428,-2.36141496616
MIS6_only,0.2,300,20260912,55,2,20,3,50,True,,ok,165.058,0.269319331558,18.667793534,-1.01200750532,-0.582385735423,0.859769933223,1.03844955722,325.887311222,7.97968641598,0.0210957554503,0.429913509649,-0.0480462510468,-0.0611868872095,0.022960275495,0.0526003584891,-2.19637129491,0.796820920881
MIS6_only,0.2,301,20260912,55,2,20,5,48,True,,ok,165.058,0.269603675378,17.9400026358,-1.10158167042,-0.558106379231,0.848630057104,1.01570453596,326.668853008,7.62482271636,0.0213800992704,-0.297877388455,-0.137620416151,-0.0369075310182,0.0118203993767,0.0298553372208,-1.41482950858,0.441957221262
MIS6_only,0.2,302,20260912,55,2,20,2,51,True,,ok,165.058,0.256587796792,18.1410170071,-0.896805925832,-0.575166452207,0.820953564965,1.00238775111,324.984615293,7.42442694227,0.00836422068453,-0.096863017233,0.0671553284368,-0.0539676039942,-0.015856092763,0.0165385523745,-3.09906722333,0.241561447166
MIS6_only,0.2,303,20260912,55,2,20,4,49,True,,ok,165.058,0.272832316013,18.5330691598,-1.04058011196,-0.584943561881,0.854366130177,1.03542283874,325.602426122,7.93152779686,0.0246087399052,0.29518913546,-0.0766188576919,-0.0637447136677,0.0175564724495,0.0495736400034,-2.48125639448,0.748662301754
MIS6_only,0.2,304,20260912,55,2,20,1,52,True,,ok,165.058,0.22450029013,16.1836212864,-0.953232860874,-0.509453885741,0.764215906474,0.918460240514,326.311146292,6.27717777778,-0.023723285977,-2.05425873787,0.0107283933951,0.0117449624724,-0.0725937512536,-0.0673889582207,-1.77253622405,-0.905687717324
MIS6_only,0.2,305,20260912,55,2,20,8,45,True,,ok,165.058,0.230136539212,14.3566643969,-0.930648409354,-0.388640671744,0.832805874923,0.919025134064,334.98322346,6.28427365992,-0.0180870368957,-3.88121562744,0.0333128449156,0.132558176469,-0.00400378280442,-0.0668240646708,6.899540944,-0.898591835185
MIS6_only,0.2,306,20260912,55,2,20,3,50,True,,ok,165.058,0.214769540256,14.8866901298,-0.891791065362,-0.361842183336,0.817210757245,0.893735524302,336.117335861,5.97432456912,-0.0334540358518,-3.35118989446,0.0721701889069,0.159356664877,-0.0195989004825,-0.0921136744327,8.03365334476,-1.20854092598
MIS6_only,0.2,307,20260912,55,2,20,2,51,True,,ok,165.058,0.242316929459,17.1320522385,-0.974851087092,-0.491135626214,0.825054509129,0.960171415098,329.23565236,6.82329730071,-0.00590664664872,-1.10582778576,-0.0108898328231,0.0300632219988,-0.0117551485984,-0.0256777836361,1.15196984393,-0.359568194392
MIS6_only,0.2,308,20260912,55,2,20,5,48,True,,ok,165.058,0.218325674461,14.5278552669,-0.910596503901,-0.505477691937,0.73449458898,0.891622116306,325.464329986,5.94912549195,-0.0298979016462,-3.71002475742,0.0533647503685,0.0157211562761,-0.102315068748,-0.0942270824282,-2.61935253039,-1.23374000315
MIS6_only,0.2,309,20260912,55,2,20,4,49,True,,ok,165.058,0.202757471348,13.7729954211,-0.902387325131,-0.398293096008,0.755777135067,0.854304669435,332.210855729,5.52127790966,-0.045466104759,-4.46488460324,0.0615739291383,0.122905752205,-0.0810325226607,-0.1315445293,4.1271732127,-1.66158758544
MIS6_only,0.2,310,20260912,55,2,20,3,50,True,,ok,165.058,0.22520372214,15.6099325053,-0.980124453334,-0.441365794547,0.800901306426,0.914465235661,331.141439714,6.22722290214,-0.0230198539678,-2.62794751903,-0.0161631990647,0.0798330536658,-0.0359083513013,-0.0713839630737,3.05775719742,-0.955642592964
MIS6_only,0.2,311,20260912,55,2,20,4,49,True,,ok,165.058,0.21635314329,14.6965279851,-0.937583447475,-0.484092057148,0.75622743442,0.897900357703,327.375033022,6.02429653815,-0.031870432817,-3.54135203915,0.0263778067938,0.0371067910648,-0.0805822233076,-0.087948841031,-0.708649494556,-1.15856895695
MIS6_only,0.2,312,20260912,55,2,20,3,50,True,,ok,165.058,0.221860822701,15.3782203732,-0.905066612548,-0.483942044648,0.769214808795,0.908785631845,327.824453973,6.15688682159,-0.0263627534066,-2.85965965112,0.0588946417215,0.0372568035651,-0.067594848933,-0.0770635668897,-0.259228543487,-1.02597867351
MIS6_only,0.2,313,20260912,55,2,20,7,46,True,,ok,165.058,0.274746401522,17.5204518097,-0.944050179604,-0.671060436307,0.788178996441,1.03515614262,319.58872325,7.92729830963,0.0265228254149,-0.717428214556,0.0199110746657,-0.149861588094,-0.0486306612863,0.0493069438874,-8.49495926676,0.744432814528
MIS6_only,0.2,314,20260912,55,2,20,4,49,True,,ok,165.058,0.219367282839,14.9012737335,-0.974142673252,-0.379570313239,0.815494673208,0.899502743033,335.040473863,6.04363399645,-0.0288562932683,-3.33660629081,-0.0101814189824,0.141628534974,-0.0213149845195,-0.0863464557015,6.95679134629,-1.13923149866
MIS6_only,0.2,315,20260912,55,2,20,3,50,True,,ok,165.058,0.281808929328,19.533506482,-1.05021576441,-0.644780107609,0.832617416694,1.0530874369,322.245748697,8.21675098631,0.0335853532207,1.29562645774,-0.0862545101391,-0.123581259395,-0.00419224103374,0.0672382381625,-5.83793381969,1.03388549121
MIS6_only,0.2,316,20260912,55,2,20,5,48,True,,ok,165.058,0.234278162428,15.5893677844,-0.927151994718,-0.543105639722,0.762139687889,0.935852894291,324.526083475,6.49937350612,-0.0139454136792,-2.64851223993,0.036809259551,-0.021906791509,-0.0746699698389,-0.0499963044431,-3.55759904132,-0.683491988982
MIS6_only,0.2,317,20260912,55,2,20,3,50,True,,ok,165.058,0.229363064811,15.8982361698,-1.02161764768,-0.484881505098,0.787626045214,0.924913434374,328.382550043,6.3587185344,-0.0188605112968,-2.33964385449,-0.0576563934156,0.0363173431154,-0.0491836125136,-0.0609357643604,0.298867526683,-0.824146960707
MIS6_only,0.2,318,20260912,55,2,20,4,49,True,,ok,165.058,0.202972581093,13.7876074869,-0.90017770753,-0.528025505917,0.683971975661,0.864076731771,322.331904522,5.63024784589,-0.0452509950145,-4.45027253738,0.0637835467388,-0.00682665770359,-0.152837682066,-0.121772466963,-5.75177799459,-1.55261764921
MIS6_only,0.2,319,20260912,55,2,20,8,45,True,,ok,165.058,0.226124834259,14.1064012189,-0.996243461614,-0.470124488573,0.771075359173,0.903091492752,328.629346487,6.08716822261,-0.0220987418483,-4.13147880538,-0.0322822073445,0.0510743596399,-0.0657342985545,-0.0827577059827,0.545663970768,-1.0956972725
MIS6_only,0.2,320,20260912,55,2,20,1,52,True,,ok,165.058,0.261701054577,18.8653242055,-0.910370395723,-0.50918645472,0.882733046578,1.01906254822,330.022383803,7.67620355719,0.0134774784695,0.627444181174,0.053590858546,0.0120123934927,0.0459233888506,0.0332133494894,1.93870128658,0.493338062083
MIS6_only,0.2,321,20260912,55,2,20,2,51,True,,ok,165.058,0.212890163944,15.0515501245,-0.985756094172,-0.41672254977,0.786409870585,0.889998970809,332.080658332,5.92984421269,-0.0353334121632,-3.1863298998,-0.0217948399028,0.104476298443,-0.0503997871426,-0.0958502279254,3.99697581584,-1.25302128241
MIS6_only,0.2,322,20260912,55,2,20,5,48,True,,ok,165.058,0.243987143179,16.2354240372,-0.850803531531,-0.435642704377,0.858548049733,0.96275091253,333.095944204,6.8585896146,-0.00423643292793,-2.00245598708,0.113157722739,0.0855561438357,0.0217383920052,-0.0230982862042,5.01226168751,-0.324275880506
MIS6_only,0.2,323,20260912,55,2,20,4,49,True,,ok,165.058,0.223187781828,15.1607942075,-0.934173166199,-0.386922777295,0.823138649909,0.909541902588,334.823761069,6.1662064147,-0.0250357942796,-3.07708581678,0.02978808807,0.134276070919,-0.0136710078187,-0.0763072961463,6.74007855294,-1.01665908041
MIS6_only,0.2,324,20260912,55,2,20,3,50,True,,ok,165.058,0.215659804652,14.9483985555,-1.04558033192,-0.548986944967,0.70445326928,0.89310753795,322.070384048,5.96682569072,-0.0325637714552,-3.28948146882,-0.081619077651,-0.0277880967535,-0.132356388448,-0.0927416607846,-6.01329846816,-1.21603980438
MIS6_only,0.2,325,20260912,55,2,20,3,50,True,,ok,165.058,0.24094771513,16.7012229405,-0.928165660775,-0.470224174489,0.841934191856,0.964346388851,330.816437785,6.88051000411,-0.00727586097698,-1.5366570838,0.0357955934943,0.050974673724,0.00512453412826,-0.0215028098832,2.73275526856,-0.302355490992
MIS6_only,0.2,326,20260912,55,2,20,4,49,True,,ok,165.058,0.305374834739,20.7436311599,-0.97847601917,-0.644675325381,0.903939509255,1.11027605196,324.504136558,9.21241567281,0.0571512586316,2.5057511356,-0.0145147649006,-0.123476477168,0.067129851527,0.124426853222,-3.57954595816,2.02955017771
MIS6_only,0.2,327,20260912,55,2,20,9,44,True,,ok,165.058,0.260809652034,15.9085937974,-0.81262990736,-0.427726773561,0.895643605697,0.992535974787,334.472557874,7.27957112866,0.0125860759268,-2.32928622691,0.151331346909,0.0934720746518,0.0588339479694,0.00668677605316,6.38887535739,0.0967056335582
MIS6_only,0.2,328,20260912,55,2,20,7,46,True,,ok,165.058,0.26064491941,16.6212067735,-0.931708809625,-0.538158985465,0.851038249452,1.00691667762,327.692547939,7.49198179938,0.0124213433029,-1.61667325078,0.0322524446446,-0.0169601372522,0.0142285917243,0.0210674788848,-0.391134577475,0.309116304278
MIS6_only,0.2,329,20260912,55,2,20,4,49,True,,ok,165.058,0.248010183944,16.8469408556,-0.90962374571,-0.592479727211,0.786745915324,0.984886471851,323.017461934,7.16904852592,-0.000213392162986,-1.39093916868,0.0543375085588,-0.0712808789979,-0.0500637424036,-0.000962726883255,-5.06622058261,-0.0138169691855
MIS6_only,0.2,330,20260912,55,2,20,4,49,True,,ok,165.058,0.258311917224,17.5467213586,-0.840888881096,-0.515612755338,0.868549097184,1.01006635806,329.304582878,7.5393254573,0.0100883411161,-0.691158665703,0.123072373173,0.00558609287495,0.0317394394561,0.0242171593265,1.22090036168,0.3564599622
MIS6_only,0.2,331,20260912,55,2,20,1,52,True,,ok,165.058,0.262374188065,18.9138485857,-0.917974896761,-0.503367275194,0.884159176992,1.01740653821,330.346384281,7.65082187282,0.0141506119574,0.675968561417,0.0459863575078,0.017831573019,0.0473495192643,0.0315573394773,2.26270176452,0.467956377717
MIS6_only,0.2,332,20260912,55,2,20,4,49,True,,ok,165.058,0.228364185497,15.5124191492,-0.893665883052,-0.409041450562,0.826063245856,0.921789235364,333.656783142,6.31911060202,-0.0198593906102,-2.72546087511,0.0702953712173,0.112157397651,-0.0107464118714,-0.0640599633704,5.57310062574,-0.863754893078
MIS6_only,0.2,333,20260912,55,2,20,3,50,True,,ok,165.058,0.187493423936,12.9960538175,-0.951513011785,-0.449463589171,0.690919876069,0.824249836601,326.954820325,5.19917351328,-0.0607301521718,-5.24182620685,0.0124482424847,0.0717352590425,-0.145889781659,-0.161599362133,-1.12886219173,-1.98369198182
MIS6_only,0.2,334,20260912,55,2,20,5,48,True,,ok,165.058,0.186357228955,12.4006068314,-0.950898670253,-0.405775740051,0.704475977966,0.812982382801,330.058205457,5.08332088536,-0.0618663471521,-5.83727319287,0.013062584016,0.115423108163,-0.132333679762,-0.172866815934,1.97452294091,-2.09954460974
MIS6_only,0.2,335,20260912,55,2,20,5,48,True,,ok,165.058,0.208679109304,13.8859522806,-0.872111203991,-0.535299608448,0.687858963527,0.871605199909,322.109543503,5.71566356472,-0.0395444668034,-4.35192774374,0.0918500502784,-0.0141007602347,-0.148950694201,-0.114243998825,-5.97413901301,-1.46720193039
MIS6_only,0.2,336,20260912,55,2,20,5,48,True,,ok,165.058,0.206483002654,13.7398186678,-0.850470533692,-0.393566887797,0.777198175471,0.871166975456,333.142713833,5.71065627228,-0.0417405734536,-4.49806135649,0.113490720577,0.127631960416,-0.0596114822572,-0.114682223278,5.05903131644,-1.47220922283
MIS6_only,0.2,337,20260912,55,2,20,4,49,True,,ok,165.058,0.249933674595,16.9776005435,-0.995252922992,-0.457080590325,0.854413488656,0.968991783066,331.854815532,6.94473324716,0.00171009848717,-1.26027948082,-0.031291668723,0.0641182578881,0.0176038309286,-0.0168574156682,3.77113301544,-0.238132247943
MIS6_only,0.2,338,20260912,55,2,20,6,47,True,,ok,165.058,0.232049163719,15.1193570168,-0.84020333822,-0.337408478682,0.866037095564,0.929443237847,338.714087233,6.41658776543,-0.0161744123883,-3.11852300748,0.123757916049,0.183790369531,0.0292274378358,-0.0564059608878,10.6304047161,-0.766277729674
MIS6_only,0.2,339,20260912,55,2,20,3,50,True,,ok,165.058,0.297791274345,20.6413182208,-0.911404937306,-0.542929846443,0.95201899997,1.09595300742,330.304187126,8.95226000406,0.0495676982377,2.40343819647,0.0525563169637,-0.0217309982294,0.115209342243,0.110103808681,2.22050460957,1.76939450896
MIS6_only,0.2,340,20260912,55,2,20,3,50,True,,ok,165.058,0.211148267689,14.6356826429,-0.955087443363,-0.425020108881,0.772649387162,0.881832846085,331.185622692,5.83378310014,-0.0370753084186,-3.60219738144,0.00887381090663,0.0961787393321,-0.0641602705658,-0.104016352649,3.10194017599,-1.34908239496
MIS6_only,0.2,341,20260912,55,2,20,2,51,True,,ok,165.058,0.283469384267,20.0415724569,-0.966283820504,-0.563726200692,0.904320584896,1.06563734432,328.061829956,8.42559998587,0.0352458081597,1.80369243264,-0.00232256623468,-0.0425273524792,0.0675109271678,0.0797881455873,-0.0218525604085,1.24273449077
MIS6_only,0.2,342,20260912,55,2,20,4,49,True,,ok,165.058,0.260562238022,17.6995821033,-0.842570023142,-0.56422476329,0.840985346882,1.0127220434,326.141978212,7.57947614261,0.0123386619151,-0.538297921025,0.121391231127,-0.0430259150767,0.00417568915446,0.0268728446616,-1.94170430406,0.396610647504
MIS6_only,0.2,343,20260912,55,2,20,4,49,True,,ok,165.058,0.233389799693,15.8538011996,-0.858085707901,-0.373455911718,0.854796770636,0.932816614928,336.399753176,6.46002527197,-0.014833776414,-2.38407882466,0.105875546368,0.147742936495,0.0179871129081,-0.0530325838059,8.31607065932,-0.72284022313
MIS6_only,0.2,344,20260912,55,2,20,6,47,True,,ok,165.058,0.258522076555,16.8442217568,-0.89799073237,-0.432835599654,0.887965477194,0.987840748813,334.013246539,7.21153262191,0.0102985004473,-1.39365826752,0.065970521899,0.0883632485587,0.0511558194661,0.00199155007914,5.9295640225,0.0286671268085
MIS6_only,0.2,345,20260912,55,2,20,2,51,True,,ok,165.058,0.213731275872,15.1110175893,-1.05069066845,-0.454716377363,0.765755603215,0.890588921836,329.297567509,5.93684497735,-0.0344923002358,-3.12686243497,-0.0867294141784,0.0664824708505,-0.0710540545129,-0.0952602768985,1.21388499233,-1.24602051775
MIS6_only,0.2,346,20260912,55,2,20,2,51,True,,ok,165.058,0.239719965269,16.9484442411,-0.916089958068,-0.443223581912,0.849818545104,0.958456416936,332.455668682,6.79993350782,-0.00850361083865,-1.2894357832,0.0478712962011,0.0779752663007,0.0130088873762,-0.0273927817983,4.37198616568,-0.382931987285
MIS6_only,0.2,347,20260912,55,2,20,1,52,True,,ok,165.058,0.223911559926,16.1411813116,-0.987334573785,-0.473174558522,0.784075262006,0.915788283023,328.889814849,6.24372254399,-0.0243120161816,-2.09669871274,-0.0233733195158,0.0480242896909,-0.0527343957222,-0.0700609157115,0.806132332819,-0.939142951115
MIS6_only,0.2,348,20260912,55,2,20,0,53,True,,ok,165.058,0.248223576107,18.2378800243,-0.963961254269,-0.521198848213,0.836809657728,0.985849198734,328.083682516,7.1828654951,0,0,0,0,0,0,0,0
MIS6_only,0.2,349,20260912,55,2,20,7,46,True,,ok,165.058,0.167647943076,10.6908323144,-0.666999105668,-0.32653254802,0.696115528029,0.768895528196,334.86975488,4.65429782602,-0.0805756330317,-7.5470477099,0.296962148601,0.194666300193,-0.140694129699,-0.216953670538,6.78607236316,-2.52856766908
MIS6_only,0.2,350,20260912,55,2,20,6,47,True,,ok,165.058,0.261806040235,17.0581911524,-0.938143327152,-0.510960624839,0.869765750434,1.00874834362,329.567074438,7.51947774877,0.0135824641274,-1.17968887192,0.0258179271168,0.0102382233742,0.0329560927067,0.0228991448899,1.48339192137,0.336612253669
MIS6_only,0.2,351,20260912,55,2,20,7,46,True,,ok,165.058,0.15040748433,9.59141618027,-0.955375490546,-0.396686839056,0.596689808589,0.716518789673,326.383543663,4.19141162001,-0.0978160917773,-8.64646384403,0.00858576372328,0.124512009157,-0.240119849138,-0.269330409061,-1.70013885378,-2.99145387509
MIS6_only,0.2,352,20260912,55,2,20,5,48,True,,ok,165.058,0.252264340927,16.7862064003,-0.930909215258,-0.555847498072,0.813541025841,0.985299671084,325.657369188,7.1749754653,0.00404076482007,-1.45167362401,0.0330520390108,-0.0346486498588,-0.0232686318868,-0.000549527649846,-2.42631332862,-0.00789002980561
MIS6_only,0.2,353,20260912,55,2,20,2,51,True,,ok,165.058,0.256587796792,18.1410170071,-0.896805925832,-0.575166452207,0.820953564965,1.00238775111,324.984615293,7.42442694227,0.00836422068453,-0.096863017233,0.0671553284368,-0.0539676039942,-0.015856092763,0.0165385523745,-3.09906722333,0.241561447166
MIS6_only,0.2,354,20260912,55,2,20,4,49,True,,ok,165.058,0.234632414666,15.938210076,-0.887927242889,-0.450970196837,0.82435654364,0.939647715624,331.318817405,6.5488890937,-0.013591161441,-2.29966994829,0.07603401138,0.0702286513764,-0.012453114088,-0.0462014831108,3.23513488835,-0.633976401405
MIS6_only,0.2,355,20260912,55,2,20,5,48,True,,ok,165.058,0.26148181421,17.3995566996,-1.00828906109,-0.528867218371,0.853330351072,1.00392889326,328.210671782,7.44734644099,0.0132582381028,-0.838323324697,-0.0443278068162,-0.00766837015748,0.0165206933446,0.0180796945287,0.126989265446,0.264480945888
MIS6_only,0.2,356,20260912,55,2,20,2,51,True,,ok,165.058,0.246150522061,17.4030911167,-0.864400283066,-0.566230023331,0.807643918171,0.986359537836,324.966136901,7.19020063212,-0.00207305404608,-0.834788907563,0.0995609712032,-0.0450311751181,-0.0291657395567,0.000510339101834,-3.11754561588,0.00733513702116
MIS6_only,0.2,357,20260912,55,2,20,4,49,True,,ok,165.058,0.303365424912,20.6071351178,-0.922675383812,-0.667752193005,0.902474139476,1.1226542494,323.501786315,9.44332836253,0.0551418488051,2.36925509353,0.0412858704571,-0.146553344792,0.0656644817485,0.136805050662,-4.58189620171,2.26046286743
MIS6_only,0.2,358,20260912,55,2,20,9,44,True,,ok,165.058,0.167976172396,10.2460345062,-0.963398985155,-0.386847294506,0.657592468784,0.762940813083,329.532630003,4.59919655446,-0.0802474037114,-7.99184551811,0.000562269113815,0.134351553707,-0.179217188944,-0.222908385651,1.44894748616,-2.58366894064
MIS6_only,0.2,359,20260912,55,2,20,6,47,True,,ok,165.058,0.170709483632,11.1227189438,-0.881194315532,-0.396211358787,0.665754283345,0.774733635919,329.241789469,4.70896091818,-0.0775140924759,-7.11516108054,0.0827669387368,0.124987489426,-0.171055374382,-0.211115562815,1.15810695239,-2.47390457692
MIS6_only,0.2,360,20260912,55,2,20,2,51,True,,ok,165.058,0.21209397152,14.995258514,-0.892284828572,-0.53588307158,0.71275590832,0.891735191215,323.062450607,5.95047103773,-0.0361296045874,-3.24262151027,0.0716764256974,-0.0146842233664,-0.124053749408,-0.0941140075198,-5.02123190914,-1.23239445737
MIS6_only,0.2,361,20260912,55,2,20,8,45,True,,ok,165.058,0.15573871547,9.71548663786,-0.924324873037,-0.353911425591,0.638236703755,0.729794071765,330.991001755,4.30418645621,-0.0924848606379,-8.52239338644,0.0396363812327,0.167287422622,-0.198572953973,-0.256055126969,2.90731923863,-2.8786790389
MIS6_only,0.2,362,20260912,55,2,20,4,49,True,,ok,165.058,0.239395079742,16.2617304072,-0.92890934587,-0.450083192078,0.836827056157,0.950186508907,331.72663927,6.68838886521,-0.00882849636507,-1.97614961709,0.0350519083996,0.071115656135,1.73984297043e-05,-0.0356626898276,3.64295675308,-0.494476629894
MIS6_only,0.2,363,20260912,55,2,20,5,48,True,,ok,165.058,0.227212811138,15.119224265,-0.996596520247,-0.514507887123,0.773911597794,0.929331763748,326.383451832,6.41515735821,-0.0210107649696,-3.11865575928,-0.0326352659782,0.00669096109034,-0.0628980599342,-0.0565174349864,-1.7002306848,-0.76770813689
MIS6_only,0.2,364,20260912,55,2,20,5,48,True,,ok,165.058,0.252870082009,16.8265137017,-0.912793601691,-0.444610403337,0.875037263145,0.981513434777,333.064669765,7.12084835674,0.00464650590123,-1.41136632264,0.0511676525778,0.076588444876,0.038227605417,-0.00433576395744,4.98098724806,-0.06201713836
MIS6_only,0.2,365,20260912,55,2,20,3,50,True,,ok,165.058,0.241205975301,16.7191241714,-1.00395568345,-0.522237961515,0.812553080057,0.965906308271,327.270641132,6.90200960667,-0.00701760080645,-1.51875585289,-0.0399944291774,-0.00103911330211,-0.0242565776705,-0.0199428904632,-0.813041384649,-0.280855888433
MIS6_only,0.2,366,20260912,55,2,20,4,49,True,,ok,165.058,0.276963568821,18.8136986509,-1.05164005967,-0.544285792345,0.890339676658,1.04352851594,328.561564565,8.06115649438,0.0287399927137,0.575818626623,-0.0876788054019,-0.0230869441319,0.0535300189305,0.057679317206,0.477882048336,0.878290999279
MIS6_only,0.2,367,20260912,55,2,20,5,48,True,,ok,165.058,0.239537572402,15.939340123,-0.917928761322,-0.475600537849,0.816713214585,0.945101236101,329.786267276,6.62070905489,-0.00868600370572,-2.29853990125,0.0460324929473,0.0455983103641,-0.0200964431426,-0.040747962633,1.70258475933,-0.562156440212
MIS6_only,0.2,368,20260912,55,2,20,4,49,True,,ok,165.058,0.248751595612,16.8973037815,-0.961042755183,-0.601577559958,0.779841625588,0.984910413004,322.353049601,7.16939180471,0.000528019504212,-1.34057624282,0.00291849908586,-0.0803787117449,-0.0569680321401,-0.000938785730128,-5.73063291594,-0.01347369039
MIS6_only,0.2,369,20260912,55,2,20,3,50,True,,ok,165.058,0.218679801452,15.1577287822,-0.876991186697,-0.450781130804,0.778032843336,0.899187818644,329.912609391,6.03982861949,-0.0295437746558,-3.08015124214,0.0869700675723,0.0704177174095,-0.0587768143923,-0.0866613800906,1.82892687495,-1.14303687561
MIS6_only,0.2,370,20260912,55,2,20,3,50,True,,ok,165.058,0.226251795354,15.6825794046,-1.01955271774,-0.579530160854,0.722849244131,0.92648056487,321.279791266,6.37867968324,-0.0219717807535,-2.55530061968,-0.0555914634712,-0.058331312641,-0.113960413596,-0.0593686338648,-6.80389125002,-0.804185811867
MIS6_only,0.2,371,20260912,55,2,20,1,52,True,,ok,165.058,0.245347499245,17.6864404454,-0.975749164981,-0.486073190401,0.846893907321,0.976471421335,330.14641072,7.04940236755,-0.00287607686208,-0.551439578929,-0.0117879107118,0.0351256578117,0.010084249593,-0.00937777739931,2.06272820343,-0.133463127557
MIS6_only,0.2,372,20260912,55,2,20,6,47,True,,ok,165.058,0.194657735238,12.6830872733,-1.01197365562,-0.392648709467,0.737556197692,0.835560981496,331.970749255,5.31813119759,-0.0535658408699,-5.55479275102,-0.0480124013503,0.128550138747,-0.0992534600361,-0.150288217238,3.88706673819,-1.86473429751
MIS6_only,0.2,373,20260912,55,2,20,3,50,True,,ok,165.058,0.320062030192,22.1850093832,-0.886083037295,-0.608216887435,0.977271202313,1.15108070309,328.103417065,9.99576402933,0.0718384540844,3.94712935888,0.0778782169747,-0.0870180392219,0.140461544585,0.165231504358,0.0197345490047,2.81289853423
MIS6_only,0.2,374,20260912,55,2,20,6,47,True,,ok,165.058,0.166382242875,10.8407739591,-0.790001774674,-0.327141046505,0.685783626425,0.759816061018,334.497343147,4.5705434836,-0.0818413332326,-7.39710606517,0.173959479595,0.194057801708,-0.151026031303,-0.226033137716,6.41366063099,-2.6123220115
MIS6_only,0.2,375,20260912,55,2,20,4,49,True,,ok,165.058,0.216088299358,14.6785375543,-1.10739064045,-0.462416726459,0.769523625201,0.897772709905,328.997796254,6.02275875808,-0.0321352767492,-3.55934246999,-0.143429386177,0.0587821217544,-0.067286032527,-0.0880764888289,0.914113737324,-1.16010673702
MIS6_only,0.2,376,20260912,55,2,20,6,47,True,,ok,165.058,0.222538223404,14.4996637592,-0.951122781995,-0.502659335193,0.76145400553,0.912402657709,326.569963921,6.2015875481,-0.0256853527032,-3.73821626507,0.0128384722741,0.0185395130199,-0.0753556521974,-0.073446541025,-1.5137185955,-0.981277947007
MIS6_only,0.2,377,20260912,55,2,20,4,49,True,,ok,165.058,0.22625567365,15.3691912631,-0.934668781994,-0.440052679246,0.813290277185,0.924709378926,331.583198296,6.35612400154,-0.0219679024571,-2.86868876121,0.0292924722756,0.0811461689674,-0.0235193805433,-0.0611398198081,3.49951577917,-0.826741493557
MIS6_only,0.2,378,20260912,55,2,20,2,51,True,,ok,165.058,0.202693081583,14.3306060779,-0.992745864047,-0.41733751346,0.753924561427,0.861726664589,331.033129496,5.60384701683,-0.0455304945245,-3.90727394644,-0.0287846097777,0.103861334753,-0.082885096301,-0.124122534146,2.94944697967,-1.57901847828
MIS6_only,0.2,379,20260912,55,2,20,4,49,True,,ok,165.058,0.224925001036,15.27880077,-1.03622814135,-0.486680273527,0.780530035097,0.919828692926,328.055414256,6.29438134745,-0.0232985750711,-2.95907925433,-0.0722668870761,0.0345185746857,-0.0562796226306,-0.0660205058086,-0.0282682600533,-0.888484147654
MIS6_only,0.2,380,20260912,55,2,20,4,49,True,,ok,165.058,0.258617900001,17.5675062863,-0.797485659151,-0.495326312813,0.878362435433,1.00839908972,330.580470999,7.51422716882,0.0103943238934,-0.670373737966,0.166475595118,0.0258725354004,0.0415527777051,0.0225498909837,2.49678848287,0.331361673716
MIS6_only,0.2,381,20260912,55,2,20,6,47,True,,ok,165.058,0.230795978151,15.0377046648,-0.825289655535,-0.392414671175,0.838763548068,0.926020282565,334.927504493,6.3728103984,-0.0174275979564,-3.20017535954,0.138671598734,0.128784177038,0.00195389034032,-0.0598289161697,6.84382197602,-0.810055096698
MIS6_only,0.2,382,20260912,55,2,20,5,48,True,,ok,165.058,0.304046995716,20.2319345124,-0.888200601202,-0.535802415356,0.965081475237,1.10384169252,330.961456411,9.09462322989,0.0558234196082,1.99405448815,0.0757606530676,-0.0146035671425,0.128271817509,0.117992493786,2.87777389448,1.91175773478
MIS6_only,0.2,383,20260912,55,2,20,6,47,True,,ok,165.058,0.217572075311,14.1760902336,-1.00623294418,-0.509065845759,0.737453906995,0.896095028589,325.382606995,6.00258408399,-0.0306515007963,-4.06178979068,-0.042271689912,0.0121330024538,-0.0993557507324,-0.0897541701456,-2.70107552179,-1.18028141111
MIS6_only,0.2,384,20260912,55,2,20,3,50,True,,ok,165.058,0.219393336884,15.2071872895,-0.954281825823,-0.519638802764,0.746498784639,0.909552044033,325.158171918,6.16633148445,-0.0288302392231,-3.0306927348,0.00967942844642,0.00156004544927,-0.0903108730891,-0.0762971547012,-2.92551059861,-1.01653401065
MIS6_only,0.2,385,20260912,55,2,20,4,49,True,,ok,165.058,0.264556829124,17.9709283801,-1.03658918143,-0.546486155743,0.853622917216,1.01356756224,327.372782354,7.59230416563,0.0163332530162,-0.26695164422,-0.0726279271632,-0.0252873075303,0.0168132594885,0.0277183635011,-0.710900162947,0.409438670527
MIS6_only,0.2,386,20260912,55,2,20,3,50,True,,ok,165.058,0.227875057261,15.795095346,-0.842166721783,-0.602659454362,0.722853642559,0.941124756072,320.181267116,6.56826364478,-0.0203485188467,-2.44278467828,0.121794532486,-0.0814606061489,-0.113956015169,-0.0447244426619,-7.90241540086,-0.614601850325
MIS6_only,0.2,387,20260912,55,2,20,6,47,True,,ok,165.058,0.258790724894,16.8617257637,-1.04490382122,-0.567960741134,0.813397040937,0.992065597465,325.075032541,7.27272605858,0.0105671487868,-1.37615426064,-0.0809425669517,-0.0467618929212,-0.0234126167911,0.00621639873099,-3.00864997533,0.0898605634808
MIS6_only,0.2,388,20260912,55,2,20,3,50,True,,ok,165.058,0.223378985668,15.4834514112,-0.84049362733,-0.424643791496,0.813593136873,0.917745140016,332.438309346,6.26820656872,-0.0248445904397,-2.75442861311,0.123467626939,0.0965550567173,-0.0232165208548,-0.0681040587185,4.35462682999,-0.914658926386
MIS6_only,0.2,389,20260912,55,2,20,4,49,True,,ok,165.058,0.214425777072,14.5656050361,-0.941143587593,-0.514956665384,0.716490439112,0.882348523296,324.294407345,5.83980290188,-0.033797799035,-3.67227498822,0.0228176666761,0.0062421828291,-0.120319218616,-0.103500675438,-3.78927517166,-1.34306259323
MIS6_only,0.2,390,20260912,55,2,20,5,48,True,,ok,165.058,0.257831739924,17.1566729844,-0.940713444964,-0.530387031004,0.841706257798,0.994876789896,327.783610523,7.31373128905,0.00960816381633,-1.08120703995,0.0232478093053,-0.00918818279084,0.00489660007065,0.00902759116188,-0.300071993521,0.130865793951
MIS6_only,0.2,391,20260912,55,2,20,2,51,True,,ok,165.058,0.242550893657,17.1485937442,-1.0913508176,-0.567903779384,0.782497845187,0.966859648739,324.02944522,6.91518209068,-0.00567268245071,-1.0892862801,-0.127389563332,-0.0467049311706,-0.0543118125412,-0.0189895499953,-4.05423729636,-0.267683404426
MIS6_only,0.2,392,20260912,55,2,20,5,48,True,,ok,165.058,0.235483410723,15.6695675723,-0.732725742443,-0.548834044558,0.778437291962,0.952461771403,324.814405529,6.71889390022,-0.0127401653842,-2.56831245201,0.231235511826,-0.0276351963453,-0.0583723657656,-0.0333874273316,-3.26927698787,-0.463971594884
MIS6_only,0.2,393,20260912,55,2,20,0,53,True,,ok,165.058,0.248223576107,18.2378800243,-0.963961254269,-0.521198848213,0.836809657728,0.985849198734,328.083682516,7.1828654951,0,0,0,0,0,0,0,0
MIS6_only,0.2,394,20260912,55,2,20,5,48,True,,ok,165.058,0.26825177344,17.8500442023,-0.861969357369,-0.549651602915,0.874407517316,1.03281430612,327.846576671,7.8902562507,0.0200281973328,-0.387835822033,0.1019918969,-0.0284527547022,0.0375978595879,0.0469651073854,-0.237105845304,0.707390755601
MIS6_only,0.2,395,20260912,55,2,20,6,47,True,,ok,165.058,0.286958811921,18.6970409935,-0.853235208905,-0.577006567776,0.910315849205,1.07778083327,327.631304612,8.63273753741,0.0387352358134,0.459160969154,0.110726045364,-0.0558077195625,0.0735061914772,0.0919316345383,-0.452377904228,1.44987204231
MIS6_only,0.2,396,20260912,55,2,20,4,49,True,,ok,165.058,0.209313246538,14.2183188958,-0.813129479767,-0.318037299087,0.81656964052,0.876318264919,338.720096263,5.76979487621,-0.0389103295692,-4.0195611285,0.150831774502,0.203161549126,-0.0202400172073,-0.109530933816,10.6364137465,-1.41307061889
MIS6_only,0.2,397,20260912,55,2,20,3,50,True,,ok,165.058,0.256433745648,17.7746327796,-0.87509516186,-0.469052620793,0.889441773155,1.00554315119,332.194799763,7.47142917188,0.00821016954054,-0.46324724467,0.0888660924089,0.0521462274198,0.0526321154276,0.0196939524565,4.11111724607,0.288563676777
MIS6_only,0.2,398,20260912,55,2,20,4,49,True,,ok,165.058,0.159428009901,10.8296934054,-0.851176552657,-0.329984142246,0.666692667878,0.743887523444,333.666573062,4.42723416412,-0.0887955662063,-7.40818661891,0.112784701612,0.191214705967,-0.17011698985,-0.24196167529,5.58289054512,-2.75563133098
MIS6_only,0.2,399,20260912,55,2,20,2,51,True,,ok,165.058,0.241748759106,17.0918820194,-0.986851986092,-0.518669521962,0.816543528566,0.967347614384,327.576233483,6.92193412748,-0.00647481700125,-1.14599800491,-0.0228907318227,0.00252932625143,-0.0202661291619,-0.0185015843501,-0.507449033725,-0.260931367619
MIS6_only,0.2,400,20260912,55,2,20,8,45,True,,ok,165.058,0.324434038212,20.2392484978,-0.733264584837,-0.463668937123,1.05070555606,1.14846464847,336.188471061,9.94360167855,0.0762104621047,2.00136847349,0.230696669432,0.0575299110904,0.213895898334,0.162615449738,8.10478854415,2.76073618345
MIS6_only,0.2,401,20260912,55,2,20,2,51,True,,ok,165.058,0.238767525488,16.8811057843,-0.911489589454,-0.470808056108,0.837127657712,0.960438931428,330.646211113,6.8269489644,-0.00945605061977,-1.35677423999,0.0524716648154,0.0503907921048,0.000317999983798,-0.0254102673066,2.56252859637,-0.3559165307
MIS6_only,0.2,402,20260912,55,2,20,1,52,True,,ok,165.058,0.246002416663,17.7336516782,-0.895325680937,-0.468372084861,0.859065880192,0.978451121103,331.400300143,7.0773690972,-0.00222115944451,-0.504228346134,0.0686355733324,0.0528267633519,0.0222562224641,-0.00739807763172,3.31661762701,-0.105496397907
MIS6_only,0.2,403,20260912,55,2,20,6,47,True,,ok,165.058,0.154996725179,10.0989410471,-0.929735637224,-0.373237901215,0.634816692619,0.736409372653,329.546773235,4.36151182149,-0.0932268509284,-8.13893897724,0.0342256170455,0.147960946998,-0.201992965109,-0.249439826081,1.46309071871,-2.82135367361
MIS6_only,0.2,404,20260912,55,2,20,2,51,True,,ok,165.058,0.19632147712,13.8801271916,-0.940126584957,-0.397040302636,0.742381593035,0.841885640449,331.86125087,5.38582919384,-0.0519020989877,-4.35775283271,0.0238346693123,0.124158545577,-0.0944280646933,-0.143963558286,3.77756835372,-1.79703630126
MIS6_only,0.2,405,20260912,55,2,20,7,46,True,,ok,165.058,0.190545286786,12.1509854041,-0.882900328464,-0.517403669392,0.649409194882,0.830324550701,321.454622702,5.26272577869,-0.0576782893211,-6.08689462025,0.081060925805,0.00379517882126,-0.187400462846,-0.155524648033,-6.62905981436,-1.92013971641
MIS6_only,0.2,406,20260912,55,2,20,6,47,True,,ok,165.058,0.271255230795,17.6738610531,-0.860370674013,-0.520027820946,0.88703594335,1.02823231779,329.618891823,7.81828042272,0.0230316546871,-0.564018971187,0.103590580256,0.00117102726704,0.050226285622,0.0423831190579,1.53520930629,0.635414927621
MIS6_only,0.2,407,20260912,55,2,20,2,51,True,,ok,165.058,0.27292625692,19.2961626795,-1.0206293806,-0.576006113983,0.872568895907,1.04554269231,326.570128394,8.09369517092,0.024702680813,1.05828265519,-0.0566681263307,-0.0548072657703,0.0357592381791,0.0596934935793,-1.51355412234,0.910829675815
MIS6_only,0.2,408,20260912,55,2,20,3,50,True,,ok,165.058,0.188445690583,13.0620599116,-1.00606605534,-0.388208477755,0.726465749446,0.82368580619,331.880861992,5.19331183612,-0.0597778855244,-5.17582011267,-0.0421048010713,0.132990370458,-0.110343908282,-0.162163392545,3.79717947578,-1.98955365898
MIS6_only,0.2,409,20260912,55,2,20,4,49,True,,ok,165.058,0.254936559714,17.3174386436,-0.960750783536,-0.563912191015,0.811966443437,0.988578001193,325.219949999,7.22217390447,0.00671298360635,-0.92044138075,0.00321047073333,-0.0427133428015,-0.0248432142904,0.00272880245893,-2.86373251735,0.0393084093664
MIS6_only,0.2,410,20260912,55,2,20,7,46,True,,ok,165.058,0.24576811096,15.6725195329,-0.954543756218,-0.605917450371,0.744165033567,0.959644493471,320.846672673,6.81611040247,-0.00245546514785,-2.56536049145,0.00941749805086,-0.0847186021582,-0.0926446241607,-0.0262047052638,-7.23700984377,-0.366755092633
MIS6_only,0.2,411,20260912,55,2,20,3,50,True,,ok,165.058,0.27150186833,18.819075455,-0.872757509252,-0.599313248171,0.850798325719,1.04068927182,324.838642776,8.01551103327,0.0232782922225,0.581195430664,0.0912037450172,-0.078114399958,0.0139886679913,0.054840073085,-3.2450397406,0.83264553817
MIS6_only,0.2,412,20260912,55,2,20,3,50,True,,ok,165.058,0.210474933887,14.5890107002,-0.895016055019,-0.484327042204,0.736039929259,0.881094467848,326.654389962,5.82517438124,-0.0377486422206,-3.64886932408,0.0689451992505,0.0368718060095,-0.100769728469,-0.104754730886,-1.42929255422,-1.35769111387
MIS6_only,0.2,413,20260912,55,2,20,2,51,True,,ok,165.058,0.22164314789,15.6703949511,-0.974223585202,-0.475963669772,0.775253773789,0.909703154176,328.45233718,6.16819535655,-0.0265804282174,-2.56748507316,-0.0102623309324,0.0452351784414,-0.0615558839385,-0.0761460445587,0.368654663935,-1.01467013856
MIS6_only,0.2,414,20260912,55,2,20,6,47,True,,ok,165.058,0.269723754459,17.5740764337,-1.02819585158,-0.583838531336,0.827498597775,1.0127296579,324.795262134,7.5795915714,0.0215001783515,-0.663803590579,-0.0642345973073,-0.0626396831227,-0.0093110599525,0.0268804591667,-3.28842038224,0.396726076303
MIS6_only,0.2,415,20260912,55,2,20,2,51,True,,ok,165.058,0.239679128644,16.9455570504,-0.882435243104,-0.436108143689,0.854906878237,0.959716668318,332.972800326,6.81709437695,-0.00854444746353,-1.29232297393,0.0815260111649,0.0850907045238,0.0180972205087,-0.0261325304159,4.88911780911,-0.365771118154
MIS6_only,0.2,416,20260912,55,2,20,4,49,True,,ok,165.058,0.247866166122,16.837157952,-0.956765485944,-0.472538682901,0.848330435945,0.97105990309,330.881232798,6.97351781985,-0.000357409985531,-1.40072207235,0.00719576832572,0.0486601653117,0.0115207782172,-0.0147892956445,2.79755028202,-0.209347675255
MIS6_only,0.2,417,20260912,55,2,20,5,48,True,,ok,165.058,0.291939873426,19.4263008152,-0.951786994561,-0.516353507117,0.942694724155,1.07484616912,331.288627669,8.58221757072,0.0437162973181,1.18842079086,0.0121742597083,0.00484534109637,0.105885066428,0.088996970381,3.2049451527,1.39935207561
MIS6_only,0.2,418,20260912,55,2,20,4,49,True,,ok,165.058,0.227613905644,15.4614538214,-0.826885294266,-0.355359067852,0.85225141623,0.923370209381,337.365568728,6.33912292365,-0.0206096704634,-2.77642620287,0.137075960003,0.165839780361,0.0154417585026,-0.0624789893538,9.28188621133,-0.843742571452
MIS6_only,0.2,419,20260912,55,2,20,5,48,True,,ok,165.058,0.204192419384,13.5873983796,-0.883725480685,-0.439436818857,0.74867212609,0.868109826089,329.588985227,5.67584614207,-0.0440311567239,-4.65048164471,0.0802357735839,0.0817620293563,-0.0881375316375,-0.117739372646,1.50530271008,-1.50701935303
MIS6_only,0.2,420,20260912,55,2,20,1,52,True,,ok,165.058,0.246002416663,17.7336516782,-0.895325680937,-0.468372084861,0.859065880192,0.978451121103,331.400300143,7.0773690972,-0.00222115944451,-0.504228346134,0.0686355733324,0.0528267633519,0.0222562224641,-0.00739807763172,3.31661762701,-0.105496397907
MIS6_only,0.2,421,20260912,55,2,20,3,50,True,,ok,165.058,0.180404129838,12.5046613959,-0.870255590815,-0.393378930501,0.699426547142,0.802461511731,330.645264779,4.97747643908,-0.0678194462691,-5.73321862842,0.0937056634545,0.127819917712,-0.137383110586,-0.183387687004,2.56158226216,-2.20538905602
MIS6_only,0.2,422,20260912,55,2,20,6,47,True,,ok,165.058,0.274129632737,17.8611451118,-0.91203330106,-0.653364990824,0.79191761663,1.02665443201,320.475949959,7.79364660546,0.0259060566301,-0.376734912548,0.0519279532094,-0.132166142611,-0.0448920410977,0.0408052332745,-7.6077325576,0.610781110355
MIS6_only,0.2,423,20260912,55,2,20,0,53,True,,ok,165.058,0.248223576107,18.2378800243,-0.963961254269,-0.521198848213,0.836809657728,0.985849198734,328.083682516,7.1828654951,0,0,0,0,0,0,0,0
MIS6_only,0.2,424,20260912,55,2,20,8,45,True,,ok,165.058,0.225817395417,14.0872221859,-0.990725097901,-0.49317966984,0.773224101381,0.917115967422,327.469356071,6.2603239617,-0.0224061806903,-4.15065783837,-0.0267638436318,0.0280191783733,-0.0635855563467,-0.0687332313126,-0.614326445926,-0.922541533401
MIS6_only,0.2,425,20260912,55,2,20,5,48,True,,ok,165.058,0.248132222127,16.5112464166,-0.949966578938,-0.492974779225,0.840111611445,0.974069634388,329.595726968,7.01562124238,-9.13539808937e-05,-1.72663360769,0.0139946753313,0.028224068988,0.00330195371692,-0.0117795643466,1.51204445125,-0.16724425272
MIS6_only,0.2,426,20260912,55,2,20,4,49,True,,ok,165.058,0.213333499563,14.4914083467,-0.948074161496,-0.366380159879,0.804366702128,0.883877940128,335.511258495,5.85769323541,-0.0348900765439,-3.74647167764,0.0158870927734,0.154818688334,-0.0324429556001,-0.101971258606,7.42757597899,-1.32517225969
MIS6_only,0.2,427,20260912,55,2,20,5,48,True,,ok,165.058,0.202023402563,13.4430673818,-0.924471843199,-0.414931966577,0.752076332073,0.858945484971,331.113809513,5.57276293717,-0.0462001735449,-4.79481264254,0.0394894110702,0.106266881636,-0.084733325655,-0.126903713764,3.03012699623,-1.61010255793
MIS6_only,0.2,428,20260912,55,2,20,4,49,True,,ok,165.058,0.178811728407,12.1463988488,-0.880035883531,-0.473365447172,0.652410394209,0.806048490507,324.036715207,5.01331303519,-0.0694118477006,-6.09148117547,0.0839253707387,0.047833401041,-0.184399263518,-0.179800708227,-4.04696730924,-2.16955245991
MIS6_only,0.2,429,20260912,55,2,20,5,48,True,,ok,165.058,0.262650305112,17.4773105723,-0.939268221252,-0.449980271101,0.900091052031,1.00630320795,333.438271989,7.482795229,0.0144267290044,-0.760569451999,0.0246930330174,0.0712185771122,0.0632813943035,0.0204540092138,5.35458947213,0.299929733894
MIS6_only,0.2,430,20260912,55,2,20,7,46,True,,ok,165.058,0.171979125496,10.9670298276,-0.760349640843,-0.390844061651,0.673479925134,0.77867470107,329.871900723,4.74622422592,-0.0762444506118,-7.27085019667,0.203611613427,0.130354786562,-0.163329732594,-0.207174497664,1.7882182069,-2.43664126918
MIS6_only,0.2,431,20260912,55,2,20,3,50,True,,ok,165.058,0.226874398323,15.7257349539,-0.90969796725,-0.547153875378,0.752232067423,0.930177642496,323.968840239,6.42601943418,-0.0213491777848,-2.51214507044,0.0542632870188,-0.0259550271647,-0.0845775903049,-0.0556715562379,-4.11484227797,-0.756846060927
MIS6_only,0.2,432,20260912,55,2,20,3,50,True,,ok,165.058,0.229436703288,15.9033404001,-0.945284173189,-0.400834398462,0.836549024067,0.927621951367,334.398481367,6.39325739343,-0.0187868728191,-2.33453962417,0.0186770810802,0.120364449751,-0.000260633660293,-0.0582272473671,6.31479885016,-0.789608101668
MIS6_only,0.2,433,20260912,55,2,20,3,50,True,,ok,165.058,0.280308626656,19.4295134253,-0.931018581163,-0.55703995001,0.892784391114,1.05231054111,328.038493287,8.20399378139,0.0320850505488,1.19163340104,0.0329426731063,-0.0358411017967,0.0559747333859,0.0664613423719,-0.0451892298778,1.02112828629
MIS6_only,0.2,434,20260912,55,2,20,6,47,True,,ok,165.058,0.239756150056,15.6215121467,-0.878066794571,-0.488354263027,0.802854015176,0.939715092941,328.688988111,6.54977164632,-0.00846742605146,-2.61636787758,0.0858944596979,0.0328445851865,-0.0339556425517,-0.0461341057936,0.605305594236,-0.633093848787
MIS6_only,0.2,435,20260912,55,2,20,4,49,True,,ok,165.058,0.19418116837,13.1904206786,-0.967481596864,-0.469840139423,0.701362565151,0.844191450092,326.182018429,5.41072394606,-0.0540424077375,-5.0474593457,-0.0035203425945,0.0513587087904,-0.135447092577,-0.141657748643,-1.90166408764,-1.77214154904
MIS6_only,0.2,436,20260912,55,2,20,1,52,True,,ok,165.058,0.22450029013,16.1836212864,-0.953232860874,-0.509453885741,0.764215906474,0.918460240514,326.311146292,6.27717777778,-0.023723285977,-2.05425873787,0.0107283933951,0.0117449624724,-0.0725937512536,-0.0673889582207,-1.77253622405,-0.905687717324
MIS6_only,0.2,437,20260912,55,2,20,5,48,True,,ok,165.058,0.270756186634,18.0166931889,-0.936832257337,-0.492158298609,0.897924648347,1.02395725741,331.272568024,7.75171814417,0.0225326105265,-0.22118683539,0.0271289969319,0.0290405496039,0.0611149906188,0.0381080586735,3.18888550788,0.568852649063
MIS6_only,0.2,438,20260912,55,2,20,5,48,True,,ok,165.058,0.232043910065,15.4406958746,-0.997700290732,-0.59350305211,0.708947156342,0.924582037111,320.065237228,6.35450540694,-0.0161796660427,-2.79718414966,-0.0337390364624,-0.0723042038966,-0.127862501386,-0.0612671616229,-8.01844528808,-0.828360088165
MIS6_only,0.2,439,20260912,55,2,20,2,51,True,,ok,165.058,0.212890163944,15.0515501245,-0.985756094172,-0.41672254977,0.786409870585,0.889998970809,332.080658332,5.92984421269,-0.0353334121632,-3.1863298998,-0.0217948399028,0.104476298443,-0.0503997871426,-0.0958502279254,3.99697581584,-1.25302128241
MIS6_only,0.2,440,20260912,55,2,20,5,48,True,,ok,165.058,0.287721056844,19.1455717766,-0.82338176871,-0.496104407489,0.93837675798,1.06144737177,332.135325846,8.35528893344,0.0394974807368,0.907691752275,0.140579485559,0.0250944407242,0.101567100252,0.07559817304,4.05164332906,1.17242343834
MIS6_only,0.2,441,20260912,55,2,20,3,50,True,,ok,165.058,0.214795931657,14.8885194424,-0.923119232358,-0.391075403016,0.801777684944,0.89206918281,333.998712829,5.95444718021,-0.0334276444502,-3.34936058191,0.0408420219115,0.130123445197,-0.0350319727836,-0.0937800159247,5.91503031251,-1.2284183149
MIS6_only,0.2,442,20260912,55,2,20,6,47,True,,ok,165.058,0.240701679469,15.6831189051,-0.788471219772,-0.580468747012,0.767499955283,0.962289014598,322.89937838,6.85225660353,-0.00752189663877,-2.55476111921,0.175490034497,-0.0592698987985,-0.0693097024449,-0.0235601841361,-5.1843041367,-0.330608891568
MIS6_only,0.2,443,20260912,55,2,20,5,48,True,,ok,165.058,0.242647225336,16.1462630508,-0.766206144645,-0.424691538565,0.864081776749,0.962808506318,333.826131848,6.85937968441,-0.00557635077144,-2.09161697352,0.197755109624,0.0965073096476,0.0272721190208,-0.0230406924164,5.74244933118,-0.323485810694
MIS6_only,0.2,444,20260912,55,2,20,4,49,True,,ok,165.058,0.231129303737,15.7002492726,-0.949581468857,-0.560003914085,0.756614356588,0.941312736759,323.493211505,6.57073352246,-0.0170942723701,-2.53763075173,0.0143797854117,-0.0388050658719,-0.0801953011399,-0.044536461975,-4.59047101145,-0.612131972641
MIS6_only,0.2,445,20260912,55,2,20,2,51,True,,ok,165.058,0.242189606391,17.1230503688,-1.02510271928,-0.527028068867,0.810993555069,0.967196532116,326.981980519,6.91984288043,-0.006033969716,-1.11482965553,-0.0611414650087,-0.0058292206536,-0.0258161026587,-0.0186526666185,-1.10170199762,-0.263022614672
MIS6_only,0.2,446,20260912,55,2,20,4,49,True,,ok,165.058,0.260227850268,17.6768676702,-0.987752150704,-0.509124794865,0.868310873537,1.00656436945,329.615228083,7.48670468601,0.0120042741605,-0.561012354096,-0.0237908964349,0.0120740533482,0.0315012158095,0.0207151707171,1.53154556634,0.303839190906
MIS6_only,0.2,447,20260912,55,2,20,3,50,True,,ok,165.058,0.186287519831,12.9124669144,-0.932673597853,-0.431745424621,0.696278578626,0.819272830463,328.197954451,5.14767759699,-0.0619360562764,-5.32541310986,0.0312876564159,0.0894534235917,-0.140531079102,-0.166576368271,0.11427193404,-2.03518789811
MIS6_only,0.2,448,20260912,55,2,20,4,49,True,,ok,165.058,0.171850014499,11.6735005968,-0.875795906437,-0.400886874552,0.656293580917,0.769045870245,328.581967849,4.65569750979,-0.0763735616089,-6.56437942747,0.0881653478318,0.120311973661,-0.180516076811,-0.21680332849,0.498285332979,-2.52716798531
MIS6_only,0.2,449,20260912,55,2,20,2,51,True,,ok,165.058,0.231156364472,16.3429889948,-1.02623143535,-0.468686746606,0.806425953361,0.932732590134,329.835271575,6.45893975859,-0.0170672116351,-1.89489102945,-0.0622701810813,0.0525121016068,-0.0303837043672,-0.0531166086004,1.75158905858,-0.723925736509
MIS6_only,0.2,450,20260912,55,2,20,1,52,True,,ok,165.058,0.267666533182,19.2953594918,-1.02107889005,-0.596994039851,0.846983680822,1.03623512737,324.822013556,7.94442364891,0.0194429570747,1.05747946746,-0.0571176357787,-0.0757951916383,0.010174023094,0.0503859286362,-3.26166896008,0.761558153811
MIS6_only,0.2,451,20260912,55,2,20,4,49,True,,ok,165.058,0.194609387554,13.2195089328,-0.790521262024,-0.443734131798,0.721017807627,0.84662072892,328.390718764,5.43707622551,-0.0536141885531,-5.01837109151,0.173439992245,0.0774647164153,-0.115791850101,-0.139228469814,0.307036247822,-1.74578926959
MIS6_only,0.2,452,20260912,55,2,20,3,50,True,,ok,165.058,0.280155605341,19.418906796,-1.01976866552,-0.628511670792,0.850086295305,1.05720084648,323.522614831,8.28462753194,0.0319320292332,1.18102677169,-0.0558074112492,-0.107312822579,0.0132766375775,0.0713516477409,-4.5610676856,1.10176203684
MIS6_only,0.2,453,20260912,55,2,20,3,50,True,,ok,165.058,0.174236651843,12.0771643975,-0.994382264883,-0.394927730172,0.674190572488,0.781345531817,329.639057382,4.77164478267,-0.0739869242641,-6.16071562676,-0.0304210106137,0.126271118041,-0.16261908524,-0.204503666917,1.55537486521,-2.41122071243
MIS6_only,0.2,454,20260912,55,2,20,3,50,True,,ok,165.058,0.259462597767,17.9845768103,-0.938900487354,-0.487671691553,0.876223273223,1.00279155525,330.901394175,7.43042539282,0.0112390216599,-0.253303213981,0.0250607669154,0.0335271566606,0.0394136154948,0.0169423565146,2.817711659,0.247559897713
MIS6_only,0.2,455,20260912,55,2,20,4,49,True,,ok,165.058,0.218060455145,14.8125029882,-0.96162169785,-0.476832590858,0.766923261243,0.903072869895,328.128822062,6.0869415059,-0.0301631209626,-3.42537703613,0.00233955641971,0.0443662573549,-0.0698863964852,-0.0827763288398,0.045139545855,-1.0959239892
MIS6_only,0.2,456,20260912,55,2,20,3,50,True,,ok,165.058,0.211602550295,14.6671711137,-0.949974329674,-0.442976950247,0.754750360245,0.875143808034,329.590538979,5.75625803025,-0.0366210258121,-3.57070891065,0.0139869245956,0.0782218979658,-0.0820592974824,-0.1107053907,1.50685646263,-1.42660746486
MIS6_only,0.2,457,20260912,55,2,20,6,47,True,,ok,165.058,0.215912775529,14.0679771709,-0.855225933956,-0.387082406119,0.802554137811,0.891025214708,334.251375916,5.94202764448,-0.0323108005782,-4.16990285344,0.108735320313,0.134116442094,-0.0342555199164,-0.0948239840263,6.1676933997,-1.24083785062
MIS6_only,0.2,458,20260912,55,2,20,3,50,True,,ok,165.058,0.198282325901,13.7438835153,-0.948995858817,-0.466732214131,0.714865982379,0.853740201977,326.859693063,5.51504826334,-0.0499412502068,-4.49399650901,0.0149653954519,0.0544666340819,-0.121943675348,-0.132108996758,-1.22398945343,-1.66781723176
MIS6_only,0.2,459,20260912,55,2,20,5,48,True,,ok,165.058,0.223545103604,14.875167196,-0.920368851654,-0.483078154109,0.773726394879,0.912149679115,328.021294767,6.19845060394,-0.0246784725029,-3.36271282832,0.0435924026157,0.0381206941038,-0.0630832628487,-0.073699519619,-0.0623877495376,-0.984414891157
MIS6_only,0.2,460,20260912,55,2,20,3,50,True,,ok,165.058,0.223345176519,15.4811079396,-0.764473292362,-0.550159408175,0.747859152918,0.928422687684,323.660099289,6.40350422301,-0.0248783995886,-2.75677208473,0.199487961907,-0.0289605599616,-0.0889505048096,-0.0574265110502,-4.42358322775,-0.779361272093
MIS6_only,0.2,461,20260912,55,2,20,3,50,True,,ok,165.058,0.232046053549,16.0842067778,-1.01692204417,-0.593759811953,0.733620576956,0.943795457302,321.014833865,6.6034412496,-0.0161775225584,-2.15367324655,-0.0529607899021,-0.0725609637399,-0.103189080772,-0.0420537414325,-7.06884865153,-0.579424245507
MIS6_only,0.2,462,20260912,55,2,20,5,48,True,,ok,165.058,0.251947307127,16.7651102962,-1.05655901399,-0.506630664741,0.829618559169,0.972081058438,328.588462362,6.98777446317,0.00372373101989,-1.47276972814,-0.0925977597213,0.0145681834724,-0.0071910985585,-0.0137681402965,0.504779845881,-0.19509103193
MIS6_only,0.2,463,20260912,55,2,20,2,51,True,,ok,165.058,0.201536099261,14.2488062563,-1.01953480006,-0.422096593121,0.746375991164,0.857462917047,330.510620971,5.55626341177,-0.0466874768466,-3.98907376797,-0.0555735457951,0.099102255092,-0.0904336665636,-0.128386281687,2.42693845462,-1.62660208333
MIS6_only,0.2,464,20260912,55,2,20,4,49,True,,ok,165.058,0.181317805422,12.3166327101,-0.920070396625,-0.405754394855,0.688037496183,0.798769193884,329.470992776,4.94085497343,-0.0669057706856,-5.92124731418,0.043890857644,0.115444453358,-0.148772161544,-0.18708000485,1.38731025931,-2.24201052167
MIS6_only,0.2,465,20260912,55,2,20,4,49,True,,ok,165.058,0.23292124842,15.8219732502,-1.04404434209,-0.469882077888,0.807255218906,0.934050403121,329.797438227,6.4759855613,-0.015302327687,-2.41590677406,-0.0800830878251,0.0513167703249,-0.0295544388219,-0.0517987956129,1.71375571046,-0.706879933797
MIS6_only,0.2,466,20260912,55,2,20,6,47,True,,ok,165.058,0.155982608329,10.1631770869,-0.755075535541,-0.397510593303,0.613921498371,0.731378341183,327.077178282,4.31784606722,-0.0922409677789,-8.07470293744,0.208885718728,0.12368825491,-0.222888159356,-0.254470857552,-1.00650423422,-2.86501942788
MIS6_only,0.2,467,20260912,55,2,20,3,50,True,,ok,165.058,0.212556379872,14.7332855419,-0.902414763174,-0.382169148138,0.792951445498,0.880241587694,334.267894549,5.81524649969,-0.035667196235,-3.50459448244,0.0615464910956,0.139029700075,-0.0438582122298,-0.10560761104,6.18421203296,-1.36761899542
MIS6_only,0.2,468,20260912,55,2,20,6,47,True,,ok,165.058,0.20072195397,13.0782065082,-0.962577293705,-0.512621783495,0.681731200838,0.852958687809,323.058985876,5.50643481992,-0.0475016221378,-5.15967351607,0.00138396056445,0.00857706471849,-0.15507845689,-0.132890510925,-5.02469664049,-1.67643067518
MIS6_only,0.2,469,20260912,55,2,20,3,50,True,,ok,165.058,0.198282325901,13.7438835153,-0.948995858817,-0.466732214131,0.714865982379,0.853740201977,326.859693063,5.51504826334,-0.0499412502068,-4.49399650901,0.0149653954519,0.0544666340819,-0.121943675348,-0.132108996758,-1.22398945343,-1.66781723176
MIS6_only,0.2,470,20260912,55,2,20,3,50,True,,ok,165.058,0.217662985143,15.0872484464,-1.03456349527,-0.429717885692,0.788499616181,0.897991707089,331.410422976,6.02539727027,-0.0305605909644,-3.15063157789,-0.0706022409999,0.0914809625211,-0.0483100415471,-0.0878574916453,3.32674045929,-1.15746822483
MIS6_only,0.2,471,20260912,55,2,20,5,48,True,,ok,165.058,0.251604272587,16.7422840474,-0.960931797902,-0.445107157409,0.875409790106,0.982070609574,333.048677315,7.12878789411,0.00338069647939,-1.4955959769,0.00302945636711,0.0760916908042,0.0386001323782,-0.0037785891599,4.96499479832,-0.0540776009884
MIS6_only,0.2,472,20260912,55,2,20,11,42,True,,ok,165.058,0.254854170502,14.8387217779,-1.03110130368,-0.532320476232,0.81052039818,0.969695006319,326.704539041,6.95450751485,0.00663059439412,-3.39915824639,-0.0671400494145,-0.0111216280185,-0.0262892595483,-0.0161541924151,-1.37914347548,-0.22835798025
MIS6_only,0.2,473,20260912,55,2,20,5,48,True,,ok,165.058,0.256916385185,17.0957633309,-1.07605429501,-0.508510992163,0.853272446661,0.993306245516,329.207009427,7.2907942524,0.00869280907762,-1.14211669336,-0.112093040742,0.0126878560502,0.0164627889332,0.00745704678183,1.12332691082,0.107928757298
MIS6_only,0.2,474,20260912,55,2,20,6,47,True,,ok,165.058,0.194063210648,12.6443505272,-0.942057899738,-0.424679688154,0.71734490384,0.833628543535,329.373786828,5.29761694842,-0.0541603654596,-5.59352949707,0.0219033545314,0.0965191600592,-0.119464753887,-0.152220655199,1.29010431171,-1.88524854668
MIS6_only,0.2,475,20260912,55,2,20,4,49,True,,ok,165.058,0.333622547095,22.6624537333,-0.961603905192,-0.680203942265,0.977376869206,1.19077409593,325.164071989,10.8216438823,0.085398970988,4.42457370896,0.00235734907743,-0.159005094052,0.140567211478,0.204924897193,-2.91961052771,3.63877838724
MIS6_only,0.2,476,20260912,55,2,20,5,48,True,,ok,165.058,0.241566442192,16.074345439,-0.964255125657,-0.549042019557,0.787761801556,0.960216535595,325.124871606,6.82391306962,-0.00665713391553,-2.16353458527,-0.000293871387407,-0.0278431713441,-0.0490478561719,-0.0256326631394,-2.95881091028,-0.358952425481
MIS6_only,0.2,477,20260912,55,2,20,4,49,True,,ok,165.058,0.226040718765,15.3545897165,-0.751334763498,-0.33560204328,0.853320831852,0.916943386216,338.530811334,6.25816350607,-0.0221828573429,-2.88329030777,0.212626490771,0.185596804934,0.0165111741241,-0.068905812518,10.4471288178,-0.924701989037
MIS6_only,0.2,478,20260912,55,2,20,6,47,True,,ok,165.058,0.263227124025,17.1507830533,-0.940208620532,-0.477201505409,0.879593274448,1.00070255582,331.519053917,7.39944584528,0.0150035479179,-1.08709697099,0.0237526337368,0.0439973428044,0.0427836167199,0.0148533570823,3.43537140101,0.216580350179
MIS6_only,0.2,479,20260912,55,2,20,6,47,True,,ok,165.058,0.25326960846,16.5019928124,-0.82278850737,-0.578044451657,0.803026578235,0.989437756225,324.252442097,7.23460318826,0.00504603235295,-1.73588721187,0.141172746899,-0.0568456034441,-0.0337830794925,0.00358855749083,-3.83124041919,0.0517376931544
MIS6_only,0.2,480,20260912,55,2,20,4,49,True,,ok,165.058,0.281554655603,19.1255639391,-1.04268917642,-0.638055924992,0.836963696792,1.05243697824,322.680059551,8.20606862262,0.0333310794956,0.887683914763,-0.0787279221478,-0.116857076779,0.000154039063904,0.0665877795047,-5.40362296521,1.02320312752
MIS6_only,0.2,481,20260912,55,2,20,3,50,True,,ok,165.058,0.276162157328,19.1421020729,-1.10478278773,-0.636250101942,0.826824999712,1.04328987936,322.421358228,8.05731003868,0.0279385812203,0.904222048608,-0.140821533457,-0.115051253729,-0.00998465801597,0.0574406806232,-5.66232428885,0.874444543579
MIS6_only,0.2,482,20260912,55,2,20,6,47,True,,ok,165.058,0.185775937693,12.1043863382,-0.926186688058,-0.322721532966,0.748347608477,0.814968300582,336.672096695,5.10355114908,-0.0624476384149,-6.13349368612,0.0377745662114,0.198477315247,-0.0884620492505,-0.170880898152,8.58841417876,-2.07931434603
MIS6_only,0.2,483,20260912,55,2,20,1,52,True,,ok,165.058,0.264476150015,19.0653733617,-1.01657211966,-0.595807802105,0.83882191567,1.02888733264,324.614158023,7.82852931388,0.0162525739076,0.827493337359,-0.0526108653915,-0.0746089538923,0.00201225794181,0.0430381339009,-3.46952449378,0.645663818779
MIS6_only,0.2,484,20260912,55,2,20,3,50,True,,ok,165.058,0.226985684115,15.7334486972,-0.928398514902,-0.455920638973,0.79802664996,0.919081151525,330.260238508,6.28497775747,-0.0212378919926,-2.50443132714,0.0355627393671,0.0652782092398,-0.0387830077676,-0.0667680472094,2.17655599146,-0.897887737629
MIS6_only,0.2,485,20260912,55,2,20,8,45,True,,ok,165.058,0.217831571385,13.5890405588,-1.10659494356,-0.563575752312,0.694305245131,0.894246835058,320.933354586,5.98043716685,-0.0303920047223,-4.64883946547,-0.142633689289,-0.0423769040988,-0.142504412596,-0.0916023636765,-7.15032793093,-1.20242832825
MIS6_only,0.2,486,20260912,55,2,20,6,47,True,,ok,165.058,0.241123244111,15.7105863013,-0.84200629423,-0.462636969076,0.828822076298,0.949199135754,330.830352037,6.67519402652,-0.00710033199667,-2.52729372295,0.121954960039,0.0585618791368,-0.00798758142955,-0.0366500629807,2.74666952088,-0.507671468583
MIS6_only,0.2,487,20260912,55,2,20,3,50,True,,ok,165.058,0.18200648124,12.6157279315,-0.916470384504,-0.438992477983,0.669958408457,0.800973573089,326.765045292,4.96268609806,-0.0662170948679,-5.62215209282,0.0474908697656,0.0822063702304,-0.166851249271,-0.184875625645,-1.31863722416,-2.22017939705
MIS6_only,0.2,488,20260912,55,2,20,2,51,True,,ok,165.058,0.256870904518,18.1610330099,-0.983980398971,-0.504081588491,0.858626832841,0.995659723967,329.583709301,7.32519259898,0.00864732841074,-0.0768470143669,-0.0200191447018,0.0171172597219,0.0218171751128,0.00981052523251,1.50002678479,0.142327103879
MIS6_only,0.2,489,20260912,55,2,20,5,48,True,,ok,165.058,0.237793612515,15.8232933187,-1.10512785326,-0.534068229528,0.780342844248,0.945602362709,325.61218218,6.62734800823,-0.0104299635926,-2.4145867056,-0.141166598991,-0.0128693813153,-0.0564668134796,-0.0402468360253,-2.47150033628,-0.555517486874
MIS6_only,0.2,490,20260912,55,2,20,5,48,True,,ok,165.058,0.219147116666,14.5825157803,-0.879472868584,-0.424786533354,0.794982464272,0.901354934206,331.882873505,6.06606344551,-0.0290764594415,-3.655364244,0.0844883856856,0.0964123148593,-0.0418271934561,-0.084494264528,3.79919098838,-1.11680204959
MIS6_only,0.2,491,20260912,55,2,20,4,49,True,,ok,165.058,0.256723420758,17.4388172976,-1.01874046325,-0.601370090583,0.787706914799,0.99102379864,322.640294361,7.25758839952,0.00849984465052,-0.799062726658,-0.054779208982,-0.0801712423702,-0.0491027429289,0.00517459990531,-5.44338815581,0.0747229044181
MIS6_only,0.2,492,20260912,55,2,20,2,51,True,,ok,165.058,0.223256517478,15.7844618144,-0.922548039128,-0.423454691119,0.808899588549,0.913034730876,332.368178472,6.20943221962,-0.024967058629,-2.45341820986,0.0414132151415,0.0977441570937,-0.0279100691783,-0.0728144678579,4.2844959558,-0.97343327548
MIS6_only,0.2,493,20260912,55,2,20,3,50,True,,ok,165.058,0.222539646482,15.4252728522,-0.926457735282,-0.525310107863,0.749745378987,0.915461000117,324.982940959,6.23963695396,-0.0256839296254,-2.81260717212,0.0375035189877,-0.00411125964958,-0.0870642787407,-0.0703881986174,-3.10074155766,-0.94322854114
MIS6_only,0.2,494,20260912,55,2,20,10,43,True,,ok,165.058,0.259250005491,15.4540632915,-0.865108059722,-0.279327019073,0.938048573688,0.978753651427,343.41780641,7.0816526305,0.0110264293831,-2.78381673283,0.0988531945473,0.24187182914,0.10123891596,-0.00709554730747,15.3341238936,-0.101212864603
MIS6_only,0.2,495,20260912,55,2,20,3,50,True,,ok,165.058,0.187260870517,12.9799344428,-1.00996184574,-0.438612859301,0.689852978956,0.817482949619,327.551542883,5.12928308159,-0.0609627055907,-5.25794558151,-0.0460005914723,0.0825859889121,-0.146956678772,-0.168366249115,-0.532139633472,-2.05358241352
MIS6_only,0.2,496,20260912,55,2,20,9,44,True,,ok,165.058,0.276891514105,16.8895383644,-0.811868943467,-0.645162349037,0.817134355822,1.04112583873,321.707405903,8.02251270337,0.0286679379979,-1.34834165987,0.152092310803,-0.123963500824,-0.0196753019056,0.0552766399999,-6.37627661313,0.839647208269
MIS6_only,0.2,497,20260912,55,2,20,5,48,True,,ok,165.058,0.226262471213,15.0559866228,-0.991529643661,-0.531401873516,0.754786018826,0.923087149403,324.852804171,6.33553523529,-0.0219611048945,-3.18189340148,-0.0275683893921,-0.0102030253032,-0.0820236389015,-0.0627620493317,-3.23087834506,-0.847330259814
MIS6_only,0.2,498,20260912,55,2,20,2,51,True,,ok,165.058,0.275050481592,19.4463475144,-0.982878407043,-0.55134529316,0.889771224306,1.04674469853,328.215642079,8.11317592128,0.0268269054847,1.20846749007,-0.0189171527734,-0.0301464449464,0.0529615665787,0.060895499792,0.131959562285,0.930310426175
MIS6_only,0.2,499,20260912,55,2,20,2,51,True,,ok,165.058,0.244089858014,17.2574000823,-0.918687970343,-0.506014842622,0.831756450553,0.973586058852,328.684965059,7.00883935686,-0.00413371809384,-0.980479941991,0.0452732839259,0.015184005591,-0.00505320717488,-0.0122631398827,0.601282542118,-0.174026138245
MIS6_only,0.2,500,20260912,55,2,20,3,50,True,,ok,165.058,0.291140791306,20.180341864,-0.964239104594,-0.576110873393,0.923266323242,1.08826671459,328.036163382,8.81569300366,0.042917215199,1.94246183971,-0.000277850324502,-0.0549120251802,0.086456665514,0.102417515851,-0.0475191345491,1.63282750856
